ledger_id,window,mechanism,phase,as_of_date,payer,recipient,universe,instrument,amount_original,original_unit,normalized_ars_million,valuation_basis,source_id,source_locator,realization_status,additivity,status_interpretation,caveat
F01,2002,ASymmetric_pesification,LEGAL_AUTHORIZATION,2002-02-03,Tesoro_Nacional,Financial_system,Regulated_financial_entities,Treasury_bond,N/D,N/D,N/D,NOT_APPLICABLE,e0_infoleg_decreto_214_2002,Art_7,AUTHORIZED_NO_AGGREGATE_AMOUNT,NON_ADDITIVE,The decree orders a Treasury-funded bond but does not establish an aggregate realized amount.,Authorization is not issuance delivery or cash payment.
F02,2002,ASymmetric_pesification,ENTITY_CALCULATION_RULE,2002-05-31,Ministerio_de_Economia,Each_financial_entity,Entity_by_entity,BODEN_2007_and_BODEN_2012,N/D,N/D,N/D,FORMULA_ON_2001_12_31_BALANCE,e0_infoleg_decreto_905_2002,Arts_28_29,FORMULA_DEFINED_TOTAL_OPEN,NON_ADDITIVE,Compensation is calculated entity by entity from the 31 December 2001 balance; peso compensation and FX coverage are distinct legs.,The legal formula is not a fiscal total.
F03,2003,CER_CVS_asymmetry,LEGAL_AUTHORIZATION_CEILING,2003-11-14,Estado_Nacional,Financial_entities,Eligible_CER_CVS_portfolios,BGN_pesos_variable_rate_2013,2800,ARS_million,2800,MAXIMUM_AUTHORIZATION,e0_infoleg_ley_25796_2003,Arts_2_4,AUTHORIZED_CEILING,NON_ADDITIVE,Law 25.796 authorizes up to ARS 2.8bn and defines a periodic entity formula.,The ceiling is not evidence that ARS 2.8bn was issued delivered or paid in 2003.
F04,2001,ASymmetric_pesification,SUBSEQUENT_EVENT_DISCLOSURE,2001-12-31,Tesoro_Nacional,Financial_entities,System,BODEN,N/D,N/D,N/D,SUBSEQUENT_EVENT_ONLY,e0_bcra_estados_contables_2001_notas,PDF_p17,NOT_A_2001_REALIZED_FLOW,NON_ADDITIVE,The BCRA 2001 statements describe the 2002 compensation rules as events after year-end.,Do not backdate the 2002 instrument to a realized 2001 fiscal flow.
F05,2002,ASymmetric_pesification,DEBT_STOCK_ISSUED_AND_PLACED,2002-12-31,Tesoro_Nacional,Financial_entities,System,BODEN_and_pagares_compensatorios,22035916,ARS_thousand_updated,22035.916,UPDATED_VALUE_AT_2002_12_31,e0_cgn_cuenta_inversion_2002_tomo_i,PDF_p34_printed_25,ISSUED_AND_PLACED_STOCK,ADD_WITHIN_ONP_2002_PURPOSES_ONLY,Official end-2002 compensation-purpose debt stock.,Debt stock is not cash paid and cannot be added to the accounting-transfer line without a bridge.
F06,2002,FX_negative_position_coverage,DEBT_STOCK_ISSUED_AND_PLACED,2002-12-31,Tesoro_Nacional,Financial_entities,System,BODEN_and_pagare_2012_coverage,8120833,ARS_thousand_updated,8120.833,UPDATED_VALUE_AT_2002_12_31,e0_cgn_cuenta_inversion_2002_tomo_i,PDF_p34_printed_25,ISSUED_AND_PLACED_STOCK,ADD_WITHIN_ONP_2002_PURPOSES_ONLY,Official end-2002 coverage-purpose debt stock.,Coverage includes exchange/subscription mechanics and is not automatically a free transfer.
F07,2002,Depositor_bond_exchange,DEBT_STOCK_ISSUED_AND_PLACED,2002-12-31,Tesoro_Nacional,Depositors,Depositors_exercising_bond_options,BODEN_for_ahorristas,18078963,ARS_thousand_updated,18078.963,UPDATED_VALUE_AT_2002_12_31,e0_cgn_cuenta_inversion_2002_tomo_i,PDF_p34_printed_25,ISSUED_AND_PLACED_STOCK,ADD_WITHIN_ONP_2002_PURPOSES_ONLY,Official end-2002 depositor-purpose debt stock.,This is not bank compensation and must remain a separate purpose bucket.
F08,2002,All_BODEN_purposes,DEBT_STOCK_CONTROL_TOTAL,2002-12-31,Tesoro_Nacional,Mixed,Mixed,BODEN_and_pagares,48235713,ARS_thousand_updated,48235.713,UPDATED_VALUE_AT_2002_12_31,e0_cgn_cuenta_inversion_2002_tomo_i,PDF_p34_printed_25,CONTROL_TOTAL,CONTROL_NOT_ADDITIVE,Control total for the three published 2002 purpose buckets.,Never label total BODEN as bank compensation.
F09,2002,ASymmetric_pesification,ACCOUNTING_TRANSFER_RECONCILIATION,2002-12-31,Administracion_Central,Financial_entities_and_individuals,Central_government_accounts,BODEN,16183544262.11,ARS,16183.54426211,ACCOUNTING_RECONCILIATION_ENTRY,e0_cgn_cuenta_inversion_2002_tomo_i,PDF_p126_printed_117,ACCOUNTING_RECOGNITION_NOT_CASH,NON_ADDITIVE,The 2002 Account records BODEN asymmetric-pesification under transfers granted.,It is an extra-budgetary/accounting reconciliation entry and overlaps the debt program; it is not a cash-flow measure.
F10,2003,ASymmetric_pesification,DEBT_STOCK_ISSUED_AND_PLACED,2003-12-31,Tesoro_Nacional,Financial_entities,System,BODEN_and_pagares_compensatorios,17348345,ARS_thousand_updated,17348.345,UPDATED_VALUE_AT_2003_12_31,e0_onp_boletin_fiscal_2003q4_cuadro37_boden,Single_page_table,ISSUED_AND_PLACED_STOCK,ADD_WITHIN_ONP_2003_PURPOSES_ONLY,Official end-2003 compensation-purpose debt stock.,Stock embeds prior issuance amortization valuation and corrections; it is not a 2003 flow.
F11,2003,FX_negative_position_coverage,DEBT_STOCK_ISSUED_AND_PLACED,2003-12-31,Tesoro_Nacional,Financial_entities,System,BODEN_and_pagare_2012_coverage,6879649,ARS_thousand_updated,6879.649,UPDATED_VALUE_AT_2003_12_31,e0_onp_boletin_fiscal_2003q4_cuadro37_boden,Single_page_table,ISSUED_AND_PLACED_STOCK,ADD_WITHIN_ONP_2003_PURPOSES_ONLY,Official end-2003 coverage-purpose debt stock.,Do not infer a realized gain from the face or updated value.
F12,2003,Depositor_bond_exchange,DEBT_STOCK_ISSUED_AND_PLACED,2003-12-31,Tesoro_Nacional,Depositors,Depositors_exercising_bond_options,BODEN_for_ahorristas,17664377,ARS_thousand_updated,17664.377,UPDATED_VALUE_AT_2003_12_31,e0_onp_boletin_fiscal_2003q4_cuadro37_boden,Single_page_table,ISSUED_AND_PLACED_STOCK,ADD_WITHIN_ONP_2003_PURPOSES_ONLY,Official end-2003 depositor-purpose debt stock.,This is not bank compensation.
F13,2003,Quasi_currency_redemption,DEBT_STOCK_ISSUED_AND_PLACED,2003-12-31,Tesoro_Nacional,Provincial_quasi_currency_holders,Program_participants,BODEN_2011_and_2013_pesos,7086660,ARS_thousand_updated,7086.660,UPDATED_VALUE_AT_2003_12_31,e0_onp_boletin_fiscal_2003q4_cuadro37_boden,Single_page_table,ISSUED_AND_PLACED_STOCK,ADD_WITHIN_ONP_2003_PURPOSES_ONLY,Official end-2003 quasi-currency redemption debt stock.,This proves that broad BODEN totals mix programs unrelated to bank compensation.
F14,2003,Public_wage_pension_13pct_restitution,DEBT_STOCK_ISSUED_AND_PLACED,2003-12-31,Tesoro_Nacional,Eligible_public_workers_and_pensioners,Eligible_holders,BODEN_2008_pesos,2546266,ARS_thousand_updated,2546.266,UPDATED_VALUE_AT_2003_12_31,e0_onp_boletin_fiscal_2003q4_cuadro37_boden,Single_page_table,ISSUED_AND_PLACED_STOCK,ADD_WITHIN_ONP_2003_PURPOSES_ONLY,Official end-2003 13-percent-restitution debt stock.,This is unrelated to bank compensation.
F15,2003,All_BODEN_purposes,DEBT_STOCK_CONTROL_TOTAL,2003-12-31,Tesoro_Nacional,Mixed,Mixed,BODEN_and_pagares,51525296,ARS_thousand_updated,51525.296,UPDATED_VALUE_AT_2003_12_31,e0_onp_boletin_fiscal_2003q4_cuadro37_boden,Single_page_table,CONTROL_TOTAL,CONTROL_NOT_ADDITIVE,Control total across all published 2003 purpose buckets; components differ by ARS 0.001m from rounding.,Never label total BODEN as bank compensation.
F16,2003,ASymmetric_pesification,ACCOUNTING_TRANSFER_RECONCILIATION,2003-12-31,Administracion_Central,Financial_entities,System,Compensation_entry,1663238080,ARS,1663.238080,ACCOUNTING_RECONCILIATION_ENTRY,e0_cgn_cuenta_inversion_2003_tomo_i,PDF_p136_printed_124,ACCOUNTING_RECOGNITION_NOT_CASH,NON_ADDITIVE,The 2003 Account records compensation to banks under transfers granted.,The table reconciles budgetary and accounting treatment; it does not prove cash payment or new 2003 issuance.
F17,2003,ASymmetric_pesification,ACCOUNTING_TRANSFER_RECONCILIATION,2003-12-31,Administracion_Central,Banco_Galicia,Named_entity,Pagare_compensatorio_Decree_905,1171006541.60,ARS,1171.00654160,ACCOUNTING_RECONCILIATION_ENTRY,e0_cgn_cuenta_inversion_2003_tomo_i,PDF_p136_printed_124,ACCOUNTING_RECOGNITION_NOT_CASH,NON_ADDITIVE,Named compensatory note recorded in the 2003 accounting reconciliation.,May be part of instrument stock already reported elsewhere; do not sum without identifier-level bridge.
F18,2003,ASymmetric_pesification,ACCOUNTING_TRANSFER_RECONCILIATION,2003-12-31,Administracion_Central,Citibank_NA,Named_entity,Pagare_compensatorio_Decree_905,1089491912,ARS,1089.491912,ACCOUNTING_RECONCILIATION_ENTRY,e0_cgn_cuenta_inversion_2003_tomo_i,PDF_p136_printed_124,ACCOUNTING_RECOGNITION_NOT_CASH,NON_ADDITIVE,Named compensatory note recorded in the 2003 accounting reconciliation.,The same vintage also records a valuation adjustment; do not treat the note as cash or incremental profit.
F19,2003,Public_sector_exposure,BENEFICIARY_HOLDING_STOCK,2003-12-31,Public_sector,Financial_system,System,BODEN_mixed_origin,12034,ARS_million_equivalent,12034,PESO_EQUIVALENT_AT_2003_12_31,e0_bcra_bef_1s2004,PDF_p43_printed_40,BANK_ASSET_HOLDING_STOCK,NON_ADDITIVE,BCRA reports system BODEN holdings inside public-sector exposure.,The holding line mixes BODEN origins and is not equal to issuer compensation stock.
F20,2003,ASymmetric_pesification,BENEFICIARY_RECEIVABLE_STOCK,2003-12-31,Tesoro_Nacional,Financial_system,System,Compensaciones_a_recibir,14573,ARS_million_equivalent,14573,PESO_EQUIVALENT_AT_2003_12_31,e0_bcra_bef_1s2004,PDF_p43_printed_40,RECOGNIZED_RECEIVABLE_NOT_RECEIVED,NON_ADDITIVE,BCRA reports compensation receivables as public-sector exposure.,A receivable is not a delivered bond or a cash payment.
F21,2003,Depositor_bond_exchange,BCRA_FINANCING_STOCK,2003-12-31,BCRA,Financial_entities,System,Advances_for_BODEN_subscription,2568104,ARS_thousand,2568.104,CARRYING_VALUE,e0_bcra_informe_congreso_2003,PDF_p82,BCRA_CREDIT_NOT_FISCAL_TRANSFER,NON_ADDITIVE,BCRA advances financed bank subscriptions of BODEN delivered to depositors.,This is central-bank credit backed by assets and not Treasury compensation.
F22,2003,Depositor_bond_exchange,BCRA_LIABILITY_STOCK,2003-12-31,BCRA,Tesoro_Nacional,System,Obligations_for_BODEN_subscription,1972561,ARS_thousand,1972.561,CARRYING_VALUE,e0_bcra_informe_congreso_2003,PDF_p86,BCRA_OWES_TREASURY,NON_ADDITIVE,BCRA liability to the National Government linked to BODEN subscriptions.,This is not a payment by the Treasury to banks.
F23,2003,FX_negative_position_coverage,BCRA_FINANCING_DECISION,2003-12-31,BCRA,Financial_entities,Eligible_entities,BCRA_advance_for_coverage_subscription,0,QUALITATIVE_ZERO,0,NOT_APPLICABLE,e0_bcra_informe_congreso_2003,PDF_p83,NO_ADVANCES_GRANTED_AS_OF_CLOSE,NON_ADDITIVE,The report states that no BCRA coverage-subscription advances had been granted by closing.,Zero applies only to this BCRA facility at that vintage; it is not zero compensation.
F24,2003,ASymmetric_pesification,FINAL_VALIDATION_STATUS,2003-12-31,BCRA_and_Tesoro,Financial_entities,System,Definitive_compensation_assets,N/D,N/D,N/D,NOT_APPLICABLE,e0_bcra_informe_congreso_2003,PDF_pp82_83,FINAL_AMOUNT_PENDING_VALIDATION,NON_ADDITIVE,At closing the definitive compensation amount and assets to be received were still pending.,This blocks a final realized fiscal total through 2003.
F25,2003,Amparo_exchange_loss,ACCOUNTING_RELIEF,2003-12-31,No_fiscal_payer,Financial_entities,System,Loss_deferral_60_installments,N/D,N/D,N/D,ACCOUNTING_AMORTIZATION,e0_bcra_bef_1s2004,PDF_p24_printed_21,NOT_A_COMPENSATION,NON_ADDITIVE,BCRA explicitly says the 60-installment deferral did not grant any compensation.,Accounting smoothing must not enter the fiscal-transfer ledger.
F26,2004,ASymmetric_pesification,PRIOR_PERIOD_ACCOUNTING_CONVALIDATION,2004-12-31,Administracion_Central,Financial_entities_and_individuals,2002_registration,Public_debt_titles,16183544262,ARS,16183.544262,DECLARATIVE_CONVALIDATION_OF_2002_ENTRY,e0_cgn_cuenta_inversion_2004_tomo_i,PDF_p65_printed_52,PRIOR_2002_REGISTRATION_CONVALIDATED,NON_ADDITIVE,The 2004 Account validates the extra-budgetary amount recorded in the 2002 Account.,It is declarative and not a new 2004 issue transfer or cash payment.
F27,2004,ASymmetric_pesification,YEAR_END_DEBT_STOCK,2004-12-31,Tesoro_Nacional,Financial_entities,System,Compensatory_BODEN_and_pagares,17201249,ARS_thousand_updated,17201.249,UPDATED_VALUE_AT_2004_12_31,e0_cgn_cuenta_inversion_2004_sdp,PDF_p66,YEAR_END_PURPOSE_STOCK,ADD_WITHIN_2004_PURPOSE_TABLE_ONLY,Official compensation-purpose stock.,Stock embeds issuance service valuation and corrections; it is not a 2004 flow.
F28,2004,FX_negative_position_coverage,YEAR_END_DEBT_STOCK,2004-12-31,Tesoro_Nacional,Financial_entities,System,BODEN_and_pagare_2012_coverage,7039723,ARS_thousand_updated,7039.723,UPDATED_VALUE_AT_2004_12_31,e0_cgn_cuenta_inversion_2004_sdp,PDF_p66,YEAR_END_PURPOSE_STOCK,ADD_WITHIN_2004_PURPOSE_TABLE_ONLY,Official coverage-purpose stock.,Coverage is not automatically a free transfer.
F29,2004,Depositor_bond_exchange,YEAR_END_DEBT_STOCK,2004-12-31,Tesoro_Nacional,Depositors,Depositor_options,BODEN_for_ahorristas,19520717,ARS_thousand_updated,19520.717,UPDATED_VALUE_AT_2004_12_31,e0_cgn_cuenta_inversion_2004_sdp,PDF_p66,YEAR_END_PURPOSE_STOCK,ADD_WITHIN_2004_PURPOSE_TABLE_ONLY,Official depositor-purpose stock.,Keep outside bank compensation.
F30,2004,All_BODEN_purposes,YEAR_END_CONTROL_TOTAL,2004-12-31,Tesoro_Nacional,Mixed,Mixed,BODEN_pagares_and_OCMO,53070390,ARS_thousand_updated,53070.390,UPDATED_VALUE_AT_2004_12_31,e0_cgn_cuenta_inversion_2004_sdp,PDF_p66,CONTROL_TOTAL,CONTROL_NOT_ADDITIVE,All-purpose BODEN control total.,Includes depositors quasi-currency and 13-percent compensation.
F31,2004,Financial_system_reordering,ADMINISTRATIVE_STATUS_NARRATIVE,2004-12-31,Gobierno_Nacional,Financial_system,System,Multiple_compensation_mechanisms,N/D,N/D,N/D,QUALITATIVE_STATUS,e0_cgn_cuenta_inversion_2004_sdp,PDF_p71,PRACTICALLY_FINALIZED_NARRATIVE,NON_ADDITIVE,The official narrative says mechanisms were practically finalized.,Subsequent 2005-2006 issues and adjustments disprove treating this wording as transactional closure.
F32,2005,CER_CVS_asymmetry,NET_ISSUANCE,2005-12-31,Tesoro_Nacional,Eligible_financial_entities,Eligible_CER_CVS_portfolios,BGN_pesos_variable_rate_2013,77,ARS_million_VNO,77,ORIGINAL_NOMINAL_NET_ISSUANCE,e0_cgn_cuenta_inversion_2005_sdp,PDF_p87_printed_85,NET_ISSUANCE_NOT_CASH,ADD_WITHIN_SAME_PURPOSE_CURRENCY_YEAR_ONLY,Execution under Law 25.796 and Resolution 561/2005.,Rounded VNO issue is not delivery by entity or cash.
F33,2005,ASymmetric_pesification,NET_ISSUANCE,2005-12-31,Tesoro_Nacional,Financial_entities,System,BODEN_2007_compensatory,2081,ARS_million_VNO,2081,NET_OF_DOWNWARD_ADJUSTMENTS,e0_cgn_cuenta_inversion_2005_sdp,PDF_p87_printed_85,NET_ISSUANCE_NOT_CASH,ADD_WITHIN_SAME_PURPOSE_CURRENCY_YEAR_ONLY,Net compensatory issue after adjustments to prior placements.,Do not infer gross delivery or cash.
F34,2005,ASymmetric_pesification,NET_ISSUANCE_CORRECTION,2005-12-31,Tesoro_Nacional,Financial_entities,System,BODEN_2012_compensatory,-35.8,USD_million_VNO,N/D,NET_OF_DOWNWARD_ADJUSTMENTS,e0_cgn_cuenta_inversion_2005_sdp,PDF_p87_printed_85,NEGATIVE_NET_ISSUANCE_CORRECTION,ADD_WITHIN_SAME_PURPOSE_CURRENCY_YEAR_ONLY,Net negative compensatory issuance evidences downward corrections.,Do not convert to ARS without dated transaction-level exchange rates.
F35,2005,FX_negative_position_coverage,COVERAGE_SUBSCRIPTION,2005-12-31,Tesoro_Nacional,Financial_entities,System,BODEN_2012_coverage,2001,USD_million_VNO,N/D,ORIGINAL_NOMINAL_SUBSCRIBED,e0_cgn_cuenta_inversion_2005_sdp,PDF_p87_printed_85,SUBSCRIBED_NOT_FREE_TRANSFER,NON_ADDITIVE_WITH_COMPENSATION,Coverage subscription is an explicit separate leg.,Requires subscription-price and financing bridge.
F36,2005,ASymmetric_pesification,YEAR_END_DEBT_STOCK,2005-12-31,Tesoro_Nacional,Financial_entities,System,Compensatory_BODEN_and_pagares,15162578,ARS_thousand_updated,15162.578,UPDATED_VALUE_AT_2005_12_31,e0_cgn_cuenta_inversion_2005_sdp,PDF_p80,YEAR_END_PURPOSE_STOCK,ADD_WITHIN_2005_PURPOSE_TABLE_ONLY,Official compensation-purpose stock.,Stock is not annual issuance or cash.
F37,2005,FX_negative_position_coverage,YEAR_END_DEBT_STOCK,2005-12-31,Tesoro_Nacional,Financial_entities,System,BODEN_and_pagare_2012_coverage,7567855,ARS_thousand_updated,7567.855,UPDATED_VALUE_AT_2005_12_31,e0_cgn_cuenta_inversion_2005_sdp,PDF_p80,YEAR_END_PURPOSE_STOCK,ADD_WITHIN_2005_PURPOSE_TABLE_ONLY,Official coverage-purpose stock.,Do not add to subscriptions as a flow.
F38,2005,Depositor_bond_exchange,YEAR_END_DEBT_STOCK,2005-12-31,Tesoro_Nacional,Depositors,Depositor_options,BODEN_for_ahorristas,17162588,ARS_thousand_updated,17162.588,UPDATED_VALUE_AT_2005_12_31,e0_cgn_cuenta_inversion_2005_sdp,PDF_p80,YEAR_END_PURPOSE_STOCK,ADD_WITHIN_2005_PURPOSE_TABLE_ONLY,Official depositor-purpose stock.,Keep outside bank compensation.
F39,2005,ASymmetric_pesification_and_depositor_relief,MIXED_DEBT_FINANCING,2005-12-31,Tesoro_Nacional,Banks_and_depositors,Mixed,BODEN_2007_2012_2013,2950.0,ARS_million,2950.0,BUDGET_NARRATIVE_PLACEMENT_VALUE,e0_onp_sintesis_ejecutiva_2005q4,PDF_p19,MIXED_BANK_DEPOSITOR_PLACEMENT,NON_ADDITIVE,The ONP budget heading combines banks depositors and other items.,Do not label as bank-only compensation or sum to purpose stocks.
F40,2005,ASymmetric_pesification,BUDGET_TRANSFER_ACCRUAL,2005-12-31,Administracion_Nacional,Financial_entities,Private_companies,Current_transfers,3300.29,ARS_million,3300.29,BUDGET_EXECUTION_DEVENGADO,e0_cgn_cuenta_inversion_2005_tomo_i,PDF_p118_printed_106,ACCRUED_TRANSFER_NOT_CASH_PROOF,NON_ADDITIVE,Bank-specific accrued transfer in the private-company budget category.,Does not identify entity date instrument or cash settlement and may overlap debt placement accounting.
F41,2005,FX_negative_position_coverage,SUBSCRIPTION_PRICE_DIFFERENCE_TRANSFER,2005-12-31,Tesoro_Nacional,Financial_entities,System,BODEN_2012,69.1,ARS_million,69.1,NOMINAL_AT_REGISTRATION_FX_MINUS_SUBSCRIPTION,e0_onp_sintesis_ejecutiva_2005q4,PDF_p19,TRANSFER_COMPONENT_WITHIN_MIXED_BUCKET,NON_ADDITIVE,Difference between ARS455.3m nominal at debt-registration FX and ARS386.2m subscription paid.,Likely overlaps broader transfer execution; do not add without accounting keys.
F42,2005,Decree_905_counterflow,BANK_DEPOSITS_TO_TREASURY,2005-12-31,Financial_entities,Tesoro_Nacional,System,Deposits_Art_13_Decree_905,970.96,ARS_million,970.96,BUDGET_FINANCING_INCREMENT_OF_EQUITY,e0_cgn_cuenta_inversion_2005_tomo_i,PDF_p124_printed_112,BANK_COUNTERFLOW_FINANCING_BALANCE,EXCLUDE_FROM_GROSS_COMPENSATION,Deposits under Article 13 appear as a financing counterflow.,Not a Treasury transfer to banks.
F43,2005,Financial_system_reordering,OTHER_FINANCIAL_ASSET_APPLICATION,2005-12-31,Administracion_Nacional,Mixed,Program_level,BODEN_2012_Decree_905,1107.46,ARS_million,1107.46,BUDGET_APPLICATION_OTHER_FINANCIAL_ASSETS,e0_cgn_cuenta_inversion_2005_tomo_i,PDF_p124_printed_112,PROGRAM_LEVEL_APPLICATION_AMBIGUOUS,NON_ADDITIVE,Program-level application under Decree 905.,Purpose and counterpart are insufficient for bank-compensation aggregation.
F44,2006,CER_CVS_asymmetry,NET_ISSUANCE,2006-12-31,Tesoro_Nacional,Eligible_financial_entities,Eligible_CER_CVS_portfolios,BGN_pesos_variable_rate_2013,11.9,ARS_million_VNO,11.9,ADDITIONAL_ORIGINAL_NOMINAL_ISSUANCE,e0_cgn_cuenta_inversion_2006_sdp,PDF_p132_printed_131,NET_ISSUANCE_NOT_CASH,ADD_WITHIN_SAME_PURPOSE_CURRENCY_YEAR_ONLY,Additional Law 25.796 issue.,Rounded VNO is not entity delivery or cash.
F45,2006,ASymmetric_pesification,NET_ISSUANCE,2006-12-31,Tesoro_Nacional,Financial_entities,System,BODEN_2007_compensatory,21.3,ARS_million_VNO,21.3,NET_OF_DOWNWARD_ADJUSTMENTS,e0_cgn_cuenta_inversion_2006_sdp,PDF_p132_printed_131,NET_ISSUANCE_NOT_CASH,ADD_WITHIN_SAME_PURPOSE_CURRENCY_YEAR_ONLY,Net compensatory issue after prior-placement adjustments.,Do not infer gross delivery or cash.
F46,2006,ASymmetric_pesification,NET_ISSUANCE_CORRECTION,2006-12-31,Tesoro_Nacional,Financial_entities,System,BODEN_2012_compensatory,-32.4,USD_million_VNO,N/D,NET_OF_DOWNWARD_ADJUSTMENTS,e0_cgn_cuenta_inversion_2006_sdp,PDF_p132_printed_131,NEGATIVE_NET_ISSUANCE_CORRECTION,ADD_WITHIN_SAME_PURPOSE_CURRENCY_YEAR_ONLY,Net negative compensatory issuance.,Do not convert to ARS without dated transactions.
F47,2006,FX_negative_position_coverage,COVERAGE_SUBSCRIPTION,2006-12-31,Tesoro_Nacional,Financial_entities,System,BODEN_2012_coverage,1007,USD_million_VNO,N/D,ORIGINAL_NOMINAL_ADDITIONAL_ISSUANCE,e0_cgn_cuenta_inversion_2006_sdp,PDF_p132_printed_131,SUBSCRIBED_NOT_FREE_TRANSFER,NON_ADDITIVE_WITH_COMPENSATION,Additional coverage issue.,Requires subscription price and financing bridge.
F48,2006,Compensation_total,YEAR_END_DEBT_STOCK,2006-12-31,Tesoro_Nacional,Financial_entities,System,Compensatory_BODEN_and_pagares_including_CER_CVS,11960610,ARS_thousand_updated,11960.610,UPDATED_VALUE_AT_2006_12_31,e0_cgn_cuenta_inversion_2006_sdp,PDF_p121,YEAR_END_PURPOSE_STOCK,ADD_WITHIN_2006_PURPOSE_TABLE_ONLY,"ARS11,881.044m pesification plus ARS79.566m CER-CVS.",Stock is not annual issuance or cash.
F49,2006,FX_negative_position_coverage,YEAR_END_DEBT_STOCK,2006-12-31,Tesoro_Nacional,Financial_entities,System,BODEN_and_pagare_2012_coverage,9078371,ARS_thousand_updated,9078.371,UPDATED_VALUE_AT_2006_12_31,e0_cgn_cuenta_inversion_2006_sdp,PDF_p121,YEAR_END_PURPOSE_STOCK,ADD_WITHIN_2006_PURPOSE_TABLE_ONLY,Official coverage-purpose stock.,Do not add to coverage issuance as a flow.
F50,2006,Depositor_bond_exchange,YEAR_END_DEBT_STOCK,2006-12-31,Tesoro_Nacional,Depositors,Depositor_options,BODEN_for_ahorristas_and_OCMO,14841964,ARS_thousand_updated,14841.964,UPDATED_VALUE_AT_2006_12_31,e0_cgn_cuenta_inversion_2006_sdp,PDF_p121,YEAR_END_PURPOSE_STOCK,ADD_WITHIN_2006_PURPOSE_TABLE_ONLY,Official depositor-purpose stock.,Keep outside bank compensation.
F51,2006,BNA_capitalization_and_compensation,MIXED_BUDGET_BUCKET,2006-12-31,Tesoro_Nacional,BNA_banks_and_depositors,Mixed,Pagares_transfers_and_bonds,1780.1,ARS_million,1780.1,BUDGET_EXECUTION_DEVENGADO,e0_onp_sintesis_ejecutiva_2006q4,PDF_p22_printed_21,MIXED_BNA_AND_COMPENSATION_BUCKET,CONTROL_NOT_ADDITIVE,"Includes ARS1,000m BNA capitalization plus compensation and price-difference coverage.",Never label the whole bucket bank compensation.
F52,2006,ASymmetric_pesification,MIXED_BANK_DEPOSITOR_COMPENSATION,2006-12-31,Tesoro_Nacional,Banks_and_depositors,Mixed,Compensation_and_coverage,762,ARS_million,762,BUDGET_NARRATIVE_COMPONENT,e0_onp_sintesis_ejecutiva_2006q4,PDF_p22_printed_21,MIXED_BANK_DEPOSITOR_COMPONENT,NON_ADDITIVE,"Broad compensation component within the ARS1,780.1m bucket.",Not bank-only and not separately reconciled to price-difference coverage.
F53,2006,ASymmetric_pesification,BUDGET_TRANSFER_ACCRUAL,2006-12-31,Administracion_Nacional,Financial_entities,Private_companies,Current_transfers,510.10,ARS_million,510.10,BUDGET_EXECUTION_DEVENGADO,e0_cgn_cuenta_inversion_2006_tomo_i,PDF_p142_printed_126,ACCRUED_TRANSFER_NOT_CASH_PROOF,NON_ADDITIVE,"Bank-specific transfer reported against ARS3,300.29m in 2005.",Does not identify entity date instrument or cash settlement.
F54,2006,Financial_system_reordering,DEBT_PLACEMENT_FINANCING,2006-12-31,Tesoro_Nacional,Mixed,Coverage_and_compensatory,BODEN_2012,3551.66,ARS_million,3551.66,BUDGET_FINANCING_PLACEMENT,e0_cgn_cuenta_inversion_2006_tomo_i,PDF_p136_printed_120,MIXED_PURPOSE_PLACEMENT,NON_ADDITIVE,Budget financing line combines coverage and compensatory BODEN 2012.,Cannot be added to transfer accruals or purpose stocks.
F55,2006,All_BODEN_2012_purposes,DEBT_SERVICE_AMORTIZATION,2006-12-31,Tesoro_Nacional,BODEN_2012_holders,Mixed,BODEN_2012,6935.20,ARS_million,6935.20,BUDGET_DEBT_SERVICE,e0_cgn_cuenta_inversion_2006_tomo_i,PDF_p137_printed_121,MIXED_PURPOSE_SERVICE_NOT_ALLOCATED,EXCLUDE_FROM_BANK_COMPENSATION_TOTAL,Series-level amortization control.,BODEN 2012 includes compensation coverage depositors and market placements.
F56,2006,All_BODEN_2007_purposes,DEBT_SERVICE_AMORTIZATION,2006-12-31,Tesoro_Nacional,BODEN_2007_holders,Mixed,BODEN_2007,1326.21,ARS_million,1326.21,BUDGET_DEBT_SERVICE,e0_cgn_cuenta_inversion_2006_tomo_i,PDF_p137_printed_121,MIXED_PURPOSE_SERVICE_NOT_ALLOCATED,EXCLUDE_FROM_BANK_COMPENSATION_TOTAL,Series-level amortization control.,BODEN 2007 includes compensation and depositor holdings.
F57,2006,BCRA_Treasury_financing,CANCELLATION_OF_CENTRAL_BANK_ADVANCES,2006-12-31,Tesoro_Nacional,BCRA,Institutional_financing,BCRA_advances,15998.20,ARS_million,15998.20,BUDGET_OTHER_LIABILITY_REDUCTION,e0_cgn_cuenta_inversion_2006_tomo_i,PDF_p137_printed_121,BCRA_FINANCING_CANCELLATION,EXCLUDE_FROM_BANK_COMPENSATION_TOTAL,Cancellation of BCRA advances.,Institutional financing settlement not compensation to commercial banks.
F58,2006,Decree_905_counterflow,BANK_DEPOSITS_TO_TREASURY,2006-12-31,Financial_entities,Tesoro_Nacional,System,Deposits_Art_13_Decree_905,309.22,ARS_million,309.22,BUDGET_FINANCING_INCREMENT_OF_EQUITY,e0_cgn_cuenta_inversion_2006_tomo_i,PDF_p136_printed_120,BANK_COUNTERFLOW_FINANCING_BALANCE,EXCLUDE_FROM_GROSS_COMPENSATION,Deposits from financial entities under Decree 905.,Counterflow not a Treasury transfer to banks.
F59,2007,All_BODEN_2007_purposes,FINAL_SERIES_PRINCIPAL_REDUCTION,2007-12-31,Tesoro_Nacional,BODEN_2007_holders,Mixed,BODEN_2007,356805700,ARS_nominal,731.80830502,SERIES_ACCOUNTING_PRINCIPAL,e0_cgn_cuenta_inversion_2007_sdp,PDF_p5,FINAL_SERIES_SERVICE_NOT_PURPOSE_ALLOCATED,EXCLUDE_FROM_BANK_COMPENSATION_TOTAL,BODEN 2007 closes at zero after the 2007 principal reduction.,The series includes more than one purpose and the ARS accounting amount is not a beneficiary allocation.
F60,2007,All_BODEN_2012_purposes,DEBT_SERVICE_PRINCIPAL_REDUCTION,2007-12-31,Tesoro_Nacional,BODEN_2012_holders,Mixed,BODEN_2012,2208223712.50,USD_nominal_updated,6953.69647066,SERIES_ACCOUNTING_PRINCIPAL,e0_cgn_cuenta_inversion_2007_sdp,PDF_p5,MIXED_PURPOSE_SERVICE_NOT_ALLOCATED,EXCLUDE_FROM_BANK_COMPENSATION_TOTAL,Annual BODEN 2012 principal reduction by series.,Compensation coverage depositors auctions and direct placements coexist in the series.
F61,2007,ASymmetric_pesification,NET_ISSUANCE_CORRECTION,2007-12-31,Tesoro_Nacional,Financial_entities,System,BODEN_2007_compensatory,-39.9,ARS_million_VNO,-39.9,DOWNWARD_ADJUSTMENT_PRIOR_PLACEMENTS,e0_cgn_cuenta_inversion_2007_sdp,PDF_p65,NEGATIVE_NET_ISSUANCE_CORRECTION,ADD_WITHIN_SAME_PURPOSE_CURRENCY_YEAR_ONLY,Downward adjustment to prior compensatory placements.,Do not convert the correction into amortization or cash.
F62,2007,ASymmetric_pesification,NET_ISSUANCE_CORRECTION,2007-12-31,Tesoro_Nacional,Financial_entities,System,BODEN_2012_compensatory,-3.3,USD_million_VNO,N/D,DOWNWARD_ADJUSTMENT_PRIOR_PLACEMENTS,e0_cgn_cuenta_inversion_2007_sdp,PDF_p65,NEGATIVE_NET_ISSUANCE_CORRECTION,ADD_WITHIN_SAME_PURPOSE_CURRENCY_YEAR_ONLY,Downward adjustment to prior compensatory placements.,No undated conversion to ARS.
F63,2007,FX_negative_position_coverage,COVERAGE_ISSUANCE,2007-12-31,Tesoro_Nacional,Financial_entities,System,BODEN_2012_coverage,110.2,USD_million_VNO,N/D,ORIGINAL_NOMINAL_ISSUANCE,e0_cgn_cuenta_inversion_2007_sdp,PDF_p65,ISSUED_NOT_FREE_TRANSFER,NON_ADDITIVE_WITH_COMPENSATION,Coverage issuance remains a separate subscribed leg.,Requires subscription price financing and entity delivery records.
F64,2007,Compensation_total,YEAR_END_DEBT_STOCK,2007-12-31,Tesoro_Nacional,Financial_entities,System,Compensatory_BODEN_2012_and_BODEN_2013,9102.996,ARS_million_updated,9102.996,UPDATED_VALUE_AT_2007_12_31,e0_cgn_cuenta_inversion_2007_sdp,PDF_p56,YEAR_END_PURPOSE_STOCK,ADD_WITHIN_2007_PURPOSE_TABLE_ONLY,Official compensation-purpose stock.,Stock is not annual issue service or cash.
F65,2007,FX_negative_position_coverage,YEAR_END_DEBT_STOCK,2007-12-31,Tesoro_Nacional,Financial_entities,System,BODEN_2012_coverage,7031.799,ARS_million_updated,7031.799,UPDATED_VALUE_AT_2007_12_31,e0_cgn_cuenta_inversion_2007_sdp,PDF_p56,YEAR_END_PURPOSE_STOCK,ADD_WITHIN_2007_PURPOSE_TABLE_ONLY,Official coverage-purpose stock.,Do not add to coverage issuance as a flow.
F66,2007,Depositor_bond_exchange,YEAR_END_DEBT_STOCK,2007-12-31,Tesoro_Nacional,Depositors,Depositor_options,BODEN_and_OCMO_for_depositors,12625.525,ARS_million_updated,12625.525,UPDATED_VALUE_AT_2007_12_31,e0_cgn_cuenta_inversion_2007_sdp,PDF_p56,YEAR_END_PURPOSE_STOCK,ADD_WITHIN_2007_PURPOSE_TABLE_ONLY,Official depositor-purpose stock.,Keep outside bank compensation.
F67,2007,All_BODEN_2012_purposes,YEAR_END_SERIES_STOCK,2007-12-31,Tesoro_Nacional,BODEN_2012_holders,Mixed,BODEN_2012,10898.291,USD_million_updated,34318.720,UPDATED_VALUE_AT_2007_12_31,e0_cgn_cuenta_inversion_2007_sdp,PDF_p56,YEAR_END_SERIES_STOCK,CONTROL_NOT_ADDITIVE,All-purpose BODEN 2012 closing stock.,It includes compensation coverage depositors auction and direct placements.
F68,2008,All_BODEN_2012_purposes,DEBT_SERVICE_PRINCIPAL_REDUCTION,2008-12-31,Tesoro_Nacional,BODEN_2012_holders,Mixed,BODEN_2012,2187653037.50,USD_nominal_updated,7551.77828545,SERIES_ACCOUNTING_PRINCIPAL,e0_cgn_cuenta_inversion_2008_sdp,PDF_p5,MIXED_PURPOSE_SERVICE_NOT_ALLOCATED,EXCLUDE_FROM_BANK_COMPENSATION_TOTAL,Annual BODEN 2012 principal reduction by series.,Not allocable to compensation without holder-purpose records.
F69,2008,Depositor_bond_exchange,NON_DELIVERY_ADJUSTMENT,2008-12-31,Tesoro_Nacional,Depositors,Requested_not_delivered,BODEN_2012,-6.6,USD_million_VNO,N/D,DOWNWARD_ADJUSTMENT_REQUESTED_NOT_DELIVERED,e0_cgn_cuenta_inversion_2008_sdp,PDF_p63,DEPOSITOR_LEG_CORRECTION,EXCLUDE_FROM_BANK_COMPENSATION_TOTAL,Titles requested by entities but not delivered to reprogrammed deposit holders were written down.,"The recipient universe is depositors, not a bank benefit."
F70,2008,Depositor_bond_exchange,NON_DELIVERY_ADJUSTMENT,2008-12-31,Tesoro_Nacional,Depositors,Requested_not_delivered,BODEN_2013,-2.9,USD_million_VNO,N/D,DOWNWARD_ADJUSTMENT_REQUESTED_NOT_DELIVERED,e0_cgn_cuenta_inversion_2008_sdp,PDF_p63,DEPOSITOR_LEG_CORRECTION,EXCLUDE_FROM_BANK_COMPENSATION_TOTAL,BODEN 2013 requested but not delivered was written down.,Separate series and depositor purpose.
F71,2008,FX_negative_position_coverage,NET_ISSUANCE_CORRECTION,2008-12-31,Tesoro_Nacional,Financial_entities,System,BODEN_2012_coverage,-0.0179,USD_million_VNO,N/D,DOWNWARD_ADJUSTMENT,e0_cgn_cuenta_inversion_2008_sdp,PDF_p63,NEGATIVE_COVERAGE_CORRECTION,NON_ADDITIVE_WITH_COMPENSATION,"Coverage adjustment of VNO USD 17,900.",Preserve scale: 0.0179 million USD.
F72,2008,ASymmetric_pesification,COMPENSATION_ISSUANCE,2008-12-31,Tesoro_Nacional,Certain_financial_entities,Exchange_rate_conversion_effects,BODEN_2012_compensatory,1.9,USD_million_VNO,N/D,ORIGINAL_NOMINAL_ISSUANCE,e0_cgn_cuenta_inversion_2008_sdp,PDF_p63,ISSUED_NOT_CASH,ADD_WITHIN_SAME_PURPOSE_CURRENCY_YEAR_ONLY,Compensation for patrimonial effects from different conversion exchange rates.,No entity list or cash record.
F73,2008,Debt_buyback,MIXED_SERIES_RESCUE_STAGE_1,2008-12-31,Tesoro_Nacional_via_BNA,Tendering_holders,Mixed,BONAR_BOCON_BODEN_and_GDP_units,1374,ARS_million,1374,MIXED_TENDER_TOTAL,e0_cgn_cuenta_inversion_2008_sdp,PDF_p64,MIXED_BUYBACK_NOT_SERIES_ALLOCATED,CONTROL_NOT_ADDITIVE,First buyback stage total across several securities.,Cannot isolate BODEN 2012 or bank-compensation purpose.
F74,2008,Debt_buyback,MIXED_SERIES_RESCUE_STAGE_2,2008-12-31,Tesoro_Nacional,Tendering_holders,Mixed,BODEN_2012_BODEN_2013_and_GDP_units,1128,ARS_million,1128,FOUR_MIXED_TENDERS_TOTAL,e0_cgn_cuenta_inversion_2008_sdp,PDF_p64,MIXED_BUYBACK_NOT_SERIES_ALLOCATED,CONTROL_NOT_ADDITIVE,Second buyback stage total across four mixed tenders.,Cannot isolate BODEN 2012 or purpose.
F75,2009,All_BODEN_2012_purposes,DEBT_SERVICE_PRINCIPAL_REDUCTION,2009-12-31,Tesoro_Nacional,BODEN_2012_holders,Mixed,BODEN_2012,2212158362.50,USD_nominal_updated,8406.20177750,SERIES_ACCOUNTING_PRINCIPAL,e0_cgn_cuenta_inversion_2009_sdp,PDF_p5,MIXED_PURPOSE_SERVICE_NOT_ALLOCATED,EXCLUDE_FROM_BANK_COMPENSATION_TOTAL,Annual BODEN 2012 principal reduction by series.,Not allocable to banks or compensation purpose.
F76,2009,ASymmetric_pesification,BCRA_REVIEW_CORRECTION,2009-12-31,Tesoro_Nacional,Financial_entities,System,BODEN_2012_compensatory,-25,USD_million_VNO,N/D,BCRA_REVIEW_OF_PRIOR_COMPENSATION,e0_cgn_cuenta_inversion_2009_sdp,PDF_p71,NEGATIVE_NET_ISSUANCE_CORRECTION,ADD_WITHIN_SAME_PURPOSE_CURRENCY_YEAR_ONLY,BCRA review reduced prior compensatory placement.,A correction is not service or cash.
F77,2009,FX_negative_position_coverage,COVERAGE_ISSUANCE,2009-12-31,Tesoro_Nacional,Financial_entities,System,BODEN_2012_coverage,61,USD_million_VNO,N/D,ORIGINAL_NOMINAL_ISSUANCE,e0_cgn_cuenta_inversion_2009_sdp,PDF_p71,ISSUED_NOT_FREE_TRANSFER,NON_ADDITIVE_WITH_COMPENSATION,Coverage issuance remains separate from compensation.,Requires subscription and delivery reconciliation.
F78,2009,Debt_buyback,EARLY_COUPON_REPURCHASE,2009-12-31,Tesoro_Nacional,Tendering_holders,Mixed,BODEN_2012_coupon_15,N/D,N/D,N/D,LESS_THAN_2_PERCENT_OF_HOLDERS_TENDERED,e0_cgn_cuenta_inversion_2009_sdp,PDF_pp71_72,QUALITATIVE_EARLY_REPURCHASE,NON_ADDITIVE,Less than 2% of holders tendered principal and rent coupon 15.,No amount or purpose split is published in the cited narrative.
F79,2010,All_BODEN_2012_purposes,DEBT_SERVICE_PRINCIPAL_REDUCTION,2010-12-31,Tesoro_Nacional,BODEN_2012_holders,Mixed,BODEN_2012,2282310500,USD_nominal_updated,9074.466548,SERIES_ACCOUNTING_PRINCIPAL,e0_cgn_cuenta_inversion_2010_sdp,PDF_p6,MIXED_PURPOSE_SERVICE_NOT_ALLOCATED,EXCLUDE_FROM_BANK_COMPENSATION_TOTAL,Annual BODEN 2012 principal reduction by series.,No purpose-level holder allocation.
F80,2011,All_BODEN_2012_purposes,DEBT_SERVICE_PRINCIPAL_REDUCTION,2011-12-31,Tesoro_Nacional,BODEN_2012_holders,Mixed,BODEN_2012,2197668700,USD_nominal_updated,9458.7660848,SERIES_ACCOUNTING_PRINCIPAL,e0_cgn_cuenta_inversion_2011_sdp,PDF_p6,MIXED_PURPOSE_SERVICE_NOT_ALLOCATED,EXCLUDE_FROM_BANK_COMPENSATION_TOTAL,Annual BODEN 2012 principal reduction by series.,No purpose-level holder allocation.
F81,2012,All_BODEN_2012_purposes,FINAL_MATURITY_PRINCIPAL_REDUCTION,2012-12-31,Tesoro_Nacional,BODEN_2012_holders,Mixed,BODEN_2012,2197791900,USD_nominal_updated,10808.7405642,SERIES_ACCOUNTING_PRINCIPAL,e0_cgn_cuenta_inversion_2012_sdp,PDF_p5,FINAL_SERIES_SERVICE_NOT_PURPOSE_ALLOCATED,EXCLUDE_FROM_BANK_COMPENSATION_TOTAL,Final principal reduction brings the series to zero.,Maturity does not identify holders or prove bank-specific compensation.
F82,2008,All_public_debt,AGGREGATE_HOLDER_DISTRIBUTION,2008-12-31,Sector_Publico_Nacional_no_financiero,Creditors,All_public_debt,Debt_by_creditor_type,276157,ARS_million,276157,PRELIMINARY_AGGREGATE_DEBT,e0_agn_res_202_2009_act_41_2009_deuda,PDF_pp16_17,AGGREGATE_PRIVATE_HOLDER_CONTROL,CONTROL_NOT_ADDITIVE,Private creditors held 54.8% of total debt in the AGN table.,Private sector is not banks and the table is not BODEN-specific.
F83,2009,FGS_public_holder_control,INVENTORY_DUPLICATION_CORRECTION,2009-06-30,FGS,FGS,Public_holder,PF_BODEN_2012_USD_1st_series,60,USD_million_VNO,N/D,DUPLICATED_IN_TWO_FGS_INVENTORIES,e0_agn_res_102_2011_act_366_2009_fgs,PDF_p37,PUBLIC_HOLDER_ACCOUNTING_EXCEPTION,NON_ADDITIVE,AGN found the same VNO USD 60m in negotiable-title and fixed-term-bond inventories; regularized by 2009 year-end.,Not Treasury issuance service or commercial-bank compensation.
F84,2008,All_BODEN_2012_purposes,YEAR_END_SERIES_STOCK,2008-12-31,Tesoro_Nacional,BODEN_2012_holders,Mixed,BODEN_2012,8708.340475,USD_million_updated,30061.19131970,UPDATED_VALUE_AT_2008_12_31,e0_cgn_cuenta_inversion_2008_sdp,PDF_p5,YEAR_END_SERIES_STOCK,CONTROL_NOT_ADDITIVE,All-purpose BODEN 2012 closing stock.,Not a flow or purpose allocation.
F85,2009,All_BODEN_2012_purposes,YEAR_END_SERIES_STOCK,2009-12-31,Tesoro_Nacional,BODEN_2012_holders,Mixed,BODEN_2012,6545.070,USD_million_updated,24871.266,UPDATED_VALUE_AT_2009_12_31,e0_cgn_cuenta_inversion_2009_sdp,PDF_p60,YEAR_END_SERIES_STOCK,CONTROL_NOT_ADDITIVE,Rounded inventory stock agrees with detailed closing balance.,Not a flow or purpose allocation.
F86,2010,All_BODEN_2012_purposes,YEAR_END_SERIES_STOCK,2010-12-31,Tesoro_Nacional,BODEN_2012_holders,Mixed,BODEN_2012,4395.461,USD_million_updated,17476.351,UPDATED_VALUE_AT_2010_12_31,e0_cgn_cuenta_inversion_2010_sdp,PDF_p60,YEAR_END_SERIES_STOCK,CONTROL_NOT_ADDITIVE,Rounded inventory stock.,Not a flow or purpose allocation.
F87,2011,All_BODEN_2012_purposes,YEAR_END_SERIES_STOCK,2011-12-31,Tesoro_Nacional,BODEN_2012_holders,Mixed,BODEN_2012,2197.792,USD_million_updated,9459.296,UPDATED_VALUE_AT_2011_12_31,e0_cgn_cuenta_inversion_2011_sdp,PDF_p50,YEAR_END_SERIES_STOCK,CONTROL_NOT_ADDITIVE,Rounded inventory stock.,Not a flow or purpose allocation.
F88,2012,All_BODEN_2012_purposes,YEAR_END_SERIES_STOCK,2012-12-31,Tesoro_Nacional,BODEN_2012_holders,Mixed,BODEN_2012,0,USD_million_updated,0,MATURED_ZERO_AT_2012_12_31,e0_cgn_cuenta_inversion_2012_sdp,PDF_pp41_42,SERIES_MATURED,CONTROL_NOT_ADDITIVE,BODEN 2012 is absent from the post-maturity inventory and the detailed row closes at zero.,Zero series stock does not close holder-purpose reconciliation.
F89,2008,Debt_buyback,NORMATIVE_TENDER_SETTLEMENT_ROUTE,2008-08-25,Tesoro_Nacional,Eligible_MAE_participants_and_other_investors,BODEN_2012_public_buyback_or_residual_program,BODEN_2012,N/D,N/D,N/D,PROCEDURE_ONLY,e0_argentina_rc_212_24_2008_recompra,Annex_1.4_2.5,AUTHORIZED_PROCEDURE,NON_ADDITIVE,"The route links MAE offers, Caja delivery and BCRA cash accounts.",Procedure does not prove actual delivery or payment.
F90,2008,Debt_buyback,TENDER_RESULT,2008-08-28,Tesoro_Nacional,No_award,BODEN_2012_public_buyback_or_residual_program,BODEN_2012,0,USD_VNO,0,PUBLIC_RESULT,e0_argentina_resultado_recompra_2008_08_28,PDF_pp1_2,DESERTED,NON_ADDITIVE,The first public BODEN 2012 tender received offers but awarded none.,Offered positions are not realized purchases.
F91,2008,Debt_buyback,AWARD_RECONSTRUCTED,2008-09-04,Tesoro_Nacional,Citibank_participant,BODEN_2012_public_buyback_or_residual_program,BODEN_2012,1193000,USD_VNO,1.436999157,MULTIPLE_PRICE_AWARD_AT_PUBLISHED_FX,e0_argentina_resultado_recompra_2008_09_04,PDF_pp1_2,AWARDED_SETTLEMENT_OPEN,ADD_WITHIN_PUBLIC_BODEN2012_AWARDS_ONLY,Citibank offers below cutoff exactly contribute VNO USD 1.193m.,Participant may be intermediary; ultimate holder purpose and settlement remain open.
F92,2008,Debt_buyback,AWARD_RECONSTRUCTED,2008-09-04,Tesoro_Nacional,Standard_Bank_participant,BODEN_2012_public_buyback_or_residual_program,BODEN_2012,3000000,USD_VNO,3.628024200,MULTIPLE_PRICE_AWARD_AT_PUBLISHED_FX,e0_argentina_resultado_recompra_2008_09_04,PDF_pp1_2,AWARDED_SETTLEMENT_OPEN,ADD_WITHIN_PUBLIC_BODEN2012_AWARDS_ONLY,Standard Bank cutoff offer exactly contributes VNO USD 3m.,Participant may be intermediary; ultimate holder purpose and settlement remain open.
F93,2008,Debt_buyback,AWARD_RECONSTRUCTED,2008-09-11,Tesoro_Nacional,Citibank_participant,BODEN_2012_public_buyback_or_residual_program,BODEN_2012,13000000,USD_VNO,15.023382400,MULTIPLE_PRICE_AWARD_AT_PUBLISHED_FX,e0_argentina_resultado_recompra_2008_09_11,PDF_pp1_2,AWARDED_SETTLEMENT_OPEN,ADD_WITHIN_PUBLIC_BODEN2012_AWARDS_ONLY,Six Citibank offers through cutoff exactly equal VNO USD 13m awarded.,Participant may be intermediary; ultimate holder purpose and settlement remain open.
F94,2009,BODEN_2012_strip_buyback,LEGAL_AUTHORIZATION,2009-06-04,Tesoro_Nacional,Market_holders_via_eligible_participants,BODEN_2012_public_buyback_or_residual_program,BODEN_2012,N/D,N/D,N/D,AUTHORIZATION_ONLY,e0_argentina_rc_113_34_2009_boden12_strip,Arts_1_3,AUTHORIZED_AMOUNT_OPEN,NON_ADDITIVE,The August 2009 coupon was stripped and authorized for one or more public buyback tenders.,No award or settlement amount is published in this source.
F95,2009,ASymmetric_pesification,BUDGET_REGISTRATION_CONTROL,2009-11-20,Tesoro_Nacional,Banks_and_savers_unseparated,BODEN_2012_public_buyback_or_residual_program,BODEN_2012,N/D,N/D,N/D,QUALITATIVE_BUDGET_CONTROL,e0_argentina_dnu_1801_2009_boden12,Specific_considerando,BUDGET_CREDITS_EXPANDED_AMOUNT_OPEN,NON_ADDITIVE,The budget was expanded to register BODEN 2012 placements from the 2002 program.,The preserved text does not isolate an amount or split banks from savers.
F96,2005,Debt_buyback,HISTORICAL_TENDER_BUYBACK,2005-11-22,Tesoro_Nacional,Unknown_tender_participants,Public_tender,BODEN_2012,5032600,USD_VNO,N/D,EFFECTIVE_USD_4000636.64,e0_argentina_recompras_decreto_1735_04_report,PDF_pp4_5,REPORTED_EXECUTED_PARTICIPANTS_OPEN,SEPARATE_2005_EVENT,Official report records a BODEN 2012 buyback before the 2008 program.,"No participant, holder purpose or settlement record."
F97,2008,Debt_buyback,BNA_AGENT_MANDATE,2008-08-11,Tesoro_Nacional,BNA_as_government_agent,Market_purchase_mandate,Mixed_BODEN_BONAR,N/D,N/D,N/D,MANDATE_ONLY,e0_argentina_recompra_primera_etapa_2008_08_11,PDF_p1,AUTHORIZED_EXECUTION_DETAIL_OPEN,NON_ADDITIVE,BNA was instructed to buy short-maturity securities.,Mandate is not a trade blotter.
F98,2008,Debt_buyback,FIRST_STAGE_MARKET_PURCHASE_AGGREGATE,2008-08-11/2008-08-22,Tesoro_Nacional,Market_counterparties_unknown,Market_purchases_after_BNA_mandate,Mixed_B2012_B2013_BONARV_PRE8_B2008_GDPARS,380,USD_million_approx,N/D,OFFICIAL_PROGRAM_AGGREGATE,e0_argentina_recompra_segunda_semana_2008_08_22,PDF_p1,EXECUTED_AGGREGATE_INSTRUMENT_SPLIT_OPEN,NON_ADDITIVE,About USD 380m of mixed securities were purchased in two weeks.,"Cannot isolate BODEN 2012, participant or beneficial holder."
F99,2008,Debt_buyback,SECOND_STAGE_ANNOUNCEMENT,2008-08-21,Tesoro_Nacional,Public_tender_participants,Public_tenders,Short_medium_term_public_debt,N/D,N/D,N/D,ANNOUNCEMENT_ONLY,e0_argentina_recompra_segunda_etapa_2008_08_21,PDF_p1,PERIODIC_TENDERS_ANNOUNCED,NON_ADDITIVE,The second stage would use periodic public tenders.,No preserved closure notice proves the four located results are exhaustive.
F100,2008,Debt_buyback,FOUR_LOCATED_PUBLIC_TENDER_CONTROL_TOTAL,2008-08-28/2008-10-02,Tesoro_Nacional,MAE_participants,Public_tenders,B2012_B2013_GDPARS_GDPUSD,135606214.86,ARS_effective,135.60621486,SUM_FOUR_OFFICIAL_RESULT_TOTALS,e0_argentina_resultado_recompra_2008_08_28;e0_argentina_resultado_recompra_2008_09_04;e0_argentina_resultado_recompra_2008_09_11;e0_argentina_resultado_recompra_2008_10_02,PDF_results_and_offer_tables,AWARDED_SETTLEMENT_OPEN,CONTROL_NOT_ADDITIVE,Eighteen accepted participant-instrument rows reproduce four official tender totals.,Not a final program total and not cash-settlement confirmation.
F101,2008,Debt_buyback,PUBLIC_TENDER_INSTRUMENT_AWARDS,2008-09-04/2008-09-11,Tesoro_Nacional,Citibank_MERVAL_Banco_Mariva_participants,Public_tenders,BODEN_2013,13148000,USD_VNO,18.83187474,OFFICIAL_EFFECTIVE_ARS_SUM,e0_argentina_resultado_recompra_2008_09_04;e0_argentina_resultado_recompra_2008_09_11,PDF_pp1_2,AWARDED_SETTLEMENT_OPEN,ADD_WITHIN_FOUR_TENDER_INSTRUMENT_SUBTOTALS_ONLY,BODEN 2013 awards are exactly reconstructed by participant.,Participants may represent clients; purpose and settlement remain open.
F102,2008,Debt_buyback,PUBLIC_TENDER_INSTRUMENT_AWARDS,2008-08-28/2008-10-02,Tesoro_Nacional,Citibank_HSBC_MERVAL_participants,Public_tenders,GDP_UNIT_ARS,1045342050,ARS_nocional,89.00568510,OFFICIAL_EFFECTIVE_ARS_SUM,e0_argentina_resultado_recompra_2008_08_28;e0_argentina_resultado_recompra_2008_09_04;e0_argentina_resultado_recompra_2008_09_11;e0_argentina_resultado_recompra_2008_10_02,PDF_result_pages_and_offer_tables,AWARDED_SETTLEMENT_OPEN,ADD_WITHIN_FOUR_TENDER_INSTRUMENT_SUBTOTALS_ONLY,Peso GDP-unit awards are exactly reconstructed by participant.,Nocional and effective pesos are distinct; participants are not ultimate holders.
F103,2008,Debt_buyback,PUBLIC_TENDER_INSTRUMENT_AWARDS,2008-09-04/2008-10-02,Tesoro_Nacional,Citibank_Standard_Bank_participants,Public_tenders,GDP_UNIT_USD_LAW_AR,29480362,USD_nocional,7.68024926,OFFICIAL_EFFECTIVE_ARS_SUM,e0_argentina_resultado_recompra_2008_09_04;e0_argentina_resultado_recompra_2008_10_02,PDF_result_pages_and_offer_tables,AWARDED_SETTLEMENT_OPEN,ADD_WITHIN_FOUR_TENDER_INSTRUMENT_SUBTOTALS_ONLY,Dollar GDP-unit awards are exactly reconstructed by participant.,Participants are not ultimate holders; settlement remains open.
F104,2008,Debt_buyback,BUDGET_EXECUTION_AGGREGATE,2008-12-31,Tesoro_Nacional,Unspecified_buyback_counterparties,Short_term_securities_budget_execution,Unspecified_buybacks,981.36,ARS_million,981.36,OFFICIAL_EXECUTED_BUDGET_AGGREGATE,e0_cgn_cuenta_inversion_2008_comentarios,HTML_short_term_securities_paragraph,EXECUTED_AGGREGATE_SPECIES_OPEN,CONTROL_NOT_ADDITIVE,CGN records ARS 981.36m in buyback operations.,May overlap first and second stages and cannot identify BODEN or counterparties.
F105,2009,BODEN_2012_strip_buyback,OFFICIAL_TENDER_OCCURRENCE,2009-06,Tesoro_Nacional,Less_than_2pct_of_holders_offering,MAE_public_tender,BODEN_2012_coupon_15_strip,N/D,N/D,N/D,OFFICIAL_QUALITATIVE_RESULT,e0_argentina_mecon_memoria_2009;e0_cgn_cuenta_inversion_2009_anexo_j_html,PDF_p136;HTML_recompra_anticipada,TENDER_OCCURRED_AMOUNT_OPEN,NON_ADDITIVE,Two official year-end carriers confirm the tender and low participation.,"No quantitative award, participants or settlement in primary carriers."
F106,2009,BODEN_2012_strip_buyback,SECONDARY_TENDER_RESULT,2009-06,Tesoro_Nacional,Twenty_accepted_offers_ultimate_holders_unknown,MAE_public_tender,BODEN_2012_coupon_15_strip,33.6,USD_million_source_reported,N/D,SECONDARY_35_OFFERS_20_ACCEPTED_DISCOUNT_1.86PCT_SAVING_USD637468,sec_consejo_iec_298_strip_boden2012,PDF_p5,SECONDARY_QUANTITATIVE_PRIMARY_SETTLEMENT_OPEN,NON_ADDITIVE,Contemporary institutional report supplies a quantitative tender summary.,"Primary result, amount basis and Caja/BCRA settlement remain open."
F107,2012,All_public_debt,AGGREGATE_HOLDER_DISTRIBUTION,2012-12-31,Sector_Publico_Nacional,Creditors,All_public_debt,Debt_by_creditor_type,203034,USD_million_total,N/D,AGN_AGGREGATE_DISTRIBUTION,e0_agn_res_084_2015_act_158_2010_deuda,PDF_pp25_26,AGGREGATE_CREDITOR_CONTROL,CONTROL_NOT_ADDITIVE,"AGN reports 56.5% public, 31.0% private and 12.4% bilateral/multilateral at end-2012.",Not BODEN-specific and private sector is not banks.
F108,2008,Debt_buyback,BNA_MEMORY_NEGATIVE_SCOPE_CHECK,2008-12-31,BNA,N/A,Annual_report,Treasury_buyback_program,N/D,N/D,N/D,DOCUMENT_SEARCH_ONLY,e0_bna_memoria_balance_2008,Full_text_search_and_PDF_p14,TRADE_BLOTTER_NOT_DISCLOSED,NON_ADDITIVE,The annual report does not expose Treasury-program trades by species or counterparty.,Narrative absence does not prove zero activity; page 14 discusses BCRA LEBAC/NOBAC.
F109,2008,Debt_buyback,OFFICIAL_ARCHIVE_ROUND_INVENTORY,2008-08-27/2008-10-02,Tesoro_Nacional,MAE_participants,Official_Finance_archive,B2012_B2013_GDPARS_GDPUSD,4,call_result_pairs,N/D,ARCHIVE_INVENTORY_ONLY,e0_argentina_finanzas_archive_recompras_voluntarias,HTML_Recompras_voluntarias,FOUR_PUBLISHED_ROUNDS_IDENTIFIED_SETTLEMENT_OPEN,NON_ADDITIVE,El archivo oficial enumera cuatro llamados numerados y sus cuatro resultados.,Inventario web no es cierre contable ni constancia post-liquidación.
F110,2008,Debt_buyback,PUBLIC_TENDER_CALL,2008-08-27,Tesoro_Nacional,Eligible_MAE_participants,MAE_Caja_0306_40000_BCRA,B2012_B2013_GDPARS_GDPUSD,150000000,ARS_announced_ceiling,150,ARS_MILLION_MAXIMUM,e0_argentina_llamado_recompra_2008_08_27,PDF_pp1_2,CALL_PUBLISHED_T_PLUS_3_PAYMENT_OPEN,NON_ADDITIVE_CEILING,Primer llamado; títulos 01/09 y liquidación prevista 02/09.,Máximo anunciado no es adjudicación ni pago.
F111,2008,Debt_buyback,PUBLIC_TENDER_CALL,2008-09-03,Tesoro_Nacional,Eligible_MAE_participants,MAE_Caja_0306_40000_BCRA,B2012_B2013_GDPARS_GDPUSD,200000000,ARS_announced_ceiling,200,ARS_MILLION_MAXIMUM,e0_argentina_llamado_recompra_2008_09_03,PDF_pp1_2,CALL_PUBLISHED_T_PLUS_3_PAYMENT_OPEN,NON_ADDITIVE_CEILING,Segundo llamado; títulos 08/09 y liquidación prevista 09/09.,Máximo anunciado no es adjudicación ni pago.
F112,2008,Debt_buyback,PUBLIC_TENDER_CALL,2008-09-10,Tesoro_Nacional,Eligible_MAE_participants,MAE_Caja_0306_40000_BCRA,B2012_B2013_GDPARS_GDPUSD,100000000,ARS_announced_ceiling,100,ARS_MILLION_MAXIMUM,e0_argentina_llamado_recompra_2008_09_10,PDF_pp1_2,CALL_PUBLISHED_T_PLUS_3_PAYMENT_OPEN,NON_ADDITIVE_CEILING,Tercer llamado; títulos 15/09 y liquidación prevista 16/09.,Máximo anunciado no es adjudicación ni pago.
F113,2008,Debt_buyback,PUBLIC_TENDER_CALL,2008-10-01,Tesoro_Nacional,Eligible_MAE_participants,MAE_Caja_0306_40000_BCRA,GDPARS_GDPUSD,100000000,ARS_announced_ceiling,100,ARS_MILLION_MAXIMUM,e0_argentina_llamado_recompra_2008_10_01,PDF_pp1_2,CALL_PUBLISHED_T_PLUS_3_PAYMENT_OPEN,NON_ADDITIVE_CEILING,Cuarto llamado; títulos 06/10 y liquidación prevista 07/10.,Máximo anunciado no es adjudicación ni pago.
F114,2008,Debt_buyback,FOUR_CALL_CEILING_CONTROL,2008-08-27/2008-10-01,Tesoro_Nacional,Eligible_MAE_participants,MAE_Caja_0306_40000_BCRA,B2012_B2013_GDPARS_GDPUSD,550000000,ARS_announced_ceiling,550,AWARDS_EQUAL_24.65567543PCT_OF_CEILINGS,e0_argentina_llamado_recompra_2008_08_27;e0_argentina_llamado_recompra_2008_09_03;e0_argentina_llamado_recompra_2008_09_10;e0_argentina_llamado_recompra_2008_10_01,four_call_PDFs_pp1_2,ANNOUNCED_MAXIMA_AWARDS_KNOWN_SETTLEMENT_OPEN,CONTROL_NOT_ADDITIVE,Los cuatro máximos suman ARS 550m; adjudicado efectivo ARS 135606214.86.,"El porcentaje utiliza máximos de convocatoria como denominador descriptivo, no compromiso ni presupuesto ejecutado."
F115,2008,Debt_buyback,BCRA_APPROX_PROGRAM_CONTROL,2008-10,Tesoro_Nacional,Market_counterparties_unknown,Program_from_August,Public_debt_unspecified,420000000,USD_approx,N/D,BCRA_MONTO_CERCANO,e0_bcra_inflation_report_q4_2008_buyback_control,PDF_p51_printed_p50,APPROXIMATE_AGGREGATE_CONTROL,CONTROL_NOT_ADDITIVE,BCRA supplies an independent approximate program control.,"No instrument, counterparty or settlement split."
F116,2009,BODEN_2012_strip_buyback,PRIMARY_CALL_AND_ROUTE,2009-06-10,Tesoro_Nacional,Eligible_MAE_participants,MAE_Caja_0306_40000_BCRA,BODEN_2012_coupon_15_strip,N/D,TOTAL_COUPON_EMISSION,N/D,CALL_MAXIMUM_NON_NUMERIC,e0_mecon_strip_boden2012_call_2009_06_10,PDF_pp1_2,CALL_PUBLISHED_T_PLUS_3_PAYMENT_OPEN,NON_ADDITIVE,"Call fixes ISIN, T+2, Caja account and T+3.",Route does not confirm transfer or payment.
F117,2009,BODEN_2012_strip_buyback,PRIMARY_TENDER_RESULT,2009-06-12,Tesoro_Nacional,Twenty_accepted_offers,MAE_public_tender,BODEN_2012_coupon_15_strip,33691889.24,USD_effective_coupon_value,N/D,OFFICIAL_35_OFFERS_20_ACCEPTED,e0_mecon_strip_boden2012_result_2009_06_12,PDF_pp1_3,AWARDED_SETTLEMENT_OPEN,NON_ADDITIVE,Primary result fixes exact offered and awarded effective values.,Award is not Caja delivery or BCRA payment.
F118,2009,BODEN_2012_strip_buyback,UNDERLYING_VNO_CONTROL,2009-06-12,Tesoro_Nacional,Twenty_accepted_offers,MAE_public_tender,BODEN_2012_underlying,265707100,USD_underlying_VNO,N/D,SUM_ACCEPTED_ANNEX_ROWS,e0_mecon_strip_boden2012_result_2009_06_12,PDF_annex_pp2_3,DERIVED_EXACT_CONTROL,CONTROL_NOT_ADDITIVE,Underlying VNO is reconstructed exactly from accepted rows.,Do not equate underlying VNO with effective coupon value.
F119,2009,BODEN_2012_strip_buyback,PRICE_AND_SAVING_CONTROL,2009-06-12,Tesoro_Nacional,Twenty_accepted_offers,MAE_public_tender,BODEN_2012_coupon_15_strip,637468.08,USD_saving,N/D,CUTOFF_12.70_AVERAGE_12.68_DISCOUNT_1.86PCT,e0_mecon_strip_boden2012_result_2009_06_12,PDF_p1,OFFICIAL_RESULT_CONTROL,CONTROL_NOT_ADDITIVE,"Official result reports cutoff, weighted average, discount and saving.",Saving is not expenditure or settled cash.
F120,2009,BODEN_2012_strip_buyback,PARTICIPANT_RECONSTRUCTION,2009-06-12,Tesoro_Nacional,Seven_MAE_participants,Twenty_accepted_offers,BODEN_2012_coupon_15_strip,7,participants,N/D,GROUPED_ACCEPTED_ANNEX_ROWS,e0_mecon_strip_boden2012_result_2009_06_12,PDF_annex_pp2_3,PARTICIPANTS_IDENTIFIED_HOLDERS_OPEN,NON_ADDITIVE,Accepted rows group to seven named market participants.,Participants are not ultimate holders or beneficiaries.
F121,2008,Debt_buyback,APPROXIMATE_AGGREGATE_BRIDGE,2008-08/2008-10,Tesoro_Nacional,Market_counterparties_unknown,First_stage_plus_public_tenders,Mixed_public_debt,423908257.2082172386578130481932799826194,USD_synthetic,N/D,BCRA_CONTROL_GAP_0.93053743%,e0_bcra_inflation_report_q4_2008_buyback_control;E0_FISCAL_BUYBACK_APPROX_AGGREGATE_BRIDGE_V160.csv,PDF_p51;bridge,NEAR_AGGREGATE_CONSISTENCY_ONLY,CONTROL_NOT_ADDITIVE,Approximate USD380m plus date-converted public results lies near the BCRA USD420m control.,Approximate inputs and scope differences prohibit exact reconciliation.
F122,2018,BODEN_information_request,PUBLIC_API_RECORD_SCHEMA,2018-08-14/2018-09-11,AGN,Information_requester,Public_transparency_record,BODEN_2006_2012_2013_reports,N/D,N/D,N/D,SCHEMA_AND_ROUTE_ONLY,e0_agn_api_boden_request_2018_record,JSON_data_attributes_relationships,EXACT_PUBLIC_RECORD_NO_ATTACHMENT,NON_ADDITIVE,Exact public node fixes the request scope and response dates but exposes no report identifiers or file relationship.,Public schema absence does not prove no offline reply existed.
F123,2009-2013,Public_debt_holdings,CUSTODIAN_INFORMATION_GAP,2014,AGN,CNV_and_Caja_de_Valores,Public_sector_agency_holdings,Public_debt_instruments,N/D,N/D,N/D,PRIMARY_AUDIT_REQUEST_NONPRODUCTION,e0_agn_res_041_2016_deuda_custodian_gap,PDF_pp20_21_101,CUSTODIAN_DATA_NOT_OBTAINED,NON_ADDITIVE,AGN documents that custodian-route requests did not yield holdings data.,Non-production is not zero holdings and does not identify private beneficiaries.
F124,2014,Public_debt_holdings,CAJA_TO_CNV_REFERRAL,2014-11-19,Caja_de_Valores,AGN_via_CNV,Public_sector_agency_holdings,Public_debt_instruments,N/D,N/D,N/D,CAJA_NOTE_REFERRED_REQUEST_TO_SUPERVISOR,e0_agn_res_041_2016_deuda_custodian_gap,PDF_p20_note_7,PRIMARY_REFERRAL_NOTE,NON_ADDITIVE,Caja guidance reproduced by AGN directs the request through CNV.,Referral is not holder identification or settlement confirmation.
F125,2009-2014,Intra_public_sector_debt,PUBLISHED_VS_DMO_DISCREPANCY_CONTROL,2009-2014,MECON_DMO,Public_information_users,DISP_aggregate,All_public_debt,3937,USD_million_approx_difference,N/D,AGN_CUMULATIVE_APPROXIMATE_DIFFERENCE,e0_agn_res_041_2016_deuda_custodian_gap,PDF_p19,AGGREGATE_SOURCE_VINTAGE_CONTROL,CONTROL_NOT_ADDITIVE,AGN reports approximate cumulative differences between published DISP and DMO note data.,"Do not allocate to BODEN, buybacks, banks or beneficiaries."
F126,2008Q3,Debt_buyback,ACCOUNTING_STOCK_REDUCTION,2008-09-30,Tesoro_Nacional,Debt_stock,Public_tender_BODEN_2012_2013,BODEN_2012_BODEN_2013,16.814,USD_million_residual_principal,50.86235,OFFICIAL_Q3_FLOW_TABLE_AND_EXACT_RESIDUAL_AWARD_MATCH,e0_argentina_deuda_publica_2008_q3,A.5.1!A25:C27,ACCOUNTED_AGGREGATE_DEBT_REDUCTION_EXACT_MATCH,NON_ADDITIVE_WITH_PUBLIC_BODEN_AWARD_ROWS,"La baja contable agregada coincide exactamente con BODEN 2012 VNO 17.193m×0,5 más BODEN 2013 VNO 13.148m×0,625.","No prueba por sí sola el matching, la recepción por oferta/ronda ni el pago BCRA."
F127,2008Q4,Debt_buyback,ACCOUNTING_STOCK_REDUCTION,2008-12-31,Tesoro_Nacional,Debt_stock,Excess_growth_reference_year_2006_aggregate,Discount_en_pesos_5.83_2033_ARARGE03E121,1506.71011,USD_million,4723.53619,EXACT_V160_CROSS_SOURCE_STOCK_REPORT_ACCOUNTING_BRIDGE,e0_argentina_deuda_publica_2008_q3;e0_argentina_deuda_publica_2008_q4;e0_argentina_recompras_decreto_1735_04_report;e0_argentina_sigade_2008_q3,Q3/Q4 A.12.2 row31;Q4 A.5.1 row29;PDF p2;SIGADE SALDOS,ACCOUNTED_AGGREGATE_DEBT_REDUCTION_EXACT_INSTRUMENT_ALLOCATION,NON_ADDITIVE_WITH_ANNUAL_TOTAL,"La baja Q4 se asigna al Discount en Pesos: VNO reportado ARS 2.748,50m, VNO derivado ARS 2.748,478269m y baja actualizada ARS 4.723,53619m.","No individualiza fecha, vendedor, matching Caja ni riel/orden de pago; GDP Units siguen fuera del cuadro."
F128,2008,Debt_buyback,ACCOUNTING_ANNUAL_TOTAL,2008-12-31,Tesoro_Nacional,Debt_stock,Public_debt_securities_excluding_GDP_units,Public_securities_unsplit,1523.52411,USD_million,N/D,OFFICIAL_ANNUAL_FLOW_TABLE,e0_argentina_deuda_publica_2008_q4,A.5.4!A25:B27,ACCOUNTED_ANNUAL_REPURCHASE_REDUCTION,TOTAL_DO_NOT_ADD_TO_F126_F127,El total anual coincide exactamente con las reducciones Q3 y Q4.,Excluye GDP Units y no sustituye los registros de Caja o pago.
F129,2008Q4,GDP_unit_buyback,ACCOUNTING_SCOPE_NOTE,2008-12-31,Tesoro_Nacional,GDP_unit_holders_unknown,GDP_units,GDP_UNITS_UNSPLIT,N/D,EXCLUDED_FROM_TABLE,N/D,OFFICIAL_Q4_FOOTNOTE,e0_argentina_deuda_publica_2008_q4,A.5.1!A62:C63;A.5.4!A61:B62,ACCOUNTING_ACKNOWLEDGMENT_AMOUNT_EXCLUDED,NON_ADDITIVE,La nota reconoce la recompra de GDP Units pero excluye su monto del cuadro de deuda.,"Exclusión no equivale a cero, reversa, pago confirmado ni baja de principal."
F130,REFERENCE_2006_REFLECTED_IN_2008Q4_STOCK,Debt_buyback_excess_growth,OFFICIAL_RETROSPECTIVE_INSTRUMENT_REPORT_VNO,2008Q4_STOCK_BRIDGE,Tesoro_Nacional,Instrument_holders_unknown,Five_percent_excess_growth_reference_2006,Discount_en_pesos_5.83_2033_ARARGE03E121,2748.50,ARS_million_VNO,N/D,OFFICIAL_REPORT_PAGE_2,e0_argentina_recompras_decreto_1735_04_report,PDF_p2,OFFICIAL_EFFECTED_AGGREGATE_INSTRUMENT_REPURCHASE,NON_ADDITIVE_WITH_F127_F131,El informe oficial identifica el VNO adquirido por especie y el ISIN.,Año de referencia no equivale a fecha de cada compra; no publica contrapartes ni asientos.
F131,REFERENCE_2006_REFLECTED_IN_2008Q4_STOCK,Debt_buyback_excess_growth,OFFICIAL_RETROSPECTIVE_INSTRUMENT_REPORT_EFFECTIVE_VALUE,2008Q4_STOCK_BRIDGE,Tesoro_Nacional,Instrument_holders_unknown,Five_percent_excess_growth_reference_2006,Discount_en_pesos_5.83_2033_ARARGE03E121,1415.50,ARS_million_effective_value,1415.50,OFFICIAL_REPORT_PAGE_2,e0_argentina_recompras_decreto_1735_04_report,PDF_p2,OFFICIAL_AGGREGATE_EFFECTIVE_VALUE_REPORTED_PAYMENT_RAIL_OPEN,NON_ADDITIVE_WITH_F127_F130,El valor efectivo agregado queda separado del VNO y de la baja contable actualizada.,No equivale a constancia de pago cursado por BCRA ni identifica receptores finales.
F132,REFERENCE_2006_REPURCHASE_DURING_2008,Debt_buyback_excess_GDP,OFFICIAL_GDP_ARS_EFFECTIVE_COMPONENT,CALENDAR_2008_INDIVIDUAL_DATE_OPEN,Tesoro_Nacional,Instrument_holders_unknown,Five_percent_excess_GDP_reference_2006,GDP_Unit_ARS_ARARGE03E147,1858.10,ARS_million_effective_value,1858.10,OFFICIAL_RETROSPECTIVE_REPORT_PAGE_2,e0_argentina_recompras_decreto_1735_04_report;e0_argentina_2005_prospectus_supplement,PDF_p2;S-19/S-69,OFFICIAL_AGGREGATE_REPURCHASE_COMPONENT_CONTRACTUAL_CANCELLATION_RECORD_OPEN,NON_ADDITIVE_WITH_F134,VNO ARS 43824.10m; efectivo ARS 1858.10m; ventana contractual 2008.,"No acredita fecha, vendedor, modalidad, asiento CRyL ni pago."
F133,REFERENCE_2006_REPURCHASE_DURING_2008,Debt_buyback_excess_GDP,OFFICIAL_GDP_USD_LA_EFFECTIVE_COMPONENT,CALENDAR_2008_INDIVIDUAL_DATE_OPEN,Tesoro_Nacional,Instrument_holders_unknown,Five_percent_excess_GDP_reference_2006,GDP_Unit_USD_Argentine_law_ARARGE03E154,28.00,ARS_million_effective_value,28.00,OFFICIAL_RETROSPECTIVE_REPORT_PAGE_2,e0_argentina_recompras_decreto_1735_04_report;e0_argentina_2005_prospectus_supplement,PDF_p2;S-19/S-69,OFFICIAL_AGGREGATE_REPURCHASE_COMPONENT_CONTRACTUAL_CANCELLATION_RECORD_OPEN,NON_ADDITIVE_WITH_F134,VNO USD 260.90m; efectivo ARS 28.00m; ventana contractual 2008.,No mezclar moneda del VNO con moneda del efectivo ni inferir riel de pago.
F134,REFERENCE_2006_REPURCHASE_DURING_2008,Debt_buyback_excess_GDP,GDP_UNITS_EFFECTIVE_SUBTOTAL,CALENDAR_2008_INDIVIDUAL_DATE_OPEN,Tesoro_Nacional,Instrument_holders_unknown,GDP_Units_reference_2006,ARARGE03E147_and_ARARGE03E154,1886.10,ARS_million_effective_value,1886.10,EXACT_SUM_OFFICIAL_COMPONENTS,e0_argentina_recompras_decreto_1735_04_report,PDF_p2,OFFICIAL_AGGREGATE_EFFECTIVE_SUBTOTAL_INDIVIDUAL_SETTLEMENT_OPEN,TOTAL_DO_NOT_ADD_TO_F132_F133,ARS 1858.10m + ARS 28.00m = ARS 1886.10m; con Discount ARS 1415.50m reproduce ARS 3301.60m.,"Subtotal efectivo no es principal, baja contable ni débito BCRA."
F135,REFERENCE_2007_ANNOUNCED_2008_11_25,GDP_linked_contingent_payment,THIRD_COUPON_ANNOUNCEMENT,2008-11-25,República_Argentina,GDP_Unit_holders,Five_GDP_Unit_variants,US040114GM64;ARARGE03E154;XS0209139244;ARARGE03E147;ARARGE03E675,N/D_VECTOR_IN_STATUS,payment_per_unit_by_currency,N/D,OFFICIAL_COUPON_COMMUNIQUE,e0_argentina_gdp_units_third_payment_2008,PDF_p1,OFFICIAL_COUPON_ANNOUNCEMENT_SEPARATE_FROM_REPURCHASE,NON_ADDITIVE_SEPARATE_EVENT,"Importes por unidad: USD 0.0227980 (NY y ley argentina), EUR 0.0198520, ARS 0.0245480 y JPY 0.0241512.",Referencia 2007; no es la recompra referencia 2006 ni su consideración efectiva.
F136,2008-08-28/2008-10-02,Debt_buyback_excess_GDP,PUBLIC_TENDER_GDP_ARS_AWARDS,FOUR_TENDER_DATES,Tesoro_Nacional,Awarded_participants_ultimate_holders_open,Reference_2006_Excess_GDP,GDP_Unit_ARS_ARARGE03E147,89.0056851,ARS_million_effective_awarded,89.0056851,SUM_FOUR_SUCCESSFUL_OFFICIAL_RESULT_ROWS,four_official_tender_results;e0_cgn_cuenta_inversion_2008_sdp,four_results;printed_pp63_64,AWARDED_AND_OFFICIALLY_IMPUTED_SETTLEMENT_OPEN,COMPONENT_OF_F138_AND_F134,Four GDP-ARS awards are part of the reference-2006 bucket.,Scheduled settlement is not independently confirmed.
F137,2008-09-04/2008-10-02,Debt_buyback_excess_GDP,PUBLIC_TENDER_GDP_USD_AWARDS,TWO_TENDER_DATES,Tesoro_Nacional,Awarded_participants_ultimate_holders_open,Reference_2006_Excess_GDP,GDP_Unit_USD_ARARGE03E154,7.68024926,ARS_million_effective_awarded,7.68024926,SUM_TWO_SUCCESSFUL_OFFICIAL_RESULT_ROWS_WITH_PUBLISHED_FX,four_official_tender_results;e0_cgn_cuenta_inversion_2008_sdp,two_results;printed_pp63_64,AWARDED_AND_OFFICIALLY_IMPUTED_SETTLEMENT_OPEN,COMPONENT_OF_F138_AND_F134,Two GDP-USD awards are part of the reference-2006 bucket.,Effective ARS is distinct from USD VNO and native consideration.
F138,2008-08-28/2008-10-02,Debt_buyback_excess_GDP,PUBLIC_TENDER_GDP_EFFECTIVE_SUBTOTAL,FOUR_TENDER_DATES,Tesoro_Nacional,Awarded_participants_ultimate_holders_open,Reference_2006_Excess_GDP,ARARGE03E147_and_ARARGE03E154,96.68593436,ARS_million_effective_awarded,96.68593436,DECIMAL_SUM_F136_F137,four_official_tender_results;e0_cgn_cuenta_inversion_2008_sdp,E0_REFERENCE_2006_PUBLIC_TENDER_AWARDS_V160.csv,PUBLIC_AWARD_SUBTOTAL_ACCOUNTING_IMPUTED_SETTLEMENT_OPEN,TOTAL_DO_NOT_ADD_TO_F136_F137,5.13% of GDP effective subtotal and 2.93% of complete reference-2006 effective total.,Percentages respect rounded official denominators.
F139,CALENDAR_2008,Debt_buyback_excess_GDP,OTHER_PURCHASE_CHANNEL_ARITHMETIC_RESIDUAL,INDIVIDUAL_DATES_OPEN,Tesoro_Nacional,Instrument_holders_unknown,Reference_2006_Excess_GDP,THREE_ISIN,3204.91406564,ARS_million_effective_residual_central,3204.91406564,ROUNDED_OFFICIAL_TOTAL_MINUS_EXACT_PUBLIC_GDP_AWARDS,e0_argentina_recompras_decreto_1735_04_report;four_official_tender_results,PDF_p2;MA133_TOTAL,ARITHMETIC_RESIDUAL_NOT_TRANSACTION_LEDGER,COMPLEMENT_OF_F138_WITHIN_F134_PLUS_F131,Central residual ARS 3204.91406564m with ±ARS 0.005m aggregate rounding band.,"Do not describe the residual as one direct trade, one seller or one payment."
F140,2008,Debt_buyback_excess_GDP,PROGRAM_TO_EXCESS_GDP_ACCOUNTING_IMPUTATION,CUENTA_INVERSION_2008,Tesoro_Nacional,N/A_ACCOUNTING_CLASSIFICATION,Eligible_2005_restructuring_securities_purchased_under_program,PROGRAM_ELIGIBLE_SUBSET,N/A,TEXTUAL_ATTRIBUTION,N/D,CGN_PRINTED_PAGE_64,e0_cgn_cuenta_inversion_2008_sdp,printed_pp63_64,OFFICIAL_ACCOUNTING_IMPUTATION_BRIDGE,NON_ADDITIVE,Connects eligible public-program purchases to the reference-2006 Excess GDP bucket.,Does not make all mixed-program purchases eligible or prove settlement.
F141,2008-08-28/2008-10-02,Debt_buyback_excess_GDP,PUBLIC_TENDER_PARTICIPANT_DISTRIBUTION,FOUR_TENDER_DATES,Tesoro_Nacional,Four_named_MAE_participants_ultimate_holders_open,Reference_2006_Excess_GDP_public_tender_subset,ARARGE03E147_and_ARARGE03E154,96.6859343509,ARS_million_effective_raw,96.6859343509,SUM_TEN_PARTICIPANT_INSTRUMENT_ROWS,four_official_tender_results;e0_argentina_rc_212_24_2008_recompra,E0_REFERENCE_2006_PUBLIC_TENDER_PARTICIPANT_DISTRIBUTION_V160.csv,PARTICIPANT_AWARD_DISTRIBUTION_EXACT_SETTLEMENT_AND_HOLDERS_OPEN,DECOMPOSITION_OF_F138_DO_NOT_ADD,Four published participant labels reconcile to the six GDP award subtotal within ARS 0.0091 rounding.,Participant may be intermediary or own-account bidder; not ultimate holder.
F142,2008-08-04/2008-10-07,Debt_buyback_excess_GDP,BCRA_PAYMENT_ACCOUNT_DIRECTORY,B9322_DIRECTORY,Tesoro_Nacional,Citibank_HSBC_Standard_account_candidates_MERVAL_open,Public_GDP_award_payment_route,BCRA_ARS_USD_CURRENT_ACCOUNTS,N/A,ACCOUNT_IDENTIFIERS,N/D,CONTEMPORANEOUS_BCRA_DIRECTORY,e0_bcra_com_b9322_cuentas_corrientes_2008,PDF_pp2_6,ACCOUNT_DIRECTORY_MATCH_THREE_PARTICIPANTS_PAYMENT_OPEN,NON_ADDITIVE,ARS/USD account numbers are identified for three bank participants; MERVAL routing remains open.,"Account existence is not an order, debit or credit record."
F143,2008-08-28/2008-10-02,Debt_buyback_excess_GDP,PUBLIC_PARTICIPANT_CONCENTRATION_DESCRIPTOR,FOUR_TENDER_DATES,N/A,Named_participant_labels,Ten_GDP_participant_instrument_rows,ARARGE03E147_and_ARARGE03E154,5621.675971083157783991627445,DESCRIPTIVE_HHI_0_10000,N/D,SQUARED_RAW_AWARD_SHARES,four_official_tender_results,E0_REFERENCE_2006_PARTICIPANT_CONCENTRATION_V160.csv,DESCRIPTIVE_PARTICIPANT_CONCENTRATION_ONLY,NON_ADDITIVE,"Participant HHI 5621.68; top participant 71.33%, top two 93.66%.",Not a competition-law market HHI and not ultimate-beneficiary concentration.
F144,2008-09-02/2008-10-07,Debt_buyback_excess_GDP,PARTICIPANT_PAYMENT_DOCUMENT_CHAIN,FOUR_SCHEDULED_SETTLEMENT_DATES,Tesoro_Nacional,Awarded_entity_BCRA_account_per_procedure,Ten_GDP_participant_instrument_rows,ONCP_Caja_Finance_BCRA_CRyL_chain,N/A,DOCUMENT_CHAIN,N/D,RC_212_24_2008_PROCEDURE,e0_argentina_rc_212_24_2008_recompra;e0_bcra_com_b9322_cuentas_corrientes_2008,Anexo_1.4_1.12_2.1_2.5;B9322_pp2_6,PROCEDURAL_ROUTE_AND_TARGETS_IDENTIFIED_EXECUTION_OPEN,NON_ADDITIVE,"The expected record chain is now targetable by participant, date, ISIN and candidate account.","No transfer, T+3 report, payment order, credit or cancellation is yet independently confirmed."
F145,2009-06-30/2009-11-23,Debt_audit_2008,AGN_PROJECT_TO_FINAL_REPORT_BRIDGE,2009,N/A,N/A,All_public_debt_2008,AGN_48_0237_09_Res202_Act41,27,PCT_PROJECT_PROGRESS,N/D,AGN_Q2_PROJECT_TRACKER,e0_agn_informe_segundo_trimestre_2009_act_48_0237_09;e0_agn_res_202_2009_act_41_2009_deuda;e0_agn_api_informe_res202_act41_2009;e0_agn_res_202_2009_act_41_2009_resolution,tracker_p22;report_p3;official_api;resolution_pp1_3,FINAL_REPORT_IDENTITY_CLOSED_PROJECT_CODE_CONTEXTUAL_NOT_LITERAL,NON_ADDITIVE,"Actuación 41/2009, Resolución 202/2009 and the final report are one exact public record; 48 0237/09 is a strong contextual project bridge.",No public source prints the internal project code together with the final identifiers; none is operation-level settlement evidence.
F146,2008,Debt_audit_2008,AGN_AGGREGATE_FLOW_ARITHMETIC,2008-12-31,N/A,N/A,All_public_debt_2008,Aggregate_placements,769,USD_million_unexplained_literal_gap,N/D,21830_MINUS_20200_VS_PUBLISHED_2399,e0_agn_res_202_2009_act_41_2009_deuda,PDF_pp9_11,PUBLIC_REPORT_INTERNAL_ARITHMETIC_TENSION,NON_ADDITIVE,"Literal components net to USD1630m, USD769m below the published USD2399m net.","Do not repair, accuse or allocate the gap without workpapers."
F147,2008,Debt_buyback_support_services,ANNUAL_PROVIDER_FEE_ACCOUNT_KEYS,2008-12-31,Tesoro_Nacional,Caja_Citibank_BNA_mixed_annual_services,Anexo_K_other_budget_operations,SIGADE_SIDIF_service_rows,10215714.74,ARS_Caja_annual_recomputed,10.21571474,SUM_THREE_CAJA_ROWS,e0_cgn_cuenta_inversion_2008_sdp,PDF_p67_Anexo_K,ANNUAL_PROVIDER_FEES_EXACT_BUYBACK_ALLOCATION_OPEN,CONTROL_NOT_ADDITIVE,Three Caja rows supply exact SIGADE keys and sum to ARS10.216m.,Not attributable to the buyback program without the subledger.
F148,2008-09-02/2008-10-07,Debt_buyback_excess_GDP,EXECUTED_SETTLEMENT_EVIDENCE_LADDER,FOUR_SCHEDULED_SETTLEMENT_DATES,Tesoro_Nacional,Named_participants_ultimate_holders_open,Ten_GDP_participant_instrument_rows,ONCP_Caja_Finance_BCRA_CRyL_chain,0/10,EXECUTED_ROWS_CONFIRMED,N/D,PUBLIC_ROUTE_AUDIT,multiple_primary_sources,E0_SETTLEMENT_EVIDENCE_LADDER_SUMMARY_V160.csv,ZERO_EXECUTED_STAGES_CONFIRMED_NOT_ZERO_EXECUTION,NON_ADDITIVE,"Awards 10/10 and account candidates 9/10; ONCP body, Caja, payment and CRyL execution 0/10 confirmed.","Zero confirmed is an evidence status, not a zero realized amount."
F149,2008-2009,Debt_audit_2008,AGN_FINAL_REPORT_IDENTITY,2009,N/A,N/A,AGN_public_metadata,Act41_Res202_UUID,1,EXACT_UNIQUE_RECORD,N/D,JSONAPI_EXACT_FILTER,e0_agn_api_informe_res202_act41_2009;e0_agn_res_202_2009_act_41_2009_resolution,attributes;relationships;resolution_pp1_3,FINAL_REPORT_IDENTITY_CLOSED,NON_ADDITIVE,"Actuación, resolución, título and period identify one final report.",The internal project code is not printed.
F150,2009Q2-2009Q4,Debt_audit_2008,AGN_PROJECT_CONTEXT_AND_QUARTERLY_ANNEX_CHAIN,2010-04-12,N/A,N/A,AGN_activity_reports,48_0237_09_Act426_Act466,2,MISSING_PUBLIC_ANNEXES,N/D,Q2_TRACKER_PLUS_Q3_Q4_RESOLUTIONS,multiple_agn_primary_sources,QT133_01_03,PROJECT_CONTEXT_STRONG_Q3_Q4_ANNEX_BODY_OPEN,NON_ADDITIVE,Q3 and Q4 resolutions prove accompanying annexes existed but public bodies were not recovered.,No inference about final project percentage from missing annexes.
F151,2004/2008/2010,Debt_accounting_disclosure,SIGADE_SIDIF_DISCLOSURE_LADDER,2010-12-31,Tesoro_Nacional,Multiple_service_providers,CGN_Anexo_K,83006000_83008000_83095000_83020000_83106000,14,DISCLOSURE_ROWS,N/D,ANNUAL_COMPARATOR,e0_cgn_cuenta_inversion_2004_sdp;e0_cgn_cuenta_inversion_2008_sdp;e0_cgn_cuenta_inversion_2010_sdp,PDF_p72_p67_p74,ITEMIZED_FORMAT_FEASIBLE_TARGET_ALLOCATION_OPEN,NON_ADDITIVE,"Same account families can disclose individual SIDIF/C-41 IDs, while some annual rows use VARIOS.",Cross-year disclosure format does not allocate 2008 fees to buybacks.
F152,2016-2018,Debt_record_production,DADP_SIGADE_REPURCHASE_PROCESS_MAP,2022,N/A,N/A,ONCP_DADP_back_office,If2_Ib4_SIGADE_SIDIF_COMDOC,7,RECORD_PROCESS_LOCATORS,N/D,AGN_124_2022,e0_agn_2022_124_oncp_control_interno,PDF_pp14_25_26_75_78_79,PRODUCER_AND_RECORD_CLASSES_CONFIRMED_POST_2008,NON_ADDITIVE,The later manual/audit makes the missing record classes individually targetable.,Manual 2015 and audit period 2016-2018 do not retroactively prove 2008 contents.
F153,2008,Debt_buyback_excess_GDP,EXPEDIENT_PUBLIC_BODY_SEARCH,2026-08-30,N/A,N/A,S01_0342455_2008,ONCP_DADP_exp_file,0,PUBLIC_BODY_ROWS_RECOVERED,N/D,OFFICIAL_DOMAIN_SEARCH,e0_rc_212_24_2008_procedimiento_recompra,EX133_01_04,NORM_ONLY_BODY_NOT_LOCATED_PUBLICLY,NON_ADDITIVE,"The public norm proves file identity and custody, not body availability.",Zero public body rows is not zero execution.
F154,2008-09-02/2008-10-07,Debt_buyback_excess_GDP,EXECUTED_SETTLEMENT_EVIDENCE_STATUS_REVALIDATED,2026-08-30,Tesoro_Nacional,Named_participants_ultimate_holders_open,Ten_GDP_rows,full_settlement_chain,0/10,EXECUTED_ROWS_CONFIRMED,N/D,V138_PUBLIC_RESEARCH,multiple_primary_sources,E0_SETTLEMENT_EVIDENCE_LADDER_SUMMARY_V160.csv,UNCHANGED_ZERO_CONFIRMED_NOT_ZERO_PAYMENTS,NON_ADDITIVE,New metadata strengthens requests but does not add a settlement execution row.,Never convert an evidence gap into a monetary zero.
F155,2009Q3-2012-05-28,Debt_audit_2008,PARLIAMENTARY_TRANSFER_AND_ARCHIVE,2012-05-28,N/A,Congreso_Bicameral,AGN_T3_T4_activity_annexes,OV_366_09_OV_44_10,2,PARLIAMENTARY_EXPEDIENTS,N/D,NOT_APPLICABLE,e0_senado_exp_366_09_agn_res211_t3;e0_senado_exp_44_10_agn_res44_t4,official_senate_detail_pages,ARCHIVE_ROUTE_EXACT_ANNEX_BODY_OPEN,NON_ADDITIVE,Two AGN transmissions can now be requested by exact Senate expediente and archive date.,Parliamentary metadata does not reveal annex content.
F156,2008-2026,Debt_buyback_excess_GDP,LEGACY_DOCUMENT_INDEX_ROUTE,2026-08-30,N/A,N/A,S01_0342455_2008,COMDOC,0,BODY_ROWS_RECOVERED,N/D,NOT_APPLICABLE,e0_economia_consulta_expedientes_comdoc_gde,pre_September_2016_COMDOC_link,CORRECT_ROUTE_IDENTIFIED_ENDPOINT_UNAVAILABLE,NON_ADDITIVE,The correct legacy system is known but could not be queried.,Connection refusal is not evidence of document absence.
F157,2007-2010,Debt_accounting_disclosure,IMMEDIATE_DISCLOSURE_TRANSITION,2010-12-31,Tesoro_Nacional,Multiple_service_providers,Five_SIGADE_keys,Anexo_K_SIDIF_column,20,YEAR_KEY_OBSERVATIONS,N/D,ANNUAL_COMPARATOR,e0_cgn_cuenta_inversion_2007_sdp;e0_cgn_cuenta_inversion_2008_sdp;e0_cgn_cuenta_inversion_2009_sdp;e0_cgn_cuenta_inversion_2010_sdp,Anexo_K_pp68_67_74_74,DISCLOSURE_CHANGE_EXACT_UNDERLYING_SUBLEDGER_OPEN,NON_ADDITIVE,"Itemized, aggregated and blank publication states coexist around 2008.",Publication state is not the existence state of underlying accounting records.
F158,2011-2013,Legacy_document_index,FINDDOC_CAPABILITY_AND_CONTROL,2013-03-05,N/A,N/A,COMDOC_S01_files,FindDoc_route_metadata,4,OUTPUT_FIELD_FAMILIES,N/D,NOT_APPLICABLE,e0_agenda_digital_finddoc_comdoc_architecture;e0_agn_informe_254_2013_finddoc_control,Agenda_pp206_207;AGN_254_pp91_93_133,HISTORIC_CAPABILITY_AND_OPERATIONAL_CONTROL_PROVED,NON_ADDITIVE,FindDoc exposed route/location metadata and was actually used for another 2008 S01 file.,The target query remains unexecuted and body content is outside the proven output schema.
F159,2008-2026,Debt_buyback_excess_GDP,TARGET_FINDDOC_ADMINISTRATIVE_QUERY,2026-08-30,N/A,N/A,S01_0342455_2008,COMDOC_FindDoc,0,TARGET_QUERY_RESULTS,N/D,NOT_APPLICABLE,e0_economia_consulta_expedientes_comdoc_gde;e0_agenda_digital_finddoc_comdoc_architecture,official_alternative_channels,ADMINISTRATIVE_EXPORT_REQUIRED_DRAFT_NOT_SENT,NON_ADDITIVE,The expected route fields and official contact channel are known.,No request was submitted and no target route was recovered.
F160,1995-2008,Debt_accounting_payment_chain,SIDIF_TO_BANK_DEBIT_RECONCILIATION_OPEN,2008-12-31,Tesoro_Nacional,Unknown_target_beneficiaries,SIDIF_71597_152677_2876,UNCLASSIFIED_SIDIF_CANDIDATE_CHAIN,3,SIDIF_LOCATORS,N/D,NOT_APPLICABLE,e0_cgn_cuenta_inversion_2008_sdp;e0_cgn_circular_2_1997_c41_due_date;e0_cgn_circular_6_1995_c41_tgn;e0_cgn_circular_13_2002_external_payments_c41;e0_cgn_circular_22_2004_c55_bank_debit,Anexo_K_and_CGN_procedure_rules,IDENTIFIERS_AND_CONDITIONAL_CHAINS_PROVED_TARGET_TYPE_OPEN,NON_ADDITIVE,"Three exact SIDIF identifiers can anchor conditional searches across document, processing, debit and adjustment records.",An order number is not executed payment and is not yet linked to the buyback.
F161,2012-05-18/2012-05-28,AGN_parliamentary_archive,MASS_ARCHIVE_CONTEXT_CONTROL,2012-05-28,N/A,Parliamentary_archive,OV_366_09_OV_44_10,Bicameral_note_and_HCDN_archive_batch,2,TARGET_EXPEDIENTS,N/D,NOT_APPLICABLE,e0_senado_bicameral_revisora_current_documents;e0_hcdn_session_summary_2012_05_23_mass_archive,current_public_inventory;HCDN_session_summary,MASS_ARCHIVE_CONTEXT_ONLY_EXACT_NOTE_BODY_OPEN,NON_ADDITIVE,The period contains mass archival activity but the two target strings were not located in the inspected HCDN summary.,Context does not establish the disposition of either target expediente.
F162,1997-2008,Debt_accounting_payment_chain,SIDIF_DAILY_PAYMENT_STATE_OUTPUT,2008-12-31,Tesoro_Nacional,Unknown_target_beneficiaries,SIDIF_71597_152677_2876,SDPGB_SDPAG_or_successor,3,TARGET_ORDER_IDS,N/D,NOT_APPLICABLE,e0_tgn_circular_7_1997_daily_paid_files;e0_cgn_circular_34_1997_sdpgb_paid_beneficiary_schema,Circular_TGN_7_97;Anexo_Circular_CGN_34_97,PAYMENT_STATE_SCHEMA_PROVED_TARGET_ROWS_OPEN,NON_ADDITIVE,"The official historical output distinguishes paid, rejected and annulled orders and exposes bank/payment fields.",Literal continuity of the filenames to 2008 and the three target rows remain unproved.
F163,2008,Treasury_central_account_payment_system,TGN_BCRA_ELECTRONIC_RECORD_CLASSES,2008-12-31,TGN,BCRA,Payment_instructions_movements_balances,Electronic_files_over_communication_link,3,RECORD_CLASSES,N/D,NOT_APPLICABLE,e0_cgn_cuenta_inversion_2008_tomo_ii_tgn_system_files,Cuenta_Inversion_2008_Tomo_II_printed_p177,2008_SYSTEM_RECORD_CLASSES_PROVED_TARGET_LINK_OPEN,NON_ADDITIVE,"Payment instruction, movement and balance files existed as system classes in 2008.",No target instruction or movement has been located.
F164,2008,External_public_debt_payment,C41_EXTERNAL_PAYMENT_DOCUMENT_PACKAGE,2008-10-14,SAF_355_356,Conditional_foreign_beneficiary,External_payments_if_applicable,C41_TGN_note_BNA_exchange_documents,0,TARGET_APPLICABILITY_PROVED,N/D,NOT_APPLICABLE,e0_cgn_tgn_disposicion_conjunta_47_10_2008_external_payments,Joint_Disposition_47_10_2008,CONTEMPORANEOUS_SCHEMA_PROVED_TARGET_APPLICABILITY_OPEN,NON_ADDITIVE,"If an order was external, the package should identify beneficiary, destination bank/account, currency and SIDIF order.",No target order is classified as external.
F165,2006-2008,COMDOC_document_custody,REMIT_INTEGRITY_LOSS_RECONSTRUCTION_CONTROL,2008-12-31,N/A,Depositary_area,S01_0342455_2008_and_annexes,COMDOC_remits_folios_search_reconstruction,0,TARGET_CUSTODY_RECORDS_LOCATED,N/D,NOT_APPLICABLE,e0_minplan_resolution_1522_2006_comdoc_custody,Resolution_1522_2006_updated_art34,CONTEMPORANEOUS_CUSTODY_COMPARATOR_TARGET_RECORDS_OPEN,NON_ADDITIVE,"The comparator yields precise fields for remittance, integrity, intensive search and reconstruction requests.",The MINPLAN rule is not automatically governing for the Economy/ONCP target.
F166,2008,Public_debt_security_instruction,ONCP_TGN_INSTRUCTION_AND_ACCEPTANCE_COMPARATOR,2008-06-27,ONCP_TGN,Registration_or_payment_agent,Consolidation_bond_procedure,Joint_note_COMDOC_file_SIGADE_Caja_acceptance,0,TARGET_EQUIVALENCE_PROVED,N/D,NOT_APPLICABLE,e0_debt_joint_resolution_216_26_2008_instruction_chain,Joint_Resolution_216_26_2008_art5_annex,OTHER_DEBT_PROCEDURE_DOCUMENT_CLASS_COMPARATOR,NON_ADDITIVE,"A contemporaneous debt procedure generated instruction, data, validation, acceptance and SIGADE records.",It is not the buyback procedure and cannot be substituted for target proof.
F167,2008-2011,Financial_management_information_system,LEGACY_SIDIF_TO_ESIDIF_TEMPORAL_BRIDGE,2011-12-31,N/A,SAF_355_356,C41_payment_processing_environment,SIDIF_Central_TRANSAF_eSIDIF_Gastos,5,OFFICIAL_TEMPORAL_CONTROLS,N/D,NOT_APPLICABLE,e0_cgn_circular_07_2008_transaf_entes_transition;e0_cgn_account_2008_esidif_module_scope;e0_cgn_account_2009_esidif_payments_development;e0_cgn_account_2010_esidif_spending_rollout;e0_cgn_account_2011_esidif_saf356_first_spending,official_2008_2011_deployment_sequence,2008_LEGACY_SIDIF_CENTRAL_ENVIRONMENT_PROVED_LITERAL_OUTPUT_FILENAME_OPEN,NON_ADDITIVE,The target year precedes documented e-SIDIF Gastos deployment and belongs to the legacy SIDIF Central environment.,Functional continuity does not prove the literal SDPGB/SDPAG filename in 2008.
F168,2009,Treasury_payment_documentation,C41_PAPER_AND_DAILY_SELECTION_PACKET,2009-06-26,SAF_TGN,CGN_TGN,payment_orders_and_authorizations,C41_paper_daily_signed_lists_authorizations,4,RECORD_CLASSES,N/D,NOT_APPLICABLE,e0_cgn_tgn_joint_disposition_13_16_2009_payment_records,Joint_Disposition_CGN13_TGN16_2009,IMMEDIATE_POST_TARGET_PACKET_SCHEMA_PROVED_2008_APPLICABILITY_OPEN,NON_ADDITIVE,"The successor procedure exposes paper and signed daily records capable of identifying order, beneficiary, account and amount.",The 2009 rule cannot be automatically applied retroactively to 2008.
F169,2008-2009,Payment_order_expiry,PARTIAL_PAYMENT_BEFORE_EXPIRY,2008-12-12,SAF,Payment_order_beneficiary,SIDIF_71597_152677_2876,payment_order_partial_history,3,TARGET_ORDER_IDS,N/D,NOT_APPLICABLE,e0_cgn_disposition_54_2008_order_expiry_partial,CGN_Disposition_54_2008,PARTIAL_PAYMENT_STATE_RULE_PROVED_TARGET_VALUES_OPEN,NON_ADDITIVE,"Orders can carry partial payments before expiry, requiring original amount, cumulative payments and residual balance.",A final P/R/A code alone may not demonstrate total cancellation.
F170,2007-2026,Financial_document_archive,AGAN_AMIDDF_CUSTODY_AND_RETRIEVAL,2026-08-30,N/A,CGN_AGAN,SAF_financial_supporting_documents,paper_originals_digital_images_relational_index,0,TARGET_C41_HOLDINGS_LOCATED,N/D,NOT_APPLICABLE,e0_agan_current_archive_services;e0_amiddf_financial_document_images;e0_cgn_disposition_20_2007_agan_quality;e0_agan_current_coordination_contact,official_AGAN_AMIDDF_pages,DIRECT_FINANCIAL_CUSTODIAN_ROUTE_PROVED_TARGET_NOT_QUERIED,NON_ADDITIVE,AGAN/AMIDDF is the direct route for original and digitized supporting financial records from SAF operations.,No target holding or image has been recovered and the published contact was not used.
F171,2008-2009,CRYL_movement_information,TEMPORAL_ROUTE_CONTROL,2009-12-31,BCRA_CRYL,TGN,CRYL_movements,movement_information_file,1,FIRST_DOCUMENTED_INCORPORATION,N/D,NOT_APPLICABLE,e0_cgn_account_2009_esidif_payments_development,Cuenta_Inversion_2009_aspectos,CRYL_MOVEMENT_RECEIPT_FIRST_DOCUMENTED_2009_TARGET_2008_ROUTE_OPEN,NON_ADDITIVE,The official 2009 account describes receipt of CRYL movements as an incorporation.,General 2008 BCRA movement files must not be relabeled as CRYL-specific without direct evidence.
F172,2008,External_payment_classification,C41_EXTERNAL_PAYMENT_APPLICABILITY_CONTROL,2008-12-31,SAF_355_356,Unknown,SIDIF_71597_152677_2876,CONDITIONAL_C41_OBSERVATIONS_NOTE_BNA_DOCUMENTS,0,TARGET_RECORDS_CLASSIFIED_EXTERNAL,N/D,NOT_APPLICABLE,e0_cgn_cuenta_inversion_2008_sdp;e0_cgn_tgn_disposicion_conjunta_47_10_2008_external_payments;e0_agan_current_archive_services,Anexo_K_and_conditional_external_schema,EXTERNAL_PAYMENT_CLASSIFICATION_OPEN,NON_ADDITIVE,Each order must be classified from its body and supporting packet before applying the external-payment schema.,The Banco Nación commission account title does not establish external-payment or buyback attribution.
F173,1998-2026,Financial_archive,AMIDDF_ACCESSION_SCHEMA,2026-08-30,SAF355,AMIDDF,2008_Otros_Gastos,remittance_index,15_FIELDS,N/D,N/D,NOT_APPLICABLE,e0_cgn_disposition_46_1998_amiddf_annex;e0_cgn_disposition_46_1998_amiddf_remittance_form,Planilla_and_instructions,ACCESSION_FIELDS_PROVED_TARGET_INDEX_OPEN,NON_ADDITIVE,The exact archival query can now start from producer/year/subseries/document numbers.,"Box, type and holdings are not yet recovered."
F174,2008,Debt_accounting,SAF_PRODUCER_IDENTITY,2026-08-30,SAF355,N/A,Anexo_K,institutional_crosswalk,1,N/D,N/D,NOT_APPLICABLE,e0_cgn_cuenta_inversion_2008_sdp;e0_cgn_account_2008_saf355_356_crosswalk,Cuadro1A_and_UEPEX,TARGET_PRODUCER_EXACT,NON_ADDITIVE,"The target producer is SAF355, not an unresolved 355/356 alternative.",Current custodian remains open.
F175,2008,SIDIF_record,DOCUMENT_TYPE_CONTROL,2026-08-30,SAF355,Unknown,71597_152677_2876,SIDIF_locator,3,N/D,N/D,NOT_APPLICABLE,e0_cgn_cuenta_inversion_2008_sdp,Anexo_K,EXACT_LOCATORS_DOCUMENT_TYPE_OPEN,NON_ADDITIVE,The printed column proves SIDIF references only.,C41 classification is not printed.
F176,1995-2009,Paper_payment_records,TEMPORAL_SCOPE,2026-08-30,SAF355,CGN_TGN,paper_forms,C41_or_other,N/D,N/D,N/D,NOT_APPLICABLE,e0_cgn_circular_19_1995_transaf_paper_timing;e0_cgn_circular_33_1995_paper_form_scope;e0_cgn_tgn_joint_disposition_13_16_2009_payment_records,paper_rules,PAPER_ROUTE_PRIORITY_SCOPE_NOT_FULLY_CLOSED,NON_ADDITIVE,A paper trail is strongly targetable and Circular33 remained until March 2009.,The SAF355/356 final phrase has placement ambiguity.
F177,2007-2013,Treasury_payment,PAGADOR_TGN_RULE,2026-08-30,TGN,Public_debt_creditor,public_debt,payment_order,ANY_AMOUNT,N/D,N/D,NOT_APPLICABLE,e0_argentina_decree_1344_2007_original_finance_rule;e0_tgn_manual_system_treasury_v1,Decree35g5;Manual_pp104_105,PAYER_RULE_PROVED_TARGET_CLASSIFICATION_OPEN,NON_ADDITIVE,Public-debt payments are not excluded from TGN by the ARS100k threshold.,Each target record still needs source/class fields.
F178,2007-2013,Treasury_payment,TOTAL_PARTIAL_CLASSIFICATION,2026-08-30,TGN_or_SAF,Beneficiary,payment_records,daily_distribution_report,TOTAL_OR_PARTIAL,N/D,N/D,NOT_APPLICABLE,e0_tgn_manual_system_treasury_v1,Manual_pp105_106_113_114,RECORD_CLASS_PROVED_TARGET_VALUES_OPEN,NON_ADDITIVE,The daily report carries the total/partial decision.,No target report is located.
F179,2008-2013,Bank_commissions,AUTOMATIC_DEBIT_BRANCH,2026-08-30,TGN,BNA,bank_fees,CUT_debit_regularization,32270.30_AGGREGATE,N/D,N/D,NOT_APPLICABLE,e0_tgn_manual_system_treasury_v1;e0_cgn_cuenta_inversion_2008_sdp,Manual_p112;AnexoK,ALTERNATIVE_EXECUTION_ROUTE_IDENTIFIED,NON_ADDITIVE,Bank charges may leave an extract-code and regularization trail.,The manual does not assign the target row to this route.
F180,2008-2013,Public_debt_payment,BCRA_NOTE_BRANCH,2026-08-30,TGN,BCRA,public_debt_obligations,note_batch_file_ack,N/D,N/D,N/D,NOT_APPLICABLE,e0_tgn_manual_system_treasury_v1,Manual_pp109_110_115_118,ALTERNATIVE_EXECUTION_ROUTE_IDENTIFIED,NON_ADDITIVE,"Debt obligations can be followed through note batches, files and BCRA acknowledgments.",No target batch or acknowledgment is located.
F181,2016-2026,Public_information,LEGAL_REQUEST_FIT,2026-08-30,N/A,Economy_RAIP,existing_records,index_copy_export,11_RULES,N/D,N/D,NOT_APPLICABLE,e0_argentina_law_27275_updated_access;e0_argentina_economia_access_channel_2026;e0_argentina_tad_public_information_route,Law_arts1_4_5_9_15,REQUEST_LEGALLY_REFINED_NOT_SENT,NON_ADDITIVE,"The request now asks for existing indices and documents, transfer and partial release.",No request was submitted.
F182,2008-2026,Executed_settlement_evidence,V138_REVALIDATION,2026-08-30,Treasury,Named_participants,ten_award_rows,full_execution_chain,0/10,N/D,N/D,NOT_APPLICABLE,multiple_primary_sources,V138_matrices,UNCHANGED_ZERO_CONFIRMED_NOT_ZERO_EXECUTION,NON_ADDITIVE,Producer and request keys improved but no execution row closed.,Evidence status is not a monetary zero.
F183,2003-2008,SIDIF_IDENTIFIER_WORKFLOW,DOCUMENT_CLASSIFICATION,N/D,SAF,SIDIF Central,C41/C42/C55,N° SIDIF,N/D,N/D,N/D,NOT_APPLICABLE,e0_dgsiaf_slu_sidif_number_input_2003,Tipos permitidos en función SLU,TYPE_SET_NARROWED_TARGET_TYPE_OPEN,NON_ADDITIVE,Acota primero a C41/C42/C55; no confirma uno.,"No convertir capacidad, ruta o hipótesis en ejecución target."
F184,2004-2008,BANK_COMMISSION_DIRECT_DEBIT,ACCOUNTING_REGULARIZATION,N/D,BNA,SAF,débito comisión,C55 Débito Directo,N/D,N/D,N/D,NOT_APPLICABLE,e0_dgsiaf_slu_global_regularization_2004,Características y formas de ingreso,MECHANISM_PROVED_TARGET_OPEN,NON_ADDITIVE,Coincidencia específica; aún sin fila target.,"No convertir capacidad, ruta o hipótesis en ejecución target."
F185,2001-2008,NOTE_PAYMENT,PAYMENT_MEDIUM,N/D,SAF/TGN,banco/beneficiario,OP con medio Nota,Nota de Pago,N/D,N/D,N/D,NOT_APPLICABLE,e0_dgsiaf_slu_note_payment_2001,Datos generales/cuentas/historia,RECORD_SCHEMA_PROVED_TARGET_OPEN,NON_ADDITIVE,La nota no equivale a cumplimiento hasta confirmar.,"No convertir capacidad, ruta o hipótesis en ejecución target."
F186,2002-2008,BANK_RECONCILIATION,BANK_EXTRACT,N/D,Banco,SAF,cuenta bancaria,conc_01.rep,N/D,N/D,N/D,NOT_APPLICABLE,e0_dgsiaf_slu_bank_reconciliation_reports_2002,Movimientos del Extracto,REPORT_SCHEMA_PROVED_TARGET_OPEN,NON_ADDITIVE,Extracto sin Libro Banco no cierra conciliación.,"No convertir capacidad, ruta o hipótesis en ejecución target."
F187,2002-2008,BANK_RECONCILIATION,BOOK_BANK,N/D,SAF,contabilidad,formulario,conc_02.rep,N/D,N/D,N/D,NOT_APPLICABLE,e0_dgsiaf_slu_bank_reconciliation_reports_2002,Movimientos del Libro Banco,REPORT_SCHEMA_PROVED_TARGET_OPEN,NON_ADDITIVE,Libro Banco sin extracto no prueba débito bancario.,"No convertir capacidad, ruta o hipótesis en ejecución target."
F188,2003-2008,EXPENSE_REPORT,BUDGET_EXECUTION,N/D,SAF,CGN,C35/C41/C42/C43/C55,gastos_01.rep,N/D,N/D,N/D,NOT_APPLICABLE,e0_dgsiaf_slu_expense_reports_2003,Cabeceras e ítems,REPORT_SCHEMA_PROVED_TARGET_OPEN,NON_ADDITIVE,Pagado es informativo; cruzar con F80/PG.,"No convertir capacidad, ruta o hipótesis en ejecución target."
F189,2003-2008,PAYMENT_REPORT,PAYMENT_EVENT,N/D,SAF/TGN,beneficiario,F80/OP,pagos_04.rep,N/D,N/D,N/D,NOT_APPLICABLE,e0_dgsiaf_slu_payment_reports_2003,Formularios por OP,REPORT_SCHEMA_PROVED_TARGET_OPEN,NON_ADDITIVE,F80 requiere conciliación final.,"No convertir capacidad, ruta o hipótesis en ejecución target."
F190,2004-2008,PAYMENT_QUERY,PAYMENT_CERTIFICATE,N/D,Tesorería,beneficiario,OP,consulta pagos,N/D,N/D,N/D,NOT_APPLICABLE,e0_dgsiaf_slu_payment_query_2004,Filtros de consulta,QUERY_SCHEMA_PROVED_TARGET_OPEN,NON_ADDITIVE,Capacidad no es resultado target.,"No convertir capacidad, ruta o hipótesis en ejecución target."
F191,2002-2008,FOREIGN_PAYMENT,C41_AND_COMMISSION_ACCOUNT,N/D,SAF355,BNA/BCRA,beneficiario exterior,C41+Nota,N/D,N/D,N/D,NOT_APPLICABLE,e0_cgn_circular_13_2002_foreign_payments,Puntos 1-9,ROUTE_PROVED_TARGET_OPEN,NON_ADDITIVE,Regla aplicable antes de 20/11/2008.,"No convertir capacidad, ruta o hipótesis en ejecución target."
F192,2008-11/12,FOREIGN_PAYMENT,INSTRUCTION,N/D,TGN,BNA,beneficiario exterior,C41+Nota+Boleto,N/D,N/D,N/D,NOT_APPLICABLE,e0_cgn_tgn_disposition_47_10_2008_foreign_payments_annex,Puntos 1-5,ROUTE_PROVED_TARGET_DATE_OPEN,NON_ADDITIVE,Sólo si la fecha target cae bajo la nueva norma.,"No convertir capacidad, ruta o hipótesis en ejecución target."
F193,2010,SAF355_SYSTEM_DEPLOYMENT,QUERY_CAPABILITY,N/D,Secretaría de Hacienda,SAF355,todos los negocios,e-SIDIF,N/D,N/D,N/D,NOT_APPLICABLE,e0_cgn_account_2010_saf355_esidif_deployment,Septiembre 2010,DEPLOYMENT_PROVED_MIGRATION_SCOPE_OPEN,NON_ADDITIVE,No prueba integridad de cada registro 2008.,"No convertir capacidad, ruta o hipótesis en ejecución target."
F194,2024-2026,LEGACY_SYSTEM_ACCESS,QUERY_AUTHORITY,N/D,Secretaría de Hacienda,usuarios,SC/SLU/BUDI,SICHE,N/D,N/D,N/D,NOT_APPLICABLE,e0_argentina_resolution_53_2024_siche,Arts. 1-3,CURRENT_UNIQUE_QUERY_ROUTE_PROVED,NON_ADDITIVE,Acceso público se gestiona vía RAIP; no enviado.,"No convertir capacidad, ruta o hipótesis en ejecución target."
F195,2013-2026,ESIDIF_PAYMENT_QUERY,QUERY_CROSSWALK,N/D,Secretaría de Hacienda,usuarios,OP/PG,consulta por N° SIDIF,N/D,N/D,N/D,NOT_APPLICABLE,e0_dgsiaf_esidif_payment_queries_2013,pp. 5-9,CURRENT_SCHEMA_PROVED_TARGET_MIGRATION_OPEN,NON_ADDITIVE,Manual posterior usado sólo como crosswalk.,"No convertir capacidad, ruta o hipótesis en ejecución target."
F196,2020,SICHE_DEPLOYMENT,GASTOS_QUERY,N/D,Secretaría de Hacienda,usuarios SICHE,SIDIF Central modelo 95,consulta Gastos,N/D,N/D,N/D,NOT_APPLICABLE,e0_dgsiaf_siche_deployment_2020_q1,p.10,QUERY_CAPABILITY_PROVED_TARGET_OPEN,NON_ADDITIVE,Gastos estaba desplegado con expresiones numéricas.,"No convertir capacidad, comparador o esquema en ejecución target."
F197,2020,SICHE_DEPLOYMENT,PAYMENTS_QUERY,N/D,Secretaría de Hacienda,usuarios SICHE,SIDIF Central modelo 95,consulta Pagos,N/D,N/D,N/D,NOT_APPLICABLE,e0_dgsiaf_siche_deployment_2020_q1,p.10,QUERY_CAPABILITY_PROVED_TARGET_OPEN,NON_ADDITIVE,Pagos estaba desplegado en SICHE.,"No convertir capacidad, comparador o esquema en ejecución target."
F198,2020,SICHE_DEPLOYMENT,SPECIAL_QUERY,N/D,Secretaría de Hacienda,usuarios SICHE,consultas especiales,consulta solicitada,N/D,N/D,N/D,NOT_APPLICABLE,e0_dgsiaf_siche_deployment_2020_q4,p.10,SPECIAL_QUERY_CAPABILITY_PROVED_TARGET_OPEN,NON_ADDITIVE,Había consultas especiales pedidas por usuarios.,"No convertir capacidad, comparador o esquema en ejecución target."
F199,2020,SICHE_DEPLOYMENT,BANK_RECONCILIATION_QUERY,N/D,Secretaría de Hacienda,usuarios SICHE,SIDIF Central,Conciliación Bancaria,N/D,N/D,N/D,NOT_APPLICABLE,e0_dgsiaf_siche_deployment_2020_q4,p.10,QUERY_CAPABILITY_PROVED_TARGET_OPEN,NON_ADDITIVE,La conciliación era dominio consultable.,"No convertir capacidad, comparador o esquema en ejecución target."
F200,2021,SICHE_SEARCH,HEADER_DETAIL_FILTER,N/D,Secretaría de Hacienda,usuarios SICHE,comprobantes/formularios/acuerdos/entes,búsqueda detallada,N/D,N/D,N/D,NOT_APPLICABLE,e0_dgsiaf_siche_deployment_2021_q2,p.11,FILTER_CAPABILITY_PROVED_TARGET_OPEN,NON_ADDITIVE,Filtros operan en cabecera y detalle.,"No convertir capacidad, comparador o esquema en ejecución target."
F201,2026,SIDIF_CENTRAL_DECOMMISSION,FORM_SCOPE,N/D,Secretaría de Hacienda,SICHE,C35/C41/C55,modelos Gastos,N/D,N/D,N/D,NOT_APPLICABLE,e0_dgsiaf_sidif_forms_decommission_2025,página oficial,CURRENT_SCOPE_PROVED_TARGET_TYPE_OPEN,NON_ADDITIVE,Incluye transmisiones; C42 SLU no queda excluido.,"No convertir capacidad, comparador o esquema en ejecución target."
F202,diseño previo a 2008,SLU_TREASURY,PAYMENT_MODE,N/D,SAF/TGN,banco/beneficiario,pagos,CUT/cuenta/efectivo/Nota/valores/compensación,N/D,N/D,N/D,NOT_APPLICABLE,e0_dgsiaf_slu_system_description_v3,PDF p.107,SYSTEM_SCHEMA_PROVED_TARGET_OPEN,NON_ADDITIVE,Enumera medios y separa selección de confirmación.,"No convertir capacidad, comparador o esquema en ejecución target."
F203,diseño previo a 2008,SLU_BANK_RECONCILIATION,TWO_SIDED_MATCH,N/D,Banco,SAF,movimientos,extracto externo + Libro Banco,N/D,N/D,N/D,NOT_APPLICABLE,e0_dgsiaf_slu_system_description_v3,PDF p.113,SYSTEM_SCHEMA_PROVED_TARGET_OPEN,NON_ADDITIVE,Ambas caras son necesarias.,"No convertir capacidad, comparador o esquema en ejecución target."
F204,diseño previo a 2008,SLU_BANK_COMMISSION,AUTOMATIC_MOVEMENT,N/D,BNA,SAF,comisión bancaria,movimiento automático,N/D,N/D,N/D,NOT_APPLICABLE,e0_dgsiaf_slu_system_description_v3,PDF p.114,MECHANISM_COMPARATOR_PROVED_TARGET_OPEN,NON_ADDITIVE,Compatible con C55; no clasifica target.,"No convertir capacidad, comparador o esquema en ejecución target."
F205,diseño previo a 2008,SLU_BANK_MOVEMENT,PAYMENT_VS_AUTOMATIC,N/D,TGN/BNA,SAF,débitos,pago instruido vs débito automático,N/D,N/D,N/D,NOT_APPLICABLE,e0_dgsiaf_slu_system_description_v3,PDF p.115,MECHANISM_SPLIT_PROVED_TARGET_OPEN,NON_ADDITIVE,Permite formular test discriminante.,"No convertir capacidad, comparador o esquema en ejecución target."
F206,2010,ACCOUNT_83106000,DOCUMENT_COMPARATOR,N/D,SAF355,BNA,comisiones,C41,N/D,N/D,N/D,NOT_APPLICABLE,e0_cgn_cuenta_inversion_2010_sdp,Anexo K p.74,LEADING_DOCUMENT_COMPARATOR_TARGET_OPEN,NON_ADDITIVE,Misma cuenta y leyenda; año diferente.,"No convertir capacidad, comparador o esquema en ejecución target."
F207,2011-2015,ACCOUNT_83106000,SEMANTIC_DRIFT,N/D,SAF355,BNA,convenio YPF,C41/VARIOS,N/D,N/D,N/D,NOT_APPLICABLE,e0_cgn_cuenta_inversion_2011_sdp;e0_cgn_cuenta_inversion_2012_sdp;e0_cgn_cuenta_inversion_2013_sdp;e0_cgn_cuenta_inversion_2014_sdp;e0_cgn_cuenta_inversion_2015_sdp,Anexos K,CODE_REUSE_PROVED_TARGET_PURPOSE_OPEN,NON_ADDITIVE,El mismo código cambia de descripción.,"No convertir capacidad, comparador o esquema en ejecución target."
F208,2008-2026,TARGET_CLASSIFICATION,DUAL_PRIORITY,N/D,SAF355,SICHE/AMIDDF,tres SIDIF,C41 tipo / C55 mecanismo,N/D,N/D,N/D,NOT_APPLICABLE,e0_cgn_cuenta_inversion_2010_sdp;e0_dgsiaf_slu_system_description_v3,comparación combinada,DUAL_PRIORITY_NO_TARGET_PROOF,NON_ADDITIVE,Sólo exportación y cuerpo target deciden.,"No convertir capacidad, comparador o esquema en ejecución target."
F209,2022,SICHE_NAMED_QUERY,PDA_SIGADE_FORM,N/D,Secretaría de Hacienda,órganos rectores,formularios,Pda+SIGADE,N/D,N/D,N/D,NOT_APPLICABLE,e0_dgsiaf_siche_special_queries_2022_q3,página oficial,EXACT_QUERY_PROVED_NOT_RUN,NON_ADDITIVE,Consulta exacta para 7.2.8/83106000.,"No convertir capacidad, campo o consulta en resultado target."
F210,2022,SICHE_NAMED_QUERY,BENEFICIARY_EXPANSION,N/D,Secretaría de Hacienda,órganos rectores,gastos,Gastos por Beneficiarios,N/D,N/D,N/D,NOT_APPLICABLE,e0_dgsiaf_siche_special_queries_2022_q3,página oficial,QUERY_PROVED_NOT_RUN,NON_ADDITIVE,Control independiente por beneficiario.,"No convertir capacidad, campo o consulta en resultado target."
F211,2022,SICHE_NAMED_QUERY,DUE_DEBT,N/D,Secretaría de Hacienda,órganos rectores,deuda hasta 2008,Deuda Exigible,N/D,N/D,N/D,NOT_APPLICABLE,e0_dgsiaf_siche_special_queries_2022_q3,página oficial,QUERY_PROVED_SEMANTICS_OPEN_NOT_RUN,NON_ADDITIVE,Requiere fecha de corte y diccionario.,"No convertir capacidad, campo o consulta en resultado target."
F212,2001-2012,SICHE_NAMED_QUERY,DETAILED_JOURNAL,N/D,Secretaría de Hacienda,órganos rectores,asientos,Debe/Haber/cuenta/asiento/tipo,N/D,N/D,N/D,NOT_APPLICABLE,e0_dgsiaf_siche_special_queries_2022_q3,página oficial,QUERY_FIELDS_PROVED_NOT_RUN,NON_ADDITIVE,Asiento no equivale a pago bancario.,"No convertir capacidad, campo o consulta en resultado target."
F213,2020,ESIDIF_PAYMENT,SIGADE_ATTRIBUTE,N/D,SAF/TGN,beneficiario,EPP/PG/NPG/CMR-DP/TCE/RTCE,SIGADE,N/D,N/D,N/D,NOT_APPLICABLE,e0_dgsiaf_esidif_line33_sigade_payments_2020,PDF p.4,CURRENT_SCHEMA_PROVED_LEGACY_OPEN,NON_ADDITIVE,Crosswalk; migración no probada.,"No convertir capacidad, campo o consulta en resultado target."
F214,2020,ESIDIF_PAYMENT,PAYMENT_SUMMARY,N/D,SAF/TGN,usuarios,pagos,beneficiario/emisor/fuente/cuenta,N/D,N/D,N/D,NOT_APPLICABLE,e0_dgsiaf_esidif_line33_sigade_payments_2020,PDF p.4,CURRENT_FILTERS_PROVED_LEGACY_OPEN,NON_ADDITIVE,Útil para separar emisor y beneficiario.,"No convertir capacidad, campo o consulta en resultado target."
F215,2020,ESIDIF_PAYMENT,PAYMENT_MEDIUM_TIMING,N/D,SAF/TGN,contabilidad,medios,originado en confirmación/posterior,N/D,N/D,N/D,NOT_APPLICABLE,e0_dgsiaf_esidif_line33_sigade_payments_2020,PDF p.4,CURRENT_DISCRIMINATOR_PROVED_LEGACY_OPEN,NON_ADDITIVE,Distingue pago de regularización posterior.,"No convertir capacidad, campo o consulta en resultado target."
F216,actual,EXECUTION_WEBSERVICE,EXPEDIENT_LINK,N/D,SAF,usuario,expediente,OP+pagos asociados,N/D,N/D,N/D,NOT_APPLICABLE,e0_dgsiaf_execution_webservice_current,página oficial,CURRENT_LOGICAL_LINK_PROVED_TARGET_OPEN,NON_ADDITIVE,Servicio actual; expediente legado abierto.,"No convertir capacidad, campo o consulta en resultado target."
F217,2008-2026,TARGET_QUERY,RUNBOOK,N/D,Ministerio de Economía,solicitante,tres SIDIF,consultas nombradas,N/D,N/D,N/D,NOT_APPLICABLE,e0_dgsiaf_siche_special_queries_2022_q3,runbook V140,QUERY_PACKAGE_PROVED_NOT_EXECUTED,NON_ADDITIVE,Seis pedidos siguen no enviados.,"No convertir capacidad, campo o consulta en resultado target."
F218,2008-2026,TARGET_QUERY,ZERO_RESULT_AUDIT,N/D,Ministerio de Economía,solicitante,cada dataset,metadatos de búsqueda,N/D,N/D,N/D,NOT_APPLICABLE,e0_dgsiaf_siche_special_queries_2022_q3,matriz V140,NEGATIVE_STANDARD_PROVED_NO_RESPONSE,NON_ADDITIVE,Cero sin metadatos no cierra la brecha.,"No convertir capacidad, campo o consulta en resultado target."
F219,2020,SICHE_CUT,HISTORICAL_REPOSITORY,N/D,2007-2014,N/D,target 2008,Repositorio CUT-SIDIF Central,N/D,N/D,N/D,NOT_APPLICABLE,e0_dgsiaf_siche_cut_repository_2020_q2;e0_tgn_treasury_system_v3_2022_cut_extract;e0_tgn_cut_auditor_instruction_2025,matrices V160,ROUTE_PROVED_TARGET_OPEN,NON_ADDITIVE,Cobertura incluye 2008.,"No convertir repositorio, campo, log o diferencia en pago ejecutado."
F220,2007-2014,SICHE_CUT,BASIC_ENTITIES,N/D,órganos rectores,N/D,target 2008,Entidades Básicas,N/D,N/D,N/D,NOT_APPLICABLE,e0_dgsiaf_siche_cut_repository_2020_q2;e0_tgn_treasury_system_v3_2022_cut_extract;e0_tgn_cut_auditor_instruction_2025,matrices V160,QUERY_CLASS_PROVED_NOT_RUN,NON_ADDITIVE,Debe identificar cuenta histórica.,"No convertir repositorio, campo, log o diferencia en pago ejecutado."
F221,2007-2014,SICHE_CUT,OPERATION_ACCOUNT_BALANCES,N/D,órganos rectores,N/D,target 2008,Saldos por Tipo de Apertura,N/D,N/D,N/D,NOT_APPLICABLE,e0_dgsiaf_siche_cut_repository_2020_q2;e0_tgn_treasury_system_v3_2022_cut_extract;e0_tgn_cut_auditor_instruction_2025,matrices V160,QUERY_CLASS_PROVED_NOT_RUN,NON_ADDITIVE,Saldo no identifica movimiento.,"No convertir repositorio, campo, log o diferencia en pago ejecutado."
F222,2007-2014,SICHE_CUT,EXTRACTS,N/D,órganos rectores,N/D,target 2008,Extractos,N/D,N/D,N/D,NOT_APPLICABLE,e0_dgsiaf_siche_cut_repository_2020_q2;e0_tgn_treasury_system_v3_2022_cut_extract;e0_tgn_cut_auditor_instruction_2025,matrices V160,EXACT_ROUTE_PROVED_NOT_RUN,NON_ADDITIVE,Extracto target no recuperado.,"No convertir repositorio, campo, log o diferencia en pago ejecutado."
F223,2007-2014,SICHE_CUT,IMPACT_LOGS,N/D,órganos rectores,N/D,target 2008,Logs de Impacto,N/D,N/D,N/D,NOT_APPLICABLE,e0_dgsiaf_siche_cut_repository_2020_q2;e0_tgn_treasury_system_v3_2022_cut_extract;e0_tgn_cut_auditor_instruction_2025,matrices V160,EXACT_ROUTE_PROVED_NOT_RUN,NON_ADDITIVE,Log target no recuperado.,"No convertir repositorio, campo, log o diferencia en pago ejecutado."
F224,2022,CUT_MODEL,FORM_MOVEMENT_LINK,N/D,TGN,N/D,target 2008,formulario→movimiento,N/D,N/D,N/D,NOT_APPLICABLE,e0_dgsiaf_siche_cut_repository_2020_q2;e0_tgn_treasury_system_v3_2022_cut_extract;e0_tgn_cut_auditor_instruction_2025,matrices V160,CURRENT_LINK_PROVED_LEGACY_OPEN,NON_ADDITIVE,Equivalente 2008 abierto.,"No convertir repositorio, campo, log o diferencia en pago ejecutado."
F225,2025,CUT_AUDITOR,BNA_BOOK_RECONCILIATION,N/D,TGN,N/D,target 2008,BNA→Libro Banco→Cuenta Operación,N/D,N/D,N/D,NOT_APPLICABLE,e0_dgsiaf_siche_cut_repository_2020_q2;e0_tgn_treasury_system_v3_2022_cut_extract;e0_tgn_cut_auditor_instruction_2025,matrices V160,CURRENT_SCHEMA_PROVED_LEGACY_OPEN,NON_ADDITIVE,No prueba target.,"No convertir repositorio, campo, log o diferencia en pago ejecutado."
F226,2025,CUT_AUDITOR,EXTRACT_DETAIL,N/D,TGN,N/D,target 2008,fecha/códigos/cpte/importe/estado,N/D,N/D,N/D,NOT_APPLICABLE,e0_dgsiaf_siche_cut_repository_2020_q2;e0_tgn_treasury_system_v3_2022_cut_extract;e0_tgn_cut_auditor_instruction_2025,matrices V160,CURRENT_FIELDS_PROVED_LEGACY_OPEN,NON_ADDITIVE,Crosswalk posterior.,"No convertir repositorio, campo, log o diferencia en pago ejecutado."
F227,2008-2026,TARGET_QUERY,CUT_RUNBOOK,N/D,Ministerio de Economía,N/D,target 2008,14 pasos,N/D,N/D,N/D,NOT_APPLICABLE,e0_dgsiaf_siche_cut_repository_2020_q2;e0_tgn_treasury_system_v3_2022_cut_extract;e0_tgn_cut_auditor_instruction_2025,matrices V160,QUERY_PACKAGE_PROVED_NOT_EXECUTED,NON_ADDITIVE,Pedido no enviado.,"No convertir repositorio, campo, log o diferencia en pago ejecutado."
F228,2008-2026,TARGET_QUERY,CUT_ZERO_AUDIT,N/D,Ministerio de Economía,N/D,target 2008,metadatos,N/D,N/D,N/D,NOT_APPLICABLE,e0_dgsiaf_siche_cut_repository_2020_q2;e0_tgn_treasury_system_v3_2022_cut_extract;e0_tgn_cut_auditor_instruction_2025,matrices V160,NEGATIVE_STANDARD_PROVED_NO_RESPONSE,NON_ADDITIVE,Cero sin alcance no cierra.,"No convertir repositorio, campo, log o diferencia en pago ejecutado."
F229,2013,CUT_CODEBOOK,OPERATION_ACCOUNT,N/D,TGN,N/D,target 2008,230 Débitos Automáticos,N/D,N/D,N/D,NOT_APPLICABLE,e0_tgn_manual_system_treasury_v1;e0_tgn_treasury_system_v3_2022_cut_extract,matrices V160,CANDIDATE_ACCOUNT_PROVED_TARGET_OPEN,NON_ADDITIVE,Gastos bancarios y embargos; fila target ausente.,"No convertir código, cuenta o ruta de conciliación en ejecución target."
F230,2022,CUT_CODEBOOK,OPERATION_ACCOUNT,N/D,TGN,N/D,target 2008,230 Débitos extracto bancario,N/D,N/D,N/D,NOT_APPLICABLE,e0_tgn_manual_system_treasury_v1;e0_tgn_treasury_system_v3_2022_cut_extract,matrices V160,FUNCTIONAL_CONTINUITY_PROVED_TARGET_OPEN,NON_ADDITIVE,Misma función documentada; no retroactividad.,"No convertir código, cuenta o ruta de conciliación en ejecución target."
F231,2013,CUT_CODEBOOK,MOVEMENT_CODE,N/D,TGN,N/D,target 2008,AUTO Débito Automático,N/D,N/D,N/D,NOT_APPLICABLE,e0_tgn_manual_system_treasury_v1;e0_tgn_treasury_system_v3_2022_cut_extract,matrices V160,CANDIDATE_CODE_PROVED_TARGET_OPEN,NON_ADDITIVE,Código exacto 2008 abierto.,"No convertir código, cuenta o ruta de conciliación en ejecución target."
F232,2022,CUT_CODEBOOK,MOVEMENT_CODE,N/D,TGN,N/D,target 2008,DBAUTO/CRAUTO,N/D,N/D,N/D,NOT_APPLICABLE,e0_tgn_manual_system_treasury_v1;e0_tgn_treasury_system_v3_2022_cut_extract,matrices V160,SIGN_SPLIT_PROVED_TARGET_OPEN,NON_ADDITIVE,Evolución posterior del código AUTO.,"No convertir código, cuenta o ruta de conciliación en ejecución target."
F233,2013,BANK_RECONCILIATION,REFERENCE,N/D,BNA,N/D,target 2008,referencia unívoca,N/D,N/D,N/D,NOT_APPLICABLE,e0_tgn_manual_system_treasury_v1;e0_tgn_treasury_system_v3_2022_cut_extract,matrices V160,JOIN_KEY_REQUIRED_TARGET_OPEN,NON_ADDITIVE,Referencia target no recuperada.,"No convertir código, cuenta o ruta de conciliación en ejecución target."
F234,2013,BANK_RECONCILIATION,CODE_MAPPING,N/D,BNA/TGN,N/D,target 2008,externo→interno,N/D,N/D,N/D,NOT_APPLICABLE,e0_tgn_manual_system_treasury_v1;e0_tgn_treasury_system_v3_2022_cut_extract,matrices V160,MAPPING_ROUTE_PROVED_TARGET_OPEN,NON_ADDITIVE,Tabla histórica 2008 pendiente.,"No convertir código, cuenta o ruta de conciliación en ejecución target."
F235,2013,BANK_RECONCILIATION,AUTOMATIC_APPLICATION,N/D,TGN,N/D,target 2008,APL comisión→gasto SIDIF,N/D,N/D,N/D,NOT_APPLICABLE,e0_tgn_manual_system_treasury_v1;e0_tgn_treasury_system_v3_2022_cut_extract,matrices V160,MECHANISM_PROVED_TARGET_OPEN,NON_ADDITIVE,No identifica los tres SIDIF.,"No convertir código, cuenta o ruta de conciliación en ejecución target."
F236,2013,BANK_RECONCILIATION,MATCH,N/D,TGN,N/D,target 2008,LIB/APL/EXB/MAN,N/D,N/D,N/D,NOT_APPLICABLE,e0_tgn_manual_system_treasury_v1;e0_tgn_treasury_system_v3_2022_cut_extract,matrices V160,STATE_ROUTE_PROVED_TARGET_OPEN,NON_ADDITIVE,Grupo target pendiente.,"No convertir código, cuenta o ruta de conciliación en ejecución target."
F237,2013-2022,CUT_CODEBOOK,CONTINUITY,N/D,TGN,N/D,target 2008,28 códigos comparados,N/D,N/D,N/D,NOT_APPLICABLE,e0_tgn_manual_system_treasury_v1;e0_tgn_treasury_system_v3_2022_cut_extract,matrices V160,CROSSWALK_PROVED_NOT_RETROACTIVE,NON_ADDITIVE,"Dos cambios semánticos, un desdoblamiento y una omisión.","No convertir código, cuenta o ruta de conciliación en ejecución target."
F238,2008-2026,TARGET_QUERY,CODE_DISCRIMINATION,N/D,Ministerio de Economía,N/D,target 2008,19 pasos,N/D,N/D,N/D,NOT_APPLICABLE,e0_tgn_manual_system_treasury_v1;e0_tgn_treasury_system_v3_2022_cut_extract,matrices V160,QUERY_PACKAGE_PROVED_NOT_EXECUTED,NON_ADDITIVE,Borrador no enviado.,"No convertir código, cuenta o ruta de conciliación en ejecución target."
F239,2001-06,SLU_PAYMENT_NOTE,EXPENSE_ACCOUNT,N/D,TGN/SAF,N/D,target 2008,cuenta de gastos banco/sucursal/cuenta,N/D,N/D,N/D,NOT_APPLICABLE,e0_dgsiaf_slu_note_payment_2001,matrices contemporáneas V160,PRE_2008_ROUTE_PROVED,NON_ADDITIVE,Cuenta target no recuperada.,"No convertir diseño, reporte o estado genérico en ejecución target."
F240,2002-09,SLU_RECONCILIATION,EXTERNAL_REPORT,N/D,TGN/SAF,N/D,target 2008,conc_01.rep,N/D,N/D,N/D,NOT_APPLICABLE,e0_dgsiaf_slu_bank_reconciliation_reports_2002,matrices contemporáneas V160,PRE_2008_REPORT_SCHEMA_PROVED,NON_ADDITIVE,Reporte target no ejecutado.,"No convertir diseño, reporte o estado genérico en ejecución target."
F241,2002-09,SLU_RECONCILIATION,INTERNAL_REPORT,N/D,TGN/SAF,N/D,target 2008,conc_02.rep,N/D,N/D,N/D,NOT_APPLICABLE,e0_dgsiaf_slu_bank_reconciliation_reports_2002,matrices contemporáneas V160,PRE_2008_REPORT_SCHEMA_PROVED,NON_ADDITIVE,Reporte target no ejecutado.,"No convertir diseño, reporte o estado genérico en ejecución target."
F242,2004-2005,C55_REGULARIZATION,DIRECT_DEBIT_TRIGGER,N/D,TGN/SAF,N/D,target 2008,comisión cobrada debitada,N/D,N/D,N/D,NOT_APPLICABLE,e0_dgsiaf_slu_global_regularization_2004,matrices contemporáneas V160,PRE_2008_COMMISSION_MECHANISM_PROVED,NON_ADDITIVE,No identifica importe ni SIDIF target.,"No convertir diseño, reporte o estado genérico en ejecución target."
F243,2004-2005,C55_REGULARIZATION,DIRECT_DEBIT_SIGNATURE,N/D,TGN/SAF,N/D,target 2008,sin OP original; cuenta débito obligatoria,N/D,N/D,N/D,NOT_APPLICABLE,e0_dgsiaf_slu_global_regularization_2004,matrices contemporáneas V160,PRE_2008_TARGET_SIGNATURE_PROVED,NON_ADDITIVE,Formulario target no recuperado.,"No convertir diseño, reporte o estado genérico en ejecución target."
F244,2004-2005,C55_REGULARIZATION,CENTRAL_ACCEPTANCE,N/D,TGN/SAF,N/D,target 2008,C confirmado; impacto Libro Banco,N/D,N/D,N/D,NOT_APPLICABLE,e0_dgsiaf_slu_global_regularization_2004,matrices contemporáneas V160,PRE_2008_ACCEPTANCE_RULE_PROVED,NON_ADDITIVE,Estado target abierto.,"No convertir diseño, reporte o estado genérico en ejecución target."
F245,2004-2005,C55_REGULARIZATION,STATE_AND_REVERSAL,N/D,TGN/SAF,N/D,target 2008,I/X/E/C/R; C55-DEG,N/D,N/D,N/D,NOT_APPLICABLE,e0_dgsiaf_slu_global_regularization_2004,matrices contemporáneas V160,PRE_2008_AUDIT_TRAIL_PROVED,NON_ADDITIVE,Histórico target no recuperado.,"No convertir diseño, reporte o estado genérico en ejecución target."
F246,2005-08-16,SLU_PAYMENT,PUBLIC_DEBT_BRANCH,N/D,TGN/SAF,N/D,target 2008,servicio deuda sin gastos/comisiones,N/D,N/D,N/D,NOT_APPLICABLE,e0_dgsiaf_slu_system_description_v3,matrices contemporáneas V160,PRE_2008_NEGATIVE_BRANCH_PROVED,NON_ADDITIVE,No descarta comisión bancaria separada del pago.,"No convertir diseño, reporte o estado genérico en ejecución target."
F247,2005-08-16,SLU_PAYMENT,FOREIGN_TRANSFER_BRANCH,N/D,TGN/SAF,N/D,target 2008,transferencia exterior/carta crédito con gastos y comisiones,N/D,N/D,N/D,NOT_APPLICABLE,e0_dgsiaf_slu_system_description_v3,matrices contemporáneas V160,PRE_2008_POSITIVE_BRANCH_PROVED,NON_ADDITIVE,Tipo target no recuperado.,"No convertir diseño, reporte o estado genérico en ejecución target."
F248,2005-08-16,SLU_RECONCILIATION,AUTOMATIC_THEN_MANUAL,N/D,TGN/SAF,N/D,target 2008,comisión→extracto interno→conciliación,N/D,N/D,N/D,NOT_APPLICABLE,e0_dgsiaf_slu_system_description_v3,matrices contemporáneas V160,PRE_2008_RECONCILIATION_ROUTE_PROVED,NON_ADDITIVE,Movimiento target no recuperado.,"No convertir diseño, reporte o estado genérico en ejecución target."
F249,2002-2005,SLU_TABLES,EXACT_TABLE_DICTIONARY,N/D,TGN/SAF/BNA/DGSIAF,N/D,target 2008,BGRUPMOVBCO;BMOVBCO;BMOVEXTERNO;AMOV_FORG;ACLB_MOB;BCODLIBBCO,N/D,N/D,N/D,NOT_APPLICABLE,e0_dgsiaf_slu_treasury_basic_tables_2,matrices SLU V160,EXACT_SCHEMA_PROVED_TARGET_ROW_OPEN,NON_ADDITIVE,Nombres y función cerrados; valores 2008 ausentes.,"No convertir tabla, mecanismo, versión o estrategia de recuperación en ejecución target."
F250,2002-2005,SLU_TABLES,RETENTION_LIMIT,N/D,TGN/SAF/BNA/DGSIAF,N/D,target 2008,tablas centrales sin historia,N/D,N/D,N/D,NOT_APPLICABLE,e0_dgsiaf_slu_treasury_basic_tables_1;e0_dgsiaf_slu_treasury_basic_tables_2,matrices SLU V160,STRUCTURAL_HISTORY_GAP_PROVED,NON_ADDITIVE,Consulta vigente no reconstruye por sí sola 2008.,"No convertir tabla, mecanismo, versión o estrategia de recuperación en ejecución target."
F251,2002-2005,SLU_ACCOUNT,ACCOUNT_SOURCE_MAP,N/D,TGN/SAF/BNA/DGSIAF,N/D,target 2008,BCUENTA;ACTA_FUE;ACTABAN_CTAESC,N/D,N/D,N/D,NOT_APPLICABLE,e0_dgsiaf_slu_treasury_basic_tables_1,matrices SLU V160,EXACT_SCHEMA_PROVED_TARGET_ACCOUNT_OPEN,NON_ADDITIVE,Snapshot histórico requerido.,"No convertir tabla, mecanismo, versión o estrategia de recuperación en ejecución target."
F252,2002-2003,SLU_RECONCILIATION,BANK_CODE_MAP,N/D,TGN/SAF/BNA/DGSIAF,N/D,target 2008,BMOVEXTERNO→BMOVBCO→grupo,N/D,N/D,N/D,NOT_APPLICABLE,e0_dgsiaf_slu_treasury_basic_tables_2,matrices SLU V160,EXACT_MAPPING_SCHEMA_PROVED_TARGET_CODE_OPEN,NON_ADDITIVE,Código externo BNA target no localizado.,"No convertir tabla, mecanismo, versión o estrategia de recuperación en ejecución target."
F253,2002-2003,SLU_RECONCILIATION,AUTOMATIC_EXPENSE_MAP,N/D,TGN/SAF/BNA/DGSIAF,N/D,target 2008,AMOV_FORG cuenta+movimiento→partida,N/D,N/D,N/D,NOT_APPLICABLE,e0_dgsiaf_slu_treasury_basic_tables_2,matrices SLU V160,EXACT_MAPPING_SCHEMA_PROVED_TARGET_ROW_OPEN,NON_ADDITIVE,Parametrización target no localizada.,"No convertir tabla, mecanismo, versión o estrategia de recuperación en ejecución target."
F254,2002-2003,SLU_RECONCILIATION,AUTOMATIC_C55,N/D,TGN/SAF/BNA/DGSIAF,N/D,target 2008,partida+movimiento→C55→SIDIF Central,N/D,N/D,N/D,NOT_APPLICABLE,e0_dgsiaf_slu_bank_reconciliation_basic_tables_2002_v7,matrices SLU V160,CONTEMPORANEOUS_MECHANISM_PROVED_TARGET_FORM_OPEN,NON_ADDITIVE,No prueba C55 target.,"No convertir tabla, mecanismo, versión o estrategia de recuperación en ejecución target."
F255,2006-2008,SLU_VERSION,UI_VERSION,N/D,TGN/SAF/BNA/DGSIAF,N/D,target 2008,SLU v9.0 · capturas 2006/2008,N/D,N/D,N/D,NOT_APPLICABLE,e0_dgsiaf_slu_reconciliation_workshop_2017_historical_screens,matrices SLU V160,HISTORICAL_UI_VERSION_PROVED_TARGET_OPEN,NON_ADDITIVE,Documento compilado en 2017; pantalla no prueba fila.,"No convertir tabla, mecanismo, versión o estrategia de recuperación en ejecución target."
F256,2004,SLU_C10,RESOURCE_BRANCH,N/D,TGN/SAF/BNA/DGSIAF,N/D,target 2008,C10 A/M;REC/REG/COR/DES/CMP,N/D,N/D,N/D,NOT_APPLICABLE,e0_dgsiaf_slu_c10_2004_v10,matrices SLU V160,CONTEMPORANEOUS_RESOURCE_CONTROL_PROVED,NON_ADDITIVE,Rama recurso no equivale a C55 de comisión.,"No convertir tabla, mecanismo, versión o estrategia de recuperación en ejecución target."
F257,2005,SLU_REVERSAL,PAYMENT_REVERSAL,N/D,TGN/SAF/BNA/DGSIAF,N/D,target 2008,C55-DEP→C55-REP;contraasiento,N/D,N/D,N/D,NOT_APPLICABLE,e0_dgsiaf_slu_payment_reversal_2005,matrices SLU V160,REVERSAL_SCHEMA_PROVED_TARGET_OPEN,NON_ADDITIVE,Original/reversa target no localizados.,"No convertir tabla, mecanismo, versión o estrategia de recuperación en ejecución target."
F258,2008-2026,HISTORICAL_RECOVERY,BACKUP_SNAPSHOT,N/D,TGN/SAF/BNA/DGSIAF,N/D,target 2008,backup/dump/snapshot SLU,N/D,N/D,N/D,NOT_APPLICABLE,E0_SLU_HISTORICAL_RECOVERY_STRATEGY_V160.csv,matrices SLU V160,RECOVERY_OBJECT_DEFINED_NOT_REQUESTED,NON_ADDITIVE,Custodio y soporte pendientes.,"No convertir tabla, mecanismo, versión o estrategia de recuperación en ejecución target."
F259,2002-2008,SLU_CORRECTION,MOVEMENT_VERSION_CHAIN,N/D,TGN/SAF/BNA/DGSIAF,N/D,target 2008,original→corrección de extracto,N/D,N/D,N/D,NOT_APPLICABLE,e0_dgsiaf_slu_bank_reconciliation_manual_2003_v7,matrices SLU V160,CORRECTION_SCHEMA_PROVED_TARGET_OPEN,NON_ADDITIVE,Historial target no recuperado.,"No convertir tabla, mecanismo, versión o estrategia de recuperación en ejecución target."
F260,2008-2026,TARGET_QUERY,SLU_TABLE_RECOVERY_PACKAGE,N/D,TGN/SAF/BNA/DGSIAF,N/D,target 2008,35 pasos; 12 tablas/capas,N/D,N/D,N/D,NOT_APPLICABLE,E0_SLU_TABLE_REQUEST_FIELD_MATRIX_V160.csv,matrices SLU V160,QUERY_PACKAGE_PROVED_NOT_EXECUTED,NON_ADDITIVE,Seis pedidos siguen sin enviar.,"No convertir tabla, mecanismo, versión o estrategia de recuperación en ejecución target."


