source_archive,virtual_path,basename,size,crc,container_chain,method,normbase,depth
FRONTERA_CICLO_AJUSTE_V60_QUARTERLY_AQ_COUNTERPARTY_CORRECTION(4).zip,AQ_FREQUENCY_CORRECTION_V60.csv,AQ_FREQUENCY_CORRECTION_V60.csv,293,27279586,FRONTERA_CICLO_AJUSTE_V60_QUARTERLY_AQ_COUNTERPARTY_CORRECTION(4).zip,zip,aqfrequencycorrectionv60csv,0
FRONTERA_CICLO_AJUSTE_V60_QUARTERLY_AQ_COUNTERPARTY_CORRECTION(4).zip,AQ_SYSTEM_AGGREGATE_2023_V60.csv,AQ_SYSTEM_AGGREGATE_2023_V60.csv,453,3657801338,FRONTERA_CICLO_AJUSTE_V60_QUARTERLY_AQ_COUNTERPARTY_CORRECTION(4).zip,zip,aqsystemaggregate2023v60csv,0
FRONTERA_CICLO_AJUSTE_V60_QUARTERLY_AQ_COUNTERPARTY_CORRECTION(4).zip,AQ_TO_IEF_ANNUAL_BRIDGE_V60.csv,AQ_TO_IEF_ANNUAL_BRIDGE_V60.csv,521,3222057515,FRONTERA_CICLO_AJUSTE_V60_QUARTERLY_AQ_COUNTERPARTY_CORRECTION(4).zip,zip,aqtoiefannualbridgev60csv,0
FRONTERA_CICLO_AJUSTE_V60_QUARTERLY_AQ_COUNTERPARTY_CORRECTION(4).zip,AUDITORIA_V60.md,AUDITORIA_V60.md,1028,3191199415,FRONTERA_CICLO_AJUSTE_V60_QUARTERLY_AQ_COUNTERPARTY_CORRECTION(4).zip,zip,auditoriav60md,0
FRONTERA_CICLO_AJUSTE_V60_QUARTERLY_AQ_COUNTERPARTY_CORRECTION(4).zip,BASE_V59.zip,BASE_V59.zip,1488966,3327583224,FRONTERA_CICLO_AJUSTE_V60_QUARTERLY_AQ_COUNTERPARTY_CORRECTION(4).zip,zip,basev59zip,0
FRONTERA_CICLO_AJUSTE_V60_QUARTERLY_AQ_COUNTERPARTY_CORRECTION(4).zip,INTEREST_ACCRUED_SECTOR_FLOW_V59.csv,INTEREST_ACCRUED_SECTOR_FLOW_V59.csv,3456,2350036141,FRONTERA_CICLO_AJUSTE_V60_QUARTERLY_AQ_COUNTERPARTY_CORRECTION(4).zip::BASE_V59.zip,zip,interestaccruedsectorflowv59csv,1
FRONTERA_CICLO_AJUSTE_V60_QUARTERLY_AQ_COUNTERPARTY_CORRECTION(4).zip,SECURITIES_RESULT_ISSUER_FLOW_V59.csv,SECURITIES_RESULT_ISSUER_FLOW_V59.csv,973,2396753114,FRONTERA_CICLO_AJUSTE_V60_QUARTERLY_AQ_COUNTERPARTY_CORRECTION(4).zip::BASE_V59.zip,zip,securitiesresultissuerflowv59csv,1
FRONTERA_CICLO_AJUSTE_V60_QUARTERLY_AQ_COUNTERPARTY_CORRECTION(4).zip,MANIFEST_V59.json,MANIFEST_V59.json,3173,1958130905,FRONTERA_CICLO_AJUSTE_V60_QUARTERLY_AQ_COUNTERPARTY_CORRECTION(4).zip::BASE_V59.zip,zip,manifestv59json,1
FRONTERA_CICLO_AJUSTE_V60_QUARTERLY_AQ_COUNTERPARTY_CORRECTION(4).zip,VEREDICTO_V59.md,VEREDICTO_V59.md,1520,2869004237,FRONTERA_CICLO_AJUSTE_V60_QUARTERLY_AQ_COUNTERPARTY_CORRECTION(4).zip::BASE_V59.zip,zip,veredictov59md,1
FRONTERA_CICLO_AJUSTE_V60_QUARTERLY_AQ_COUNTERPARTY_CORRECTION(4).zip,POSITIVE_FINANCIAL_INCOME_FORMULA_V59.csv,POSITIVE_FINANCIAL_INCOME_FORMULA_V59.csv,2665,3309765842,FRONTERA_CICLO_AJUSTE_V60_QUARTERLY_AQ_COUNTERPARTY_CORRECTION(4).zip::BASE_V59.zip,zip,positivefinancialincomeformulav59csv,1
FRONTERA_CICLO_AJUSTE_V60_QUARTERLY_AQ_COUNTERPARTY_CORRECTION(4).zip,README_V59.md,README_V59.md,689,1979927137,FRONTERA_CICLO_AJUSTE_V60_QUARTERLY_AQ_COUNTERPARTY_CORRECTION(4).zip::BASE_V59.zip,zip,readmev59md,1
FRONTERA_CICLO_AJUSTE_V60_QUARTERLY_AQ_COUNTERPARTY_CORRECTION(4).zip,COMMON_DENOMINATOR_RECONCILIATION_V59.csv,COMMON_DENOMINATOR_RECONCILIATION_V59.csv,3406,3895230344,FRONTERA_CICLO_AJUSTE_V60_QUARTERLY_AQ_COUNTERPARTY_CORRECTION(4).zip::BASE_V59.zip,zip,commondenominatorreconciliationv59csv,1
FRONTERA_CICLO_AJUSTE_V60_QUARTERLY_AQ_COUNTERPARTY_CORRECTION(4).zip,BASE_V58.zip,BASE_V58.zip,1457322,799904491,FRONTERA_CICLO_AJUSTE_V60_QUARTERLY_AQ_COUNTERPARTY_CORRECTION(4).zip::BASE_V59.zip,zip,basev58zip,1
FRONTERA_CICLO_AJUSTE_V60_QUARTERLY_AQ_COUNTERPARTY_CORRECTION(4).zip,IEF_COMPONENT_RECONCILIATION_V58.csv,IEF_COMPONENT_RECONCILIATION_V58.csv,4404,771447225,FRONTERA_CICLO_AJUSTE_V60_QUARTERLY_AQ_COUNTERPARTY_CORRECTION(4).zip::BASE_V59.zip::BASE_V58.zip,zip,iefcomponentreconciliationv58csv,2
FRONTERA_CICLO_AJUSTE_V60_QUARTERLY_AQ_COUNTERPARTY_CORRECTION(4).zip,BASE_V57.zip,BASE_V57.zip,1426922,2040299978,FRONTERA_CICLO_AJUSTE_V60_QUARTERLY_AQ_COUNTERPARTY_CORRECTION(4).zip::BASE_V59.zip::BASE_V58.zip,zip,basev57zip,2
FRONTERA_CICLO_AJUSTE_V60_QUARTERLY_AQ_COUNTERPARTY_CORRECTION(4).zip,ACCOUNT_MAPPING_NIIF_V57.csv,ACCOUNT_MAPPING_NIIF_V57.csv,6675,3279393462,FRONTERA_CICLO_AJUSTE_V60_QUARTERLY_AQ_COUNTERPARTY_CORRECTION(4).zip::BASE_V59.zip::BASE_V58.zip::BASE_V57.zip,zip,accountmappingniifv57csv,3
FRONTERA_CICLO_AJUSTE_V60_QUARTERLY_AQ_COUNTERPARTY_CORRECTION(4).zip,AUDITORIA_V57.md,AUDITORIA_V57.md,3300,2845304577,FRONTERA_CICLO_AJUSTE_V60_QUARTERLY_AQ_COUNTERPARTY_CORRECTION(4).zip::BASE_V59.zip::BASE_V58.zip::BASE_V57.zip,zip,auditoriav57md,3
FRONTERA_CICLO_AJUSTE_V60_QUARTERLY_AQ_COUNTERPARTY_CORRECTION(4).zip,BASE_V56.zip,BASE_V56.zip,1405429,4102697162,FRONTERA_CICLO_AJUSTE_V60_QUARTERLY_AQ_COUNTERPARTY_CORRECTION(4).zip::BASE_V59.zip::BASE_V58.zip::BASE_V57.zip,zip,basev56zip,3
FRONTERA_CICLO_AJUSTE_V60_QUARTERLY_AQ_COUNTERPARTY_CORRECTION(4).zip,TARGET_RECONCILIATION_V56.csv,TARGET_RECONCILIATION_V56.csv,1039,3039763977,FRONTERA_CICLO_AJUSTE_V60_QUARTERLY_AQ_COUNTERPARTY_CORRECTION(4).zip::BASE_V59.zip::BASE_V58.zip::BASE_V57.zip::BASE_V56.zip,zip,targetreconciliationv56csv,4
FRONTERA_CICLO_AJUSTE_V60_QUARTERLY_AQ_COUNTERPARTY_CORRECTION(4).zip,FUENTES_V56.md,FUENTES_V56.md,1270,1201168601,FRONTERA_CICLO_AJUSTE_V60_QUARTERLY_AQ_COUNTERPARTY_CORRECTION(4).zip::BASE_V59.zip::BASE_V58.zip::BASE_V57.zip::BASE_V56.zip,zip,fuentesv56md,4
FRONTERA_CICLO_AJUSTE_V60_QUARTERLY_AQ_COUNTERPARTY_CORRECTION(4).zip,AUDITORIA_V56.md,AUDITORIA_V56.md,1958,3875203169,FRONTERA_CICLO_AJUSTE_V60_QUARTERLY_AQ_COUNTERPARTY_CORRECTION(4).zip::BASE_V59.zip::BASE_V58.zip::BASE_V57.zip::BASE_V56.zip,zip,auditoriav56md,4
FRONTERA_CICLO_AJUSTE_V60_QUARTERLY_AQ_COUNTERPARTY_CORRECTION(4).zip,PROMPT_CODEX_V57_API_VALUE_EXTRACTION_AND_RECONCILIATION.md,PROMPT_CODEX_V57_API_VALUE_EXTRACTION_AND_RECONCILIATION.md,1639,1234052454,FRONTERA_CICLO_AJUSTE_V60_QUARTERLY_AQ_COUNTERPARTY_CORRECTION(4).zip::BASE_V59.zip::BASE_V58.zip::BASE_V57.zip::BASE_V56.zip,zip,promptcodexv57apivalueextractionandreconciliationmd,4
FRONTERA_CICLO_AJUSTE_V60_QUARTERLY_AQ_COUNTERPARTY_CORRECTION(4).zip,README_V56.md,README_V56.md,741,2692164018,FRONTERA_CICLO_AJUSTE_V60_QUARTERLY_AQ_COUNTERPARTY_CORRECTION(4).zip::BASE_V59.zip::BASE_V58.zip::BASE_V57.zip::BASE_V56.zip,zip,readmev56md,4
FRONTERA_CICLO_AJUSTE_V60_QUARTERLY_AQ_COUNTERPARTY_CORRECTION(4).zip,SERIES_VALUE_BYTES_MANIFEST_V56.csv,SERIES_VALUE_BYTES_MANIFEST_V56.csv,1721,1992671686,FRONTERA_CICLO_AJUSTE_V60_QUARTERLY_AQ_COUNTERPARTY_CORRECTION(4).zip::BASE_V59.zip::BASE_V58.zip::BASE_V57.zip::BASE_V56.zip,zip,seriesvaluebytesmanifestv56csv,4
FRONTERA_CICLO_AJUSTE_V60_QUARTERLY_AQ_COUNTERPARTY_CORRECTION(4).zip,QA_RESULT_V56.txt,QA_RESULT_V56.txt,5,3256905966,FRONTERA_CICLO_AJUSTE_V60_QUARTERLY_AQ_COUNTERPARTY_CORRECTION(4).zip::BASE_V59.zip::BASE_V58.zip::BASE_V57.zip::BASE_V56.zip,zip,qaresultv56txt,4
FRONTERA_CICLO_AJUSTE_V60_QUARTERLY_AQ_COUNTERPARTY_CORRECTION(4).zip,BASE_V55.zip,BASE_V55.zip,308547,3407641759,FRONTERA_CICLO_AJUSTE_V60_QUARTERLY_AQ_COUNTERPARTY_CORRECTION(4).zip::BASE_V59.zip::BASE_V58.zip::BASE_V57.zip::BASE_V56.zip,zip,basev55zip,4
FRONTERA_CICLO_AJUSTE_V60_QUARTERLY_AQ_COUNTERPARTY_CORRECTION(4).zip,ACCOUNTING_MODE_AXIS_V55.csv,ACCOUNTING_MODE_AXIS_V55.csv,699,3452533906,FRONTERA_CICLO_AJUSTE_V60_QUARTERLY_AQ_COUNTERPARTY_CORRECTION(4).zip::BASE_V59.zip::BASE_V58.zip::BASE_V57.zip::BASE_V56.zip::BASE_V55.zip,zip,accountingmodeaxisv55csv,5
FRONTERA_CICLO_AJUSTE_V60_QUARTERLY_AQ_COUNTERPARTY_CORRECTION(4).zip,AUDITORIA_RECONCILIACION_V55.md,AUDITORIA_RECONCILIACION_V55.md,2954,954690639,FRONTERA_CICLO_AJUSTE_V60_QUARTERLY_AQ_COUNTERPARTY_CORRECTION(4).zip::BASE_V59.zip::BASE_V58.zip::BASE_V57.zip::BASE_V56.zip::BASE_V55.zip,zip,auditoriareconciliacionv55md,5
FRONTERA_CICLO_AJUSTE_V60_QUARTERLY_AQ_COUNTERPARTY_CORRECTION(4).zip,BASE_V54.zip,BASE_V54.zip,89528,4191159782,FRONTERA_CICLO_AJUSTE_V60_QUARTERLY_AQ_COUNTERPARTY_CORRECTION(4).zip::BASE_V59.zip::BASE_V58.zip::BASE_V57.zip::BASE_V56.zip::BASE_V55.zip,zip,basev54zip,5
FRONTERA_CICLO_AJUSTE_V60_QUARTERLY_AQ_COUNTERPARTY_CORRECTION(4).zip,AUDITORIA_MICRODATA_BRIDGE_V54.md,AUDITORIA_MICRODATA_BRIDGE_V54.md,5719,1640919157,FRONTERA_CICLO_AJUSTE_V60_QUARTERLY_AQ_COUNTERPARTY_CORRECTION(4).zip::BASE_V59.zip::BASE_V58.zip::BASE_V57.zip::BASE_V56.zip::BASE_V55.zip::BASE_V54.zip,zip,auditoriamicrodatabridgev54md,6
FRONTERA_CICLO_AJUSTE_V60_QUARTERLY_AQ_COUNTERPARTY_CORRECTION(4).zip,BASE_V53.zip,BASE_V53.zip,60708,2634438224,FRONTERA_CICLO_AJUSTE_V60_QUARTERLY_AQ_COUNTERPARTY_CORRECTION(4).zip::BASE_V59.zip::BASE_V58.zip::BASE_V57.zip::BASE_V56.zip::BASE_V55.zip::BASE_V54.zip,zip,basev53zip,6
FRONTERA_CICLO_AJUSTE_V60_QUARTERLY_AQ_COUNTERPARTY_CORRECTION(4).zip,AUDITORIA_CUANTIFICACION_CONTRAPARTES_V53.md,AUDITORIA_CUANTIFICACION_CONTRAPARTES_V53.md,8576,3068984065,FRONTERA_CICLO_AJUSTE_V60_QUARTERLY_AQ_COUNTERPARTY_CORRECTION(4).zip::BASE_V59.zip::BASE_V58.zip::BASE_V57.zip::BASE_V56.zip::BASE_V55.zip::BASE_V54.zip::BASE_V53.zip,zip,auditoriacuantificacioncontrapartesv53md,7
FRONTERA_CICLO_AJUSTE_V60_QUARTERLY_AQ_COUNTERPARTY_CORRECTION(4).zip,BASE_V52.zip,BASE_V52.zip,30016,2693101034,FRONTERA_CICLO_AJUSTE_V60_QUARTERLY_AQ_COUNTERPARTY_CORRECTION(4).zip::BASE_V59.zip::BASE_V58.zip::BASE_V57.zip::BASE_V56.zip::BASE_V55.zip::BASE_V54.zip::BASE_V53.zip,zip,basev52zip,7
FRONTERA_CICLO_AJUSTE_V60_QUARTERLY_AQ_COUNTERPARTY_CORRECTION(4).zip,AUDITORIA_CONTRAPARTES_V52.md,AUDITORIA_CONTRAPARTES_V52.md,10790,1141669530,FRONTERA_CICLO_AJUSTE_V60_QUARTERLY_AQ_COUNTERPARTY_CORRECTION(4).zip::BASE_V59.zip::BASE_V58.zip::BASE_V57.zip::BASE_V56.zip::BASE_V55.zip::BASE_V54.zip::BASE_V53.zip::BASE_V52.zip,zip,auditoriacontrapartesv52md,8
FRONTERA_CICLO_AJUSTE_V60_QUARTERLY_AQ_COUNTERPARTY_CORRECTION(4).zip,COMPONENT_COUNTERPARTY_MAP_V52.csv,COMPONENT_COUNTERPARTY_MAP_V52.csv,10923,221048505,FRONTERA_CICLO_AJUSTE_V60_QUARTERLY_AQ_COUNTERPARTY_CORRECTION(4).zip::BASE_V59.zip::BASE_V58.zip::BASE_V57.zip::BASE_V56.zip::BASE_V55.zip::BASE_V54.zip::BASE_V53.zip::BASE_V52.zip,zip,componentcounterpartymapv52csv,8
FRONTERA_CICLO_AJUSTE_V60_QUARTERLY_AQ_COUNTERPARTY_CORRECTION(4).zip,EVIDENCE_LEDGER_CICLO_AJUSTE_V52.csv,EVIDENCE_LEDGER_CICLO_AJUSTE_V52.csv,29452,2822240886,FRONTERA_CICLO_AJUSTE_V60_QUARTERLY_AQ_COUNTERPARTY_CORRECTION(4).zip::BASE_V59.zip::BASE_V58.zip::BASE_V57.zip::BASE_V56.zip::BASE_V55.zip::BASE_V54.zip::BASE_V53.zip::BASE_V52.zip,zip,evidenceledgercicloajustev52csv,8
FRONTERA_CICLO_AJUSTE_V60_QUARTERLY_AQ_COUNTERPARTY_CORRECTION(4).zip,FALSIFICADORES_INCIDENCE_V52.csv,FALSIFICADORES_INCIDENCE_V52.csv,1704,733707846,FRONTERA_CICLO_AJUSTE_V60_QUARTERLY_AQ_COUNTERPARTY_CORRECTION(4).zip::BASE_V59.zip::BASE_V58.zip::BASE_V57.zip::BASE_V56.zip::BASE_V55.zip::BASE_V54.zip::BASE_V53.zip::BASE_V52.zip,zip,falsificadoresincidencev52csv,8
FRONTERA_CICLO_AJUSTE_V60_QUARTERLY_AQ_COUNTERPARTY_CORRECTION(4).zip,HOUSEHOLD_LINK_CLASSIFICATION_V52.csv,HOUSEHOLD_LINK_CLASSIFICATION_V52.csv,2318,2469493028,FRONTERA_CICLO_AJUSTE_V60_QUARTERLY_AQ_COUNTERPARTY_CORRECTION(4).zip::BASE_V59.zip::BASE_V58.zip::BASE_V57.zip::BASE_V56.zip::BASE_V55.zip::BASE_V54.zip::BASE_V53.zip::BASE_V52.zip,zip,householdlinkclassificationv52csv,8
FRONTERA_CICLO_AJUSTE_V60_QUARTERLY_AQ_COUNTERPARTY_CORRECTION(4).zip,INCIDENCE_CHAIN_V52.csv,INCIDENCE_CHAIN_V52.csv,4179,1507603432,FRONTERA_CICLO_AJUSTE_V60_QUARTERLY_AQ_COUNTERPARTY_CORRECTION(4).zip::BASE_V59.zip::BASE_V58.zip::BASE_V57.zip::BASE_V56.zip::BASE_V55.zip::BASE_V54.zip::BASE_V53.zip::BASE_V52.zip,zip,incidencechainv52csv,8
FRONTERA_CICLO_AJUSTE_V60_QUARTERLY_AQ_COUNTERPARTY_CORRECTION(4).zip,MANIFEST_V52.json,MANIFEST_V52.json,3066,2435890137,FRONTERA_CICLO_AJUSTE_V60_QUARTERLY_AQ_COUNTERPARTY_CORRECTION(4).zip::BASE_V59.zip::BASE_V58.zip::BASE_V57.zip::BASE_V56.zip::BASE_V55.zip::BASE_V54.zip::BASE_V53.zip::BASE_V52.zip,zip,manifestv52json,8
FRONTERA_CICLO_AJUSTE_V60_QUARTERLY_AQ_COUNTERPARTY_CORRECTION(4).zip,PROMPT_CODEX_V53_COUNTERPARTY_QUANTIFICATION.md,PROMPT_CODEX_V53_COUNTERPARTY_QUANTIFICATION.md,2245,3992379914,FRONTERA_CICLO_AJUSTE_V60_QUARTERLY_AQ_COUNTERPARTY_CORRECTION(4).zip::BASE_V59.zip::BASE_V58.zip::BASE_V57.zip::BASE_V56.zip::BASE_V55.zip::BASE_V54.zip::BASE_V53.zip::BASE_V52.zip,zip,promptcodexv53counterpartyquantificationmd,8
FRONTERA_CICLO_AJUSTE_V60_QUARTERLY_AQ_COUNTERPARTY_CORRECTION(4).zip,README_V52.md,README_V52.md,1435,967710712,FRONTERA_CICLO_AJUSTE_V60_QUARTERLY_AQ_COUNTERPARTY_CORRECTION(4).zip::BASE_V59.zip::BASE_V58.zip::BASE_V57.zip::BASE_V56.zip::BASE_V55.zip::BASE_V54.zip::BASE_V53.zip::BASE_V52.zip,zip,readmev52md,8
FRONTERA_CICLO_AJUSTE_V60_QUARTERLY_AQ_COUNTERPARTY_CORRECTION(4).zip,VEREDICTO_CONTRAPARTES_V52.md,VEREDICTO_CONTRAPARTES_V52.md,2555,1531089469,FRONTERA_CICLO_AJUSTE_V60_QUARTERLY_AQ_COUNTERPARTY_CORRECTION(4).zip::BASE_V59.zip::BASE_V58.zip::BASE_V57.zip::BASE_V56.zip::BASE_V55.zip::BASE_V54.zip::BASE_V53.zip::BASE_V52.zip,zip,veredictocontrapartesv52md,8
FRONTERA_CICLO_AJUSTE_V60_QUARTERLY_AQ_COUNTERPARTY_CORRECTION(4).zip,qa_v52.py,qa_v52.py,1481,3727353323,FRONTERA_CICLO_AJUSTE_V60_QUARTERLY_AQ_COUNTERPARTY_CORRECTION(4).zip::BASE_V59.zip::BASE_V58.zip::BASE_V57.zip::BASE_V56.zip::BASE_V55.zip::BASE_V54.zip::BASE_V53.zip::BASE_V52.zip,zip,qav52py,8
FRONTERA_CICLO_AJUSTE_V60_QUARTERLY_AQ_COUNTERPARTY_CORRECTION(4).zip,CER_ASSET_LIABILITY_SECTOR_MAP_V53.csv,CER_ASSET_LIABILITY_SECTOR_MAP_V53.csv,1928,2424930496,FRONTERA_CICLO_AJUSTE_V60_QUARTERLY_AQ_COUNTERPARTY_CORRECTION(4).zip::BASE_V59.zip::BASE_V58.zip::BASE_V57.zip::BASE_V56.zip::BASE_V55.zip::BASE_V54.zip::BASE_V53.zip,zip,cerassetliabilitysectormapv53csv,7
FRONTERA_CICLO_AJUSTE_V60_QUARTERLY_AQ_COUNTERPARTY_CORRECTION(4).zip,EVIDENCE_LEDGER_CICLO_AJUSTE_V53.csv,EVIDENCE_LEDGER_CICLO_AJUSTE_V53.csv,32838,1291886418,FRONTERA_CICLO_AJUSTE_V60_QUARTERLY_AQ_COUNTERPARTY_CORRECTION(4).zip::BASE_V59.zip::BASE_V58.zip::BASE_V57.zip::BASE_V56.zip::BASE_V55.zip::BASE_V54.zip::BASE_V53.zip,zip,evidenceledgercicloajustev53csv,7
FRONTERA_CICLO_AJUSTE_V60_QUARTERLY_AQ_COUNTERPARTY_CORRECTION(4).zip,FUENTES_V53.md,FUENTES_V53.md,1790,3905457752,FRONTERA_CICLO_AJUSTE_V60_QUARTERLY_AQ_COUNTERPARTY_CORRECTION(4).zip::BASE_V59.zip::BASE_V58.zip::BASE_V57.zip::BASE_V56.zip::BASE_V55.zip::BASE_V54.zip::BASE_V53.zip,zip,fuentesv53md,7
FRONTERA_CICLO_AJUSTE_V60_QUARTERLY_AQ_COUNTERPARTY_CORRECTION(4).zip,FX_GROSS_COUNTERPARTY_MAP_V53.csv,FX_GROSS_COUNTERPARTY_MAP_V53.csv,2845,3945359840,FRONTERA_CICLO_AJUSTE_V60_QUARTERLY_AQ_COUNTERPARTY_CORRECTION(4).zip::BASE_V59.zip::BASE_V58.zip::BASE_V57.zip::BASE_V56.zip::BASE_V55.zip::BASE_V54.zip::BASE_V53.zip,zip,fxgrosscounterpartymapv53csv,7
FRONTERA_CICLO_AJUSTE_V60_QUARTERLY_AQ_COUNTERPARTY_CORRECTION(4).zip,HOUSEHOLD_DIRECT_FLOW_BOUND_V53.csv,HOUSEHOLD_DIRECT_FLOW_BOUND_V53.csv,2566,3922136717,FRONTERA_CICLO_AJUSTE_V60_QUARTERLY_AQ_COUNTERPARTY_CORRECTION(4).zip::BASE_V59.zip::BASE_V58.zip::BASE_V57.zip::BASE_V56.zip::BASE_V55.zip::BASE_V54.zip::BASE_V53.zip,zip,householddirectflowboundv53csv,7
FRONTERA_CICLO_AJUSTE_V60_QUARTERLY_AQ_COUNTERPARTY_CORRECTION(4).zip,INTEREST_INCOME_SECTOR_SPLIT_V53.csv,INTEREST_INCOME_SECTOR_SPLIT_V53.csv,1914,3323966839,FRONTERA_CICLO_AJUSTE_V60_QUARTERLY_AQ_COUNTERPARTY_CORRECTION(4).zip::BASE_V59.zip::BASE_V58.zip::BASE_V57.zip::BASE_V56.zip::BASE_V55.zip::BASE_V54.zip::BASE_V53.zip,zip,interestincomesectorsplitv53csv,7
FRONTERA_CICLO_AJUSTE_V60_QUARTERLY_AQ_COUNTERPARTY_CORRECTION(4).zip,MANIFEST_V53.json,MANIFEST_V53.json,3151,3397775879,FRONTERA_CICLO_AJUSTE_V60_QUARTERLY_AQ_COUNTERPARTY_CORRECTION(4).zip::BASE_V59.zip::BASE_V58.zip::BASE_V57.zip::BASE_V56.zip::BASE_V55.zip::BASE_V54.zip::BASE_V53.zip,zip,manifestv53json,7
FRONTERA_CICLO_AJUSTE_V60_QUARTERLY_AQ_COUNTERPARTY_CORRECTION(4).zip,PROMPT_CODEX_V54_RAW_BCRA_MICRODATA.md,PROMPT_CODEX_V54_RAW_BCRA_MICRODATA.md,3199,1476505167,FRONTERA_CICLO_AJUSTE_V60_QUARTERLY_AQ_COUNTERPARTY_CORRECTION(4).zip::BASE_V59.zip::BASE_V58.zip::BASE_V57.zip::BASE_V56.zip::BASE_V55.zip::BASE_V54.zip::BASE_V53.zip,zip,promptcodexv54rawbcramicrodatamd,7
FRONTERA_CICLO_AJUSTE_V60_QUARTERLY_AQ_COUNTERPARTY_CORRECTION(4).zip,README_V53.md,README_V53.md,1622,2934203907,FRONTERA_CICLO_AJUSTE_V60_QUARTERLY_AQ_COUNTERPARTY_CORRECTION(4).zip::BASE_V59.zip::BASE_V58.zip::BASE_V57.zip::BASE_V56.zip::BASE_V55.zip::BASE_V54.zip::BASE_V53.zip,zip,readmev53md,7
FRONTERA_CICLO_AJUSTE_V60_QUARTERLY_AQ_COUNTERPARTY_CORRECTION(4).zip,SECURITIES_ISSUER_VALUATION_SPLIT_V53.csv,SECURITIES_ISSUER_VALUATION_SPLIT_V53.csv,3994,1151985647,FRONTERA_CICLO_AJUSTE_V60_QUARTERLY_AQ_COUNTERPARTY_CORRECTION(4).zip::BASE_V59.zip::BASE_V58.zip::BASE_V57.zip::BASE_V56.zip::BASE_V55.zip::BASE_V54.zip::BASE_V53.zip,zip,securitiesissuervaluationsplitv53csv,7
FRONTERA_CICLO_AJUSTE_V60_QUARTERLY_AQ_COUNTERPARTY_CORRECTION(4).zip,VEREDICTO_CUANTIFICACION_CONTRAPARTES_V53.md,VEREDICTO_CUANTIFICACION_CONTRAPARTES_V53.md,2689,3561875554,FRONTERA_CICLO_AJUSTE_V60_QUARTERLY_AQ_COUNTERPARTY_CORRECTION(4).zip::BASE_V59.zip::BASE_V58.zip::BASE_V57.zip::BASE_V56.zip::BASE_V55.zip::BASE_V54.zip::BASE_V53.zip,zip,veredictocuantificacioncontrapartesv53md,7
FRONTERA_CICLO_AJUSTE_V60_QUARTERLY_AQ_COUNTERPARTY_CORRECTION(4).zip,qa_v53.py,qa_v53.py,2329,4075672873,FRONTERA_CICLO_AJUSTE_V60_QUARTERLY_AQ_COUNTERPARTY_CORRECTION(4).zip::BASE_V59.zip::BASE_V58.zip::BASE_V57.zip::BASE_V56.zip::BASE_V55.zip::BASE_V54.zip::BASE_V53.zip,zip,qav53py,7
FRONTERA_CICLO_AJUSTE_V60_QUARTERLY_AQ_COUNTERPARTY_CORRECTION(4).zip,CER_GROSS_BRIDGE_V54.csv,CER_GROSS_BRIDGE_V54.csv,1298,1763478116,FRONTERA_CICLO_AJUSTE_V60_QUARTERLY_AQ_COUNTERPARTY_CORRECTION(4).zip::BASE_V59.zip::BASE_V58.zip::BASE_V57.zip::BASE_V56.zip::BASE_V55.zip::BASE_V54.zip,zip,cergrossbridgev54csv,6
FRONTERA_CICLO_AJUSTE_V60_QUARTERLY_AQ_COUNTERPARTY_CORRECTION(4).zip,EVIDENCE_LEDGER_CICLO_AJUSTE_V54.csv,EVIDENCE_LEDGER_CICLO_AJUSTE_V54.csv,35891,2651049975,FRONTERA_CICLO_AJUSTE_V60_QUARTERLY_AQ_COUNTERPARTY_CORRECTION(4).zip::BASE_V59.zip::BASE_V58.zip::BASE_V57.zip::BASE_V56.zip::BASE_V55.zip::BASE_V54.zip,zip,evidenceledgercicloajustev54csv,6
FRONTERA_CICLO_AJUSTE_V60_QUARTERLY_AQ_COUNTERPARTY_CORRECTION(4).zip,FUENTES_V54.md,FUENTES_V54.md,1899,881832952,FRONTERA_CICLO_AJUSTE_V60_QUARTERLY_AQ_COUNTERPARTY_CORRECTION(4).zip::BASE_V59.zip::BASE_V58.zip::BASE_V57.zip::BASE_V56.zip::BASE_V55.zip::BASE_V54.zip,zip,fuentesv54md,6
FRONTERA_CICLO_AJUSTE_V60_QUARTERLY_AQ_COUNTERPARTY_CORRECTION(4).zip,FX_GROSS_RESULT_BRIDGE_V54.csv,FX_GROSS_RESULT_BRIDGE_V54.csv,1199,3402975375,FRONTERA_CICLO_AJUSTE_V60_QUARTERLY_AQ_COUNTERPARTY_CORRECTION(4).zip::BASE_V59.zip::BASE_V58.zip::BASE_V57.zip::BASE_V56.zip::BASE_V55.zip::BASE_V54.zip,zip,fxgrossresultbridgev54csv,6
FRONTERA_CICLO_AJUSTE_V60_QUARTERLY_AQ_COUNTERPARTY_CORRECTION(4).zip,INTEREST_INCOME_ACCOUNTING_BRIDGE_V54.csv,INTEREST_INCOME_ACCOUNTING_BRIDGE_V54.csv,1406,1355639883,FRONTERA_CICLO_AJUSTE_V60_QUARTERLY_AQ_COUNTERPARTY_CORRECTION(4).zip::BASE_V59.zip::BASE_V58.zip::BASE_V57.zip::BASE_V56.zip::BASE_V55.zip::BASE_V54.zip,zip,interestincomeaccountingbridgev54csv,6
FRONTERA_CICLO_AJUSTE_V60_QUARTERLY_AQ_COUNTERPARTY_CORRECTION(4).zip,MANIFEST_V54.json,MANIFEST_V54.json,3560,650712362,FRONTERA_CICLO_AJUSTE_V60_QUARTERLY_AQ_COUNTERPARTY_CORRECTION(4).zip::BASE_V59.zip::BASE_V58.zip::BASE_V57.zip::BASE_V56.zip::BASE_V55.zip::BASE_V54.zip,zip,manifestv54json,6
FRONTERA_CICLO_AJUSTE_V60_QUARTERLY_AQ_COUNTERPARTY_CORRECTION(4).zip,PROMPT_CODEX_V55_BYTE_MATERIALIZATION_AND_SUBACCOUNT_RECONCILIATION.md,PROMPT_CODEX_V55_BYTE_MATERIALIZATION_AND_SUBACCOUNT_RECONCILIATION.md,3086,444971051,FRONTERA_CICLO_AJUSTE_V60_QUARTERLY_AQ_COUNTERPARTY_CORRECTION(4).zip::BASE_V59.zip::BASE_V58.zip::BASE_V57.zip::BASE_V56.zip::BASE_V55.zip::BASE_V54.zip,zip,promptcodexv55bytematerializationandsubaccountreconciliationmd,6
FRONTERA_CICLO_AJUSTE_V60_QUARTERLY_AQ_COUNTERPARTY_CORRECTION(4).zip,Q4_2023_JOINT_COUNTERPARTY_PARTITION_V54.csv,Q4_2023_JOINT_COUNTERPARTY_PARTITION_V54.csv,1218,3873685717,FRONTERA_CICLO_AJUSTE_V60_QUARTERLY_AQ_COUNTERPARTY_CORRECTION(4).zip::BASE_V59.zip::BASE_V58.zip::BASE_V57.zip::BASE_V56.zip::BASE_V55.zip::BASE_V54.zip,zip,q42023jointcounterpartypartitionv54csv,6
FRONTERA_CICLO_AJUSTE_V60_QUARTERLY_AQ_COUNTERPARTY_CORRECTION(4).zip,QA_RESULT_V54.txt,QA_RESULT_V54.txt,5,3256905966,FRONTERA_CICLO_AJUSTE_V60_QUARTERLY_AQ_COUNTERPARTY_CORRECTION(4).zip::BASE_V59.zip::BASE_V58.zip::BASE_V57.zip::BASE_V56.zip::BASE_V55.zip::BASE_V54.zip,zip,qaresultv54txt,6
FRONTERA_CICLO_AJUSTE_V60_QUARTERLY_AQ_COUNTERPARTY_CORRECTION(4).zip,RAW_SOURCE_MANIFEST_V54.csv,RAW_SOURCE_MANIFEST_V54.csv,4086,3355249895,FRONTERA_CICLO_AJUSTE_V60_QUARTERLY_AQ_COUNTERPARTY_CORRECTION(4).zip::BASE_V59.zip::BASE_V58.zip::BASE_V57.zip::BASE_V56.zip::BASE_V55.zip::BASE_V54.zip,zip,rawsourcemanifestv54csv,6
FRONTERA_CICLO_AJUSTE_V60_QUARTERLY_AQ_COUNTERPARTY_CORRECTION(4).zip,README_V54.md,README_V54.md,1151,557525011,FRONTERA_CICLO_AJUSTE_V60_QUARTERLY_AQ_COUNTERPARTY_CORRECTION(4).zip::BASE_V59.zip::BASE_V58.zip::BASE_V57.zip::BASE_V56.zip::BASE_V55.zip::BASE_V54.zip,zip,readmev54md,6
FRONTERA_CICLO_AJUSTE_V60_QUARTERLY_AQ_COUNTERPARTY_CORRECTION(4).zip,SECURITIES_RESULT_BRIDGE_V54.csv,SECURITIES_RESULT_BRIDGE_V54.csv,1403,4022876793,FRONTERA_CICLO_AJUSTE_V60_QUARTERLY_AQ_COUNTERPARTY_CORRECTION(4).zip::BASE_V59.zip::BASE_V58.zip::BASE_V57.zip::BASE_V56.zip::BASE_V55.zip::BASE_V54.zip,zip,securitiesresultbridgev54csv,6
FRONTERA_CICLO_AJUSTE_V60_QUARTERLY_AQ_COUNTERPARTY_CORRECTION(4).zip,VEREDICTO_MICRODATA_BRIDGE_V54.md,VEREDICTO_MICRODATA_BRIDGE_V54.md,2066,3936993609,FRONTERA_CICLO_AJUSTE_V60_QUARTERLY_AQ_COUNTERPARTY_CORRECTION(4).zip::BASE_V59.zip::BASE_V58.zip::BASE_V57.zip::BASE_V56.zip::BASE_V55.zip::BASE_V54.zip,zip,veredictomicrodatabridgev54md,6
FRONTERA_CICLO_AJUSTE_V60_QUARTERLY_AQ_COUNTERPARTY_CORRECTION(4).zip,qa_v54.py,qa_v54.py,1477,1824512938,FRONTERA_CICLO_AJUSTE_V60_QUARTERLY_AQ_COUNTERPARTY_CORRECTION(4).zip::BASE_V59.zip::BASE_V58.zip::BASE_V57.zip::BASE_V56.zip::BASE_V55.zip::BASE_V54.zip,zip,qav54py,6
FRONTERA_CICLO_AJUSTE_V60_QUARTERLY_AQ_COUNTERPARTY_CORRECTION(4).zip,CER_GROSS_RECONCILIATION_V55.csv,CER_GROSS_RECONCILIATION_V55.csv,769,424658597,FRONTERA_CICLO_AJUSTE_V60_QUARTERLY_AQ_COUNTERPARTY_CORRECTION(4).zip::BASE_V59.zip::BASE_V58.zip::BASE_V57.zip::BASE_V56.zip::BASE_V55.zip,zip,cergrossreconciliationv55csv,5
FRONTERA_CICLO_AJUSTE_V60_QUARTERLY_AQ_COUNTERPARTY_CORRECTION(4).zip,COUNTERPARTY_AXIS_V55.csv,COUNTERPARTY_AXIS_V55.csv,783,1856850215,FRONTERA_CICLO_AJUSTE_V60_QUARTERLY_AQ_COUNTERPARTY_CORRECTION(4).zip::BASE_V59.zip::BASE_V58.zip::BASE_V57.zip::BASE_V56.zip::BASE_V55.zip,zip,counterpartyaxisv55csv,5
FRONTERA_CICLO_AJUSTE_V60_QUARTERLY_AQ_COUNTERPARTY_CORRECTION(4).zip,EVIDENCE_LEDGER_CICLO_AJUSTE_V55.csv,EVIDENCE_LEDGER_CICLO_AJUSTE_V55.csv,37476,769167957,FRONTERA_CICLO_AJUSTE_V60_QUARTERLY_AQ_COUNTERPARTY_CORRECTION(4).zip::BASE_V59.zip::BASE_V58.zip::BASE_V57.zip::BASE_V56.zip::BASE_V55.zip,zip,evidenceledgercicloajustev55csv,5
FRONTERA_CICLO_AJUSTE_V60_QUARTERLY_AQ_COUNTERPARTY_CORRECTION(4).zip,FUENTES_V55.md,FUENTES_V55.md,1595,2045476171,FRONTERA_CICLO_AJUSTE_V60_QUARTERLY_AQ_COUNTERPARTY_CORRECTION(4).zip::BASE_V59.zip::BASE_V58.zip::BASE_V57.zip::BASE_V56.zip::BASE_V55.zip,zip,fuentesv55md,5
FRONTERA_CICLO_AJUSTE_V60_QUARTERLY_AQ_COUNTERPARTY_CORRECTION(4).zip,FX_MODE_RECONCILIATION_V55.csv,FX_MODE_RECONCILIATION_V55.csv,748,1599154258,FRONTERA_CICLO_AJUSTE_V60_QUARTERLY_AQ_COUNTERPARTY_CORRECTION(4).zip::BASE_V59.zip::BASE_V58.zip::BASE_V57.zip::BASE_V56.zip::BASE_V55.zip,zip,fxmodereconciliationv55csv,5
FRONTERA_CICLO_AJUSTE_V60_QUARTERLY_AQ_COUNTERPARTY_CORRECTION(4).zip,INTEREST_SECTOR_RECONCILIATION_V55.csv,INTEREST_SECTOR_RECONCILIATION_V55.csv,1148,1522993080,FRONTERA_CICLO_AJUSTE_V60_QUARTERLY_AQ_COUNTERPARTY_CORRECTION(4).zip::BASE_V59.zip::BASE_V58.zip::BASE_V57.zip::BASE_V56.zip::BASE_V55.zip,zip,interestsectorreconciliationv55csv,5
FRONTERA_CICLO_AJUSTE_V60_QUARTERLY_AQ_COUNTERPARTY_CORRECTION(4).zip,MANIFEST_V55.json,MANIFEST_V55.json,727,4094365357,FRONTERA_CICLO_AJUSTE_V60_QUARTERLY_AQ_COUNTERPARTY_CORRECTION(4).zip::BASE_V59.zip::BASE_V58.zip::BASE_V57.zip::BASE_V56.zip::BASE_V55.zip,zip,manifestv55json,5
FRONTERA_CICLO_AJUSTE_V60_QUARTERLY_AQ_COUNTERPARTY_CORRECTION(4).zip,PROMPT_CODEX_V56_SERIES_VALUES_AND_NIIF_BRIDGE.md,PROMPT_CODEX_V56_SERIES_VALUES_AND_NIIF_BRIDGE.md,2013,3247092477,FRONTERA_CICLO_AJUSTE_V60_QUARTERLY_AQ_COUNTERPARTY_CORRECTION(4).zip::BASE_V59.zip::BASE_V58.zip::BASE_V57.zip::BASE_V56.zip::BASE_V55.zip,zip,promptcodexv56seriesvaluesandniifbridgemd,5
FRONTERA_CICLO_AJUSTE_V60_QUARTERLY_AQ_COUNTERPARTY_CORRECTION(4).zip,QA_RESULT_V55.txt,QA_RESULT_V55.txt,9,2796055921,FRONTERA_CICLO_AJUSTE_V60_QUARTERLY_AQ_COUNTERPARTY_CORRECTION(4).zip::BASE_V59.zip::BASE_V58.zip::BASE_V57.zip::BASE_V56.zip::BASE_V55.zip,zip,qaresultv55txt,5
FRONTERA_CICLO_AJUSTE_V60_QUARTERLY_AQ_COUNTERPARTY_CORRECTION(4).zip,RAW_BYTES_MANIFEST_V55.csv,RAW_BYTES_MANIFEST_V55.csv,4441,3653712268,FRONTERA_CICLO_AJUSTE_V60_QUARTERLY_AQ_COUNTERPARTY_CORRECTION(4).zip::BASE_V59.zip::BASE_V58.zip::BASE_V57.zip::BASE_V56.zip::BASE_V55.zip,zip,rawbytesmanifestv55csv,5
FRONTERA_CICLO_AJUSTE_V60_QUARTERLY_AQ_COUNTERPARTY_CORRECTION(4).zip,README_V55.md,README_V55.md,716,2765300277,FRONTERA_CICLO_AJUSTE_V60_QUARTERLY_AQ_COUNTERPARTY_CORRECTION(4).zip::BASE_V59.zip::BASE_V58.zip::BASE_V57.zip::BASE_V56.zip::BASE_V55.zip,zip,readmev55md,5
FRONTERA_CICLO_AJUSTE_V60_QUARTERLY_AQ_COUNTERPARTY_CORRECTION(4).zip,SECURITIES_RECONCILIATION_V55.csv,SECURITIES_RECONCILIATION_V55.csv,942,84094729,FRONTERA_CICLO_AJUSTE_V60_QUARTERLY_AQ_COUNTERPARTY_CORRECTION(4).zip::BASE_V59.zip::BASE_V58.zip::BASE_V57.zip::BASE_V56.zip::BASE_V55.zip,zip,securitiesreconciliationv55csv,5
FRONTERA_CICLO_AJUSTE_V60_QUARTERLY_AQ_COUNTERPARTY_CORRECTION(4).zip,SUBACCOUNT_DICTIONARY_V55.csv,SUBACCOUNT_DICTIONARY_V55.csv,15084,151416654,FRONTERA_CICLO_AJUSTE_V60_QUARTERLY_AQ_COUNTERPARTY_CORRECTION(4).zip::BASE_V59.zip::BASE_V58.zip::BASE_V57.zip::BASE_V56.zip::BASE_V55.zip,zip,subaccountdictionaryv55csv,5
FRONTERA_CICLO_AJUSTE_V60_QUARTERLY_AQ_COUNTERPARTY_CORRECTION(4).zip,VEREDICTO_RECONCILIACION_V55.md,VEREDICTO_RECONCILIACION_V55.md,2726,243150298,FRONTERA_CICLO_AJUSTE_V60_QUARTERLY_AQ_COUNTERPARTY_CORRECTION(4).zip::BASE_V59.zip::BASE_V58.zip::BASE_V57.zip::BASE_V56.zip::BASE_V55.zip,zip,veredictoreconciliacionv55md,5
FRONTERA_CICLO_AJUSTE_V60_QUARTERLY_AQ_COUNTERPARTY_CORRECTION(4).zip,qa_v55.py,qa_v55.py,1149,434940574,FRONTERA_CICLO_AJUSTE_V60_QUARTERLY_AQ_COUNTERPARTY_CORRECTION(4).zip::BASE_V59.zip::BASE_V58.zip::BASE_V57.zip::BASE_V56.zip::BASE_V55.zip,zip,qav55py,5
FRONTERA_CICLO_AJUSTE_V60_QUARTERLY_AQ_COUNTERPARTY_CORRECTION(4).zip,raw_cache/es_series.txt,es_series.txt,5827774,748657357,FRONTERA_CICLO_AJUSTE_V60_QUARTERLY_AQ_COUNTERPARTY_CORRECTION(4).zip::BASE_V59.zip::BASE_V58.zip::BASE_V57.zip::BASE_V56.zip::BASE_V55.zip,zip,esseriestxt,5
FRONTERA_CICLO_AJUSTE_V60_QUARTERLY_AQ_COUNTERPARTY_CORRECTION(4).zip,MANIFEST_V56.json,MANIFEST_V56.json,3938,1448856948,FRONTERA_CICLO_AJUSTE_V60_QUARTERLY_AQ_COUNTERPARTY_CORRECTION(4).zip::BASE_V59.zip::BASE_V58.zip::BASE_V57.zip::BASE_V56.zip,zip,manifestv56json,4
FRONTERA_CICLO_AJUSTE_V60_QUARTERLY_AQ_COUNTERPARTY_CORRECTION(4).zip,qa_v56.py,qa_v56.py,2132,1137530503,FRONTERA_CICLO_AJUSTE_V60_QUARTERLY_AQ_COUNTERPARTY_CORRECTION(4).zip::BASE_V59.zip::BASE_V58.zip::BASE_V57.zip::BASE_V56.zip,zip,qav56py,4
FRONTERA_CICLO_AJUSTE_V60_QUARTERLY_AQ_COUNTERPARTY_CORRECTION(4).zip,COUNTERPARTY_UPDATE_V56.csv,COUNTERPARTY_UPDATE_V56.csv,548,1491076668,FRONTERA_CICLO_AJUSTE_V60_QUARTERLY_AQ_COUNTERPARTY_CORRECTION(4).zip::BASE_V59.zip::BASE_V58.zip::BASE_V57.zip::BASE_V56.zip,zip,counterpartyupdatev56csv,4
FRONTERA_CICLO_AJUSTE_V60_QUARTERLY_AQ_COUNTERPARTY_CORRECTION(4).zip,EVIDENCE_LEDGER_CICLO_AJUSTE_V56.csv,EVIDENCE_LEDGER_CICLO_AJUSTE_V56.csv,39312,3821271819,FRONTERA_CICLO_AJUSTE_V60_QUARTERLY_AQ_COUNTERPARTY_CORRECTION(4).zip::BASE_V59.zip::BASE_V58.zip::BASE_V57.zip::BASE_V56.zip,zip,evidenceledgercicloajustev56csv,4
FRONTERA_CICLO_AJUSTE_V60_QUARTERLY_AQ_COUNTERPARTY_CORRECTION(4).zip,raw_cache/es_series.txt,es_series.txt,5827774,748657357,FRONTERA_CICLO_AJUSTE_V60_QUARTERLY_AQ_COUNTERPARTY_CORRECTION(4).zip::BASE_V59.zip::BASE_V58.zip::BASE_V57.zip::BASE_V56.zip,zip,esseriestxt,4
FRONTERA_CICLO_AJUSTE_V60_QUARTERLY_AQ_COUNTERPARTY_CORRECTION(4).zip,raw_cache/Series_estadisticas.xlsx,Series_estadisticas.xlsx,1507855,1320633598,FRONTERA_CICLO_AJUSTE_V60_QUARTERLY_AQ_COUNTERPARTY_CORRECTION(4).zip::BASE_V59.zip::BASE_V58.zip::BASE_V57.zip::BASE_V56.zip,zip,seriesestadisticasxlsx,4
FRONTERA_CICLO_AJUSTE_V60_QUARTERLY_AQ_COUNTERPARTY_CORRECTION(4).zip,ACCOUNT_EQUIVALENCE_NIIF_V56.csv,ACCOUNT_EQUIVALENCE_NIIF_V56.csv,18940,3566337282,FRONTERA_CICLO_AJUSTE_V60_QUARTERLY_AQ_COUNTERPARTY_CORRECTION(4).zip::BASE_V59.zip::BASE_V58.zip::BASE_V57.zip::BASE_V56.zip,zip,accountequivalenceniifv56csv,4
FRONTERA_CICLO_AJUSTE_V60_QUARTERLY_AQ_COUNTERPARTY_CORRECTION(4).zip,fetch_bcra_v4_values.py,fetch_bcra_v4_values.py,1563,4258899431,FRONTERA_CICLO_AJUSTE_V60_QUARTERLY_AQ_COUNTERPARTY_CORRECTION(4).zip::BASE_V59.zip::BASE_V58.zip::BASE_V57.zip::BASE_V56.zip,zip,fetchbcrav4valuespy,4
FRONTERA_CICLO_AJUSTE_V60_QUARTERLY_AQ_COUNTERPARTY_CORRECTION(4).zip,MONTHLY_SUBACCOUNT_VALUES_2023_V56.csv,MONTHLY_SUBACCOUNT_VALUES_2023_V56.csv,10137,2754513223,FRONTERA_CICLO_AJUSTE_V60_QUARTERLY_AQ_COUNTERPARTY_CORRECTION(4).zip::BASE_V59.zip::BASE_V58.zip::BASE_V57.zip::BASE_V56.zip,zip,monthlysubaccountvalues2023v56csv,4
FRONTERA_CICLO_AJUSTE_V60_QUARTERLY_AQ_COUNTERPARTY_CORRECTION(4).zip,OFFICIAL_CATALOG_SLICE_V56.csv,OFFICIAL_CATALOG_SLICE_V56.csv,17529,2871997340,FRONTERA_CICLO_AJUSTE_V60_QUARTERLY_AQ_COUNTERPARTY_CORRECTION(4).zip::BASE_V59.zip::BASE_V58.zip::BASE_V57.zip::BASE_V56.zip,zip,officialcatalogslicev56csv,4
FRONTERA_CICLO_AJUSTE_V60_QUARTERLY_AQ_COUNTERPARTY_CORRECTION(4).zip,VEREDICTO_V56.md,VEREDICTO_V56.md,1131,786628932,FRONTERA_CICLO_AJUSTE_V60_QUARTERLY_AQ_COUNTERPARTY_CORRECTION(4).zip::BASE_V59.zip::BASE_V58.zip::BASE_V57.zip::BASE_V56.zip,zip,veredictov56md,4
FRONTERA_CICLO_AJUSTE_V60_QUARTERLY_AQ_COUNTERPARTY_CORRECTION(4).zip,COUNTERPARTY_UPDATE_V57.csv,COUNTERPARTY_UPDATE_V57.csv,782,2916305718,FRONTERA_CICLO_AJUSTE_V60_QUARTERLY_AQ_COUNTERPARTY_CORRECTION(4).zip::BASE_V59.zip::BASE_V58.zip::BASE_V57.zip,zip,counterpartyupdatev57csv,3
FRONTERA_CICLO_AJUSTE_V60_QUARTERLY_AQ_COUNTERPARTY_CORRECTION(4).zip,EVIDENCE_LEDGER_CICLO_AJUSTE_V57.csv,EVIDENCE_LEDGER_CICLO_AJUSTE_V57.csv,41708,3650130693,FRONTERA_CICLO_AJUSTE_V60_QUARTERLY_AQ_COUNTERPARTY_CORRECTION(4).zip::BASE_V59.zip::BASE_V58.zip::BASE_V57.zip,zip,evidenceledgercicloajustev57csv,3
FRONTERA_CICLO_AJUSTE_V60_QUARTERLY_AQ_COUNTERPARTY_CORRECTION(4).zip,FUENTES_V57.md,FUENTES_V57.md,2126,1816966930,FRONTERA_CICLO_AJUSTE_V60_QUARTERLY_AQ_COUNTERPARTY_CORRECTION(4).zip::BASE_V59.zip::BASE_V58.zip::BASE_V57.zip,zip,fuentesv57md,3
FRONTERA_CICLO_AJUSTE_V60_QUARTERLY_AQ_COUNTERPARTY_CORRECTION(4).zip,IPC_RESTATEMENT_COEFFICIENTS_V57.csv,IPC_RESTATEMENT_COEFFICIENTS_V57.csv,735,2429051065,FRONTERA_CICLO_AJUSTE_V60_QUARTERLY_AQ_COUNTERPARTY_CORRECTION(4).zip::BASE_V59.zip::BASE_V58.zip::BASE_V57.zip,zip,ipcrestatementcoefficientsv57csv,3
FRONTERA_CICLO_AJUSTE_V60_QUARTERLY_AQ_COUNTERPARTY_CORRECTION(4).zip,MANIFEST_V57.json,MANIFEST_V57.json,3226,3808868569,FRONTERA_CICLO_AJUSTE_V60_QUARTERLY_AQ_COUNTERPARTY_CORRECTION(4).zip::BASE_V59.zip::BASE_V58.zip::BASE_V57.zip,zip,manifestv57json,3
FRONTERA_CICLO_AJUSTE_V60_QUARTERLY_AQ_COUNTERPARTY_CORRECTION(4).zip,MONTHLY_SUBACCOUNT_VALUES_2023_V57.csv,MONTHLY_SUBACCOUNT_VALUES_2023_V57.csv,25977,3395576089,FRONTERA_CICLO_AJUSTE_V60_QUARTERLY_AQ_COUNTERPARTY_CORRECTION(4).zip::BASE_V59.zip::BASE_V58.zip::BASE_V57.zip,zip,monthlysubaccountvalues2023v57csv,3
FRONTERA_CICLO_AJUSTE_V60_QUARTERLY_AQ_COUNTERPARTY_CORRECTION(4).zip,NOMINAL_RECONCILIATION_V57.csv,NOMINAL_RECONCILIATION_V57.csv,5092,2497660867,FRONTERA_CICLO_AJUSTE_V60_QUARTERLY_AQ_COUNTERPARTY_CORRECTION(4).zip::BASE_V59.zip::BASE_V58.zip::BASE_V57.zip,zip,nominalreconciliationv57csv,3
FRONTERA_CICLO_AJUSTE_V60_QUARTERLY_AQ_COUNTERPARTY_CORRECTION(4).zip,POST2020_ACCUMULATED_RESULTS_V57.csv,POST2020_ACCUMULATED_RESULTS_V57.csv,5395,589873153,FRONTERA_CICLO_AJUSTE_V60_QUARTERLY_AQ_COUNTERPARTY_CORRECTION(4).zip::BASE_V59.zip::BASE_V58.zip::BASE_V57.zip,zip,post2020accumulatedresultsv57csv,3
FRONTERA_CICLO_AJUSTE_V60_QUARTERLY_AQ_COUNTERPARTY_CORRECTION(4).zip,PP_TARGET_RECONCILIATION_V57.csv,PP_TARGET_RECONCILIATION_V57.csv,1495,817158950,FRONTERA_CICLO_AJUSTE_V60_QUARTERLY_AQ_COUNTERPARTY_CORRECTION(4).zip::BASE_V59.zip::BASE_V58.zip::BASE_V57.zip,zip,pptargetreconciliationv57csv,3
FRONTERA_CICLO_AJUSTE_V60_QUARTERLY_AQ_COUNTERPARTY_CORRECTION(4).zip,PROMPT_CODEX_V58_MODERN_XLSX_SUBACCOUNT_BRIDGE.md,PROMPT_CODEX_V58_MODERN_XLSX_SUBACCOUNT_BRIDGE.md,2340,2934801191,FRONTERA_CICLO_AJUSTE_V60_QUARTERLY_AQ_COUNTERPARTY_CORRECTION(4).zip::BASE_V59.zip::BASE_V58.zip::BASE_V57.zip,zip,promptcodexv58modernxlsxsubaccountbridgemd,3
FRONTERA_CICLO_AJUSTE_V60_QUARTERLY_AQ_COUNTERPARTY_CORRECTION(4).zip,PUBLICATION_REGIME_CORRECTION_V57.csv,PUBLICATION_REGIME_CORRECTION_V57.csv,1047,489099765,FRONTERA_CICLO_AJUSTE_V60_QUARTERLY_AQ_COUNTERPARTY_CORRECTION(4).zip::BASE_V59.zip::BASE_V58.zip::BASE_V57.zip,zip,publicationregimecorrectionv57csv,3
FRONTERA_CICLO_AJUSTE_V60_QUARTERLY_AQ_COUNTERPARTY_CORRECTION(4).zip,QA_RESULT_V57.txt,QA_RESULT_V57.txt,5,3256905966,FRONTERA_CICLO_AJUSTE_V60_QUARTERLY_AQ_COUNTERPARTY_CORRECTION(4).zip::BASE_V59.zip::BASE_V58.zip::BASE_V57.zip,zip,qaresultv57txt,3
FRONTERA_CICLO_AJUSTE_V60_QUARTERLY_AQ_COUNTERPARTY_CORRECTION(4).zip,RAW_API_MANIFEST_V57.csv,RAW_API_MANIFEST_V57.csv,2703,2211353470,FRONTERA_CICLO_AJUSTE_V60_QUARTERLY_AQ_COUNTERPARTY_CORRECTION(4).zip::BASE_V59.zip::BASE_V58.zip::BASE_V57.zip,zip,rawapimanifestv57csv,3
FRONTERA_CICLO_AJUSTE_V60_QUARTERLY_AQ_COUNTERPARTY_CORRECTION(4).zip,README_V57.md,README_V57.md,704,3216325338,FRONTERA_CICLO_AJUSTE_V60_QUARTERLY_AQ_COUNTERPARTY_CORRECTION(4).zip::BASE_V59.zip::BASE_V58.zip::BASE_V57.zip,zip,readmev57md,3
FRONTERA_CICLO_AJUSTE_V60_QUARTERLY_AQ_COUNTERPARTY_CORRECTION(4).zip,VEREDICTO_V57.md,VEREDICTO_V57.md,1172,2202516161,FRONTERA_CICLO_AJUSTE_V60_QUARTERLY_AQ_COUNTERPARTY_CORRECTION(4).zip::BASE_V59.zip::BASE_V58.zip::BASE_V57.zip,zip,veredictov57md,3
FRONTERA_CICLO_AJUSTE_V60_QUARTERLY_AQ_COUNTERPARTY_CORRECTION(4).zip,qa_v57.py,qa_v57.py,1568,1949318899,FRONTERA_CICLO_AJUSTE_V60_QUARTERLY_AQ_COUNTERPARTY_CORRECTION(4).zip::BASE_V59.zip::BASE_V58.zip::BASE_V57.zip,zip,qav57py,3
FRONTERA_CICLO_AJUSTE_V60_QUARTERLY_AQ_COUNTERPARTY_CORRECTION(4).zip,FX_CER_PASSES_BRIDGE_V58.csv,FX_CER_PASSES_BRIDGE_V58.csv,669,2202966174,FRONTERA_CICLO_AJUSTE_V60_QUARTERLY_AQ_COUNTERPARTY_CORRECTION(4).zip::BASE_V59.zip::BASE_V58.zip,zip,fxcerpassesbridgev58csv,2
FRONTERA_CICLO_AJUSTE_V60_QUARTERLY_AQ_COUNTERPARTY_CORRECTION(4).zip,MODERN_SOURCE_SHEET_MAP_V58.csv,MODERN_SOURCE_SHEET_MAP_V58.csv,1848,2207996523,FRONTERA_CICLO_AJUSTE_V60_QUARTERLY_AQ_COUNTERPARTY_CORRECTION(4).zip::BASE_V59.zip::BASE_V58.zip,zip,modernsourcesheetmapv58csv,2
FRONTERA_CICLO_AJUSTE_V60_QUARTERLY_AQ_COUNTERPARTY_CORRECTION(4).zip,VEREDICTO_V58.md,VEREDICTO_V58.md,1255,2498405922,FRONTERA_CICLO_AJUSTE_V60_QUARTERLY_AQ_COUNTERPARTY_CORRECTION(4).zip::BASE_V59.zip::BASE_V58.zip,zip,veredictov58md,2
FRONTERA_CICLO_AJUSTE_V60_QUARTERLY_AQ_COUNTERPARTY_CORRECTION(4).zip,FUENTES_V58.md,FUENTES_V58.md,2826,4167207868,FRONTERA_CICLO_AJUSTE_V60_QUARTERLY_AQ_COUNTERPARTY_CORRECTION(4).zip::BASE_V59.zip::BASE_V58.zip,zip,fuentesv58md,2
FRONTERA_CICLO_AJUSTE_V60_QUARTERLY_AQ_COUNTERPARTY_CORRECTION(4).zip,COUNTERPARTY_UPDATE_V58.csv,COUNTERPARTY_UPDATE_V58.csv,695,3693839775,FRONTERA_CICLO_AJUSTE_V60_QUARTERLY_AQ_COUNTERPARTY_CORRECTION(4).zip::BASE_V59.zip::BASE_V58.zip,zip,counterpartyupdatev58csv,2
FRONTERA_CICLO_AJUSTE_V60_QUARTERLY_AQ_COUNTERPARTY_CORRECTION(4).zip,EVIDENCE_LEDGER_CICLO_AJUSTE_V58.csv,EVIDENCE_LEDGER_CICLO_AJUSTE_V58.csv,43221,25991159,FRONTERA_CICLO_AJUSTE_V60_QUARTERLY_AQ_COUNTERPARTY_CORRECTION(4).zip::BASE_V59.zip::BASE_V58.zip,zip,evidenceledgercicloajustev58csv,2
FRONTERA_CICLO_AJUSTE_V60_QUARTERLY_AQ_COUNTERPARTY_CORRECTION(4).zip,QA_RESULT_V58.txt,QA_RESULT_V58.txt,5,3256905966,FRONTERA_CICLO_AJUSTE_V60_QUARTERLY_AQ_COUNTERPARTY_CORRECTION(4).zip::BASE_V59.zip::BASE_V58.zip,zip,qaresultv58txt,2
FRONTERA_CICLO_AJUSTE_V60_QUARTERLY_AQ_COUNTERPARTY_CORRECTION(4).zip,INTEREST_FLOW_SECTOR_BRIDGE_V58.csv,INTEREST_FLOW_SECTOR_BRIDGE_V58.csv,839,2939175568,FRONTERA_CICLO_AJUSTE_V60_QUARTERLY_AQ_COUNTERPARTY_CORRECTION(4).zip::BASE_V59.zip::BASE_V58.zip,zip,interestflowsectorbridgev58csv,2
FRONTERA_CICLO_AJUSTE_V60_QUARTERLY_AQ_COUNTERPARTY_CORRECTION(4).zip,README_V58.md,README_V58.md,604,3045899320,FRONTERA_CICLO_AJUSTE_V60_QUARTERLY_AQ_COUNTERPARTY_CORRECTION(4).zip::BASE_V59.zip::BASE_V58.zip,zip,readmev58md,2
FRONTERA_CICLO_AJUSTE_V60_QUARTERLY_AQ_COUNTERPARTY_CORRECTION(4).zip,RAW_MODERN_XLSX_MANIFEST_V58.csv,RAW_MODERN_XLSX_MANIFEST_V58.csv,1529,2552249829,FRONTERA_CICLO_AJUSTE_V60_QUARTERLY_AQ_COUNTERPARTY_CORRECTION(4).zip::BASE_V59.zip::BASE_V58.zip,zip,rawmodernxlsxmanifestv58csv,2
FRONTERA_CICLO_AJUSTE_V60_QUARTERLY_AQ_COUNTERPARTY_CORRECTION(4).zip,qa_v58.py,qa_v58.py,1537,4031334256,FRONTERA_CICLO_AJUSTE_V60_QUARTERLY_AQ_COUNTERPARTY_CORRECTION(4).zip::BASE_V59.zip::BASE_V58.zip,zip,qav58py,2
FRONTERA_CICLO_AJUSTE_V60_QUARTERLY_AQ_COUNTERPARTY_CORRECTION(4).zip,PROMPT_CODEX_V59_ENTITY_LEVEL_REAL_MARGIN_BRIDGE.md,PROMPT_CODEX_V59_ENTITY_LEVEL_REAL_MARGIN_BRIDGE.md,2472,3660409110,FRONTERA_CICLO_AJUSTE_V60_QUARTERLY_AQ_COUNTERPARTY_CORRECTION(4).zip::BASE_V59.zip::BASE_V58.zip,zip,promptcodexv59entitylevelrealmarginbridgemd,2
FRONTERA_CICLO_AJUSTE_V60_QUARTERLY_AQ_COUNTERPARTY_CORRECTION(4).zip,AUDITORIA_V58.md,AUDITORIA_V58.md,3346,2630045207,FRONTERA_CICLO_AJUSTE_V60_QUARTERLY_AQ_COUNTERPARTY_CORRECTION(4).zip::BASE_V59.zip::BASE_V58.zip,zip,auditoriav58md,2
FRONTERA_CICLO_AJUSTE_V60_QUARTERLY_AQ_COUNTERPARTY_CORRECTION(4).zip,MANIFEST_V58.json,MANIFEST_V58.json,878,2063404822,FRONTERA_CICLO_AJUSTE_V60_QUARTERLY_AQ_COUNTERPARTY_CORRECTION(4).zip::BASE_V59.zip::BASE_V58.zip,zip,manifestv58json,2
FRONTERA_CICLO_AJUSTE_V60_QUARTERLY_AQ_COUNTERPARTY_CORRECTION(4).zip,SECURITIES_ISSUER_RESULT_BRIDGE_V58.csv,SECURITIES_ISSUER_RESULT_BRIDGE_V58.csv,981,2991295667,FRONTERA_CICLO_AJUSTE_V60_QUARTERLY_AQ_COUNTERPARTY_CORRECTION(4).zip::BASE_V59.zip::BASE_V58.zip,zip,securitiesissuerresultbridgev58csv,2
FRONTERA_CICLO_AJUSTE_V60_QUARTERLY_AQ_COUNTERPARTY_CORRECTION(4).zip,QA_RESULT_V59.txt,QA_RESULT_V59.txt,5,3256905966,FRONTERA_CICLO_AJUSTE_V60_QUARTERLY_AQ_COUNTERPARTY_CORRECTION(4).zip::BASE_V59.zip,zip,qaresultv59txt,1
FRONTERA_CICLO_AJUSTE_V60_QUARTERLY_AQ_COUNTERPARTY_CORRECTION(4).zip,PROMPT_CODEX_V60_ANNUAL_AQ_SYSTEM_RECONCILIATION.md,PROMPT_CODEX_V60_ANNUAL_AQ_SYSTEM_RECONCILIATION.md,2721,2357846522,FRONTERA_CICLO_AJUSTE_V60_QUARTERLY_AQ_COUNTERPARTY_CORRECTION(4).zip::BASE_V59.zip,zip,promptcodexv60annualaqsystemreconciliationmd,1
FRONTERA_CICLO_AJUSTE_V60_QUARTERLY_AQ_COUNTERPARTY_CORRECTION(4).zip,EVIDENCE_LEDGER_CICLO_AJUSTE_V59.csv,EVIDENCE_LEDGER_CICLO_AJUSTE_V59.csv,45300,2905811972,FRONTERA_CICLO_AJUSTE_V60_QUARTERLY_AQ_COUNTERPARTY_CORRECTION(4).zip::BASE_V59.zip,zip,evidenceledgercicloajustev59csv,1
FRONTERA_CICLO_AJUSTE_V60_QUARTERLY_AQ_COUNTERPARTY_CORRECTION(4).zip,qa_v59.py,qa_v59.py,1599,990225047,FRONTERA_CICLO_AJUSTE_V60_QUARTERLY_AQ_COUNTERPARTY_CORRECTION(4).zip::BASE_V59.zip,zip,qav59py,1
FRONTERA_CICLO_AJUSTE_V60_QUARTERLY_AQ_COUNTERPARTY_CORRECTION(4).zip,AUDITORIA_V59.md,AUDITORIA_V59.md,6227,970565096,FRONTERA_CICLO_AJUSTE_V60_QUARTERLY_AQ_COUNTERPARTY_CORRECTION(4).zip::BASE_V59.zip,zip,auditoriav59md,1
FRONTERA_CICLO_AJUSTE_V60_QUARTERLY_AQ_COUNTERPARTY_CORRECTION(4).zip,COUNTERPARTY_UPDATE_V59.csv,COUNTERPARTY_UPDATE_V59.csv,1111,661044847,FRONTERA_CICLO_AJUSTE_V60_QUARTERLY_AQ_COUNTERPARTY_CORRECTION(4).zip::BASE_V59.zip,zip,counterpartyupdatev59csv,1
FRONTERA_CICLO_AJUSTE_V60_QUARTERLY_AQ_COUNTERPARTY_CORRECTION(4).zip,FX_CER_PASSES_FLOW_V59.csv,FX_CER_PASSES_FLOW_V59.csv,1003,2808764338,FRONTERA_CICLO_AJUSTE_V60_QUARTERLY_AQ_COUNTERPARTY_CORRECTION(4).zip::BASE_V59.zip,zip,fxcerpassesflowv59csv,1
FRONTERA_CICLO_AJUSTE_V60_QUARTERLY_AQ_COUNTERPARTY_CORRECTION(4).zip,FUENTES_V59.md,FUENTES_V59.md,1815,1602664242,FRONTERA_CICLO_AJUSTE_V60_QUARTERLY_AQ_COUNTERPARTY_CORRECTION(4).zip::BASE_V59.zip,zip,fuentesv59md,1
FRONTERA_CICLO_AJUSTE_V60_QUARTERLY_AQ_COUNTERPARTY_CORRECTION(4).zip,POST_NIIF_SUBACCOUNT_MAP_V59.csv,POST_NIIF_SUBACCOUNT_MAP_V59.csv,3652,3459050816,FRONTERA_CICLO_AJUSTE_V60_QUARTERLY_AQ_COUNTERPARTY_CORRECTION(4).zip::BASE_V59.zip,zip,postniifsubaccountmapv59csv,1
FRONTERA_CICLO_AJUSTE_V60_QUARTERLY_AQ_COUNTERPARTY_CORRECTION(4).zip,COUNTERPARTY_UPDATE_V60.csv,COUNTERPARTY_UPDATE_V60.csv,1036,3895427239,FRONTERA_CICLO_AJUSTE_V60_QUARTERLY_AQ_COUNTERPARTY_CORRECTION(4).zip,zip,counterpartyupdatev60csv,0
FRONTERA_CICLO_AJUSTE_V60_QUARTERLY_AQ_COUNTERPARTY_CORRECTION(4).zip,ENTITY_Q4_AQ_BRIDGE_V60.csv,ENTITY_Q4_AQ_BRIDGE_V60.csv,2617,695357644,FRONTERA_CICLO_AJUSTE_V60_QUARTERLY_AQ_COUNTERPARTY_CORRECTION(4).zip,zip,entityq4aqbridgev60csv,0
FRONTERA_CICLO_AJUSTE_V60_QUARTERLY_AQ_COUNTERPARTY_CORRECTION(4).zip,EVIDENCE_LEDGER_CICLO_AJUSTE_V60.csv,EVIDENCE_LEDGER_CICLO_AJUSTE_V60.csv,45977,321594245,FRONTERA_CICLO_AJUSTE_V60_QUARTERLY_AQ_COUNTERPARTY_CORRECTION(4).zip,zip,evidenceledgercicloajustev60csv,0
FRONTERA_CICLO_AJUSTE_V60_QUARTERLY_AQ_COUNTERPARTY_CORRECTION(4).zip,FUENTES_V60.md,FUENTES_V60.md,456,3010152713,FRONTERA_CICLO_AJUSTE_V60_QUARTERLY_AQ_COUNTERPARTY_CORRECTION(4).zip,zip,fuentesv60md,0
FRONTERA_CICLO_AJUSTE_V60_QUARTERLY_AQ_COUNTERPARTY_CORRECTION(4).zip,HOUSEHOLD_LIKE_INTEREST_ANNUAL_V60.csv,HOUSEHOLD_LIKE_INTEREST_ANNUAL_V60.csv,824,1360227913,FRONTERA_CICLO_AJUSTE_V60_QUARTERLY_AQ_COUNTERPARTY_CORRECTION(4).zip,zip,householdlikeinterestannualv60csv,0
FRONTERA_CICLO_AJUSTE_V60_QUARTERLY_AQ_COUNTERPARTY_CORRECTION(4).zip,IPC_REEXPRESSION_V60.csv,IPC_REEXPRESSION_V60.csv,171,2507692037,FRONTERA_CICLO_AJUSTE_V60_QUARTERLY_AQ_COUNTERPARTY_CORRECTION(4).zip,zip,ipcreexpressionv60csv,0
FRONTERA_CICLO_AJUSTE_V60_QUARTERLY_AQ_COUNTERPARTY_CORRECTION(4).zip,MANIFEST_V60.json,MANIFEST_V60.json,3572,4065991227,FRONTERA_CICLO_AJUSTE_V60_QUARTERLY_AQ_COUNTERPARTY_CORRECTION(4).zip,zip,manifestv60json,0
FRONTERA_CICLO_AJUSTE_V60_QUARTERLY_AQ_COUNTERPARTY_CORRECTION(4).zip,PASS_COUNTERPARTY_FALSIFIER_V60.csv,PASS_COUNTERPARTY_FALSIFIER_V60.csv,844,3542592508,FRONTERA_CICLO_AJUSTE_V60_QUARTERLY_AQ_COUNTERPARTY_CORRECTION(4).zip,zip,passcounterpartyfalsifierv60csv,0
FRONTERA_CICLO_AJUSTE_V60_QUARTERLY_AQ_COUNTERPARTY_CORRECTION(4).zip,PROMPT_CODEX_V61_SYSTEM_Q4_AQ_COVERAGE_AND_PASS_NETTING.md,PROMPT_CODEX_V61_SYSTEM_Q4_AQ_COVERAGE_AND_PASS_NETTING.md,848,3347385940,FRONTERA_CICLO_AJUSTE_V60_QUARTERLY_AQ_COUNTERPARTY_CORRECTION(4).zip,zip,promptcodexv61systemq4aqcoverageandpassnettingmd,0
FRONTERA_CICLO_AJUSTE_V60_QUARTERLY_AQ_COUNTERPARTY_CORRECTION(4).zip,QA_RESULT_V60.txt,QA_RESULT_V60.txt,5,3256905966,FRONTERA_CICLO_AJUSTE_V60_QUARTERLY_AQ_COUNTERPARTY_CORRECTION(4).zip,zip,qaresultv60txt,0
FRONTERA_CICLO_AJUSTE_V60_QUARTERLY_AQ_COUNTERPARTY_CORRECTION(4).zip,RAW_ENTITY_2023_MANIFEST_V60.csv,RAW_ENTITY_2023_MANIFEST_V60.csv,500,1466823452,FRONTERA_CICLO_AJUSTE_V60_QUARTERLY_AQ_COUNTERPARTY_CORRECTION(4).zip,zip,rawentity2023manifestv60csv,0
FRONTERA_CICLO_AJUSTE_V60_QUARTERLY_AQ_COUNTERPARTY_CORRECTION(4).zip,README_V60.md,README_V60.md,297,2936266435,FRONTERA_CICLO_AJUSTE_V60_QUARTERLY_AQ_COUNTERPARTY_CORRECTION(4).zip,zip,readmev60md,0
FRONTERA_CICLO_AJUSTE_V60_QUARTERLY_AQ_COUNTERPARTY_CORRECTION(4).zip,SECURITIES_PUBLIC_ISSUER_GATE_V60.csv,SECURITIES_PUBLIC_ISSUER_GATE_V60.csv,586,3902737956,FRONTERA_CICLO_AJUSTE_V60_QUARTERLY_AQ_COUNTERPARTY_CORRECTION(4).zip,zip,securitiespublicissuergatev60csv,0
FRONTERA_CICLO_AJUSTE_V60_QUARTERLY_AQ_COUNTERPARTY_CORRECTION(4).zip,VEREDICTO_V60.md,VEREDICTO_V60.md,754,2483816971,FRONTERA_CICLO_AJUSTE_V60_QUARTERLY_AQ_COUNTERPARTY_CORRECTION(4).zip,zip,veredictov60md,0
FRONTERA_CICLO_AJUSTE_V60_QUARTERLY_AQ_COUNTERPARTY_CORRECTION(4).zip,qa_v60.py,qa_v60.py,1094,326113959,FRONTERA_CICLO_AJUSTE_V60_QUARTERLY_AQ_COUNTERPARTY_CORRECTION(4).zip,zip,qav60py,0
FRONTERA_CICLO_AJUSTE_V61_SYSTEM_Q4_AQ_PASS_NETTING(4).zip,AUDITORIA_V61.md,AUDITORIA_V61.md,1403,3939235878,FRONTERA_CICLO_AJUSTE_V61_SYSTEM_Q4_AQ_PASS_NETTING(4).zip,zip,auditoriav61md,0
FRONTERA_CICLO_AJUSTE_V61_SYSTEM_Q4_AQ_PASS_NETTING(4).zip,BASE_V60.zip,BASE_V60.zip,1516418,405553932,FRONTERA_CICLO_AJUSTE_V61_SYSTEM_Q4_AQ_PASS_NETTING(4).zip,zip,basev60zip,0
FRONTERA_CICLO_AJUSTE_V61_SYSTEM_Q4_AQ_PASS_NETTING(4).zip,AQ_FREQUENCY_CORRECTION_V60.csv,AQ_FREQUENCY_CORRECTION_V60.csv,293,27279586,FRONTERA_CICLO_AJUSTE_V61_SYSTEM_Q4_AQ_PASS_NETTING(4).zip::BASE_V60.zip,zip,aqfrequencycorrectionv60csv,1
FRONTERA_CICLO_AJUSTE_V61_SYSTEM_Q4_AQ_PASS_NETTING(4).zip,AQ_SYSTEM_AGGREGATE_2023_V60.csv,AQ_SYSTEM_AGGREGATE_2023_V60.csv,453,3657801338,FRONTERA_CICLO_AJUSTE_V61_SYSTEM_Q4_AQ_PASS_NETTING(4).zip::BASE_V60.zip,zip,aqsystemaggregate2023v60csv,1
FRONTERA_CICLO_AJUSTE_V61_SYSTEM_Q4_AQ_PASS_NETTING(4).zip,AQ_TO_IEF_ANNUAL_BRIDGE_V60.csv,AQ_TO_IEF_ANNUAL_BRIDGE_V60.csv,521,3222057515,FRONTERA_CICLO_AJUSTE_V61_SYSTEM_Q4_AQ_PASS_NETTING(4).zip::BASE_V60.zip,zip,aqtoiefannualbridgev60csv,1
FRONTERA_CICLO_AJUSTE_V61_SYSTEM_Q4_AQ_PASS_NETTING(4).zip,AUDITORIA_V60.md,AUDITORIA_V60.md,1028,3191199415,FRONTERA_CICLO_AJUSTE_V61_SYSTEM_Q4_AQ_PASS_NETTING(4).zip::BASE_V60.zip,zip,auditoriav60md,1
FRONTERA_CICLO_AJUSTE_V61_SYSTEM_Q4_AQ_PASS_NETTING(4).zip,BASE_V59.zip,BASE_V59.zip,1488966,3327583224,FRONTERA_CICLO_AJUSTE_V61_SYSTEM_Q4_AQ_PASS_NETTING(4).zip::BASE_V60.zip,zip,basev59zip,1
FRONTERA_CICLO_AJUSTE_V61_SYSTEM_Q4_AQ_PASS_NETTING(4).zip,INTEREST_ACCRUED_SECTOR_FLOW_V59.csv,INTEREST_ACCRUED_SECTOR_FLOW_V59.csv,3456,2350036141,FRONTERA_CICLO_AJUSTE_V61_SYSTEM_Q4_AQ_PASS_NETTING(4).zip::BASE_V60.zip::BASE_V59.zip,zip,interestaccruedsectorflowv59csv,2
FRONTERA_CICLO_AJUSTE_V61_SYSTEM_Q4_AQ_PASS_NETTING(4).zip,SECURITIES_RESULT_ISSUER_FLOW_V59.csv,SECURITIES_RESULT_ISSUER_FLOW_V59.csv,973,2396753114,FRONTERA_CICLO_AJUSTE_V61_SYSTEM_Q4_AQ_PASS_NETTING(4).zip::BASE_V60.zip::BASE_V59.zip,zip,securitiesresultissuerflowv59csv,2
FRONTERA_CICLO_AJUSTE_V61_SYSTEM_Q4_AQ_PASS_NETTING(4).zip,MANIFEST_V59.json,MANIFEST_V59.json,3173,1958130905,FRONTERA_CICLO_AJUSTE_V61_SYSTEM_Q4_AQ_PASS_NETTING(4).zip::BASE_V60.zip::BASE_V59.zip,zip,manifestv59json,2
FRONTERA_CICLO_AJUSTE_V61_SYSTEM_Q4_AQ_PASS_NETTING(4).zip,VEREDICTO_V59.md,VEREDICTO_V59.md,1520,2869004237,FRONTERA_CICLO_AJUSTE_V61_SYSTEM_Q4_AQ_PASS_NETTING(4).zip::BASE_V60.zip::BASE_V59.zip,zip,veredictov59md,2
FRONTERA_CICLO_AJUSTE_V61_SYSTEM_Q4_AQ_PASS_NETTING(4).zip,POSITIVE_FINANCIAL_INCOME_FORMULA_V59.csv,POSITIVE_FINANCIAL_INCOME_FORMULA_V59.csv,2665,3309765842,FRONTERA_CICLO_AJUSTE_V61_SYSTEM_Q4_AQ_PASS_NETTING(4).zip::BASE_V60.zip::BASE_V59.zip,zip,positivefinancialincomeformulav59csv,2
FRONTERA_CICLO_AJUSTE_V61_SYSTEM_Q4_AQ_PASS_NETTING(4).zip,README_V59.md,README_V59.md,689,1979927137,FRONTERA_CICLO_AJUSTE_V61_SYSTEM_Q4_AQ_PASS_NETTING(4).zip::BASE_V60.zip::BASE_V59.zip,zip,readmev59md,2
FRONTERA_CICLO_AJUSTE_V61_SYSTEM_Q4_AQ_PASS_NETTING(4).zip,COMMON_DENOMINATOR_RECONCILIATION_V59.csv,COMMON_DENOMINATOR_RECONCILIATION_V59.csv,3406,3895230344,FRONTERA_CICLO_AJUSTE_V61_SYSTEM_Q4_AQ_PASS_NETTING(4).zip::BASE_V60.zip::BASE_V59.zip,zip,commondenominatorreconciliationv59csv,2
FRONTERA_CICLO_AJUSTE_V61_SYSTEM_Q4_AQ_PASS_NETTING(4).zip,BASE_V58.zip,BASE_V58.zip,1457322,799904491,FRONTERA_CICLO_AJUSTE_V61_SYSTEM_Q4_AQ_PASS_NETTING(4).zip::BASE_V60.zip::BASE_V59.zip,zip,basev58zip,2
FRONTERA_CICLO_AJUSTE_V61_SYSTEM_Q4_AQ_PASS_NETTING(4).zip,IEF_COMPONENT_RECONCILIATION_V58.csv,IEF_COMPONENT_RECONCILIATION_V58.csv,4404,771447225,FRONTERA_CICLO_AJUSTE_V61_SYSTEM_Q4_AQ_PASS_NETTING(4).zip::BASE_V60.zip::BASE_V59.zip::BASE_V58.zip,zip,iefcomponentreconciliationv58csv,3
FRONTERA_CICLO_AJUSTE_V61_SYSTEM_Q4_AQ_PASS_NETTING(4).zip,BASE_V57.zip,BASE_V57.zip,1426922,2040299978,FRONTERA_CICLO_AJUSTE_V61_SYSTEM_Q4_AQ_PASS_NETTING(4).zip::BASE_V60.zip::BASE_V59.zip::BASE_V58.zip,zip,basev57zip,3
FRONTERA_CICLO_AJUSTE_V61_SYSTEM_Q4_AQ_PASS_NETTING(4).zip,ACCOUNT_MAPPING_NIIF_V57.csv,ACCOUNT_MAPPING_NIIF_V57.csv,6675,3279393462,FRONTERA_CICLO_AJUSTE_V61_SYSTEM_Q4_AQ_PASS_NETTING(4).zip::BASE_V60.zip::BASE_V59.zip::BASE_V58.zip::BASE_V57.zip,zip,accountmappingniifv57csv,4
FRONTERA_CICLO_AJUSTE_V61_SYSTEM_Q4_AQ_PASS_NETTING(4).zip,AUDITORIA_V57.md,AUDITORIA_V57.md,3300,2845304577,FRONTERA_CICLO_AJUSTE_V61_SYSTEM_Q4_AQ_PASS_NETTING(4).zip::BASE_V60.zip::BASE_V59.zip::BASE_V58.zip::BASE_V57.zip,zip,auditoriav57md,4
FRONTERA_CICLO_AJUSTE_V61_SYSTEM_Q4_AQ_PASS_NETTING(4).zip,BASE_V56.zip,BASE_V56.zip,1405429,4102697162,FRONTERA_CICLO_AJUSTE_V61_SYSTEM_Q4_AQ_PASS_NETTING(4).zip::BASE_V60.zip::BASE_V59.zip::BASE_V58.zip::BASE_V57.zip,zip,basev56zip,4
FRONTERA_CICLO_AJUSTE_V61_SYSTEM_Q4_AQ_PASS_NETTING(4).zip,TARGET_RECONCILIATION_V56.csv,TARGET_RECONCILIATION_V56.csv,1039,3039763977,FRONTERA_CICLO_AJUSTE_V61_SYSTEM_Q4_AQ_PASS_NETTING(4).zip::BASE_V60.zip::BASE_V59.zip::BASE_V58.zip::BASE_V57.zip::BASE_V56.zip,zip,targetreconciliationv56csv,5
FRONTERA_CICLO_AJUSTE_V61_SYSTEM_Q4_AQ_PASS_NETTING(4).zip,FUENTES_V56.md,FUENTES_V56.md,1270,1201168601,FRONTERA_CICLO_AJUSTE_V61_SYSTEM_Q4_AQ_PASS_NETTING(4).zip::BASE_V60.zip::BASE_V59.zip::BASE_V58.zip::BASE_V57.zip::BASE_V56.zip,zip,fuentesv56md,5
FRONTERA_CICLO_AJUSTE_V61_SYSTEM_Q4_AQ_PASS_NETTING(4).zip,AUDITORIA_V56.md,AUDITORIA_V56.md,1958,3875203169,FRONTERA_CICLO_AJUSTE_V61_SYSTEM_Q4_AQ_PASS_NETTING(4).zip::BASE_V60.zip::BASE_V59.zip::BASE_V58.zip::BASE_V57.zip::BASE_V56.zip,zip,auditoriav56md,5
FRONTERA_CICLO_AJUSTE_V61_SYSTEM_Q4_AQ_PASS_NETTING(4).zip,PROMPT_CODEX_V57_API_VALUE_EXTRACTION_AND_RECONCILIATION.md,PROMPT_CODEX_V57_API_VALUE_EXTRACTION_AND_RECONCILIATION.md,1639,1234052454,FRONTERA_CICLO_AJUSTE_V61_SYSTEM_Q4_AQ_PASS_NETTING(4).zip::BASE_V60.zip::BASE_V59.zip::BASE_V58.zip::BASE_V57.zip::BASE_V56.zip,zip,promptcodexv57apivalueextractionandreconciliationmd,5
FRONTERA_CICLO_AJUSTE_V61_SYSTEM_Q4_AQ_PASS_NETTING(4).zip,README_V56.md,README_V56.md,741,2692164018,FRONTERA_CICLO_AJUSTE_V61_SYSTEM_Q4_AQ_PASS_NETTING(4).zip::BASE_V60.zip::BASE_V59.zip::BASE_V58.zip::BASE_V57.zip::BASE_V56.zip,zip,readmev56md,5
FRONTERA_CICLO_AJUSTE_V61_SYSTEM_Q4_AQ_PASS_NETTING(4).zip,SERIES_VALUE_BYTES_MANIFEST_V56.csv,SERIES_VALUE_BYTES_MANIFEST_V56.csv,1721,1992671686,FRONTERA_CICLO_AJUSTE_V61_SYSTEM_Q4_AQ_PASS_NETTING(4).zip::BASE_V60.zip::BASE_V59.zip::BASE_V58.zip::BASE_V57.zip::BASE_V56.zip,zip,seriesvaluebytesmanifestv56csv,5
FRONTERA_CICLO_AJUSTE_V61_SYSTEM_Q4_AQ_PASS_NETTING(4).zip,QA_RESULT_V56.txt,QA_RESULT_V56.txt,5,3256905966,FRONTERA_CICLO_AJUSTE_V61_SYSTEM_Q4_AQ_PASS_NETTING(4).zip::BASE_V60.zip::BASE_V59.zip::BASE_V58.zip::BASE_V57.zip::BASE_V56.zip,zip,qaresultv56txt,5
FRONTERA_CICLO_AJUSTE_V61_SYSTEM_Q4_AQ_PASS_NETTING(4).zip,BASE_V55.zip,BASE_V55.zip,308547,3407641759,FRONTERA_CICLO_AJUSTE_V61_SYSTEM_Q4_AQ_PASS_NETTING(4).zip::BASE_V60.zip::BASE_V59.zip::BASE_V58.zip::BASE_V57.zip::BASE_V56.zip,zip,basev55zip,5
FRONTERA_CICLO_AJUSTE_V61_SYSTEM_Q4_AQ_PASS_NETTING(4).zip,ACCOUNTING_MODE_AXIS_V55.csv,ACCOUNTING_MODE_AXIS_V55.csv,699,3452533906,FRONTERA_CICLO_AJUSTE_V61_SYSTEM_Q4_AQ_PASS_NETTING(4).zip::BASE_V60.zip::BASE_V59.zip::BASE_V58.zip::BASE_V57.zip::BASE_V56.zip::BASE_V55.zip,zip,accountingmodeaxisv55csv,6
FRONTERA_CICLO_AJUSTE_V61_SYSTEM_Q4_AQ_PASS_NETTING(4).zip,AUDITORIA_RECONCILIACION_V55.md,AUDITORIA_RECONCILIACION_V55.md,2954,954690639,FRONTERA_CICLO_AJUSTE_V61_SYSTEM_Q4_AQ_PASS_NETTING(4).zip::BASE_V60.zip::BASE_V59.zip::BASE_V58.zip::BASE_V57.zip::BASE_V56.zip::BASE_V55.zip,zip,auditoriareconciliacionv55md,6
FRONTERA_CICLO_AJUSTE_V61_SYSTEM_Q4_AQ_PASS_NETTING(4).zip,BASE_V54.zip,BASE_V54.zip,89528,4191159782,FRONTERA_CICLO_AJUSTE_V61_SYSTEM_Q4_AQ_PASS_NETTING(4).zip::BASE_V60.zip::BASE_V59.zip::BASE_V58.zip::BASE_V57.zip::BASE_V56.zip::BASE_V55.zip,zip,basev54zip,6
FRONTERA_CICLO_AJUSTE_V61_SYSTEM_Q4_AQ_PASS_NETTING(4).zip,AUDITORIA_MICRODATA_BRIDGE_V54.md,AUDITORIA_MICRODATA_BRIDGE_V54.md,5719,1640919157,FRONTERA_CICLO_AJUSTE_V61_SYSTEM_Q4_AQ_PASS_NETTING(4).zip::BASE_V60.zip::BASE_V59.zip::BASE_V58.zip::BASE_V57.zip::BASE_V56.zip::BASE_V55.zip::BASE_V54.zip,zip,auditoriamicrodatabridgev54md,7
FRONTERA_CICLO_AJUSTE_V61_SYSTEM_Q4_AQ_PASS_NETTING(4).zip,BASE_V53.zip,BASE_V53.zip,60708,2634438224,FRONTERA_CICLO_AJUSTE_V61_SYSTEM_Q4_AQ_PASS_NETTING(4).zip::BASE_V60.zip::BASE_V59.zip::BASE_V58.zip::BASE_V57.zip::BASE_V56.zip::BASE_V55.zip::BASE_V54.zip,zip,basev53zip,7
FRONTERA_CICLO_AJUSTE_V61_SYSTEM_Q4_AQ_PASS_NETTING(4).zip,AUDITORIA_CUANTIFICACION_CONTRAPARTES_V53.md,AUDITORIA_CUANTIFICACION_CONTRAPARTES_V53.md,8576,3068984065,FRONTERA_CICLO_AJUSTE_V61_SYSTEM_Q4_AQ_PASS_NETTING(4).zip::BASE_V60.zip::BASE_V59.zip::BASE_V58.zip::BASE_V57.zip::BASE_V56.zip::BASE_V55.zip::BASE_V54.zip::BASE_V53.zip,zip,auditoriacuantificacioncontrapartesv53md,8
FRONTERA_CICLO_AJUSTE_V61_SYSTEM_Q4_AQ_PASS_NETTING(4).zip,BASE_V52.zip,BASE_V52.zip,30016,2693101034,FRONTERA_CICLO_AJUSTE_V61_SYSTEM_Q4_AQ_PASS_NETTING(4).zip::BASE_V60.zip::BASE_V59.zip::BASE_V58.zip::BASE_V57.zip::BASE_V56.zip::BASE_V55.zip::BASE_V54.zip::BASE_V53.zip,zip,basev52zip,8
FRONTERA_CICLO_AJUSTE_V61_SYSTEM_Q4_AQ_PASS_NETTING(4).zip,AUDITORIA_CONTRAPARTES_V52.md,AUDITORIA_CONTRAPARTES_V52.md,10790,1141669530,FRONTERA_CICLO_AJUSTE_V61_SYSTEM_Q4_AQ_PASS_NETTING(4).zip::BASE_V60.zip::BASE_V59.zip::BASE_V58.zip::BASE_V57.zip::BASE_V56.zip::BASE_V55.zip::BASE_V54.zip::BASE_V53.zip::BASE_V52.zip,zip,auditoriacontrapartesv52md,9
FRONTERA_CICLO_AJUSTE_V61_SYSTEM_Q4_AQ_PASS_NETTING(4).zip,COMPONENT_COUNTERPARTY_MAP_V52.csv,COMPONENT_COUNTERPARTY_MAP_V52.csv,10923,221048505,FRONTERA_CICLO_AJUSTE_V61_SYSTEM_Q4_AQ_PASS_NETTING(4).zip::BASE_V60.zip::BASE_V59.zip::BASE_V58.zip::BASE_V57.zip::BASE_V56.zip::BASE_V55.zip::BASE_V54.zip::BASE_V53.zip::BASE_V52.zip,zip,componentcounterpartymapv52csv,9
FRONTERA_CICLO_AJUSTE_V61_SYSTEM_Q4_AQ_PASS_NETTING(4).zip,EVIDENCE_LEDGER_CICLO_AJUSTE_V52.csv,EVIDENCE_LEDGER_CICLO_AJUSTE_V52.csv,29452,2822240886,FRONTERA_CICLO_AJUSTE_V61_SYSTEM_Q4_AQ_PASS_NETTING(4).zip::BASE_V60.zip::BASE_V59.zip::BASE_V58.zip::BASE_V57.zip::BASE_V56.zip::BASE_V55.zip::BASE_V54.zip::BASE_V53.zip::BASE_V52.zip,zip,evidenceledgercicloajustev52csv,9
FRONTERA_CICLO_AJUSTE_V61_SYSTEM_Q4_AQ_PASS_NETTING(4).zip,FALSIFICADORES_INCIDENCE_V52.csv,FALSIFICADORES_INCIDENCE_V52.csv,1704,733707846,FRONTERA_CICLO_AJUSTE_V61_SYSTEM_Q4_AQ_PASS_NETTING(4).zip::BASE_V60.zip::BASE_V59.zip::BASE_V58.zip::BASE_V57.zip::BASE_V56.zip::BASE_V55.zip::BASE_V54.zip::BASE_V53.zip::BASE_V52.zip,zip,falsificadoresincidencev52csv,9
FRONTERA_CICLO_AJUSTE_V61_SYSTEM_Q4_AQ_PASS_NETTING(4).zip,HOUSEHOLD_LINK_CLASSIFICATION_V52.csv,HOUSEHOLD_LINK_CLASSIFICATION_V52.csv,2318,2469493028,FRONTERA_CICLO_AJUSTE_V61_SYSTEM_Q4_AQ_PASS_NETTING(4).zip::BASE_V60.zip::BASE_V59.zip::BASE_V58.zip::BASE_V57.zip::BASE_V56.zip::BASE_V55.zip::BASE_V54.zip::BASE_V53.zip::BASE_V52.zip,zip,householdlinkclassificationv52csv,9
FRONTERA_CICLO_AJUSTE_V61_SYSTEM_Q4_AQ_PASS_NETTING(4).zip,INCIDENCE_CHAIN_V52.csv,INCIDENCE_CHAIN_V52.csv,4179,1507603432,FRONTERA_CICLO_AJUSTE_V61_SYSTEM_Q4_AQ_PASS_NETTING(4).zip::BASE_V60.zip::BASE_V59.zip::BASE_V58.zip::BASE_V57.zip::BASE_V56.zip::BASE_V55.zip::BASE_V54.zip::BASE_V53.zip::BASE_V52.zip,zip,incidencechainv52csv,9
FRONTERA_CICLO_AJUSTE_V61_SYSTEM_Q4_AQ_PASS_NETTING(4).zip,MANIFEST_V52.json,MANIFEST_V52.json,3066,2435890137,FRONTERA_CICLO_AJUSTE_V61_SYSTEM_Q4_AQ_PASS_NETTING(4).zip::BASE_V60.zip::BASE_V59.zip::BASE_V58.zip::BASE_V57.zip::BASE_V56.zip::BASE_V55.zip::BASE_V54.zip::BASE_V53.zip::BASE_V52.zip,zip,manifestv52json,9
FRONTERA_CICLO_AJUSTE_V61_SYSTEM_Q4_AQ_PASS_NETTING(4).zip,PROMPT_CODEX_V53_COUNTERPARTY_QUANTIFICATION.md,PROMPT_CODEX_V53_COUNTERPARTY_QUANTIFICATION.md,2245,3992379914,FRONTERA_CICLO_AJUSTE_V61_SYSTEM_Q4_AQ_PASS_NETTING(4).zip::BASE_V60.zip::BASE_V59.zip::BASE_V58.zip::BASE_V57.zip::BASE_V56.zip::BASE_V55.zip::BASE_V54.zip::BASE_V53.zip::BASE_V52.zip,zip,promptcodexv53counterpartyquantificationmd,9
FRONTERA_CICLO_AJUSTE_V61_SYSTEM_Q4_AQ_PASS_NETTING(4).zip,README_V52.md,README_V52.md,1435,967710712,FRONTERA_CICLO_AJUSTE_V61_SYSTEM_Q4_AQ_PASS_NETTING(4).zip::BASE_V60.zip::BASE_V59.zip::BASE_V58.zip::BASE_V57.zip::BASE_V56.zip::BASE_V55.zip::BASE_V54.zip::BASE_V53.zip::BASE_V52.zip,zip,readmev52md,9
FRONTERA_CICLO_AJUSTE_V61_SYSTEM_Q4_AQ_PASS_NETTING(4).zip,VEREDICTO_CONTRAPARTES_V52.md,VEREDICTO_CONTRAPARTES_V52.md,2555,1531089469,FRONTERA_CICLO_AJUSTE_V61_SYSTEM_Q4_AQ_PASS_NETTING(4).zip::BASE_V60.zip::BASE_V59.zip::BASE_V58.zip::BASE_V57.zip::BASE_V56.zip::BASE_V55.zip::BASE_V54.zip::BASE_V53.zip::BASE_V52.zip,zip,veredictocontrapartesv52md,9
FRONTERA_CICLO_AJUSTE_V61_SYSTEM_Q4_AQ_PASS_NETTING(4).zip,qa_v52.py,qa_v52.py,1481,3727353323,FRONTERA_CICLO_AJUSTE_V61_SYSTEM_Q4_AQ_PASS_NETTING(4).zip::BASE_V60.zip::BASE_V59.zip::BASE_V58.zip::BASE_V57.zip::BASE_V56.zip::BASE_V55.zip::BASE_V54.zip::BASE_V53.zip::BASE_V52.zip,zip,qav52py,9
FRONTERA_CICLO_AJUSTE_V61_SYSTEM_Q4_AQ_PASS_NETTING(4).zip,CER_ASSET_LIABILITY_SECTOR_MAP_V53.csv,CER_ASSET_LIABILITY_SECTOR_MAP_V53.csv,1928,2424930496,FRONTERA_CICLO_AJUSTE_V61_SYSTEM_Q4_AQ_PASS_NETTING(4).zip::BASE_V60.zip::BASE_V59.zip::BASE_V58.zip::BASE_V57.zip::BASE_V56.zip::BASE_V55.zip::BASE_V54.zip::BASE_V53.zip,zip,cerassetliabilitysectormapv53csv,8
FRONTERA_CICLO_AJUSTE_V61_SYSTEM_Q4_AQ_PASS_NETTING(4).zip,EVIDENCE_LEDGER_CICLO_AJUSTE_V53.csv,EVIDENCE_LEDGER_CICLO_AJUSTE_V53.csv,32838,1291886418,FRONTERA_CICLO_AJUSTE_V61_SYSTEM_Q4_AQ_PASS_NETTING(4).zip::BASE_V60.zip::BASE_V59.zip::BASE_V58.zip::BASE_V57.zip::BASE_V56.zip::BASE_V55.zip::BASE_V54.zip::BASE_V53.zip,zip,evidenceledgercicloajustev53csv,8
FRONTERA_CICLO_AJUSTE_V61_SYSTEM_Q4_AQ_PASS_NETTING(4).zip,FUENTES_V53.md,FUENTES_V53.md,1790,3905457752,FRONTERA_CICLO_AJUSTE_V61_SYSTEM_Q4_AQ_PASS_NETTING(4).zip::BASE_V60.zip::BASE_V59.zip::BASE_V58.zip::BASE_V57.zip::BASE_V56.zip::BASE_V55.zip::BASE_V54.zip::BASE_V53.zip,zip,fuentesv53md,8
FRONTERA_CICLO_AJUSTE_V61_SYSTEM_Q4_AQ_PASS_NETTING(4).zip,FX_GROSS_COUNTERPARTY_MAP_V53.csv,FX_GROSS_COUNTERPARTY_MAP_V53.csv,2845,3945359840,FRONTERA_CICLO_AJUSTE_V61_SYSTEM_Q4_AQ_PASS_NETTING(4).zip::BASE_V60.zip::BASE_V59.zip::BASE_V58.zip::BASE_V57.zip::BASE_V56.zip::BASE_V55.zip::BASE_V54.zip::BASE_V53.zip,zip,fxgrosscounterpartymapv53csv,8
FRONTERA_CICLO_AJUSTE_V61_SYSTEM_Q4_AQ_PASS_NETTING(4).zip,HOUSEHOLD_DIRECT_FLOW_BOUND_V53.csv,HOUSEHOLD_DIRECT_FLOW_BOUND_V53.csv,2566,3922136717,FRONTERA_CICLO_AJUSTE_V61_SYSTEM_Q4_AQ_PASS_NETTING(4).zip::BASE_V60.zip::BASE_V59.zip::BASE_V58.zip::BASE_V57.zip::BASE_V56.zip::BASE_V55.zip::BASE_V54.zip::BASE_V53.zip,zip,householddirectflowboundv53csv,8
FRONTERA_CICLO_AJUSTE_V61_SYSTEM_Q4_AQ_PASS_NETTING(4).zip,INTEREST_INCOME_SECTOR_SPLIT_V53.csv,INTEREST_INCOME_SECTOR_SPLIT_V53.csv,1914,3323966839,FRONTERA_CICLO_AJUSTE_V61_SYSTEM_Q4_AQ_PASS_NETTING(4).zip::BASE_V60.zip::BASE_V59.zip::BASE_V58.zip::BASE_V57.zip::BASE_V56.zip::BASE_V55.zip::BASE_V54.zip::BASE_V53.zip,zip,interestincomesectorsplitv53csv,8
FRONTERA_CICLO_AJUSTE_V61_SYSTEM_Q4_AQ_PASS_NETTING(4).zip,MANIFEST_V53.json,MANIFEST_V53.json,3151,3397775879,FRONTERA_CICLO_AJUSTE_V61_SYSTEM_Q4_AQ_PASS_NETTING(4).zip::BASE_V60.zip::BASE_V59.zip::BASE_V58.zip::BASE_V57.zip::BASE_V56.zip::BASE_V55.zip::BASE_V54.zip::BASE_V53.zip,zip,manifestv53json,8
FRONTERA_CICLO_AJUSTE_V61_SYSTEM_Q4_AQ_PASS_NETTING(4).zip,PROMPT_CODEX_V54_RAW_BCRA_MICRODATA.md,PROMPT_CODEX_V54_RAW_BCRA_MICRODATA.md,3199,1476505167,FRONTERA_CICLO_AJUSTE_V61_SYSTEM_Q4_AQ_PASS_NETTING(4).zip::BASE_V60.zip::BASE_V59.zip::BASE_V58.zip::BASE_V57.zip::BASE_V56.zip::BASE_V55.zip::BASE_V54.zip::BASE_V53.zip,zip,promptcodexv54rawbcramicrodatamd,8
FRONTERA_CICLO_AJUSTE_V61_SYSTEM_Q4_AQ_PASS_NETTING(4).zip,README_V53.md,README_V53.md,1622,2934203907,FRONTERA_CICLO_AJUSTE_V61_SYSTEM_Q4_AQ_PASS_NETTING(4).zip::BASE_V60.zip::BASE_V59.zip::BASE_V58.zip::BASE_V57.zip::BASE_V56.zip::BASE_V55.zip::BASE_V54.zip::BASE_V53.zip,zip,readmev53md,8
FRONTERA_CICLO_AJUSTE_V61_SYSTEM_Q4_AQ_PASS_NETTING(4).zip,SECURITIES_ISSUER_VALUATION_SPLIT_V53.csv,SECURITIES_ISSUER_VALUATION_SPLIT_V53.csv,3994,1151985647,FRONTERA_CICLO_AJUSTE_V61_SYSTEM_Q4_AQ_PASS_NETTING(4).zip::BASE_V60.zip::BASE_V59.zip::BASE_V58.zip::BASE_V57.zip::BASE_V56.zip::BASE_V55.zip::BASE_V54.zip::BASE_V53.zip,zip,securitiesissuervaluationsplitv53csv,8
FRONTERA_CICLO_AJUSTE_V61_SYSTEM_Q4_AQ_PASS_NETTING(4).zip,VEREDICTO_CUANTIFICACION_CONTRAPARTES_V53.md,VEREDICTO_CUANTIFICACION_CONTRAPARTES_V53.md,2689,3561875554,FRONTERA_CICLO_AJUSTE_V61_SYSTEM_Q4_AQ_PASS_NETTING(4).zip::BASE_V60.zip::BASE_V59.zip::BASE_V58.zip::BASE_V57.zip::BASE_V56.zip::BASE_V55.zip::BASE_V54.zip::BASE_V53.zip,zip,veredictocuantificacioncontrapartesv53md,8
FRONTERA_CICLO_AJUSTE_V61_SYSTEM_Q4_AQ_PASS_NETTING(4).zip,qa_v53.py,qa_v53.py,2329,4075672873,FRONTERA_CICLO_AJUSTE_V61_SYSTEM_Q4_AQ_PASS_NETTING(4).zip::BASE_V60.zip::BASE_V59.zip::BASE_V58.zip::BASE_V57.zip::BASE_V56.zip::BASE_V55.zip::BASE_V54.zip::BASE_V53.zip,zip,qav53py,8
FRONTERA_CICLO_AJUSTE_V61_SYSTEM_Q4_AQ_PASS_NETTING(4).zip,CER_GROSS_BRIDGE_V54.csv,CER_GROSS_BRIDGE_V54.csv,1298,1763478116,FRONTERA_CICLO_AJUSTE_V61_SYSTEM_Q4_AQ_PASS_NETTING(4).zip::BASE_V60.zip::BASE_V59.zip::BASE_V58.zip::BASE_V57.zip::BASE_V56.zip::BASE_V55.zip::BASE_V54.zip,zip,cergrossbridgev54csv,7
FRONTERA_CICLO_AJUSTE_V61_SYSTEM_Q4_AQ_PASS_NETTING(4).zip,EVIDENCE_LEDGER_CICLO_AJUSTE_V54.csv,EVIDENCE_LEDGER_CICLO_AJUSTE_V54.csv,35891,2651049975,FRONTERA_CICLO_AJUSTE_V61_SYSTEM_Q4_AQ_PASS_NETTING(4).zip::BASE_V60.zip::BASE_V59.zip::BASE_V58.zip::BASE_V57.zip::BASE_V56.zip::BASE_V55.zip::BASE_V54.zip,zip,evidenceledgercicloajustev54csv,7
FRONTERA_CICLO_AJUSTE_V61_SYSTEM_Q4_AQ_PASS_NETTING(4).zip,FUENTES_V54.md,FUENTES_V54.md,1899,881832952,FRONTERA_CICLO_AJUSTE_V61_SYSTEM_Q4_AQ_PASS_NETTING(4).zip::BASE_V60.zip::BASE_V59.zip::BASE_V58.zip::BASE_V57.zip::BASE_V56.zip::BASE_V55.zip::BASE_V54.zip,zip,fuentesv54md,7
FRONTERA_CICLO_AJUSTE_V61_SYSTEM_Q4_AQ_PASS_NETTING(4).zip,FX_GROSS_RESULT_BRIDGE_V54.csv,FX_GROSS_RESULT_BRIDGE_V54.csv,1199,3402975375,FRONTERA_CICLO_AJUSTE_V61_SYSTEM_Q4_AQ_PASS_NETTING(4).zip::BASE_V60.zip::BASE_V59.zip::BASE_V58.zip::BASE_V57.zip::BASE_V56.zip::BASE_V55.zip::BASE_V54.zip,zip,fxgrossresultbridgev54csv,7
FRONTERA_CICLO_AJUSTE_V61_SYSTEM_Q4_AQ_PASS_NETTING(4).zip,INTEREST_INCOME_ACCOUNTING_BRIDGE_V54.csv,INTEREST_INCOME_ACCOUNTING_BRIDGE_V54.csv,1406,1355639883,FRONTERA_CICLO_AJUSTE_V61_SYSTEM_Q4_AQ_PASS_NETTING(4).zip::BASE_V60.zip::BASE_V59.zip::BASE_V58.zip::BASE_V57.zip::BASE_V56.zip::BASE_V55.zip::BASE_V54.zip,zip,interestincomeaccountingbridgev54csv,7
FRONTERA_CICLO_AJUSTE_V61_SYSTEM_Q4_AQ_PASS_NETTING(4).zip,MANIFEST_V54.json,MANIFEST_V54.json,3560,650712362,FRONTERA_CICLO_AJUSTE_V61_SYSTEM_Q4_AQ_PASS_NETTING(4).zip::BASE_V60.zip::BASE_V59.zip::BASE_V58.zip::BASE_V57.zip::BASE_V56.zip::BASE_V55.zip::BASE_V54.zip,zip,manifestv54json,7
FRONTERA_CICLO_AJUSTE_V61_SYSTEM_Q4_AQ_PASS_NETTING(4).zip,PROMPT_CODEX_V55_BYTE_MATERIALIZATION_AND_SUBACCOUNT_RECONCILIATION.md,PROMPT_CODEX_V55_BYTE_MATERIALIZATION_AND_SUBACCOUNT_RECONCILIATION.md,3086,444971051,FRONTERA_CICLO_AJUSTE_V61_SYSTEM_Q4_AQ_PASS_NETTING(4).zip::BASE_V60.zip::BASE_V59.zip::BASE_V58.zip::BASE_V57.zip::BASE_V56.zip::BASE_V55.zip::BASE_V54.zip,zip,promptcodexv55bytematerializationandsubaccountreconciliationmd,7
FRONTERA_CICLO_AJUSTE_V61_SYSTEM_Q4_AQ_PASS_NETTING(4).zip,Q4_2023_JOINT_COUNTERPARTY_PARTITION_V54.csv,Q4_2023_JOINT_COUNTERPARTY_PARTITION_V54.csv,1218,3873685717,FRONTERA_CICLO_AJUSTE_V61_SYSTEM_Q4_AQ_PASS_NETTING(4).zip::BASE_V60.zip::BASE_V59.zip::BASE_V58.zip::BASE_V57.zip::BASE_V56.zip::BASE_V55.zip::BASE_V54.zip,zip,q42023jointcounterpartypartitionv54csv,7
FRONTERA_CICLO_AJUSTE_V61_SYSTEM_Q4_AQ_PASS_NETTING(4).zip,QA_RESULT_V54.txt,QA_RESULT_V54.txt,5,3256905966,FRONTERA_CICLO_AJUSTE_V61_SYSTEM_Q4_AQ_PASS_NETTING(4).zip::BASE_V60.zip::BASE_V59.zip::BASE_V58.zip::BASE_V57.zip::BASE_V56.zip::BASE_V55.zip::BASE_V54.zip,zip,qaresultv54txt,7
FRONTERA_CICLO_AJUSTE_V61_SYSTEM_Q4_AQ_PASS_NETTING(4).zip,RAW_SOURCE_MANIFEST_V54.csv,RAW_SOURCE_MANIFEST_V54.csv,4086,3355249895,FRONTERA_CICLO_AJUSTE_V61_SYSTEM_Q4_AQ_PASS_NETTING(4).zip::BASE_V60.zip::BASE_V59.zip::BASE_V58.zip::BASE_V57.zip::BASE_V56.zip::BASE_V55.zip::BASE_V54.zip,zip,rawsourcemanifestv54csv,7
FRONTERA_CICLO_AJUSTE_V61_SYSTEM_Q4_AQ_PASS_NETTING(4).zip,README_V54.md,README_V54.md,1151,557525011,FRONTERA_CICLO_AJUSTE_V61_SYSTEM_Q4_AQ_PASS_NETTING(4).zip::BASE_V60.zip::BASE_V59.zip::BASE_V58.zip::BASE_V57.zip::BASE_V56.zip::BASE_V55.zip::BASE_V54.zip,zip,readmev54md,7
FRONTERA_CICLO_AJUSTE_V61_SYSTEM_Q4_AQ_PASS_NETTING(4).zip,SECURITIES_RESULT_BRIDGE_V54.csv,SECURITIES_RESULT_BRIDGE_V54.csv,1403,4022876793,FRONTERA_CICLO_AJUSTE_V61_SYSTEM_Q4_AQ_PASS_NETTING(4).zip::BASE_V60.zip::BASE_V59.zip::BASE_V58.zip::BASE_V57.zip::BASE_V56.zip::BASE_V55.zip::BASE_V54.zip,zip,securitiesresultbridgev54csv,7
FRONTERA_CICLO_AJUSTE_V61_SYSTEM_Q4_AQ_PASS_NETTING(4).zip,VEREDICTO_MICRODATA_BRIDGE_V54.md,VEREDICTO_MICRODATA_BRIDGE_V54.md,2066,3936993609,FRONTERA_CICLO_AJUSTE_V61_SYSTEM_Q4_AQ_PASS_NETTING(4).zip::BASE_V60.zip::BASE_V59.zip::BASE_V58.zip::BASE_V57.zip::BASE_V56.zip::BASE_V55.zip::BASE_V54.zip,zip,veredictomicrodatabridgev54md,7
FRONTERA_CICLO_AJUSTE_V61_SYSTEM_Q4_AQ_PASS_NETTING(4).zip,qa_v54.py,qa_v54.py,1477,1824512938,FRONTERA_CICLO_AJUSTE_V61_SYSTEM_Q4_AQ_PASS_NETTING(4).zip::BASE_V60.zip::BASE_V59.zip::BASE_V58.zip::BASE_V57.zip::BASE_V56.zip::BASE_V55.zip::BASE_V54.zip,zip,qav54py,7
FRONTERA_CICLO_AJUSTE_V61_SYSTEM_Q4_AQ_PASS_NETTING(4).zip,CER_GROSS_RECONCILIATION_V55.csv,CER_GROSS_RECONCILIATION_V55.csv,769,424658597,FRONTERA_CICLO_AJUSTE_V61_SYSTEM_Q4_AQ_PASS_NETTING(4).zip::BASE_V60.zip::BASE_V59.zip::BASE_V58.zip::BASE_V57.zip::BASE_V56.zip::BASE_V55.zip,zip,cergrossreconciliationv55csv,6
FRONTERA_CICLO_AJUSTE_V61_SYSTEM_Q4_AQ_PASS_NETTING(4).zip,COUNTERPARTY_AXIS_V55.csv,COUNTERPARTY_AXIS_V55.csv,783,1856850215,FRONTERA_CICLO_AJUSTE_V61_SYSTEM_Q4_AQ_PASS_NETTING(4).zip::BASE_V60.zip::BASE_V59.zip::BASE_V58.zip::BASE_V57.zip::BASE_V56.zip::BASE_V55.zip,zip,counterpartyaxisv55csv,6
FRONTERA_CICLO_AJUSTE_V61_SYSTEM_Q4_AQ_PASS_NETTING(4).zip,EVIDENCE_LEDGER_CICLO_AJUSTE_V55.csv,EVIDENCE_LEDGER_CICLO_AJUSTE_V55.csv,37476,769167957,FRONTERA_CICLO_AJUSTE_V61_SYSTEM_Q4_AQ_PASS_NETTING(4).zip::BASE_V60.zip::BASE_V59.zip::BASE_V58.zip::BASE_V57.zip::BASE_V56.zip::BASE_V55.zip,zip,evidenceledgercicloajustev55csv,6
FRONTERA_CICLO_AJUSTE_V61_SYSTEM_Q4_AQ_PASS_NETTING(4).zip,FUENTES_V55.md,FUENTES_V55.md,1595,2045476171,FRONTERA_CICLO_AJUSTE_V61_SYSTEM_Q4_AQ_PASS_NETTING(4).zip::BASE_V60.zip::BASE_V59.zip::BASE_V58.zip::BASE_V57.zip::BASE_V56.zip::BASE_V55.zip,zip,fuentesv55md,6
FRONTERA_CICLO_AJUSTE_V61_SYSTEM_Q4_AQ_PASS_NETTING(4).zip,FX_MODE_RECONCILIATION_V55.csv,FX_MODE_RECONCILIATION_V55.csv,748,1599154258,FRONTERA_CICLO_AJUSTE_V61_SYSTEM_Q4_AQ_PASS_NETTING(4).zip::BASE_V60.zip::BASE_V59.zip::BASE_V58.zip::BASE_V57.zip::BASE_V56.zip::BASE_V55.zip,zip,fxmodereconciliationv55csv,6
FRONTERA_CICLO_AJUSTE_V61_SYSTEM_Q4_AQ_PASS_NETTING(4).zip,INTEREST_SECTOR_RECONCILIATION_V55.csv,INTEREST_SECTOR_RECONCILIATION_V55.csv,1148,1522993080,FRONTERA_CICLO_AJUSTE_V61_SYSTEM_Q4_AQ_PASS_NETTING(4).zip::BASE_V60.zip::BASE_V59.zip::BASE_V58.zip::BASE_V57.zip::BASE_V56.zip::BASE_V55.zip,zip,interestsectorreconciliationv55csv,6
FRONTERA_CICLO_AJUSTE_V61_SYSTEM_Q4_AQ_PASS_NETTING(4).zip,MANIFEST_V55.json,MANIFEST_V55.json,727,4094365357,FRONTERA_CICLO_AJUSTE_V61_SYSTEM_Q4_AQ_PASS_NETTING(4).zip::BASE_V60.zip::BASE_V59.zip::BASE_V58.zip::BASE_V57.zip::BASE_V56.zip::BASE_V55.zip,zip,manifestv55json,6
FRONTERA_CICLO_AJUSTE_V61_SYSTEM_Q4_AQ_PASS_NETTING(4).zip,PROMPT_CODEX_V56_SERIES_VALUES_AND_NIIF_BRIDGE.md,PROMPT_CODEX_V56_SERIES_VALUES_AND_NIIF_BRIDGE.md,2013,3247092477,FRONTERA_CICLO_AJUSTE_V61_SYSTEM_Q4_AQ_PASS_NETTING(4).zip::BASE_V60.zip::BASE_V59.zip::BASE_V58.zip::BASE_V57.zip::BASE_V56.zip::BASE_V55.zip,zip,promptcodexv56seriesvaluesandniifbridgemd,6
FRONTERA_CICLO_AJUSTE_V61_SYSTEM_Q4_AQ_PASS_NETTING(4).zip,QA_RESULT_V55.txt,QA_RESULT_V55.txt,9,2796055921,FRONTERA_CICLO_AJUSTE_V61_SYSTEM_Q4_AQ_PASS_NETTING(4).zip::BASE_V60.zip::BASE_V59.zip::BASE_V58.zip::BASE_V57.zip::BASE_V56.zip::BASE_V55.zip,zip,qaresultv55txt,6
FRONTERA_CICLO_AJUSTE_V61_SYSTEM_Q4_AQ_PASS_NETTING(4).zip,RAW_BYTES_MANIFEST_V55.csv,RAW_BYTES_MANIFEST_V55.csv,4441,3653712268,FRONTERA_CICLO_AJUSTE_V61_SYSTEM_Q4_AQ_PASS_NETTING(4).zip::BASE_V60.zip::BASE_V59.zip::BASE_V58.zip::BASE_V57.zip::BASE_V56.zip::BASE_V55.zip,zip,rawbytesmanifestv55csv,6
FRONTERA_CICLO_AJUSTE_V61_SYSTEM_Q4_AQ_PASS_NETTING(4).zip,README_V55.md,README_V55.md,716,2765300277,FRONTERA_CICLO_AJUSTE_V61_SYSTEM_Q4_AQ_PASS_NETTING(4).zip::BASE_V60.zip::BASE_V59.zip::BASE_V58.zip::BASE_V57.zip::BASE_V56.zip::BASE_V55.zip,zip,readmev55md,6
FRONTERA_CICLO_AJUSTE_V61_SYSTEM_Q4_AQ_PASS_NETTING(4).zip,SECURITIES_RECONCILIATION_V55.csv,SECURITIES_RECONCILIATION_V55.csv,942,84094729,FRONTERA_CICLO_AJUSTE_V61_SYSTEM_Q4_AQ_PASS_NETTING(4).zip::BASE_V60.zip::BASE_V59.zip::BASE_V58.zip::BASE_V57.zip::BASE_V56.zip::BASE_V55.zip,zip,securitiesreconciliationv55csv,6
FRONTERA_CICLO_AJUSTE_V61_SYSTEM_Q4_AQ_PASS_NETTING(4).zip,SUBACCOUNT_DICTIONARY_V55.csv,SUBACCOUNT_DICTIONARY_V55.csv,15084,151416654,FRONTERA_CICLO_AJUSTE_V61_SYSTEM_Q4_AQ_PASS_NETTING(4).zip::BASE_V60.zip::BASE_V59.zip::BASE_V58.zip::BASE_V57.zip::BASE_V56.zip::BASE_V55.zip,zip,subaccountdictionaryv55csv,6
FRONTERA_CICLO_AJUSTE_V61_SYSTEM_Q4_AQ_PASS_NETTING(4).zip,VEREDICTO_RECONCILIACION_V55.md,VEREDICTO_RECONCILIACION_V55.md,2726,243150298,FRONTERA_CICLO_AJUSTE_V61_SYSTEM_Q4_AQ_PASS_NETTING(4).zip::BASE_V60.zip::BASE_V59.zip::BASE_V58.zip::BASE_V57.zip::BASE_V56.zip::BASE_V55.zip,zip,veredictoreconciliacionv55md,6
FRONTERA_CICLO_AJUSTE_V61_SYSTEM_Q4_AQ_PASS_NETTING(4).zip,qa_v55.py,qa_v55.py,1149,434940574,FRONTERA_CICLO_AJUSTE_V61_SYSTEM_Q4_AQ_PASS_NETTING(4).zip::BASE_V60.zip::BASE_V59.zip::BASE_V58.zip::BASE_V57.zip::BASE_V56.zip::BASE_V55.zip,zip,qav55py,6
FRONTERA_CICLO_AJUSTE_V61_SYSTEM_Q4_AQ_PASS_NETTING(4).zip,raw_cache/es_series.txt,es_series.txt,5827774,748657357,FRONTERA_CICLO_AJUSTE_V61_SYSTEM_Q4_AQ_PASS_NETTING(4).zip::BASE_V60.zip::BASE_V59.zip::BASE_V58.zip::BASE_V57.zip::BASE_V56.zip::BASE_V55.zip,zip,esseriestxt,6
FRONTERA_CICLO_AJUSTE_V61_SYSTEM_Q4_AQ_PASS_NETTING(4).zip,MANIFEST_V56.json,MANIFEST_V56.json,3938,1448856948,FRONTERA_CICLO_AJUSTE_V61_SYSTEM_Q4_AQ_PASS_NETTING(4).zip::BASE_V60.zip::BASE_V59.zip::BASE_V58.zip::BASE_V57.zip::BASE_V56.zip,zip,manifestv56json,5
FRONTERA_CICLO_AJUSTE_V61_SYSTEM_Q4_AQ_PASS_NETTING(4).zip,qa_v56.py,qa_v56.py,2132,1137530503,FRONTERA_CICLO_AJUSTE_V61_SYSTEM_Q4_AQ_PASS_NETTING(4).zip::BASE_V60.zip::BASE_V59.zip::BASE_V58.zip::BASE_V57.zip::BASE_V56.zip,zip,qav56py,5
FRONTERA_CICLO_AJUSTE_V61_SYSTEM_Q4_AQ_PASS_NETTING(4).zip,COUNTERPARTY_UPDATE_V56.csv,COUNTERPARTY_UPDATE_V56.csv,548,1491076668,FRONTERA_CICLO_AJUSTE_V61_SYSTEM_Q4_AQ_PASS_NETTING(4).zip::BASE_V60.zip::BASE_V59.zip::BASE_V58.zip::BASE_V57.zip::BASE_V56.zip,zip,counterpartyupdatev56csv,5
FRONTERA_CICLO_AJUSTE_V61_SYSTEM_Q4_AQ_PASS_NETTING(4).zip,EVIDENCE_LEDGER_CICLO_AJUSTE_V56.csv,EVIDENCE_LEDGER_CICLO_AJUSTE_V56.csv,39312,3821271819,FRONTERA_CICLO_AJUSTE_V61_SYSTEM_Q4_AQ_PASS_NETTING(4).zip::BASE_V60.zip::BASE_V59.zip::BASE_V58.zip::BASE_V57.zip::BASE_V56.zip,zip,evidenceledgercicloajustev56csv,5
FRONTERA_CICLO_AJUSTE_V61_SYSTEM_Q4_AQ_PASS_NETTING(4).zip,raw_cache/es_series.txt,es_series.txt,5827774,748657357,FRONTERA_CICLO_AJUSTE_V61_SYSTEM_Q4_AQ_PASS_NETTING(4).zip::BASE_V60.zip::BASE_V59.zip::BASE_V58.zip::BASE_V57.zip::BASE_V56.zip,zip,esseriestxt,5
FRONTERA_CICLO_AJUSTE_V61_SYSTEM_Q4_AQ_PASS_NETTING(4).zip,raw_cache/Series_estadisticas.xlsx,Series_estadisticas.xlsx,1507855,1320633598,FRONTERA_CICLO_AJUSTE_V61_SYSTEM_Q4_AQ_PASS_NETTING(4).zip::BASE_V60.zip::BASE_V59.zip::BASE_V58.zip::BASE_V57.zip::BASE_V56.zip,zip,seriesestadisticasxlsx,5
FRONTERA_CICLO_AJUSTE_V61_SYSTEM_Q4_AQ_PASS_NETTING(4).zip,ACCOUNT_EQUIVALENCE_NIIF_V56.csv,ACCOUNT_EQUIVALENCE_NIIF_V56.csv,18940,3566337282,FRONTERA_CICLO_AJUSTE_V61_SYSTEM_Q4_AQ_PASS_NETTING(4).zip::BASE_V60.zip::BASE_V59.zip::BASE_V58.zip::BASE_V57.zip::BASE_V56.zip,zip,accountequivalenceniifv56csv,5
FRONTERA_CICLO_AJUSTE_V61_SYSTEM_Q4_AQ_PASS_NETTING(4).zip,fetch_bcra_v4_values.py,fetch_bcra_v4_values.py,1563,4258899431,FRONTERA_CICLO_AJUSTE_V61_SYSTEM_Q4_AQ_PASS_NETTING(4).zip::BASE_V60.zip::BASE_V59.zip::BASE_V58.zip::BASE_V57.zip::BASE_V56.zip,zip,fetchbcrav4valuespy,5
FRONTERA_CICLO_AJUSTE_V61_SYSTEM_Q4_AQ_PASS_NETTING(4).zip,MONTHLY_SUBACCOUNT_VALUES_2023_V56.csv,MONTHLY_SUBACCOUNT_VALUES_2023_V56.csv,10137,2754513223,FRONTERA_CICLO_AJUSTE_V61_SYSTEM_Q4_AQ_PASS_NETTING(4).zip::BASE_V60.zip::BASE_V59.zip::BASE_V58.zip::BASE_V57.zip::BASE_V56.zip,zip,monthlysubaccountvalues2023v56csv,5
FRONTERA_CICLO_AJUSTE_V61_SYSTEM_Q4_AQ_PASS_NETTING(4).zip,OFFICIAL_CATALOG_SLICE_V56.csv,OFFICIAL_CATALOG_SLICE_V56.csv,17529,2871997340,FRONTERA_CICLO_AJUSTE_V61_SYSTEM_Q4_AQ_PASS_NETTING(4).zip::BASE_V60.zip::BASE_V59.zip::BASE_V58.zip::BASE_V57.zip::BASE_V56.zip,zip,officialcatalogslicev56csv,5
FRONTERA_CICLO_AJUSTE_V61_SYSTEM_Q4_AQ_PASS_NETTING(4).zip,VEREDICTO_V56.md,VEREDICTO_V56.md,1131,786628932,FRONTERA_CICLO_AJUSTE_V61_SYSTEM_Q4_AQ_PASS_NETTING(4).zip::BASE_V60.zip::BASE_V59.zip::BASE_V58.zip::BASE_V57.zip::BASE_V56.zip,zip,veredictov56md,5
FRONTERA_CICLO_AJUSTE_V61_SYSTEM_Q4_AQ_PASS_NETTING(4).zip,COUNTERPARTY_UPDATE_V57.csv,COUNTERPARTY_UPDATE_V57.csv,782,2916305718,FRONTERA_CICLO_AJUSTE_V61_SYSTEM_Q4_AQ_PASS_NETTING(4).zip::BASE_V60.zip::BASE_V59.zip::BASE_V58.zip::BASE_V57.zip,zip,counterpartyupdatev57csv,4
FRONTERA_CICLO_AJUSTE_V61_SYSTEM_Q4_AQ_PASS_NETTING(4).zip,EVIDENCE_LEDGER_CICLO_AJUSTE_V57.csv,EVIDENCE_LEDGER_CICLO_AJUSTE_V57.csv,41708,3650130693,FRONTERA_CICLO_AJUSTE_V61_SYSTEM_Q4_AQ_PASS_NETTING(4).zip::BASE_V60.zip::BASE_V59.zip::BASE_V58.zip::BASE_V57.zip,zip,evidenceledgercicloajustev57csv,4
FRONTERA_CICLO_AJUSTE_V61_SYSTEM_Q4_AQ_PASS_NETTING(4).zip,FUENTES_V57.md,FUENTES_V57.md,2126,1816966930,FRONTERA_CICLO_AJUSTE_V61_SYSTEM_Q4_AQ_PASS_NETTING(4).zip::BASE_V60.zip::BASE_V59.zip::BASE_V58.zip::BASE_V57.zip,zip,fuentesv57md,4
FRONTERA_CICLO_AJUSTE_V61_SYSTEM_Q4_AQ_PASS_NETTING(4).zip,IPC_RESTATEMENT_COEFFICIENTS_V57.csv,IPC_RESTATEMENT_COEFFICIENTS_V57.csv,735,2429051065,FRONTERA_CICLO_AJUSTE_V61_SYSTEM_Q4_AQ_PASS_NETTING(4).zip::BASE_V60.zip::BASE_V59.zip::BASE_V58.zip::BASE_V57.zip,zip,ipcrestatementcoefficientsv57csv,4
FRONTERA_CICLO_AJUSTE_V61_SYSTEM_Q4_AQ_PASS_NETTING(4).zip,MANIFEST_V57.json,MANIFEST_V57.json,3226,3808868569,FRONTERA_CICLO_AJUSTE_V61_SYSTEM_Q4_AQ_PASS_NETTING(4).zip::BASE_V60.zip::BASE_V59.zip::BASE_V58.zip::BASE_V57.zip,zip,manifestv57json,4
FRONTERA_CICLO_AJUSTE_V61_SYSTEM_Q4_AQ_PASS_NETTING(4).zip,MONTHLY_SUBACCOUNT_VALUES_2023_V57.csv,MONTHLY_SUBACCOUNT_VALUES_2023_V57.csv,25977,3395576089,FRONTERA_CICLO_AJUSTE_V61_SYSTEM_Q4_AQ_PASS_NETTING(4).zip::BASE_V60.zip::BASE_V59.zip::BASE_V58.zip::BASE_V57.zip,zip,monthlysubaccountvalues2023v57csv,4
FRONTERA_CICLO_AJUSTE_V61_SYSTEM_Q4_AQ_PASS_NETTING(4).zip,NOMINAL_RECONCILIATION_V57.csv,NOMINAL_RECONCILIATION_V57.csv,5092,2497660867,FRONTERA_CICLO_AJUSTE_V61_SYSTEM_Q4_AQ_PASS_NETTING(4).zip::BASE_V60.zip::BASE_V59.zip::BASE_V58.zip::BASE_V57.zip,zip,nominalreconciliationv57csv,4
FRONTERA_CICLO_AJUSTE_V61_SYSTEM_Q4_AQ_PASS_NETTING(4).zip,POST2020_ACCUMULATED_RESULTS_V57.csv,POST2020_ACCUMULATED_RESULTS_V57.csv,5395,589873153,FRONTERA_CICLO_AJUSTE_V61_SYSTEM_Q4_AQ_PASS_NETTING(4).zip::BASE_V60.zip::BASE_V59.zip::BASE_V58.zip::BASE_V57.zip,zip,post2020accumulatedresultsv57csv,4
FRONTERA_CICLO_AJUSTE_V61_SYSTEM_Q4_AQ_PASS_NETTING(4).zip,PP_TARGET_RECONCILIATION_V57.csv,PP_TARGET_RECONCILIATION_V57.csv,1495,817158950,FRONTERA_CICLO_AJUSTE_V61_SYSTEM_Q4_AQ_PASS_NETTING(4).zip::BASE_V60.zip::BASE_V59.zip::BASE_V58.zip::BASE_V57.zip,zip,pptargetreconciliationv57csv,4
FRONTERA_CICLO_AJUSTE_V61_SYSTEM_Q4_AQ_PASS_NETTING(4).zip,PROMPT_CODEX_V58_MODERN_XLSX_SUBACCOUNT_BRIDGE.md,PROMPT_CODEX_V58_MODERN_XLSX_SUBACCOUNT_BRIDGE.md,2340,2934801191,FRONTERA_CICLO_AJUSTE_V61_SYSTEM_Q4_AQ_PASS_NETTING(4).zip::BASE_V60.zip::BASE_V59.zip::BASE_V58.zip::BASE_V57.zip,zip,promptcodexv58modernxlsxsubaccountbridgemd,4
FRONTERA_CICLO_AJUSTE_V61_SYSTEM_Q4_AQ_PASS_NETTING(4).zip,PUBLICATION_REGIME_CORRECTION_V57.csv,PUBLICATION_REGIME_CORRECTION_V57.csv,1047,489099765,FRONTERA_CICLO_AJUSTE_V61_SYSTEM_Q4_AQ_PASS_NETTING(4).zip::BASE_V60.zip::BASE_V59.zip::BASE_V58.zip::BASE_V57.zip,zip,publicationregimecorrectionv57csv,4
FRONTERA_CICLO_AJUSTE_V61_SYSTEM_Q4_AQ_PASS_NETTING(4).zip,QA_RESULT_V57.txt,QA_RESULT_V57.txt,5,3256905966,FRONTERA_CICLO_AJUSTE_V61_SYSTEM_Q4_AQ_PASS_NETTING(4).zip::BASE_V60.zip::BASE_V59.zip::BASE_V58.zip::BASE_V57.zip,zip,qaresultv57txt,4
FRONTERA_CICLO_AJUSTE_V61_SYSTEM_Q4_AQ_PASS_NETTING(4).zip,RAW_API_MANIFEST_V57.csv,RAW_API_MANIFEST_V57.csv,2703,2211353470,FRONTERA_CICLO_AJUSTE_V61_SYSTEM_Q4_AQ_PASS_NETTING(4).zip::BASE_V60.zip::BASE_V59.zip::BASE_V58.zip::BASE_V57.zip,zip,rawapimanifestv57csv,4
FRONTERA_CICLO_AJUSTE_V61_SYSTEM_Q4_AQ_PASS_NETTING(4).zip,README_V57.md,README_V57.md,704,3216325338,FRONTERA_CICLO_AJUSTE_V61_SYSTEM_Q4_AQ_PASS_NETTING(4).zip::BASE_V60.zip::BASE_V59.zip::BASE_V58.zip::BASE_V57.zip,zip,readmev57md,4
FRONTERA_CICLO_AJUSTE_V61_SYSTEM_Q4_AQ_PASS_NETTING(4).zip,VEREDICTO_V57.md,VEREDICTO_V57.md,1172,2202516161,FRONTERA_CICLO_AJUSTE_V61_SYSTEM_Q4_AQ_PASS_NETTING(4).zip::BASE_V60.zip::BASE_V59.zip::BASE_V58.zip::BASE_V57.zip,zip,veredictov57md,4
FRONTERA_CICLO_AJUSTE_V61_SYSTEM_Q4_AQ_PASS_NETTING(4).zip,qa_v57.py,qa_v57.py,1568,1949318899,FRONTERA_CICLO_AJUSTE_V61_SYSTEM_Q4_AQ_PASS_NETTING(4).zip::BASE_V60.zip::BASE_V59.zip::BASE_V58.zip::BASE_V57.zip,zip,qav57py,4
FRONTERA_CICLO_AJUSTE_V61_SYSTEM_Q4_AQ_PASS_NETTING(4).zip,FX_CER_PASSES_BRIDGE_V58.csv,FX_CER_PASSES_BRIDGE_V58.csv,669,2202966174,FRONTERA_CICLO_AJUSTE_V61_SYSTEM_Q4_AQ_PASS_NETTING(4).zip::BASE_V60.zip::BASE_V59.zip::BASE_V58.zip,zip,fxcerpassesbridgev58csv,3
FRONTERA_CICLO_AJUSTE_V61_SYSTEM_Q4_AQ_PASS_NETTING(4).zip,MODERN_SOURCE_SHEET_MAP_V58.csv,MODERN_SOURCE_SHEET_MAP_V58.csv,1848,2207996523,FRONTERA_CICLO_AJUSTE_V61_SYSTEM_Q4_AQ_PASS_NETTING(4).zip::BASE_V60.zip::BASE_V59.zip::BASE_V58.zip,zip,modernsourcesheetmapv58csv,3
FRONTERA_CICLO_AJUSTE_V61_SYSTEM_Q4_AQ_PASS_NETTING(4).zip,VEREDICTO_V58.md,VEREDICTO_V58.md,1255,2498405922,FRONTERA_CICLO_AJUSTE_V61_SYSTEM_Q4_AQ_PASS_NETTING(4).zip::BASE_V60.zip::BASE_V59.zip::BASE_V58.zip,zip,veredictov58md,3
FRONTERA_CICLO_AJUSTE_V61_SYSTEM_Q4_AQ_PASS_NETTING(4).zip,FUENTES_V58.md,FUENTES_V58.md,2826,4167207868,FRONTERA_CICLO_AJUSTE_V61_SYSTEM_Q4_AQ_PASS_NETTING(4).zip::BASE_V60.zip::BASE_V59.zip::BASE_V58.zip,zip,fuentesv58md,3
FRONTERA_CICLO_AJUSTE_V61_SYSTEM_Q4_AQ_PASS_NETTING(4).zip,COUNTERPARTY_UPDATE_V58.csv,COUNTERPARTY_UPDATE_V58.csv,695,3693839775,FRONTERA_CICLO_AJUSTE_V61_SYSTEM_Q4_AQ_PASS_NETTING(4).zip::BASE_V60.zip::BASE_V59.zip::BASE_V58.zip,zip,counterpartyupdatev58csv,3
FRONTERA_CICLO_AJUSTE_V61_SYSTEM_Q4_AQ_PASS_NETTING(4).zip,EVIDENCE_LEDGER_CICLO_AJUSTE_V58.csv,EVIDENCE_LEDGER_CICLO_AJUSTE_V58.csv,43221,25991159,FRONTERA_CICLO_AJUSTE_V61_SYSTEM_Q4_AQ_PASS_NETTING(4).zip::BASE_V60.zip::BASE_V59.zip::BASE_V58.zip,zip,evidenceledgercicloajustev58csv,3
FRONTERA_CICLO_AJUSTE_V61_SYSTEM_Q4_AQ_PASS_NETTING(4).zip,QA_RESULT_V58.txt,QA_RESULT_V58.txt,5,3256905966,FRONTERA_CICLO_AJUSTE_V61_SYSTEM_Q4_AQ_PASS_NETTING(4).zip::BASE_V60.zip::BASE_V59.zip::BASE_V58.zip,zip,qaresultv58txt,3
FRONTERA_CICLO_AJUSTE_V61_SYSTEM_Q4_AQ_PASS_NETTING(4).zip,INTEREST_FLOW_SECTOR_BRIDGE_V58.csv,INTEREST_FLOW_SECTOR_BRIDGE_V58.csv,839,2939175568,FRONTERA_CICLO_AJUSTE_V61_SYSTEM_Q4_AQ_PASS_NETTING(4).zip::BASE_V60.zip::BASE_V59.zip::BASE_V58.zip,zip,interestflowsectorbridgev58csv,3
FRONTERA_CICLO_AJUSTE_V61_SYSTEM_Q4_AQ_PASS_NETTING(4).zip,README_V58.md,README_V58.md,604,3045899320,FRONTERA_CICLO_AJUSTE_V61_SYSTEM_Q4_AQ_PASS_NETTING(4).zip::BASE_V60.zip::BASE_V59.zip::BASE_V58.zip,zip,readmev58md,3
FRONTERA_CICLO_AJUSTE_V61_SYSTEM_Q4_AQ_PASS_NETTING(4).zip,RAW_MODERN_XLSX_MANIFEST_V58.csv,RAW_MODERN_XLSX_MANIFEST_V58.csv,1529,2552249829,FRONTERA_CICLO_AJUSTE_V61_SYSTEM_Q4_AQ_PASS_NETTING(4).zip::BASE_V60.zip::BASE_V59.zip::BASE_V58.zip,zip,rawmodernxlsxmanifestv58csv,3
FRONTERA_CICLO_AJUSTE_V61_SYSTEM_Q4_AQ_PASS_NETTING(4).zip,qa_v58.py,qa_v58.py,1537,4031334256,FRONTERA_CICLO_AJUSTE_V61_SYSTEM_Q4_AQ_PASS_NETTING(4).zip::BASE_V60.zip::BASE_V59.zip::BASE_V58.zip,zip,qav58py,3
FRONTERA_CICLO_AJUSTE_V61_SYSTEM_Q4_AQ_PASS_NETTING(4).zip,PROMPT_CODEX_V59_ENTITY_LEVEL_REAL_MARGIN_BRIDGE.md,PROMPT_CODEX_V59_ENTITY_LEVEL_REAL_MARGIN_BRIDGE.md,2472,3660409110,FRONTERA_CICLO_AJUSTE_V61_SYSTEM_Q4_AQ_PASS_NETTING(4).zip::BASE_V60.zip::BASE_V59.zip::BASE_V58.zip,zip,promptcodexv59entitylevelrealmarginbridgemd,3
FRONTERA_CICLO_AJUSTE_V61_SYSTEM_Q4_AQ_PASS_NETTING(4).zip,AUDITORIA_V58.md,AUDITORIA_V58.md,3346,2630045207,FRONTERA_CICLO_AJUSTE_V61_SYSTEM_Q4_AQ_PASS_NETTING(4).zip::BASE_V60.zip::BASE_V59.zip::BASE_V58.zip,zip,auditoriav58md,3
FRONTERA_CICLO_AJUSTE_V61_SYSTEM_Q4_AQ_PASS_NETTING(4).zip,MANIFEST_V58.json,MANIFEST_V58.json,878,2063404822,FRONTERA_CICLO_AJUSTE_V61_SYSTEM_Q4_AQ_PASS_NETTING(4).zip::BASE_V60.zip::BASE_V59.zip::BASE_V58.zip,zip,manifestv58json,3
FRONTERA_CICLO_AJUSTE_V61_SYSTEM_Q4_AQ_PASS_NETTING(4).zip,SECURITIES_ISSUER_RESULT_BRIDGE_V58.csv,SECURITIES_ISSUER_RESULT_BRIDGE_V58.csv,981,2991295667,FRONTERA_CICLO_AJUSTE_V61_SYSTEM_Q4_AQ_PASS_NETTING(4).zip::BASE_V60.zip::BASE_V59.zip::BASE_V58.zip,zip,securitiesissuerresultbridgev58csv,3
FRONTERA_CICLO_AJUSTE_V61_SYSTEM_Q4_AQ_PASS_NETTING(4).zip,QA_RESULT_V59.txt,QA_RESULT_V59.txt,5,3256905966,FRONTERA_CICLO_AJUSTE_V61_SYSTEM_Q4_AQ_PASS_NETTING(4).zip::BASE_V60.zip::BASE_V59.zip,zip,qaresultv59txt,2
FRONTERA_CICLO_AJUSTE_V61_SYSTEM_Q4_AQ_PASS_NETTING(4).zip,PROMPT_CODEX_V60_ANNUAL_AQ_SYSTEM_RECONCILIATION.md,PROMPT_CODEX_V60_ANNUAL_AQ_SYSTEM_RECONCILIATION.md,2721,2357846522,FRONTERA_CICLO_AJUSTE_V61_SYSTEM_Q4_AQ_PASS_NETTING(4).zip::BASE_V60.zip::BASE_V59.zip,zip,promptcodexv60annualaqsystemreconciliationmd,2
FRONTERA_CICLO_AJUSTE_V61_SYSTEM_Q4_AQ_PASS_NETTING(4).zip,EVIDENCE_LEDGER_CICLO_AJUSTE_V59.csv,EVIDENCE_LEDGER_CICLO_AJUSTE_V59.csv,45300,2905811972,FRONTERA_CICLO_AJUSTE_V61_SYSTEM_Q4_AQ_PASS_NETTING(4).zip::BASE_V60.zip::BASE_V59.zip,zip,evidenceledgercicloajustev59csv,2
FRONTERA_CICLO_AJUSTE_V61_SYSTEM_Q4_AQ_PASS_NETTING(4).zip,qa_v59.py,qa_v59.py,1599,990225047,FRONTERA_CICLO_AJUSTE_V61_SYSTEM_Q4_AQ_PASS_NETTING(4).zip::BASE_V60.zip::BASE_V59.zip,zip,qav59py,2
FRONTERA_CICLO_AJUSTE_V61_SYSTEM_Q4_AQ_PASS_NETTING(4).zip,AUDITORIA_V59.md,AUDITORIA_V59.md,6227,970565096,FRONTERA_CICLO_AJUSTE_V61_SYSTEM_Q4_AQ_PASS_NETTING(4).zip::BASE_V60.zip::BASE_V59.zip,zip,auditoriav59md,2
FRONTERA_CICLO_AJUSTE_V61_SYSTEM_Q4_AQ_PASS_NETTING(4).zip,COUNTERPARTY_UPDATE_V59.csv,COUNTERPARTY_UPDATE_V59.csv,1111,661044847,FRONTERA_CICLO_AJUSTE_V61_SYSTEM_Q4_AQ_PASS_NETTING(4).zip::BASE_V60.zip::BASE_V59.zip,zip,counterpartyupdatev59csv,2
FRONTERA_CICLO_AJUSTE_V61_SYSTEM_Q4_AQ_PASS_NETTING(4).zip,FX_CER_PASSES_FLOW_V59.csv,FX_CER_PASSES_FLOW_V59.csv,1003,2808764338,FRONTERA_CICLO_AJUSTE_V61_SYSTEM_Q4_AQ_PASS_NETTING(4).zip::BASE_V60.zip::BASE_V59.zip,zip,fxcerpassesflowv59csv,2
FRONTERA_CICLO_AJUSTE_V61_SYSTEM_Q4_AQ_PASS_NETTING(4).zip,FUENTES_V59.md,FUENTES_V59.md,1815,1602664242,FRONTERA_CICLO_AJUSTE_V61_SYSTEM_Q4_AQ_PASS_NETTING(4).zip::BASE_V60.zip::BASE_V59.zip,zip,fuentesv59md,2
FRONTERA_CICLO_AJUSTE_V61_SYSTEM_Q4_AQ_PASS_NETTING(4).zip,POST_NIIF_SUBACCOUNT_MAP_V59.csv,POST_NIIF_SUBACCOUNT_MAP_V59.csv,3652,3459050816,FRONTERA_CICLO_AJUSTE_V61_SYSTEM_Q4_AQ_PASS_NETTING(4).zip::BASE_V60.zip::BASE_V59.zip,zip,postniifsubaccountmapv59csv,2
FRONTERA_CICLO_AJUSTE_V61_SYSTEM_Q4_AQ_PASS_NETTING(4).zip,COUNTERPARTY_UPDATE_V60.csv,COUNTERPARTY_UPDATE_V60.csv,1036,3895427239,FRONTERA_CICLO_AJUSTE_V61_SYSTEM_Q4_AQ_PASS_NETTING(4).zip::BASE_V60.zip,zip,counterpartyupdatev60csv,1
FRONTERA_CICLO_AJUSTE_V61_SYSTEM_Q4_AQ_PASS_NETTING(4).zip,ENTITY_Q4_AQ_BRIDGE_V60.csv,ENTITY_Q4_AQ_BRIDGE_V60.csv,2617,695357644,FRONTERA_CICLO_AJUSTE_V61_SYSTEM_Q4_AQ_PASS_NETTING(4).zip::BASE_V60.zip,zip,entityq4aqbridgev60csv,1
FRONTERA_CICLO_AJUSTE_V61_SYSTEM_Q4_AQ_PASS_NETTING(4).zip,EVIDENCE_LEDGER_CICLO_AJUSTE_V60.csv,EVIDENCE_LEDGER_CICLO_AJUSTE_V60.csv,45977,321594245,FRONTERA_CICLO_AJUSTE_V61_SYSTEM_Q4_AQ_PASS_NETTING(4).zip::BASE_V60.zip,zip,evidenceledgercicloajustev60csv,1
FRONTERA_CICLO_AJUSTE_V61_SYSTEM_Q4_AQ_PASS_NETTING(4).zip,FUENTES_V60.md,FUENTES_V60.md,456,3010152713,FRONTERA_CICLO_AJUSTE_V61_SYSTEM_Q4_AQ_PASS_NETTING(4).zip::BASE_V60.zip,zip,fuentesv60md,1
FRONTERA_CICLO_AJUSTE_V61_SYSTEM_Q4_AQ_PASS_NETTING(4).zip,HOUSEHOLD_LIKE_INTEREST_ANNUAL_V60.csv,HOUSEHOLD_LIKE_INTEREST_ANNUAL_V60.csv,824,1360227913,FRONTERA_CICLO_AJUSTE_V61_SYSTEM_Q4_AQ_PASS_NETTING(4).zip::BASE_V60.zip,zip,householdlikeinterestannualv60csv,1
FRONTERA_CICLO_AJUSTE_V61_SYSTEM_Q4_AQ_PASS_NETTING(4).zip,IPC_REEXPRESSION_V60.csv,IPC_REEXPRESSION_V60.csv,171,2507692037,FRONTERA_CICLO_AJUSTE_V61_SYSTEM_Q4_AQ_PASS_NETTING(4).zip::BASE_V60.zip,zip,ipcreexpressionv60csv,1
FRONTERA_CICLO_AJUSTE_V61_SYSTEM_Q4_AQ_PASS_NETTING(4).zip,MANIFEST_V60.json,MANIFEST_V60.json,3572,4065991227,FRONTERA_CICLO_AJUSTE_V61_SYSTEM_Q4_AQ_PASS_NETTING(4).zip::BASE_V60.zip,zip,manifestv60json,1
FRONTERA_CICLO_AJUSTE_V61_SYSTEM_Q4_AQ_PASS_NETTING(4).zip,PASS_COUNTERPARTY_FALSIFIER_V60.csv,PASS_COUNTERPARTY_FALSIFIER_V60.csv,844,3542592508,FRONTERA_CICLO_AJUSTE_V61_SYSTEM_Q4_AQ_PASS_NETTING(4).zip::BASE_V60.zip,zip,passcounterpartyfalsifierv60csv,1
FRONTERA_CICLO_AJUSTE_V61_SYSTEM_Q4_AQ_PASS_NETTING(4).zip,PROMPT_CODEX_V61_SYSTEM_Q4_AQ_COVERAGE_AND_PASS_NETTING.md,PROMPT_CODEX_V61_SYSTEM_Q4_AQ_COVERAGE_AND_PASS_NETTING.md,848,3347385940,FRONTERA_CICLO_AJUSTE_V61_SYSTEM_Q4_AQ_PASS_NETTING(4).zip::BASE_V60.zip,zip,promptcodexv61systemq4aqcoverageandpassnettingmd,1
FRONTERA_CICLO_AJUSTE_V61_SYSTEM_Q4_AQ_PASS_NETTING(4).zip,QA_RESULT_V60.txt,QA_RESULT_V60.txt,5,3256905966,FRONTERA_CICLO_AJUSTE_V61_SYSTEM_Q4_AQ_PASS_NETTING(4).zip::BASE_V60.zip,zip,qaresultv60txt,1
FRONTERA_CICLO_AJUSTE_V61_SYSTEM_Q4_AQ_PASS_NETTING(4).zip,RAW_ENTITY_2023_MANIFEST_V60.csv,RAW_ENTITY_2023_MANIFEST_V60.csv,500,1466823452,FRONTERA_CICLO_AJUSTE_V61_SYSTEM_Q4_AQ_PASS_NETTING(4).zip::BASE_V60.zip,zip,rawentity2023manifestv60csv,1
FRONTERA_CICLO_AJUSTE_V61_SYSTEM_Q4_AQ_PASS_NETTING(4).zip,README_V60.md,README_V60.md,297,2936266435,FRONTERA_CICLO_AJUSTE_V61_SYSTEM_Q4_AQ_PASS_NETTING(4).zip::BASE_V60.zip,zip,readmev60md,1
FRONTERA_CICLO_AJUSTE_V61_SYSTEM_Q4_AQ_PASS_NETTING(4).zip,SECURITIES_PUBLIC_ISSUER_GATE_V60.csv,SECURITIES_PUBLIC_ISSUER_GATE_V60.csv,586,3902737956,FRONTERA_CICLO_AJUSTE_V61_SYSTEM_Q4_AQ_PASS_NETTING(4).zip::BASE_V60.zip,zip,securitiespublicissuergatev60csv,1
FRONTERA_CICLO_AJUSTE_V61_SYSTEM_Q4_AQ_PASS_NETTING(4).zip,VEREDICTO_V60.md,VEREDICTO_V60.md,754,2483816971,FRONTERA_CICLO_AJUSTE_V61_SYSTEM_Q4_AQ_PASS_NETTING(4).zip::BASE_V60.zip,zip,veredictov60md,1
FRONTERA_CICLO_AJUSTE_V61_SYSTEM_Q4_AQ_PASS_NETTING(4).zip,qa_v60.py,qa_v60.py,1094,326113959,FRONTERA_CICLO_AJUSTE_V61_SYSTEM_Q4_AQ_PASS_NETTING(4).zip::BASE_V60.zip,zip,qav60py,1
FRONTERA_CICLO_AJUSTE_V61_SYSTEM_Q4_AQ_PASS_NETTING(4).zip,COUNTERPARTY_UPDATE_V61.csv,COUNTERPARTY_UPDATE_V61.csv,1120,3481983767,FRONTERA_CICLO_AJUSTE_V61_SYSTEM_Q4_AQ_PASS_NETTING(4).zip,zip,counterpartyupdatev61csv,0
FRONTERA_CICLO_AJUSTE_V61_SYSTEM_Q4_AQ_PASS_NETTING(4).zip,ENTITY_COVERAGE_V61.csv,ENTITY_COVERAGE_V61.csv,1414,2924937209,FRONTERA_CICLO_AJUSTE_V61_SYSTEM_Q4_AQ_PASS_NETTING(4).zip,zip,entitycoveragev61csv,0
FRONTERA_CICLO_AJUSTE_V61_SYSTEM_Q4_AQ_PASS_NETTING(4).zip,ENTITY_Q4_AQ_SYSTEM_SAMPLE_V61.csv,ENTITY_Q4_AQ_SYSTEM_SAMPLE_V61.csv,1070,3456547457,FRONTERA_CICLO_AJUSTE_V61_SYSTEM_Q4_AQ_PASS_NETTING(4).zip,zip,entityq4aqsystemsamplev61csv,0
FRONTERA_CICLO_AJUSTE_V61_SYSTEM_Q4_AQ_PASS_NETTING(4).zip,EVIDENCE_LEDGER_CICLO_AJUSTE_V61.csv,EVIDENCE_LEDGER_CICLO_AJUSTE_V61.csv,46673,3069909082,FRONTERA_CICLO_AJUSTE_V61_SYSTEM_Q4_AQ_PASS_NETTING(4).zip,zip,evidenceledgercicloajustev61csv,0
FRONTERA_CICLO_AJUSTE_V61_SYSTEM_Q4_AQ_PASS_NETTING(4).zip,FUENTES_V61.md,FUENTES_V61.md,1086,1751984189,FRONTERA_CICLO_AJUSTE_V61_SYSTEM_Q4_AQ_PASS_NETTING(4).zip,zip,fuentesv61md,0
FRONTERA_CICLO_AJUSTE_V61_SYSTEM_Q4_AQ_PASS_NETTING(4).zip,HOUSEHOLD_PRODUCT_BOUND_V61.csv,HOUSEHOLD_PRODUCT_BOUND_V61.csv,902,354413282,FRONTERA_CICLO_AJUSTE_V61_SYSTEM_Q4_AQ_PASS_NETTING(4).zip,zip,householdproductboundv61csv,0
FRONTERA_CICLO_AJUSTE_V61_SYSTEM_Q4_AQ_PASS_NETTING(4).zip,INTERBANK_PASS_NETTING_AUDIT_V61.md,INTERBANK_PASS_NETTING_AUDIT_V61.md,1776,752990661,FRONTERA_CICLO_AJUSTE_V61_SYSTEM_Q4_AQ_PASS_NETTING(4).zip,zip,interbankpassnettingauditv61md,0
FRONTERA_CICLO_AJUSTE_V61_SYSTEM_Q4_AQ_PASS_NETTING(4).zip,MANIFEST_V61.json,MANIFEST_V61.json,3454,2339156851,FRONTERA_CICLO_AJUSTE_V61_SYSTEM_Q4_AQ_PASS_NETTING(4).zip,zip,manifestv61json,0
FRONTERA_CICLO_AJUSTE_V61_SYSTEM_Q4_AQ_PASS_NETTING(4).zip,PASS_COUNTERPARTY_SYSTEM_V61.csv,PASS_COUNTERPARTY_SYSTEM_V61.csv,772,1236051180,FRONTERA_CICLO_AJUSTE_V61_SYSTEM_Q4_AQ_PASS_NETTING(4).zip,zip,passcounterpartysystemv61csv,0
FRONTERA_CICLO_AJUSTE_V61_SYSTEM_Q4_AQ_PASS_NETTING(4).zip,PROMPT_CODEX_V62_MACHINE_READABLE_ENTITY_RESULT_AGGREGATION.md,PROMPT_CODEX_V62_MACHINE_READABLE_ENTITY_RESULT_AGGREGATION.md,1594,4164071461,FRONTERA_CICLO_AJUSTE_V61_SYSTEM_Q4_AQ_PASS_NETTING(4).zip,zip,promptcodexv62machinereadableentityresultaggregationmd,0
FRONTERA_CICLO_AJUSTE_V61_SYSTEM_Q4_AQ_PASS_NETTING(4).zip,QA_RESULT_V61.txt,QA_RESULT_V61.txt,5,3256905966,FRONTERA_CICLO_AJUSTE_V61_SYSTEM_Q4_AQ_PASS_NETTING(4).zip,zip,qaresultv61txt,0
FRONTERA_CICLO_AJUSTE_V61_SYSTEM_Q4_AQ_PASS_NETTING(4).zip,README_V61.md,README_V61.md,386,3559340451,FRONTERA_CICLO_AJUSTE_V61_SYSTEM_Q4_AQ_PASS_NETTING(4).zip,zip,readmev61md,0
FRONTERA_CICLO_AJUSTE_V61_SYSTEM_Q4_AQ_PASS_NETTING(4).zip,SAMPLE_DIAGNOSTIC_V61.csv,SAMPLE_DIAGNOSTIC_V61.csv,486,3523793292,FRONTERA_CICLO_AJUSTE_V61_SYSTEM_Q4_AQ_PASS_NETTING(4).zip,zip,samplediagnosticv61csv,0
FRONTERA_CICLO_AJUSTE_V61_SYSTEM_Q4_AQ_PASS_NETTING(4).zip,STOCK_FLOW_PASS_FALSIFIER_V61.csv,STOCK_FLOW_PASS_FALSIFIER_V61.csv,492,1734867425,FRONTERA_CICLO_AJUSTE_V61_SYSTEM_Q4_AQ_PASS_NETTING(4).zip,zip,stockflowpassfalsifierv61csv,0
FRONTERA_CICLO_AJUSTE_V61_SYSTEM_Q4_AQ_PASS_NETTING(4).zip,SYSTEM_RECONCILIATION_V61.csv,SYSTEM_RECONCILIATION_V61.csv,913,941627061,FRONTERA_CICLO_AJUSTE_V61_SYSTEM_Q4_AQ_PASS_NETTING(4).zip,zip,systemreconciliationv61csv,0
FRONTERA_CICLO_AJUSTE_V61_SYSTEM_Q4_AQ_PASS_NETTING(4).zip,VEREDICTO_V61.md,VEREDICTO_V61.md,728,3433497097,FRONTERA_CICLO_AJUSTE_V61_SYSTEM_Q4_AQ_PASS_NETTING(4).zip,zip,veredictov61md,0
FRONTERA_CICLO_AJUSTE_V61_SYSTEM_Q4_AQ_PASS_NETTING(4).zip,qa_v61.py,qa_v61.py,832,2609763903,FRONTERA_CICLO_AJUSTE_V61_SYSTEM_Q4_AQ_PASS_NETTING(4).zip,zip,qav61py,0
FRONTERA_CICLO_AJUSTE_V62_MACHINE_READABLE_ENTITY_AGGREGATION(4).zip,AUDITORIA_V62.md,AUDITORIA_V62.md,1393,600029505,FRONTERA_CICLO_AJUSTE_V62_MACHINE_READABLE_ENTITY_AGGREGATION(4).zip,zip,auditoriav62md,0
FRONTERA_CICLO_AJUSTE_V62_MACHINE_READABLE_ENTITY_AGGREGATION(4).zip,BASE_V61.zip,BASE_V61.zip,1544918,3678830250,FRONTERA_CICLO_AJUSTE_V62_MACHINE_READABLE_ENTITY_AGGREGATION(4).zip,zip,basev61zip,0
FRONTERA_CICLO_AJUSTE_V62_MACHINE_READABLE_ENTITY_AGGREGATION(4).zip,AUDITORIA_V61.md,AUDITORIA_V61.md,1403,3939235878,FRONTERA_CICLO_AJUSTE_V62_MACHINE_READABLE_ENTITY_AGGREGATION(4).zip::BASE_V61.zip,zip,auditoriav61md,1
FRONTERA_CICLO_AJUSTE_V62_MACHINE_READABLE_ENTITY_AGGREGATION(4).zip,BASE_V60.zip,BASE_V60.zip,1516418,405553932,FRONTERA_CICLO_AJUSTE_V62_MACHINE_READABLE_ENTITY_AGGREGATION(4).zip::BASE_V61.zip,zip,basev60zip,1
FRONTERA_CICLO_AJUSTE_V62_MACHINE_READABLE_ENTITY_AGGREGATION(4).zip,AQ_FREQUENCY_CORRECTION_V60.csv,AQ_FREQUENCY_CORRECTION_V60.csv,293,27279586,FRONTERA_CICLO_AJUSTE_V62_MACHINE_READABLE_ENTITY_AGGREGATION(4).zip::BASE_V61.zip::BASE_V60.zip,zip,aqfrequencycorrectionv60csv,2
FRONTERA_CICLO_AJUSTE_V62_MACHINE_READABLE_ENTITY_AGGREGATION(4).zip,AQ_SYSTEM_AGGREGATE_2023_V60.csv,AQ_SYSTEM_AGGREGATE_2023_V60.csv,453,3657801338,FRONTERA_CICLO_AJUSTE_V62_MACHINE_READABLE_ENTITY_AGGREGATION(4).zip::BASE_V61.zip::BASE_V60.zip,zip,aqsystemaggregate2023v60csv,2
FRONTERA_CICLO_AJUSTE_V62_MACHINE_READABLE_ENTITY_AGGREGATION(4).zip,AQ_TO_IEF_ANNUAL_BRIDGE_V60.csv,AQ_TO_IEF_ANNUAL_BRIDGE_V60.csv,521,3222057515,FRONTERA_CICLO_AJUSTE_V62_MACHINE_READABLE_ENTITY_AGGREGATION(4).zip::BASE_V61.zip::BASE_V60.zip,zip,aqtoiefannualbridgev60csv,2
FRONTERA_CICLO_AJUSTE_V62_MACHINE_READABLE_ENTITY_AGGREGATION(4).zip,AUDITORIA_V60.md,AUDITORIA_V60.md,1028,3191199415,FRONTERA_CICLO_AJUSTE_V62_MACHINE_READABLE_ENTITY_AGGREGATION(4).zip::BASE_V61.zip::BASE_V60.zip,zip,auditoriav60md,2
FRONTERA_CICLO_AJUSTE_V62_MACHINE_READABLE_ENTITY_AGGREGATION(4).zip,BASE_V59.zip,BASE_V59.zip,1488966,3327583224,FRONTERA_CICLO_AJUSTE_V62_MACHINE_READABLE_ENTITY_AGGREGATION(4).zip::BASE_V61.zip::BASE_V60.zip,zip,basev59zip,2
FRONTERA_CICLO_AJUSTE_V62_MACHINE_READABLE_ENTITY_AGGREGATION(4).zip,INTEREST_ACCRUED_SECTOR_FLOW_V59.csv,INTEREST_ACCRUED_SECTOR_FLOW_V59.csv,3456,2350036141,FRONTERA_CICLO_AJUSTE_V62_MACHINE_READABLE_ENTITY_AGGREGATION(4).zip::BASE_V61.zip::BASE_V60.zip::BASE_V59.zip,zip,interestaccruedsectorflowv59csv,3
FRONTERA_CICLO_AJUSTE_V62_MACHINE_READABLE_ENTITY_AGGREGATION(4).zip,SECURITIES_RESULT_ISSUER_FLOW_V59.csv,SECURITIES_RESULT_ISSUER_FLOW_V59.csv,973,2396753114,FRONTERA_CICLO_AJUSTE_V62_MACHINE_READABLE_ENTITY_AGGREGATION(4).zip::BASE_V61.zip::BASE_V60.zip::BASE_V59.zip,zip,securitiesresultissuerflowv59csv,3
FRONTERA_CICLO_AJUSTE_V62_MACHINE_READABLE_ENTITY_AGGREGATION(4).zip,MANIFEST_V59.json,MANIFEST_V59.json,3173,1958130905,FRONTERA_CICLO_AJUSTE_V62_MACHINE_READABLE_ENTITY_AGGREGATION(4).zip::BASE_V61.zip::BASE_V60.zip::BASE_V59.zip,zip,manifestv59json,3
FRONTERA_CICLO_AJUSTE_V62_MACHINE_READABLE_ENTITY_AGGREGATION(4).zip,VEREDICTO_V59.md,VEREDICTO_V59.md,1520,2869004237,FRONTERA_CICLO_AJUSTE_V62_MACHINE_READABLE_ENTITY_AGGREGATION(4).zip::BASE_V61.zip::BASE_V60.zip::BASE_V59.zip,zip,veredictov59md,3
FRONTERA_CICLO_AJUSTE_V62_MACHINE_READABLE_ENTITY_AGGREGATION(4).zip,POSITIVE_FINANCIAL_INCOME_FORMULA_V59.csv,POSITIVE_FINANCIAL_INCOME_FORMULA_V59.csv,2665,3309765842,FRONTERA_CICLO_AJUSTE_V62_MACHINE_READABLE_ENTITY_AGGREGATION(4).zip::BASE_V61.zip::BASE_V60.zip::BASE_V59.zip,zip,positivefinancialincomeformulav59csv,3
FRONTERA_CICLO_AJUSTE_V62_MACHINE_READABLE_ENTITY_AGGREGATION(4).zip,README_V59.md,README_V59.md,689,1979927137,FRONTERA_CICLO_AJUSTE_V62_MACHINE_READABLE_ENTITY_AGGREGATION(4).zip::BASE_V61.zip::BASE_V60.zip::BASE_V59.zip,zip,readmev59md,3
FRONTERA_CICLO_AJUSTE_V62_MACHINE_READABLE_ENTITY_AGGREGATION(4).zip,COMMON_DENOMINATOR_RECONCILIATION_V59.csv,COMMON_DENOMINATOR_RECONCILIATION_V59.csv,3406,3895230344,FRONTERA_CICLO_AJUSTE_V62_MACHINE_READABLE_ENTITY_AGGREGATION(4).zip::BASE_V61.zip::BASE_V60.zip::BASE_V59.zip,zip,commondenominatorreconciliationv59csv,3
FRONTERA_CICLO_AJUSTE_V62_MACHINE_READABLE_ENTITY_AGGREGATION(4).zip,BASE_V58.zip,BASE_V58.zip,1457322,799904491,FRONTERA_CICLO_AJUSTE_V62_MACHINE_READABLE_ENTITY_AGGREGATION(4).zip::BASE_V61.zip::BASE_V60.zip::BASE_V59.zip,zip,basev58zip,3
FRONTERA_CICLO_AJUSTE_V62_MACHINE_READABLE_ENTITY_AGGREGATION(4).zip,IEF_COMPONENT_RECONCILIATION_V58.csv,IEF_COMPONENT_RECONCILIATION_V58.csv,4404,771447225,FRONTERA_CICLO_AJUSTE_V62_MACHINE_READABLE_ENTITY_AGGREGATION(4).zip::BASE_V61.zip::BASE_V60.zip::BASE_V59.zip::BASE_V58.zip,zip,iefcomponentreconciliationv58csv,4
FRONTERA_CICLO_AJUSTE_V62_MACHINE_READABLE_ENTITY_AGGREGATION(4).zip,BASE_V57.zip,BASE_V57.zip,1426922,2040299978,FRONTERA_CICLO_AJUSTE_V62_MACHINE_READABLE_ENTITY_AGGREGATION(4).zip::BASE_V61.zip::BASE_V60.zip::BASE_V59.zip::BASE_V58.zip,zip,basev57zip,4
FRONTERA_CICLO_AJUSTE_V62_MACHINE_READABLE_ENTITY_AGGREGATION(4).zip,ACCOUNT_MAPPING_NIIF_V57.csv,ACCOUNT_MAPPING_NIIF_V57.csv,6675,3279393462,FRONTERA_CICLO_AJUSTE_V62_MACHINE_READABLE_ENTITY_AGGREGATION(4).zip::BASE_V61.zip::BASE_V60.zip::BASE_V59.zip::BASE_V58.zip::BASE_V57.zip,zip,accountmappingniifv57csv,5
FRONTERA_CICLO_AJUSTE_V62_MACHINE_READABLE_ENTITY_AGGREGATION(4).zip,AUDITORIA_V57.md,AUDITORIA_V57.md,3300,2845304577,FRONTERA_CICLO_AJUSTE_V62_MACHINE_READABLE_ENTITY_AGGREGATION(4).zip::BASE_V61.zip::BASE_V60.zip::BASE_V59.zip::BASE_V58.zip::BASE_V57.zip,zip,auditoriav57md,5
FRONTERA_CICLO_AJUSTE_V62_MACHINE_READABLE_ENTITY_AGGREGATION(4).zip,BASE_V56.zip,BASE_V56.zip,1405429,4102697162,FRONTERA_CICLO_AJUSTE_V62_MACHINE_READABLE_ENTITY_AGGREGATION(4).zip::BASE_V61.zip::BASE_V60.zip::BASE_V59.zip::BASE_V58.zip::BASE_V57.zip,zip,basev56zip,5
FRONTERA_CICLO_AJUSTE_V62_MACHINE_READABLE_ENTITY_AGGREGATION(4).zip,TARGET_RECONCILIATION_V56.csv,TARGET_RECONCILIATION_V56.csv,1039,3039763977,FRONTERA_CICLO_AJUSTE_V62_MACHINE_READABLE_ENTITY_AGGREGATION(4).zip::BASE_V61.zip::BASE_V60.zip::BASE_V59.zip::BASE_V58.zip::BASE_V57.zip::BASE_V56.zip,zip,targetreconciliationv56csv,6
FRONTERA_CICLO_AJUSTE_V62_MACHINE_READABLE_ENTITY_AGGREGATION(4).zip,FUENTES_V56.md,FUENTES_V56.md,1270,1201168601,FRONTERA_CICLO_AJUSTE_V62_MACHINE_READABLE_ENTITY_AGGREGATION(4).zip::BASE_V61.zip::BASE_V60.zip::BASE_V59.zip::BASE_V58.zip::BASE_V57.zip::BASE_V56.zip,zip,fuentesv56md,6
FRONTERA_CICLO_AJUSTE_V62_MACHINE_READABLE_ENTITY_AGGREGATION(4).zip,AUDITORIA_V56.md,AUDITORIA_V56.md,1958,3875203169,FRONTERA_CICLO_AJUSTE_V62_MACHINE_READABLE_ENTITY_AGGREGATION(4).zip::BASE_V61.zip::BASE_V60.zip::BASE_V59.zip::BASE_V58.zip::BASE_V57.zip::BASE_V56.zip,zip,auditoriav56md,6
FRONTERA_CICLO_AJUSTE_V62_MACHINE_READABLE_ENTITY_AGGREGATION(4).zip,PROMPT_CODEX_V57_API_VALUE_EXTRACTION_AND_RECONCILIATION.md,PROMPT_CODEX_V57_API_VALUE_EXTRACTION_AND_RECONCILIATION.md,1639,1234052454,FRONTERA_CICLO_AJUSTE_V62_MACHINE_READABLE_ENTITY_AGGREGATION(4).zip::BASE_V61.zip::BASE_V60.zip::BASE_V59.zip::BASE_V58.zip::BASE_V57.zip::BASE_V56.zip,zip,promptcodexv57apivalueextractionandreconciliationmd,6
FRONTERA_CICLO_AJUSTE_V62_MACHINE_READABLE_ENTITY_AGGREGATION(4).zip,README_V56.md,README_V56.md,741,2692164018,FRONTERA_CICLO_AJUSTE_V62_MACHINE_READABLE_ENTITY_AGGREGATION(4).zip::BASE_V61.zip::BASE_V60.zip::BASE_V59.zip::BASE_V58.zip::BASE_V57.zip::BASE_V56.zip,zip,readmev56md,6
FRONTERA_CICLO_AJUSTE_V62_MACHINE_READABLE_ENTITY_AGGREGATION(4).zip,SERIES_VALUE_BYTES_MANIFEST_V56.csv,SERIES_VALUE_BYTES_MANIFEST_V56.csv,1721,1992671686,FRONTERA_CICLO_AJUSTE_V62_MACHINE_READABLE_ENTITY_AGGREGATION(4).zip::BASE_V61.zip::BASE_V60.zip::BASE_V59.zip::BASE_V58.zip::BASE_V57.zip::BASE_V56.zip,zip,seriesvaluebytesmanifestv56csv,6
FRONTERA_CICLO_AJUSTE_V62_MACHINE_READABLE_ENTITY_AGGREGATION(4).zip,QA_RESULT_V56.txt,QA_RESULT_V56.txt,5,3256905966,FRONTERA_CICLO_AJUSTE_V62_MACHINE_READABLE_ENTITY_AGGREGATION(4).zip::BASE_V61.zip::BASE_V60.zip::BASE_V59.zip::BASE_V58.zip::BASE_V57.zip::BASE_V56.zip,zip,qaresultv56txt,6
FRONTERA_CICLO_AJUSTE_V62_MACHINE_READABLE_ENTITY_AGGREGATION(4).zip,BASE_V55.zip,BASE_V55.zip,308547,3407641759,FRONTERA_CICLO_AJUSTE_V62_MACHINE_READABLE_ENTITY_AGGREGATION(4).zip::BASE_V61.zip::BASE_V60.zip::BASE_V59.zip::BASE_V58.zip::BASE_V57.zip::BASE_V56.zip,zip,basev55zip,6
FRONTERA_CICLO_AJUSTE_V62_MACHINE_READABLE_ENTITY_AGGREGATION(4).zip,ACCOUNTING_MODE_AXIS_V55.csv,ACCOUNTING_MODE_AXIS_V55.csv,699,3452533906,FRONTERA_CICLO_AJUSTE_V62_MACHINE_READABLE_ENTITY_AGGREGATION(4).zip::BASE_V61.zip::BASE_V60.zip::BASE_V59.zip::BASE_V58.zip::BASE_V57.zip::BASE_V56.zip::BASE_V55.zip,zip,accountingmodeaxisv55csv,7
FRONTERA_CICLO_AJUSTE_V62_MACHINE_READABLE_ENTITY_AGGREGATION(4).zip,AUDITORIA_RECONCILIACION_V55.md,AUDITORIA_RECONCILIACION_V55.md,2954,954690639,FRONTERA_CICLO_AJUSTE_V62_MACHINE_READABLE_ENTITY_AGGREGATION(4).zip::BASE_V61.zip::BASE_V60.zip::BASE_V59.zip::BASE_V58.zip::BASE_V57.zip::BASE_V56.zip::BASE_V55.zip,zip,auditoriareconciliacionv55md,7
FRONTERA_CICLO_AJUSTE_V62_MACHINE_READABLE_ENTITY_AGGREGATION(4).zip,BASE_V54.zip,BASE_V54.zip,89528,4191159782,FRONTERA_CICLO_AJUSTE_V62_MACHINE_READABLE_ENTITY_AGGREGATION(4).zip::BASE_V61.zip::BASE_V60.zip::BASE_V59.zip::BASE_V58.zip::BASE_V57.zip::BASE_V56.zip::BASE_V55.zip,zip,basev54zip,7
FRONTERA_CICLO_AJUSTE_V62_MACHINE_READABLE_ENTITY_AGGREGATION(4).zip,AUDITORIA_MICRODATA_BRIDGE_V54.md,AUDITORIA_MICRODATA_BRIDGE_V54.md,5719,1640919157,FRONTERA_CICLO_AJUSTE_V62_MACHINE_READABLE_ENTITY_AGGREGATION(4).zip::BASE_V61.zip::BASE_V60.zip::BASE_V59.zip::BASE_V58.zip::BASE_V57.zip::BASE_V56.zip::BASE_V55.zip::BASE_V54.zip,zip,auditoriamicrodatabridgev54md,8
FRONTERA_CICLO_AJUSTE_V62_MACHINE_READABLE_ENTITY_AGGREGATION(4).zip,BASE_V53.zip,BASE_V53.zip,60708,2634438224,FRONTERA_CICLO_AJUSTE_V62_MACHINE_READABLE_ENTITY_AGGREGATION(4).zip::BASE_V61.zip::BASE_V60.zip::BASE_V59.zip::BASE_V58.zip::BASE_V57.zip::BASE_V56.zip::BASE_V55.zip::BASE_V54.zip,zip,basev53zip,8
FRONTERA_CICLO_AJUSTE_V62_MACHINE_READABLE_ENTITY_AGGREGATION(4).zip,AUDITORIA_CUANTIFICACION_CONTRAPARTES_V53.md,AUDITORIA_CUANTIFICACION_CONTRAPARTES_V53.md,8576,3068984065,FRONTERA_CICLO_AJUSTE_V62_MACHINE_READABLE_ENTITY_AGGREGATION(4).zip::BASE_V61.zip::BASE_V60.zip::BASE_V59.zip::BASE_V58.zip::BASE_V57.zip::BASE_V56.zip::BASE_V55.zip::BASE_V54.zip::BASE_V53.zip,zip,auditoriacuantificacioncontrapartesv53md,9
FRONTERA_CICLO_AJUSTE_V62_MACHINE_READABLE_ENTITY_AGGREGATION(4).zip,BASE_V52.zip,BASE_V52.zip,30016,2693101034,FRONTERA_CICLO_AJUSTE_V62_MACHINE_READABLE_ENTITY_AGGREGATION(4).zip::BASE_V61.zip::BASE_V60.zip::BASE_V59.zip::BASE_V58.zip::BASE_V57.zip::BASE_V56.zip::BASE_V55.zip::BASE_V54.zip::BASE_V53.zip,zip,basev52zip,9
FRONTERA_CICLO_AJUSTE_V62_MACHINE_READABLE_ENTITY_AGGREGATION(4).zip,AUDITORIA_CONTRAPARTES_V52.md,AUDITORIA_CONTRAPARTES_V52.md,10790,1141669530,FRONTERA_CICLO_AJUSTE_V62_MACHINE_READABLE_ENTITY_AGGREGATION(4).zip::BASE_V61.zip::BASE_V60.zip::BASE_V59.zip::BASE_V58.zip::BASE_V57.zip::BASE_V56.zip::BASE_V55.zip::BASE_V54.zip::BASE_V53.zip::BASE_V52.zip,zip,auditoriacontrapartesv52md,10
FRONTERA_CICLO_AJUSTE_V62_MACHINE_READABLE_ENTITY_AGGREGATION(4).zip,COMPONENT_COUNTERPARTY_MAP_V52.csv,COMPONENT_COUNTERPARTY_MAP_V52.csv,10923,221048505,FRONTERA_CICLO_AJUSTE_V62_MACHINE_READABLE_ENTITY_AGGREGATION(4).zip::BASE_V61.zip::BASE_V60.zip::BASE_V59.zip::BASE_V58.zip::BASE_V57.zip::BASE_V56.zip::BASE_V55.zip::BASE_V54.zip::BASE_V53.zip::BASE_V52.zip,zip,componentcounterpartymapv52csv,10
FRONTERA_CICLO_AJUSTE_V62_MACHINE_READABLE_ENTITY_AGGREGATION(4).zip,EVIDENCE_LEDGER_CICLO_AJUSTE_V52.csv,EVIDENCE_LEDGER_CICLO_AJUSTE_V52.csv,29452,2822240886,FRONTERA_CICLO_AJUSTE_V62_MACHINE_READABLE_ENTITY_AGGREGATION(4).zip::BASE_V61.zip::BASE_V60.zip::BASE_V59.zip::BASE_V58.zip::BASE_V57.zip::BASE_V56.zip::BASE_V55.zip::BASE_V54.zip::BASE_V53.zip::BASE_V52.zip,zip,evidenceledgercicloajustev52csv,10
FRONTERA_CICLO_AJUSTE_V62_MACHINE_READABLE_ENTITY_AGGREGATION(4).zip,FALSIFICADORES_INCIDENCE_V52.csv,FALSIFICADORES_INCIDENCE_V52.csv,1704,733707846,FRONTERA_CICLO_AJUSTE_V62_MACHINE_READABLE_ENTITY_AGGREGATION(4).zip::BASE_V61.zip::BASE_V60.zip::BASE_V59.zip::BASE_V58.zip::BASE_V57.zip::BASE_V56.zip::BASE_V55.zip::BASE_V54.zip::BASE_V53.zip::BASE_V52.zip,zip,falsificadoresincidencev52csv,10
FRONTERA_CICLO_AJUSTE_V62_MACHINE_READABLE_ENTITY_AGGREGATION(4).zip,HOUSEHOLD_LINK_CLASSIFICATION_V52.csv,HOUSEHOLD_LINK_CLASSIFICATION_V52.csv,2318,2469493028,FRONTERA_CICLO_AJUSTE_V62_MACHINE_READABLE_ENTITY_AGGREGATION(4).zip::BASE_V61.zip::BASE_V60.zip::BASE_V59.zip::BASE_V58.zip::BASE_V57.zip::BASE_V56.zip::BASE_V55.zip::BASE_V54.zip::BASE_V53.zip::BASE_V52.zip,zip,householdlinkclassificationv52csv,10
FRONTERA_CICLO_AJUSTE_V62_MACHINE_READABLE_ENTITY_AGGREGATION(4).zip,INCIDENCE_CHAIN_V52.csv,INCIDENCE_CHAIN_V52.csv,4179,1507603432,FRONTERA_CICLO_AJUSTE_V62_MACHINE_READABLE_ENTITY_AGGREGATION(4).zip::BASE_V61.zip::BASE_V60.zip::BASE_V59.zip::BASE_V58.zip::BASE_V57.zip::BASE_V56.zip::BASE_V55.zip::BASE_V54.zip::BASE_V53.zip::BASE_V52.zip,zip,incidencechainv52csv,10
FRONTERA_CICLO_AJUSTE_V62_MACHINE_READABLE_ENTITY_AGGREGATION(4).zip,MANIFEST_V52.json,MANIFEST_V52.json,3066,2435890137,FRONTERA_CICLO_AJUSTE_V62_MACHINE_READABLE_ENTITY_AGGREGATION(4).zip::BASE_V61.zip::BASE_V60.zip::BASE_V59.zip::BASE_V58.zip::BASE_V57.zip::BASE_V56.zip::BASE_V55.zip::BASE_V54.zip::BASE_V53.zip::BASE_V52.zip,zip,manifestv52json,10
FRONTERA_CICLO_AJUSTE_V62_MACHINE_READABLE_ENTITY_AGGREGATION(4).zip,PROMPT_CODEX_V53_COUNTERPARTY_QUANTIFICATION.md,PROMPT_CODEX_V53_COUNTERPARTY_QUANTIFICATION.md,2245,3992379914,FRONTERA_CICLO_AJUSTE_V62_MACHINE_READABLE_ENTITY_AGGREGATION(4).zip::BASE_V61.zip::BASE_V60.zip::BASE_V59.zip::BASE_V58.zip::BASE_V57.zip::BASE_V56.zip::BASE_V55.zip::BASE_V54.zip::BASE_V53.zip::BASE_V52.zip,zip,promptcodexv53counterpartyquantificationmd,10
FRONTERA_CICLO_AJUSTE_V62_MACHINE_READABLE_ENTITY_AGGREGATION(4).zip,README_V52.md,README_V52.md,1435,967710712,FRONTERA_CICLO_AJUSTE_V62_MACHINE_READABLE_ENTITY_AGGREGATION(4).zip::BASE_V61.zip::BASE_V60.zip::BASE_V59.zip::BASE_V58.zip::BASE_V57.zip::BASE_V56.zip::BASE_V55.zip::BASE_V54.zip::BASE_V53.zip::BASE_V52.zip,zip,readmev52md,10
FRONTERA_CICLO_AJUSTE_V62_MACHINE_READABLE_ENTITY_AGGREGATION(4).zip,VEREDICTO_CONTRAPARTES_V52.md,VEREDICTO_CONTRAPARTES_V52.md,2555,1531089469,FRONTERA_CICLO_AJUSTE_V62_MACHINE_READABLE_ENTITY_AGGREGATION(4).zip::BASE_V61.zip::BASE_V60.zip::BASE_V59.zip::BASE_V58.zip::BASE_V57.zip::BASE_V56.zip::BASE_V55.zip::BASE_V54.zip::BASE_V53.zip::BASE_V52.zip,zip,veredictocontrapartesv52md,10
FRONTERA_CICLO_AJUSTE_V62_MACHINE_READABLE_ENTITY_AGGREGATION(4).zip,qa_v52.py,qa_v52.py,1481,3727353323,FRONTERA_CICLO_AJUSTE_V62_MACHINE_READABLE_ENTITY_AGGREGATION(4).zip::BASE_V61.zip::BASE_V60.zip::BASE_V59.zip::BASE_V58.zip::BASE_V57.zip::BASE_V56.zip::BASE_V55.zip::BASE_V54.zip::BASE_V53.zip::BASE_V52.zip,zip,qav52py,10
FRONTERA_CICLO_AJUSTE_V62_MACHINE_READABLE_ENTITY_AGGREGATION(4).zip,CER_ASSET_LIABILITY_SECTOR_MAP_V53.csv,CER_ASSET_LIABILITY_SECTOR_MAP_V53.csv,1928,2424930496,FRONTERA_CICLO_AJUSTE_V62_MACHINE_READABLE_ENTITY_AGGREGATION(4).zip::BASE_V61.zip::BASE_V60.zip::BASE_V59.zip::BASE_V58.zip::BASE_V57.zip::BASE_V56.zip::BASE_V55.zip::BASE_V54.zip::BASE_V53.zip,zip,cerassetliabilitysectormapv53csv,9
FRONTERA_CICLO_AJUSTE_V62_MACHINE_READABLE_ENTITY_AGGREGATION(4).zip,EVIDENCE_LEDGER_CICLO_AJUSTE_V53.csv,EVIDENCE_LEDGER_CICLO_AJUSTE_V53.csv,32838,1291886418,FRONTERA_CICLO_AJUSTE_V62_MACHINE_READABLE_ENTITY_AGGREGATION(4).zip::BASE_V61.zip::BASE_V60.zip::BASE_V59.zip::BASE_V58.zip::BASE_V57.zip::BASE_V56.zip::BASE_V55.zip::BASE_V54.zip::BASE_V53.zip,zip,evidenceledgercicloajustev53csv,9
FRONTERA_CICLO_AJUSTE_V62_MACHINE_READABLE_ENTITY_AGGREGATION(4).zip,FUENTES_V53.md,FUENTES_V53.md,1790,3905457752,FRONTERA_CICLO_AJUSTE_V62_MACHINE_READABLE_ENTITY_AGGREGATION(4).zip::BASE_V61.zip::BASE_V60.zip::BASE_V59.zip::BASE_V58.zip::BASE_V57.zip::BASE_V56.zip::BASE_V55.zip::BASE_V54.zip::BASE_V53.zip,zip,fuentesv53md,9
FRONTERA_CICLO_AJUSTE_V62_MACHINE_READABLE_ENTITY_AGGREGATION(4).zip,FX_GROSS_COUNTERPARTY_MAP_V53.csv,FX_GROSS_COUNTERPARTY_MAP_V53.csv,2845,3945359840,FRONTERA_CICLO_AJUSTE_V62_MACHINE_READABLE_ENTITY_AGGREGATION(4).zip::BASE_V61.zip::BASE_V60.zip::BASE_V59.zip::BASE_V58.zip::BASE_V57.zip::BASE_V56.zip::BASE_V55.zip::BASE_V54.zip::BASE_V53.zip,zip,fxgrosscounterpartymapv53csv,9
FRONTERA_CICLO_AJUSTE_V62_MACHINE_READABLE_ENTITY_AGGREGATION(4).zip,HOUSEHOLD_DIRECT_FLOW_BOUND_V53.csv,HOUSEHOLD_DIRECT_FLOW_BOUND_V53.csv,2566,3922136717,FRONTERA_CICLO_AJUSTE_V62_MACHINE_READABLE_ENTITY_AGGREGATION(4).zip::BASE_V61.zip::BASE_V60.zip::BASE_V59.zip::BASE_V58.zip::BASE_V57.zip::BASE_V56.zip::BASE_V55.zip::BASE_V54.zip::BASE_V53.zip,zip,householddirectflowboundv53csv,9
FRONTERA_CICLO_AJUSTE_V62_MACHINE_READABLE_ENTITY_AGGREGATION(4).zip,INTEREST_INCOME_SECTOR_SPLIT_V53.csv,INTEREST_INCOME_SECTOR_SPLIT_V53.csv,1914,3323966839,FRONTERA_CICLO_AJUSTE_V62_MACHINE_READABLE_ENTITY_AGGREGATION(4).zip::BASE_V61.zip::BASE_V60.zip::BASE_V59.zip::BASE_V58.zip::BASE_V57.zip::BASE_V56.zip::BASE_V55.zip::BASE_V54.zip::BASE_V53.zip,zip,interestincomesectorsplitv53csv,9
FRONTERA_CICLO_AJUSTE_V62_MACHINE_READABLE_ENTITY_AGGREGATION(4).zip,MANIFEST_V53.json,MANIFEST_V53.json,3151,3397775879,FRONTERA_CICLO_AJUSTE_V62_MACHINE_READABLE_ENTITY_AGGREGATION(4).zip::BASE_V61.zip::BASE_V60.zip::BASE_V59.zip::BASE_V58.zip::BASE_V57.zip::BASE_V56.zip::BASE_V55.zip::BASE_V54.zip::BASE_V53.zip,zip,manifestv53json,9
FRONTERA_CICLO_AJUSTE_V62_MACHINE_READABLE_ENTITY_AGGREGATION(4).zip,PROMPT_CODEX_V54_RAW_BCRA_MICRODATA.md,PROMPT_CODEX_V54_RAW_BCRA_MICRODATA.md,3199,1476505167,FRONTERA_CICLO_AJUSTE_V62_MACHINE_READABLE_ENTITY_AGGREGATION(4).zip::BASE_V61.zip::BASE_V60.zip::BASE_V59.zip::BASE_V58.zip::BASE_V57.zip::BASE_V56.zip::BASE_V55.zip::BASE_V54.zip::BASE_V53.zip,zip,promptcodexv54rawbcramicrodatamd,9
FRONTERA_CICLO_AJUSTE_V62_MACHINE_READABLE_ENTITY_AGGREGATION(4).zip,README_V53.md,README_V53.md,1622,2934203907,FRONTERA_CICLO_AJUSTE_V62_MACHINE_READABLE_ENTITY_AGGREGATION(4).zip::BASE_V61.zip::BASE_V60.zip::BASE_V59.zip::BASE_V58.zip::BASE_V57.zip::BASE_V56.zip::BASE_V55.zip::BASE_V54.zip::BASE_V53.zip,zip,readmev53md,9
FRONTERA_CICLO_AJUSTE_V62_MACHINE_READABLE_ENTITY_AGGREGATION(4).zip,SECURITIES_ISSUER_VALUATION_SPLIT_V53.csv,SECURITIES_ISSUER_VALUATION_SPLIT_V53.csv,3994,1151985647,FRONTERA_CICLO_AJUSTE_V62_MACHINE_READABLE_ENTITY_AGGREGATION(4).zip::BASE_V61.zip::BASE_V60.zip::BASE_V59.zip::BASE_V58.zip::BASE_V57.zip::BASE_V56.zip::BASE_V55.zip::BASE_V54.zip::BASE_V53.zip,zip,securitiesissuervaluationsplitv53csv,9
FRONTERA_CICLO_AJUSTE_V62_MACHINE_READABLE_ENTITY_AGGREGATION(4).zip,VEREDICTO_CUANTIFICACION_CONTRAPARTES_V53.md,VEREDICTO_CUANTIFICACION_CONTRAPARTES_V53.md,2689,3561875554,FRONTERA_CICLO_AJUSTE_V62_MACHINE_READABLE_ENTITY_AGGREGATION(4).zip::BASE_V61.zip::BASE_V60.zip::BASE_V59.zip::BASE_V58.zip::BASE_V57.zip::BASE_V56.zip::BASE_V55.zip::BASE_V54.zip::BASE_V53.zip,zip,veredictocuantificacioncontrapartesv53md,9
FRONTERA_CICLO_AJUSTE_V62_MACHINE_READABLE_ENTITY_AGGREGATION(4).zip,qa_v53.py,qa_v53.py,2329,4075672873,FRONTERA_CICLO_AJUSTE_V62_MACHINE_READABLE_ENTITY_AGGREGATION(4).zip::BASE_V61.zip::BASE_V60.zip::BASE_V59.zip::BASE_V58.zip::BASE_V57.zip::BASE_V56.zip::BASE_V55.zip::BASE_V54.zip::BASE_V53.zip,zip,qav53py,9
FRONTERA_CICLO_AJUSTE_V62_MACHINE_READABLE_ENTITY_AGGREGATION(4).zip,CER_GROSS_BRIDGE_V54.csv,CER_GROSS_BRIDGE_V54.csv,1298,1763478116,FRONTERA_CICLO_AJUSTE_V62_MACHINE_READABLE_ENTITY_AGGREGATION(4).zip::BASE_V61.zip::BASE_V60.zip::BASE_V59.zip::BASE_V58.zip::BASE_V57.zip::BASE_V56.zip::BASE_V55.zip::BASE_V54.zip,zip,cergrossbridgev54csv,8
FRONTERA_CICLO_AJUSTE_V62_MACHINE_READABLE_ENTITY_AGGREGATION(4).zip,EVIDENCE_LEDGER_CICLO_AJUSTE_V54.csv,EVIDENCE_LEDGER_CICLO_AJUSTE_V54.csv,35891,2651049975,FRONTERA_CICLO_AJUSTE_V62_MACHINE_READABLE_ENTITY_AGGREGATION(4).zip::BASE_V61.zip::BASE_V60.zip::BASE_V59.zip::BASE_V58.zip::BASE_V57.zip::BASE_V56.zip::BASE_V55.zip::BASE_V54.zip,zip,evidenceledgercicloajustev54csv,8
FRONTERA_CICLO_AJUSTE_V62_MACHINE_READABLE_ENTITY_AGGREGATION(4).zip,FUENTES_V54.md,FUENTES_V54.md,1899,881832952,FRONTERA_CICLO_AJUSTE_V62_MACHINE_READABLE_ENTITY_AGGREGATION(4).zip::BASE_V61.zip::BASE_V60.zip::BASE_V59.zip::BASE_V58.zip::BASE_V57.zip::BASE_V56.zip::BASE_V55.zip::BASE_V54.zip,zip,fuentesv54md,8
FRONTERA_CICLO_AJUSTE_V62_MACHINE_READABLE_ENTITY_AGGREGATION(4).zip,FX_GROSS_RESULT_BRIDGE_V54.csv,FX_GROSS_RESULT_BRIDGE_V54.csv,1199,3402975375,FRONTERA_CICLO_AJUSTE_V62_MACHINE_READABLE_ENTITY_AGGREGATION(4).zip::BASE_V61.zip::BASE_V60.zip::BASE_V59.zip::BASE_V58.zip::BASE_V57.zip::BASE_V56.zip::BASE_V55.zip::BASE_V54.zip,zip,fxgrossresultbridgev54csv,8
FRONTERA_CICLO_AJUSTE_V62_MACHINE_READABLE_ENTITY_AGGREGATION(4).zip,INTEREST_INCOME_ACCOUNTING_BRIDGE_V54.csv,INTEREST_INCOME_ACCOUNTING_BRIDGE_V54.csv,1406,1355639883,FRONTERA_CICLO_AJUSTE_V62_MACHINE_READABLE_ENTITY_AGGREGATION(4).zip::BASE_V61.zip::BASE_V60.zip::BASE_V59.zip::BASE_V58.zip::BASE_V57.zip::BASE_V56.zip::BASE_V55.zip::BASE_V54.zip,zip,interestincomeaccountingbridgev54csv,8
FRONTERA_CICLO_AJUSTE_V62_MACHINE_READABLE_ENTITY_AGGREGATION(4).zip,MANIFEST_V54.json,MANIFEST_V54.json,3560,650712362,FRONTERA_CICLO_AJUSTE_V62_MACHINE_READABLE_ENTITY_AGGREGATION(4).zip::BASE_V61.zip::BASE_V60.zip::BASE_V59.zip::BASE_V58.zip::BASE_V57.zip::BASE_V56.zip::BASE_V55.zip::BASE_V54.zip,zip,manifestv54json,8
FRONTERA_CICLO_AJUSTE_V62_MACHINE_READABLE_ENTITY_AGGREGATION(4).zip,PROMPT_CODEX_V55_BYTE_MATERIALIZATION_AND_SUBACCOUNT_RECONCILIATION.md,PROMPT_CODEX_V55_BYTE_MATERIALIZATION_AND_SUBACCOUNT_RECONCILIATION.md,3086,444971051,FRONTERA_CICLO_AJUSTE_V62_MACHINE_READABLE_ENTITY_AGGREGATION(4).zip::BASE_V61.zip::BASE_V60.zip::BASE_V59.zip::BASE_V58.zip::BASE_V57.zip::BASE_V56.zip::BASE_V55.zip::BASE_V54.zip,zip,promptcodexv55bytematerializationandsubaccountreconciliationmd,8
FRONTERA_CICLO_AJUSTE_V62_MACHINE_READABLE_ENTITY_AGGREGATION(4).zip,Q4_2023_JOINT_COUNTERPARTY_PARTITION_V54.csv,Q4_2023_JOINT_COUNTERPARTY_PARTITION_V54.csv,1218,3873685717,FRONTERA_CICLO_AJUSTE_V62_MACHINE_READABLE_ENTITY_AGGREGATION(4).zip::BASE_V61.zip::BASE_V60.zip::BASE_V59.zip::BASE_V58.zip::BASE_V57.zip::BASE_V56.zip::BASE_V55.zip::BASE_V54.zip,zip,q42023jointcounterpartypartitionv54csv,8
FRONTERA_CICLO_AJUSTE_V62_MACHINE_READABLE_ENTITY_AGGREGATION(4).zip,QA_RESULT_V54.txt,QA_RESULT_V54.txt,5,3256905966,FRONTERA_CICLO_AJUSTE_V62_MACHINE_READABLE_ENTITY_AGGREGATION(4).zip::BASE_V61.zip::BASE_V60.zip::BASE_V59.zip::BASE_V58.zip::BASE_V57.zip::BASE_V56.zip::BASE_V55.zip::BASE_V54.zip,zip,qaresultv54txt,8
FRONTERA_CICLO_AJUSTE_V62_MACHINE_READABLE_ENTITY_AGGREGATION(4).zip,RAW_SOURCE_MANIFEST_V54.csv,RAW_SOURCE_MANIFEST_V54.csv,4086,3355249895,FRONTERA_CICLO_AJUSTE_V62_MACHINE_READABLE_ENTITY_AGGREGATION(4).zip::BASE_V61.zip::BASE_V60.zip::BASE_V59.zip::BASE_V58.zip::BASE_V57.zip::BASE_V56.zip::BASE_V55.zip::BASE_V54.zip,zip,rawsourcemanifestv54csv,8
FRONTERA_CICLO_AJUSTE_V62_MACHINE_READABLE_ENTITY_AGGREGATION(4).zip,README_V54.md,README_V54.md,1151,557525011,FRONTERA_CICLO_AJUSTE_V62_MACHINE_READABLE_ENTITY_AGGREGATION(4).zip::BASE_V61.zip::BASE_V60.zip::BASE_V59.zip::BASE_V58.zip::BASE_V57.zip::BASE_V56.zip::BASE_V55.zip::BASE_V54.zip,zip,readmev54md,8
FRONTERA_CICLO_AJUSTE_V62_MACHINE_READABLE_ENTITY_AGGREGATION(4).zip,SECURITIES_RESULT_BRIDGE_V54.csv,SECURITIES_RESULT_BRIDGE_V54.csv,1403,4022876793,FRONTERA_CICLO_AJUSTE_V62_MACHINE_READABLE_ENTITY_AGGREGATION(4).zip::BASE_V61.zip::BASE_V60.zip::BASE_V59.zip::BASE_V58.zip::BASE_V57.zip::BASE_V56.zip::BASE_V55.zip::BASE_V54.zip,zip,securitiesresultbridgev54csv,8
FRONTERA_CICLO_AJUSTE_V62_MACHINE_READABLE_ENTITY_AGGREGATION(4).zip,VEREDICTO_MICRODATA_BRIDGE_V54.md,VEREDICTO_MICRODATA_BRIDGE_V54.md,2066,3936993609,FRONTERA_CICLO_AJUSTE_V62_MACHINE_READABLE_ENTITY_AGGREGATION(4).zip::BASE_V61.zip::BASE_V60.zip::BASE_V59.zip::BASE_V58.zip::BASE_V57.zip::BASE_V56.zip::BASE_V55.zip::BASE_V54.zip,zip,veredictomicrodatabridgev54md,8
FRONTERA_CICLO_AJUSTE_V62_MACHINE_READABLE_ENTITY_AGGREGATION(4).zip,qa_v54.py,qa_v54.py,1477,1824512938,FRONTERA_CICLO_AJUSTE_V62_MACHINE_READABLE_ENTITY_AGGREGATION(4).zip::BASE_V61.zip::BASE_V60.zip::BASE_V59.zip::BASE_V58.zip::BASE_V57.zip::BASE_V56.zip::BASE_V55.zip::BASE_V54.zip,zip,qav54py,8
FRONTERA_CICLO_AJUSTE_V62_MACHINE_READABLE_ENTITY_AGGREGATION(4).zip,CER_GROSS_RECONCILIATION_V55.csv,CER_GROSS_RECONCILIATION_V55.csv,769,424658597,FRONTERA_CICLO_AJUSTE_V62_MACHINE_READABLE_ENTITY_AGGREGATION(4).zip::BASE_V61.zip::BASE_V60.zip::BASE_V59.zip::BASE_V58.zip::BASE_V57.zip::BASE_V56.zip::BASE_V55.zip,zip,cergrossreconciliationv55csv,7
FRONTERA_CICLO_AJUSTE_V62_MACHINE_READABLE_ENTITY_AGGREGATION(4).zip,COUNTERPARTY_AXIS_V55.csv,COUNTERPARTY_AXIS_V55.csv,783,1856850215,FRONTERA_CICLO_AJUSTE_V62_MACHINE_READABLE_ENTITY_AGGREGATION(4).zip::BASE_V61.zip::BASE_V60.zip::BASE_V59.zip::BASE_V58.zip::BASE_V57.zip::BASE_V56.zip::BASE_V55.zip,zip,counterpartyaxisv55csv,7
FRONTERA_CICLO_AJUSTE_V62_MACHINE_READABLE_ENTITY_AGGREGATION(4).zip,EVIDENCE_LEDGER_CICLO_AJUSTE_V55.csv,EVIDENCE_LEDGER_CICLO_AJUSTE_V55.csv,37476,769167957,FRONTERA_CICLO_AJUSTE_V62_MACHINE_READABLE_ENTITY_AGGREGATION(4).zip::BASE_V61.zip::BASE_V60.zip::BASE_V59.zip::BASE_V58.zip::BASE_V57.zip::BASE_V56.zip::BASE_V55.zip,zip,evidenceledgercicloajustev55csv,7
FRONTERA_CICLO_AJUSTE_V62_MACHINE_READABLE_ENTITY_AGGREGATION(4).zip,FUENTES_V55.md,FUENTES_V55.md,1595,2045476171,FRONTERA_CICLO_AJUSTE_V62_MACHINE_READABLE_ENTITY_AGGREGATION(4).zip::BASE_V61.zip::BASE_V60.zip::BASE_V59.zip::BASE_V58.zip::BASE_V57.zip::BASE_V56.zip::BASE_V55.zip,zip,fuentesv55md,7
FRONTERA_CICLO_AJUSTE_V62_MACHINE_READABLE_ENTITY_AGGREGATION(4).zip,FX_MODE_RECONCILIATION_V55.csv,FX_MODE_RECONCILIATION_V55.csv,748,1599154258,FRONTERA_CICLO_AJUSTE_V62_MACHINE_READABLE_ENTITY_AGGREGATION(4).zip::BASE_V61.zip::BASE_V60.zip::BASE_V59.zip::BASE_V58.zip::BASE_V57.zip::BASE_V56.zip::BASE_V55.zip,zip,fxmodereconciliationv55csv,7
FRONTERA_CICLO_AJUSTE_V62_MACHINE_READABLE_ENTITY_AGGREGATION(4).zip,INTEREST_SECTOR_RECONCILIATION_V55.csv,INTEREST_SECTOR_RECONCILIATION_V55.csv,1148,1522993080,FRONTERA_CICLO_AJUSTE_V62_MACHINE_READABLE_ENTITY_AGGREGATION(4).zip::BASE_V61.zip::BASE_V60.zip::BASE_V59.zip::BASE_V58.zip::BASE_V57.zip::BASE_V56.zip::BASE_V55.zip,zip,interestsectorreconciliationv55csv,7
FRONTERA_CICLO_AJUSTE_V62_MACHINE_READABLE_ENTITY_AGGREGATION(4).zip,MANIFEST_V55.json,MANIFEST_V55.json,727,4094365357,FRONTERA_CICLO_AJUSTE_V62_MACHINE_READABLE_ENTITY_AGGREGATION(4).zip::BASE_V61.zip::BASE_V60.zip::BASE_V59.zip::BASE_V58.zip::BASE_V57.zip::BASE_V56.zip::BASE_V55.zip,zip,manifestv55json,7
FRONTERA_CICLO_AJUSTE_V62_MACHINE_READABLE_ENTITY_AGGREGATION(4).zip,PROMPT_CODEX_V56_SERIES_VALUES_AND_NIIF_BRIDGE.md,PROMPT_CODEX_V56_SERIES_VALUES_AND_NIIF_BRIDGE.md,2013,3247092477,FRONTERA_CICLO_AJUSTE_V62_MACHINE_READABLE_ENTITY_AGGREGATION(4).zip::BASE_V61.zip::BASE_V60.zip::BASE_V59.zip::BASE_V58.zip::BASE_V57.zip::BASE_V56.zip::BASE_V55.zip,zip,promptcodexv56seriesvaluesandniifbridgemd,7
FRONTERA_CICLO_AJUSTE_V62_MACHINE_READABLE_ENTITY_AGGREGATION(4).zip,QA_RESULT_V55.txt,QA_RESULT_V55.txt,9,2796055921,FRONTERA_CICLO_AJUSTE_V62_MACHINE_READABLE_ENTITY_AGGREGATION(4).zip::BASE_V61.zip::BASE_V60.zip::BASE_V59.zip::BASE_V58.zip::BASE_V57.zip::BASE_V56.zip::BASE_V55.zip,zip,qaresultv55txt,7
FRONTERA_CICLO_AJUSTE_V62_MACHINE_READABLE_ENTITY_AGGREGATION(4).zip,RAW_BYTES_MANIFEST_V55.csv,RAW_BYTES_MANIFEST_V55.csv,4441,3653712268,FRONTERA_CICLO_AJUSTE_V62_MACHINE_READABLE_ENTITY_AGGREGATION(4).zip::BASE_V61.zip::BASE_V60.zip::BASE_V59.zip::BASE_V58.zip::BASE_V57.zip::BASE_V56.zip::BASE_V55.zip,zip,rawbytesmanifestv55csv,7
FRONTERA_CICLO_AJUSTE_V62_MACHINE_READABLE_ENTITY_AGGREGATION(4).zip,README_V55.md,README_V55.md,716,2765300277,FRONTERA_CICLO_AJUSTE_V62_MACHINE_READABLE_ENTITY_AGGREGATION(4).zip::BASE_V61.zip::BASE_V60.zip::BASE_V59.zip::BASE_V58.zip::BASE_V57.zip::BASE_V56.zip::BASE_V55.zip,zip,readmev55md,7
FRONTERA_CICLO_AJUSTE_V62_MACHINE_READABLE_ENTITY_AGGREGATION(4).zip,SECURITIES_RECONCILIATION_V55.csv,SECURITIES_RECONCILIATION_V55.csv,942,84094729,FRONTERA_CICLO_AJUSTE_V62_MACHINE_READABLE_ENTITY_AGGREGATION(4).zip::BASE_V61.zip::BASE_V60.zip::BASE_V59.zip::BASE_V58.zip::BASE_V57.zip::BASE_V56.zip::BASE_V55.zip,zip,securitiesreconciliationv55csv,7
FRONTERA_CICLO_AJUSTE_V62_MACHINE_READABLE_ENTITY_AGGREGATION(4).zip,SUBACCOUNT_DICTIONARY_V55.csv,SUBACCOUNT_DICTIONARY_V55.csv,15084,151416654,FRONTERA_CICLO_AJUSTE_V62_MACHINE_READABLE_ENTITY_AGGREGATION(4).zip::BASE_V61.zip::BASE_V60.zip::BASE_V59.zip::BASE_V58.zip::BASE_V57.zip::BASE_V56.zip::BASE_V55.zip,zip,subaccountdictionaryv55csv,7
FRONTERA_CICLO_AJUSTE_V62_MACHINE_READABLE_ENTITY_AGGREGATION(4).zip,VEREDICTO_RECONCILIACION_V55.md,VEREDICTO_RECONCILIACION_V55.md,2726,243150298,FRONTERA_CICLO_AJUSTE_V62_MACHINE_READABLE_ENTITY_AGGREGATION(4).zip::BASE_V61.zip::BASE_V60.zip::BASE_V59.zip::BASE_V58.zip::BASE_V57.zip::BASE_V56.zip::BASE_V55.zip,zip,veredictoreconciliacionv55md,7
FRONTERA_CICLO_AJUSTE_V62_MACHINE_READABLE_ENTITY_AGGREGATION(4).zip,qa_v55.py,qa_v55.py,1149,434940574,FRONTERA_CICLO_AJUSTE_V62_MACHINE_READABLE_ENTITY_AGGREGATION(4).zip::BASE_V61.zip::BASE_V60.zip::BASE_V59.zip::BASE_V58.zip::BASE_V57.zip::BASE_V56.zip::BASE_V55.zip,zip,qav55py,7
FRONTERA_CICLO_AJUSTE_V62_MACHINE_READABLE_ENTITY_AGGREGATION(4).zip,raw_cache/es_series.txt,es_series.txt,5827774,748657357,FRONTERA_CICLO_AJUSTE_V62_MACHINE_READABLE_ENTITY_AGGREGATION(4).zip::BASE_V61.zip::BASE_V60.zip::BASE_V59.zip::BASE_V58.zip::BASE_V57.zip::BASE_V56.zip::BASE_V55.zip,zip,esseriestxt,7
FRONTERA_CICLO_AJUSTE_V62_MACHINE_READABLE_ENTITY_AGGREGATION(4).zip,MANIFEST_V56.json,MANIFEST_V56.json,3938,1448856948,FRONTERA_CICLO_AJUSTE_V62_MACHINE_READABLE_ENTITY_AGGREGATION(4).zip::BASE_V61.zip::BASE_V60.zip::BASE_V59.zip::BASE_V58.zip::BASE_V57.zip::BASE_V56.zip,zip,manifestv56json,6
FRONTERA_CICLO_AJUSTE_V62_MACHINE_READABLE_ENTITY_AGGREGATION(4).zip,qa_v56.py,qa_v56.py,2132,1137530503,FRONTERA_CICLO_AJUSTE_V62_MACHINE_READABLE_ENTITY_AGGREGATION(4).zip::BASE_V61.zip::BASE_V60.zip::BASE_V59.zip::BASE_V58.zip::BASE_V57.zip::BASE_V56.zip,zip,qav56py,6
FRONTERA_CICLO_AJUSTE_V62_MACHINE_READABLE_ENTITY_AGGREGATION(4).zip,COUNTERPARTY_UPDATE_V56.csv,COUNTERPARTY_UPDATE_V56.csv,548,1491076668,FRONTERA_CICLO_AJUSTE_V62_MACHINE_READABLE_ENTITY_AGGREGATION(4).zip::BASE_V61.zip::BASE_V60.zip::BASE_V59.zip::BASE_V58.zip::BASE_V57.zip::BASE_V56.zip,zip,counterpartyupdatev56csv,6
FRONTERA_CICLO_AJUSTE_V62_MACHINE_READABLE_ENTITY_AGGREGATION(4).zip,EVIDENCE_LEDGER_CICLO_AJUSTE_V56.csv,EVIDENCE_LEDGER_CICLO_AJUSTE_V56.csv,39312,3821271819,FRONTERA_CICLO_AJUSTE_V62_MACHINE_READABLE_ENTITY_AGGREGATION(4).zip::BASE_V61.zip::BASE_V60.zip::BASE_V59.zip::BASE_V58.zip::BASE_V57.zip::BASE_V56.zip,zip,evidenceledgercicloajustev56csv,6
FRONTERA_CICLO_AJUSTE_V62_MACHINE_READABLE_ENTITY_AGGREGATION(4).zip,raw_cache/es_series.txt,es_series.txt,5827774,748657357,FRONTERA_CICLO_AJUSTE_V62_MACHINE_READABLE_ENTITY_AGGREGATION(4).zip::BASE_V61.zip::BASE_V60.zip::BASE_V59.zip::BASE_V58.zip::BASE_V57.zip::BASE_V56.zip,zip,esseriestxt,6
FRONTERA_CICLO_AJUSTE_V62_MACHINE_READABLE_ENTITY_AGGREGATION(4).zip,raw_cache/Series_estadisticas.xlsx,Series_estadisticas.xlsx,1507855,1320633598,FRONTERA_CICLO_AJUSTE_V62_MACHINE_READABLE_ENTITY_AGGREGATION(4).zip::BASE_V61.zip::BASE_V60.zip::BASE_V59.zip::BASE_V58.zip::BASE_V57.zip::BASE_V56.zip,zip,seriesestadisticasxlsx,6
FRONTERA_CICLO_AJUSTE_V62_MACHINE_READABLE_ENTITY_AGGREGATION(4).zip,ACCOUNT_EQUIVALENCE_NIIF_V56.csv,ACCOUNT_EQUIVALENCE_NIIF_V56.csv,18940,3566337282,FRONTERA_CICLO_AJUSTE_V62_MACHINE_READABLE_ENTITY_AGGREGATION(4).zip::BASE_V61.zip::BASE_V60.zip::BASE_V59.zip::BASE_V58.zip::BASE_V57.zip::BASE_V56.zip,zip,accountequivalenceniifv56csv,6
FRONTERA_CICLO_AJUSTE_V62_MACHINE_READABLE_ENTITY_AGGREGATION(4).zip,fetch_bcra_v4_values.py,fetch_bcra_v4_values.py,1563,4258899431,FRONTERA_CICLO_AJUSTE_V62_MACHINE_READABLE_ENTITY_AGGREGATION(4).zip::BASE_V61.zip::BASE_V60.zip::BASE_V59.zip::BASE_V58.zip::BASE_V57.zip::BASE_V56.zip,zip,fetchbcrav4valuespy,6
FRONTERA_CICLO_AJUSTE_V62_MACHINE_READABLE_ENTITY_AGGREGATION(4).zip,MONTHLY_SUBACCOUNT_VALUES_2023_V56.csv,MONTHLY_SUBACCOUNT_VALUES_2023_V56.csv,10137,2754513223,FRONTERA_CICLO_AJUSTE_V62_MACHINE_READABLE_ENTITY_AGGREGATION(4).zip::BASE_V61.zip::BASE_V60.zip::BASE_V59.zip::BASE_V58.zip::BASE_V57.zip::BASE_V56.zip,zip,monthlysubaccountvalues2023v56csv,6
FRONTERA_CICLO_AJUSTE_V62_MACHINE_READABLE_ENTITY_AGGREGATION(4).zip,OFFICIAL_CATALOG_SLICE_V56.csv,OFFICIAL_CATALOG_SLICE_V56.csv,17529,2871997340,FRONTERA_CICLO_AJUSTE_V62_MACHINE_READABLE_ENTITY_AGGREGATION(4).zip::BASE_V61.zip::BASE_V60.zip::BASE_V59.zip::BASE_V58.zip::BASE_V57.zip::BASE_V56.zip,zip,officialcatalogslicev56csv,6
FRONTERA_CICLO_AJUSTE_V62_MACHINE_READABLE_ENTITY_AGGREGATION(4).zip,VEREDICTO_V56.md,VEREDICTO_V56.md,1131,786628932,FRONTERA_CICLO_AJUSTE_V62_MACHINE_READABLE_ENTITY_AGGREGATION(4).zip::BASE_V61.zip::BASE_V60.zip::BASE_V59.zip::BASE_V58.zip::BASE_V57.zip::BASE_V56.zip,zip,veredictov56md,6
FRONTERA_CICLO_AJUSTE_V62_MACHINE_READABLE_ENTITY_AGGREGATION(4).zip,COUNTERPARTY_UPDATE_V57.csv,COUNTERPARTY_UPDATE_V57.csv,782,2916305718,FRONTERA_CICLO_AJUSTE_V62_MACHINE_READABLE_ENTITY_AGGREGATION(4).zip::BASE_V61.zip::BASE_V60.zip::BASE_V59.zip::BASE_V58.zip::BASE_V57.zip,zip,counterpartyupdatev57csv,5
FRONTERA_CICLO_AJUSTE_V62_MACHINE_READABLE_ENTITY_AGGREGATION(4).zip,EVIDENCE_LEDGER_CICLO_AJUSTE_V57.csv,EVIDENCE_LEDGER_CICLO_AJUSTE_V57.csv,41708,3650130693,FRONTERA_CICLO_AJUSTE_V62_MACHINE_READABLE_ENTITY_AGGREGATION(4).zip::BASE_V61.zip::BASE_V60.zip::BASE_V59.zip::BASE_V58.zip::BASE_V57.zip,zip,evidenceledgercicloajustev57csv,5
FRONTERA_CICLO_AJUSTE_V62_MACHINE_READABLE_ENTITY_AGGREGATION(4).zip,FUENTES_V57.md,FUENTES_V57.md,2126,1816966930,FRONTERA_CICLO_AJUSTE_V62_MACHINE_READABLE_ENTITY_AGGREGATION(4).zip::BASE_V61.zip::BASE_V60.zip::BASE_V59.zip::BASE_V58.zip::BASE_V57.zip,zip,fuentesv57md,5
FRONTERA_CICLO_AJUSTE_V62_MACHINE_READABLE_ENTITY_AGGREGATION(4).zip,IPC_RESTATEMENT_COEFFICIENTS_V57.csv,IPC_RESTATEMENT_COEFFICIENTS_V57.csv,735,2429051065,FRONTERA_CICLO_AJUSTE_V62_MACHINE_READABLE_ENTITY_AGGREGATION(4).zip::BASE_V61.zip::BASE_V60.zip::BASE_V59.zip::BASE_V58.zip::BASE_V57.zip,zip,ipcrestatementcoefficientsv57csv,5
FRONTERA_CICLO_AJUSTE_V62_MACHINE_READABLE_ENTITY_AGGREGATION(4).zip,MANIFEST_V57.json,MANIFEST_V57.json,3226,3808868569,FRONTERA_CICLO_AJUSTE_V62_MACHINE_READABLE_ENTITY_AGGREGATION(4).zip::BASE_V61.zip::BASE_V60.zip::BASE_V59.zip::BASE_V58.zip::BASE_V57.zip,zip,manifestv57json,5
FRONTERA_CICLO_AJUSTE_V62_MACHINE_READABLE_ENTITY_AGGREGATION(4).zip,MONTHLY_SUBACCOUNT_VALUES_2023_V57.csv,MONTHLY_SUBACCOUNT_VALUES_2023_V57.csv,25977,3395576089,FRONTERA_CICLO_AJUSTE_V62_MACHINE_READABLE_ENTITY_AGGREGATION(4).zip::BASE_V61.zip::BASE_V60.zip::BASE_V59.zip::BASE_V58.zip::BASE_V57.zip,zip,monthlysubaccountvalues2023v57csv,5
FRONTERA_CICLO_AJUSTE_V62_MACHINE_READABLE_ENTITY_AGGREGATION(4).zip,NOMINAL_RECONCILIATION_V57.csv,NOMINAL_RECONCILIATION_V57.csv,5092,2497660867,FRONTERA_CICLO_AJUSTE_V62_MACHINE_READABLE_ENTITY_AGGREGATION(4).zip::BASE_V61.zip::BASE_V60.zip::BASE_V59.zip::BASE_V58.zip::BASE_V57.zip,zip,nominalreconciliationv57csv,5
FRONTERA_CICLO_AJUSTE_V62_MACHINE_READABLE_ENTITY_AGGREGATION(4).zip,POST2020_ACCUMULATED_RESULTS_V57.csv,POST2020_ACCUMULATED_RESULTS_V57.csv,5395,589873153,FRONTERA_CICLO_AJUSTE_V62_MACHINE_READABLE_ENTITY_AGGREGATION(4).zip::BASE_V61.zip::BASE_V60.zip::BASE_V59.zip::BASE_V58.zip::BASE_V57.zip,zip,post2020accumulatedresultsv57csv,5
FRONTERA_CICLO_AJUSTE_V62_MACHINE_READABLE_ENTITY_AGGREGATION(4).zip,PP_TARGET_RECONCILIATION_V57.csv,PP_TARGET_RECONCILIATION_V57.csv,1495,817158950,FRONTERA_CICLO_AJUSTE_V62_MACHINE_READABLE_ENTITY_AGGREGATION(4).zip::BASE_V61.zip::BASE_V60.zip::BASE_V59.zip::BASE_V58.zip::BASE_V57.zip,zip,pptargetreconciliationv57csv,5
FRONTERA_CICLO_AJUSTE_V62_MACHINE_READABLE_ENTITY_AGGREGATION(4).zip,PROMPT_CODEX_V58_MODERN_XLSX_SUBACCOUNT_BRIDGE.md,PROMPT_CODEX_V58_MODERN_XLSX_SUBACCOUNT_BRIDGE.md,2340,2934801191,FRONTERA_CICLO_AJUSTE_V62_MACHINE_READABLE_ENTITY_AGGREGATION(4).zip::BASE_V61.zip::BASE_V60.zip::BASE_V59.zip::BASE_V58.zip::BASE_V57.zip,zip,promptcodexv58modernxlsxsubaccountbridgemd,5
FRONTERA_CICLO_AJUSTE_V62_MACHINE_READABLE_ENTITY_AGGREGATION(4).zip,PUBLICATION_REGIME_CORRECTION_V57.csv,PUBLICATION_REGIME_CORRECTION_V57.csv,1047,489099765,FRONTERA_CICLO_AJUSTE_V62_MACHINE_READABLE_ENTITY_AGGREGATION(4).zip::BASE_V61.zip::BASE_V60.zip::BASE_V59.zip::BASE_V58.zip::BASE_V57.zip,zip,publicationregimecorrectionv57csv,5
FRONTERA_CICLO_AJUSTE_V62_MACHINE_READABLE_ENTITY_AGGREGATION(4).zip,QA_RESULT_V57.txt,QA_RESULT_V57.txt,5,3256905966,FRONTERA_CICLO_AJUSTE_V62_MACHINE_READABLE_ENTITY_AGGREGATION(4).zip::BASE_V61.zip::BASE_V60.zip::BASE_V59.zip::BASE_V58.zip::BASE_V57.zip,zip,qaresultv57txt,5
FRONTERA_CICLO_AJUSTE_V62_MACHINE_READABLE_ENTITY_AGGREGATION(4).zip,RAW_API_MANIFEST_V57.csv,RAW_API_MANIFEST_V57.csv,2703,2211353470,FRONTERA_CICLO_AJUSTE_V62_MACHINE_READABLE_ENTITY_AGGREGATION(4).zip::BASE_V61.zip::BASE_V60.zip::BASE_V59.zip::BASE_V58.zip::BASE_V57.zip,zip,rawapimanifestv57csv,5
FRONTERA_CICLO_AJUSTE_V62_MACHINE_READABLE_ENTITY_AGGREGATION(4).zip,README_V57.md,README_V57.md,704,3216325338,FRONTERA_CICLO_AJUSTE_V62_MACHINE_READABLE_ENTITY_AGGREGATION(4).zip::BASE_V61.zip::BASE_V60.zip::BASE_V59.zip::BASE_V58.zip::BASE_V57.zip,zip,readmev57md,5
FRONTERA_CICLO_AJUSTE_V62_MACHINE_READABLE_ENTITY_AGGREGATION(4).zip,VEREDICTO_V57.md,VEREDICTO_V57.md,1172,2202516161,FRONTERA_CICLO_AJUSTE_V62_MACHINE_READABLE_ENTITY_AGGREGATION(4).zip::BASE_V61.zip::BASE_V60.zip::BASE_V59.zip::BASE_V58.zip::BASE_V57.zip,zip,veredictov57md,5
FRONTERA_CICLO_AJUSTE_V62_MACHINE_READABLE_ENTITY_AGGREGATION(4).zip,qa_v57.py,qa_v57.py,1568,1949318899,FRONTERA_CICLO_AJUSTE_V62_MACHINE_READABLE_ENTITY_AGGREGATION(4).zip::BASE_V61.zip::BASE_V60.zip::BASE_V59.zip::BASE_V58.zip::BASE_V57.zip,zip,qav57py,5
FRONTERA_CICLO_AJUSTE_V62_MACHINE_READABLE_ENTITY_AGGREGATION(4).zip,FX_CER_PASSES_BRIDGE_V58.csv,FX_CER_PASSES_BRIDGE_V58.csv,669,2202966174,FRONTERA_CICLO_AJUSTE_V62_MACHINE_READABLE_ENTITY_AGGREGATION(4).zip::BASE_V61.zip::BASE_V60.zip::BASE_V59.zip::BASE_V58.zip,zip,fxcerpassesbridgev58csv,4
FRONTERA_CICLO_AJUSTE_V62_MACHINE_READABLE_ENTITY_AGGREGATION(4).zip,MODERN_SOURCE_SHEET_MAP_V58.csv,MODERN_SOURCE_SHEET_MAP_V58.csv,1848,2207996523,FRONTERA_CICLO_AJUSTE_V62_MACHINE_READABLE_ENTITY_AGGREGATION(4).zip::BASE_V61.zip::BASE_V60.zip::BASE_V59.zip::BASE_V58.zip,zip,modernsourcesheetmapv58csv,4
FRONTERA_CICLO_AJUSTE_V62_MACHINE_READABLE_ENTITY_AGGREGATION(4).zip,VEREDICTO_V58.md,VEREDICTO_V58.md,1255,2498405922,FRONTERA_CICLO_AJUSTE_V62_MACHINE_READABLE_ENTITY_AGGREGATION(4).zip::BASE_V61.zip::BASE_V60.zip::BASE_V59.zip::BASE_V58.zip,zip,veredictov58md,4
FRONTERA_CICLO_AJUSTE_V62_MACHINE_READABLE_ENTITY_AGGREGATION(4).zip,FUENTES_V58.md,FUENTES_V58.md,2826,4167207868,FRONTERA_CICLO_AJUSTE_V62_MACHINE_READABLE_ENTITY_AGGREGATION(4).zip::BASE_V61.zip::BASE_V60.zip::BASE_V59.zip::BASE_V58.zip,zip,fuentesv58md,4
FRONTERA_CICLO_AJUSTE_V62_MACHINE_READABLE_ENTITY_AGGREGATION(4).zip,COUNTERPARTY_UPDATE_V58.csv,COUNTERPARTY_UPDATE_V58.csv,695,3693839775,FRONTERA_CICLO_AJUSTE_V62_MACHINE_READABLE_ENTITY_AGGREGATION(4).zip::BASE_V61.zip::BASE_V60.zip::BASE_V59.zip::BASE_V58.zip,zip,counterpartyupdatev58csv,4
FRONTERA_CICLO_AJUSTE_V62_MACHINE_READABLE_ENTITY_AGGREGATION(4).zip,EVIDENCE_LEDGER_CICLO_AJUSTE_V58.csv,EVIDENCE_LEDGER_CICLO_AJUSTE_V58.csv,43221,25991159,FRONTERA_CICLO_AJUSTE_V62_MACHINE_READABLE_ENTITY_AGGREGATION(4).zip::BASE_V61.zip::BASE_V60.zip::BASE_V59.zip::BASE_V58.zip,zip,evidenceledgercicloajustev58csv,4
FRONTERA_CICLO_AJUSTE_V62_MACHINE_READABLE_ENTITY_AGGREGATION(4).zip,QA_RESULT_V58.txt,QA_RESULT_V58.txt,5,3256905966,FRONTERA_CICLO_AJUSTE_V62_MACHINE_READABLE_ENTITY_AGGREGATION(4).zip::BASE_V61.zip::BASE_V60.zip::BASE_V59.zip::BASE_V58.zip,zip,qaresultv58txt,4
FRONTERA_CICLO_AJUSTE_V62_MACHINE_READABLE_ENTITY_AGGREGATION(4).zip,INTEREST_FLOW_SECTOR_BRIDGE_V58.csv,INTEREST_FLOW_SECTOR_BRIDGE_V58.csv,839,2939175568,FRONTERA_CICLO_AJUSTE_V62_MACHINE_READABLE_ENTITY_AGGREGATION(4).zip::BASE_V61.zip::BASE_V60.zip::BASE_V59.zip::BASE_V58.zip,zip,interestflowsectorbridgev58csv,4
FRONTERA_CICLO_AJUSTE_V62_MACHINE_READABLE_ENTITY_AGGREGATION(4).zip,README_V58.md,README_V58.md,604,3045899320,FRONTERA_CICLO_AJUSTE_V62_MACHINE_READABLE_ENTITY_AGGREGATION(4).zip::BASE_V61.zip::BASE_V60.zip::BASE_V59.zip::BASE_V58.zip,zip,readmev58md,4
FRONTERA_CICLO_AJUSTE_V62_MACHINE_READABLE_ENTITY_AGGREGATION(4).zip,RAW_MODERN_XLSX_MANIFEST_V58.csv,RAW_MODERN_XLSX_MANIFEST_V58.csv,1529,2552249829,FRONTERA_CICLO_AJUSTE_V62_MACHINE_READABLE_ENTITY_AGGREGATION(4).zip::BASE_V61.zip::BASE_V60.zip::BASE_V59.zip::BASE_V58.zip,zip,rawmodernxlsxmanifestv58csv,4
FRONTERA_CICLO_AJUSTE_V62_MACHINE_READABLE_ENTITY_AGGREGATION(4).zip,qa_v58.py,qa_v58.py,1537,4031334256,FRONTERA_CICLO_AJUSTE_V62_MACHINE_READABLE_ENTITY_AGGREGATION(4).zip::BASE_V61.zip::BASE_V60.zip::BASE_V59.zip::BASE_V58.zip,zip,qav58py,4
FRONTERA_CICLO_AJUSTE_V62_MACHINE_READABLE_ENTITY_AGGREGATION(4).zip,PROMPT_CODEX_V59_ENTITY_LEVEL_REAL_MARGIN_BRIDGE.md,PROMPT_CODEX_V59_ENTITY_LEVEL_REAL_MARGIN_BRIDGE.md,2472,3660409110,FRONTERA_CICLO_AJUSTE_V62_MACHINE_READABLE_ENTITY_AGGREGATION(4).zip::BASE_V61.zip::BASE_V60.zip::BASE_V59.zip::BASE_V58.zip,zip,promptcodexv59entitylevelrealmarginbridgemd,4
FRONTERA_CICLO_AJUSTE_V62_MACHINE_READABLE_ENTITY_AGGREGATION(4).zip,AUDITORIA_V58.md,AUDITORIA_V58.md,3346,2630045207,FRONTERA_CICLO_AJUSTE_V62_MACHINE_READABLE_ENTITY_AGGREGATION(4).zip::BASE_V61.zip::BASE_V60.zip::BASE_V59.zip::BASE_V58.zip,zip,auditoriav58md,4
FRONTERA_CICLO_AJUSTE_V62_MACHINE_READABLE_ENTITY_AGGREGATION(4).zip,MANIFEST_V58.json,MANIFEST_V58.json,878,2063404822,FRONTERA_CICLO_AJUSTE_V62_MACHINE_READABLE_ENTITY_AGGREGATION(4).zip::BASE_V61.zip::BASE_V60.zip::BASE_V59.zip::BASE_V58.zip,zip,manifestv58json,4
FRONTERA_CICLO_AJUSTE_V62_MACHINE_READABLE_ENTITY_AGGREGATION(4).zip,SECURITIES_ISSUER_RESULT_BRIDGE_V58.csv,SECURITIES_ISSUER_RESULT_BRIDGE_V58.csv,981,2991295667,FRONTERA_CICLO_AJUSTE_V62_MACHINE_READABLE_ENTITY_AGGREGATION(4).zip::BASE_V61.zip::BASE_V60.zip::BASE_V59.zip::BASE_V58.zip,zip,securitiesissuerresultbridgev58csv,4
FRONTERA_CICLO_AJUSTE_V62_MACHINE_READABLE_ENTITY_AGGREGATION(4).zip,QA_RESULT_V59.txt,QA_RESULT_V59.txt,5,3256905966,FRONTERA_CICLO_AJUSTE_V62_MACHINE_READABLE_ENTITY_AGGREGATION(4).zip::BASE_V61.zip::BASE_V60.zip::BASE_V59.zip,zip,qaresultv59txt,3
FRONTERA_CICLO_AJUSTE_V62_MACHINE_READABLE_ENTITY_AGGREGATION(4).zip,PROMPT_CODEX_V60_ANNUAL_AQ_SYSTEM_RECONCILIATION.md,PROMPT_CODEX_V60_ANNUAL_AQ_SYSTEM_RECONCILIATION.md,2721,2357846522,FRONTERA_CICLO_AJUSTE_V62_MACHINE_READABLE_ENTITY_AGGREGATION(4).zip::BASE_V61.zip::BASE_V60.zip::BASE_V59.zip,zip,promptcodexv60annualaqsystemreconciliationmd,3
FRONTERA_CICLO_AJUSTE_V62_MACHINE_READABLE_ENTITY_AGGREGATION(4).zip,EVIDENCE_LEDGER_CICLO_AJUSTE_V59.csv,EVIDENCE_LEDGER_CICLO_AJUSTE_V59.csv,45300,2905811972,FRONTERA_CICLO_AJUSTE_V62_MACHINE_READABLE_ENTITY_AGGREGATION(4).zip::BASE_V61.zip::BASE_V60.zip::BASE_V59.zip,zip,evidenceledgercicloajustev59csv,3
FRONTERA_CICLO_AJUSTE_V62_MACHINE_READABLE_ENTITY_AGGREGATION(4).zip,qa_v59.py,qa_v59.py,1599,990225047,FRONTERA_CICLO_AJUSTE_V62_MACHINE_READABLE_ENTITY_AGGREGATION(4).zip::BASE_V61.zip::BASE_V60.zip::BASE_V59.zip,zip,qav59py,3
FRONTERA_CICLO_AJUSTE_V62_MACHINE_READABLE_ENTITY_AGGREGATION(4).zip,AUDITORIA_V59.md,AUDITORIA_V59.md,6227,970565096,FRONTERA_CICLO_AJUSTE_V62_MACHINE_READABLE_ENTITY_AGGREGATION(4).zip::BASE_V61.zip::BASE_V60.zip::BASE_V59.zip,zip,auditoriav59md,3
FRONTERA_CICLO_AJUSTE_V62_MACHINE_READABLE_ENTITY_AGGREGATION(4).zip,COUNTERPARTY_UPDATE_V59.csv,COUNTERPARTY_UPDATE_V59.csv,1111,661044847,FRONTERA_CICLO_AJUSTE_V62_MACHINE_READABLE_ENTITY_AGGREGATION(4).zip::BASE_V61.zip::BASE_V60.zip::BASE_V59.zip,zip,counterpartyupdatev59csv,3
FRONTERA_CICLO_AJUSTE_V62_MACHINE_READABLE_ENTITY_AGGREGATION(4).zip,FX_CER_PASSES_FLOW_V59.csv,FX_CER_PASSES_FLOW_V59.csv,1003,2808764338,FRONTERA_CICLO_AJUSTE_V62_MACHINE_READABLE_ENTITY_AGGREGATION(4).zip::BASE_V61.zip::BASE_V60.zip::BASE_V59.zip,zip,fxcerpassesflowv59csv,3
FRONTERA_CICLO_AJUSTE_V62_MACHINE_READABLE_ENTITY_AGGREGATION(4).zip,FUENTES_V59.md,FUENTES_V59.md,1815,1602664242,FRONTERA_CICLO_AJUSTE_V62_MACHINE_READABLE_ENTITY_AGGREGATION(4).zip::BASE_V61.zip::BASE_V60.zip::BASE_V59.zip,zip,fuentesv59md,3
FRONTERA_CICLO_AJUSTE_V62_MACHINE_READABLE_ENTITY_AGGREGATION(4).zip,POST_NIIF_SUBACCOUNT_MAP_V59.csv,POST_NIIF_SUBACCOUNT_MAP_V59.csv,3652,3459050816,FRONTERA_CICLO_AJUSTE_V62_MACHINE_READABLE_ENTITY_AGGREGATION(4).zip::BASE_V61.zip::BASE_V60.zip::BASE_V59.zip,zip,postniifsubaccountmapv59csv,3
FRONTERA_CICLO_AJUSTE_V62_MACHINE_READABLE_ENTITY_AGGREGATION(4).zip,COUNTERPARTY_UPDATE_V60.csv,COUNTERPARTY_UPDATE_V60.csv,1036,3895427239,FRONTERA_CICLO_AJUSTE_V62_MACHINE_READABLE_ENTITY_AGGREGATION(4).zip::BASE_V61.zip::BASE_V60.zip,zip,counterpartyupdatev60csv,2
FRONTERA_CICLO_AJUSTE_V62_MACHINE_READABLE_ENTITY_AGGREGATION(4).zip,ENTITY_Q4_AQ_BRIDGE_V60.csv,ENTITY_Q4_AQ_BRIDGE_V60.csv,2617,695357644,FRONTERA_CICLO_AJUSTE_V62_MACHINE_READABLE_ENTITY_AGGREGATION(4).zip::BASE_V61.zip::BASE_V60.zip,zip,entityq4aqbridgev60csv,2
FRONTERA_CICLO_AJUSTE_V62_MACHINE_READABLE_ENTITY_AGGREGATION(4).zip,EVIDENCE_LEDGER_CICLO_AJUSTE_V60.csv,EVIDENCE_LEDGER_CICLO_AJUSTE_V60.csv,45977,321594245,FRONTERA_CICLO_AJUSTE_V62_MACHINE_READABLE_ENTITY_AGGREGATION(4).zip::BASE_V61.zip::BASE_V60.zip,zip,evidenceledgercicloajustev60csv,2
FRONTERA_CICLO_AJUSTE_V62_MACHINE_READABLE_ENTITY_AGGREGATION(4).zip,FUENTES_V60.md,FUENTES_V60.md,456,3010152713,FRONTERA_CICLO_AJUSTE_V62_MACHINE_READABLE_ENTITY_AGGREGATION(4).zip::BASE_V61.zip::BASE_V60.zip,zip,fuentesv60md,2
FRONTERA_CICLO_AJUSTE_V62_MACHINE_READABLE_ENTITY_AGGREGATION(4).zip,HOUSEHOLD_LIKE_INTEREST_ANNUAL_V60.csv,HOUSEHOLD_LIKE_INTEREST_ANNUAL_V60.csv,824,1360227913,FRONTERA_CICLO_AJUSTE_V62_MACHINE_READABLE_ENTITY_AGGREGATION(4).zip::BASE_V61.zip::BASE_V60.zip,zip,householdlikeinterestannualv60csv,2
FRONTERA_CICLO_AJUSTE_V62_MACHINE_READABLE_ENTITY_AGGREGATION(4).zip,IPC_REEXPRESSION_V60.csv,IPC_REEXPRESSION_V60.csv,171,2507692037,FRONTERA_CICLO_AJUSTE_V62_MACHINE_READABLE_ENTITY_AGGREGATION(4).zip::BASE_V61.zip::BASE_V60.zip,zip,ipcreexpressionv60csv,2
FRONTERA_CICLO_AJUSTE_V62_MACHINE_READABLE_ENTITY_AGGREGATION(4).zip,MANIFEST_V60.json,MANIFEST_V60.json,3572,4065991227,FRONTERA_CICLO_AJUSTE_V62_MACHINE_READABLE_ENTITY_AGGREGATION(4).zip::BASE_V61.zip::BASE_V60.zip,zip,manifestv60json,2
FRONTERA_CICLO_AJUSTE_V62_MACHINE_READABLE_ENTITY_AGGREGATION(4).zip,PASS_COUNTERPARTY_FALSIFIER_V60.csv,PASS_COUNTERPARTY_FALSIFIER_V60.csv,844,3542592508,FRONTERA_CICLO_AJUSTE_V62_MACHINE_READABLE_ENTITY_AGGREGATION(4).zip::BASE_V61.zip::BASE_V60.zip,zip,passcounterpartyfalsifierv60csv,2
FRONTERA_CICLO_AJUSTE_V62_MACHINE_READABLE_ENTITY_AGGREGATION(4).zip,PROMPT_CODEX_V61_SYSTEM_Q4_AQ_COVERAGE_AND_PASS_NETTING.md,PROMPT_CODEX_V61_SYSTEM_Q4_AQ_COVERAGE_AND_PASS_NETTING.md,848,3347385940,FRONTERA_CICLO_AJUSTE_V62_MACHINE_READABLE_ENTITY_AGGREGATION(4).zip::BASE_V61.zip::BASE_V60.zip,zip,promptcodexv61systemq4aqcoverageandpassnettingmd,2
FRONTERA_CICLO_AJUSTE_V62_MACHINE_READABLE_ENTITY_AGGREGATION(4).zip,QA_RESULT_V60.txt,QA_RESULT_V60.txt,5,3256905966,FRONTERA_CICLO_AJUSTE_V62_MACHINE_READABLE_ENTITY_AGGREGATION(4).zip::BASE_V61.zip::BASE_V60.zip,zip,qaresultv60txt,2
FRONTERA_CICLO_AJUSTE_V62_MACHINE_READABLE_ENTITY_AGGREGATION(4).zip,RAW_ENTITY_2023_MANIFEST_V60.csv,RAW_ENTITY_2023_MANIFEST_V60.csv,500,1466823452,FRONTERA_CICLO_AJUSTE_V62_MACHINE_READABLE_ENTITY_AGGREGATION(4).zip::BASE_V61.zip::BASE_V60.zip,zip,rawentity2023manifestv60csv,2
FRONTERA_CICLO_AJUSTE_V62_MACHINE_READABLE_ENTITY_AGGREGATION(4).zip,README_V60.md,README_V60.md,297,2936266435,FRONTERA_CICLO_AJUSTE_V62_MACHINE_READABLE_ENTITY_AGGREGATION(4).zip::BASE_V61.zip::BASE_V60.zip,zip,readmev60md,2
FRONTERA_CICLO_AJUSTE_V62_MACHINE_READABLE_ENTITY_AGGREGATION(4).zip,SECURITIES_PUBLIC_ISSUER_GATE_V60.csv,SECURITIES_PUBLIC_ISSUER_GATE_V60.csv,586,3902737956,FRONTERA_CICLO_AJUSTE_V62_MACHINE_READABLE_ENTITY_AGGREGATION(4).zip::BASE_V61.zip::BASE_V60.zip,zip,securitiespublicissuergatev60csv,2
FRONTERA_CICLO_AJUSTE_V62_MACHINE_READABLE_ENTITY_AGGREGATION(4).zip,VEREDICTO_V60.md,VEREDICTO_V60.md,754,2483816971,FRONTERA_CICLO_AJUSTE_V62_MACHINE_READABLE_ENTITY_AGGREGATION(4).zip::BASE_V61.zip::BASE_V60.zip,zip,veredictov60md,2
FRONTERA_CICLO_AJUSTE_V62_MACHINE_READABLE_ENTITY_AGGREGATION(4).zip,qa_v60.py,qa_v60.py,1094,326113959,FRONTERA_CICLO_AJUSTE_V62_MACHINE_READABLE_ENTITY_AGGREGATION(4).zip::BASE_V61.zip::BASE_V60.zip,zip,qav60py,2
FRONTERA_CICLO_AJUSTE_V62_MACHINE_READABLE_ENTITY_AGGREGATION(4).zip,COUNTERPARTY_UPDATE_V61.csv,COUNTERPARTY_UPDATE_V61.csv,1120,3481983767,FRONTERA_CICLO_AJUSTE_V62_MACHINE_READABLE_ENTITY_AGGREGATION(4).zip::BASE_V61.zip,zip,counterpartyupdatev61csv,1
FRONTERA_CICLO_AJUSTE_V62_MACHINE_READABLE_ENTITY_AGGREGATION(4).zip,ENTITY_COVERAGE_V61.csv,ENTITY_COVERAGE_V61.csv,1414,2924937209,FRONTERA_CICLO_AJUSTE_V62_MACHINE_READABLE_ENTITY_AGGREGATION(4).zip::BASE_V61.zip,zip,entitycoveragev61csv,1
FRONTERA_CICLO_AJUSTE_V62_MACHINE_READABLE_ENTITY_AGGREGATION(4).zip,ENTITY_Q4_AQ_SYSTEM_SAMPLE_V61.csv,ENTITY_Q4_AQ_SYSTEM_SAMPLE_V61.csv,1070,3456547457,FRONTERA_CICLO_AJUSTE_V62_MACHINE_READABLE_ENTITY_AGGREGATION(4).zip::BASE_V61.zip,zip,entityq4aqsystemsamplev61csv,1
FRONTERA_CICLO_AJUSTE_V62_MACHINE_READABLE_ENTITY_AGGREGATION(4).zip,EVIDENCE_LEDGER_CICLO_AJUSTE_V61.csv,EVIDENCE_LEDGER_CICLO_AJUSTE_V61.csv,46673,3069909082,FRONTERA_CICLO_AJUSTE_V62_MACHINE_READABLE_ENTITY_AGGREGATION(4).zip::BASE_V61.zip,zip,evidenceledgercicloajustev61csv,1
FRONTERA_CICLO_AJUSTE_V62_MACHINE_READABLE_ENTITY_AGGREGATION(4).zip,FUENTES_V61.md,FUENTES_V61.md,1086,1751984189,FRONTERA_CICLO_AJUSTE_V62_MACHINE_READABLE_ENTITY_AGGREGATION(4).zip::BASE_V61.zip,zip,fuentesv61md,1
FRONTERA_CICLO_AJUSTE_V62_MACHINE_READABLE_ENTITY_AGGREGATION(4).zip,HOUSEHOLD_PRODUCT_BOUND_V61.csv,HOUSEHOLD_PRODUCT_BOUND_V61.csv,902,354413282,FRONTERA_CICLO_AJUSTE_V62_MACHINE_READABLE_ENTITY_AGGREGATION(4).zip::BASE_V61.zip,zip,householdproductboundv61csv,1
FRONTERA_CICLO_AJUSTE_V62_MACHINE_READABLE_ENTITY_AGGREGATION(4).zip,INTERBANK_PASS_NETTING_AUDIT_V61.md,INTERBANK_PASS_NETTING_AUDIT_V61.md,1776,752990661,FRONTERA_CICLO_AJUSTE_V62_MACHINE_READABLE_ENTITY_AGGREGATION(4).zip::BASE_V61.zip,zip,interbankpassnettingauditv61md,1
FRONTERA_CICLO_AJUSTE_V62_MACHINE_READABLE_ENTITY_AGGREGATION(4).zip,MANIFEST_V61.json,MANIFEST_V61.json,3454,2339156851,FRONTERA_CICLO_AJUSTE_V62_MACHINE_READABLE_ENTITY_AGGREGATION(4).zip::BASE_V61.zip,zip,manifestv61json,1
FRONTERA_CICLO_AJUSTE_V62_MACHINE_READABLE_ENTITY_AGGREGATION(4).zip,PASS_COUNTERPARTY_SYSTEM_V61.csv,PASS_COUNTERPARTY_SYSTEM_V61.csv,772,1236051180,FRONTERA_CICLO_AJUSTE_V62_MACHINE_READABLE_ENTITY_AGGREGATION(4).zip::BASE_V61.zip,zip,passcounterpartysystemv61csv,1
FRONTERA_CICLO_AJUSTE_V62_MACHINE_READABLE_ENTITY_AGGREGATION(4).zip,PROMPT_CODEX_V62_MACHINE_READABLE_ENTITY_RESULT_AGGREGATION.md,PROMPT_CODEX_V62_MACHINE_READABLE_ENTITY_RESULT_AGGREGATION.md,1594,4164071461,FRONTERA_CICLO_AJUSTE_V62_MACHINE_READABLE_ENTITY_AGGREGATION(4).zip::BASE_V61.zip,zip,promptcodexv62machinereadableentityresultaggregationmd,1
FRONTERA_CICLO_AJUSTE_V62_MACHINE_READABLE_ENTITY_AGGREGATION(4).zip,QA_RESULT_V61.txt,QA_RESULT_V61.txt,5,3256905966,FRONTERA_CICLO_AJUSTE_V62_MACHINE_READABLE_ENTITY_AGGREGATION(4).zip::BASE_V61.zip,zip,qaresultv61txt,1
FRONTERA_CICLO_AJUSTE_V62_MACHINE_READABLE_ENTITY_AGGREGATION(4).zip,README_V61.md,README_V61.md,386,3559340451,FRONTERA_CICLO_AJUSTE_V62_MACHINE_READABLE_ENTITY_AGGREGATION(4).zip::BASE_V61.zip,zip,readmev61md,1
FRONTERA_CICLO_AJUSTE_V62_MACHINE_READABLE_ENTITY_AGGREGATION(4).zip,SAMPLE_DIAGNOSTIC_V61.csv,SAMPLE_DIAGNOSTIC_V61.csv,486,3523793292,FRONTERA_CICLO_AJUSTE_V62_MACHINE_READABLE_ENTITY_AGGREGATION(4).zip::BASE_V61.zip,zip,samplediagnosticv61csv,1
FRONTERA_CICLO_AJUSTE_V62_MACHINE_READABLE_ENTITY_AGGREGATION(4).zip,STOCK_FLOW_PASS_FALSIFIER_V61.csv,STOCK_FLOW_PASS_FALSIFIER_V61.csv,492,1734867425,FRONTERA_CICLO_AJUSTE_V62_MACHINE_READABLE_ENTITY_AGGREGATION(4).zip::BASE_V61.zip,zip,stockflowpassfalsifierv61csv,1
FRONTERA_CICLO_AJUSTE_V62_MACHINE_READABLE_ENTITY_AGGREGATION(4).zip,SYSTEM_RECONCILIATION_V61.csv,SYSTEM_RECONCILIATION_V61.csv,913,941627061,FRONTERA_CICLO_AJUSTE_V62_MACHINE_READABLE_ENTITY_AGGREGATION(4).zip::BASE_V61.zip,zip,systemreconciliationv61csv,1
FRONTERA_CICLO_AJUSTE_V62_MACHINE_READABLE_ENTITY_AGGREGATION(4).zip,VEREDICTO_V61.md,VEREDICTO_V61.md,728,3433497097,FRONTERA_CICLO_AJUSTE_V62_MACHINE_READABLE_ENTITY_AGGREGATION(4).zip::BASE_V61.zip,zip,veredictov61md,1
FRONTERA_CICLO_AJUSTE_V62_MACHINE_READABLE_ENTITY_AGGREGATION(4).zip,qa_v61.py,qa_v61.py,832,2609763903,FRONTERA_CICLO_AJUSTE_V62_MACHINE_READABLE_ENTITY_AGGREGATION(4).zip::BASE_V61.zip,zip,qav61py,1
FRONTERA_CICLO_AJUSTE_V62_MACHINE_READABLE_ENTITY_AGGREGATION(4).zip,COUNTERPARTY_UPDATE_V62.csv,COUNTERPARTY_UPDATE_V62.csv,976,3954827440,FRONTERA_CICLO_AJUSTE_V62_MACHINE_READABLE_ENTITY_AGGREGATION(4).zip,zip,counterpartyupdatev62csv,0
FRONTERA_CICLO_AJUSTE_V62_MACHINE_READABLE_ENTITY_AGGREGATION(4).zip,ENTITY_COVERAGE_V62.csv,ENTITY_COVERAGE_V62.csv,832,878191740,FRONTERA_CICLO_AJUSTE_V62_MACHINE_READABLE_ENTITY_AGGREGATION(4).zip,zip,entitycoveragev62csv,0
FRONTERA_CICLO_AJUSTE_V62_MACHINE_READABLE_ENTITY_AGGREGATION(4).zip,ENTITY_Q4_AQ_PANEL_V62.csv,ENTITY_Q4_AQ_PANEL_V62.csv,1286,3152356441,FRONTERA_CICLO_AJUSTE_V62_MACHINE_READABLE_ENTITY_AGGREGATION(4).zip,zip,entityq4aqpanelv62csv,0
FRONTERA_CICLO_AJUSTE_V62_MACHINE_READABLE_ENTITY_AGGREGATION(4).zip,EVIDENCE_LEDGER_CICLO_AJUSTE_V62.csv,EVIDENCE_LEDGER_CICLO_AJUSTE_V62.csv,744,1831626994,FRONTERA_CICLO_AJUSTE_V62_MACHINE_READABLE_ENTITY_AGGREGATION(4).zip,zip,evidenceledgercicloajustev62csv,0
FRONTERA_CICLO_AJUSTE_V62_MACHINE_READABLE_ENTITY_AGGREGATION(4).zip,FUENTES_V62.md,FUENTES_V62.md,609,874438201,FRONTERA_CICLO_AJUSTE_V62_MACHINE_READABLE_ENTITY_AGGREGATION(4).zip,zip,fuentesv62md,0
FRONTERA_CICLO_AJUSTE_V62_MACHINE_READABLE_ENTITY_AGGREGATION(4).zip,HOUSEHOLD_PRODUCT_SYSTEM_V62.csv,HOUSEHOLD_PRODUCT_SYSTEM_V62.csv,1469,4170250821,FRONTERA_CICLO_AJUSTE_V62_MACHINE_READABLE_ENTITY_AGGREGATION(4).zip,zip,householdproductsystemv62csv,0
FRONTERA_CICLO_AJUSTE_V62_MACHINE_READABLE_ENTITY_AGGREGATION(4).zip,IEF_PASS_RECONCILIATION_V62.csv,IEF_PASS_RECONCILIATION_V62.csv,546,1343322763,FRONTERA_CICLO_AJUSTE_V62_MACHINE_READABLE_ENTITY_AGGREGATION(4).zip,zip,iefpassreconciliationv62csv,0
FRONTERA_CICLO_AJUSTE_V62_MACHINE_READABLE_ENTITY_AGGREGATION(4).zip,INTERBANK_CANCELLATION_TEST_V62.csv,INTERBANK_CANCELLATION_TEST_V62.csv,488,3589318335,FRONTERA_CICLO_AJUSTE_V62_MACHINE_READABLE_ENTITY_AGGREGATION(4).zip,zip,interbankcancellationtestv62csv,0
FRONTERA_CICLO_AJUSTE_V62_MACHINE_READABLE_ENTITY_AGGREGATION(4).zip,MANIFEST_V62.json,MANIFEST_V62.json,3401,2934962812,FRONTERA_CICLO_AJUSTE_V62_MACHINE_READABLE_ENTITY_AGGREGATION(4).zip,zip,manifestv62json,0
FRONTERA_CICLO_AJUSTE_V62_MACHINE_READABLE_ENTITY_AGGREGATION(4).zip,PASS_GROSS_NET_SYSTEM_V62.csv,PASS_GROSS_NET_SYSTEM_V62.csv,788,2107802603,FRONTERA_CICLO_AJUSTE_V62_MACHINE_READABLE_ENTITY_AGGREGATION(4).zip,zip,passgrossnetsystemv62csv,0
FRONTERA_CICLO_AJUSTE_V62_MACHINE_READABLE_ENTITY_AGGREGATION(4).zip,PROMPT_CODEX_V63_FULL_AQ_HOMOGENEOUS_PANEL_AND_EXPENSE_LEGS.md,PROMPT_CODEX_V63_FULL_AQ_HOMOGENEOUS_PANEL_AND_EXPENSE_LEGS.md,1239,2753223760,FRONTERA_CICLO_AJUSTE_V62_MACHINE_READABLE_ENTITY_AGGREGATION(4).zip,zip,promptcodexv63fullaqhomogeneouspanelandexpenselegsmd,0
FRONTERA_CICLO_AJUSTE_V62_MACHINE_READABLE_ENTITY_AGGREGATION(4).zip,QA_RESULT_V62.txt,QA_RESULT_V62.txt,5,3256905966,FRONTERA_CICLO_AJUSTE_V62_MACHINE_READABLE_ENTITY_AGGREGATION(4).zip,zip,qaresultv62txt,0
FRONTERA_CICLO_AJUSTE_V62_MACHINE_READABLE_ENTITY_AGGREGATION(4).zip,RAW_ENTITY_MANIFEST_V62.csv,RAW_ENTITY_MANIFEST_V62.csv,858,161920569,FRONTERA_CICLO_AJUSTE_V62_MACHINE_READABLE_ENTITY_AGGREGATION(4).zip,zip,rawentitymanifestv62csv,0
FRONTERA_CICLO_AJUSTE_V62_MACHINE_READABLE_ENTITY_AGGREGATION(4).zip,README_V62.md,README_V62.md,409,2970664442,FRONTERA_CICLO_AJUSTE_V62_MACHINE_READABLE_ENTITY_AGGREGATION(4).zip,zip,readmev62md,0
FRONTERA_CICLO_AJUSTE_V62_MACHINE_READABLE_ENTITY_AGGREGATION(4).zip,VEREDICTO_V62.md,VEREDICTO_V62.md,739,2685722896,FRONTERA_CICLO_AJUSTE_V62_MACHINE_READABLE_ENTITY_AGGREGATION(4).zip,zip,veredictov62md,0
FRONTERA_CICLO_AJUSTE_V62_MACHINE_READABLE_ENTITY_AGGREGATION(4).zip,qa_v62.py,qa_v62.py,14,3143009605,FRONTERA_CICLO_AJUSTE_V62_MACHINE_READABLE_ENTITY_AGGREGATION(4).zip,zip,qav62py,0
FRONTERA_CICLO_AJUSTE_V63_FOUR_LEG_PASS_CLOSED_NETWORK_GATE(4).zip,AUDITORIA_V63.md,AUDITORIA_V63.md,1856,362679481,FRONTERA_CICLO_AJUSTE_V63_FOUR_LEG_PASS_CLOSED_NETWORK_GATE(4).zip,zip,auditoriav63md,0
FRONTERA_CICLO_AJUSTE_V63_FOUR_LEG_PASS_CLOSED_NETWORK_GATE(4).zip,BASE_V62.zip,BASE_V62.zip,1554965,2599394019,FRONTERA_CICLO_AJUSTE_V63_FOUR_LEG_PASS_CLOSED_NETWORK_GATE(4).zip,zip,basev62zip,0
FRONTERA_CICLO_AJUSTE_V63_FOUR_LEG_PASS_CLOSED_NETWORK_GATE(4).zip,AUDITORIA_V62.md,AUDITORIA_V62.md,1393,600029505,FRONTERA_CICLO_AJUSTE_V63_FOUR_LEG_PASS_CLOSED_NETWORK_GATE(4).zip::BASE_V62.zip,zip,auditoriav62md,1
FRONTERA_CICLO_AJUSTE_V63_FOUR_LEG_PASS_CLOSED_NETWORK_GATE(4).zip,BASE_V61.zip,BASE_V61.zip,1544918,3678830250,FRONTERA_CICLO_AJUSTE_V63_FOUR_LEG_PASS_CLOSED_NETWORK_GATE(4).zip::BASE_V62.zip,zip,basev61zip,1
FRONTERA_CICLO_AJUSTE_V63_FOUR_LEG_PASS_CLOSED_NETWORK_GATE(4).zip,AUDITORIA_V61.md,AUDITORIA_V61.md,1403,3939235878,FRONTERA_CICLO_AJUSTE_V63_FOUR_LEG_PASS_CLOSED_NETWORK_GATE(4).zip::BASE_V62.zip::BASE_V61.zip,zip,auditoriav61md,2
FRONTERA_CICLO_AJUSTE_V63_FOUR_LEG_PASS_CLOSED_NETWORK_GATE(4).zip,BASE_V60.zip,BASE_V60.zip,1516418,405553932,FRONTERA_CICLO_AJUSTE_V63_FOUR_LEG_PASS_CLOSED_NETWORK_GATE(4).zip::BASE_V62.zip::BASE_V61.zip,zip,basev60zip,2
FRONTERA_CICLO_AJUSTE_V63_FOUR_LEG_PASS_CLOSED_NETWORK_GATE(4).zip,AQ_FREQUENCY_CORRECTION_V60.csv,AQ_FREQUENCY_CORRECTION_V60.csv,293,27279586,FRONTERA_CICLO_AJUSTE_V63_FOUR_LEG_PASS_CLOSED_NETWORK_GATE(4).zip::BASE_V62.zip::BASE_V61.zip::BASE_V60.zip,zip,aqfrequencycorrectionv60csv,3
FRONTERA_CICLO_AJUSTE_V63_FOUR_LEG_PASS_CLOSED_NETWORK_GATE(4).zip,AQ_SYSTEM_AGGREGATE_2023_V60.csv,AQ_SYSTEM_AGGREGATE_2023_V60.csv,453,3657801338,FRONTERA_CICLO_AJUSTE_V63_FOUR_LEG_PASS_CLOSED_NETWORK_GATE(4).zip::BASE_V62.zip::BASE_V61.zip::BASE_V60.zip,zip,aqsystemaggregate2023v60csv,3
FRONTERA_CICLO_AJUSTE_V63_FOUR_LEG_PASS_CLOSED_NETWORK_GATE(4).zip,AQ_TO_IEF_ANNUAL_BRIDGE_V60.csv,AQ_TO_IEF_ANNUAL_BRIDGE_V60.csv,521,3222057515,FRONTERA_CICLO_AJUSTE_V63_FOUR_LEG_PASS_CLOSED_NETWORK_GATE(4).zip::BASE_V62.zip::BASE_V61.zip::BASE_V60.zip,zip,aqtoiefannualbridgev60csv,3
FRONTERA_CICLO_AJUSTE_V63_FOUR_LEG_PASS_CLOSED_NETWORK_GATE(4).zip,AUDITORIA_V60.md,AUDITORIA_V60.md,1028,3191199415,FRONTERA_CICLO_AJUSTE_V63_FOUR_LEG_PASS_CLOSED_NETWORK_GATE(4).zip::BASE_V62.zip::BASE_V61.zip::BASE_V60.zip,zip,auditoriav60md,3
FRONTERA_CICLO_AJUSTE_V63_FOUR_LEG_PASS_CLOSED_NETWORK_GATE(4).zip,BASE_V59.zip,BASE_V59.zip,1488966,3327583224,FRONTERA_CICLO_AJUSTE_V63_FOUR_LEG_PASS_CLOSED_NETWORK_GATE(4).zip::BASE_V62.zip::BASE_V61.zip::BASE_V60.zip,zip,basev59zip,3
FRONTERA_CICLO_AJUSTE_V63_FOUR_LEG_PASS_CLOSED_NETWORK_GATE(4).zip,INTEREST_ACCRUED_SECTOR_FLOW_V59.csv,INTEREST_ACCRUED_SECTOR_FLOW_V59.csv,3456,2350036141,FRONTERA_CICLO_AJUSTE_V63_FOUR_LEG_PASS_CLOSED_NETWORK_GATE(4).zip::BASE_V62.zip::BASE_V61.zip::BASE_V60.zip::BASE_V59.zip,zip,interestaccruedsectorflowv59csv,4
FRONTERA_CICLO_AJUSTE_V63_FOUR_LEG_PASS_CLOSED_NETWORK_GATE(4).zip,SECURITIES_RESULT_ISSUER_FLOW_V59.csv,SECURITIES_RESULT_ISSUER_FLOW_V59.csv,973,2396753114,FRONTERA_CICLO_AJUSTE_V63_FOUR_LEG_PASS_CLOSED_NETWORK_GATE(4).zip::BASE_V62.zip::BASE_V61.zip::BASE_V60.zip::BASE_V59.zip,zip,securitiesresultissuerflowv59csv,4
FRONTERA_CICLO_AJUSTE_V63_FOUR_LEG_PASS_CLOSED_NETWORK_GATE(4).zip,MANIFEST_V59.json,MANIFEST_V59.json,3173,1958130905,FRONTERA_CICLO_AJUSTE_V63_FOUR_LEG_PASS_CLOSED_NETWORK_GATE(4).zip::BASE_V62.zip::BASE_V61.zip::BASE_V60.zip::BASE_V59.zip,zip,manifestv59json,4
FRONTERA_CICLO_AJUSTE_V63_FOUR_LEG_PASS_CLOSED_NETWORK_GATE(4).zip,VEREDICTO_V59.md,VEREDICTO_V59.md,1520,2869004237,FRONTERA_CICLO_AJUSTE_V63_FOUR_LEG_PASS_CLOSED_NETWORK_GATE(4).zip::BASE_V62.zip::BASE_V61.zip::BASE_V60.zip::BASE_V59.zip,zip,veredictov59md,4
FRONTERA_CICLO_AJUSTE_V63_FOUR_LEG_PASS_CLOSED_NETWORK_GATE(4).zip,POSITIVE_FINANCIAL_INCOME_FORMULA_V59.csv,POSITIVE_FINANCIAL_INCOME_FORMULA_V59.csv,2665,3309765842,FRONTERA_CICLO_AJUSTE_V63_FOUR_LEG_PASS_CLOSED_NETWORK_GATE(4).zip::BASE_V62.zip::BASE_V61.zip::BASE_V60.zip::BASE_V59.zip,zip,positivefinancialincomeformulav59csv,4
FRONTERA_CICLO_AJUSTE_V63_FOUR_LEG_PASS_CLOSED_NETWORK_GATE(4).zip,README_V59.md,README_V59.md,689,1979927137,FRONTERA_CICLO_AJUSTE_V63_FOUR_LEG_PASS_CLOSED_NETWORK_GATE(4).zip::BASE_V62.zip::BASE_V61.zip::BASE_V60.zip::BASE_V59.zip,zip,readmev59md,4
FRONTERA_CICLO_AJUSTE_V63_FOUR_LEG_PASS_CLOSED_NETWORK_GATE(4).zip,COMMON_DENOMINATOR_RECONCILIATION_V59.csv,COMMON_DENOMINATOR_RECONCILIATION_V59.csv,3406,3895230344,FRONTERA_CICLO_AJUSTE_V63_FOUR_LEG_PASS_CLOSED_NETWORK_GATE(4).zip::BASE_V62.zip::BASE_V61.zip::BASE_V60.zip::BASE_V59.zip,zip,commondenominatorreconciliationv59csv,4
FRONTERA_CICLO_AJUSTE_V63_FOUR_LEG_PASS_CLOSED_NETWORK_GATE(4).zip,BASE_V58.zip,BASE_V58.zip,1457322,799904491,FRONTERA_CICLO_AJUSTE_V63_FOUR_LEG_PASS_CLOSED_NETWORK_GATE(4).zip::BASE_V62.zip::BASE_V61.zip::BASE_V60.zip::BASE_V59.zip,zip,basev58zip,4
FRONTERA_CICLO_AJUSTE_V63_FOUR_LEG_PASS_CLOSED_NETWORK_GATE(4).zip,IEF_COMPONENT_RECONCILIATION_V58.csv,IEF_COMPONENT_RECONCILIATION_V58.csv,4404,771447225,FRONTERA_CICLO_AJUSTE_V63_FOUR_LEG_PASS_CLOSED_NETWORK_GATE(4).zip::BASE_V62.zip::BASE_V61.zip::BASE_V60.zip::BASE_V59.zip::BASE_V58.zip,zip,iefcomponentreconciliationv58csv,5
FRONTERA_CICLO_AJUSTE_V63_FOUR_LEG_PASS_CLOSED_NETWORK_GATE(4).zip,BASE_V57.zip,BASE_V57.zip,1426922,2040299978,FRONTERA_CICLO_AJUSTE_V63_FOUR_LEG_PASS_CLOSED_NETWORK_GATE(4).zip::BASE_V62.zip::BASE_V61.zip::BASE_V60.zip::BASE_V59.zip::BASE_V58.zip,zip,basev57zip,5
FRONTERA_CICLO_AJUSTE_V63_FOUR_LEG_PASS_CLOSED_NETWORK_GATE(4).zip,ACCOUNT_MAPPING_NIIF_V57.csv,ACCOUNT_MAPPING_NIIF_V57.csv,6675,3279393462,FRONTERA_CICLO_AJUSTE_V63_FOUR_LEG_PASS_CLOSED_NETWORK_GATE(4).zip::BASE_V62.zip::BASE_V61.zip::BASE_V60.zip::BASE_V59.zip::BASE_V58.zip::BASE_V57.zip,zip,accountmappingniifv57csv,6
FRONTERA_CICLO_AJUSTE_V63_FOUR_LEG_PASS_CLOSED_NETWORK_GATE(4).zip,AUDITORIA_V57.md,AUDITORIA_V57.md,3300,2845304577,FRONTERA_CICLO_AJUSTE_V63_FOUR_LEG_PASS_CLOSED_NETWORK_GATE(4).zip::BASE_V62.zip::BASE_V61.zip::BASE_V60.zip::BASE_V59.zip::BASE_V58.zip::BASE_V57.zip,zip,auditoriav57md,6
FRONTERA_CICLO_AJUSTE_V63_FOUR_LEG_PASS_CLOSED_NETWORK_GATE(4).zip,BASE_V56.zip,BASE_V56.zip,1405429,4102697162,FRONTERA_CICLO_AJUSTE_V63_FOUR_LEG_PASS_CLOSED_NETWORK_GATE(4).zip::BASE_V62.zip::BASE_V61.zip::BASE_V60.zip::BASE_V59.zip::BASE_V58.zip::BASE_V57.zip,zip,basev56zip,6
FRONTERA_CICLO_AJUSTE_V63_FOUR_LEG_PASS_CLOSED_NETWORK_GATE(4).zip,TARGET_RECONCILIATION_V56.csv,TARGET_RECONCILIATION_V56.csv,1039,3039763977,FRONTERA_CICLO_AJUSTE_V63_FOUR_LEG_PASS_CLOSED_NETWORK_GATE(4).zip::BASE_V62.zip::BASE_V61.zip::BASE_V60.zip::BASE_V59.zip::BASE_V58.zip::BASE_V57.zip::BASE_V56.zip,zip,targetreconciliationv56csv,7
FRONTERA_CICLO_AJUSTE_V63_FOUR_LEG_PASS_CLOSED_NETWORK_GATE(4).zip,FUENTES_V56.md,FUENTES_V56.md,1270,1201168601,FRONTERA_CICLO_AJUSTE_V63_FOUR_LEG_PASS_CLOSED_NETWORK_GATE(4).zip::BASE_V62.zip::BASE_V61.zip::BASE_V60.zip::BASE_V59.zip::BASE_V58.zip::BASE_V57.zip::BASE_V56.zip,zip,fuentesv56md,7
FRONTERA_CICLO_AJUSTE_V63_FOUR_LEG_PASS_CLOSED_NETWORK_GATE(4).zip,AUDITORIA_V56.md,AUDITORIA_V56.md,1958,3875203169,FRONTERA_CICLO_AJUSTE_V63_FOUR_LEG_PASS_CLOSED_NETWORK_GATE(4).zip::BASE_V62.zip::BASE_V61.zip::BASE_V60.zip::BASE_V59.zip::BASE_V58.zip::BASE_V57.zip::BASE_V56.zip,zip,auditoriav56md,7
FRONTERA_CICLO_AJUSTE_V63_FOUR_LEG_PASS_CLOSED_NETWORK_GATE(4).zip,PROMPT_CODEX_V57_API_VALUE_EXTRACTION_AND_RECONCILIATION.md,PROMPT_CODEX_V57_API_VALUE_EXTRACTION_AND_RECONCILIATION.md,1639,1234052454,FRONTERA_CICLO_AJUSTE_V63_FOUR_LEG_PASS_CLOSED_NETWORK_GATE(4).zip::BASE_V62.zip::BASE_V61.zip::BASE_V60.zip::BASE_V59.zip::BASE_V58.zip::BASE_V57.zip::BASE_V56.zip,zip,promptcodexv57apivalueextractionandreconciliationmd,7
FRONTERA_CICLO_AJUSTE_V63_FOUR_LEG_PASS_CLOSED_NETWORK_GATE(4).zip,README_V56.md,README_V56.md,741,2692164018,FRONTERA_CICLO_AJUSTE_V63_FOUR_LEG_PASS_CLOSED_NETWORK_GATE(4).zip::BASE_V62.zip::BASE_V61.zip::BASE_V60.zip::BASE_V59.zip::BASE_V58.zip::BASE_V57.zip::BASE_V56.zip,zip,readmev56md,7
FRONTERA_CICLO_AJUSTE_V63_FOUR_LEG_PASS_CLOSED_NETWORK_GATE(4).zip,SERIES_VALUE_BYTES_MANIFEST_V56.csv,SERIES_VALUE_BYTES_MANIFEST_V56.csv,1721,1992671686,FRONTERA_CICLO_AJUSTE_V63_FOUR_LEG_PASS_CLOSED_NETWORK_GATE(4).zip::BASE_V62.zip::BASE_V61.zip::BASE_V60.zip::BASE_V59.zip::BASE_V58.zip::BASE_V57.zip::BASE_V56.zip,zip,seriesvaluebytesmanifestv56csv,7
FRONTERA_CICLO_AJUSTE_V63_FOUR_LEG_PASS_CLOSED_NETWORK_GATE(4).zip,QA_RESULT_V56.txt,QA_RESULT_V56.txt,5,3256905966,FRONTERA_CICLO_AJUSTE_V63_FOUR_LEG_PASS_CLOSED_NETWORK_GATE(4).zip::BASE_V62.zip::BASE_V61.zip::BASE_V60.zip::BASE_V59.zip::BASE_V58.zip::BASE_V57.zip::BASE_V56.zip,zip,qaresultv56txt,7
FRONTERA_CICLO_AJUSTE_V63_FOUR_LEG_PASS_CLOSED_NETWORK_GATE(4).zip,BASE_V55.zip,BASE_V55.zip,308547,3407641759,FRONTERA_CICLO_AJUSTE_V63_FOUR_LEG_PASS_CLOSED_NETWORK_GATE(4).zip::BASE_V62.zip::BASE_V61.zip::BASE_V60.zip::BASE_V59.zip::BASE_V58.zip::BASE_V57.zip::BASE_V56.zip,zip,basev55zip,7
FRONTERA_CICLO_AJUSTE_V63_FOUR_LEG_PASS_CLOSED_NETWORK_GATE(4).zip,ACCOUNTING_MODE_AXIS_V55.csv,ACCOUNTING_MODE_AXIS_V55.csv,699,3452533906,FRONTERA_CICLO_AJUSTE_V63_FOUR_LEG_PASS_CLOSED_NETWORK_GATE(4).zip::BASE_V62.zip::BASE_V61.zip::BASE_V60.zip::BASE_V59.zip::BASE_V58.zip::BASE_V57.zip::BASE_V56.zip::BASE_V55.zip,zip,accountingmodeaxisv55csv,8
FRONTERA_CICLO_AJUSTE_V63_FOUR_LEG_PASS_CLOSED_NETWORK_GATE(4).zip,AUDITORIA_RECONCILIACION_V55.md,AUDITORIA_RECONCILIACION_V55.md,2954,954690639,FRONTERA_CICLO_AJUSTE_V63_FOUR_LEG_PASS_CLOSED_NETWORK_GATE(4).zip::BASE_V62.zip::BASE_V61.zip::BASE_V60.zip::BASE_V59.zip::BASE_V58.zip::BASE_V57.zip::BASE_V56.zip::BASE_V55.zip,zip,auditoriareconciliacionv55md,8
FRONTERA_CICLO_AJUSTE_V63_FOUR_LEG_PASS_CLOSED_NETWORK_GATE(4).zip,BASE_V54.zip,BASE_V54.zip,89528,4191159782,FRONTERA_CICLO_AJUSTE_V63_FOUR_LEG_PASS_CLOSED_NETWORK_GATE(4).zip::BASE_V62.zip::BASE_V61.zip::BASE_V60.zip::BASE_V59.zip::BASE_V58.zip::BASE_V57.zip::BASE_V56.zip::BASE_V55.zip,zip,basev54zip,8
FRONTERA_CICLO_AJUSTE_V63_FOUR_LEG_PASS_CLOSED_NETWORK_GATE(4).zip,AUDITORIA_MICRODATA_BRIDGE_V54.md,AUDITORIA_MICRODATA_BRIDGE_V54.md,5719,1640919157,FRONTERA_CICLO_AJUSTE_V63_FOUR_LEG_PASS_CLOSED_NETWORK_GATE(4).zip::BASE_V62.zip::BASE_V61.zip::BASE_V60.zip::BASE_V59.zip::BASE_V58.zip::BASE_V57.zip::BASE_V56.zip::BASE_V55.zip::BASE_V54.zip,zip,auditoriamicrodatabridgev54md,9
FRONTERA_CICLO_AJUSTE_V63_FOUR_LEG_PASS_CLOSED_NETWORK_GATE(4).zip,BASE_V53.zip,BASE_V53.zip,60708,2634438224,FRONTERA_CICLO_AJUSTE_V63_FOUR_LEG_PASS_CLOSED_NETWORK_GATE(4).zip::BASE_V62.zip::BASE_V61.zip::BASE_V60.zip::BASE_V59.zip::BASE_V58.zip::BASE_V57.zip::BASE_V56.zip::BASE_V55.zip::BASE_V54.zip,zip,basev53zip,9
FRONTERA_CICLO_AJUSTE_V63_FOUR_LEG_PASS_CLOSED_NETWORK_GATE(4).zip,AUDITORIA_CUANTIFICACION_CONTRAPARTES_V53.md,AUDITORIA_CUANTIFICACION_CONTRAPARTES_V53.md,8576,3068984065,FRONTERA_CICLO_AJUSTE_V63_FOUR_LEG_PASS_CLOSED_NETWORK_GATE(4).zip::BASE_V62.zip::BASE_V61.zip::BASE_V60.zip::BASE_V59.zip::BASE_V58.zip::BASE_V57.zip::BASE_V56.zip::BASE_V55.zip::BASE_V54.zip::BASE_V53.zip,zip,auditoriacuantificacioncontrapartesv53md,10
FRONTERA_CICLO_AJUSTE_V63_FOUR_LEG_PASS_CLOSED_NETWORK_GATE(4).zip,BASE_V52.zip,BASE_V52.zip,30016,2693101034,FRONTERA_CICLO_AJUSTE_V63_FOUR_LEG_PASS_CLOSED_NETWORK_GATE(4).zip::BASE_V62.zip::BASE_V61.zip::BASE_V60.zip::BASE_V59.zip::BASE_V58.zip::BASE_V57.zip::BASE_V56.zip::BASE_V55.zip::BASE_V54.zip::BASE_V53.zip,zip,basev52zip,10
FRONTERA_CICLO_AJUSTE_V63_FOUR_LEG_PASS_CLOSED_NETWORK_GATE(4).zip,AUDITORIA_CONTRAPARTES_V52.md,AUDITORIA_CONTRAPARTES_V52.md,10790,1141669530,FRONTERA_CICLO_AJUSTE_V63_FOUR_LEG_PASS_CLOSED_NETWORK_GATE(4).zip::BASE_V62.zip::BASE_V61.zip::BASE_V60.zip::BASE_V59.zip::BASE_V58.zip::BASE_V57.zip::BASE_V56.zip::BASE_V55.zip::BASE_V54.zip::BASE_V53.zip::BASE_V52.zip,zip,auditoriacontrapartesv52md,11
FRONTERA_CICLO_AJUSTE_V63_FOUR_LEG_PASS_CLOSED_NETWORK_GATE(4).zip,COMPONENT_COUNTERPARTY_MAP_V52.csv,COMPONENT_COUNTERPARTY_MAP_V52.csv,10923,221048505,FRONTERA_CICLO_AJUSTE_V63_FOUR_LEG_PASS_CLOSED_NETWORK_GATE(4).zip::BASE_V62.zip::BASE_V61.zip::BASE_V60.zip::BASE_V59.zip::BASE_V58.zip::BASE_V57.zip::BASE_V56.zip::BASE_V55.zip::BASE_V54.zip::BASE_V53.zip::BASE_V52.zip,zip,componentcounterpartymapv52csv,11
FRONTERA_CICLO_AJUSTE_V63_FOUR_LEG_PASS_CLOSED_NETWORK_GATE(4).zip,EVIDENCE_LEDGER_CICLO_AJUSTE_V52.csv,EVIDENCE_LEDGER_CICLO_AJUSTE_V52.csv,29452,2822240886,FRONTERA_CICLO_AJUSTE_V63_FOUR_LEG_PASS_CLOSED_NETWORK_GATE(4).zip::BASE_V62.zip::BASE_V61.zip::BASE_V60.zip::BASE_V59.zip::BASE_V58.zip::BASE_V57.zip::BASE_V56.zip::BASE_V55.zip::BASE_V54.zip::BASE_V53.zip::BASE_V52.zip,zip,evidenceledgercicloajustev52csv,11
FRONTERA_CICLO_AJUSTE_V63_FOUR_LEG_PASS_CLOSED_NETWORK_GATE(4).zip,FALSIFICADORES_INCIDENCE_V52.csv,FALSIFICADORES_INCIDENCE_V52.csv,1704,733707846,FRONTERA_CICLO_AJUSTE_V63_FOUR_LEG_PASS_CLOSED_NETWORK_GATE(4).zip::BASE_V62.zip::BASE_V61.zip::BASE_V60.zip::BASE_V59.zip::BASE_V58.zip::BASE_V57.zip::BASE_V56.zip::BASE_V55.zip::BASE_V54.zip::BASE_V53.zip::BASE_V52.zip,zip,falsificadoresincidencev52csv,11
FRONTERA_CICLO_AJUSTE_V63_FOUR_LEG_PASS_CLOSED_NETWORK_GATE(4).zip,HOUSEHOLD_LINK_CLASSIFICATION_V52.csv,HOUSEHOLD_LINK_CLASSIFICATION_V52.csv,2318,2469493028,FRONTERA_CICLO_AJUSTE_V63_FOUR_LEG_PASS_CLOSED_NETWORK_GATE(4).zip::BASE_V62.zip::BASE_V61.zip::BASE_V60.zip::BASE_V59.zip::BASE_V58.zip::BASE_V57.zip::BASE_V56.zip::BASE_V55.zip::BASE_V54.zip::BASE_V53.zip::BASE_V52.zip,zip,householdlinkclassificationv52csv,11
FRONTERA_CICLO_AJUSTE_V63_FOUR_LEG_PASS_CLOSED_NETWORK_GATE(4).zip,INCIDENCE_CHAIN_V52.csv,INCIDENCE_CHAIN_V52.csv,4179,1507603432,FRONTERA_CICLO_AJUSTE_V63_FOUR_LEG_PASS_CLOSED_NETWORK_GATE(4).zip::BASE_V62.zip::BASE_V61.zip::BASE_V60.zip::BASE_V59.zip::BASE_V58.zip::BASE_V57.zip::BASE_V56.zip::BASE_V55.zip::BASE_V54.zip::BASE_V53.zip::BASE_V52.zip,zip,incidencechainv52csv,11
FRONTERA_CICLO_AJUSTE_V63_FOUR_LEG_PASS_CLOSED_NETWORK_GATE(4).zip,MANIFEST_V52.json,MANIFEST_V52.json,3066,2435890137,FRONTERA_CICLO_AJUSTE_V63_FOUR_LEG_PASS_CLOSED_NETWORK_GATE(4).zip::BASE_V62.zip::BASE_V61.zip::BASE_V60.zip::BASE_V59.zip::BASE_V58.zip::BASE_V57.zip::BASE_V56.zip::BASE_V55.zip::BASE_V54.zip::BASE_V53.zip::BASE_V52.zip,zip,manifestv52json,11
FRONTERA_CICLO_AJUSTE_V63_FOUR_LEG_PASS_CLOSED_NETWORK_GATE(4).zip,PROMPT_CODEX_V53_COUNTERPARTY_QUANTIFICATION.md,PROMPT_CODEX_V53_COUNTERPARTY_QUANTIFICATION.md,2245,3992379914,FRONTERA_CICLO_AJUSTE_V63_FOUR_LEG_PASS_CLOSED_NETWORK_GATE(4).zip::BASE_V62.zip::BASE_V61.zip::BASE_V60.zip::BASE_V59.zip::BASE_V58.zip::BASE_V57.zip::BASE_V56.zip::BASE_V55.zip::BASE_V54.zip::BASE_V53.zip::BASE_V52.zip,zip,promptcodexv53counterpartyquantificationmd,11
FRONTERA_CICLO_AJUSTE_V63_FOUR_LEG_PASS_CLOSED_NETWORK_GATE(4).zip,README_V52.md,README_V52.md,1435,967710712,FRONTERA_CICLO_AJUSTE_V63_FOUR_LEG_PASS_CLOSED_NETWORK_GATE(4).zip::BASE_V62.zip::BASE_V61.zip::BASE_V60.zip::BASE_V59.zip::BASE_V58.zip::BASE_V57.zip::BASE_V56.zip::BASE_V55.zip::BASE_V54.zip::BASE_V53.zip::BASE_V52.zip,zip,readmev52md,11
FRONTERA_CICLO_AJUSTE_V63_FOUR_LEG_PASS_CLOSED_NETWORK_GATE(4).zip,VEREDICTO_CONTRAPARTES_V52.md,VEREDICTO_CONTRAPARTES_V52.md,2555,1531089469,FRONTERA_CICLO_AJUSTE_V63_FOUR_LEG_PASS_CLOSED_NETWORK_GATE(4).zip::BASE_V62.zip::BASE_V61.zip::BASE_V60.zip::BASE_V59.zip::BASE_V58.zip::BASE_V57.zip::BASE_V56.zip::BASE_V55.zip::BASE_V54.zip::BASE_V53.zip::BASE_V52.zip,zip,veredictocontrapartesv52md,11
FRONTERA_CICLO_AJUSTE_V63_FOUR_LEG_PASS_CLOSED_NETWORK_GATE(4).zip,qa_v52.py,qa_v52.py,1481,3727353323,FRONTERA_CICLO_AJUSTE_V63_FOUR_LEG_PASS_CLOSED_NETWORK_GATE(4).zip::BASE_V62.zip::BASE_V61.zip::BASE_V60.zip::BASE_V59.zip::BASE_V58.zip::BASE_V57.zip::BASE_V56.zip::BASE_V55.zip::BASE_V54.zip::BASE_V53.zip::BASE_V52.zip,zip,qav52py,11
FRONTERA_CICLO_AJUSTE_V63_FOUR_LEG_PASS_CLOSED_NETWORK_GATE(4).zip,CER_ASSET_LIABILITY_SECTOR_MAP_V53.csv,CER_ASSET_LIABILITY_SECTOR_MAP_V53.csv,1928,2424930496,FRONTERA_CICLO_AJUSTE_V63_FOUR_LEG_PASS_CLOSED_NETWORK_GATE(4).zip::BASE_V62.zip::BASE_V61.zip::BASE_V60.zip::BASE_V59.zip::BASE_V58.zip::BASE_V57.zip::BASE_V56.zip::BASE_V55.zip::BASE_V54.zip::BASE_V53.zip,zip,cerassetliabilitysectormapv53csv,10
FRONTERA_CICLO_AJUSTE_V63_FOUR_LEG_PASS_CLOSED_NETWORK_GATE(4).zip,EVIDENCE_LEDGER_CICLO_AJUSTE_V53.csv,EVIDENCE_LEDGER_CICLO_AJUSTE_V53.csv,32838,1291886418,FRONTERA_CICLO_AJUSTE_V63_FOUR_LEG_PASS_CLOSED_NETWORK_GATE(4).zip::BASE_V62.zip::BASE_V61.zip::BASE_V60.zip::BASE_V59.zip::BASE_V58.zip::BASE_V57.zip::BASE_V56.zip::BASE_V55.zip::BASE_V54.zip::BASE_V53.zip,zip,evidenceledgercicloajustev53csv,10
FRONTERA_CICLO_AJUSTE_V63_FOUR_LEG_PASS_CLOSED_NETWORK_GATE(4).zip,FUENTES_V53.md,FUENTES_V53.md,1790,3905457752,FRONTERA_CICLO_AJUSTE_V63_FOUR_LEG_PASS_CLOSED_NETWORK_GATE(4).zip::BASE_V62.zip::BASE_V61.zip::BASE_V60.zip::BASE_V59.zip::BASE_V58.zip::BASE_V57.zip::BASE_V56.zip::BASE_V55.zip::BASE_V54.zip::BASE_V53.zip,zip,fuentesv53md,10
FRONTERA_CICLO_AJUSTE_V63_FOUR_LEG_PASS_CLOSED_NETWORK_GATE(4).zip,FX_GROSS_COUNTERPARTY_MAP_V53.csv,FX_GROSS_COUNTERPARTY_MAP_V53.csv,2845,3945359840,FRONTERA_CICLO_AJUSTE_V63_FOUR_LEG_PASS_CLOSED_NETWORK_GATE(4).zip::BASE_V62.zip::BASE_V61.zip::BASE_V60.zip::BASE_V59.zip::BASE_V58.zip::BASE_V57.zip::BASE_V56.zip::BASE_V55.zip::BASE_V54.zip::BASE_V53.zip,zip,fxgrosscounterpartymapv53csv,10
FRONTERA_CICLO_AJUSTE_V63_FOUR_LEG_PASS_CLOSED_NETWORK_GATE(4).zip,HOUSEHOLD_DIRECT_FLOW_BOUND_V53.csv,HOUSEHOLD_DIRECT_FLOW_BOUND_V53.csv,2566,3922136717,FRONTERA_CICLO_AJUSTE_V63_FOUR_LEG_PASS_CLOSED_NETWORK_GATE(4).zip::BASE_V62.zip::BASE_V61.zip::BASE_V60.zip::BASE_V59.zip::BASE_V58.zip::BASE_V57.zip::BASE_V56.zip::BASE_V55.zip::BASE_V54.zip::BASE_V53.zip,zip,householddirectflowboundv53csv,10
FRONTERA_CICLO_AJUSTE_V63_FOUR_LEG_PASS_CLOSED_NETWORK_GATE(4).zip,INTEREST_INCOME_SECTOR_SPLIT_V53.csv,INTEREST_INCOME_SECTOR_SPLIT_V53.csv,1914,3323966839,FRONTERA_CICLO_AJUSTE_V63_FOUR_LEG_PASS_CLOSED_NETWORK_GATE(4).zip::BASE_V62.zip::BASE_V61.zip::BASE_V60.zip::BASE_V59.zip::BASE_V58.zip::BASE_V57.zip::BASE_V56.zip::BASE_V55.zip::BASE_V54.zip::BASE_V53.zip,zip,interestincomesectorsplitv53csv,10
FRONTERA_CICLO_AJUSTE_V63_FOUR_LEG_PASS_CLOSED_NETWORK_GATE(4).zip,MANIFEST_V53.json,MANIFEST_V53.json,3151,3397775879,FRONTERA_CICLO_AJUSTE_V63_FOUR_LEG_PASS_CLOSED_NETWORK_GATE(4).zip::BASE_V62.zip::BASE_V61.zip::BASE_V60.zip::BASE_V59.zip::BASE_V58.zip::BASE_V57.zip::BASE_V56.zip::BASE_V55.zip::BASE_V54.zip::BASE_V53.zip,zip,manifestv53json,10
FRONTERA_CICLO_AJUSTE_V63_FOUR_LEG_PASS_CLOSED_NETWORK_GATE(4).zip,PROMPT_CODEX_V54_RAW_BCRA_MICRODATA.md,PROMPT_CODEX_V54_RAW_BCRA_MICRODATA.md,3199,1476505167,FRONTERA_CICLO_AJUSTE_V63_FOUR_LEG_PASS_CLOSED_NETWORK_GATE(4).zip::BASE_V62.zip::BASE_V61.zip::BASE_V60.zip::BASE_V59.zip::BASE_V58.zip::BASE_V57.zip::BASE_V56.zip::BASE_V55.zip::BASE_V54.zip::BASE_V53.zip,zip,promptcodexv54rawbcramicrodatamd,10
FRONTERA_CICLO_AJUSTE_V63_FOUR_LEG_PASS_CLOSED_NETWORK_GATE(4).zip,README_V53.md,README_V53.md,1622,2934203907,FRONTERA_CICLO_AJUSTE_V63_FOUR_LEG_PASS_CLOSED_NETWORK_GATE(4).zip::BASE_V62.zip::BASE_V61.zip::BASE_V60.zip::BASE_V59.zip::BASE_V58.zip::BASE_V57.zip::BASE_V56.zip::BASE_V55.zip::BASE_V54.zip::BASE_V53.zip,zip,readmev53md,10
FRONTERA_CICLO_AJUSTE_V63_FOUR_LEG_PASS_CLOSED_NETWORK_GATE(4).zip,SECURITIES_ISSUER_VALUATION_SPLIT_V53.csv,SECURITIES_ISSUER_VALUATION_SPLIT_V53.csv,3994,1151985647,FRONTERA_CICLO_AJUSTE_V63_FOUR_LEG_PASS_CLOSED_NETWORK_GATE(4).zip::BASE_V62.zip::BASE_V61.zip::BASE_V60.zip::BASE_V59.zip::BASE_V58.zip::BASE_V57.zip::BASE_V56.zip::BASE_V55.zip::BASE_V54.zip::BASE_V53.zip,zip,securitiesissuervaluationsplitv53csv,10
FRONTERA_CICLO_AJUSTE_V63_FOUR_LEG_PASS_CLOSED_NETWORK_GATE(4).zip,VEREDICTO_CUANTIFICACION_CONTRAPARTES_V53.md,VEREDICTO_CUANTIFICACION_CONTRAPARTES_V53.md,2689,3561875554,FRONTERA_CICLO_AJUSTE_V63_FOUR_LEG_PASS_CLOSED_NETWORK_GATE(4).zip::BASE_V62.zip::BASE_V61.zip::BASE_V60.zip::BASE_V59.zip::BASE_V58.zip::BASE_V57.zip::BASE_V56.zip::BASE_V55.zip::BASE_V54.zip::BASE_V53.zip,zip,veredictocuantificacioncontrapartesv53md,10
FRONTERA_CICLO_AJUSTE_V63_FOUR_LEG_PASS_CLOSED_NETWORK_GATE(4).zip,qa_v53.py,qa_v53.py,2329,4075672873,FRONTERA_CICLO_AJUSTE_V63_FOUR_LEG_PASS_CLOSED_NETWORK_GATE(4).zip::BASE_V62.zip::BASE_V61.zip::BASE_V60.zip::BASE_V59.zip::BASE_V58.zip::BASE_V57.zip::BASE_V56.zip::BASE_V55.zip::BASE_V54.zip::BASE_V53.zip,zip,qav53py,10
FRONTERA_CICLO_AJUSTE_V63_FOUR_LEG_PASS_CLOSED_NETWORK_GATE(4).zip,CER_GROSS_BRIDGE_V54.csv,CER_GROSS_BRIDGE_V54.csv,1298,1763478116,FRONTERA_CICLO_AJUSTE_V63_FOUR_LEG_PASS_CLOSED_NETWORK_GATE(4).zip::BASE_V62.zip::BASE_V61.zip::BASE_V60.zip::BASE_V59.zip::BASE_V58.zip::BASE_V57.zip::BASE_V56.zip::BASE_V55.zip::BASE_V54.zip,zip,cergrossbridgev54csv,9
FRONTERA_CICLO_AJUSTE_V63_FOUR_LEG_PASS_CLOSED_NETWORK_GATE(4).zip,EVIDENCE_LEDGER_CICLO_AJUSTE_V54.csv,EVIDENCE_LEDGER_CICLO_AJUSTE_V54.csv,35891,2651049975,FRONTERA_CICLO_AJUSTE_V63_FOUR_LEG_PASS_CLOSED_NETWORK_GATE(4).zip::BASE_V62.zip::BASE_V61.zip::BASE_V60.zip::BASE_V59.zip::BASE_V58.zip::BASE_V57.zip::BASE_V56.zip::BASE_V55.zip::BASE_V54.zip,zip,evidenceledgercicloajustev54csv,9
FRONTERA_CICLO_AJUSTE_V63_FOUR_LEG_PASS_CLOSED_NETWORK_GATE(4).zip,FUENTES_V54.md,FUENTES_V54.md,1899,881832952,FRONTERA_CICLO_AJUSTE_V63_FOUR_LEG_PASS_CLOSED_NETWORK_GATE(4).zip::BASE_V62.zip::BASE_V61.zip::BASE_V60.zip::BASE_V59.zip::BASE_V58.zip::BASE_V57.zip::BASE_V56.zip::BASE_V55.zip::BASE_V54.zip,zip,fuentesv54md,9
FRONTERA_CICLO_AJUSTE_V63_FOUR_LEG_PASS_CLOSED_NETWORK_GATE(4).zip,FX_GROSS_RESULT_BRIDGE_V54.csv,FX_GROSS_RESULT_BRIDGE_V54.csv,1199,3402975375,FRONTERA_CICLO_AJUSTE_V63_FOUR_LEG_PASS_CLOSED_NETWORK_GATE(4).zip::BASE_V62.zip::BASE_V61.zip::BASE_V60.zip::BASE_V59.zip::BASE_V58.zip::BASE_V57.zip::BASE_V56.zip::BASE_V55.zip::BASE_V54.zip,zip,fxgrossresultbridgev54csv,9
FRONTERA_CICLO_AJUSTE_V63_FOUR_LEG_PASS_CLOSED_NETWORK_GATE(4).zip,INTEREST_INCOME_ACCOUNTING_BRIDGE_V54.csv,INTEREST_INCOME_ACCOUNTING_BRIDGE_V54.csv,1406,1355639883,FRONTERA_CICLO_AJUSTE_V63_FOUR_LEG_PASS_CLOSED_NETWORK_GATE(4).zip::BASE_V62.zip::BASE_V61.zip::BASE_V60.zip::BASE_V59.zip::BASE_V58.zip::BASE_V57.zip::BASE_V56.zip::BASE_V55.zip::BASE_V54.zip,zip,interestincomeaccountingbridgev54csv,9
FRONTERA_CICLO_AJUSTE_V63_FOUR_LEG_PASS_CLOSED_NETWORK_GATE(4).zip,MANIFEST_V54.json,MANIFEST_V54.json,3560,650712362,FRONTERA_CICLO_AJUSTE_V63_FOUR_LEG_PASS_CLOSED_NETWORK_GATE(4).zip::BASE_V62.zip::BASE_V61.zip::BASE_V60.zip::BASE_V59.zip::BASE_V58.zip::BASE_V57.zip::BASE_V56.zip::BASE_V55.zip::BASE_V54.zip,zip,manifestv54json,9
FRONTERA_CICLO_AJUSTE_V63_FOUR_LEG_PASS_CLOSED_NETWORK_GATE(4).zip,PROMPT_CODEX_V55_BYTE_MATERIALIZATION_AND_SUBACCOUNT_RECONCILIATION.md,PROMPT_CODEX_V55_BYTE_MATERIALIZATION_AND_SUBACCOUNT_RECONCILIATION.md,3086,444971051,FRONTERA_CICLO_AJUSTE_V63_FOUR_LEG_PASS_CLOSED_NETWORK_GATE(4).zip::BASE_V62.zip::BASE_V61.zip::BASE_V60.zip::BASE_V59.zip::BASE_V58.zip::BASE_V57.zip::BASE_V56.zip::BASE_V55.zip::BASE_V54.zip,zip,promptcodexv55bytematerializationandsubaccountreconciliationmd,9
FRONTERA_CICLO_AJUSTE_V63_FOUR_LEG_PASS_CLOSED_NETWORK_GATE(4).zip,Q4_2023_JOINT_COUNTERPARTY_PARTITION_V54.csv,Q4_2023_JOINT_COUNTERPARTY_PARTITION_V54.csv,1218,3873685717,FRONTERA_CICLO_AJUSTE_V63_FOUR_LEG_PASS_CLOSED_NETWORK_GATE(4).zip::BASE_V62.zip::BASE_V61.zip::BASE_V60.zip::BASE_V59.zip::BASE_V58.zip::BASE_V57.zip::BASE_V56.zip::BASE_V55.zip::BASE_V54.zip,zip,q42023jointcounterpartypartitionv54csv,9
FRONTERA_CICLO_AJUSTE_V63_FOUR_LEG_PASS_CLOSED_NETWORK_GATE(4).zip,QA_RESULT_V54.txt,QA_RESULT_V54.txt,5,3256905966,FRONTERA_CICLO_AJUSTE_V63_FOUR_LEG_PASS_CLOSED_NETWORK_GATE(4).zip::BASE_V62.zip::BASE_V61.zip::BASE_V60.zip::BASE_V59.zip::BASE_V58.zip::BASE_V57.zip::BASE_V56.zip::BASE_V55.zip::BASE_V54.zip,zip,qaresultv54txt,9
FRONTERA_CICLO_AJUSTE_V63_FOUR_LEG_PASS_CLOSED_NETWORK_GATE(4).zip,RAW_SOURCE_MANIFEST_V54.csv,RAW_SOURCE_MANIFEST_V54.csv,4086,3355249895,FRONTERA_CICLO_AJUSTE_V63_FOUR_LEG_PASS_CLOSED_NETWORK_GATE(4).zip::BASE_V62.zip::BASE_V61.zip::BASE_V60.zip::BASE_V59.zip::BASE_V58.zip::BASE_V57.zip::BASE_V56.zip::BASE_V55.zip::BASE_V54.zip,zip,rawsourcemanifestv54csv,9
FRONTERA_CICLO_AJUSTE_V63_FOUR_LEG_PASS_CLOSED_NETWORK_GATE(4).zip,README_V54.md,README_V54.md,1151,557525011,FRONTERA_CICLO_AJUSTE_V63_FOUR_LEG_PASS_CLOSED_NETWORK_GATE(4).zip::BASE_V62.zip::BASE_V61.zip::BASE_V60.zip::BASE_V59.zip::BASE_V58.zip::BASE_V57.zip::BASE_V56.zip::BASE_V55.zip::BASE_V54.zip,zip,readmev54md,9
FRONTERA_CICLO_AJUSTE_V63_FOUR_LEG_PASS_CLOSED_NETWORK_GATE(4).zip,SECURITIES_RESULT_BRIDGE_V54.csv,SECURITIES_RESULT_BRIDGE_V54.csv,1403,4022876793,FRONTERA_CICLO_AJUSTE_V63_FOUR_LEG_PASS_CLOSED_NETWORK_GATE(4).zip::BASE_V62.zip::BASE_V61.zip::BASE_V60.zip::BASE_V59.zip::BASE_V58.zip::BASE_V57.zip::BASE_V56.zip::BASE_V55.zip::BASE_V54.zip,zip,securitiesresultbridgev54csv,9
FRONTERA_CICLO_AJUSTE_V63_FOUR_LEG_PASS_CLOSED_NETWORK_GATE(4).zip,VEREDICTO_MICRODATA_BRIDGE_V54.md,VEREDICTO_MICRODATA_BRIDGE_V54.md,2066,3936993609,FRONTERA_CICLO_AJUSTE_V63_FOUR_LEG_PASS_CLOSED_NETWORK_GATE(4).zip::BASE_V62.zip::BASE_V61.zip::BASE_V60.zip::BASE_V59.zip::BASE_V58.zip::BASE_V57.zip::BASE_V56.zip::BASE_V55.zip::BASE_V54.zip,zip,veredictomicrodatabridgev54md,9
FRONTERA_CICLO_AJUSTE_V63_FOUR_LEG_PASS_CLOSED_NETWORK_GATE(4).zip,qa_v54.py,qa_v54.py,1477,1824512938,FRONTERA_CICLO_AJUSTE_V63_FOUR_LEG_PASS_CLOSED_NETWORK_GATE(4).zip::BASE_V62.zip::BASE_V61.zip::BASE_V60.zip::BASE_V59.zip::BASE_V58.zip::BASE_V57.zip::BASE_V56.zip::BASE_V55.zip::BASE_V54.zip,zip,qav54py,9
FRONTERA_CICLO_AJUSTE_V63_FOUR_LEG_PASS_CLOSED_NETWORK_GATE(4).zip,CER_GROSS_RECONCILIATION_V55.csv,CER_GROSS_RECONCILIATION_V55.csv,769,424658597,FRONTERA_CICLO_AJUSTE_V63_FOUR_LEG_PASS_CLOSED_NETWORK_GATE(4).zip::BASE_V62.zip::BASE_V61.zip::BASE_V60.zip::BASE_V59.zip::BASE_V58.zip::BASE_V57.zip::BASE_V56.zip::BASE_V55.zip,zip,cergrossreconciliationv55csv,8
FRONTERA_CICLO_AJUSTE_V63_FOUR_LEG_PASS_CLOSED_NETWORK_GATE(4).zip,COUNTERPARTY_AXIS_V55.csv,COUNTERPARTY_AXIS_V55.csv,783,1856850215,FRONTERA_CICLO_AJUSTE_V63_FOUR_LEG_PASS_CLOSED_NETWORK_GATE(4).zip::BASE_V62.zip::BASE_V61.zip::BASE_V60.zip::BASE_V59.zip::BASE_V58.zip::BASE_V57.zip::BASE_V56.zip::BASE_V55.zip,zip,counterpartyaxisv55csv,8
FRONTERA_CICLO_AJUSTE_V63_FOUR_LEG_PASS_CLOSED_NETWORK_GATE(4).zip,EVIDENCE_LEDGER_CICLO_AJUSTE_V55.csv,EVIDENCE_LEDGER_CICLO_AJUSTE_V55.csv,37476,769167957,FRONTERA_CICLO_AJUSTE_V63_FOUR_LEG_PASS_CLOSED_NETWORK_GATE(4).zip::BASE_V62.zip::BASE_V61.zip::BASE_V60.zip::BASE_V59.zip::BASE_V58.zip::BASE_V57.zip::BASE_V56.zip::BASE_V55.zip,zip,evidenceledgercicloajustev55csv,8
FRONTERA_CICLO_AJUSTE_V63_FOUR_LEG_PASS_CLOSED_NETWORK_GATE(4).zip,FUENTES_V55.md,FUENTES_V55.md,1595,2045476171,FRONTERA_CICLO_AJUSTE_V63_FOUR_LEG_PASS_CLOSED_NETWORK_GATE(4).zip::BASE_V62.zip::BASE_V61.zip::BASE_V60.zip::BASE_V59.zip::BASE_V58.zip::BASE_V57.zip::BASE_V56.zip::BASE_V55.zip,zip,fuentesv55md,8
FRONTERA_CICLO_AJUSTE_V63_FOUR_LEG_PASS_CLOSED_NETWORK_GATE(4).zip,FX_MODE_RECONCILIATION_V55.csv,FX_MODE_RECONCILIATION_V55.csv,748,1599154258,FRONTERA_CICLO_AJUSTE_V63_FOUR_LEG_PASS_CLOSED_NETWORK_GATE(4).zip::BASE_V62.zip::BASE_V61.zip::BASE_V60.zip::BASE_V59.zip::BASE_V58.zip::BASE_V57.zip::BASE_V56.zip::BASE_V55.zip,zip,fxmodereconciliationv55csv,8
FRONTERA_CICLO_AJUSTE_V63_FOUR_LEG_PASS_CLOSED_NETWORK_GATE(4).zip,INTEREST_SECTOR_RECONCILIATION_V55.csv,INTEREST_SECTOR_RECONCILIATION_V55.csv,1148,1522993080,FRONTERA_CICLO_AJUSTE_V63_FOUR_LEG_PASS_CLOSED_NETWORK_GATE(4).zip::BASE_V62.zip::BASE_V61.zip::BASE_V60.zip::BASE_V59.zip::BASE_V58.zip::BASE_V57.zip::BASE_V56.zip::BASE_V55.zip,zip,interestsectorreconciliationv55csv,8
FRONTERA_CICLO_AJUSTE_V63_FOUR_LEG_PASS_CLOSED_NETWORK_GATE(4).zip,MANIFEST_V55.json,MANIFEST_V55.json,727,4094365357,FRONTERA_CICLO_AJUSTE_V63_FOUR_LEG_PASS_CLOSED_NETWORK_GATE(4).zip::BASE_V62.zip::BASE_V61.zip::BASE_V60.zip::BASE_V59.zip::BASE_V58.zip::BASE_V57.zip::BASE_V56.zip::BASE_V55.zip,zip,manifestv55json,8
FRONTERA_CICLO_AJUSTE_V63_FOUR_LEG_PASS_CLOSED_NETWORK_GATE(4).zip,PROMPT_CODEX_V56_SERIES_VALUES_AND_NIIF_BRIDGE.md,PROMPT_CODEX_V56_SERIES_VALUES_AND_NIIF_BRIDGE.md,2013,3247092477,FRONTERA_CICLO_AJUSTE_V63_FOUR_LEG_PASS_CLOSED_NETWORK_GATE(4).zip::BASE_V62.zip::BASE_V61.zip::BASE_V60.zip::BASE_V59.zip::BASE_V58.zip::BASE_V57.zip::BASE_V56.zip::BASE_V55.zip,zip,promptcodexv56seriesvaluesandniifbridgemd,8
FRONTERA_CICLO_AJUSTE_V63_FOUR_LEG_PASS_CLOSED_NETWORK_GATE(4).zip,QA_RESULT_V55.txt,QA_RESULT_V55.txt,9,2796055921,FRONTERA_CICLO_AJUSTE_V63_FOUR_LEG_PASS_CLOSED_NETWORK_GATE(4).zip::BASE_V62.zip::BASE_V61.zip::BASE_V60.zip::BASE_V59.zip::BASE_V58.zip::BASE_V57.zip::BASE_V56.zip::BASE_V55.zip,zip,qaresultv55txt,8
FRONTERA_CICLO_AJUSTE_V63_FOUR_LEG_PASS_CLOSED_NETWORK_GATE(4).zip,RAW_BYTES_MANIFEST_V55.csv,RAW_BYTES_MANIFEST_V55.csv,4441,3653712268,FRONTERA_CICLO_AJUSTE_V63_FOUR_LEG_PASS_CLOSED_NETWORK_GATE(4).zip::BASE_V62.zip::BASE_V61.zip::BASE_V60.zip::BASE_V59.zip::BASE_V58.zip::BASE_V57.zip::BASE_V56.zip::BASE_V55.zip,zip,rawbytesmanifestv55csv,8
FRONTERA_CICLO_AJUSTE_V63_FOUR_LEG_PASS_CLOSED_NETWORK_GATE(4).zip,README_V55.md,README_V55.md,716,2765300277,FRONTERA_CICLO_AJUSTE_V63_FOUR_LEG_PASS_CLOSED_NETWORK_GATE(4).zip::BASE_V62.zip::BASE_V61.zip::BASE_V60.zip::BASE_V59.zip::BASE_V58.zip::BASE_V57.zip::BASE_V56.zip::BASE_V55.zip,zip,readmev55md,8
FRONTERA_CICLO_AJUSTE_V63_FOUR_LEG_PASS_CLOSED_NETWORK_GATE(4).zip,SECURITIES_RECONCILIATION_V55.csv,SECURITIES_RECONCILIATION_V55.csv,942,84094729,FRONTERA_CICLO_AJUSTE_V63_FOUR_LEG_PASS_CLOSED_NETWORK_GATE(4).zip::BASE_V62.zip::BASE_V61.zip::BASE_V60.zip::BASE_V59.zip::BASE_V58.zip::BASE_V57.zip::BASE_V56.zip::BASE_V55.zip,zip,securitiesreconciliationv55csv,8
FRONTERA_CICLO_AJUSTE_V63_FOUR_LEG_PASS_CLOSED_NETWORK_GATE(4).zip,SUBACCOUNT_DICTIONARY_V55.csv,SUBACCOUNT_DICTIONARY_V55.csv,15084,151416654,FRONTERA_CICLO_AJUSTE_V63_FOUR_LEG_PASS_CLOSED_NETWORK_GATE(4).zip::BASE_V62.zip::BASE_V61.zip::BASE_V60.zip::BASE_V59.zip::BASE_V58.zip::BASE_V57.zip::BASE_V56.zip::BASE_V55.zip,zip,subaccountdictionaryv55csv,8
FRONTERA_CICLO_AJUSTE_V63_FOUR_LEG_PASS_CLOSED_NETWORK_GATE(4).zip,VEREDICTO_RECONCILIACION_V55.md,VEREDICTO_RECONCILIACION_V55.md,2726,243150298,FRONTERA_CICLO_AJUSTE_V63_FOUR_LEG_PASS_CLOSED_NETWORK_GATE(4).zip::BASE_V62.zip::BASE_V61.zip::BASE_V60.zip::BASE_V59.zip::BASE_V58.zip::BASE_V57.zip::BASE_V56.zip::BASE_V55.zip,zip,veredictoreconciliacionv55md,8
FRONTERA_CICLO_AJUSTE_V63_FOUR_LEG_PASS_CLOSED_NETWORK_GATE(4).zip,qa_v55.py,qa_v55.py,1149,434940574,FRONTERA_CICLO_AJUSTE_V63_FOUR_LEG_PASS_CLOSED_NETWORK_GATE(4).zip::BASE_V62.zip::BASE_V61.zip::BASE_V60.zip::BASE_V59.zip::BASE_V58.zip::BASE_V57.zip::BASE_V56.zip::BASE_V55.zip,zip,qav55py,8
FRONTERA_CICLO_AJUSTE_V63_FOUR_LEG_PASS_CLOSED_NETWORK_GATE(4).zip,raw_cache/es_series.txt,es_series.txt,5827774,748657357,FRONTERA_CICLO_AJUSTE_V63_FOUR_LEG_PASS_CLOSED_NETWORK_GATE(4).zip::BASE_V62.zip::BASE_V61.zip::BASE_V60.zip::BASE_V59.zip::BASE_V58.zip::BASE_V57.zip::BASE_V56.zip::BASE_V55.zip,zip,esseriestxt,8
FRONTERA_CICLO_AJUSTE_V63_FOUR_LEG_PASS_CLOSED_NETWORK_GATE(4).zip,MANIFEST_V56.json,MANIFEST_V56.json,3938,1448856948,FRONTERA_CICLO_AJUSTE_V63_FOUR_LEG_PASS_CLOSED_NETWORK_GATE(4).zip::BASE_V62.zip::BASE_V61.zip::BASE_V60.zip::BASE_V59.zip::BASE_V58.zip::BASE_V57.zip::BASE_V56.zip,zip,manifestv56json,7
FRONTERA_CICLO_AJUSTE_V63_FOUR_LEG_PASS_CLOSED_NETWORK_GATE(4).zip,qa_v56.py,qa_v56.py,2132,1137530503,FRONTERA_CICLO_AJUSTE_V63_FOUR_LEG_PASS_CLOSED_NETWORK_GATE(4).zip::BASE_V62.zip::BASE_V61.zip::BASE_V60.zip::BASE_V59.zip::BASE_V58.zip::BASE_V57.zip::BASE_V56.zip,zip,qav56py,7
FRONTERA_CICLO_AJUSTE_V63_FOUR_LEG_PASS_CLOSED_NETWORK_GATE(4).zip,COUNTERPARTY_UPDATE_V56.csv,COUNTERPARTY_UPDATE_V56.csv,548,1491076668,FRONTERA_CICLO_AJUSTE_V63_FOUR_LEG_PASS_CLOSED_NETWORK_GATE(4).zip::BASE_V62.zip::BASE_V61.zip::BASE_V60.zip::BASE_V59.zip::BASE_V58.zip::BASE_V57.zip::BASE_V56.zip,zip,counterpartyupdatev56csv,7
FRONTERA_CICLO_AJUSTE_V63_FOUR_LEG_PASS_CLOSED_NETWORK_GATE(4).zip,EVIDENCE_LEDGER_CICLO_AJUSTE_V56.csv,EVIDENCE_LEDGER_CICLO_AJUSTE_V56.csv,39312,3821271819,FRONTERA_CICLO_AJUSTE_V63_FOUR_LEG_PASS_CLOSED_NETWORK_GATE(4).zip::BASE_V62.zip::BASE_V61.zip::BASE_V60.zip::BASE_V59.zip::BASE_V58.zip::BASE_V57.zip::BASE_V56.zip,zip,evidenceledgercicloajustev56csv,7
FRONTERA_CICLO_AJUSTE_V63_FOUR_LEG_PASS_CLOSED_NETWORK_GATE(4).zip,raw_cache/es_series.txt,es_series.txt,5827774,748657357,FRONTERA_CICLO_AJUSTE_V63_FOUR_LEG_PASS_CLOSED_NETWORK_GATE(4).zip::BASE_V62.zip::BASE_V61.zip::BASE_V60.zip::BASE_V59.zip::BASE_V58.zip::BASE_V57.zip::BASE_V56.zip,zip,esseriestxt,7
FRONTERA_CICLO_AJUSTE_V63_FOUR_LEG_PASS_CLOSED_NETWORK_GATE(4).zip,raw_cache/Series_estadisticas.xlsx,Series_estadisticas.xlsx,1507855,1320633598,FRONTERA_CICLO_AJUSTE_V63_FOUR_LEG_PASS_CLOSED_NETWORK_GATE(4).zip::BASE_V62.zip::BASE_V61.zip::BASE_V60.zip::BASE_V59.zip::BASE_V58.zip::BASE_V57.zip::BASE_V56.zip,zip,seriesestadisticasxlsx,7
FRONTERA_CICLO_AJUSTE_V63_FOUR_LEG_PASS_CLOSED_NETWORK_GATE(4).zip,ACCOUNT_EQUIVALENCE_NIIF_V56.csv,ACCOUNT_EQUIVALENCE_NIIF_V56.csv,18940,3566337282,FRONTERA_CICLO_AJUSTE_V63_FOUR_LEG_PASS_CLOSED_NETWORK_GATE(4).zip::BASE_V62.zip::BASE_V61.zip::BASE_V60.zip::BASE_V59.zip::BASE_V58.zip::BASE_V57.zip::BASE_V56.zip,zip,accountequivalenceniifv56csv,7
FRONTERA_CICLO_AJUSTE_V63_FOUR_LEG_PASS_CLOSED_NETWORK_GATE(4).zip,fetch_bcra_v4_values.py,fetch_bcra_v4_values.py,1563,4258899431,FRONTERA_CICLO_AJUSTE_V63_FOUR_LEG_PASS_CLOSED_NETWORK_GATE(4).zip::BASE_V62.zip::BASE_V61.zip::BASE_V60.zip::BASE_V59.zip::BASE_V58.zip::BASE_V57.zip::BASE_V56.zip,zip,fetchbcrav4valuespy,7
FRONTERA_CICLO_AJUSTE_V63_FOUR_LEG_PASS_CLOSED_NETWORK_GATE(4).zip,MONTHLY_SUBACCOUNT_VALUES_2023_V56.csv,MONTHLY_SUBACCOUNT_VALUES_2023_V56.csv,10137,2754513223,FRONTERA_CICLO_AJUSTE_V63_FOUR_LEG_PASS_CLOSED_NETWORK_GATE(4).zip::BASE_V62.zip::BASE_V61.zip::BASE_V60.zip::BASE_V59.zip::BASE_V58.zip::BASE_V57.zip::BASE_V56.zip,zip,monthlysubaccountvalues2023v56csv,7
FRONTERA_CICLO_AJUSTE_V63_FOUR_LEG_PASS_CLOSED_NETWORK_GATE(4).zip,OFFICIAL_CATALOG_SLICE_V56.csv,OFFICIAL_CATALOG_SLICE_V56.csv,17529,2871997340,FRONTERA_CICLO_AJUSTE_V63_FOUR_LEG_PASS_CLOSED_NETWORK_GATE(4).zip::BASE_V62.zip::BASE_V61.zip::BASE_V60.zip::BASE_V59.zip::BASE_V58.zip::BASE_V57.zip::BASE_V56.zip,zip,officialcatalogslicev56csv,7
FRONTERA_CICLO_AJUSTE_V63_FOUR_LEG_PASS_CLOSED_NETWORK_GATE(4).zip,VEREDICTO_V56.md,VEREDICTO_V56.md,1131,786628932,FRONTERA_CICLO_AJUSTE_V63_FOUR_LEG_PASS_CLOSED_NETWORK_GATE(4).zip::BASE_V62.zip::BASE_V61.zip::BASE_V60.zip::BASE_V59.zip::BASE_V58.zip::BASE_V57.zip::BASE_V56.zip,zip,veredictov56md,7
FRONTERA_CICLO_AJUSTE_V63_FOUR_LEG_PASS_CLOSED_NETWORK_GATE(4).zip,COUNTERPARTY_UPDATE_V57.csv,COUNTERPARTY_UPDATE_V57.csv,782,2916305718,FRONTERA_CICLO_AJUSTE_V63_FOUR_LEG_PASS_CLOSED_NETWORK_GATE(4).zip::BASE_V62.zip::BASE_V61.zip::BASE_V60.zip::BASE_V59.zip::BASE_V58.zip::BASE_V57.zip,zip,counterpartyupdatev57csv,6
FRONTERA_CICLO_AJUSTE_V63_FOUR_LEG_PASS_CLOSED_NETWORK_GATE(4).zip,EVIDENCE_LEDGER_CICLO_AJUSTE_V57.csv,EVIDENCE_LEDGER_CICLO_AJUSTE_V57.csv,41708,3650130693,FRONTERA_CICLO_AJUSTE_V63_FOUR_LEG_PASS_CLOSED_NETWORK_GATE(4).zip::BASE_V62.zip::BASE_V61.zip::BASE_V60.zip::BASE_V59.zip::BASE_V58.zip::BASE_V57.zip,zip,evidenceledgercicloajustev57csv,6
FRONTERA_CICLO_AJUSTE_V63_FOUR_LEG_PASS_CLOSED_NETWORK_GATE(4).zip,FUENTES_V57.md,FUENTES_V57.md,2126,1816966930,FRONTERA_CICLO_AJUSTE_V63_FOUR_LEG_PASS_CLOSED_NETWORK_GATE(4).zip::BASE_V62.zip::BASE_V61.zip::BASE_V60.zip::BASE_V59.zip::BASE_V58.zip::BASE_V57.zip,zip,fuentesv57md,6
FRONTERA_CICLO_AJUSTE_V63_FOUR_LEG_PASS_CLOSED_NETWORK_GATE(4).zip,IPC_RESTATEMENT_COEFFICIENTS_V57.csv,IPC_RESTATEMENT_COEFFICIENTS_V57.csv,735,2429051065,FRONTERA_CICLO_AJUSTE_V63_FOUR_LEG_PASS_CLOSED_NETWORK_GATE(4).zip::BASE_V62.zip::BASE_V61.zip::BASE_V60.zip::BASE_V59.zip::BASE_V58.zip::BASE_V57.zip,zip,ipcrestatementcoefficientsv57csv,6
FRONTERA_CICLO_AJUSTE_V63_FOUR_LEG_PASS_CLOSED_NETWORK_GATE(4).zip,MANIFEST_V57.json,MANIFEST_V57.json,3226,3808868569,FRONTERA_CICLO_AJUSTE_V63_FOUR_LEG_PASS_CLOSED_NETWORK_GATE(4).zip::BASE_V62.zip::BASE_V61.zip::BASE_V60.zip::BASE_V59.zip::BASE_V58.zip::BASE_V57.zip,zip,manifestv57json,6
FRONTERA_CICLO_AJUSTE_V63_FOUR_LEG_PASS_CLOSED_NETWORK_GATE(4).zip,MONTHLY_SUBACCOUNT_VALUES_2023_V57.csv,MONTHLY_SUBACCOUNT_VALUES_2023_V57.csv,25977,3395576089,FRONTERA_CICLO_AJUSTE_V63_FOUR_LEG_PASS_CLOSED_NETWORK_GATE(4).zip::BASE_V62.zip::BASE_V61.zip::BASE_V60.zip::BASE_V59.zip::BASE_V58.zip::BASE_V57.zip,zip,monthlysubaccountvalues2023v57csv,6
FRONTERA_CICLO_AJUSTE_V63_FOUR_LEG_PASS_CLOSED_NETWORK_GATE(4).zip,NOMINAL_RECONCILIATION_V57.csv,NOMINAL_RECONCILIATION_V57.csv,5092,2497660867,FRONTERA_CICLO_AJUSTE_V63_FOUR_LEG_PASS_CLOSED_NETWORK_GATE(4).zip::BASE_V62.zip::BASE_V61.zip::BASE_V60.zip::BASE_V59.zip::BASE_V58.zip::BASE_V57.zip,zip,nominalreconciliationv57csv,6
FRONTERA_CICLO_AJUSTE_V63_FOUR_LEG_PASS_CLOSED_NETWORK_GATE(4).zip,POST2020_ACCUMULATED_RESULTS_V57.csv,POST2020_ACCUMULATED_RESULTS_V57.csv,5395,589873153,FRONTERA_CICLO_AJUSTE_V63_FOUR_LEG_PASS_CLOSED_NETWORK_GATE(4).zip::BASE_V62.zip::BASE_V61.zip::BASE_V60.zip::BASE_V59.zip::BASE_V58.zip::BASE_V57.zip,zip,post2020accumulatedresultsv57csv,6
FRONTERA_CICLO_AJUSTE_V63_FOUR_LEG_PASS_CLOSED_NETWORK_GATE(4).zip,PP_TARGET_RECONCILIATION_V57.csv,PP_TARGET_RECONCILIATION_V57.csv,1495,817158950,FRONTERA_CICLO_AJUSTE_V63_FOUR_LEG_PASS_CLOSED_NETWORK_GATE(4).zip::BASE_V62.zip::BASE_V61.zip::BASE_V60.zip::BASE_V59.zip::BASE_V58.zip::BASE_V57.zip,zip,pptargetreconciliationv57csv,6
FRONTERA_CICLO_AJUSTE_V63_FOUR_LEG_PASS_CLOSED_NETWORK_GATE(4).zip,PROMPT_CODEX_V58_MODERN_XLSX_SUBACCOUNT_BRIDGE.md,PROMPT_CODEX_V58_MODERN_XLSX_SUBACCOUNT_BRIDGE.md,2340,2934801191,FRONTERA_CICLO_AJUSTE_V63_FOUR_LEG_PASS_CLOSED_NETWORK_GATE(4).zip::BASE_V62.zip::BASE_V61.zip::BASE_V60.zip::BASE_V59.zip::BASE_V58.zip::BASE_V57.zip,zip,promptcodexv58modernxlsxsubaccountbridgemd,6
FRONTERA_CICLO_AJUSTE_V63_FOUR_LEG_PASS_CLOSED_NETWORK_GATE(4).zip,PUBLICATION_REGIME_CORRECTION_V57.csv,PUBLICATION_REGIME_CORRECTION_V57.csv,1047,489099765,FRONTERA_CICLO_AJUSTE_V63_FOUR_LEG_PASS_CLOSED_NETWORK_GATE(4).zip::BASE_V62.zip::BASE_V61.zip::BASE_V60.zip::BASE_V59.zip::BASE_V58.zip::BASE_V57.zip,zip,publicationregimecorrectionv57csv,6
FRONTERA_CICLO_AJUSTE_V63_FOUR_LEG_PASS_CLOSED_NETWORK_GATE(4).zip,QA_RESULT_V57.txt,QA_RESULT_V57.txt,5,3256905966,FRONTERA_CICLO_AJUSTE_V63_FOUR_LEG_PASS_CLOSED_NETWORK_GATE(4).zip::BASE_V62.zip::BASE_V61.zip::BASE_V60.zip::BASE_V59.zip::BASE_V58.zip::BASE_V57.zip,zip,qaresultv57txt,6
FRONTERA_CICLO_AJUSTE_V63_FOUR_LEG_PASS_CLOSED_NETWORK_GATE(4).zip,RAW_API_MANIFEST_V57.csv,RAW_API_MANIFEST_V57.csv,2703,2211353470,FRONTERA_CICLO_AJUSTE_V63_FOUR_LEG_PASS_CLOSED_NETWORK_GATE(4).zip::BASE_V62.zip::BASE_V61.zip::BASE_V60.zip::BASE_V59.zip::BASE_V58.zip::BASE_V57.zip,zip,rawapimanifestv57csv,6
FRONTERA_CICLO_AJUSTE_V63_FOUR_LEG_PASS_CLOSED_NETWORK_GATE(4).zip,README_V57.md,README_V57.md,704,3216325338,FRONTERA_CICLO_AJUSTE_V63_FOUR_LEG_PASS_CLOSED_NETWORK_GATE(4).zip::BASE_V62.zip::BASE_V61.zip::BASE_V60.zip::BASE_V59.zip::BASE_V58.zip::BASE_V57.zip,zip,readmev57md,6
FRONTERA_CICLO_AJUSTE_V63_FOUR_LEG_PASS_CLOSED_NETWORK_GATE(4).zip,VEREDICTO_V57.md,VEREDICTO_V57.md,1172,2202516161,FRONTERA_CICLO_AJUSTE_V63_FOUR_LEG_PASS_CLOSED_NETWORK_GATE(4).zip::BASE_V62.zip::BASE_V61.zip::BASE_V60.zip::BASE_V59.zip::BASE_V58.zip::BASE_V57.zip,zip,veredictov57md,6
FRONTERA_CICLO_AJUSTE_V63_FOUR_LEG_PASS_CLOSED_NETWORK_GATE(4).zip,qa_v57.py,qa_v57.py,1568,1949318899,FRONTERA_CICLO_AJUSTE_V63_FOUR_LEG_PASS_CLOSED_NETWORK_GATE(4).zip::BASE_V62.zip::BASE_V61.zip::BASE_V60.zip::BASE_V59.zip::BASE_V58.zip::BASE_V57.zip,zip,qav57py,6
FRONTERA_CICLO_AJUSTE_V63_FOUR_LEG_PASS_CLOSED_NETWORK_GATE(4).zip,FX_CER_PASSES_BRIDGE_V58.csv,FX_CER_PASSES_BRIDGE_V58.csv,669,2202966174,FRONTERA_CICLO_AJUSTE_V63_FOUR_LEG_PASS_CLOSED_NETWORK_GATE(4).zip::BASE_V62.zip::BASE_V61.zip::BASE_V60.zip::BASE_V59.zip::BASE_V58.zip,zip,fxcerpassesbridgev58csv,5
FRONTERA_CICLO_AJUSTE_V63_FOUR_LEG_PASS_CLOSED_NETWORK_GATE(4).zip,MODERN_SOURCE_SHEET_MAP_V58.csv,MODERN_SOURCE_SHEET_MAP_V58.csv,1848,2207996523,FRONTERA_CICLO_AJUSTE_V63_FOUR_LEG_PASS_CLOSED_NETWORK_GATE(4).zip::BASE_V62.zip::BASE_V61.zip::BASE_V60.zip::BASE_V59.zip::BASE_V58.zip,zip,modernsourcesheetmapv58csv,5
FRONTERA_CICLO_AJUSTE_V63_FOUR_LEG_PASS_CLOSED_NETWORK_GATE(4).zip,VEREDICTO_V58.md,VEREDICTO_V58.md,1255,2498405922,FRONTERA_CICLO_AJUSTE_V63_FOUR_LEG_PASS_CLOSED_NETWORK_GATE(4).zip::BASE_V62.zip::BASE_V61.zip::BASE_V60.zip::BASE_V59.zip::BASE_V58.zip,zip,veredictov58md,5
FRONTERA_CICLO_AJUSTE_V63_FOUR_LEG_PASS_CLOSED_NETWORK_GATE(4).zip,FUENTES_V58.md,FUENTES_V58.md,2826,4167207868,FRONTERA_CICLO_AJUSTE_V63_FOUR_LEG_PASS_CLOSED_NETWORK_GATE(4).zip::BASE_V62.zip::BASE_V61.zip::BASE_V60.zip::BASE_V59.zip::BASE_V58.zip,zip,fuentesv58md,5
FRONTERA_CICLO_AJUSTE_V63_FOUR_LEG_PASS_CLOSED_NETWORK_GATE(4).zip,COUNTERPARTY_UPDATE_V58.csv,COUNTERPARTY_UPDATE_V58.csv,695,3693839775,FRONTERA_CICLO_AJUSTE_V63_FOUR_LEG_PASS_CLOSED_NETWORK_GATE(4).zip::BASE_V62.zip::BASE_V61.zip::BASE_V60.zip::BASE_V59.zip::BASE_V58.zip,zip,counterpartyupdatev58csv,5
FRONTERA_CICLO_AJUSTE_V63_FOUR_LEG_PASS_CLOSED_NETWORK_GATE(4).zip,EVIDENCE_LEDGER_CICLO_AJUSTE_V58.csv,EVIDENCE_LEDGER_CICLO_AJUSTE_V58.csv,43221,25991159,FRONTERA_CICLO_AJUSTE_V63_FOUR_LEG_PASS_CLOSED_NETWORK_GATE(4).zip::BASE_V62.zip::BASE_V61.zip::BASE_V60.zip::BASE_V59.zip::BASE_V58.zip,zip,evidenceledgercicloajustev58csv,5
FRONTERA_CICLO_AJUSTE_V63_FOUR_LEG_PASS_CLOSED_NETWORK_GATE(4).zip,QA_RESULT_V58.txt,QA_RESULT_V58.txt,5,3256905966,FRONTERA_CICLO_AJUSTE_V63_FOUR_LEG_PASS_CLOSED_NETWORK_GATE(4).zip::BASE_V62.zip::BASE_V61.zip::BASE_V60.zip::BASE_V59.zip::BASE_V58.zip,zip,qaresultv58txt,5
FRONTERA_CICLO_AJUSTE_V63_FOUR_LEG_PASS_CLOSED_NETWORK_GATE(4).zip,INTEREST_FLOW_SECTOR_BRIDGE_V58.csv,INTEREST_FLOW_SECTOR_BRIDGE_V58.csv,839,2939175568,FRONTERA_CICLO_AJUSTE_V63_FOUR_LEG_PASS_CLOSED_NETWORK_GATE(4).zip::BASE_V62.zip::BASE_V61.zip::BASE_V60.zip::BASE_V59.zip::BASE_V58.zip,zip,interestflowsectorbridgev58csv,5
FRONTERA_CICLO_AJUSTE_V63_FOUR_LEG_PASS_CLOSED_NETWORK_GATE(4).zip,README_V58.md,README_V58.md,604,3045899320,FRONTERA_CICLO_AJUSTE_V63_FOUR_LEG_PASS_CLOSED_NETWORK_GATE(4).zip::BASE_V62.zip::BASE_V61.zip::BASE_V60.zip::BASE_V59.zip::BASE_V58.zip,zip,readmev58md,5
FRONTERA_CICLO_AJUSTE_V63_FOUR_LEG_PASS_CLOSED_NETWORK_GATE(4).zip,RAW_MODERN_XLSX_MANIFEST_V58.csv,RAW_MODERN_XLSX_MANIFEST_V58.csv,1529,2552249829,FRONTERA_CICLO_AJUSTE_V63_FOUR_LEG_PASS_CLOSED_NETWORK_GATE(4).zip::BASE_V62.zip::BASE_V61.zip::BASE_V60.zip::BASE_V59.zip::BASE_V58.zip,zip,rawmodernxlsxmanifestv58csv,5
FRONTERA_CICLO_AJUSTE_V63_FOUR_LEG_PASS_CLOSED_NETWORK_GATE(4).zip,qa_v58.py,qa_v58.py,1537,4031334256,FRONTERA_CICLO_AJUSTE_V63_FOUR_LEG_PASS_CLOSED_NETWORK_GATE(4).zip::BASE_V62.zip::BASE_V61.zip::BASE_V60.zip::BASE_V59.zip::BASE_V58.zip,zip,qav58py,5
FRONTERA_CICLO_AJUSTE_V63_FOUR_LEG_PASS_CLOSED_NETWORK_GATE(4).zip,PROMPT_CODEX_V59_ENTITY_LEVEL_REAL_MARGIN_BRIDGE.md,PROMPT_CODEX_V59_ENTITY_LEVEL_REAL_MARGIN_BRIDGE.md,2472,3660409110,FRONTERA_CICLO_AJUSTE_V63_FOUR_LEG_PASS_CLOSED_NETWORK_GATE(4).zip::BASE_V62.zip::BASE_V61.zip::BASE_V60.zip::BASE_V59.zip::BASE_V58.zip,zip,promptcodexv59entitylevelrealmarginbridgemd,5
FRONTERA_CICLO_AJUSTE_V63_FOUR_LEG_PASS_CLOSED_NETWORK_GATE(4).zip,AUDITORIA_V58.md,AUDITORIA_V58.md,3346,2630045207,FRONTERA_CICLO_AJUSTE_V63_FOUR_LEG_PASS_CLOSED_NETWORK_GATE(4).zip::BASE_V62.zip::BASE_V61.zip::BASE_V60.zip::BASE_V59.zip::BASE_V58.zip,zip,auditoriav58md,5
FRONTERA_CICLO_AJUSTE_V63_FOUR_LEG_PASS_CLOSED_NETWORK_GATE(4).zip,MANIFEST_V58.json,MANIFEST_V58.json,878,2063404822,FRONTERA_CICLO_AJUSTE_V63_FOUR_LEG_PASS_CLOSED_NETWORK_GATE(4).zip::BASE_V62.zip::BASE_V61.zip::BASE_V60.zip::BASE_V59.zip::BASE_V58.zip,zip,manifestv58json,5
FRONTERA_CICLO_AJUSTE_V63_FOUR_LEG_PASS_CLOSED_NETWORK_GATE(4).zip,SECURITIES_ISSUER_RESULT_BRIDGE_V58.csv,SECURITIES_ISSUER_RESULT_BRIDGE_V58.csv,981,2991295667,FRONTERA_CICLO_AJUSTE_V63_FOUR_LEG_PASS_CLOSED_NETWORK_GATE(4).zip::BASE_V62.zip::BASE_V61.zip::BASE_V60.zip::BASE_V59.zip::BASE_V58.zip,zip,securitiesissuerresultbridgev58csv,5
FRONTERA_CICLO_AJUSTE_V63_FOUR_LEG_PASS_CLOSED_NETWORK_GATE(4).zip,QA_RESULT_V59.txt,QA_RESULT_V59.txt,5,3256905966,FRONTERA_CICLO_AJUSTE_V63_FOUR_LEG_PASS_CLOSED_NETWORK_GATE(4).zip::BASE_V62.zip::BASE_V61.zip::BASE_V60.zip::BASE_V59.zip,zip,qaresultv59txt,4
FRONTERA_CICLO_AJUSTE_V63_FOUR_LEG_PASS_CLOSED_NETWORK_GATE(4).zip,PROMPT_CODEX_V60_ANNUAL_AQ_SYSTEM_RECONCILIATION.md,PROMPT_CODEX_V60_ANNUAL_AQ_SYSTEM_RECONCILIATION.md,2721,2357846522,FRONTERA_CICLO_AJUSTE_V63_FOUR_LEG_PASS_CLOSED_NETWORK_GATE(4).zip::BASE_V62.zip::BASE_V61.zip::BASE_V60.zip::BASE_V59.zip,zip,promptcodexv60annualaqsystemreconciliationmd,4
FRONTERA_CICLO_AJUSTE_V63_FOUR_LEG_PASS_CLOSED_NETWORK_GATE(4).zip,EVIDENCE_LEDGER_CICLO_AJUSTE_V59.csv,EVIDENCE_LEDGER_CICLO_AJUSTE_V59.csv,45300,2905811972,FRONTERA_CICLO_AJUSTE_V63_FOUR_LEG_PASS_CLOSED_NETWORK_GATE(4).zip::BASE_V62.zip::BASE_V61.zip::BASE_V60.zip::BASE_V59.zip,zip,evidenceledgercicloajustev59csv,4
FRONTERA_CICLO_AJUSTE_V63_FOUR_LEG_PASS_CLOSED_NETWORK_GATE(4).zip,qa_v59.py,qa_v59.py,1599,990225047,FRONTERA_CICLO_AJUSTE_V63_FOUR_LEG_PASS_CLOSED_NETWORK_GATE(4).zip::BASE_V62.zip::BASE_V61.zip::BASE_V60.zip::BASE_V59.zip,zip,qav59py,4
FRONTERA_CICLO_AJUSTE_V63_FOUR_LEG_PASS_CLOSED_NETWORK_GATE(4).zip,AUDITORIA_V59.md,AUDITORIA_V59.md,6227,970565096,FRONTERA_CICLO_AJUSTE_V63_FOUR_LEG_PASS_CLOSED_NETWORK_GATE(4).zip::BASE_V62.zip::BASE_V61.zip::BASE_V60.zip::BASE_V59.zip,zip,auditoriav59md,4
FRONTERA_CICLO_AJUSTE_V63_FOUR_LEG_PASS_CLOSED_NETWORK_GATE(4).zip,COUNTERPARTY_UPDATE_V59.csv,COUNTERPARTY_UPDATE_V59.csv,1111,661044847,FRONTERA_CICLO_AJUSTE_V63_FOUR_LEG_PASS_CLOSED_NETWORK_GATE(4).zip::BASE_V62.zip::BASE_V61.zip::BASE_V60.zip::BASE_V59.zip,zip,counterpartyupdatev59csv,4
FRONTERA_CICLO_AJUSTE_V63_FOUR_LEG_PASS_CLOSED_NETWORK_GATE(4).zip,FX_CER_PASSES_FLOW_V59.csv,FX_CER_PASSES_FLOW_V59.csv,1003,2808764338,FRONTERA_CICLO_AJUSTE_V63_FOUR_LEG_PASS_CLOSED_NETWORK_GATE(4).zip::BASE_V62.zip::BASE_V61.zip::BASE_V60.zip::BASE_V59.zip,zip,fxcerpassesflowv59csv,4
FRONTERA_CICLO_AJUSTE_V63_FOUR_LEG_PASS_CLOSED_NETWORK_GATE(4).zip,FUENTES_V59.md,FUENTES_V59.md,1815,1602664242,FRONTERA_CICLO_AJUSTE_V63_FOUR_LEG_PASS_CLOSED_NETWORK_GATE(4).zip::BASE_V62.zip::BASE_V61.zip::BASE_V60.zip::BASE_V59.zip,zip,fuentesv59md,4
FRONTERA_CICLO_AJUSTE_V63_FOUR_LEG_PASS_CLOSED_NETWORK_GATE(4).zip,POST_NIIF_SUBACCOUNT_MAP_V59.csv,POST_NIIF_SUBACCOUNT_MAP_V59.csv,3652,3459050816,FRONTERA_CICLO_AJUSTE_V63_FOUR_LEG_PASS_CLOSED_NETWORK_GATE(4).zip::BASE_V62.zip::BASE_V61.zip::BASE_V60.zip::BASE_V59.zip,zip,postniifsubaccountmapv59csv,4
FRONTERA_CICLO_AJUSTE_V63_FOUR_LEG_PASS_CLOSED_NETWORK_GATE(4).zip,COUNTERPARTY_UPDATE_V60.csv,COUNTERPARTY_UPDATE_V60.csv,1036,3895427239,FRONTERA_CICLO_AJUSTE_V63_FOUR_LEG_PASS_CLOSED_NETWORK_GATE(4).zip::BASE_V62.zip::BASE_V61.zip::BASE_V60.zip,zip,counterpartyupdatev60csv,3
FRONTERA_CICLO_AJUSTE_V63_FOUR_LEG_PASS_CLOSED_NETWORK_GATE(4).zip,ENTITY_Q4_AQ_BRIDGE_V60.csv,ENTITY_Q4_AQ_BRIDGE_V60.csv,2617,695357644,FRONTERA_CICLO_AJUSTE_V63_FOUR_LEG_PASS_CLOSED_NETWORK_GATE(4).zip::BASE_V62.zip::BASE_V61.zip::BASE_V60.zip,zip,entityq4aqbridgev60csv,3
FRONTERA_CICLO_AJUSTE_V63_FOUR_LEG_PASS_CLOSED_NETWORK_GATE(4).zip,EVIDENCE_LEDGER_CICLO_AJUSTE_V60.csv,EVIDENCE_LEDGER_CICLO_AJUSTE_V60.csv,45977,321594245,FRONTERA_CICLO_AJUSTE_V63_FOUR_LEG_PASS_CLOSED_NETWORK_GATE(4).zip::BASE_V62.zip::BASE_V61.zip::BASE_V60.zip,zip,evidenceledgercicloajustev60csv,3
FRONTERA_CICLO_AJUSTE_V63_FOUR_LEG_PASS_CLOSED_NETWORK_GATE(4).zip,FUENTES_V60.md,FUENTES_V60.md,456,3010152713,FRONTERA_CICLO_AJUSTE_V63_FOUR_LEG_PASS_CLOSED_NETWORK_GATE(4).zip::BASE_V62.zip::BASE_V61.zip::BASE_V60.zip,zip,fuentesv60md,3
FRONTERA_CICLO_AJUSTE_V63_FOUR_LEG_PASS_CLOSED_NETWORK_GATE(4).zip,HOUSEHOLD_LIKE_INTEREST_ANNUAL_V60.csv,HOUSEHOLD_LIKE_INTEREST_ANNUAL_V60.csv,824,1360227913,FRONTERA_CICLO_AJUSTE_V63_FOUR_LEG_PASS_CLOSED_NETWORK_GATE(4).zip::BASE_V62.zip::BASE_V61.zip::BASE_V60.zip,zip,householdlikeinterestannualv60csv,3
FRONTERA_CICLO_AJUSTE_V63_FOUR_LEG_PASS_CLOSED_NETWORK_GATE(4).zip,IPC_REEXPRESSION_V60.csv,IPC_REEXPRESSION_V60.csv,171,2507692037,FRONTERA_CICLO_AJUSTE_V63_FOUR_LEG_PASS_CLOSED_NETWORK_GATE(4).zip::BASE_V62.zip::BASE_V61.zip::BASE_V60.zip,zip,ipcreexpressionv60csv,3
FRONTERA_CICLO_AJUSTE_V63_FOUR_LEG_PASS_CLOSED_NETWORK_GATE(4).zip,MANIFEST_V60.json,MANIFEST_V60.json,3572,4065991227,FRONTERA_CICLO_AJUSTE_V63_FOUR_LEG_PASS_CLOSED_NETWORK_GATE(4).zip::BASE_V62.zip::BASE_V61.zip::BASE_V60.zip,zip,manifestv60json,3
FRONTERA_CICLO_AJUSTE_V63_FOUR_LEG_PASS_CLOSED_NETWORK_GATE(4).zip,PASS_COUNTERPARTY_FALSIFIER_V60.csv,PASS_COUNTERPARTY_FALSIFIER_V60.csv,844,3542592508,FRONTERA_CICLO_AJUSTE_V63_FOUR_LEG_PASS_CLOSED_NETWORK_GATE(4).zip::BASE_V62.zip::BASE_V61.zip::BASE_V60.zip,zip,passcounterpartyfalsifierv60csv,3
FRONTERA_CICLO_AJUSTE_V63_FOUR_LEG_PASS_CLOSED_NETWORK_GATE(4).zip,PROMPT_CODEX_V61_SYSTEM_Q4_AQ_COVERAGE_AND_PASS_NETTING.md,PROMPT_CODEX_V61_SYSTEM_Q4_AQ_COVERAGE_AND_PASS_NETTING.md,848,3347385940,FRONTERA_CICLO_AJUSTE_V63_FOUR_LEG_PASS_CLOSED_NETWORK_GATE(4).zip::BASE_V62.zip::BASE_V61.zip::BASE_V60.zip,zip,promptcodexv61systemq4aqcoverageandpassnettingmd,3
FRONTERA_CICLO_AJUSTE_V63_FOUR_LEG_PASS_CLOSED_NETWORK_GATE(4).zip,QA_RESULT_V60.txt,QA_RESULT_V60.txt,5,3256905966,FRONTERA_CICLO_AJUSTE_V63_FOUR_LEG_PASS_CLOSED_NETWORK_GATE(4).zip::BASE_V62.zip::BASE_V61.zip::BASE_V60.zip,zip,qaresultv60txt,3
FRONTERA_CICLO_AJUSTE_V63_FOUR_LEG_PASS_CLOSED_NETWORK_GATE(4).zip,RAW_ENTITY_2023_MANIFEST_V60.csv,RAW_ENTITY_2023_MANIFEST_V60.csv,500,1466823452,FRONTERA_CICLO_AJUSTE_V63_FOUR_LEG_PASS_CLOSED_NETWORK_GATE(4).zip::BASE_V62.zip::BASE_V61.zip::BASE_V60.zip,zip,rawentity2023manifestv60csv,3
FRONTERA_CICLO_AJUSTE_V63_FOUR_LEG_PASS_CLOSED_NETWORK_GATE(4).zip,README_V60.md,README_V60.md,297,2936266435,FRONTERA_CICLO_AJUSTE_V63_FOUR_LEG_PASS_CLOSED_NETWORK_GATE(4).zip::BASE_V62.zip::BASE_V61.zip::BASE_V60.zip,zip,readmev60md,3
FRONTERA_CICLO_AJUSTE_V63_FOUR_LEG_PASS_CLOSED_NETWORK_GATE(4).zip,SECURITIES_PUBLIC_ISSUER_GATE_V60.csv,SECURITIES_PUBLIC_ISSUER_GATE_V60.csv,586,3902737956,FRONTERA_CICLO_AJUSTE_V63_FOUR_LEG_PASS_CLOSED_NETWORK_GATE(4).zip::BASE_V62.zip::BASE_V61.zip::BASE_V60.zip,zip,securitiespublicissuergatev60csv,3
FRONTERA_CICLO_AJUSTE_V63_FOUR_LEG_PASS_CLOSED_NETWORK_GATE(4).zip,VEREDICTO_V60.md,VEREDICTO_V60.md,754,2483816971,FRONTERA_CICLO_AJUSTE_V63_FOUR_LEG_PASS_CLOSED_NETWORK_GATE(4).zip::BASE_V62.zip::BASE_V61.zip::BASE_V60.zip,zip,veredictov60md,3
FRONTERA_CICLO_AJUSTE_V63_FOUR_LEG_PASS_CLOSED_NETWORK_GATE(4).zip,qa_v60.py,qa_v60.py,1094,326113959,FRONTERA_CICLO_AJUSTE_V63_FOUR_LEG_PASS_CLOSED_NETWORK_GATE(4).zip::BASE_V62.zip::BASE_V61.zip::BASE_V60.zip,zip,qav60py,3
FRONTERA_CICLO_AJUSTE_V63_FOUR_LEG_PASS_CLOSED_NETWORK_GATE(4).zip,COUNTERPARTY_UPDATE_V61.csv,COUNTERPARTY_UPDATE_V61.csv,1120,3481983767,FRONTERA_CICLO_AJUSTE_V63_FOUR_LEG_PASS_CLOSED_NETWORK_GATE(4).zip::BASE_V62.zip::BASE_V61.zip,zip,counterpartyupdatev61csv,2
FRONTERA_CICLO_AJUSTE_V63_FOUR_LEG_PASS_CLOSED_NETWORK_GATE(4).zip,ENTITY_COVERAGE_V61.csv,ENTITY_COVERAGE_V61.csv,1414,2924937209,FRONTERA_CICLO_AJUSTE_V63_FOUR_LEG_PASS_CLOSED_NETWORK_GATE(4).zip::BASE_V62.zip::BASE_V61.zip,zip,entitycoveragev61csv,2
FRONTERA_CICLO_AJUSTE_V63_FOUR_LEG_PASS_CLOSED_NETWORK_GATE(4).zip,ENTITY_Q4_AQ_SYSTEM_SAMPLE_V61.csv,ENTITY_Q4_AQ_SYSTEM_SAMPLE_V61.csv,1070,3456547457,FRONTERA_CICLO_AJUSTE_V63_FOUR_LEG_PASS_CLOSED_NETWORK_GATE(4).zip::BASE_V62.zip::BASE_V61.zip,zip,entityq4aqsystemsamplev61csv,2
FRONTERA_CICLO_AJUSTE_V63_FOUR_LEG_PASS_CLOSED_NETWORK_GATE(4).zip,EVIDENCE_LEDGER_CICLO_AJUSTE_V61.csv,EVIDENCE_LEDGER_CICLO_AJUSTE_V61.csv,46673,3069909082,FRONTERA_CICLO_AJUSTE_V63_FOUR_LEG_PASS_CLOSED_NETWORK_GATE(4).zip::BASE_V62.zip::BASE_V61.zip,zip,evidenceledgercicloajustev61csv,2
FRONTERA_CICLO_AJUSTE_V63_FOUR_LEG_PASS_CLOSED_NETWORK_GATE(4).zip,FUENTES_V61.md,FUENTES_V61.md,1086,1751984189,FRONTERA_CICLO_AJUSTE_V63_FOUR_LEG_PASS_CLOSED_NETWORK_GATE(4).zip::BASE_V62.zip::BASE_V61.zip,zip,fuentesv61md,2
FRONTERA_CICLO_AJUSTE_V63_FOUR_LEG_PASS_CLOSED_NETWORK_GATE(4).zip,HOUSEHOLD_PRODUCT_BOUND_V61.csv,HOUSEHOLD_PRODUCT_BOUND_V61.csv,902,354413282,FRONTERA_CICLO_AJUSTE_V63_FOUR_LEG_PASS_CLOSED_NETWORK_GATE(4).zip::BASE_V62.zip::BASE_V61.zip,zip,householdproductboundv61csv,2
FRONTERA_CICLO_AJUSTE_V63_FOUR_LEG_PASS_CLOSED_NETWORK_GATE(4).zip,INTERBANK_PASS_NETTING_AUDIT_V61.md,INTERBANK_PASS_NETTING_AUDIT_V61.md,1776,752990661,FRONTERA_CICLO_AJUSTE_V63_FOUR_LEG_PASS_CLOSED_NETWORK_GATE(4).zip::BASE_V62.zip::BASE_V61.zip,zip,interbankpassnettingauditv61md,2
FRONTERA_CICLO_AJUSTE_V63_FOUR_LEG_PASS_CLOSED_NETWORK_GATE(4).zip,MANIFEST_V61.json,MANIFEST_V61.json,3454,2339156851,FRONTERA_CICLO_AJUSTE_V63_FOUR_LEG_PASS_CLOSED_NETWORK_GATE(4).zip::BASE_V62.zip::BASE_V61.zip,zip,manifestv61json,2
FRONTERA_CICLO_AJUSTE_V63_FOUR_LEG_PASS_CLOSED_NETWORK_GATE(4).zip,PASS_COUNTERPARTY_SYSTEM_V61.csv,PASS_COUNTERPARTY_SYSTEM_V61.csv,772,1236051180,FRONTERA_CICLO_AJUSTE_V63_FOUR_LEG_PASS_CLOSED_NETWORK_GATE(4).zip::BASE_V62.zip::BASE_V61.zip,zip,passcounterpartysystemv61csv,2
FRONTERA_CICLO_AJUSTE_V63_FOUR_LEG_PASS_CLOSED_NETWORK_GATE(4).zip,PROMPT_CODEX_V62_MACHINE_READABLE_ENTITY_RESULT_AGGREGATION.md,PROMPT_CODEX_V62_MACHINE_READABLE_ENTITY_RESULT_AGGREGATION.md,1594,4164071461,FRONTERA_CICLO_AJUSTE_V63_FOUR_LEG_PASS_CLOSED_NETWORK_GATE(4).zip::BASE_V62.zip::BASE_V61.zip,zip,promptcodexv62machinereadableentityresultaggregationmd,2
FRONTERA_CICLO_AJUSTE_V63_FOUR_LEG_PASS_CLOSED_NETWORK_GATE(4).zip,QA_RESULT_V61.txt,QA_RESULT_V61.txt,5,3256905966,FRONTERA_CICLO_AJUSTE_V63_FOUR_LEG_PASS_CLOSED_NETWORK_GATE(4).zip::BASE_V62.zip::BASE_V61.zip,zip,qaresultv61txt,2
FRONTERA_CICLO_AJUSTE_V63_FOUR_LEG_PASS_CLOSED_NETWORK_GATE(4).zip,README_V61.md,README_V61.md,386,3559340451,FRONTERA_CICLO_AJUSTE_V63_FOUR_LEG_PASS_CLOSED_NETWORK_GATE(4).zip::BASE_V62.zip::BASE_V61.zip,zip,readmev61md,2
FRONTERA_CICLO_AJUSTE_V63_FOUR_LEG_PASS_CLOSED_NETWORK_GATE(4).zip,SAMPLE_DIAGNOSTIC_V61.csv,SAMPLE_DIAGNOSTIC_V61.csv,486,3523793292,FRONTERA_CICLO_AJUSTE_V63_FOUR_LEG_PASS_CLOSED_NETWORK_GATE(4).zip::BASE_V62.zip::BASE_V61.zip,zip,samplediagnosticv61csv,2
FRONTERA_CICLO_AJUSTE_V63_FOUR_LEG_PASS_CLOSED_NETWORK_GATE(4).zip,STOCK_FLOW_PASS_FALSIFIER_V61.csv,STOCK_FLOW_PASS_FALSIFIER_V61.csv,492,1734867425,FRONTERA_CICLO_AJUSTE_V63_FOUR_LEG_PASS_CLOSED_NETWORK_GATE(4).zip::BASE_V62.zip::BASE_V61.zip,zip,stockflowpassfalsifierv61csv,2
FRONTERA_CICLO_AJUSTE_V63_FOUR_LEG_PASS_CLOSED_NETWORK_GATE(4).zip,SYSTEM_RECONCILIATION_V61.csv,SYSTEM_RECONCILIATION_V61.csv,913,941627061,FRONTERA_CICLO_AJUSTE_V63_FOUR_LEG_PASS_CLOSED_NETWORK_GATE(4).zip::BASE_V62.zip::BASE_V61.zip,zip,systemreconciliationv61csv,2
FRONTERA_CICLO_AJUSTE_V63_FOUR_LEG_PASS_CLOSED_NETWORK_GATE(4).zip,VEREDICTO_V61.md,VEREDICTO_V61.md,728,3433497097,FRONTERA_CICLO_AJUSTE_V63_FOUR_LEG_PASS_CLOSED_NETWORK_GATE(4).zip::BASE_V62.zip::BASE_V61.zip,zip,veredictov61md,2
FRONTERA_CICLO_AJUSTE_V63_FOUR_LEG_PASS_CLOSED_NETWORK_GATE(4).zip,qa_v61.py,qa_v61.py,832,2609763903,FRONTERA_CICLO_AJUSTE_V63_FOUR_LEG_PASS_CLOSED_NETWORK_GATE(4).zip::BASE_V62.zip::BASE_V61.zip,zip,qav61py,2
FRONTERA_CICLO_AJUSTE_V63_FOUR_LEG_PASS_CLOSED_NETWORK_GATE(4).zip,COUNTERPARTY_UPDATE_V62.csv,COUNTERPARTY_UPDATE_V62.csv,976,3954827440,FRONTERA_CICLO_AJUSTE_V63_FOUR_LEG_PASS_CLOSED_NETWORK_GATE(4).zip::BASE_V62.zip,zip,counterpartyupdatev62csv,1
FRONTERA_CICLO_AJUSTE_V63_FOUR_LEG_PASS_CLOSED_NETWORK_GATE(4).zip,ENTITY_COVERAGE_V62.csv,ENTITY_COVERAGE_V62.csv,832,878191740,FRONTERA_CICLO_AJUSTE_V63_FOUR_LEG_PASS_CLOSED_NETWORK_GATE(4).zip::BASE_V62.zip,zip,entitycoveragev62csv,1
FRONTERA_CICLO_AJUSTE_V63_FOUR_LEG_PASS_CLOSED_NETWORK_GATE(4).zip,ENTITY_Q4_AQ_PANEL_V62.csv,ENTITY_Q4_AQ_PANEL_V62.csv,1286,3152356441,FRONTERA_CICLO_AJUSTE_V63_FOUR_LEG_PASS_CLOSED_NETWORK_GATE(4).zip::BASE_V62.zip,zip,entityq4aqpanelv62csv,1
FRONTERA_CICLO_AJUSTE_V63_FOUR_LEG_PASS_CLOSED_NETWORK_GATE(4).zip,EVIDENCE_LEDGER_CICLO_AJUSTE_V62.csv,EVIDENCE_LEDGER_CICLO_AJUSTE_V62.csv,744,1831626994,FRONTERA_CICLO_AJUSTE_V63_FOUR_LEG_PASS_CLOSED_NETWORK_GATE(4).zip::BASE_V62.zip,zip,evidenceledgercicloajustev62csv,1
FRONTERA_CICLO_AJUSTE_V63_FOUR_LEG_PASS_CLOSED_NETWORK_GATE(4).zip,FUENTES_V62.md,FUENTES_V62.md,609,874438201,FRONTERA_CICLO_AJUSTE_V63_FOUR_LEG_PASS_CLOSED_NETWORK_GATE(4).zip::BASE_V62.zip,zip,fuentesv62md,1
FRONTERA_CICLO_AJUSTE_V63_FOUR_LEG_PASS_CLOSED_NETWORK_GATE(4).zip,HOUSEHOLD_PRODUCT_SYSTEM_V62.csv,HOUSEHOLD_PRODUCT_SYSTEM_V62.csv,1469,4170250821,FRONTERA_CICLO_AJUSTE_V63_FOUR_LEG_PASS_CLOSED_NETWORK_GATE(4).zip::BASE_V62.zip,zip,householdproductsystemv62csv,1
FRONTERA_CICLO_AJUSTE_V63_FOUR_LEG_PASS_CLOSED_NETWORK_GATE(4).zip,IEF_PASS_RECONCILIATION_V62.csv,IEF_PASS_RECONCILIATION_V62.csv,546,1343322763,FRONTERA_CICLO_AJUSTE_V63_FOUR_LEG_PASS_CLOSED_NETWORK_GATE(4).zip::BASE_V62.zip,zip,iefpassreconciliationv62csv,1
FRONTERA_CICLO_AJUSTE_V63_FOUR_LEG_PASS_CLOSED_NETWORK_GATE(4).zip,INTERBANK_CANCELLATION_TEST_V62.csv,INTERBANK_CANCELLATION_TEST_V62.csv,488,3589318335,FRONTERA_CICLO_AJUSTE_V63_FOUR_LEG_PASS_CLOSED_NETWORK_GATE(4).zip::BASE_V62.zip,zip,interbankcancellationtestv62csv,1
FRONTERA_CICLO_AJUSTE_V63_FOUR_LEG_PASS_CLOSED_NETWORK_GATE(4).zip,MANIFEST_V62.json,MANIFEST_V62.json,3401,2934962812,FRONTERA_CICLO_AJUSTE_V63_FOUR_LEG_PASS_CLOSED_NETWORK_GATE(4).zip::BASE_V62.zip,zip,manifestv62json,1
FRONTERA_CICLO_AJUSTE_V63_FOUR_LEG_PASS_CLOSED_NETWORK_GATE(4).zip,PASS_GROSS_NET_SYSTEM_V62.csv,PASS_GROSS_NET_SYSTEM_V62.csv,788,2107802603,FRONTERA_CICLO_AJUSTE_V63_FOUR_LEG_PASS_CLOSED_NETWORK_GATE(4).zip::BASE_V62.zip,zip,passgrossnetsystemv62csv,1
FRONTERA_CICLO_AJUSTE_V63_FOUR_LEG_PASS_CLOSED_NETWORK_GATE(4).zip,PROMPT_CODEX_V63_FULL_AQ_HOMOGENEOUS_PANEL_AND_EXPENSE_LEGS.md,PROMPT_CODEX_V63_FULL_AQ_HOMOGENEOUS_PANEL_AND_EXPENSE_LEGS.md,1239,2753223760,FRONTERA_CICLO_AJUSTE_V63_FOUR_LEG_PASS_CLOSED_NETWORK_GATE(4).zip::BASE_V62.zip,zip,promptcodexv63fullaqhomogeneouspanelandexpenselegsmd,1
FRONTERA_CICLO_AJUSTE_V63_FOUR_LEG_PASS_CLOSED_NETWORK_GATE(4).zip,QA_RESULT_V62.txt,QA_RESULT_V62.txt,5,3256905966,FRONTERA_CICLO_AJUSTE_V63_FOUR_LEG_PASS_CLOSED_NETWORK_GATE(4).zip::BASE_V62.zip,zip,qaresultv62txt,1
FRONTERA_CICLO_AJUSTE_V63_FOUR_LEG_PASS_CLOSED_NETWORK_GATE(4).zip,RAW_ENTITY_MANIFEST_V62.csv,RAW_ENTITY_MANIFEST_V62.csv,858,161920569,FRONTERA_CICLO_AJUSTE_V63_FOUR_LEG_PASS_CLOSED_NETWORK_GATE(4).zip::BASE_V62.zip,zip,rawentitymanifestv62csv,1
FRONTERA_CICLO_AJUSTE_V63_FOUR_LEG_PASS_CLOSED_NETWORK_GATE(4).zip,README_V62.md,README_V62.md,409,2970664442,FRONTERA_CICLO_AJUSTE_V63_FOUR_LEG_PASS_CLOSED_NETWORK_GATE(4).zip::BASE_V62.zip,zip,readmev62md,1
FRONTERA_CICLO_AJUSTE_V63_FOUR_LEG_PASS_CLOSED_NETWORK_GATE(4).zip,VEREDICTO_V62.md,VEREDICTO_V62.md,739,2685722896,FRONTERA_CICLO_AJUSTE_V63_FOUR_LEG_PASS_CLOSED_NETWORK_GATE(4).zip::BASE_V62.zip,zip,veredictov62md,1
FRONTERA_CICLO_AJUSTE_V63_FOUR_LEG_PASS_CLOSED_NETWORK_GATE(4).zip,qa_v62.py,qa_v62.py,14,3143009605,FRONTERA_CICLO_AJUSTE_V63_FOUR_LEG_PASS_CLOSED_NETWORK_GATE(4).zip::BASE_V62.zip,zip,qav62py,1
FRONTERA_CICLO_AJUSTE_V63_FOUR_LEG_PASS_CLOSED_NETWORK_GATE(4).zip,CONSOLIDATED_Q4_AQ_PANEL_V63.csv,CONSOLIDATED_Q4_AQ_PANEL_V63.csv,1463,3606656169,FRONTERA_CICLO_AJUSTE_V63_FOUR_LEG_PASS_CLOSED_NETWORK_GATE(4).zip,zip,consolidatedq4aqpanelv63csv,0
FRONTERA_CICLO_AJUSTE_V63_FOUR_LEG_PASS_CLOSED_NETWORK_GATE(4).zip,COUNTERPARTY_UPDATE_V63.csv,COUNTERPARTY_UPDATE_V63.csv,1443,167982417,FRONTERA_CICLO_AJUSTE_V63_FOUR_LEG_PASS_CLOSED_NETWORK_GATE(4).zip,zip,counterpartyupdatev63csv,0
FRONTERA_CICLO_AJUSTE_V63_FOUR_LEG_PASS_CLOSED_NETWORK_GATE(4).zip,ENTITY_COVERAGE_V63.csv,ENTITY_COVERAGE_V63.csv,978,1741707698,FRONTERA_CICLO_AJUSTE_V63_FOUR_LEG_PASS_CLOSED_NETWORK_GATE(4).zip,zip,entitycoveragev63csv,0
FRONTERA_CICLO_AJUSTE_V63_FOUR_LEG_PASS_CLOSED_NETWORK_GATE(4).zip,EVIDENCE_LEDGER_CICLO_AJUSTE_V63.csv,EVIDENCE_LEDGER_CICLO_AJUSTE_V63.csv,1591,1167366747,FRONTERA_CICLO_AJUSTE_V63_FOUR_LEG_PASS_CLOSED_NETWORK_GATE(4).zip,zip,evidenceledgercicloajustev63csv,0
FRONTERA_CICLO_AJUSTE_V63_FOUR_LEG_PASS_CLOSED_NETWORK_GATE(4).zip,FOUR_LEG_PASS_PANEL_V63.csv,FOUR_LEG_PASS_PANEL_V63.csv,1158,2302138695,FRONTERA_CICLO_AJUSTE_V63_FOUR_LEG_PASS_CLOSED_NETWORK_GATE(4).zip,zip,fourlegpasspanelv63csv,0
FRONTERA_CICLO_AJUSTE_V63_FOUR_LEG_PASS_CLOSED_NETWORK_GATE(4).zip,FUENTES_V63.md,FUENTES_V63.md,1249,1438572322,FRONTERA_CICLO_AJUSTE_V63_FOUR_LEG_PASS_CLOSED_NETWORK_GATE(4).zip,zip,fuentesv63md,0
FRONTERA_CICLO_AJUSTE_V63_FOUR_LEG_PASS_CLOSED_NETWORK_GATE(4).zip,HOUSEHOLD_PRODUCT_PANEL_V63.csv,HOUSEHOLD_PRODUCT_PANEL_V63.csv,1342,3406328649,FRONTERA_CICLO_AJUSTE_V63_FOUR_LEG_PASS_CLOSED_NETWORK_GATE(4).zip,zip,householdproductpanelv63csv,0
FRONTERA_CICLO_AJUSTE_V63_FOUR_LEG_PASS_CLOSED_NETWORK_GATE(4).zip,HOUSEHOLD_SECTOR_MAPPING_AUDIT_V63.md,HOUSEHOLD_SECTOR_MAPPING_AUDIT_V63.md,1037,4263515362,FRONTERA_CICLO_AJUSTE_V63_FOUR_LEG_PASS_CLOSED_NETWORK_GATE(4).zip,zip,householdsectormappingauditv63md,0
FRONTERA_CICLO_AJUSTE_V63_FOUR_LEG_PASS_CLOSED_NETWORK_GATE(4).zip,IEF_PASS_RECONCILIATION_V63.csv,IEF_PASS_RECONCILIATION_V63.csv,540,3195844789,FRONTERA_CICLO_AJUSTE_V63_FOUR_LEG_PASS_CLOSED_NETWORK_GATE(4).zip,zip,iefpassreconciliationv63csv,0
FRONTERA_CICLO_AJUSTE_V63_FOUR_LEG_PASS_CLOSED_NETWORK_GATE(4).zip,INDIVIDUAL_Q4_AQ_PANEL_V63.csv,INDIVIDUAL_Q4_AQ_PANEL_V63.csv,641,4250552853,FRONTERA_CICLO_AJUSTE_V63_FOUR_LEG_PASS_CLOSED_NETWORK_GATE(4).zip,zip,individualq4aqpanelv63csv,0
FRONTERA_CICLO_AJUSTE_V63_FOUR_LEG_PASS_CLOSED_NETWORK_GATE(4).zip,MANIFEST_V63.json,MANIFEST_V63.json,3514,2549584341,FRONTERA_CICLO_AJUSTE_V63_FOUR_LEG_PASS_CLOSED_NETWORK_GATE(4).zip,zip,manifestv63json,0
FRONTERA_CICLO_AJUSTE_V63_FOUR_LEG_PASS_CLOSED_NETWORK_GATE(4).zip,PROMPT_CODEX_V64_CLOSED_PASS_NETWORK_COVERAGE_AND_SECTOR_MAPPING.md,PROMPT_CODEX_V64_CLOSED_PASS_NETWORK_COVERAGE_AND_SECTOR_MAPPING.md,1635,18894133,FRONTERA_CICLO_AJUSTE_V63_FOUR_LEG_PASS_CLOSED_NETWORK_GATE(4).zip,zip,promptcodexv64closedpassnetworkcoverageandsectormappingmd,0
FRONTERA_CICLO_AJUSTE_V63_FOUR_LEG_PASS_CLOSED_NETWORK_GATE(4).zip,QA_RESULT_V63.txt,QA_RESULT_V63.txt,5,3256905966,FRONTERA_CICLO_AJUSTE_V63_FOUR_LEG_PASS_CLOSED_NETWORK_GATE(4).zip,zip,qaresultv63txt,0
FRONTERA_CICLO_AJUSTE_V63_FOUR_LEG_PASS_CLOSED_NETWORK_GATE(4).zip,README_V63.md,README_V63.md,522,401487701,FRONTERA_CICLO_AJUSTE_V63_FOUR_LEG_PASS_CLOSED_NETWORK_GATE(4).zip,zip,readmev63md,0
FRONTERA_CICLO_AJUSTE_V63_FOUR_LEG_PASS_CLOSED_NETWORK_GATE(4).zip,SYMMETRIC_INTERBANK_NETTING_TEST_V63.csv,SYMMETRIC_INTERBANK_NETTING_TEST_V63.csv,527,63456368,FRONTERA_CICLO_AJUSTE_V63_FOUR_LEG_PASS_CLOSED_NETWORK_GATE(4).zip,zip,symmetricinterbanknettingtestv63csv,0
FRONTERA_CICLO_AJUSTE_V63_FOUR_LEG_PASS_CLOSED_NETWORK_GATE(4).zip,VEREDICTO_V63.md,VEREDICTO_V63.md,801,2136461594,FRONTERA_CICLO_AJUSTE_V63_FOUR_LEG_PASS_CLOSED_NETWORK_GATE(4).zip,zip,veredictov63md,0
FRONTERA_CICLO_AJUSTE_V63_FOUR_LEG_PASS_CLOSED_NETWORK_GATE(4).zip,qa_v63.py,qa_v63.py,1297,1276681817,FRONTERA_CICLO_AJUSTE_V63_FOUR_LEG_PASS_CLOSED_NETWORK_GATE(4).zip,zip,qav63py,0
FRONTERA_CICLO_AJUSTE_V64_CLOSED_PASS_NETWORK_COVERAGE_AND_SECTOR_MAPPING(3).zip,v64/VEREDICTO_V64.md,VEREDICTO_V64.md,3541,2631155135,FRONTERA_CICLO_AJUSTE_V64_CLOSED_PASS_NETWORK_COVERAGE_AND_SECTOR_MAPPING(3).zip,zip,veredictov64md,0
FRONTERA_CICLO_AJUSTE_V64_CLOSED_PASS_NETWORK_COVERAGE_AND_SECTOR_MAPPING(3).zip,v64/ICBC_Q4_AQ_BRIDGE_V64.csv,ICBC_Q4_AQ_BRIDGE_V64.csv,1214,1093793547,FRONTERA_CICLO_AJUSTE_V64_CLOSED_PASS_NETWORK_COVERAGE_AND_SECTOR_MAPPING(3).zip,zip,icbcq4aqbridgev64csv,0
FRONTERA_CICLO_AJUSTE_V64_CLOSED_PASS_NETWORK_COVERAGE_AND_SECTOR_MAPPING(3).zip,v64/BASE_V63.zip,BASE_V63.zip,1568045,1768785680,FRONTERA_CICLO_AJUSTE_V64_CLOSED_PASS_NETWORK_COVERAGE_AND_SECTOR_MAPPING(3).zip,zip,basev63zip,0
FRONTERA_CICLO_AJUSTE_V64_CLOSED_PASS_NETWORK_COVERAGE_AND_SECTOR_MAPPING(3).zip,AUDITORIA_V63.md,AUDITORIA_V63.md,1856,362679481,FRONTERA_CICLO_AJUSTE_V64_CLOSED_PASS_NETWORK_COVERAGE_AND_SECTOR_MAPPING(3).zip::v64/BASE_V63.zip,zip,auditoriav63md,1
FRONTERA_CICLO_AJUSTE_V64_CLOSED_PASS_NETWORK_COVERAGE_AND_SECTOR_MAPPING(3).zip,BASE_V62.zip,BASE_V62.zip,1554965,2599394019,FRONTERA_CICLO_AJUSTE_V64_CLOSED_PASS_NETWORK_COVERAGE_AND_SECTOR_MAPPING(3).zip::v64/BASE_V63.zip,zip,basev62zip,1
FRONTERA_CICLO_AJUSTE_V64_CLOSED_PASS_NETWORK_COVERAGE_AND_SECTOR_MAPPING(3).zip,AUDITORIA_V62.md,AUDITORIA_V62.md,1393,600029505,FRONTERA_CICLO_AJUSTE_V64_CLOSED_PASS_NETWORK_COVERAGE_AND_SECTOR_MAPPING(3).zip::v64/BASE_V63.zip::BASE_V62.zip,zip,auditoriav62md,2
FRONTERA_CICLO_AJUSTE_V64_CLOSED_PASS_NETWORK_COVERAGE_AND_SECTOR_MAPPING(3).zip,BASE_V61.zip,BASE_V61.zip,1544918,3678830250,FRONTERA_CICLO_AJUSTE_V64_CLOSED_PASS_NETWORK_COVERAGE_AND_SECTOR_MAPPING(3).zip::v64/BASE_V63.zip::BASE_V62.zip,zip,basev61zip,2
FRONTERA_CICLO_AJUSTE_V64_CLOSED_PASS_NETWORK_COVERAGE_AND_SECTOR_MAPPING(3).zip,AUDITORIA_V61.md,AUDITORIA_V61.md,1403,3939235878,FRONTERA_CICLO_AJUSTE_V64_CLOSED_PASS_NETWORK_COVERAGE_AND_SECTOR_MAPPING(3).zip::v64/BASE_V63.zip::BASE_V62.zip::BASE_V61.zip,zip,auditoriav61md,3
FRONTERA_CICLO_AJUSTE_V64_CLOSED_PASS_NETWORK_COVERAGE_AND_SECTOR_MAPPING(3).zip,BASE_V60.zip,BASE_V60.zip,1516418,405553932,FRONTERA_CICLO_AJUSTE_V64_CLOSED_PASS_NETWORK_COVERAGE_AND_SECTOR_MAPPING(3).zip::v64/BASE_V63.zip::BASE_V62.zip::BASE_V61.zip,zip,basev60zip,3
FRONTERA_CICLO_AJUSTE_V64_CLOSED_PASS_NETWORK_COVERAGE_AND_SECTOR_MAPPING(3).zip,AQ_FREQUENCY_CORRECTION_V60.csv,AQ_FREQUENCY_CORRECTION_V60.csv,293,27279586,FRONTERA_CICLO_AJUSTE_V64_CLOSED_PASS_NETWORK_COVERAGE_AND_SECTOR_MAPPING(3).zip::v64/BASE_V63.zip::BASE_V62.zip::BASE_V61.zip::BASE_V60.zip,zip,aqfrequencycorrectionv60csv,4
FRONTERA_CICLO_AJUSTE_V64_CLOSED_PASS_NETWORK_COVERAGE_AND_SECTOR_MAPPING(3).zip,AQ_SYSTEM_AGGREGATE_2023_V60.csv,AQ_SYSTEM_AGGREGATE_2023_V60.csv,453,3657801338,FRONTERA_CICLO_AJUSTE_V64_CLOSED_PASS_NETWORK_COVERAGE_AND_SECTOR_MAPPING(3).zip::v64/BASE_V63.zip::BASE_V62.zip::BASE_V61.zip::BASE_V60.zip,zip,aqsystemaggregate2023v60csv,4
FRONTERA_CICLO_AJUSTE_V64_CLOSED_PASS_NETWORK_COVERAGE_AND_SECTOR_MAPPING(3).zip,AQ_TO_IEF_ANNUAL_BRIDGE_V60.csv,AQ_TO_IEF_ANNUAL_BRIDGE_V60.csv,521,3222057515,FRONTERA_CICLO_AJUSTE_V64_CLOSED_PASS_NETWORK_COVERAGE_AND_SECTOR_MAPPING(3).zip::v64/BASE_V63.zip::BASE_V62.zip::BASE_V61.zip::BASE_V60.zip,zip,aqtoiefannualbridgev60csv,4
FRONTERA_CICLO_AJUSTE_V64_CLOSED_PASS_NETWORK_COVERAGE_AND_SECTOR_MAPPING(3).zip,AUDITORIA_V60.md,AUDITORIA_V60.md,1028,3191199415,FRONTERA_CICLO_AJUSTE_V64_CLOSED_PASS_NETWORK_COVERAGE_AND_SECTOR_MAPPING(3).zip::v64/BASE_V63.zip::BASE_V62.zip::BASE_V61.zip::BASE_V60.zip,zip,auditoriav60md,4
FRONTERA_CICLO_AJUSTE_V64_CLOSED_PASS_NETWORK_COVERAGE_AND_SECTOR_MAPPING(3).zip,BASE_V59.zip,BASE_V59.zip,1488966,3327583224,FRONTERA_CICLO_AJUSTE_V64_CLOSED_PASS_NETWORK_COVERAGE_AND_SECTOR_MAPPING(3).zip::v64/BASE_V63.zip::BASE_V62.zip::BASE_V61.zip::BASE_V60.zip,zip,basev59zip,4
FRONTERA_CICLO_AJUSTE_V64_CLOSED_PASS_NETWORK_COVERAGE_AND_SECTOR_MAPPING(3).zip,INTEREST_ACCRUED_SECTOR_FLOW_V59.csv,INTEREST_ACCRUED_SECTOR_FLOW_V59.csv,3456,2350036141,FRONTERA_CICLO_AJUSTE_V64_CLOSED_PASS_NETWORK_COVERAGE_AND_SECTOR_MAPPING(3).zip::v64/BASE_V63.zip::BASE_V62.zip::BASE_V61.zip::BASE_V60.zip::BASE_V59.zip,zip,interestaccruedsectorflowv59csv,5
FRONTERA_CICLO_AJUSTE_V64_CLOSED_PASS_NETWORK_COVERAGE_AND_SECTOR_MAPPING(3).zip,SECURITIES_RESULT_ISSUER_FLOW_V59.csv,SECURITIES_RESULT_ISSUER_FLOW_V59.csv,973,2396753114,FRONTERA_CICLO_AJUSTE_V64_CLOSED_PASS_NETWORK_COVERAGE_AND_SECTOR_MAPPING(3).zip::v64/BASE_V63.zip::BASE_V62.zip::BASE_V61.zip::BASE_V60.zip::BASE_V59.zip,zip,securitiesresultissuerflowv59csv,5
FRONTERA_CICLO_AJUSTE_V64_CLOSED_PASS_NETWORK_COVERAGE_AND_SECTOR_MAPPING(3).zip,MANIFEST_V59.json,MANIFEST_V59.json,3173,1958130905,FRONTERA_CICLO_AJUSTE_V64_CLOSED_PASS_NETWORK_COVERAGE_AND_SECTOR_MAPPING(3).zip::v64/BASE_V63.zip::BASE_V62.zip::BASE_V61.zip::BASE_V60.zip::BASE_V59.zip,zip,manifestv59json,5
FRONTERA_CICLO_AJUSTE_V64_CLOSED_PASS_NETWORK_COVERAGE_AND_SECTOR_MAPPING(3).zip,VEREDICTO_V59.md,VEREDICTO_V59.md,1520,2869004237,FRONTERA_CICLO_AJUSTE_V64_CLOSED_PASS_NETWORK_COVERAGE_AND_SECTOR_MAPPING(3).zip::v64/BASE_V63.zip::BASE_V62.zip::BASE_V61.zip::BASE_V60.zip::BASE_V59.zip,zip,veredictov59md,5
FRONTERA_CICLO_AJUSTE_V64_CLOSED_PASS_NETWORK_COVERAGE_AND_SECTOR_MAPPING(3).zip,POSITIVE_FINANCIAL_INCOME_FORMULA_V59.csv,POSITIVE_FINANCIAL_INCOME_FORMULA_V59.csv,2665,3309765842,FRONTERA_CICLO_AJUSTE_V64_CLOSED_PASS_NETWORK_COVERAGE_AND_SECTOR_MAPPING(3).zip::v64/BASE_V63.zip::BASE_V62.zip::BASE_V61.zip::BASE_V60.zip::BASE_V59.zip,zip,positivefinancialincomeformulav59csv,5
FRONTERA_CICLO_AJUSTE_V64_CLOSED_PASS_NETWORK_COVERAGE_AND_SECTOR_MAPPING(3).zip,README_V59.md,README_V59.md,689,1979927137,FRONTERA_CICLO_AJUSTE_V64_CLOSED_PASS_NETWORK_COVERAGE_AND_SECTOR_MAPPING(3).zip::v64/BASE_V63.zip::BASE_V62.zip::BASE_V61.zip::BASE_V60.zip::BASE_V59.zip,zip,readmev59md,5
FRONTERA_CICLO_AJUSTE_V64_CLOSED_PASS_NETWORK_COVERAGE_AND_SECTOR_MAPPING(3).zip,COMMON_DENOMINATOR_RECONCILIATION_V59.csv,COMMON_DENOMINATOR_RECONCILIATION_V59.csv,3406,3895230344,FRONTERA_CICLO_AJUSTE_V64_CLOSED_PASS_NETWORK_COVERAGE_AND_SECTOR_MAPPING(3).zip::v64/BASE_V63.zip::BASE_V62.zip::BASE_V61.zip::BASE_V60.zip::BASE_V59.zip,zip,commondenominatorreconciliationv59csv,5
FRONTERA_CICLO_AJUSTE_V64_CLOSED_PASS_NETWORK_COVERAGE_AND_SECTOR_MAPPING(3).zip,BASE_V58.zip,BASE_V58.zip,1457322,799904491,FRONTERA_CICLO_AJUSTE_V64_CLOSED_PASS_NETWORK_COVERAGE_AND_SECTOR_MAPPING(3).zip::v64/BASE_V63.zip::BASE_V62.zip::BASE_V61.zip::BASE_V60.zip::BASE_V59.zip,zip,basev58zip,5
FRONTERA_CICLO_AJUSTE_V64_CLOSED_PASS_NETWORK_COVERAGE_AND_SECTOR_MAPPING(3).zip,IEF_COMPONENT_RECONCILIATION_V58.csv,IEF_COMPONENT_RECONCILIATION_V58.csv,4404,771447225,FRONTERA_CICLO_AJUSTE_V64_CLOSED_PASS_NETWORK_COVERAGE_AND_SECTOR_MAPPING(3).zip::v64/BASE_V63.zip::BASE_V62.zip::BASE_V61.zip::BASE_V60.zip::BASE_V59.zip::BASE_V58.zip,zip,iefcomponentreconciliationv58csv,6
FRONTERA_CICLO_AJUSTE_V64_CLOSED_PASS_NETWORK_COVERAGE_AND_SECTOR_MAPPING(3).zip,BASE_V57.zip,BASE_V57.zip,1426922,2040299978,FRONTERA_CICLO_AJUSTE_V64_CLOSED_PASS_NETWORK_COVERAGE_AND_SECTOR_MAPPING(3).zip::v64/BASE_V63.zip::BASE_V62.zip::BASE_V61.zip::BASE_V60.zip::BASE_V59.zip::BASE_V58.zip,zip,basev57zip,6
FRONTERA_CICLO_AJUSTE_V64_CLOSED_PASS_NETWORK_COVERAGE_AND_SECTOR_MAPPING(3).zip,ACCOUNT_MAPPING_NIIF_V57.csv,ACCOUNT_MAPPING_NIIF_V57.csv,6675,3279393462,FRONTERA_CICLO_AJUSTE_V64_CLOSED_PASS_NETWORK_COVERAGE_AND_SECTOR_MAPPING(3).zip::v64/BASE_V63.zip::BASE_V62.zip::BASE_V61.zip::BASE_V60.zip::BASE_V59.zip::BASE_V58.zip::BASE_V57.zip,zip,accountmappingniifv57csv,7
FRONTERA_CICLO_AJUSTE_V64_CLOSED_PASS_NETWORK_COVERAGE_AND_SECTOR_MAPPING(3).zip,AUDITORIA_V57.md,AUDITORIA_V57.md,3300,2845304577,FRONTERA_CICLO_AJUSTE_V64_CLOSED_PASS_NETWORK_COVERAGE_AND_SECTOR_MAPPING(3).zip::v64/BASE_V63.zip::BASE_V62.zip::BASE_V61.zip::BASE_V60.zip::BASE_V59.zip::BASE_V58.zip::BASE_V57.zip,zip,auditoriav57md,7
FRONTERA_CICLO_AJUSTE_V64_CLOSED_PASS_NETWORK_COVERAGE_AND_SECTOR_MAPPING(3).zip,BASE_V56.zip,BASE_V56.zip,1405429,4102697162,FRONTERA_CICLO_AJUSTE_V64_CLOSED_PASS_NETWORK_COVERAGE_AND_SECTOR_MAPPING(3).zip::v64/BASE_V63.zip::BASE_V62.zip::BASE_V61.zip::BASE_V60.zip::BASE_V59.zip::BASE_V58.zip::BASE_V57.zip,zip,basev56zip,7
FRONTERA_CICLO_AJUSTE_V64_CLOSED_PASS_NETWORK_COVERAGE_AND_SECTOR_MAPPING(3).zip,TARGET_RECONCILIATION_V56.csv,TARGET_RECONCILIATION_V56.csv,1039,3039763977,FRONTERA_CICLO_AJUSTE_V64_CLOSED_PASS_NETWORK_COVERAGE_AND_SECTOR_MAPPING(3).zip::v64/BASE_V63.zip::BASE_V62.zip::BASE_V61.zip::BASE_V60.zip::BASE_V59.zip::BASE_V58.zip::BASE_V57.zip::BASE_V56.zip,zip,targetreconciliationv56csv,8
FRONTERA_CICLO_AJUSTE_V64_CLOSED_PASS_NETWORK_COVERAGE_AND_SECTOR_MAPPING(3).zip,FUENTES_V56.md,FUENTES_V56.md,1270,1201168601,FRONTERA_CICLO_AJUSTE_V64_CLOSED_PASS_NETWORK_COVERAGE_AND_SECTOR_MAPPING(3).zip::v64/BASE_V63.zip::BASE_V62.zip::BASE_V61.zip::BASE_V60.zip::BASE_V59.zip::BASE_V58.zip::BASE_V57.zip::BASE_V56.zip,zip,fuentesv56md,8
FRONTERA_CICLO_AJUSTE_V64_CLOSED_PASS_NETWORK_COVERAGE_AND_SECTOR_MAPPING(3).zip,AUDITORIA_V56.md,AUDITORIA_V56.md,1958,3875203169,FRONTERA_CICLO_AJUSTE_V64_CLOSED_PASS_NETWORK_COVERAGE_AND_SECTOR_MAPPING(3).zip::v64/BASE_V63.zip::BASE_V62.zip::BASE_V61.zip::BASE_V60.zip::BASE_V59.zip::BASE_V58.zip::BASE_V57.zip::BASE_V56.zip,zip,auditoriav56md,8
FRONTERA_CICLO_AJUSTE_V64_CLOSED_PASS_NETWORK_COVERAGE_AND_SECTOR_MAPPING(3).zip,PROMPT_CODEX_V57_API_VALUE_EXTRACTION_AND_RECONCILIATION.md,PROMPT_CODEX_V57_API_VALUE_EXTRACTION_AND_RECONCILIATION.md,1639,1234052454,FRONTERA_CICLO_AJUSTE_V64_CLOSED_PASS_NETWORK_COVERAGE_AND_SECTOR_MAPPING(3).zip::v64/BASE_V63.zip::BASE_V62.zip::BASE_V61.zip::BASE_V60.zip::BASE_V59.zip::BASE_V58.zip::BASE_V57.zip::BASE_V56.zip,zip,promptcodexv57apivalueextractionandreconciliationmd,8
FRONTERA_CICLO_AJUSTE_V64_CLOSED_PASS_NETWORK_COVERAGE_AND_SECTOR_MAPPING(3).zip,README_V56.md,README_V56.md,741,2692164018,FRONTERA_CICLO_AJUSTE_V64_CLOSED_PASS_NETWORK_COVERAGE_AND_SECTOR_MAPPING(3).zip::v64/BASE_V63.zip::BASE_V62.zip::BASE_V61.zip::BASE_V60.zip::BASE_V59.zip::BASE_V58.zip::BASE_V57.zip::BASE_V56.zip,zip,readmev56md,8
FRONTERA_CICLO_AJUSTE_V64_CLOSED_PASS_NETWORK_COVERAGE_AND_SECTOR_MAPPING(3).zip,SERIES_VALUE_BYTES_MANIFEST_V56.csv,SERIES_VALUE_BYTES_MANIFEST_V56.csv,1721,1992671686,FRONTERA_CICLO_AJUSTE_V64_CLOSED_PASS_NETWORK_COVERAGE_AND_SECTOR_MAPPING(3).zip::v64/BASE_V63.zip::BASE_V62.zip::BASE_V61.zip::BASE_V60.zip::BASE_V59.zip::BASE_V58.zip::BASE_V57.zip::BASE_V56.zip,zip,seriesvaluebytesmanifestv56csv,8
FRONTERA_CICLO_AJUSTE_V64_CLOSED_PASS_NETWORK_COVERAGE_AND_SECTOR_MAPPING(3).zip,QA_RESULT_V56.txt,QA_RESULT_V56.txt,5,3256905966,FRONTERA_CICLO_AJUSTE_V64_CLOSED_PASS_NETWORK_COVERAGE_AND_SECTOR_MAPPING(3).zip::v64/BASE_V63.zip::BASE_V62.zip::BASE_V61.zip::BASE_V60.zip::BASE_V59.zip::BASE_V58.zip::BASE_V57.zip::BASE_V56.zip,zip,qaresultv56txt,8
FRONTERA_CICLO_AJUSTE_V64_CLOSED_PASS_NETWORK_COVERAGE_AND_SECTOR_MAPPING(3).zip,BASE_V55.zip,BASE_V55.zip,308547,3407641759,FRONTERA_CICLO_AJUSTE_V64_CLOSED_PASS_NETWORK_COVERAGE_AND_SECTOR_MAPPING(3).zip::v64/BASE_V63.zip::BASE_V62.zip::BASE_V61.zip::BASE_V60.zip::BASE_V59.zip::BASE_V58.zip::BASE_V57.zip::BASE_V56.zip,zip,basev55zip,8
FRONTERA_CICLO_AJUSTE_V64_CLOSED_PASS_NETWORK_COVERAGE_AND_SECTOR_MAPPING(3).zip,ACCOUNTING_MODE_AXIS_V55.csv,ACCOUNTING_MODE_AXIS_V55.csv,699,3452533906,FRONTERA_CICLO_AJUSTE_V64_CLOSED_PASS_NETWORK_COVERAGE_AND_SECTOR_MAPPING(3).zip::v64/BASE_V63.zip::BASE_V62.zip::BASE_V61.zip::BASE_V60.zip::BASE_V59.zip::BASE_V58.zip::BASE_V57.zip::BASE_V56.zip::BASE_V55.zip,zip,accountingmodeaxisv55csv,9
FRONTERA_CICLO_AJUSTE_V64_CLOSED_PASS_NETWORK_COVERAGE_AND_SECTOR_MAPPING(3).zip,AUDITORIA_RECONCILIACION_V55.md,AUDITORIA_RECONCILIACION_V55.md,2954,954690639,FRONTERA_CICLO_AJUSTE_V64_CLOSED_PASS_NETWORK_COVERAGE_AND_SECTOR_MAPPING(3).zip::v64/BASE_V63.zip::BASE_V62.zip::BASE_V61.zip::BASE_V60.zip::BASE_V59.zip::BASE_V58.zip::BASE_V57.zip::BASE_V56.zip::BASE_V55.zip,zip,auditoriareconciliacionv55md,9
FRONTERA_CICLO_AJUSTE_V64_CLOSED_PASS_NETWORK_COVERAGE_AND_SECTOR_MAPPING(3).zip,BASE_V54.zip,BASE_V54.zip,89528,4191159782,FRONTERA_CICLO_AJUSTE_V64_CLOSED_PASS_NETWORK_COVERAGE_AND_SECTOR_MAPPING(3).zip::v64/BASE_V63.zip::BASE_V62.zip::BASE_V61.zip::BASE_V60.zip::BASE_V59.zip::BASE_V58.zip::BASE_V57.zip::BASE_V56.zip::BASE_V55.zip,zip,basev54zip,9
FRONTERA_CICLO_AJUSTE_V64_CLOSED_PASS_NETWORK_COVERAGE_AND_SECTOR_MAPPING(3).zip,AUDITORIA_MICRODATA_BRIDGE_V54.md,AUDITORIA_MICRODATA_BRIDGE_V54.md,5719,1640919157,FRONTERA_CICLO_AJUSTE_V64_CLOSED_PASS_NETWORK_COVERAGE_AND_SECTOR_MAPPING(3).zip::v64/BASE_V63.zip::BASE_V62.zip::BASE_V61.zip::BASE_V60.zip::BASE_V59.zip::BASE_V58.zip::BASE_V57.zip::BASE_V56.zip::BASE_V55.zip::BASE_V54.zip,zip,auditoriamicrodatabridgev54md,10
FRONTERA_CICLO_AJUSTE_V64_CLOSED_PASS_NETWORK_COVERAGE_AND_SECTOR_MAPPING(3).zip,BASE_V53.zip,BASE_V53.zip,60708,2634438224,FRONTERA_CICLO_AJUSTE_V64_CLOSED_PASS_NETWORK_COVERAGE_AND_SECTOR_MAPPING(3).zip::v64/BASE_V63.zip::BASE_V62.zip::BASE_V61.zip::BASE_V60.zip::BASE_V59.zip::BASE_V58.zip::BASE_V57.zip::BASE_V56.zip::BASE_V55.zip::BASE_V54.zip,zip,basev53zip,10
FRONTERA_CICLO_AJUSTE_V64_CLOSED_PASS_NETWORK_COVERAGE_AND_SECTOR_MAPPING(3).zip,AUDITORIA_CUANTIFICACION_CONTRAPARTES_V53.md,AUDITORIA_CUANTIFICACION_CONTRAPARTES_V53.md,8576,3068984065,FRONTERA_CICLO_AJUSTE_V64_CLOSED_PASS_NETWORK_COVERAGE_AND_SECTOR_MAPPING(3).zip::v64/BASE_V63.zip::BASE_V62.zip::BASE_V61.zip::BASE_V60.zip::BASE_V59.zip::BASE_V58.zip::BASE_V57.zip::BASE_V56.zip::BASE_V55.zip::BASE_V54.zip::BASE_V53.zip,zip,auditoriacuantificacioncontrapartesv53md,11
FRONTERA_CICLO_AJUSTE_V64_CLOSED_PASS_NETWORK_COVERAGE_AND_SECTOR_MAPPING(3).zip,BASE_V52.zip,BASE_V52.zip,30016,2693101034,FRONTERA_CICLO_AJUSTE_V64_CLOSED_PASS_NETWORK_COVERAGE_AND_SECTOR_MAPPING(3).zip::v64/BASE_V63.zip::BASE_V62.zip::BASE_V61.zip::BASE_V60.zip::BASE_V59.zip::BASE_V58.zip::BASE_V57.zip::BASE_V56.zip::BASE_V55.zip::BASE_V54.zip::BASE_V53.zip,zip,basev52zip,11
FRONTERA_CICLO_AJUSTE_V64_CLOSED_PASS_NETWORK_COVERAGE_AND_SECTOR_MAPPING(3).zip,AUDITORIA_CONTRAPARTES_V52.md,AUDITORIA_CONTRAPARTES_V52.md,10790,1141669530,FRONTERA_CICLO_AJUSTE_V64_CLOSED_PASS_NETWORK_COVERAGE_AND_SECTOR_MAPPING(3).zip::v64/BASE_V63.zip::BASE_V62.zip::BASE_V61.zip::BASE_V60.zip::BASE_V59.zip::BASE_V58.zip::BASE_V57.zip::BASE_V56.zip::BASE_V55.zip::BASE_V54.zip::BASE_V53.zip::BASE_V52.zip,zip,auditoriacontrapartesv52md,12
FRONTERA_CICLO_AJUSTE_V64_CLOSED_PASS_NETWORK_COVERAGE_AND_SECTOR_MAPPING(3).zip,COMPONENT_COUNTERPARTY_MAP_V52.csv,COMPONENT_COUNTERPARTY_MAP_V52.csv,10923,221048505,FRONTERA_CICLO_AJUSTE_V64_CLOSED_PASS_NETWORK_COVERAGE_AND_SECTOR_MAPPING(3).zip::v64/BASE_V63.zip::BASE_V62.zip::BASE_V61.zip::BASE_V60.zip::BASE_V59.zip::BASE_V58.zip::BASE_V57.zip::BASE_V56.zip::BASE_V55.zip::BASE_V54.zip::BASE_V53.zip::BASE_V52.zip,zip,componentcounterpartymapv52csv,12
FRONTERA_CICLO_AJUSTE_V64_CLOSED_PASS_NETWORK_COVERAGE_AND_SECTOR_MAPPING(3).zip,EVIDENCE_LEDGER_CICLO_AJUSTE_V52.csv,EVIDENCE_LEDGER_CICLO_AJUSTE_V52.csv,29452,2822240886,FRONTERA_CICLO_AJUSTE_V64_CLOSED_PASS_NETWORK_COVERAGE_AND_SECTOR_MAPPING(3).zip::v64/BASE_V63.zip::BASE_V62.zip::BASE_V61.zip::BASE_V60.zip::BASE_V59.zip::BASE_V58.zip::BASE_V57.zip::BASE_V56.zip::BASE_V55.zip::BASE_V54.zip::BASE_V53.zip::BASE_V52.zip,zip,evidenceledgercicloajustev52csv,12
FRONTERA_CICLO_AJUSTE_V64_CLOSED_PASS_NETWORK_COVERAGE_AND_SECTOR_MAPPING(3).zip,FALSIFICADORES_INCIDENCE_V52.csv,FALSIFICADORES_INCIDENCE_V52.csv,1704,733707846,FRONTERA_CICLO_AJUSTE_V64_CLOSED_PASS_NETWORK_COVERAGE_AND_SECTOR_MAPPING(3).zip::v64/BASE_V63.zip::BASE_V62.zip::BASE_V61.zip::BASE_V60.zip::BASE_V59.zip::BASE_V58.zip::BASE_V57.zip::BASE_V56.zip::BASE_V55.zip::BASE_V54.zip::BASE_V53.zip::BASE_V52.zip,zip,falsificadoresincidencev52csv,12
FRONTERA_CICLO_AJUSTE_V64_CLOSED_PASS_NETWORK_COVERAGE_AND_SECTOR_MAPPING(3).zip,HOUSEHOLD_LINK_CLASSIFICATION_V52.csv,HOUSEHOLD_LINK_CLASSIFICATION_V52.csv,2318,2469493028,FRONTERA_CICLO_AJUSTE_V64_CLOSED_PASS_NETWORK_COVERAGE_AND_SECTOR_MAPPING(3).zip::v64/BASE_V63.zip::BASE_V62.zip::BASE_V61.zip::BASE_V60.zip::BASE_V59.zip::BASE_V58.zip::BASE_V57.zip::BASE_V56.zip::BASE_V55.zip::BASE_V54.zip::BASE_V53.zip::BASE_V52.zip,zip,householdlinkclassificationv52csv,12
FRONTERA_CICLO_AJUSTE_V64_CLOSED_PASS_NETWORK_COVERAGE_AND_SECTOR_MAPPING(3).zip,INCIDENCE_CHAIN_V52.csv,INCIDENCE_CHAIN_V52.csv,4179,1507603432,FRONTERA_CICLO_AJUSTE_V64_CLOSED_PASS_NETWORK_COVERAGE_AND_SECTOR_MAPPING(3).zip::v64/BASE_V63.zip::BASE_V62.zip::BASE_V61.zip::BASE_V60.zip::BASE_V59.zip::BASE_V58.zip::BASE_V57.zip::BASE_V56.zip::BASE_V55.zip::BASE_V54.zip::BASE_V53.zip::BASE_V52.zip,zip,incidencechainv52csv,12
FRONTERA_CICLO_AJUSTE_V64_CLOSED_PASS_NETWORK_COVERAGE_AND_SECTOR_MAPPING(3).zip,MANIFEST_V52.json,MANIFEST_V52.json,3066,2435890137,FRONTERA_CICLO_AJUSTE_V64_CLOSED_PASS_NETWORK_COVERAGE_AND_SECTOR_MAPPING(3).zip::v64/BASE_V63.zip::BASE_V62.zip::BASE_V61.zip::BASE_V60.zip::BASE_V59.zip::BASE_V58.zip::BASE_V57.zip::BASE_V56.zip::BASE_V55.zip::BASE_V54.zip::BASE_V53.zip::BASE_V52.zip,zip,manifestv52json,12
FRONTERA_CICLO_AJUSTE_V64_CLOSED_PASS_NETWORK_COVERAGE_AND_SECTOR_MAPPING(3).zip,PROMPT_CODEX_V53_COUNTERPARTY_QUANTIFICATION.md,PROMPT_CODEX_V53_COUNTERPARTY_QUANTIFICATION.md,2245,3992379914,FRONTERA_CICLO_AJUSTE_V64_CLOSED_PASS_NETWORK_COVERAGE_AND_SECTOR_MAPPING(3).zip::v64/BASE_V63.zip::BASE_V62.zip::BASE_V61.zip::BASE_V60.zip::BASE_V59.zip::BASE_V58.zip::BASE_V57.zip::BASE_V56.zip::BASE_V55.zip::BASE_V54.zip::BASE_V53.zip::BASE_V52.zip,zip,promptcodexv53counterpartyquantificationmd,12
FRONTERA_CICLO_AJUSTE_V64_CLOSED_PASS_NETWORK_COVERAGE_AND_SECTOR_MAPPING(3).zip,README_V52.md,README_V52.md,1435,967710712,FRONTERA_CICLO_AJUSTE_V64_CLOSED_PASS_NETWORK_COVERAGE_AND_SECTOR_MAPPING(3).zip::v64/BASE_V63.zip::BASE_V62.zip::BASE_V61.zip::BASE_V60.zip::BASE_V59.zip::BASE_V58.zip::BASE_V57.zip::BASE_V56.zip::BASE_V55.zip::BASE_V54.zip::BASE_V53.zip::BASE_V52.zip,zip,readmev52md,12
FRONTERA_CICLO_AJUSTE_V64_CLOSED_PASS_NETWORK_COVERAGE_AND_SECTOR_MAPPING(3).zip,VEREDICTO_CONTRAPARTES_V52.md,VEREDICTO_CONTRAPARTES_V52.md,2555,1531089469,FRONTERA_CICLO_AJUSTE_V64_CLOSED_PASS_NETWORK_COVERAGE_AND_SECTOR_MAPPING(3).zip::v64/BASE_V63.zip::BASE_V62.zip::BASE_V61.zip::BASE_V60.zip::BASE_V59.zip::BASE_V58.zip::BASE_V57.zip::BASE_V56.zip::BASE_V55.zip::BASE_V54.zip::BASE_V53.zip::BASE_V52.zip,zip,veredictocontrapartesv52md,12
FRONTERA_CICLO_AJUSTE_V64_CLOSED_PASS_NETWORK_COVERAGE_AND_SECTOR_MAPPING(3).zip,qa_v52.py,qa_v52.py,1481,3727353323,FRONTERA_CICLO_AJUSTE_V64_CLOSED_PASS_NETWORK_COVERAGE_AND_SECTOR_MAPPING(3).zip::v64/BASE_V63.zip::BASE_V62.zip::BASE_V61.zip::BASE_V60.zip::BASE_V59.zip::BASE_V58.zip::BASE_V57.zip::BASE_V56.zip::BASE_V55.zip::BASE_V54.zip::BASE_V53.zip::BASE_V52.zip,zip,qav52py,12
FRONTERA_CICLO_AJUSTE_V64_CLOSED_PASS_NETWORK_COVERAGE_AND_SECTOR_MAPPING(3).zip,CER_ASSET_LIABILITY_SECTOR_MAP_V53.csv,CER_ASSET_LIABILITY_SECTOR_MAP_V53.csv,1928,2424930496,FRONTERA_CICLO_AJUSTE_V64_CLOSED_PASS_NETWORK_COVERAGE_AND_SECTOR_MAPPING(3).zip::v64/BASE_V63.zip::BASE_V62.zip::BASE_V61.zip::BASE_V60.zip::BASE_V59.zip::BASE_V58.zip::BASE_V57.zip::BASE_V56.zip::BASE_V55.zip::BASE_V54.zip::BASE_V53.zip,zip,cerassetliabilitysectormapv53csv,11
FRONTERA_CICLO_AJUSTE_V64_CLOSED_PASS_NETWORK_COVERAGE_AND_SECTOR_MAPPING(3).zip,EVIDENCE_LEDGER_CICLO_AJUSTE_V53.csv,EVIDENCE_LEDGER_CICLO_AJUSTE_V53.csv,32838,1291886418,FRONTERA_CICLO_AJUSTE_V64_CLOSED_PASS_NETWORK_COVERAGE_AND_SECTOR_MAPPING(3).zip::v64/BASE_V63.zip::BASE_V62.zip::BASE_V61.zip::BASE_V60.zip::BASE_V59.zip::BASE_V58.zip::BASE_V57.zip::BASE_V56.zip::BASE_V55.zip::BASE_V54.zip::BASE_V53.zip,zip,evidenceledgercicloajustev53csv,11
FRONTERA_CICLO_AJUSTE_V64_CLOSED_PASS_NETWORK_COVERAGE_AND_SECTOR_MAPPING(3).zip,FUENTES_V53.md,FUENTES_V53.md,1790,3905457752,FRONTERA_CICLO_AJUSTE_V64_CLOSED_PASS_NETWORK_COVERAGE_AND_SECTOR_MAPPING(3).zip::v64/BASE_V63.zip::BASE_V62.zip::BASE_V61.zip::BASE_V60.zip::BASE_V59.zip::BASE_V58.zip::BASE_V57.zip::BASE_V56.zip::BASE_V55.zip::BASE_V54.zip::BASE_V53.zip,zip,fuentesv53md,11
FRONTERA_CICLO_AJUSTE_V64_CLOSED_PASS_NETWORK_COVERAGE_AND_SECTOR_MAPPING(3).zip,FX_GROSS_COUNTERPARTY_MAP_V53.csv,FX_GROSS_COUNTERPARTY_MAP_V53.csv,2845,3945359840,FRONTERA_CICLO_AJUSTE_V64_CLOSED_PASS_NETWORK_COVERAGE_AND_SECTOR_MAPPING(3).zip::v64/BASE_V63.zip::BASE_V62.zip::BASE_V61.zip::BASE_V60.zip::BASE_V59.zip::BASE_V58.zip::BASE_V57.zip::BASE_V56.zip::BASE_V55.zip::BASE_V54.zip::BASE_V53.zip,zip,fxgrosscounterpartymapv53csv,11
FRONTERA_CICLO_AJUSTE_V64_CLOSED_PASS_NETWORK_COVERAGE_AND_SECTOR_MAPPING(3).zip,HOUSEHOLD_DIRECT_FLOW_BOUND_V53.csv,HOUSEHOLD_DIRECT_FLOW_BOUND_V53.csv,2566,3922136717,FRONTERA_CICLO_AJUSTE_V64_CLOSED_PASS_NETWORK_COVERAGE_AND_SECTOR_MAPPING(3).zip::v64/BASE_V63.zip::BASE_V62.zip::BASE_V61.zip::BASE_V60.zip::BASE_V59.zip::BASE_V58.zip::BASE_V57.zip::BASE_V56.zip::BASE_V55.zip::BASE_V54.zip::BASE_V53.zip,zip,householddirectflowboundv53csv,11
FRONTERA_CICLO_AJUSTE_V64_CLOSED_PASS_NETWORK_COVERAGE_AND_SECTOR_MAPPING(3).zip,INTEREST_INCOME_SECTOR_SPLIT_V53.csv,INTEREST_INCOME_SECTOR_SPLIT_V53.csv,1914,3323966839,FRONTERA_CICLO_AJUSTE_V64_CLOSED_PASS_NETWORK_COVERAGE_AND_SECTOR_MAPPING(3).zip::v64/BASE_V63.zip::BASE_V62.zip::BASE_V61.zip::BASE_V60.zip::BASE_V59.zip::BASE_V58.zip::BASE_V57.zip::BASE_V56.zip::BASE_V55.zip::BASE_V54.zip::BASE_V53.zip,zip,interestincomesectorsplitv53csv,11
FRONTERA_CICLO_AJUSTE_V64_CLOSED_PASS_NETWORK_COVERAGE_AND_SECTOR_MAPPING(3).zip,MANIFEST_V53.json,MANIFEST_V53.json,3151,3397775879,FRONTERA_CICLO_AJUSTE_V64_CLOSED_PASS_NETWORK_COVERAGE_AND_SECTOR_MAPPING(3).zip::v64/BASE_V63.zip::BASE_V62.zip::BASE_V61.zip::BASE_V60.zip::BASE_V59.zip::BASE_V58.zip::BASE_V57.zip::BASE_V56.zip::BASE_V55.zip::BASE_V54.zip::BASE_V53.zip,zip,manifestv53json,11
FRONTERA_CICLO_AJUSTE_V64_CLOSED_PASS_NETWORK_COVERAGE_AND_SECTOR_MAPPING(3).zip,PROMPT_CODEX_V54_RAW_BCRA_MICRODATA.md,PROMPT_CODEX_V54_RAW_BCRA_MICRODATA.md,3199,1476505167,FRONTERA_CICLO_AJUSTE_V64_CLOSED_PASS_NETWORK_COVERAGE_AND_SECTOR_MAPPING(3).zip::v64/BASE_V63.zip::BASE_V62.zip::BASE_V61.zip::BASE_V60.zip::BASE_V59.zip::BASE_V58.zip::BASE_V57.zip::BASE_V56.zip::BASE_V55.zip::BASE_V54.zip::BASE_V53.zip,zip,promptcodexv54rawbcramicrodatamd,11
FRONTERA_CICLO_AJUSTE_V64_CLOSED_PASS_NETWORK_COVERAGE_AND_SECTOR_MAPPING(3).zip,README_V53.md,README_V53.md,1622,2934203907,FRONTERA_CICLO_AJUSTE_V64_CLOSED_PASS_NETWORK_COVERAGE_AND_SECTOR_MAPPING(3).zip::v64/BASE_V63.zip::BASE_V62.zip::BASE_V61.zip::BASE_V60.zip::BASE_V59.zip::BASE_V58.zip::BASE_V57.zip::BASE_V56.zip::BASE_V55.zip::BASE_V54.zip::BASE_V53.zip,zip,readmev53md,11
FRONTERA_CICLO_AJUSTE_V64_CLOSED_PASS_NETWORK_COVERAGE_AND_SECTOR_MAPPING(3).zip,SECURITIES_ISSUER_VALUATION_SPLIT_V53.csv,SECURITIES_ISSUER_VALUATION_SPLIT_V53.csv,3994,1151985647,FRONTERA_CICLO_AJUSTE_V64_CLOSED_PASS_NETWORK_COVERAGE_AND_SECTOR_MAPPING(3).zip::v64/BASE_V63.zip::BASE_V62.zip::BASE_V61.zip::BASE_V60.zip::BASE_V59.zip::BASE_V58.zip::BASE_V57.zip::BASE_V56.zip::BASE_V55.zip::BASE_V54.zip::BASE_V53.zip,zip,securitiesissuervaluationsplitv53csv,11
FRONTERA_CICLO_AJUSTE_V64_CLOSED_PASS_NETWORK_COVERAGE_AND_SECTOR_MAPPING(3).zip,VEREDICTO_CUANTIFICACION_CONTRAPARTES_V53.md,VEREDICTO_CUANTIFICACION_CONTRAPARTES_V53.md,2689,3561875554,FRONTERA_CICLO_AJUSTE_V64_CLOSED_PASS_NETWORK_COVERAGE_AND_SECTOR_MAPPING(3).zip::v64/BASE_V63.zip::BASE_V62.zip::BASE_V61.zip::BASE_V60.zip::BASE_V59.zip::BASE_V58.zip::BASE_V57.zip::BASE_V56.zip::BASE_V55.zip::BASE_V54.zip::BASE_V53.zip,zip,veredictocuantificacioncontrapartesv53md,11
FRONTERA_CICLO_AJUSTE_V64_CLOSED_PASS_NETWORK_COVERAGE_AND_SECTOR_MAPPING(3).zip,qa_v53.py,qa_v53.py,2329,4075672873,FRONTERA_CICLO_AJUSTE_V64_CLOSED_PASS_NETWORK_COVERAGE_AND_SECTOR_MAPPING(3).zip::v64/BASE_V63.zip::BASE_V62.zip::BASE_V61.zip::BASE_V60.zip::BASE_V59.zip::BASE_V58.zip::BASE_V57.zip::BASE_V56.zip::BASE_V55.zip::BASE_V54.zip::BASE_V53.zip,zip,qav53py,11
FRONTERA_CICLO_AJUSTE_V64_CLOSED_PASS_NETWORK_COVERAGE_AND_SECTOR_MAPPING(3).zip,CER_GROSS_BRIDGE_V54.csv,CER_GROSS_BRIDGE_V54.csv,1298,1763478116,FRONTERA_CICLO_AJUSTE_V64_CLOSED_PASS_NETWORK_COVERAGE_AND_SECTOR_MAPPING(3).zip::v64/BASE_V63.zip::BASE_V62.zip::BASE_V61.zip::BASE_V60.zip::BASE_V59.zip::BASE_V58.zip::BASE_V57.zip::BASE_V56.zip::BASE_V55.zip::BASE_V54.zip,zip,cergrossbridgev54csv,10
FRONTERA_CICLO_AJUSTE_V64_CLOSED_PASS_NETWORK_COVERAGE_AND_SECTOR_MAPPING(3).zip,EVIDENCE_LEDGER_CICLO_AJUSTE_V54.csv,EVIDENCE_LEDGER_CICLO_AJUSTE_V54.csv,35891,2651049975,FRONTERA_CICLO_AJUSTE_V64_CLOSED_PASS_NETWORK_COVERAGE_AND_SECTOR_MAPPING(3).zip::v64/BASE_V63.zip::BASE_V62.zip::BASE_V61.zip::BASE_V60.zip::BASE_V59.zip::BASE_V58.zip::BASE_V57.zip::BASE_V56.zip::BASE_V55.zip::BASE_V54.zip,zip,evidenceledgercicloajustev54csv,10
FRONTERA_CICLO_AJUSTE_V64_CLOSED_PASS_NETWORK_COVERAGE_AND_SECTOR_MAPPING(3).zip,FUENTES_V54.md,FUENTES_V54.md,1899,881832952,FRONTERA_CICLO_AJUSTE_V64_CLOSED_PASS_NETWORK_COVERAGE_AND_SECTOR_MAPPING(3).zip::v64/BASE_V63.zip::BASE_V62.zip::BASE_V61.zip::BASE_V60.zip::BASE_V59.zip::BASE_V58.zip::BASE_V57.zip::BASE_V56.zip::BASE_V55.zip::BASE_V54.zip,zip,fuentesv54md,10
FRONTERA_CICLO_AJUSTE_V64_CLOSED_PASS_NETWORK_COVERAGE_AND_SECTOR_MAPPING(3).zip,FX_GROSS_RESULT_BRIDGE_V54.csv,FX_GROSS_RESULT_BRIDGE_V54.csv,1199,3402975375,FRONTERA_CICLO_AJUSTE_V64_CLOSED_PASS_NETWORK_COVERAGE_AND_SECTOR_MAPPING(3).zip::v64/BASE_V63.zip::BASE_V62.zip::BASE_V61.zip::BASE_V60.zip::BASE_V59.zip::BASE_V58.zip::BASE_V57.zip::BASE_V56.zip::BASE_V55.zip::BASE_V54.zip,zip,fxgrossresultbridgev54csv,10
FRONTERA_CICLO_AJUSTE_V64_CLOSED_PASS_NETWORK_COVERAGE_AND_SECTOR_MAPPING(3).zip,INTEREST_INCOME_ACCOUNTING_BRIDGE_V54.csv,INTEREST_INCOME_ACCOUNTING_BRIDGE_V54.csv,1406,1355639883,FRONTERA_CICLO_AJUSTE_V64_CLOSED_PASS_NETWORK_COVERAGE_AND_SECTOR_MAPPING(3).zip::v64/BASE_V63.zip::BASE_V62.zip::BASE_V61.zip::BASE_V60.zip::BASE_V59.zip::BASE_V58.zip::BASE_V57.zip::BASE_V56.zip::BASE_V55.zip::BASE_V54.zip,zip,interestincomeaccountingbridgev54csv,10
FRONTERA_CICLO_AJUSTE_V64_CLOSED_PASS_NETWORK_COVERAGE_AND_SECTOR_MAPPING(3).zip,MANIFEST_V54.json,MANIFEST_V54.json,3560,650712362,FRONTERA_CICLO_AJUSTE_V64_CLOSED_PASS_NETWORK_COVERAGE_AND_SECTOR_MAPPING(3).zip::v64/BASE_V63.zip::BASE_V62.zip::BASE_V61.zip::BASE_V60.zip::BASE_V59.zip::BASE_V58.zip::BASE_V57.zip::BASE_V56.zip::BASE_V55.zip::BASE_V54.zip,zip,manifestv54json,10
FRONTERA_CICLO_AJUSTE_V64_CLOSED_PASS_NETWORK_COVERAGE_AND_SECTOR_MAPPING(3).zip,PROMPT_CODEX_V55_BYTE_MATERIALIZATION_AND_SUBACCOUNT_RECONCILIATION.md,PROMPT_CODEX_V55_BYTE_MATERIALIZATION_AND_SUBACCOUNT_RECONCILIATION.md,3086,444971051,FRONTERA_CICLO_AJUSTE_V64_CLOSED_PASS_NETWORK_COVERAGE_AND_SECTOR_MAPPING(3).zip::v64/BASE_V63.zip::BASE_V62.zip::BASE_V61.zip::BASE_V60.zip::BASE_V59.zip::BASE_V58.zip::BASE_V57.zip::BASE_V56.zip::BASE_V55.zip::BASE_V54.zip,zip,promptcodexv55bytematerializationandsubaccountreconciliationmd,10
FRONTERA_CICLO_AJUSTE_V64_CLOSED_PASS_NETWORK_COVERAGE_AND_SECTOR_MAPPING(3).zip,Q4_2023_JOINT_COUNTERPARTY_PARTITION_V54.csv,Q4_2023_JOINT_COUNTERPARTY_PARTITION_V54.csv,1218,3873685717,FRONTERA_CICLO_AJUSTE_V64_CLOSED_PASS_NETWORK_COVERAGE_AND_SECTOR_MAPPING(3).zip::v64/BASE_V63.zip::BASE_V62.zip::BASE_V61.zip::BASE_V60.zip::BASE_V59.zip::BASE_V58.zip::BASE_V57.zip::BASE_V56.zip::BASE_V55.zip::BASE_V54.zip,zip,q42023jointcounterpartypartitionv54csv,10
FRONTERA_CICLO_AJUSTE_V64_CLOSED_PASS_NETWORK_COVERAGE_AND_SECTOR_MAPPING(3).zip,QA_RESULT_V54.txt,QA_RESULT_V54.txt,5,3256905966,FRONTERA_CICLO_AJUSTE_V64_CLOSED_PASS_NETWORK_COVERAGE_AND_SECTOR_MAPPING(3).zip::v64/BASE_V63.zip::BASE_V62.zip::BASE_V61.zip::BASE_V60.zip::BASE_V59.zip::BASE_V58.zip::BASE_V57.zip::BASE_V56.zip::BASE_V55.zip::BASE_V54.zip,zip,qaresultv54txt,10
FRONTERA_CICLO_AJUSTE_V64_CLOSED_PASS_NETWORK_COVERAGE_AND_SECTOR_MAPPING(3).zip,RAW_SOURCE_MANIFEST_V54.csv,RAW_SOURCE_MANIFEST_V54.csv,4086,3355249895,FRONTERA_CICLO_AJUSTE_V64_CLOSED_PASS_NETWORK_COVERAGE_AND_SECTOR_MAPPING(3).zip::v64/BASE_V63.zip::BASE_V62.zip::BASE_V61.zip::BASE_V60.zip::BASE_V59.zip::BASE_V58.zip::BASE_V57.zip::BASE_V56.zip::BASE_V55.zip::BASE_V54.zip,zip,rawsourcemanifestv54csv,10
FRONTERA_CICLO_AJUSTE_V64_CLOSED_PASS_NETWORK_COVERAGE_AND_SECTOR_MAPPING(3).zip,README_V54.md,README_V54.md,1151,557525011,FRONTERA_CICLO_AJUSTE_V64_CLOSED_PASS_NETWORK_COVERAGE_AND_SECTOR_MAPPING(3).zip::v64/BASE_V63.zip::BASE_V62.zip::BASE_V61.zip::BASE_V60.zip::BASE_V59.zip::BASE_V58.zip::BASE_V57.zip::BASE_V56.zip::BASE_V55.zip::BASE_V54.zip,zip,readmev54md,10
FRONTERA_CICLO_AJUSTE_V64_CLOSED_PASS_NETWORK_COVERAGE_AND_SECTOR_MAPPING(3).zip,SECURITIES_RESULT_BRIDGE_V54.csv,SECURITIES_RESULT_BRIDGE_V54.csv,1403,4022876793,FRONTERA_CICLO_AJUSTE_V64_CLOSED_PASS_NETWORK_COVERAGE_AND_SECTOR_MAPPING(3).zip::v64/BASE_V63.zip::BASE_V62.zip::BASE_V61.zip::BASE_V60.zip::BASE_V59.zip::BASE_V58.zip::BASE_V57.zip::BASE_V56.zip::BASE_V55.zip::BASE_V54.zip,zip,securitiesresultbridgev54csv,10
FRONTERA_CICLO_AJUSTE_V64_CLOSED_PASS_NETWORK_COVERAGE_AND_SECTOR_MAPPING(3).zip,VEREDICTO_MICRODATA_BRIDGE_V54.md,VEREDICTO_MICRODATA_BRIDGE_V54.md,2066,3936993609,FRONTERA_CICLO_AJUSTE_V64_CLOSED_PASS_NETWORK_COVERAGE_AND_SECTOR_MAPPING(3).zip::v64/BASE_V63.zip::BASE_V62.zip::BASE_V61.zip::BASE_V60.zip::BASE_V59.zip::BASE_V58.zip::BASE_V57.zip::BASE_V56.zip::BASE_V55.zip::BASE_V54.zip,zip,veredictomicrodatabridgev54md,10
FRONTERA_CICLO_AJUSTE_V64_CLOSED_PASS_NETWORK_COVERAGE_AND_SECTOR_MAPPING(3).zip,qa_v54.py,qa_v54.py,1477,1824512938,FRONTERA_CICLO_AJUSTE_V64_CLOSED_PASS_NETWORK_COVERAGE_AND_SECTOR_MAPPING(3).zip::v64/BASE_V63.zip::BASE_V62.zip::BASE_V61.zip::BASE_V60.zip::BASE_V59.zip::BASE_V58.zip::BASE_V57.zip::BASE_V56.zip::BASE_V55.zip::BASE_V54.zip,zip,qav54py,10
FRONTERA_CICLO_AJUSTE_V64_CLOSED_PASS_NETWORK_COVERAGE_AND_SECTOR_MAPPING(3).zip,CER_GROSS_RECONCILIATION_V55.csv,CER_GROSS_RECONCILIATION_V55.csv,769,424658597,FRONTERA_CICLO_AJUSTE_V64_CLOSED_PASS_NETWORK_COVERAGE_AND_SECTOR_MAPPING(3).zip::v64/BASE_V63.zip::BASE_V62.zip::BASE_V61.zip::BASE_V60.zip::BASE_V59.zip::BASE_V58.zip::BASE_V57.zip::BASE_V56.zip::BASE_V55.zip,zip,cergrossreconciliationv55csv,9
FRONTERA_CICLO_AJUSTE_V64_CLOSED_PASS_NETWORK_COVERAGE_AND_SECTOR_MAPPING(3).zip,COUNTERPARTY_AXIS_V55.csv,COUNTERPARTY_AXIS_V55.csv,783,1856850215,FRONTERA_CICLO_AJUSTE_V64_CLOSED_PASS_NETWORK_COVERAGE_AND_SECTOR_MAPPING(3).zip::v64/BASE_V63.zip::BASE_V62.zip::BASE_V61.zip::BASE_V60.zip::BASE_V59.zip::BASE_V58.zip::BASE_V57.zip::BASE_V56.zip::BASE_V55.zip,zip,counterpartyaxisv55csv,9
FRONTERA_CICLO_AJUSTE_V64_CLOSED_PASS_NETWORK_COVERAGE_AND_SECTOR_MAPPING(3).zip,EVIDENCE_LEDGER_CICLO_AJUSTE_V55.csv,EVIDENCE_LEDGER_CICLO_AJUSTE_V55.csv,37476,769167957,FRONTERA_CICLO_AJUSTE_V64_CLOSED_PASS_NETWORK_COVERAGE_AND_SECTOR_MAPPING(3).zip::v64/BASE_V63.zip::BASE_V62.zip::BASE_V61.zip::BASE_V60.zip::BASE_V59.zip::BASE_V58.zip::BASE_V57.zip::BASE_V56.zip::BASE_V55.zip,zip,evidenceledgercicloajustev55csv,9
FRONTERA_CICLO_AJUSTE_V64_CLOSED_PASS_NETWORK_COVERAGE_AND_SECTOR_MAPPING(3).zip,FUENTES_V55.md,FUENTES_V55.md,1595,2045476171,FRONTERA_CICLO_AJUSTE_V64_CLOSED_PASS_NETWORK_COVERAGE_AND_SECTOR_MAPPING(3).zip::v64/BASE_V63.zip::BASE_V62.zip::BASE_V61.zip::BASE_V60.zip::BASE_V59.zip::BASE_V58.zip::BASE_V57.zip::BASE_V56.zip::BASE_V55.zip,zip,fuentesv55md,9
FRONTERA_CICLO_AJUSTE_V64_CLOSED_PASS_NETWORK_COVERAGE_AND_SECTOR_MAPPING(3).zip,FX_MODE_RECONCILIATION_V55.csv,FX_MODE_RECONCILIATION_V55.csv,748,1599154258,FRONTERA_CICLO_AJUSTE_V64_CLOSED_PASS_NETWORK_COVERAGE_AND_SECTOR_MAPPING(3).zip::v64/BASE_V63.zip::BASE_V62.zip::BASE_V61.zip::BASE_V60.zip::BASE_V59.zip::BASE_V58.zip::BASE_V57.zip::BASE_V56.zip::BASE_V55.zip,zip,fxmodereconciliationv55csv,9
FRONTERA_CICLO_AJUSTE_V64_CLOSED_PASS_NETWORK_COVERAGE_AND_SECTOR_MAPPING(3).zip,INTEREST_SECTOR_RECONCILIATION_V55.csv,INTEREST_SECTOR_RECONCILIATION_V55.csv,1148,1522993080,FRONTERA_CICLO_AJUSTE_V64_CLOSED_PASS_NETWORK_COVERAGE_AND_SECTOR_MAPPING(3).zip::v64/BASE_V63.zip::BASE_V62.zip::BASE_V61.zip::BASE_V60.zip::BASE_V59.zip::BASE_V58.zip::BASE_V57.zip::BASE_V56.zip::BASE_V55.zip,zip,interestsectorreconciliationv55csv,9
FRONTERA_CICLO_AJUSTE_V64_CLOSED_PASS_NETWORK_COVERAGE_AND_SECTOR_MAPPING(3).zip,MANIFEST_V55.json,MANIFEST_V55.json,727,4094365357,FRONTERA_CICLO_AJUSTE_V64_CLOSED_PASS_NETWORK_COVERAGE_AND_SECTOR_MAPPING(3).zip::v64/BASE_V63.zip::BASE_V62.zip::BASE_V61.zip::BASE_V60.zip::BASE_V59.zip::BASE_V58.zip::BASE_V57.zip::BASE_V56.zip::BASE_V55.zip,zip,manifestv55json,9
FRONTERA_CICLO_AJUSTE_V64_CLOSED_PASS_NETWORK_COVERAGE_AND_SECTOR_MAPPING(3).zip,PROMPT_CODEX_V56_SERIES_VALUES_AND_NIIF_BRIDGE.md,PROMPT_CODEX_V56_SERIES_VALUES_AND_NIIF_BRIDGE.md,2013,3247092477,FRONTERA_CICLO_AJUSTE_V64_CLOSED_PASS_NETWORK_COVERAGE_AND_SECTOR_MAPPING(3).zip::v64/BASE_V63.zip::BASE_V62.zip::BASE_V61.zip::BASE_V60.zip::BASE_V59.zip::BASE_V58.zip::BASE_V57.zip::BASE_V56.zip::BASE_V55.zip,zip,promptcodexv56seriesvaluesandniifbridgemd,9
FRONTERA_CICLO_AJUSTE_V64_CLOSED_PASS_NETWORK_COVERAGE_AND_SECTOR_MAPPING(3).zip,QA_RESULT_V55.txt,QA_RESULT_V55.txt,9,2796055921,FRONTERA_CICLO_AJUSTE_V64_CLOSED_PASS_NETWORK_COVERAGE_AND_SECTOR_MAPPING(3).zip::v64/BASE_V63.zip::BASE_V62.zip::BASE_V61.zip::BASE_V60.zip::BASE_V59.zip::BASE_V58.zip::BASE_V57.zip::BASE_V56.zip::BASE_V55.zip,zip,qaresultv55txt,9
FRONTERA_CICLO_AJUSTE_V64_CLOSED_PASS_NETWORK_COVERAGE_AND_SECTOR_MAPPING(3).zip,RAW_BYTES_MANIFEST_V55.csv,RAW_BYTES_MANIFEST_V55.csv,4441,3653712268,FRONTERA_CICLO_AJUSTE_V64_CLOSED_PASS_NETWORK_COVERAGE_AND_SECTOR_MAPPING(3).zip::v64/BASE_V63.zip::BASE_V62.zip::BASE_V61.zip::BASE_V60.zip::BASE_V59.zip::BASE_V58.zip::BASE_V57.zip::BASE_V56.zip::BASE_V55.zip,zip,rawbytesmanifestv55csv,9
FRONTERA_CICLO_AJUSTE_V64_CLOSED_PASS_NETWORK_COVERAGE_AND_SECTOR_MAPPING(3).zip,README_V55.md,README_V55.md,716,2765300277,FRONTERA_CICLO_AJUSTE_V64_CLOSED_PASS_NETWORK_COVERAGE_AND_SECTOR_MAPPING(3).zip::v64/BASE_V63.zip::BASE_V62.zip::BASE_V61.zip::BASE_V60.zip::BASE_V59.zip::BASE_V58.zip::BASE_V57.zip::BASE_V56.zip::BASE_V55.zip,zip,readmev55md,9
FRONTERA_CICLO_AJUSTE_V64_CLOSED_PASS_NETWORK_COVERAGE_AND_SECTOR_MAPPING(3).zip,SECURITIES_RECONCILIATION_V55.csv,SECURITIES_RECONCILIATION_V55.csv,942,84094729,FRONTERA_CICLO_AJUSTE_V64_CLOSED_PASS_NETWORK_COVERAGE_AND_SECTOR_MAPPING(3).zip::v64/BASE_V63.zip::BASE_V62.zip::BASE_V61.zip::BASE_V60.zip::BASE_V59.zip::BASE_V58.zip::BASE_V57.zip::BASE_V56.zip::BASE_V55.zip,zip,securitiesreconciliationv55csv,9
FRONTERA_CICLO_AJUSTE_V64_CLOSED_PASS_NETWORK_COVERAGE_AND_SECTOR_MAPPING(3).zip,SUBACCOUNT_DICTIONARY_V55.csv,SUBACCOUNT_DICTIONARY_V55.csv,15084,151416654,FRONTERA_CICLO_AJUSTE_V64_CLOSED_PASS_NETWORK_COVERAGE_AND_SECTOR_MAPPING(3).zip::v64/BASE_V63.zip::BASE_V62.zip::BASE_V61.zip::BASE_V60.zip::BASE_V59.zip::BASE_V58.zip::BASE_V57.zip::BASE_V56.zip::BASE_V55.zip,zip,subaccountdictionaryv55csv,9
FRONTERA_CICLO_AJUSTE_V64_CLOSED_PASS_NETWORK_COVERAGE_AND_SECTOR_MAPPING(3).zip,VEREDICTO_RECONCILIACION_V55.md,VEREDICTO_RECONCILIACION_V55.md,2726,243150298,FRONTERA_CICLO_AJUSTE_V64_CLOSED_PASS_NETWORK_COVERAGE_AND_SECTOR_MAPPING(3).zip::v64/BASE_V63.zip::BASE_V62.zip::BASE_V61.zip::BASE_V60.zip::BASE_V59.zip::BASE_V58.zip::BASE_V57.zip::BASE_V56.zip::BASE_V55.zip,zip,veredictoreconciliacionv55md,9
FRONTERA_CICLO_AJUSTE_V64_CLOSED_PASS_NETWORK_COVERAGE_AND_SECTOR_MAPPING(3).zip,qa_v55.py,qa_v55.py,1149,434940574,FRONTERA_CICLO_AJUSTE_V64_CLOSED_PASS_NETWORK_COVERAGE_AND_SECTOR_MAPPING(3).zip::v64/BASE_V63.zip::BASE_V62.zip::BASE_V61.zip::BASE_V60.zip::BASE_V59.zip::BASE_V58.zip::BASE_V57.zip::BASE_V56.zip::BASE_V55.zip,zip,qav55py,9
FRONTERA_CICLO_AJUSTE_V64_CLOSED_PASS_NETWORK_COVERAGE_AND_SECTOR_MAPPING(3).zip,raw_cache/es_series.txt,es_series.txt,5827774,748657357,FRONTERA_CICLO_AJUSTE_V64_CLOSED_PASS_NETWORK_COVERAGE_AND_SECTOR_MAPPING(3).zip::v64/BASE_V63.zip::BASE_V62.zip::BASE_V61.zip::BASE_V60.zip::BASE_V59.zip::BASE_V58.zip::BASE_V57.zip::BASE_V56.zip::BASE_V55.zip,zip,esseriestxt,9
FRONTERA_CICLO_AJUSTE_V64_CLOSED_PASS_NETWORK_COVERAGE_AND_SECTOR_MAPPING(3).zip,MANIFEST_V56.json,MANIFEST_V56.json,3938,1448856948,FRONTERA_CICLO_AJUSTE_V64_CLOSED_PASS_NETWORK_COVERAGE_AND_SECTOR_MAPPING(3).zip::v64/BASE_V63.zip::BASE_V62.zip::BASE_V61.zip::BASE_V60.zip::BASE_V59.zip::BASE_V58.zip::BASE_V57.zip::BASE_V56.zip,zip,manifestv56json,8
FRONTERA_CICLO_AJUSTE_V64_CLOSED_PASS_NETWORK_COVERAGE_AND_SECTOR_MAPPING(3).zip,qa_v56.py,qa_v56.py,2132,1137530503,FRONTERA_CICLO_AJUSTE_V64_CLOSED_PASS_NETWORK_COVERAGE_AND_SECTOR_MAPPING(3).zip::v64/BASE_V63.zip::BASE_V62.zip::BASE_V61.zip::BASE_V60.zip::BASE_V59.zip::BASE_V58.zip::BASE_V57.zip::BASE_V56.zip,zip,qav56py,8
FRONTERA_CICLO_AJUSTE_V64_CLOSED_PASS_NETWORK_COVERAGE_AND_SECTOR_MAPPING(3).zip,COUNTERPARTY_UPDATE_V56.csv,COUNTERPARTY_UPDATE_V56.csv,548,1491076668,FRONTERA_CICLO_AJUSTE_V64_CLOSED_PASS_NETWORK_COVERAGE_AND_SECTOR_MAPPING(3).zip::v64/BASE_V63.zip::BASE_V62.zip::BASE_V61.zip::BASE_V60.zip::BASE_V59.zip::BASE_V58.zip::BASE_V57.zip::BASE_V56.zip,zip,counterpartyupdatev56csv,8
FRONTERA_CICLO_AJUSTE_V64_CLOSED_PASS_NETWORK_COVERAGE_AND_SECTOR_MAPPING(3).zip,EVIDENCE_LEDGER_CICLO_AJUSTE_V56.csv,EVIDENCE_LEDGER_CICLO_AJUSTE_V56.csv,39312,3821271819,FRONTERA_CICLO_AJUSTE_V64_CLOSED_PASS_NETWORK_COVERAGE_AND_SECTOR_MAPPING(3).zip::v64/BASE_V63.zip::BASE_V62.zip::BASE_V61.zip::BASE_V60.zip::BASE_V59.zip::BASE_V58.zip::BASE_V57.zip::BASE_V56.zip,zip,evidenceledgercicloajustev56csv,8
FRONTERA_CICLO_AJUSTE_V64_CLOSED_PASS_NETWORK_COVERAGE_AND_SECTOR_MAPPING(3).zip,raw_cache/es_series.txt,es_series.txt,5827774,748657357,FRONTERA_CICLO_AJUSTE_V64_CLOSED_PASS_NETWORK_COVERAGE_AND_SECTOR_MAPPING(3).zip::v64/BASE_V63.zip::BASE_V62.zip::BASE_V61.zip::BASE_V60.zip::BASE_V59.zip::BASE_V58.zip::BASE_V57.zip::BASE_V56.zip,zip,esseriestxt,8
FRONTERA_CICLO_AJUSTE_V64_CLOSED_PASS_NETWORK_COVERAGE_AND_SECTOR_MAPPING(3).zip,raw_cache/Series_estadisticas.xlsx,Series_estadisticas.xlsx,1507855,1320633598,FRONTERA_CICLO_AJUSTE_V64_CLOSED_PASS_NETWORK_COVERAGE_AND_SECTOR_MAPPING(3).zip::v64/BASE_V63.zip::BASE_V62.zip::BASE_V61.zip::BASE_V60.zip::BASE_V59.zip::BASE_V58.zip::BASE_V57.zip::BASE_V56.zip,zip,seriesestadisticasxlsx,8
FRONTERA_CICLO_AJUSTE_V64_CLOSED_PASS_NETWORK_COVERAGE_AND_SECTOR_MAPPING(3).zip,ACCOUNT_EQUIVALENCE_NIIF_V56.csv,ACCOUNT_EQUIVALENCE_NIIF_V56.csv,18940,3566337282,FRONTERA_CICLO_AJUSTE_V64_CLOSED_PASS_NETWORK_COVERAGE_AND_SECTOR_MAPPING(3).zip::v64/BASE_V63.zip::BASE_V62.zip::BASE_V61.zip::BASE_V60.zip::BASE_V59.zip::BASE_V58.zip::BASE_V57.zip::BASE_V56.zip,zip,accountequivalenceniifv56csv,8
FRONTERA_CICLO_AJUSTE_V64_CLOSED_PASS_NETWORK_COVERAGE_AND_SECTOR_MAPPING(3).zip,fetch_bcra_v4_values.py,fetch_bcra_v4_values.py,1563,4258899431,FRONTERA_CICLO_AJUSTE_V64_CLOSED_PASS_NETWORK_COVERAGE_AND_SECTOR_MAPPING(3).zip::v64/BASE_V63.zip::BASE_V62.zip::BASE_V61.zip::BASE_V60.zip::BASE_V59.zip::BASE_V58.zip::BASE_V57.zip::BASE_V56.zip,zip,fetchbcrav4valuespy,8
FRONTERA_CICLO_AJUSTE_V64_CLOSED_PASS_NETWORK_COVERAGE_AND_SECTOR_MAPPING(3).zip,MONTHLY_SUBACCOUNT_VALUES_2023_V56.csv,MONTHLY_SUBACCOUNT_VALUES_2023_V56.csv,10137,2754513223,FRONTERA_CICLO_AJUSTE_V64_CLOSED_PASS_NETWORK_COVERAGE_AND_SECTOR_MAPPING(3).zip::v64/BASE_V63.zip::BASE_V62.zip::BASE_V61.zip::BASE_V60.zip::BASE_V59.zip::BASE_V58.zip::BASE_V57.zip::BASE_V56.zip,zip,monthlysubaccountvalues2023v56csv,8
FRONTERA_CICLO_AJUSTE_V64_CLOSED_PASS_NETWORK_COVERAGE_AND_SECTOR_MAPPING(3).zip,OFFICIAL_CATALOG_SLICE_V56.csv,OFFICIAL_CATALOG_SLICE_V56.csv,17529,2871997340,FRONTERA_CICLO_AJUSTE_V64_CLOSED_PASS_NETWORK_COVERAGE_AND_SECTOR_MAPPING(3).zip::v64/BASE_V63.zip::BASE_V62.zip::BASE_V61.zip::BASE_V60.zip::BASE_V59.zip::BASE_V58.zip::BASE_V57.zip::BASE_V56.zip,zip,officialcatalogslicev56csv,8
FRONTERA_CICLO_AJUSTE_V64_CLOSED_PASS_NETWORK_COVERAGE_AND_SECTOR_MAPPING(3).zip,VEREDICTO_V56.md,VEREDICTO_V56.md,1131,786628932,FRONTERA_CICLO_AJUSTE_V64_CLOSED_PASS_NETWORK_COVERAGE_AND_SECTOR_MAPPING(3).zip::v64/BASE_V63.zip::BASE_V62.zip::BASE_V61.zip::BASE_V60.zip::BASE_V59.zip::BASE_V58.zip::BASE_V57.zip::BASE_V56.zip,zip,veredictov56md,8
FRONTERA_CICLO_AJUSTE_V64_CLOSED_PASS_NETWORK_COVERAGE_AND_SECTOR_MAPPING(3).zip,COUNTERPARTY_UPDATE_V57.csv,COUNTERPARTY_UPDATE_V57.csv,782,2916305718,FRONTERA_CICLO_AJUSTE_V64_CLOSED_PASS_NETWORK_COVERAGE_AND_SECTOR_MAPPING(3).zip::v64/BASE_V63.zip::BASE_V62.zip::BASE_V61.zip::BASE_V60.zip::BASE_V59.zip::BASE_V58.zip::BASE_V57.zip,zip,counterpartyupdatev57csv,7
FRONTERA_CICLO_AJUSTE_V64_CLOSED_PASS_NETWORK_COVERAGE_AND_SECTOR_MAPPING(3).zip,EVIDENCE_LEDGER_CICLO_AJUSTE_V57.csv,EVIDENCE_LEDGER_CICLO_AJUSTE_V57.csv,41708,3650130693,FRONTERA_CICLO_AJUSTE_V64_CLOSED_PASS_NETWORK_COVERAGE_AND_SECTOR_MAPPING(3).zip::v64/BASE_V63.zip::BASE_V62.zip::BASE_V61.zip::BASE_V60.zip::BASE_V59.zip::BASE_V58.zip::BASE_V57.zip,zip,evidenceledgercicloajustev57csv,7
FRONTERA_CICLO_AJUSTE_V64_CLOSED_PASS_NETWORK_COVERAGE_AND_SECTOR_MAPPING(3).zip,FUENTES_V57.md,FUENTES_V57.md,2126,1816966930,FRONTERA_CICLO_AJUSTE_V64_CLOSED_PASS_NETWORK_COVERAGE_AND_SECTOR_MAPPING(3).zip::v64/BASE_V63.zip::BASE_V62.zip::BASE_V61.zip::BASE_V60.zip::BASE_V59.zip::BASE_V58.zip::BASE_V57.zip,zip,fuentesv57md,7
FRONTERA_CICLO_AJUSTE_V64_CLOSED_PASS_NETWORK_COVERAGE_AND_SECTOR_MAPPING(3).zip,IPC_RESTATEMENT_COEFFICIENTS_V57.csv,IPC_RESTATEMENT_COEFFICIENTS_V57.csv,735,2429051065,FRONTERA_CICLO_AJUSTE_V64_CLOSED_PASS_NETWORK_COVERAGE_AND_SECTOR_MAPPING(3).zip::v64/BASE_V63.zip::BASE_V62.zip::BASE_V61.zip::BASE_V60.zip::BASE_V59.zip::BASE_V58.zip::BASE_V57.zip,zip,ipcrestatementcoefficientsv57csv,7
FRONTERA_CICLO_AJUSTE_V64_CLOSED_PASS_NETWORK_COVERAGE_AND_SECTOR_MAPPING(3).zip,MANIFEST_V57.json,MANIFEST_V57.json,3226,3808868569,FRONTERA_CICLO_AJUSTE_V64_CLOSED_PASS_NETWORK_COVERAGE_AND_SECTOR_MAPPING(3).zip::v64/BASE_V63.zip::BASE_V62.zip::BASE_V61.zip::BASE_V60.zip::BASE_V59.zip::BASE_V58.zip::BASE_V57.zip,zip,manifestv57json,7
FRONTERA_CICLO_AJUSTE_V64_CLOSED_PASS_NETWORK_COVERAGE_AND_SECTOR_MAPPING(3).zip,MONTHLY_SUBACCOUNT_VALUES_2023_V57.csv,MONTHLY_SUBACCOUNT_VALUES_2023_V57.csv,25977,3395576089,FRONTERA_CICLO_AJUSTE_V64_CLOSED_PASS_NETWORK_COVERAGE_AND_SECTOR_MAPPING(3).zip::v64/BASE_V63.zip::BASE_V62.zip::BASE_V61.zip::BASE_V60.zip::BASE_V59.zip::BASE_V58.zip::BASE_V57.zip,zip,monthlysubaccountvalues2023v57csv,7
FRONTERA_CICLO_AJUSTE_V64_CLOSED_PASS_NETWORK_COVERAGE_AND_SECTOR_MAPPING(3).zip,NOMINAL_RECONCILIATION_V57.csv,NOMINAL_RECONCILIATION_V57.csv,5092,2497660867,FRONTERA_CICLO_AJUSTE_V64_CLOSED_PASS_NETWORK_COVERAGE_AND_SECTOR_MAPPING(3).zip::v64/BASE_V63.zip::BASE_V62.zip::BASE_V61.zip::BASE_V60.zip::BASE_V59.zip::BASE_V58.zip::BASE_V57.zip,zip,nominalreconciliationv57csv,7
FRONTERA_CICLO_AJUSTE_V64_CLOSED_PASS_NETWORK_COVERAGE_AND_SECTOR_MAPPING(3).zip,POST2020_ACCUMULATED_RESULTS_V57.csv,POST2020_ACCUMULATED_RESULTS_V57.csv,5395,589873153,FRONTERA_CICLO_AJUSTE_V64_CLOSED_PASS_NETWORK_COVERAGE_AND_SECTOR_MAPPING(3).zip::v64/BASE_V63.zip::BASE_V62.zip::BASE_V61.zip::BASE_V60.zip::BASE_V59.zip::BASE_V58.zip::BASE_V57.zip,zip,post2020accumulatedresultsv57csv,7
FRONTERA_CICLO_AJUSTE_V64_CLOSED_PASS_NETWORK_COVERAGE_AND_SECTOR_MAPPING(3).zip,PP_TARGET_RECONCILIATION_V57.csv,PP_TARGET_RECONCILIATION_V57.csv,1495,817158950,FRONTERA_CICLO_AJUSTE_V64_CLOSED_PASS_NETWORK_COVERAGE_AND_SECTOR_MAPPING(3).zip::v64/BASE_V63.zip::BASE_V62.zip::BASE_V61.zip::BASE_V60.zip::BASE_V59.zip::BASE_V58.zip::BASE_V57.zip,zip,pptargetreconciliationv57csv,7
FRONTERA_CICLO_AJUSTE_V64_CLOSED_PASS_NETWORK_COVERAGE_AND_SECTOR_MAPPING(3).zip,PROMPT_CODEX_V58_MODERN_XLSX_SUBACCOUNT_BRIDGE.md,PROMPT_CODEX_V58_MODERN_XLSX_SUBACCOUNT_BRIDGE.md,2340,2934801191,FRONTERA_CICLO_AJUSTE_V64_CLOSED_PASS_NETWORK_COVERAGE_AND_SECTOR_MAPPING(3).zip::v64/BASE_V63.zip::BASE_V62.zip::BASE_V61.zip::BASE_V60.zip::BASE_V59.zip::BASE_V58.zip::BASE_V57.zip,zip,promptcodexv58modernxlsxsubaccountbridgemd,7
FRONTERA_CICLO_AJUSTE_V64_CLOSED_PASS_NETWORK_COVERAGE_AND_SECTOR_MAPPING(3).zip,PUBLICATION_REGIME_CORRECTION_V57.csv,PUBLICATION_REGIME_CORRECTION_V57.csv,1047,489099765,FRONTERA_CICLO_AJUSTE_V64_CLOSED_PASS_NETWORK_COVERAGE_AND_SECTOR_MAPPING(3).zip::v64/BASE_V63.zip::BASE_V62.zip::BASE_V61.zip::BASE_V60.zip::BASE_V59.zip::BASE_V58.zip::BASE_V57.zip,zip,publicationregimecorrectionv57csv,7
FRONTERA_CICLO_AJUSTE_V64_CLOSED_PASS_NETWORK_COVERAGE_AND_SECTOR_MAPPING(3).zip,QA_RESULT_V57.txt,QA_RESULT_V57.txt,5,3256905966,FRONTERA_CICLO_AJUSTE_V64_CLOSED_PASS_NETWORK_COVERAGE_AND_SECTOR_MAPPING(3).zip::v64/BASE_V63.zip::BASE_V62.zip::BASE_V61.zip::BASE_V60.zip::BASE_V59.zip::BASE_V58.zip::BASE_V57.zip,zip,qaresultv57txt,7
FRONTERA_CICLO_AJUSTE_V64_CLOSED_PASS_NETWORK_COVERAGE_AND_SECTOR_MAPPING(3).zip,RAW_API_MANIFEST_V57.csv,RAW_API_MANIFEST_V57.csv,2703,2211353470,FRONTERA_CICLO_AJUSTE_V64_CLOSED_PASS_NETWORK_COVERAGE_AND_SECTOR_MAPPING(3).zip::v64/BASE_V63.zip::BASE_V62.zip::BASE_V61.zip::BASE_V60.zip::BASE_V59.zip::BASE_V58.zip::BASE_V57.zip,zip,rawapimanifestv57csv,7
FRONTERA_CICLO_AJUSTE_V64_CLOSED_PASS_NETWORK_COVERAGE_AND_SECTOR_MAPPING(3).zip,README_V57.md,README_V57.md,704,3216325338,FRONTERA_CICLO_AJUSTE_V64_CLOSED_PASS_NETWORK_COVERAGE_AND_SECTOR_MAPPING(3).zip::v64/BASE_V63.zip::BASE_V62.zip::BASE_V61.zip::BASE_V60.zip::BASE_V59.zip::BASE_V58.zip::BASE_V57.zip,zip,readmev57md,7
FRONTERA_CICLO_AJUSTE_V64_CLOSED_PASS_NETWORK_COVERAGE_AND_SECTOR_MAPPING(3).zip,VEREDICTO_V57.md,VEREDICTO_V57.md,1172,2202516161,FRONTERA_CICLO_AJUSTE_V64_CLOSED_PASS_NETWORK_COVERAGE_AND_SECTOR_MAPPING(3).zip::v64/BASE_V63.zip::BASE_V62.zip::BASE_V61.zip::BASE_V60.zip::BASE_V59.zip::BASE_V58.zip::BASE_V57.zip,zip,veredictov57md,7
FRONTERA_CICLO_AJUSTE_V64_CLOSED_PASS_NETWORK_COVERAGE_AND_SECTOR_MAPPING(3).zip,qa_v57.py,qa_v57.py,1568,1949318899,FRONTERA_CICLO_AJUSTE_V64_CLOSED_PASS_NETWORK_COVERAGE_AND_SECTOR_MAPPING(3).zip::v64/BASE_V63.zip::BASE_V62.zip::BASE_V61.zip::BASE_V60.zip::BASE_V59.zip::BASE_V58.zip::BASE_V57.zip,zip,qav57py,7
FRONTERA_CICLO_AJUSTE_V64_CLOSED_PASS_NETWORK_COVERAGE_AND_SECTOR_MAPPING(3).zip,FX_CER_PASSES_BRIDGE_V58.csv,FX_CER_PASSES_BRIDGE_V58.csv,669,2202966174,FRONTERA_CICLO_AJUSTE_V64_CLOSED_PASS_NETWORK_COVERAGE_AND_SECTOR_MAPPING(3).zip::v64/BASE_V63.zip::BASE_V62.zip::BASE_V61.zip::BASE_V60.zip::BASE_V59.zip::BASE_V58.zip,zip,fxcerpassesbridgev58csv,6
FRONTERA_CICLO_AJUSTE_V64_CLOSED_PASS_NETWORK_COVERAGE_AND_SECTOR_MAPPING(3).zip,MODERN_SOURCE_SHEET_MAP_V58.csv,MODERN_SOURCE_SHEET_MAP_V58.csv,1848,2207996523,FRONTERA_CICLO_AJUSTE_V64_CLOSED_PASS_NETWORK_COVERAGE_AND_SECTOR_MAPPING(3).zip::v64/BASE_V63.zip::BASE_V62.zip::BASE_V61.zip::BASE_V60.zip::BASE_V59.zip::BASE_V58.zip,zip,modernsourcesheetmapv58csv,6
FRONTERA_CICLO_AJUSTE_V64_CLOSED_PASS_NETWORK_COVERAGE_AND_SECTOR_MAPPING(3).zip,VEREDICTO_V58.md,VEREDICTO_V58.md,1255,2498405922,FRONTERA_CICLO_AJUSTE_V64_CLOSED_PASS_NETWORK_COVERAGE_AND_SECTOR_MAPPING(3).zip::v64/BASE_V63.zip::BASE_V62.zip::BASE_V61.zip::BASE_V60.zip::BASE_V59.zip::BASE_V58.zip,zip,veredictov58md,6
FRONTERA_CICLO_AJUSTE_V64_CLOSED_PASS_NETWORK_COVERAGE_AND_SECTOR_MAPPING(3).zip,FUENTES_V58.md,FUENTES_V58.md,2826,4167207868,FRONTERA_CICLO_AJUSTE_V64_CLOSED_PASS_NETWORK_COVERAGE_AND_SECTOR_MAPPING(3).zip::v64/BASE_V63.zip::BASE_V62.zip::BASE_V61.zip::BASE_V60.zip::BASE_V59.zip::BASE_V58.zip,zip,fuentesv58md,6
FRONTERA_CICLO_AJUSTE_V64_CLOSED_PASS_NETWORK_COVERAGE_AND_SECTOR_MAPPING(3).zip,COUNTERPARTY_UPDATE_V58.csv,COUNTERPARTY_UPDATE_V58.csv,695,3693839775,FRONTERA_CICLO_AJUSTE_V64_CLOSED_PASS_NETWORK_COVERAGE_AND_SECTOR_MAPPING(3).zip::v64/BASE_V63.zip::BASE_V62.zip::BASE_V61.zip::BASE_V60.zip::BASE_V59.zip::BASE_V58.zip,zip,counterpartyupdatev58csv,6
FRONTERA_CICLO_AJUSTE_V64_CLOSED_PASS_NETWORK_COVERAGE_AND_SECTOR_MAPPING(3).zip,EVIDENCE_LEDGER_CICLO_AJUSTE_V58.csv,EVIDENCE_LEDGER_CICLO_AJUSTE_V58.csv,43221,25991159,FRONTERA_CICLO_AJUSTE_V64_CLOSED_PASS_NETWORK_COVERAGE_AND_SECTOR_MAPPING(3).zip::v64/BASE_V63.zip::BASE_V62.zip::BASE_V61.zip::BASE_V60.zip::BASE_V59.zip::BASE_V58.zip,zip,evidenceledgercicloajustev58csv,6
FRONTERA_CICLO_AJUSTE_V64_CLOSED_PASS_NETWORK_COVERAGE_AND_SECTOR_MAPPING(3).zip,QA_RESULT_V58.txt,QA_RESULT_V58.txt,5,3256905966,FRONTERA_CICLO_AJUSTE_V64_CLOSED_PASS_NETWORK_COVERAGE_AND_SECTOR_MAPPING(3).zip::v64/BASE_V63.zip::BASE_V62.zip::BASE_V61.zip::BASE_V60.zip::BASE_V59.zip::BASE_V58.zip,zip,qaresultv58txt,6
FRONTERA_CICLO_AJUSTE_V64_CLOSED_PASS_NETWORK_COVERAGE_AND_SECTOR_MAPPING(3).zip,INTEREST_FLOW_SECTOR_BRIDGE_V58.csv,INTEREST_FLOW_SECTOR_BRIDGE_V58.csv,839,2939175568,FRONTERA_CICLO_AJUSTE_V64_CLOSED_PASS_NETWORK_COVERAGE_AND_SECTOR_MAPPING(3).zip::v64/BASE_V63.zip::BASE_V62.zip::BASE_V61.zip::BASE_V60.zip::BASE_V59.zip::BASE_V58.zip,zip,interestflowsectorbridgev58csv,6
FRONTERA_CICLO_AJUSTE_V64_CLOSED_PASS_NETWORK_COVERAGE_AND_SECTOR_MAPPING(3).zip,README_V58.md,README_V58.md,604,3045899320,FRONTERA_CICLO_AJUSTE_V64_CLOSED_PASS_NETWORK_COVERAGE_AND_SECTOR_MAPPING(3).zip::v64/BASE_V63.zip::BASE_V62.zip::BASE_V61.zip::BASE_V60.zip::BASE_V59.zip::BASE_V58.zip,zip,readmev58md,6
FRONTERA_CICLO_AJUSTE_V64_CLOSED_PASS_NETWORK_COVERAGE_AND_SECTOR_MAPPING(3).zip,RAW_MODERN_XLSX_MANIFEST_V58.csv,RAW_MODERN_XLSX_MANIFEST_V58.csv,1529,2552249829,FRONTERA_CICLO_AJUSTE_V64_CLOSED_PASS_NETWORK_COVERAGE_AND_SECTOR_MAPPING(3).zip::v64/BASE_V63.zip::BASE_V62.zip::BASE_V61.zip::BASE_V60.zip::BASE_V59.zip::BASE_V58.zip,zip,rawmodernxlsxmanifestv58csv,6
FRONTERA_CICLO_AJUSTE_V64_CLOSED_PASS_NETWORK_COVERAGE_AND_SECTOR_MAPPING(3).zip,qa_v58.py,qa_v58.py,1537,4031334256,FRONTERA_CICLO_AJUSTE_V64_CLOSED_PASS_NETWORK_COVERAGE_AND_SECTOR_MAPPING(3).zip::v64/BASE_V63.zip::BASE_V62.zip::BASE_V61.zip::BASE_V60.zip::BASE_V59.zip::BASE_V58.zip,zip,qav58py,6
FRONTERA_CICLO_AJUSTE_V64_CLOSED_PASS_NETWORK_COVERAGE_AND_SECTOR_MAPPING(3).zip,PROMPT_CODEX_V59_ENTITY_LEVEL_REAL_MARGIN_BRIDGE.md,PROMPT_CODEX_V59_ENTITY_LEVEL_REAL_MARGIN_BRIDGE.md,2472,3660409110,FRONTERA_CICLO_AJUSTE_V64_CLOSED_PASS_NETWORK_COVERAGE_AND_SECTOR_MAPPING(3).zip::v64/BASE_V63.zip::BASE_V62.zip::BASE_V61.zip::BASE_V60.zip::BASE_V59.zip::BASE_V58.zip,zip,promptcodexv59entitylevelrealmarginbridgemd,6
FRONTERA_CICLO_AJUSTE_V64_CLOSED_PASS_NETWORK_COVERAGE_AND_SECTOR_MAPPING(3).zip,AUDITORIA_V58.md,AUDITORIA_V58.md,3346,2630045207,FRONTERA_CICLO_AJUSTE_V64_CLOSED_PASS_NETWORK_COVERAGE_AND_SECTOR_MAPPING(3).zip::v64/BASE_V63.zip::BASE_V62.zip::BASE_V61.zip::BASE_V60.zip::BASE_V59.zip::BASE_V58.zip,zip,auditoriav58md,6
FRONTERA_CICLO_AJUSTE_V64_CLOSED_PASS_NETWORK_COVERAGE_AND_SECTOR_MAPPING(3).zip,MANIFEST_V58.json,MANIFEST_V58.json,878,2063404822,FRONTERA_CICLO_AJUSTE_V64_CLOSED_PASS_NETWORK_COVERAGE_AND_SECTOR_MAPPING(3).zip::v64/BASE_V63.zip::BASE_V62.zip::BASE_V61.zip::BASE_V60.zip::BASE_V59.zip::BASE_V58.zip,zip,manifestv58json,6
FRONTERA_CICLO_AJUSTE_V64_CLOSED_PASS_NETWORK_COVERAGE_AND_SECTOR_MAPPING(3).zip,SECURITIES_ISSUER_RESULT_BRIDGE_V58.csv,SECURITIES_ISSUER_RESULT_BRIDGE_V58.csv,981,2991295667,FRONTERA_CICLO_AJUSTE_V64_CLOSED_PASS_NETWORK_COVERAGE_AND_SECTOR_MAPPING(3).zip::v64/BASE_V63.zip::BASE_V62.zip::BASE_V61.zip::BASE_V60.zip::BASE_V59.zip::BASE_V58.zip,zip,securitiesissuerresultbridgev58csv,6
FRONTERA_CICLO_AJUSTE_V64_CLOSED_PASS_NETWORK_COVERAGE_AND_SECTOR_MAPPING(3).zip,QA_RESULT_V59.txt,QA_RESULT_V59.txt,5,3256905966,FRONTERA_CICLO_AJUSTE_V64_CLOSED_PASS_NETWORK_COVERAGE_AND_SECTOR_MAPPING(3).zip::v64/BASE_V63.zip::BASE_V62.zip::BASE_V61.zip::BASE_V60.zip::BASE_V59.zip,zip,qaresultv59txt,5
FRONTERA_CICLO_AJUSTE_V64_CLOSED_PASS_NETWORK_COVERAGE_AND_SECTOR_MAPPING(3).zip,PROMPT_CODEX_V60_ANNUAL_AQ_SYSTEM_RECONCILIATION.md,PROMPT_CODEX_V60_ANNUAL_AQ_SYSTEM_RECONCILIATION.md,2721,2357846522,FRONTERA_CICLO_AJUSTE_V64_CLOSED_PASS_NETWORK_COVERAGE_AND_SECTOR_MAPPING(3).zip::v64/BASE_V63.zip::BASE_V62.zip::BASE_V61.zip::BASE_V60.zip::BASE_V59.zip,zip,promptcodexv60annualaqsystemreconciliationmd,5
FRONTERA_CICLO_AJUSTE_V64_CLOSED_PASS_NETWORK_COVERAGE_AND_SECTOR_MAPPING(3).zip,EVIDENCE_LEDGER_CICLO_AJUSTE_V59.csv,EVIDENCE_LEDGER_CICLO_AJUSTE_V59.csv,45300,2905811972,FRONTERA_CICLO_AJUSTE_V64_CLOSED_PASS_NETWORK_COVERAGE_AND_SECTOR_MAPPING(3).zip::v64/BASE_V63.zip::BASE_V62.zip::BASE_V61.zip::BASE_V60.zip::BASE_V59.zip,zip,evidenceledgercicloajustev59csv,5
FRONTERA_CICLO_AJUSTE_V64_CLOSED_PASS_NETWORK_COVERAGE_AND_SECTOR_MAPPING(3).zip,qa_v59.py,qa_v59.py,1599,990225047,FRONTERA_CICLO_AJUSTE_V64_CLOSED_PASS_NETWORK_COVERAGE_AND_SECTOR_MAPPING(3).zip::v64/BASE_V63.zip::BASE_V62.zip::BASE_V61.zip::BASE_V60.zip::BASE_V59.zip,zip,qav59py,5
FRONTERA_CICLO_AJUSTE_V64_CLOSED_PASS_NETWORK_COVERAGE_AND_SECTOR_MAPPING(3).zip,AUDITORIA_V59.md,AUDITORIA_V59.md,6227,970565096,FRONTERA_CICLO_AJUSTE_V64_CLOSED_PASS_NETWORK_COVERAGE_AND_SECTOR_MAPPING(3).zip::v64/BASE_V63.zip::BASE_V62.zip::BASE_V61.zip::BASE_V60.zip::BASE_V59.zip,zip,auditoriav59md,5
FRONTERA_CICLO_AJUSTE_V64_CLOSED_PASS_NETWORK_COVERAGE_AND_SECTOR_MAPPING(3).zip,COUNTERPARTY_UPDATE_V59.csv,COUNTERPARTY_UPDATE_V59.csv,1111,661044847,FRONTERA_CICLO_AJUSTE_V64_CLOSED_PASS_NETWORK_COVERAGE_AND_SECTOR_MAPPING(3).zip::v64/BASE_V63.zip::BASE_V62.zip::BASE_V61.zip::BASE_V60.zip::BASE_V59.zip,zip,counterpartyupdatev59csv,5
FRONTERA_CICLO_AJUSTE_V64_CLOSED_PASS_NETWORK_COVERAGE_AND_SECTOR_MAPPING(3).zip,FX_CER_PASSES_FLOW_V59.csv,FX_CER_PASSES_FLOW_V59.csv,1003,2808764338,FRONTERA_CICLO_AJUSTE_V64_CLOSED_PASS_NETWORK_COVERAGE_AND_SECTOR_MAPPING(3).zip::v64/BASE_V63.zip::BASE_V62.zip::BASE_V61.zip::BASE_V60.zip::BASE_V59.zip,zip,fxcerpassesflowv59csv,5
FRONTERA_CICLO_AJUSTE_V64_CLOSED_PASS_NETWORK_COVERAGE_AND_SECTOR_MAPPING(3).zip,FUENTES_V59.md,FUENTES_V59.md,1815,1602664242,FRONTERA_CICLO_AJUSTE_V64_CLOSED_PASS_NETWORK_COVERAGE_AND_SECTOR_MAPPING(3).zip::v64/BASE_V63.zip::BASE_V62.zip::BASE_V61.zip::BASE_V60.zip::BASE_V59.zip,zip,fuentesv59md,5
FRONTERA_CICLO_AJUSTE_V64_CLOSED_PASS_NETWORK_COVERAGE_AND_SECTOR_MAPPING(3).zip,POST_NIIF_SUBACCOUNT_MAP_V59.csv,POST_NIIF_SUBACCOUNT_MAP_V59.csv,3652,3459050816,FRONTERA_CICLO_AJUSTE_V64_CLOSED_PASS_NETWORK_COVERAGE_AND_SECTOR_MAPPING(3).zip::v64/BASE_V63.zip::BASE_V62.zip::BASE_V61.zip::BASE_V60.zip::BASE_V59.zip,zip,postniifsubaccountmapv59csv,5
FRONTERA_CICLO_AJUSTE_V64_CLOSED_PASS_NETWORK_COVERAGE_AND_SECTOR_MAPPING(3).zip,COUNTERPARTY_UPDATE_V60.csv,COUNTERPARTY_UPDATE_V60.csv,1036,3895427239,FRONTERA_CICLO_AJUSTE_V64_CLOSED_PASS_NETWORK_COVERAGE_AND_SECTOR_MAPPING(3).zip::v64/BASE_V63.zip::BASE_V62.zip::BASE_V61.zip::BASE_V60.zip,zip,counterpartyupdatev60csv,4
FRONTERA_CICLO_AJUSTE_V64_CLOSED_PASS_NETWORK_COVERAGE_AND_SECTOR_MAPPING(3).zip,ENTITY_Q4_AQ_BRIDGE_V60.csv,ENTITY_Q4_AQ_BRIDGE_V60.csv,2617,695357644,FRONTERA_CICLO_AJUSTE_V64_CLOSED_PASS_NETWORK_COVERAGE_AND_SECTOR_MAPPING(3).zip::v64/BASE_V63.zip::BASE_V62.zip::BASE_V61.zip::BASE_V60.zip,zip,entityq4aqbridgev60csv,4
FRONTERA_CICLO_AJUSTE_V64_CLOSED_PASS_NETWORK_COVERAGE_AND_SECTOR_MAPPING(3).zip,EVIDENCE_LEDGER_CICLO_AJUSTE_V60.csv,EVIDENCE_LEDGER_CICLO_AJUSTE_V60.csv,45977,321594245,FRONTERA_CICLO_AJUSTE_V64_CLOSED_PASS_NETWORK_COVERAGE_AND_SECTOR_MAPPING(3).zip::v64/BASE_V63.zip::BASE_V62.zip::BASE_V61.zip::BASE_V60.zip,zip,evidenceledgercicloajustev60csv,4
FRONTERA_CICLO_AJUSTE_V64_CLOSED_PASS_NETWORK_COVERAGE_AND_SECTOR_MAPPING(3).zip,FUENTES_V60.md,FUENTES_V60.md,456,3010152713,FRONTERA_CICLO_AJUSTE_V64_CLOSED_PASS_NETWORK_COVERAGE_AND_SECTOR_MAPPING(3).zip::v64/BASE_V63.zip::BASE_V62.zip::BASE_V61.zip::BASE_V60.zip,zip,fuentesv60md,4
FRONTERA_CICLO_AJUSTE_V64_CLOSED_PASS_NETWORK_COVERAGE_AND_SECTOR_MAPPING(3).zip,HOUSEHOLD_LIKE_INTEREST_ANNUAL_V60.csv,HOUSEHOLD_LIKE_INTEREST_ANNUAL_V60.csv,824,1360227913,FRONTERA_CICLO_AJUSTE_V64_CLOSED_PASS_NETWORK_COVERAGE_AND_SECTOR_MAPPING(3).zip::v64/BASE_V63.zip::BASE_V62.zip::BASE_V61.zip::BASE_V60.zip,zip,householdlikeinterestannualv60csv,4
FRONTERA_CICLO_AJUSTE_V64_CLOSED_PASS_NETWORK_COVERAGE_AND_SECTOR_MAPPING(3).zip,IPC_REEXPRESSION_V60.csv,IPC_REEXPRESSION_V60.csv,171,2507692037,FRONTERA_CICLO_AJUSTE_V64_CLOSED_PASS_NETWORK_COVERAGE_AND_SECTOR_MAPPING(3).zip::v64/BASE_V63.zip::BASE_V62.zip::BASE_V61.zip::BASE_V60.zip,zip,ipcreexpressionv60csv,4
FRONTERA_CICLO_AJUSTE_V64_CLOSED_PASS_NETWORK_COVERAGE_AND_SECTOR_MAPPING(3).zip,MANIFEST_V60.json,MANIFEST_V60.json,3572,4065991227,FRONTERA_CICLO_AJUSTE_V64_CLOSED_PASS_NETWORK_COVERAGE_AND_SECTOR_MAPPING(3).zip::v64/BASE_V63.zip::BASE_V62.zip::BASE_V61.zip::BASE_V60.zip,zip,manifestv60json,4
FRONTERA_CICLO_AJUSTE_V64_CLOSED_PASS_NETWORK_COVERAGE_AND_SECTOR_MAPPING(3).zip,PASS_COUNTERPARTY_FALSIFIER_V60.csv,PASS_COUNTERPARTY_FALSIFIER_V60.csv,844,3542592508,FRONTERA_CICLO_AJUSTE_V64_CLOSED_PASS_NETWORK_COVERAGE_AND_SECTOR_MAPPING(3).zip::v64/BASE_V63.zip::BASE_V62.zip::BASE_V61.zip::BASE_V60.zip,zip,passcounterpartyfalsifierv60csv,4
FRONTERA_CICLO_AJUSTE_V64_CLOSED_PASS_NETWORK_COVERAGE_AND_SECTOR_MAPPING(3).zip,PROMPT_CODEX_V61_SYSTEM_Q4_AQ_COVERAGE_AND_PASS_NETTING.md,PROMPT_CODEX_V61_SYSTEM_Q4_AQ_COVERAGE_AND_PASS_NETTING.md,848,3347385940,FRONTERA_CICLO_AJUSTE_V64_CLOSED_PASS_NETWORK_COVERAGE_AND_SECTOR_MAPPING(3).zip::v64/BASE_V63.zip::BASE_V62.zip::BASE_V61.zip::BASE_V60.zip,zip,promptcodexv61systemq4aqcoverageandpassnettingmd,4
FRONTERA_CICLO_AJUSTE_V64_CLOSED_PASS_NETWORK_COVERAGE_AND_SECTOR_MAPPING(3).zip,QA_RESULT_V60.txt,QA_RESULT_V60.txt,5,3256905966,FRONTERA_CICLO_AJUSTE_V64_CLOSED_PASS_NETWORK_COVERAGE_AND_SECTOR_MAPPING(3).zip::v64/BASE_V63.zip::BASE_V62.zip::BASE_V61.zip::BASE_V60.zip,zip,qaresultv60txt,4
FRONTERA_CICLO_AJUSTE_V64_CLOSED_PASS_NETWORK_COVERAGE_AND_SECTOR_MAPPING(3).zip,RAW_ENTITY_2023_MANIFEST_V60.csv,RAW_ENTITY_2023_MANIFEST_V60.csv,500,1466823452,FRONTERA_CICLO_AJUSTE_V64_CLOSED_PASS_NETWORK_COVERAGE_AND_SECTOR_MAPPING(3).zip::v64/BASE_V63.zip::BASE_V62.zip::BASE_V61.zip::BASE_V60.zip,zip,rawentity2023manifestv60csv,4
FRONTERA_CICLO_AJUSTE_V64_CLOSED_PASS_NETWORK_COVERAGE_AND_SECTOR_MAPPING(3).zip,README_V60.md,README_V60.md,297,2936266435,FRONTERA_CICLO_AJUSTE_V64_CLOSED_PASS_NETWORK_COVERAGE_AND_SECTOR_MAPPING(3).zip::v64/BASE_V63.zip::BASE_V62.zip::BASE_V61.zip::BASE_V60.zip,zip,readmev60md,4
FRONTERA_CICLO_AJUSTE_V64_CLOSED_PASS_NETWORK_COVERAGE_AND_SECTOR_MAPPING(3).zip,SECURITIES_PUBLIC_ISSUER_GATE_V60.csv,SECURITIES_PUBLIC_ISSUER_GATE_V60.csv,586,3902737956,FRONTERA_CICLO_AJUSTE_V64_CLOSED_PASS_NETWORK_COVERAGE_AND_SECTOR_MAPPING(3).zip::v64/BASE_V63.zip::BASE_V62.zip::BASE_V61.zip::BASE_V60.zip,zip,securitiespublicissuergatev60csv,4
FRONTERA_CICLO_AJUSTE_V64_CLOSED_PASS_NETWORK_COVERAGE_AND_SECTOR_MAPPING(3).zip,VEREDICTO_V60.md,VEREDICTO_V60.md,754,2483816971,FRONTERA_CICLO_AJUSTE_V64_CLOSED_PASS_NETWORK_COVERAGE_AND_SECTOR_MAPPING(3).zip::v64/BASE_V63.zip::BASE_V62.zip::BASE_V61.zip::BASE_V60.zip,zip,veredictov60md,4
FRONTERA_CICLO_AJUSTE_V64_CLOSED_PASS_NETWORK_COVERAGE_AND_SECTOR_MAPPING(3).zip,qa_v60.py,qa_v60.py,1094,326113959,FRONTERA_CICLO_AJUSTE_V64_CLOSED_PASS_NETWORK_COVERAGE_AND_SECTOR_MAPPING(3).zip::v64/BASE_V63.zip::BASE_V62.zip::BASE_V61.zip::BASE_V60.zip,zip,qav60py,4
FRONTERA_CICLO_AJUSTE_V64_CLOSED_PASS_NETWORK_COVERAGE_AND_SECTOR_MAPPING(3).zip,COUNTERPARTY_UPDATE_V61.csv,COUNTERPARTY_UPDATE_V61.csv,1120,3481983767,FRONTERA_CICLO_AJUSTE_V64_CLOSED_PASS_NETWORK_COVERAGE_AND_SECTOR_MAPPING(3).zip::v64/BASE_V63.zip::BASE_V62.zip::BASE_V61.zip,zip,counterpartyupdatev61csv,3
FRONTERA_CICLO_AJUSTE_V64_CLOSED_PASS_NETWORK_COVERAGE_AND_SECTOR_MAPPING(3).zip,ENTITY_COVERAGE_V61.csv,ENTITY_COVERAGE_V61.csv,1414,2924937209,FRONTERA_CICLO_AJUSTE_V64_CLOSED_PASS_NETWORK_COVERAGE_AND_SECTOR_MAPPING(3).zip::v64/BASE_V63.zip::BASE_V62.zip::BASE_V61.zip,zip,entitycoveragev61csv,3
FRONTERA_CICLO_AJUSTE_V64_CLOSED_PASS_NETWORK_COVERAGE_AND_SECTOR_MAPPING(3).zip,ENTITY_Q4_AQ_SYSTEM_SAMPLE_V61.csv,ENTITY_Q4_AQ_SYSTEM_SAMPLE_V61.csv,1070,3456547457,FRONTERA_CICLO_AJUSTE_V64_CLOSED_PASS_NETWORK_COVERAGE_AND_SECTOR_MAPPING(3).zip::v64/BASE_V63.zip::BASE_V62.zip::BASE_V61.zip,zip,entityq4aqsystemsamplev61csv,3
FRONTERA_CICLO_AJUSTE_V64_CLOSED_PASS_NETWORK_COVERAGE_AND_SECTOR_MAPPING(3).zip,EVIDENCE_LEDGER_CICLO_AJUSTE_V61.csv,EVIDENCE_LEDGER_CICLO_AJUSTE_V61.csv,46673,3069909082,FRONTERA_CICLO_AJUSTE_V64_CLOSED_PASS_NETWORK_COVERAGE_AND_SECTOR_MAPPING(3).zip::v64/BASE_V63.zip::BASE_V62.zip::BASE_V61.zip,zip,evidenceledgercicloajustev61csv,3
FRONTERA_CICLO_AJUSTE_V64_CLOSED_PASS_NETWORK_COVERAGE_AND_SECTOR_MAPPING(3).zip,FUENTES_V61.md,FUENTES_V61.md,1086,1751984189,FRONTERA_CICLO_AJUSTE_V64_CLOSED_PASS_NETWORK_COVERAGE_AND_SECTOR_MAPPING(3).zip::v64/BASE_V63.zip::BASE_V62.zip::BASE_V61.zip,zip,fuentesv61md,3
FRONTERA_CICLO_AJUSTE_V64_CLOSED_PASS_NETWORK_COVERAGE_AND_SECTOR_MAPPING(3).zip,HOUSEHOLD_PRODUCT_BOUND_V61.csv,HOUSEHOLD_PRODUCT_BOUND_V61.csv,902,354413282,FRONTERA_CICLO_AJUSTE_V64_CLOSED_PASS_NETWORK_COVERAGE_AND_SECTOR_MAPPING(3).zip::v64/BASE_V63.zip::BASE_V62.zip::BASE_V61.zip,zip,householdproductboundv61csv,3
FRONTERA_CICLO_AJUSTE_V64_CLOSED_PASS_NETWORK_COVERAGE_AND_SECTOR_MAPPING(3).zip,INTERBANK_PASS_NETTING_AUDIT_V61.md,INTERBANK_PASS_NETTING_AUDIT_V61.md,1776,752990661,FRONTERA_CICLO_AJUSTE_V64_CLOSED_PASS_NETWORK_COVERAGE_AND_SECTOR_MAPPING(3).zip::v64/BASE_V63.zip::BASE_V62.zip::BASE_V61.zip,zip,interbankpassnettingauditv61md,3
FRONTERA_CICLO_AJUSTE_V64_CLOSED_PASS_NETWORK_COVERAGE_AND_SECTOR_MAPPING(3).zip,MANIFEST_V61.json,MANIFEST_V61.json,3454,2339156851,FRONTERA_CICLO_AJUSTE_V64_CLOSED_PASS_NETWORK_COVERAGE_AND_SECTOR_MAPPING(3).zip::v64/BASE_V63.zip::BASE_V62.zip::BASE_V61.zip,zip,manifestv61json,3
FRONTERA_CICLO_AJUSTE_V64_CLOSED_PASS_NETWORK_COVERAGE_AND_SECTOR_MAPPING(3).zip,PASS_COUNTERPARTY_SYSTEM_V61.csv,PASS_COUNTERPARTY_SYSTEM_V61.csv,772,1236051180,FRONTERA_CICLO_AJUSTE_V64_CLOSED_PASS_NETWORK_COVERAGE_AND_SECTOR_MAPPING(3).zip::v64/BASE_V63.zip::BASE_V62.zip::BASE_V61.zip,zip,passcounterpartysystemv61csv,3
FRONTERA_CICLO_AJUSTE_V64_CLOSED_PASS_NETWORK_COVERAGE_AND_SECTOR_MAPPING(3).zip,PROMPT_CODEX_V62_MACHINE_READABLE_ENTITY_RESULT_AGGREGATION.md,PROMPT_CODEX_V62_MACHINE_READABLE_ENTITY_RESULT_AGGREGATION.md,1594,4164071461,FRONTERA_CICLO_AJUSTE_V64_CLOSED_PASS_NETWORK_COVERAGE_AND_SECTOR_MAPPING(3).zip::v64/BASE_V63.zip::BASE_V62.zip::BASE_V61.zip,zip,promptcodexv62machinereadableentityresultaggregationmd,3
FRONTERA_CICLO_AJUSTE_V64_CLOSED_PASS_NETWORK_COVERAGE_AND_SECTOR_MAPPING(3).zip,QA_RESULT_V61.txt,QA_RESULT_V61.txt,5,3256905966,FRONTERA_CICLO_AJUSTE_V64_CLOSED_PASS_NETWORK_COVERAGE_AND_SECTOR_MAPPING(3).zip::v64/BASE_V63.zip::BASE_V62.zip::BASE_V61.zip,zip,qaresultv61txt,3
FRONTERA_CICLO_AJUSTE_V64_CLOSED_PASS_NETWORK_COVERAGE_AND_SECTOR_MAPPING(3).zip,README_V61.md,README_V61.md,386,3559340451,FRONTERA_CICLO_AJUSTE_V64_CLOSED_PASS_NETWORK_COVERAGE_AND_SECTOR_MAPPING(3).zip::v64/BASE_V63.zip::BASE_V62.zip::BASE_V61.zip,zip,readmev61md,3
FRONTERA_CICLO_AJUSTE_V64_CLOSED_PASS_NETWORK_COVERAGE_AND_SECTOR_MAPPING(3).zip,SAMPLE_DIAGNOSTIC_V61.csv,SAMPLE_DIAGNOSTIC_V61.csv,486,3523793292,FRONTERA_CICLO_AJUSTE_V64_CLOSED_PASS_NETWORK_COVERAGE_AND_SECTOR_MAPPING(3).zip::v64/BASE_V63.zip::BASE_V62.zip::BASE_V61.zip,zip,samplediagnosticv61csv,3
FRONTERA_CICLO_AJUSTE_V64_CLOSED_PASS_NETWORK_COVERAGE_AND_SECTOR_MAPPING(3).zip,STOCK_FLOW_PASS_FALSIFIER_V61.csv,STOCK_FLOW_PASS_FALSIFIER_V61.csv,492,1734867425,FRONTERA_CICLO_AJUSTE_V64_CLOSED_PASS_NETWORK_COVERAGE_AND_SECTOR_MAPPING(3).zip::v64/BASE_V63.zip::BASE_V62.zip::BASE_V61.zip,zip,stockflowpassfalsifierv61csv,3
FRONTERA_CICLO_AJUSTE_V64_CLOSED_PASS_NETWORK_COVERAGE_AND_SECTOR_MAPPING(3).zip,SYSTEM_RECONCILIATION_V61.csv,SYSTEM_RECONCILIATION_V61.csv,913,941627061,FRONTERA_CICLO_AJUSTE_V64_CLOSED_PASS_NETWORK_COVERAGE_AND_SECTOR_MAPPING(3).zip::v64/BASE_V63.zip::BASE_V62.zip::BASE_V61.zip,zip,systemreconciliationv61csv,3
FRONTERA_CICLO_AJUSTE_V64_CLOSED_PASS_NETWORK_COVERAGE_AND_SECTOR_MAPPING(3).zip,VEREDICTO_V61.md,VEREDICTO_V61.md,728,3433497097,FRONTERA_CICLO_AJUSTE_V64_CLOSED_PASS_NETWORK_COVERAGE_AND_SECTOR_MAPPING(3).zip::v64/BASE_V63.zip::BASE_V62.zip::BASE_V61.zip,zip,veredictov61md,3
FRONTERA_CICLO_AJUSTE_V64_CLOSED_PASS_NETWORK_COVERAGE_AND_SECTOR_MAPPING(3).zip,qa_v61.py,qa_v61.py,832,2609763903,FRONTERA_CICLO_AJUSTE_V64_CLOSED_PASS_NETWORK_COVERAGE_AND_SECTOR_MAPPING(3).zip::v64/BASE_V63.zip::BASE_V62.zip::BASE_V61.zip,zip,qav61py,3
FRONTERA_CICLO_AJUSTE_V64_CLOSED_PASS_NETWORK_COVERAGE_AND_SECTOR_MAPPING(3).zip,COUNTERPARTY_UPDATE_V62.csv,COUNTERPARTY_UPDATE_V62.csv,976,3954827440,FRONTERA_CICLO_AJUSTE_V64_CLOSED_PASS_NETWORK_COVERAGE_AND_SECTOR_MAPPING(3).zip::v64/BASE_V63.zip::BASE_V62.zip,zip,counterpartyupdatev62csv,2
FRONTERA_CICLO_AJUSTE_V64_CLOSED_PASS_NETWORK_COVERAGE_AND_SECTOR_MAPPING(3).zip,ENTITY_COVERAGE_V62.csv,ENTITY_COVERAGE_V62.csv,832,878191740,FRONTERA_CICLO_AJUSTE_V64_CLOSED_PASS_NETWORK_COVERAGE_AND_SECTOR_MAPPING(3).zip::v64/BASE_V63.zip::BASE_V62.zip,zip,entitycoveragev62csv,2
FRONTERA_CICLO_AJUSTE_V64_CLOSED_PASS_NETWORK_COVERAGE_AND_SECTOR_MAPPING(3).zip,ENTITY_Q4_AQ_PANEL_V62.csv,ENTITY_Q4_AQ_PANEL_V62.csv,1286,3152356441,FRONTERA_CICLO_AJUSTE_V64_CLOSED_PASS_NETWORK_COVERAGE_AND_SECTOR_MAPPING(3).zip::v64/BASE_V63.zip::BASE_V62.zip,zip,entityq4aqpanelv62csv,2
FRONTERA_CICLO_AJUSTE_V64_CLOSED_PASS_NETWORK_COVERAGE_AND_SECTOR_MAPPING(3).zip,EVIDENCE_LEDGER_CICLO_AJUSTE_V62.csv,EVIDENCE_LEDGER_CICLO_AJUSTE_V62.csv,744,1831626994,FRONTERA_CICLO_AJUSTE_V64_CLOSED_PASS_NETWORK_COVERAGE_AND_SECTOR_MAPPING(3).zip::v64/BASE_V63.zip::BASE_V62.zip,zip,evidenceledgercicloajustev62csv,2
FRONTERA_CICLO_AJUSTE_V64_CLOSED_PASS_NETWORK_COVERAGE_AND_SECTOR_MAPPING(3).zip,FUENTES_V62.md,FUENTES_V62.md,609,874438201,FRONTERA_CICLO_AJUSTE_V64_CLOSED_PASS_NETWORK_COVERAGE_AND_SECTOR_MAPPING(3).zip::v64/BASE_V63.zip::BASE_V62.zip,zip,fuentesv62md,2
FRONTERA_CICLO_AJUSTE_V64_CLOSED_PASS_NETWORK_COVERAGE_AND_SECTOR_MAPPING(3).zip,HOUSEHOLD_PRODUCT_SYSTEM_V62.csv,HOUSEHOLD_PRODUCT_SYSTEM_V62.csv,1469,4170250821,FRONTERA_CICLO_AJUSTE_V64_CLOSED_PASS_NETWORK_COVERAGE_AND_SECTOR_MAPPING(3).zip::v64/BASE_V63.zip::BASE_V62.zip,zip,householdproductsystemv62csv,2
FRONTERA_CICLO_AJUSTE_V64_CLOSED_PASS_NETWORK_COVERAGE_AND_SECTOR_MAPPING(3).zip,IEF_PASS_RECONCILIATION_V62.csv,IEF_PASS_RECONCILIATION_V62.csv,546,1343322763,FRONTERA_CICLO_AJUSTE_V64_CLOSED_PASS_NETWORK_COVERAGE_AND_SECTOR_MAPPING(3).zip::v64/BASE_V63.zip::BASE_V62.zip,zip,iefpassreconciliationv62csv,2
FRONTERA_CICLO_AJUSTE_V64_CLOSED_PASS_NETWORK_COVERAGE_AND_SECTOR_MAPPING(3).zip,INTERBANK_CANCELLATION_TEST_V62.csv,INTERBANK_CANCELLATION_TEST_V62.csv,488,3589318335,FRONTERA_CICLO_AJUSTE_V64_CLOSED_PASS_NETWORK_COVERAGE_AND_SECTOR_MAPPING(3).zip::v64/BASE_V63.zip::BASE_V62.zip,zip,interbankcancellationtestv62csv,2
FRONTERA_CICLO_AJUSTE_V64_CLOSED_PASS_NETWORK_COVERAGE_AND_SECTOR_MAPPING(3).zip,MANIFEST_V62.json,MANIFEST_V62.json,3401,2934962812,FRONTERA_CICLO_AJUSTE_V64_CLOSED_PASS_NETWORK_COVERAGE_AND_SECTOR_MAPPING(3).zip::v64/BASE_V63.zip::BASE_V62.zip,zip,manifestv62json,2
FRONTERA_CICLO_AJUSTE_V64_CLOSED_PASS_NETWORK_COVERAGE_AND_SECTOR_MAPPING(3).zip,PASS_GROSS_NET_SYSTEM_V62.csv,PASS_GROSS_NET_SYSTEM_V62.csv,788,2107802603,FRONTERA_CICLO_AJUSTE_V64_CLOSED_PASS_NETWORK_COVERAGE_AND_SECTOR_MAPPING(3).zip::v64/BASE_V63.zip::BASE_V62.zip,zip,passgrossnetsystemv62csv,2
FRONTERA_CICLO_AJUSTE_V64_CLOSED_PASS_NETWORK_COVERAGE_AND_SECTOR_MAPPING(3).zip,PROMPT_CODEX_V63_FULL_AQ_HOMOGENEOUS_PANEL_AND_EXPENSE_LEGS.md,PROMPT_CODEX_V63_FULL_AQ_HOMOGENEOUS_PANEL_AND_EXPENSE_LEGS.md,1239,2753223760,FRONTERA_CICLO_AJUSTE_V64_CLOSED_PASS_NETWORK_COVERAGE_AND_SECTOR_MAPPING(3).zip::v64/BASE_V63.zip::BASE_V62.zip,zip,promptcodexv63fullaqhomogeneouspanelandexpenselegsmd,2
FRONTERA_CICLO_AJUSTE_V64_CLOSED_PASS_NETWORK_COVERAGE_AND_SECTOR_MAPPING(3).zip,QA_RESULT_V62.txt,QA_RESULT_V62.txt,5,3256905966,FRONTERA_CICLO_AJUSTE_V64_CLOSED_PASS_NETWORK_COVERAGE_AND_SECTOR_MAPPING(3).zip::v64/BASE_V63.zip::BASE_V62.zip,zip,qaresultv62txt,2
FRONTERA_CICLO_AJUSTE_V64_CLOSED_PASS_NETWORK_COVERAGE_AND_SECTOR_MAPPING(3).zip,RAW_ENTITY_MANIFEST_V62.csv,RAW_ENTITY_MANIFEST_V62.csv,858,161920569,FRONTERA_CICLO_AJUSTE_V64_CLOSED_PASS_NETWORK_COVERAGE_AND_SECTOR_MAPPING(3).zip::v64/BASE_V63.zip::BASE_V62.zip,zip,rawentitymanifestv62csv,2
FRONTERA_CICLO_AJUSTE_V64_CLOSED_PASS_NETWORK_COVERAGE_AND_SECTOR_MAPPING(3).zip,README_V62.md,README_V62.md,409,2970664442,FRONTERA_CICLO_AJUSTE_V64_CLOSED_PASS_NETWORK_COVERAGE_AND_SECTOR_MAPPING(3).zip::v64/BASE_V63.zip::BASE_V62.zip,zip,readmev62md,2
FRONTERA_CICLO_AJUSTE_V64_CLOSED_PASS_NETWORK_COVERAGE_AND_SECTOR_MAPPING(3).zip,VEREDICTO_V62.md,VEREDICTO_V62.md,739,2685722896,FRONTERA_CICLO_AJUSTE_V64_CLOSED_PASS_NETWORK_COVERAGE_AND_SECTOR_MAPPING(3).zip::v64/BASE_V63.zip::BASE_V62.zip,zip,veredictov62md,2
FRONTERA_CICLO_AJUSTE_V64_CLOSED_PASS_NETWORK_COVERAGE_AND_SECTOR_MAPPING(3).zip,qa_v62.py,qa_v62.py,14,3143009605,FRONTERA_CICLO_AJUSTE_V64_CLOSED_PASS_NETWORK_COVERAGE_AND_SECTOR_MAPPING(3).zip::v64/BASE_V63.zip::BASE_V62.zip,zip,qav62py,2
FRONTERA_CICLO_AJUSTE_V64_CLOSED_PASS_NETWORK_COVERAGE_AND_SECTOR_MAPPING(3).zip,CONSOLIDATED_Q4_AQ_PANEL_V63.csv,CONSOLIDATED_Q4_AQ_PANEL_V63.csv,1463,3606656169,FRONTERA_CICLO_AJUSTE_V64_CLOSED_PASS_NETWORK_COVERAGE_AND_SECTOR_MAPPING(3).zip::v64/BASE_V63.zip,zip,consolidatedq4aqpanelv63csv,1
FRONTERA_CICLO_AJUSTE_V64_CLOSED_PASS_NETWORK_COVERAGE_AND_SECTOR_MAPPING(3).zip,COUNTERPARTY_UPDATE_V63.csv,COUNTERPARTY_UPDATE_V63.csv,1443,167982417,FRONTERA_CICLO_AJUSTE_V64_CLOSED_PASS_NETWORK_COVERAGE_AND_SECTOR_MAPPING(3).zip::v64/BASE_V63.zip,zip,counterpartyupdatev63csv,1
FRONTERA_CICLO_AJUSTE_V64_CLOSED_PASS_NETWORK_COVERAGE_AND_SECTOR_MAPPING(3).zip,ENTITY_COVERAGE_V63.csv,ENTITY_COVERAGE_V63.csv,978,1741707698,FRONTERA_CICLO_AJUSTE_V64_CLOSED_PASS_NETWORK_COVERAGE_AND_SECTOR_MAPPING(3).zip::v64/BASE_V63.zip,zip,entitycoveragev63csv,1
FRONTERA_CICLO_AJUSTE_V64_CLOSED_PASS_NETWORK_COVERAGE_AND_SECTOR_MAPPING(3).zip,EVIDENCE_LEDGER_CICLO_AJUSTE_V63.csv,EVIDENCE_LEDGER_CICLO_AJUSTE_V63.csv,1591,1167366747,FRONTERA_CICLO_AJUSTE_V64_CLOSED_PASS_NETWORK_COVERAGE_AND_SECTOR_MAPPING(3).zip::v64/BASE_V63.zip,zip,evidenceledgercicloajustev63csv,1
FRONTERA_CICLO_AJUSTE_V64_CLOSED_PASS_NETWORK_COVERAGE_AND_SECTOR_MAPPING(3).zip,FOUR_LEG_PASS_PANEL_V63.csv,FOUR_LEG_PASS_PANEL_V63.csv,1158,2302138695,FRONTERA_CICLO_AJUSTE_V64_CLOSED_PASS_NETWORK_COVERAGE_AND_SECTOR_MAPPING(3).zip::v64/BASE_V63.zip,zip,fourlegpasspanelv63csv,1
FRONTERA_CICLO_AJUSTE_V64_CLOSED_PASS_NETWORK_COVERAGE_AND_SECTOR_MAPPING(3).zip,FUENTES_V63.md,FUENTES_V63.md,1249,1438572322,FRONTERA_CICLO_AJUSTE_V64_CLOSED_PASS_NETWORK_COVERAGE_AND_SECTOR_MAPPING(3).zip::v64/BASE_V63.zip,zip,fuentesv63md,1
FRONTERA_CICLO_AJUSTE_V64_CLOSED_PASS_NETWORK_COVERAGE_AND_SECTOR_MAPPING(3).zip,HOUSEHOLD_PRODUCT_PANEL_V63.csv,HOUSEHOLD_PRODUCT_PANEL_V63.csv,1342,3406328649,FRONTERA_CICLO_AJUSTE_V64_CLOSED_PASS_NETWORK_COVERAGE_AND_SECTOR_MAPPING(3).zip::v64/BASE_V63.zip,zip,householdproductpanelv63csv,1
FRONTERA_CICLO_AJUSTE_V64_CLOSED_PASS_NETWORK_COVERAGE_AND_SECTOR_MAPPING(3).zip,HOUSEHOLD_SECTOR_MAPPING_AUDIT_V63.md,HOUSEHOLD_SECTOR_MAPPING_AUDIT_V63.md,1037,4263515362,FRONTERA_CICLO_AJUSTE_V64_CLOSED_PASS_NETWORK_COVERAGE_AND_SECTOR_MAPPING(3).zip::v64/BASE_V63.zip,zip,householdsectormappingauditv63md,1
FRONTERA_CICLO_AJUSTE_V64_CLOSED_PASS_NETWORK_COVERAGE_AND_SECTOR_MAPPING(3).zip,IEF_PASS_RECONCILIATION_V63.csv,IEF_PASS_RECONCILIATION_V63.csv,540,3195844789,FRONTERA_CICLO_AJUSTE_V64_CLOSED_PASS_NETWORK_COVERAGE_AND_SECTOR_MAPPING(3).zip::v64/BASE_V63.zip,zip,iefpassreconciliationv63csv,1
FRONTERA_CICLO_AJUSTE_V64_CLOSED_PASS_NETWORK_COVERAGE_AND_SECTOR_MAPPING(3).zip,INDIVIDUAL_Q4_AQ_PANEL_V63.csv,INDIVIDUAL_Q4_AQ_PANEL_V63.csv,641,4250552853,FRONTERA_CICLO_AJUSTE_V64_CLOSED_PASS_NETWORK_COVERAGE_AND_SECTOR_MAPPING(3).zip::v64/BASE_V63.zip,zip,individualq4aqpanelv63csv,1
FRONTERA_CICLO_AJUSTE_V64_CLOSED_PASS_NETWORK_COVERAGE_AND_SECTOR_MAPPING(3).zip,MANIFEST_V63.json,MANIFEST_V63.json,3514,2549584341,FRONTERA_CICLO_AJUSTE_V64_CLOSED_PASS_NETWORK_COVERAGE_AND_SECTOR_MAPPING(3).zip::v64/BASE_V63.zip,zip,manifestv63json,1
FRONTERA_CICLO_AJUSTE_V64_CLOSED_PASS_NETWORK_COVERAGE_AND_SECTOR_MAPPING(3).zip,PROMPT_CODEX_V64_CLOSED_PASS_NETWORK_COVERAGE_AND_SECTOR_MAPPING.md,PROMPT_CODEX_V64_CLOSED_PASS_NETWORK_COVERAGE_AND_SECTOR_MAPPING.md,1635,18894133,FRONTERA_CICLO_AJUSTE_V64_CLOSED_PASS_NETWORK_COVERAGE_AND_SECTOR_MAPPING(3).zip::v64/BASE_V63.zip,zip,promptcodexv64closedpassnetworkcoverageandsectormappingmd,1
FRONTERA_CICLO_AJUSTE_V64_CLOSED_PASS_NETWORK_COVERAGE_AND_SECTOR_MAPPING(3).zip,QA_RESULT_V63.txt,QA_RESULT_V63.txt,5,3256905966,FRONTERA_CICLO_AJUSTE_V64_CLOSED_PASS_NETWORK_COVERAGE_AND_SECTOR_MAPPING(3).zip::v64/BASE_V63.zip,zip,qaresultv63txt,1
FRONTERA_CICLO_AJUSTE_V64_CLOSED_PASS_NETWORK_COVERAGE_AND_SECTOR_MAPPING(3).zip,README_V63.md,README_V63.md,522,401487701,FRONTERA_CICLO_AJUSTE_V64_CLOSED_PASS_NETWORK_COVERAGE_AND_SECTOR_MAPPING(3).zip::v64/BASE_V63.zip,zip,readmev63md,1
FRONTERA_CICLO_AJUSTE_V64_CLOSED_PASS_NETWORK_COVERAGE_AND_SECTOR_MAPPING(3).zip,SYMMETRIC_INTERBANK_NETTING_TEST_V63.csv,SYMMETRIC_INTERBANK_NETTING_TEST_V63.csv,527,63456368,FRONTERA_CICLO_AJUSTE_V64_CLOSED_PASS_NETWORK_COVERAGE_AND_SECTOR_MAPPING(3).zip::v64/BASE_V63.zip,zip,symmetricinterbanknettingtestv63csv,1
FRONTERA_CICLO_AJUSTE_V64_CLOSED_PASS_NETWORK_COVERAGE_AND_SECTOR_MAPPING(3).zip,VEREDICTO_V63.md,VEREDICTO_V63.md,801,2136461594,FRONTERA_CICLO_AJUSTE_V64_CLOSED_PASS_NETWORK_COVERAGE_AND_SECTOR_MAPPING(3).zip::v64/BASE_V63.zip,zip,veredictov63md,1
FRONTERA_CICLO_AJUSTE_V64_CLOSED_PASS_NETWORK_COVERAGE_AND_SECTOR_MAPPING(3).zip,qa_v63.py,qa_v63.py,1297,1276681817,FRONTERA_CICLO_AJUSTE_V64_CLOSED_PASS_NETWORK_COVERAGE_AND_SECTOR_MAPPING(3).zip::v64/BASE_V63.zip,zip,qav63py,1
FRONTERA_CICLO_AJUSTE_V64_CLOSED_PASS_NETWORK_COVERAGE_AND_SECTOR_MAPPING(3).zip,v64/HOUSEHOLD_SECTOR_MAPPING_V64.csv,HOUSEHOLD_SECTOR_MAPPING_V64.csv,2474,2258336906,FRONTERA_CICLO_AJUSTE_V64_CLOSED_PASS_NETWORK_COVERAGE_AND_SECTOR_MAPPING(3).zip,zip,householdsectormappingv64csv,0
FRONTERA_CICLO_AJUSTE_V64_CLOSED_PASS_NETWORK_COVERAGE_AND_SECTOR_MAPPING(3).zip,v64/QA_RESULT_V64.txt,QA_RESULT_V64.txt,5,3256905966,FRONTERA_CICLO_AJUSTE_V64_CLOSED_PASS_NETWORK_COVERAGE_AND_SECTOR_MAPPING(3).zip,zip,qaresultv64txt,0
FRONTERA_CICLO_AJUSTE_V64_CLOSED_PASS_NETWORK_COVERAGE_AND_SECTOR_MAPPING(3).zip,v64/qa_v64.py,qa_v64.py,1174,1783292082,FRONTERA_CICLO_AJUSTE_V64_CLOSED_PASS_NETWORK_COVERAGE_AND_SECTOR_MAPPING(3).zip,zip,qav64py,0
FRONTERA_CICLO_AJUSTE_V64_CLOSED_PASS_NETWORK_COVERAGE_AND_SECTOR_MAPPING(3).zip,v64/PASS_COUNTERPARTY_BOUNDS_V64.csv,PASS_COUNTERPARTY_BOUNDS_V64.csv,769,2246893850,FRONTERA_CICLO_AJUSTE_V64_CLOSED_PASS_NETWORK_COVERAGE_AND_SECTOR_MAPPING(3).zip,zip,passcounterpartyboundsv64csv,0
FRONTERA_CICLO_AJUSTE_V64_CLOSED_PASS_NETWORK_COVERAGE_AND_SECTOR_MAPPING(3).zip,v64/COUNTERPARTY_UPDATE_V64.csv,COUNTERPARTY_UPDATE_V64.csv,1638,1942618832,FRONTERA_CICLO_AJUSTE_V64_CLOSED_PASS_NETWORK_COVERAGE_AND_SECTOR_MAPPING(3).zip,zip,counterpartyupdatev64csv,0
FRONTERA_CICLO_AJUSTE_V64_CLOSED_PASS_NETWORK_COVERAGE_AND_SECTOR_MAPPING(3).zip,v64/PROMPT_CODEX_V65_BASIS_HARMONIZATION_AND_REMAINING_CLOSED_NETWORK_COVERAGE.md,PROMPT_CODEX_V65_BASIS_HARMONIZATION_AND_REMAINING_CLOSED_NETWORK_COVERAGE.md,2425,3301498787,FRONTERA_CICLO_AJUSTE_V64_CLOSED_PASS_NETWORK_COVERAGE_AND_SECTOR_MAPPING(3).zip,zip,promptcodexv65basisharmonizationandremainingclosednetworkcoveragemd,0
FRONTERA_CICLO_AJUSTE_V64_CLOSED_PASS_NETWORK_COVERAGE_AND_SECTOR_MAPPING(3).zip,v64/AUDITORIA_V64.md,AUDITORIA_V64.md,1768,427859888,FRONTERA_CICLO_AJUSTE_V64_CLOSED_PASS_NETWORK_COVERAGE_AND_SECTOR_MAPPING(3).zip,zip,auditoriav64md,0
FRONTERA_CICLO_AJUSTE_V64_CLOSED_PASS_NETWORK_COVERAGE_AND_SECTOR_MAPPING(3).zip,v64/FUENTES_V64.md,FUENTES_V64.md,1402,2535036655,FRONTERA_CICLO_AJUSTE_V64_CLOSED_PASS_NETWORK_COVERAGE_AND_SECTOR_MAPPING(3).zip,zip,fuentesv64md,0
FRONTERA_CICLO_AJUSTE_V64_CLOSED_PASS_NETWORK_COVERAGE_AND_SECTOR_MAPPING(3).zip,v64/README_V64.md,README_V64.md,691,4209804692,FRONTERA_CICLO_AJUSTE_V64_CLOSED_PASS_NETWORK_COVERAGE_AND_SECTOR_MAPPING(3).zip,zip,readmev64md,0
FRONTERA_CICLO_AJUSTE_V64_CLOSED_PASS_NETWORK_COVERAGE_AND_SECTOR_MAPPING(3).zip,v64/IEF_PASS_RECONCILIATION_V64.csv,IEF_PASS_RECONCILIATION_V64.csv,729,48263883,FRONTERA_CICLO_AJUSTE_V64_CLOSED_PASS_NETWORK_COVERAGE_AND_SECTOR_MAPPING(3).zip,zip,iefpassreconciliationv64csv,0
FRONTERA_CICLO_AJUSTE_V64_CLOSED_PASS_NETWORK_COVERAGE_AND_SECTOR_MAPPING(3).zip,v64/CLOSED_NETWORK_NETTING_TEST_V64.csv,CLOSED_NETWORK_NETTING_TEST_V64.csv,688,1527256713,FRONTERA_CICLO_AJUSTE_V64_CLOSED_PASS_NETWORK_COVERAGE_AND_SECTOR_MAPPING(3).zip,zip,closednetworknettingtestv64csv,0
FRONTERA_CICLO_AJUSTE_V64_CLOSED_PASS_NETWORK_COVERAGE_AND_SECTOR_MAPPING(3).zip,v64/FOUR_LEG_PASS_PANEL_V64.csv,FOUR_LEG_PASS_PANEL_V64.csv,1428,3589933292,FRONTERA_CICLO_AJUSTE_V64_CLOSED_PASS_NETWORK_COVERAGE_AND_SECTOR_MAPPING(3).zip,zip,fourlegpasspanelv64csv,0
FRONTERA_CICLO_AJUSTE_V64_CLOSED_PASS_NETWORK_COVERAGE_AND_SECTOR_MAPPING(3).zip,v64/CLOSED_NETWORK_COVERAGE_V64.csv,CLOSED_NETWORK_COVERAGE_V64.csv,1625,936507974,FRONTERA_CICLO_AJUSTE_V64_CLOSED_PASS_NETWORK_COVERAGE_AND_SECTOR_MAPPING(3).zip,zip,closednetworkcoveragev64csv,0
FRONTERA_CICLO_AJUSTE_V64_CLOSED_PASS_NETWORK_COVERAGE_AND_SECTOR_MAPPING(3).zip,v64/HOUSEHOLD_PRODUCT_PANEL_V64.csv,HOUSEHOLD_PRODUCT_PANEL_V64.csv,1489,2041405891,FRONTERA_CICLO_AJUSTE_V64_CLOSED_PASS_NETWORK_COVERAGE_AND_SECTOR_MAPPING(3).zip,zip,householdproductpanelv64csv,0
FRONTERA_CICLO_AJUSTE_V64_CLOSED_PASS_NETWORK_COVERAGE_AND_SECTOR_MAPPING(3).zip,v64/EVIDENCE_LEDGER_CICLO_AJUSTE_V64.csv,EVIDENCE_LEDGER_CICLO_AJUSTE_V64.csv,2650,2671377196,FRONTERA_CICLO_AJUSTE_V64_CLOSED_PASS_NETWORK_COVERAGE_AND_SECTOR_MAPPING(3).zip,zip,evidenceledgercicloajustev64csv,0
FRONTERA_CICLO_AJUSTE_V64_CLOSED_PASS_NETWORK_COVERAGE_AND_SECTOR_MAPPING(3).zip,v64/HANDOVER_CODEX_CICLO_AJUSTE_V64_A_V65.md,HANDOVER_CODEX_CICLO_AJUSTE_V64_A_V65.md,1548,2714686482,FRONTERA_CICLO_AJUSTE_V64_CLOSED_PASS_NETWORK_COVERAGE_AND_SECTOR_MAPPING(3).zip,zip,handovercodexcicloajustev64av65md,0
FRONTERA_CICLO_AJUSTE_V64_CLOSED_PASS_NETWORK_COVERAGE_AND_SECTOR_MAPPING(3).zip,v64/MANIFEST_V64.json,MANIFEST_V64.json,3775,4217835733,FRONTERA_CICLO_AJUSTE_V64_CLOSED_PASS_NETWORK_COVERAGE_AND_SECTOR_MAPPING(3).zip,zip,manifestv64json,0
FRONTERA_CICLO_AJUSTE_V65_BASIS_HARMONIZATION_AND_INDIVIDUAL_NETWORK_GATE(3).zip,AUDITORIA_V65.md,AUDITORIA_V65.md,2546,2420171534,FRONTERA_CICLO_AJUSTE_V65_BASIS_HARMONIZATION_AND_INDIVIDUAL_NETWORK_GATE(3).zip,zip,auditoriav65md,0
FRONTERA_CICLO_AJUSTE_V65_BASIS_HARMONIZATION_AND_INDIVIDUAL_NETWORK_GATE(3).zip,BAPRO_FY_AQ_CONTROL_V65.csv,BAPRO_FY_AQ_CONTROL_V65.csv,528,1848146163,FRONTERA_CICLO_AJUSTE_V65_BASIS_HARMONIZATION_AND_INDIVIDUAL_NETWORK_GATE(3).zip,zip,baprofyaqcontrolv65csv,0
FRONTERA_CICLO_AJUSTE_V65_BASIS_HARMONIZATION_AND_INDIVIDUAL_NETWORK_GATE(3).zip,BASE_V64.zip,BASE_V64.zip,1587524,3096929230,FRONTERA_CICLO_AJUSTE_V65_BASIS_HARMONIZATION_AND_INDIVIDUAL_NETWORK_GATE(3).zip,zip,basev64zip,0
FRONTERA_CICLO_AJUSTE_V65_BASIS_HARMONIZATION_AND_INDIVIDUAL_NETWORK_GATE(3).zip,v64/VEREDICTO_V64.md,VEREDICTO_V64.md,3541,2631155135,FRONTERA_CICLO_AJUSTE_V65_BASIS_HARMONIZATION_AND_INDIVIDUAL_NETWORK_GATE(3).zip::BASE_V64.zip,zip,veredictov64md,1
FRONTERA_CICLO_AJUSTE_V65_BASIS_HARMONIZATION_AND_INDIVIDUAL_NETWORK_GATE(3).zip,v64/ICBC_Q4_AQ_BRIDGE_V64.csv,ICBC_Q4_AQ_BRIDGE_V64.csv,1214,1093793547,FRONTERA_CICLO_AJUSTE_V65_BASIS_HARMONIZATION_AND_INDIVIDUAL_NETWORK_GATE(3).zip::BASE_V64.zip,zip,icbcq4aqbridgev64csv,1
FRONTERA_CICLO_AJUSTE_V65_BASIS_HARMONIZATION_AND_INDIVIDUAL_NETWORK_GATE(3).zip,v64/BASE_V63.zip,BASE_V63.zip,1568045,1768785680,FRONTERA_CICLO_AJUSTE_V65_BASIS_HARMONIZATION_AND_INDIVIDUAL_NETWORK_GATE(3).zip::BASE_V64.zip,zip,basev63zip,1
FRONTERA_CICLO_AJUSTE_V65_BASIS_HARMONIZATION_AND_INDIVIDUAL_NETWORK_GATE(3).zip,AUDITORIA_V63.md,AUDITORIA_V63.md,1856,362679481,FRONTERA_CICLO_AJUSTE_V65_BASIS_HARMONIZATION_AND_INDIVIDUAL_NETWORK_GATE(3).zip::BASE_V64.zip::v64/BASE_V63.zip,zip,auditoriav63md,2
FRONTERA_CICLO_AJUSTE_V65_BASIS_HARMONIZATION_AND_INDIVIDUAL_NETWORK_GATE(3).zip,BASE_V62.zip,BASE_V62.zip,1554965,2599394019,FRONTERA_CICLO_AJUSTE_V65_BASIS_HARMONIZATION_AND_INDIVIDUAL_NETWORK_GATE(3).zip::BASE_V64.zip::v64/BASE_V63.zip,zip,basev62zip,2
FRONTERA_CICLO_AJUSTE_V65_BASIS_HARMONIZATION_AND_INDIVIDUAL_NETWORK_GATE(3).zip,AUDITORIA_V62.md,AUDITORIA_V62.md,1393,600029505,FRONTERA_CICLO_AJUSTE_V65_BASIS_HARMONIZATION_AND_INDIVIDUAL_NETWORK_GATE(3).zip::BASE_V64.zip::v64/BASE_V63.zip::BASE_V62.zip,zip,auditoriav62md,3
FRONTERA_CICLO_AJUSTE_V65_BASIS_HARMONIZATION_AND_INDIVIDUAL_NETWORK_GATE(3).zip,BASE_V61.zip,BASE_V61.zip,1544918,3678830250,FRONTERA_CICLO_AJUSTE_V65_BASIS_HARMONIZATION_AND_INDIVIDUAL_NETWORK_GATE(3).zip::BASE_V64.zip::v64/BASE_V63.zip::BASE_V62.zip,zip,basev61zip,3
FRONTERA_CICLO_AJUSTE_V65_BASIS_HARMONIZATION_AND_INDIVIDUAL_NETWORK_GATE(3).zip,AUDITORIA_V61.md,AUDITORIA_V61.md,1403,3939235878,FRONTERA_CICLO_AJUSTE_V65_BASIS_HARMONIZATION_AND_INDIVIDUAL_NETWORK_GATE(3).zip::BASE_V64.zip::v64/BASE_V63.zip::BASE_V62.zip::BASE_V61.zip,zip,auditoriav61md,4
FRONTERA_CICLO_AJUSTE_V65_BASIS_HARMONIZATION_AND_INDIVIDUAL_NETWORK_GATE(3).zip,BASE_V60.zip,BASE_V60.zip,1516418,405553932,FRONTERA_CICLO_AJUSTE_V65_BASIS_HARMONIZATION_AND_INDIVIDUAL_NETWORK_GATE(3).zip::BASE_V64.zip::v64/BASE_V63.zip::BASE_V62.zip::BASE_V61.zip,zip,basev60zip,4
FRONTERA_CICLO_AJUSTE_V65_BASIS_HARMONIZATION_AND_INDIVIDUAL_NETWORK_GATE(3).zip,AQ_FREQUENCY_CORRECTION_V60.csv,AQ_FREQUENCY_CORRECTION_V60.csv,293,27279586,FRONTERA_CICLO_AJUSTE_V65_BASIS_HARMONIZATION_AND_INDIVIDUAL_NETWORK_GATE(3).zip::BASE_V64.zip::v64/BASE_V63.zip::BASE_V62.zip::BASE_V61.zip::BASE_V60.zip,zip,aqfrequencycorrectionv60csv,5
FRONTERA_CICLO_AJUSTE_V65_BASIS_HARMONIZATION_AND_INDIVIDUAL_NETWORK_GATE(3).zip,AQ_SYSTEM_AGGREGATE_2023_V60.csv,AQ_SYSTEM_AGGREGATE_2023_V60.csv,453,3657801338,FRONTERA_CICLO_AJUSTE_V65_BASIS_HARMONIZATION_AND_INDIVIDUAL_NETWORK_GATE(3).zip::BASE_V64.zip::v64/BASE_V63.zip::BASE_V62.zip::BASE_V61.zip::BASE_V60.zip,zip,aqsystemaggregate2023v60csv,5
FRONTERA_CICLO_AJUSTE_V65_BASIS_HARMONIZATION_AND_INDIVIDUAL_NETWORK_GATE(3).zip,AQ_TO_IEF_ANNUAL_BRIDGE_V60.csv,AQ_TO_IEF_ANNUAL_BRIDGE_V60.csv,521,3222057515,FRONTERA_CICLO_AJUSTE_V65_BASIS_HARMONIZATION_AND_INDIVIDUAL_NETWORK_GATE(3).zip::BASE_V64.zip::v64/BASE_V63.zip::BASE_V62.zip::BASE_V61.zip::BASE_V60.zip,zip,aqtoiefannualbridgev60csv,5
FRONTERA_CICLO_AJUSTE_V65_BASIS_HARMONIZATION_AND_INDIVIDUAL_NETWORK_GATE(3).zip,AUDITORIA_V60.md,AUDITORIA_V60.md,1028,3191199415,FRONTERA_CICLO_AJUSTE_V65_BASIS_HARMONIZATION_AND_INDIVIDUAL_NETWORK_GATE(3).zip::BASE_V64.zip::v64/BASE_V63.zip::BASE_V62.zip::BASE_V61.zip::BASE_V60.zip,zip,auditoriav60md,5
FRONTERA_CICLO_AJUSTE_V65_BASIS_HARMONIZATION_AND_INDIVIDUAL_NETWORK_GATE(3).zip,BASE_V59.zip,BASE_V59.zip,1488966,3327583224,FRONTERA_CICLO_AJUSTE_V65_BASIS_HARMONIZATION_AND_INDIVIDUAL_NETWORK_GATE(3).zip::BASE_V64.zip::v64/BASE_V63.zip::BASE_V62.zip::BASE_V61.zip::BASE_V60.zip,zip,basev59zip,5
FRONTERA_CICLO_AJUSTE_V65_BASIS_HARMONIZATION_AND_INDIVIDUAL_NETWORK_GATE(3).zip,INTEREST_ACCRUED_SECTOR_FLOW_V59.csv,INTEREST_ACCRUED_SECTOR_FLOW_V59.csv,3456,2350036141,FRONTERA_CICLO_AJUSTE_V65_BASIS_HARMONIZATION_AND_INDIVIDUAL_NETWORK_GATE(3).zip::BASE_V64.zip::v64/BASE_V63.zip::BASE_V62.zip::BASE_V61.zip::BASE_V60.zip::BASE_V59.zip,zip,interestaccruedsectorflowv59csv,6
FRONTERA_CICLO_AJUSTE_V65_BASIS_HARMONIZATION_AND_INDIVIDUAL_NETWORK_GATE(3).zip,SECURITIES_RESULT_ISSUER_FLOW_V59.csv,SECURITIES_RESULT_ISSUER_FLOW_V59.csv,973,2396753114,FRONTERA_CICLO_AJUSTE_V65_BASIS_HARMONIZATION_AND_INDIVIDUAL_NETWORK_GATE(3).zip::BASE_V64.zip::v64/BASE_V63.zip::BASE_V62.zip::BASE_V61.zip::BASE_V60.zip::BASE_V59.zip,zip,securitiesresultissuerflowv59csv,6
FRONTERA_CICLO_AJUSTE_V65_BASIS_HARMONIZATION_AND_INDIVIDUAL_NETWORK_GATE(3).zip,MANIFEST_V59.json,MANIFEST_V59.json,3173,1958130905,FRONTERA_CICLO_AJUSTE_V65_BASIS_HARMONIZATION_AND_INDIVIDUAL_NETWORK_GATE(3).zip::BASE_V64.zip::v64/BASE_V63.zip::BASE_V62.zip::BASE_V61.zip::BASE_V60.zip::BASE_V59.zip,zip,manifestv59json,6
FRONTERA_CICLO_AJUSTE_V65_BASIS_HARMONIZATION_AND_INDIVIDUAL_NETWORK_GATE(3).zip,VEREDICTO_V59.md,VEREDICTO_V59.md,1520,2869004237,FRONTERA_CICLO_AJUSTE_V65_BASIS_HARMONIZATION_AND_INDIVIDUAL_NETWORK_GATE(3).zip::BASE_V64.zip::v64/BASE_V63.zip::BASE_V62.zip::BASE_V61.zip::BASE_V60.zip::BASE_V59.zip,zip,veredictov59md,6
FRONTERA_CICLO_AJUSTE_V65_BASIS_HARMONIZATION_AND_INDIVIDUAL_NETWORK_GATE(3).zip,POSITIVE_FINANCIAL_INCOME_FORMULA_V59.csv,POSITIVE_FINANCIAL_INCOME_FORMULA_V59.csv,2665,3309765842,FRONTERA_CICLO_AJUSTE_V65_BASIS_HARMONIZATION_AND_INDIVIDUAL_NETWORK_GATE(3).zip::BASE_V64.zip::v64/BASE_V63.zip::BASE_V62.zip::BASE_V61.zip::BASE_V60.zip::BASE_V59.zip,zip,positivefinancialincomeformulav59csv,6
FRONTERA_CICLO_AJUSTE_V65_BASIS_HARMONIZATION_AND_INDIVIDUAL_NETWORK_GATE(3).zip,README_V59.md,README_V59.md,689,1979927137,FRONTERA_CICLO_AJUSTE_V65_BASIS_HARMONIZATION_AND_INDIVIDUAL_NETWORK_GATE(3).zip::BASE_V64.zip::v64/BASE_V63.zip::BASE_V62.zip::BASE_V61.zip::BASE_V60.zip::BASE_V59.zip,zip,readmev59md,6
FRONTERA_CICLO_AJUSTE_V65_BASIS_HARMONIZATION_AND_INDIVIDUAL_NETWORK_GATE(3).zip,COMMON_DENOMINATOR_RECONCILIATION_V59.csv,COMMON_DENOMINATOR_RECONCILIATION_V59.csv,3406,3895230344,FRONTERA_CICLO_AJUSTE_V65_BASIS_HARMONIZATION_AND_INDIVIDUAL_NETWORK_GATE(3).zip::BASE_V64.zip::v64/BASE_V63.zip::BASE_V62.zip::BASE_V61.zip::BASE_V60.zip::BASE_V59.zip,zip,commondenominatorreconciliationv59csv,6
FRONTERA_CICLO_AJUSTE_V65_BASIS_HARMONIZATION_AND_INDIVIDUAL_NETWORK_GATE(3).zip,BASE_V58.zip,BASE_V58.zip,1457322,799904491,FRONTERA_CICLO_AJUSTE_V65_BASIS_HARMONIZATION_AND_INDIVIDUAL_NETWORK_GATE(3).zip::BASE_V64.zip::v64/BASE_V63.zip::BASE_V62.zip::BASE_V61.zip::BASE_V60.zip::BASE_V59.zip,zip,basev58zip,6
FRONTERA_CICLO_AJUSTE_V65_BASIS_HARMONIZATION_AND_INDIVIDUAL_NETWORK_GATE(3).zip,IEF_COMPONENT_RECONCILIATION_V58.csv,IEF_COMPONENT_RECONCILIATION_V58.csv,4404,771447225,FRONTERA_CICLO_AJUSTE_V65_BASIS_HARMONIZATION_AND_INDIVIDUAL_NETWORK_GATE(3).zip::BASE_V64.zip::v64/BASE_V63.zip::BASE_V62.zip::BASE_V61.zip::BASE_V60.zip::BASE_V59.zip::BASE_V58.zip,zip,iefcomponentreconciliationv58csv,7
FRONTERA_CICLO_AJUSTE_V65_BASIS_HARMONIZATION_AND_INDIVIDUAL_NETWORK_GATE(3).zip,BASE_V57.zip,BASE_V57.zip,1426922,2040299978,FRONTERA_CICLO_AJUSTE_V65_BASIS_HARMONIZATION_AND_INDIVIDUAL_NETWORK_GATE(3).zip::BASE_V64.zip::v64/BASE_V63.zip::BASE_V62.zip::BASE_V61.zip::BASE_V60.zip::BASE_V59.zip::BASE_V58.zip,zip,basev57zip,7
FRONTERA_CICLO_AJUSTE_V65_BASIS_HARMONIZATION_AND_INDIVIDUAL_NETWORK_GATE(3).zip,ACCOUNT_MAPPING_NIIF_V57.csv,ACCOUNT_MAPPING_NIIF_V57.csv,6675,3279393462,FRONTERA_CICLO_AJUSTE_V65_BASIS_HARMONIZATION_AND_INDIVIDUAL_NETWORK_GATE(3).zip::BASE_V64.zip::v64/BASE_V63.zip::BASE_V62.zip::BASE_V61.zip::BASE_V60.zip::BASE_V59.zip::BASE_V58.zip::BASE_V57.zip,zip,accountmappingniifv57csv,8
FRONTERA_CICLO_AJUSTE_V65_BASIS_HARMONIZATION_AND_INDIVIDUAL_NETWORK_GATE(3).zip,AUDITORIA_V57.md,AUDITORIA_V57.md,3300,2845304577,FRONTERA_CICLO_AJUSTE_V65_BASIS_HARMONIZATION_AND_INDIVIDUAL_NETWORK_GATE(3).zip::BASE_V64.zip::v64/BASE_V63.zip::BASE_V62.zip::BASE_V61.zip::BASE_V60.zip::BASE_V59.zip::BASE_V58.zip::BASE_V57.zip,zip,auditoriav57md,8
FRONTERA_CICLO_AJUSTE_V65_BASIS_HARMONIZATION_AND_INDIVIDUAL_NETWORK_GATE(3).zip,BASE_V56.zip,BASE_V56.zip,1405429,4102697162,FRONTERA_CICLO_AJUSTE_V65_BASIS_HARMONIZATION_AND_INDIVIDUAL_NETWORK_GATE(3).zip::BASE_V64.zip::v64/BASE_V63.zip::BASE_V62.zip::BASE_V61.zip::BASE_V60.zip::BASE_V59.zip::BASE_V58.zip::BASE_V57.zip,zip,basev56zip,8
FRONTERA_CICLO_AJUSTE_V65_BASIS_HARMONIZATION_AND_INDIVIDUAL_NETWORK_GATE(3).zip,TARGET_RECONCILIATION_V56.csv,TARGET_RECONCILIATION_V56.csv,1039,3039763977,FRONTERA_CICLO_AJUSTE_V65_BASIS_HARMONIZATION_AND_INDIVIDUAL_NETWORK_GATE(3).zip::BASE_V64.zip::v64/BASE_V63.zip::BASE_V62.zip::BASE_V61.zip::BASE_V60.zip::BASE_V59.zip::BASE_V58.zip::BASE_V57.zip::BASE_V56.zip,zip,targetreconciliationv56csv,9
FRONTERA_CICLO_AJUSTE_V65_BASIS_HARMONIZATION_AND_INDIVIDUAL_NETWORK_GATE(3).zip,FUENTES_V56.md,FUENTES_V56.md,1270,1201168601,FRONTERA_CICLO_AJUSTE_V65_BASIS_HARMONIZATION_AND_INDIVIDUAL_NETWORK_GATE(3).zip::BASE_V64.zip::v64/BASE_V63.zip::BASE_V62.zip::BASE_V61.zip::BASE_V60.zip::BASE_V59.zip::BASE_V58.zip::BASE_V57.zip::BASE_V56.zip,zip,fuentesv56md,9
FRONTERA_CICLO_AJUSTE_V65_BASIS_HARMONIZATION_AND_INDIVIDUAL_NETWORK_GATE(3).zip,AUDITORIA_V56.md,AUDITORIA_V56.md,1958,3875203169,FRONTERA_CICLO_AJUSTE_V65_BASIS_HARMONIZATION_AND_INDIVIDUAL_NETWORK_GATE(3).zip::BASE_V64.zip::v64/BASE_V63.zip::BASE_V62.zip::BASE_V61.zip::BASE_V60.zip::BASE_V59.zip::BASE_V58.zip::BASE_V57.zip::BASE_V56.zip,zip,auditoriav56md,9
FRONTERA_CICLO_AJUSTE_V65_BASIS_HARMONIZATION_AND_INDIVIDUAL_NETWORK_GATE(3).zip,PROMPT_CODEX_V57_API_VALUE_EXTRACTION_AND_RECONCILIATION.md,PROMPT_CODEX_V57_API_VALUE_EXTRACTION_AND_RECONCILIATION.md,1639,1234052454,FRONTERA_CICLO_AJUSTE_V65_BASIS_HARMONIZATION_AND_INDIVIDUAL_NETWORK_GATE(3).zip::BASE_V64.zip::v64/BASE_V63.zip::BASE_V62.zip::BASE_V61.zip::BASE_V60.zip::BASE_V59.zip::BASE_V58.zip::BASE_V57.zip::BASE_V56.zip,zip,promptcodexv57apivalueextractionandreconciliationmd,9
FRONTERA_CICLO_AJUSTE_V65_BASIS_HARMONIZATION_AND_INDIVIDUAL_NETWORK_GATE(3).zip,README_V56.md,README_V56.md,741,2692164018,FRONTERA_CICLO_AJUSTE_V65_BASIS_HARMONIZATION_AND_INDIVIDUAL_NETWORK_GATE(3).zip::BASE_V64.zip::v64/BASE_V63.zip::BASE_V62.zip::BASE_V61.zip::BASE_V60.zip::BASE_V59.zip::BASE_V58.zip::BASE_V57.zip::BASE_V56.zip,zip,readmev56md,9
FRONTERA_CICLO_AJUSTE_V65_BASIS_HARMONIZATION_AND_INDIVIDUAL_NETWORK_GATE(3).zip,SERIES_VALUE_BYTES_MANIFEST_V56.csv,SERIES_VALUE_BYTES_MANIFEST_V56.csv,1721,1992671686,FRONTERA_CICLO_AJUSTE_V65_BASIS_HARMONIZATION_AND_INDIVIDUAL_NETWORK_GATE(3).zip::BASE_V64.zip::v64/BASE_V63.zip::BASE_V62.zip::BASE_V61.zip::BASE_V60.zip::BASE_V59.zip::BASE_V58.zip::BASE_V57.zip::BASE_V56.zip,zip,seriesvaluebytesmanifestv56csv,9
FRONTERA_CICLO_AJUSTE_V65_BASIS_HARMONIZATION_AND_INDIVIDUAL_NETWORK_GATE(3).zip,QA_RESULT_V56.txt,QA_RESULT_V56.txt,5,3256905966,FRONTERA_CICLO_AJUSTE_V65_BASIS_HARMONIZATION_AND_INDIVIDUAL_NETWORK_GATE(3).zip::BASE_V64.zip::v64/BASE_V63.zip::BASE_V62.zip::BASE_V61.zip::BASE_V60.zip::BASE_V59.zip::BASE_V58.zip::BASE_V57.zip::BASE_V56.zip,zip,qaresultv56txt,9
FRONTERA_CICLO_AJUSTE_V65_BASIS_HARMONIZATION_AND_INDIVIDUAL_NETWORK_GATE(3).zip,BASE_V55.zip,BASE_V55.zip,308547,3407641759,FRONTERA_CICLO_AJUSTE_V65_BASIS_HARMONIZATION_AND_INDIVIDUAL_NETWORK_GATE(3).zip::BASE_V64.zip::v64/BASE_V63.zip::BASE_V62.zip::BASE_V61.zip::BASE_V60.zip::BASE_V59.zip::BASE_V58.zip::BASE_V57.zip::BASE_V56.zip,zip,basev55zip,9
FRONTERA_CICLO_AJUSTE_V65_BASIS_HARMONIZATION_AND_INDIVIDUAL_NETWORK_GATE(3).zip,ACCOUNTING_MODE_AXIS_V55.csv,ACCOUNTING_MODE_AXIS_V55.csv,699,3452533906,FRONTERA_CICLO_AJUSTE_V65_BASIS_HARMONIZATION_AND_INDIVIDUAL_NETWORK_GATE(3).zip::BASE_V64.zip::v64/BASE_V63.zip::BASE_V62.zip::BASE_V61.zip::BASE_V60.zip::BASE_V59.zip::BASE_V58.zip::BASE_V57.zip::BASE_V56.zip::BASE_V55.zip,zip,accountingmodeaxisv55csv,10
FRONTERA_CICLO_AJUSTE_V65_BASIS_HARMONIZATION_AND_INDIVIDUAL_NETWORK_GATE(3).zip,AUDITORIA_RECONCILIACION_V55.md,AUDITORIA_RECONCILIACION_V55.md,2954,954690639,FRONTERA_CICLO_AJUSTE_V65_BASIS_HARMONIZATION_AND_INDIVIDUAL_NETWORK_GATE(3).zip::BASE_V64.zip::v64/BASE_V63.zip::BASE_V62.zip::BASE_V61.zip::BASE_V60.zip::BASE_V59.zip::BASE_V58.zip::BASE_V57.zip::BASE_V56.zip::BASE_V55.zip,zip,auditoriareconciliacionv55md,10
FRONTERA_CICLO_AJUSTE_V65_BASIS_HARMONIZATION_AND_INDIVIDUAL_NETWORK_GATE(3).zip,BASE_V54.zip,BASE_V54.zip,89528,4191159782,FRONTERA_CICLO_AJUSTE_V65_BASIS_HARMONIZATION_AND_INDIVIDUAL_NETWORK_GATE(3).zip::BASE_V64.zip::v64/BASE_V63.zip::BASE_V62.zip::BASE_V61.zip::BASE_V60.zip::BASE_V59.zip::BASE_V58.zip::BASE_V57.zip::BASE_V56.zip::BASE_V55.zip,zip,basev54zip,10
FRONTERA_CICLO_AJUSTE_V65_BASIS_HARMONIZATION_AND_INDIVIDUAL_NETWORK_GATE(3).zip,AUDITORIA_MICRODATA_BRIDGE_V54.md,AUDITORIA_MICRODATA_BRIDGE_V54.md,5719,1640919157,FRONTERA_CICLO_AJUSTE_V65_BASIS_HARMONIZATION_AND_INDIVIDUAL_NETWORK_GATE(3).zip::BASE_V64.zip::v64/BASE_V63.zip::BASE_V62.zip::BASE_V61.zip::BASE_V60.zip::BASE_V59.zip::BASE_V58.zip::BASE_V57.zip::BASE_V56.zip::BASE_V55.zip::BASE_V54.zip,zip,auditoriamicrodatabridgev54md,11
FRONTERA_CICLO_AJUSTE_V65_BASIS_HARMONIZATION_AND_INDIVIDUAL_NETWORK_GATE(3).zip,BASE_V53.zip,BASE_V53.zip,60708,2634438224,FRONTERA_CICLO_AJUSTE_V65_BASIS_HARMONIZATION_AND_INDIVIDUAL_NETWORK_GATE(3).zip::BASE_V64.zip::v64/BASE_V63.zip::BASE_V62.zip::BASE_V61.zip::BASE_V60.zip::BASE_V59.zip::BASE_V58.zip::BASE_V57.zip::BASE_V56.zip::BASE_V55.zip::BASE_V54.zip,zip,basev53zip,11
FRONTERA_CICLO_AJUSTE_V65_BASIS_HARMONIZATION_AND_INDIVIDUAL_NETWORK_GATE(3).zip,AUDITORIA_CUANTIFICACION_CONTRAPARTES_V53.md,AUDITORIA_CUANTIFICACION_CONTRAPARTES_V53.md,8576,3068984065,FRONTERA_CICLO_AJUSTE_V65_BASIS_HARMONIZATION_AND_INDIVIDUAL_NETWORK_GATE(3).zip::BASE_V64.zip::v64/BASE_V63.zip::BASE_V62.zip::BASE_V61.zip::BASE_V60.zip::BASE_V59.zip::BASE_V58.zip::BASE_V57.zip::BASE_V56.zip::BASE_V55.zip::BASE_V54.zip::BASE_V53.zip,zip,auditoriacuantificacioncontrapartesv53md,12
FRONTERA_CICLO_AJUSTE_V65_BASIS_HARMONIZATION_AND_INDIVIDUAL_NETWORK_GATE(3).zip,BASE_V52.zip,BASE_V52.zip,30016,2693101034,FRONTERA_CICLO_AJUSTE_V65_BASIS_HARMONIZATION_AND_INDIVIDUAL_NETWORK_GATE(3).zip::BASE_V64.zip::v64/BASE_V63.zip::BASE_V62.zip::BASE_V61.zip::BASE_V60.zip::BASE_V59.zip::BASE_V58.zip::BASE_V57.zip::BASE_V56.zip::BASE_V55.zip::BASE_V54.zip::BASE_V53.zip,zip,basev52zip,12
FRONTERA_CICLO_AJUSTE_V65_BASIS_HARMONIZATION_AND_INDIVIDUAL_NETWORK_GATE(3).zip,AUDITORIA_CONTRAPARTES_V52.md,AUDITORIA_CONTRAPARTES_V52.md,10790,1141669530,FRONTERA_CICLO_AJUSTE_V65_BASIS_HARMONIZATION_AND_INDIVIDUAL_NETWORK_GATE(3).zip::BASE_V64.zip::v64/BASE_V63.zip::BASE_V62.zip::BASE_V61.zip::BASE_V60.zip::BASE_V59.zip::BASE_V58.zip::BASE_V57.zip::BASE_V56.zip::BASE_V55.zip::BASE_V54.zip::BASE_V53.zip::BASE_V52.zip,zip,auditoriacontrapartesv52md,13
FRONTERA_CICLO_AJUSTE_V65_BASIS_HARMONIZATION_AND_INDIVIDUAL_NETWORK_GATE(3).zip,COMPONENT_COUNTERPARTY_MAP_V52.csv,COMPONENT_COUNTERPARTY_MAP_V52.csv,10923,221048505,FRONTERA_CICLO_AJUSTE_V65_BASIS_HARMONIZATION_AND_INDIVIDUAL_NETWORK_GATE(3).zip::BASE_V64.zip::v64/BASE_V63.zip::BASE_V62.zip::BASE_V61.zip::BASE_V60.zip::BASE_V59.zip::BASE_V58.zip::BASE_V57.zip::BASE_V56.zip::BASE_V55.zip::BASE_V54.zip::BASE_V53.zip::BASE_V52.zip,zip,componentcounterpartymapv52csv,13
FRONTERA_CICLO_AJUSTE_V65_BASIS_HARMONIZATION_AND_INDIVIDUAL_NETWORK_GATE(3).zip,EVIDENCE_LEDGER_CICLO_AJUSTE_V52.csv,EVIDENCE_LEDGER_CICLO_AJUSTE_V52.csv,29452,2822240886,FRONTERA_CICLO_AJUSTE_V65_BASIS_HARMONIZATION_AND_INDIVIDUAL_NETWORK_GATE(3).zip::BASE_V64.zip::v64/BASE_V63.zip::BASE_V62.zip::BASE_V61.zip::BASE_V60.zip::BASE_V59.zip::BASE_V58.zip::BASE_V57.zip::BASE_V56.zip::BASE_V55.zip::BASE_V54.zip::BASE_V53.zip::BASE_V52.zip,zip,evidenceledgercicloajustev52csv,13
FRONTERA_CICLO_AJUSTE_V65_BASIS_HARMONIZATION_AND_INDIVIDUAL_NETWORK_GATE(3).zip,FALSIFICADORES_INCIDENCE_V52.csv,FALSIFICADORES_INCIDENCE_V52.csv,1704,733707846,FRONTERA_CICLO_AJUSTE_V65_BASIS_HARMONIZATION_AND_INDIVIDUAL_NETWORK_GATE(3).zip::BASE_V64.zip::v64/BASE_V63.zip::BASE_V62.zip::BASE_V61.zip::BASE_V60.zip::BASE_V59.zip::BASE_V58.zip::BASE_V57.zip::BASE_V56.zip::BASE_V55.zip::BASE_V54.zip::BASE_V53.zip::BASE_V52.zip,zip,falsificadoresincidencev52csv,13
FRONTERA_CICLO_AJUSTE_V65_BASIS_HARMONIZATION_AND_INDIVIDUAL_NETWORK_GATE(3).zip,HOUSEHOLD_LINK_CLASSIFICATION_V52.csv,HOUSEHOLD_LINK_CLASSIFICATION_V52.csv,2318,2469493028,FRONTERA_CICLO_AJUSTE_V65_BASIS_HARMONIZATION_AND_INDIVIDUAL_NETWORK_GATE(3).zip::BASE_V64.zip::v64/BASE_V63.zip::BASE_V62.zip::BASE_V61.zip::BASE_V60.zip::BASE_V59.zip::BASE_V58.zip::BASE_V57.zip::BASE_V56.zip::BASE_V55.zip::BASE_V54.zip::BASE_V53.zip::BASE_V52.zip,zip,householdlinkclassificationv52csv,13
FRONTERA_CICLO_AJUSTE_V65_BASIS_HARMONIZATION_AND_INDIVIDUAL_NETWORK_GATE(3).zip,INCIDENCE_CHAIN_V52.csv,INCIDENCE_CHAIN_V52.csv,4179,1507603432,FRONTERA_CICLO_AJUSTE_V65_BASIS_HARMONIZATION_AND_INDIVIDUAL_NETWORK_GATE(3).zip::BASE_V64.zip::v64/BASE_V63.zip::BASE_V62.zip::BASE_V61.zip::BASE_V60.zip::BASE_V59.zip::BASE_V58.zip::BASE_V57.zip::BASE_V56.zip::BASE_V55.zip::BASE_V54.zip::BASE_V53.zip::BASE_V52.zip,zip,incidencechainv52csv,13
FRONTERA_CICLO_AJUSTE_V65_BASIS_HARMONIZATION_AND_INDIVIDUAL_NETWORK_GATE(3).zip,MANIFEST_V52.json,MANIFEST_V52.json,3066,2435890137,FRONTERA_CICLO_AJUSTE_V65_BASIS_HARMONIZATION_AND_INDIVIDUAL_NETWORK_GATE(3).zip::BASE_V64.zip::v64/BASE_V63.zip::BASE_V62.zip::BASE_V61.zip::BASE_V60.zip::BASE_V59.zip::BASE_V58.zip::BASE_V57.zip::BASE_V56.zip::BASE_V55.zip::BASE_V54.zip::BASE_V53.zip::BASE_V52.zip,zip,manifestv52json,13
FRONTERA_CICLO_AJUSTE_V65_BASIS_HARMONIZATION_AND_INDIVIDUAL_NETWORK_GATE(3).zip,PROMPT_CODEX_V53_COUNTERPARTY_QUANTIFICATION.md,PROMPT_CODEX_V53_COUNTERPARTY_QUANTIFICATION.md,2245,3992379914,FRONTERA_CICLO_AJUSTE_V65_BASIS_HARMONIZATION_AND_INDIVIDUAL_NETWORK_GATE(3).zip::BASE_V64.zip::v64/BASE_V63.zip::BASE_V62.zip::BASE_V61.zip::BASE_V60.zip::BASE_V59.zip::BASE_V58.zip::BASE_V57.zip::BASE_V56.zip::BASE_V55.zip::BASE_V54.zip::BASE_V53.zip::BASE_V52.zip,zip,promptcodexv53counterpartyquantificationmd,13
FRONTERA_CICLO_AJUSTE_V65_BASIS_HARMONIZATION_AND_INDIVIDUAL_NETWORK_GATE(3).zip,README_V52.md,README_V52.md,1435,967710712,FRONTERA_CICLO_AJUSTE_V65_BASIS_HARMONIZATION_AND_INDIVIDUAL_NETWORK_GATE(3).zip::BASE_V64.zip::v64/BASE_V63.zip::BASE_V62.zip::BASE_V61.zip::BASE_V60.zip::BASE_V59.zip::BASE_V58.zip::BASE_V57.zip::BASE_V56.zip::BASE_V55.zip::BASE_V54.zip::BASE_V53.zip::BASE_V52.zip,zip,readmev52md,13
FRONTERA_CICLO_AJUSTE_V65_BASIS_HARMONIZATION_AND_INDIVIDUAL_NETWORK_GATE(3).zip,VEREDICTO_CONTRAPARTES_V52.md,VEREDICTO_CONTRAPARTES_V52.md,2555,1531089469,FRONTERA_CICLO_AJUSTE_V65_BASIS_HARMONIZATION_AND_INDIVIDUAL_NETWORK_GATE(3).zip::BASE_V64.zip::v64/BASE_V63.zip::BASE_V62.zip::BASE_V61.zip::BASE_V60.zip::BASE_V59.zip::BASE_V58.zip::BASE_V57.zip::BASE_V56.zip::BASE_V55.zip::BASE_V54.zip::BASE_V53.zip::BASE_V52.zip,zip,veredictocontrapartesv52md,13
FRONTERA_CICLO_AJUSTE_V65_BASIS_HARMONIZATION_AND_INDIVIDUAL_NETWORK_GATE(3).zip,qa_v52.py,qa_v52.py,1481,3727353323,FRONTERA_CICLO_AJUSTE_V65_BASIS_HARMONIZATION_AND_INDIVIDUAL_NETWORK_GATE(3).zip::BASE_V64.zip::v64/BASE_V63.zip::BASE_V62.zip::BASE_V61.zip::BASE_V60.zip::BASE_V59.zip::BASE_V58.zip::BASE_V57.zip::BASE_V56.zip::BASE_V55.zip::BASE_V54.zip::BASE_V53.zip::BASE_V52.zip,zip,qav52py,13
FRONTERA_CICLO_AJUSTE_V65_BASIS_HARMONIZATION_AND_INDIVIDUAL_NETWORK_GATE(3).zip,CER_ASSET_LIABILITY_SECTOR_MAP_V53.csv,CER_ASSET_LIABILITY_SECTOR_MAP_V53.csv,1928,2424930496,FRONTERA_CICLO_AJUSTE_V65_BASIS_HARMONIZATION_AND_INDIVIDUAL_NETWORK_GATE(3).zip::BASE_V64.zip::v64/BASE_V63.zip::BASE_V62.zip::BASE_V61.zip::BASE_V60.zip::BASE_V59.zip::BASE_V58.zip::BASE_V57.zip::BASE_V56.zip::BASE_V55.zip::BASE_V54.zip::BASE_V53.zip,zip,cerassetliabilitysectormapv53csv,12
FRONTERA_CICLO_AJUSTE_V65_BASIS_HARMONIZATION_AND_INDIVIDUAL_NETWORK_GATE(3).zip,EVIDENCE_LEDGER_CICLO_AJUSTE_V53.csv,EVIDENCE_LEDGER_CICLO_AJUSTE_V53.csv,32838,1291886418,FRONTERA_CICLO_AJUSTE_V65_BASIS_HARMONIZATION_AND_INDIVIDUAL_NETWORK_GATE(3).zip::BASE_V64.zip::v64/BASE_V63.zip::BASE_V62.zip::BASE_V61.zip::BASE_V60.zip::BASE_V59.zip::BASE_V58.zip::BASE_V57.zip::BASE_V56.zip::BASE_V55.zip::BASE_V54.zip::BASE_V53.zip,zip,evidenceledgercicloajustev53csv,12
FRONTERA_CICLO_AJUSTE_V65_BASIS_HARMONIZATION_AND_INDIVIDUAL_NETWORK_GATE(3).zip,FUENTES_V53.md,FUENTES_V53.md,1790,3905457752,FRONTERA_CICLO_AJUSTE_V65_BASIS_HARMONIZATION_AND_INDIVIDUAL_NETWORK_GATE(3).zip::BASE_V64.zip::v64/BASE_V63.zip::BASE_V62.zip::BASE_V61.zip::BASE_V60.zip::BASE_V59.zip::BASE_V58.zip::BASE_V57.zip::BASE_V56.zip::BASE_V55.zip::BASE_V54.zip::BASE_V53.zip,zip,fuentesv53md,12
FRONTERA_CICLO_AJUSTE_V65_BASIS_HARMONIZATION_AND_INDIVIDUAL_NETWORK_GATE(3).zip,FX_GROSS_COUNTERPARTY_MAP_V53.csv,FX_GROSS_COUNTERPARTY_MAP_V53.csv,2845,3945359840,FRONTERA_CICLO_AJUSTE_V65_BASIS_HARMONIZATION_AND_INDIVIDUAL_NETWORK_GATE(3).zip::BASE_V64.zip::v64/BASE_V63.zip::BASE_V62.zip::BASE_V61.zip::BASE_V60.zip::BASE_V59.zip::BASE_V58.zip::BASE_V57.zip::BASE_V56.zip::BASE_V55.zip::BASE_V54.zip::BASE_V53.zip,zip,fxgrosscounterpartymapv53csv,12
FRONTERA_CICLO_AJUSTE_V65_BASIS_HARMONIZATION_AND_INDIVIDUAL_NETWORK_GATE(3).zip,HOUSEHOLD_DIRECT_FLOW_BOUND_V53.csv,HOUSEHOLD_DIRECT_FLOW_BOUND_V53.csv,2566,3922136717,FRONTERA_CICLO_AJUSTE_V65_BASIS_HARMONIZATION_AND_INDIVIDUAL_NETWORK_GATE(3).zip::BASE_V64.zip::v64/BASE_V63.zip::BASE_V62.zip::BASE_V61.zip::BASE_V60.zip::BASE_V59.zip::BASE_V58.zip::BASE_V57.zip::BASE_V56.zip::BASE_V55.zip::BASE_V54.zip::BASE_V53.zip,zip,householddirectflowboundv53csv,12
FRONTERA_CICLO_AJUSTE_V65_BASIS_HARMONIZATION_AND_INDIVIDUAL_NETWORK_GATE(3).zip,INTEREST_INCOME_SECTOR_SPLIT_V53.csv,INTEREST_INCOME_SECTOR_SPLIT_V53.csv,1914,3323966839,FRONTERA_CICLO_AJUSTE_V65_BASIS_HARMONIZATION_AND_INDIVIDUAL_NETWORK_GATE(3).zip::BASE_V64.zip::v64/BASE_V63.zip::BASE_V62.zip::BASE_V61.zip::BASE_V60.zip::BASE_V59.zip::BASE_V58.zip::BASE_V57.zip::BASE_V56.zip::BASE_V55.zip::BASE_V54.zip::BASE_V53.zip,zip,interestincomesectorsplitv53csv,12
FRONTERA_CICLO_AJUSTE_V65_BASIS_HARMONIZATION_AND_INDIVIDUAL_NETWORK_GATE(3).zip,MANIFEST_V53.json,MANIFEST_V53.json,3151,3397775879,FRONTERA_CICLO_AJUSTE_V65_BASIS_HARMONIZATION_AND_INDIVIDUAL_NETWORK_GATE(3).zip::BASE_V64.zip::v64/BASE_V63.zip::BASE_V62.zip::BASE_V61.zip::BASE_V60.zip::BASE_V59.zip::BASE_V58.zip::BASE_V57.zip::BASE_V56.zip::BASE_V55.zip::BASE_V54.zip::BASE_V53.zip,zip,manifestv53json,12
FRONTERA_CICLO_AJUSTE_V65_BASIS_HARMONIZATION_AND_INDIVIDUAL_NETWORK_GATE(3).zip,PROMPT_CODEX_V54_RAW_BCRA_MICRODATA.md,PROMPT_CODEX_V54_RAW_BCRA_MICRODATA.md,3199,1476505167,FRONTERA_CICLO_AJUSTE_V65_BASIS_HARMONIZATION_AND_INDIVIDUAL_NETWORK_GATE(3).zip::BASE_V64.zip::v64/BASE_V63.zip::BASE_V62.zip::BASE_V61.zip::BASE_V60.zip::BASE_V59.zip::BASE_V58.zip::BASE_V57.zip::BASE_V56.zip::BASE_V55.zip::BASE_V54.zip::BASE_V53.zip,zip,promptcodexv54rawbcramicrodatamd,12
FRONTERA_CICLO_AJUSTE_V65_BASIS_HARMONIZATION_AND_INDIVIDUAL_NETWORK_GATE(3).zip,README_V53.md,README_V53.md,1622,2934203907,FRONTERA_CICLO_AJUSTE_V65_BASIS_HARMONIZATION_AND_INDIVIDUAL_NETWORK_GATE(3).zip::BASE_V64.zip::v64/BASE_V63.zip::BASE_V62.zip::BASE_V61.zip::BASE_V60.zip::BASE_V59.zip::BASE_V58.zip::BASE_V57.zip::BASE_V56.zip::BASE_V55.zip::BASE_V54.zip::BASE_V53.zip,zip,readmev53md,12
FRONTERA_CICLO_AJUSTE_V65_BASIS_HARMONIZATION_AND_INDIVIDUAL_NETWORK_GATE(3).zip,SECURITIES_ISSUER_VALUATION_SPLIT_V53.csv,SECURITIES_ISSUER_VALUATION_SPLIT_V53.csv,3994,1151985647,FRONTERA_CICLO_AJUSTE_V65_BASIS_HARMONIZATION_AND_INDIVIDUAL_NETWORK_GATE(3).zip::BASE_V64.zip::v64/BASE_V63.zip::BASE_V62.zip::BASE_V61.zip::BASE_V60.zip::BASE_V59.zip::BASE_V58.zip::BASE_V57.zip::BASE_V56.zip::BASE_V55.zip::BASE_V54.zip::BASE_V53.zip,zip,securitiesissuervaluationsplitv53csv,12
FRONTERA_CICLO_AJUSTE_V65_BASIS_HARMONIZATION_AND_INDIVIDUAL_NETWORK_GATE(3).zip,VEREDICTO_CUANTIFICACION_CONTRAPARTES_V53.md,VEREDICTO_CUANTIFICACION_CONTRAPARTES_V53.md,2689,3561875554,FRONTERA_CICLO_AJUSTE_V65_BASIS_HARMONIZATION_AND_INDIVIDUAL_NETWORK_GATE(3).zip::BASE_V64.zip::v64/BASE_V63.zip::BASE_V62.zip::BASE_V61.zip::BASE_V60.zip::BASE_V59.zip::BASE_V58.zip::BASE_V57.zip::BASE_V56.zip::BASE_V55.zip::BASE_V54.zip::BASE_V53.zip,zip,veredictocuantificacioncontrapartesv53md,12
FRONTERA_CICLO_AJUSTE_V65_BASIS_HARMONIZATION_AND_INDIVIDUAL_NETWORK_GATE(3).zip,qa_v53.py,qa_v53.py,2329,4075672873,FRONTERA_CICLO_AJUSTE_V65_BASIS_HARMONIZATION_AND_INDIVIDUAL_NETWORK_GATE(3).zip::BASE_V64.zip::v64/BASE_V63.zip::BASE_V62.zip::BASE_V61.zip::BASE_V60.zip::BASE_V59.zip::BASE_V58.zip::BASE_V57.zip::BASE_V56.zip::BASE_V55.zip::BASE_V54.zip::BASE_V53.zip,zip,qav53py,12
FRONTERA_CICLO_AJUSTE_V65_BASIS_HARMONIZATION_AND_INDIVIDUAL_NETWORK_GATE(3).zip,CER_GROSS_BRIDGE_V54.csv,CER_GROSS_BRIDGE_V54.csv,1298,1763478116,FRONTERA_CICLO_AJUSTE_V65_BASIS_HARMONIZATION_AND_INDIVIDUAL_NETWORK_GATE(3).zip::BASE_V64.zip::v64/BASE_V63.zip::BASE_V62.zip::BASE_V61.zip::BASE_V60.zip::BASE_V59.zip::BASE_V58.zip::BASE_V57.zip::BASE_V56.zip::BASE_V55.zip::BASE_V54.zip,zip,cergrossbridgev54csv,11
FRONTERA_CICLO_AJUSTE_V65_BASIS_HARMONIZATION_AND_INDIVIDUAL_NETWORK_GATE(3).zip,EVIDENCE_LEDGER_CICLO_AJUSTE_V54.csv,EVIDENCE_LEDGER_CICLO_AJUSTE_V54.csv,35891,2651049975,FRONTERA_CICLO_AJUSTE_V65_BASIS_HARMONIZATION_AND_INDIVIDUAL_NETWORK_GATE(3).zip::BASE_V64.zip::v64/BASE_V63.zip::BASE_V62.zip::BASE_V61.zip::BASE_V60.zip::BASE_V59.zip::BASE_V58.zip::BASE_V57.zip::BASE_V56.zip::BASE_V55.zip::BASE_V54.zip,zip,evidenceledgercicloajustev54csv,11
FRONTERA_CICLO_AJUSTE_V65_BASIS_HARMONIZATION_AND_INDIVIDUAL_NETWORK_GATE(3).zip,FUENTES_V54.md,FUENTES_V54.md,1899,881832952,FRONTERA_CICLO_AJUSTE_V65_BASIS_HARMONIZATION_AND_INDIVIDUAL_NETWORK_GATE(3).zip::BASE_V64.zip::v64/BASE_V63.zip::BASE_V62.zip::BASE_V61.zip::BASE_V60.zip::BASE_V59.zip::BASE_V58.zip::BASE_V57.zip::BASE_V56.zip::BASE_V55.zip::BASE_V54.zip,zip,fuentesv54md,11
FRONTERA_CICLO_AJUSTE_V65_BASIS_HARMONIZATION_AND_INDIVIDUAL_NETWORK_GATE(3).zip,FX_GROSS_RESULT_BRIDGE_V54.csv,FX_GROSS_RESULT_BRIDGE_V54.csv,1199,3402975375,FRONTERA_CICLO_AJUSTE_V65_BASIS_HARMONIZATION_AND_INDIVIDUAL_NETWORK_GATE(3).zip::BASE_V64.zip::v64/BASE_V63.zip::BASE_V62.zip::BASE_V61.zip::BASE_V60.zip::BASE_V59.zip::BASE_V58.zip::BASE_V57.zip::BASE_V56.zip::BASE_V55.zip::BASE_V54.zip,zip,fxgrossresultbridgev54csv,11
FRONTERA_CICLO_AJUSTE_V65_BASIS_HARMONIZATION_AND_INDIVIDUAL_NETWORK_GATE(3).zip,INTEREST_INCOME_ACCOUNTING_BRIDGE_V54.csv,INTEREST_INCOME_ACCOUNTING_BRIDGE_V54.csv,1406,1355639883,FRONTERA_CICLO_AJUSTE_V65_BASIS_HARMONIZATION_AND_INDIVIDUAL_NETWORK_GATE(3).zip::BASE_V64.zip::v64/BASE_V63.zip::BASE_V62.zip::BASE_V61.zip::BASE_V60.zip::BASE_V59.zip::BASE_V58.zip::BASE_V57.zip::BASE_V56.zip::BASE_V55.zip::BASE_V54.zip,zip,interestincomeaccountingbridgev54csv,11
FRONTERA_CICLO_AJUSTE_V65_BASIS_HARMONIZATION_AND_INDIVIDUAL_NETWORK_GATE(3).zip,MANIFEST_V54.json,MANIFEST_V54.json,3560,650712362,FRONTERA_CICLO_AJUSTE_V65_BASIS_HARMONIZATION_AND_INDIVIDUAL_NETWORK_GATE(3).zip::BASE_V64.zip::v64/BASE_V63.zip::BASE_V62.zip::BASE_V61.zip::BASE_V60.zip::BASE_V59.zip::BASE_V58.zip::BASE_V57.zip::BASE_V56.zip::BASE_V55.zip::BASE_V54.zip,zip,manifestv54json,11
FRONTERA_CICLO_AJUSTE_V65_BASIS_HARMONIZATION_AND_INDIVIDUAL_NETWORK_GATE(3).zip,PROMPT_CODEX_V55_BYTE_MATERIALIZATION_AND_SUBACCOUNT_RECONCILIATION.md,PROMPT_CODEX_V55_BYTE_MATERIALIZATION_AND_SUBACCOUNT_RECONCILIATION.md,3086,444971051,FRONTERA_CICLO_AJUSTE_V65_BASIS_HARMONIZATION_AND_INDIVIDUAL_NETWORK_GATE(3).zip::BASE_V64.zip::v64/BASE_V63.zip::BASE_V62.zip::BASE_V61.zip::BASE_V60.zip::BASE_V59.zip::BASE_V58.zip::BASE_V57.zip::BASE_V56.zip::BASE_V55.zip::BASE_V54.zip,zip,promptcodexv55bytematerializationandsubaccountreconciliationmd,11
FRONTERA_CICLO_AJUSTE_V65_BASIS_HARMONIZATION_AND_INDIVIDUAL_NETWORK_GATE(3).zip,Q4_2023_JOINT_COUNTERPARTY_PARTITION_V54.csv,Q4_2023_JOINT_COUNTERPARTY_PARTITION_V54.csv,1218,3873685717,FRONTERA_CICLO_AJUSTE_V65_BASIS_HARMONIZATION_AND_INDIVIDUAL_NETWORK_GATE(3).zip::BASE_V64.zip::v64/BASE_V63.zip::BASE_V62.zip::BASE_V61.zip::BASE_V60.zip::BASE_V59.zip::BASE_V58.zip::BASE_V57.zip::BASE_V56.zip::BASE_V55.zip::BASE_V54.zip,zip,q42023jointcounterpartypartitionv54csv,11
FRONTERA_CICLO_AJUSTE_V65_BASIS_HARMONIZATION_AND_INDIVIDUAL_NETWORK_GATE(3).zip,QA_RESULT_V54.txt,QA_RESULT_V54.txt,5,3256905966,FRONTERA_CICLO_AJUSTE_V65_BASIS_HARMONIZATION_AND_INDIVIDUAL_NETWORK_GATE(3).zip::BASE_V64.zip::v64/BASE_V63.zip::BASE_V62.zip::BASE_V61.zip::BASE_V60.zip::BASE_V59.zip::BASE_V58.zip::BASE_V57.zip::BASE_V56.zip::BASE_V55.zip::BASE_V54.zip,zip,qaresultv54txt,11
FRONTERA_CICLO_AJUSTE_V65_BASIS_HARMONIZATION_AND_INDIVIDUAL_NETWORK_GATE(3).zip,RAW_SOURCE_MANIFEST_V54.csv,RAW_SOURCE_MANIFEST_V54.csv,4086,3355249895,FRONTERA_CICLO_AJUSTE_V65_BASIS_HARMONIZATION_AND_INDIVIDUAL_NETWORK_GATE(3).zip::BASE_V64.zip::v64/BASE_V63.zip::BASE_V62.zip::BASE_V61.zip::BASE_V60.zip::BASE_V59.zip::BASE_V58.zip::BASE_V57.zip::BASE_V56.zip::BASE_V55.zip::BASE_V54.zip,zip,rawsourcemanifestv54csv,11
FRONTERA_CICLO_AJUSTE_V65_BASIS_HARMONIZATION_AND_INDIVIDUAL_NETWORK_GATE(3).zip,README_V54.md,README_V54.md,1151,557525011,FRONTERA_CICLO_AJUSTE_V65_BASIS_HARMONIZATION_AND_INDIVIDUAL_NETWORK_GATE(3).zip::BASE_V64.zip::v64/BASE_V63.zip::BASE_V62.zip::BASE_V61.zip::BASE_V60.zip::BASE_V59.zip::BASE_V58.zip::BASE_V57.zip::BASE_V56.zip::BASE_V55.zip::BASE_V54.zip,zip,readmev54md,11
FRONTERA_CICLO_AJUSTE_V65_BASIS_HARMONIZATION_AND_INDIVIDUAL_NETWORK_GATE(3).zip,SECURITIES_RESULT_BRIDGE_V54.csv,SECURITIES_RESULT_BRIDGE_V54.csv,1403,4022876793,FRONTERA_CICLO_AJUSTE_V65_BASIS_HARMONIZATION_AND_INDIVIDUAL_NETWORK_GATE(3).zip::BASE_V64.zip::v64/BASE_V63.zip::BASE_V62.zip::BASE_V61.zip::BASE_V60.zip::BASE_V59.zip::BASE_V58.zip::BASE_V57.zip::BASE_V56.zip::BASE_V55.zip::BASE_V54.zip,zip,securitiesresultbridgev54csv,11
FRONTERA_CICLO_AJUSTE_V65_BASIS_HARMONIZATION_AND_INDIVIDUAL_NETWORK_GATE(3).zip,VEREDICTO_MICRODATA_BRIDGE_V54.md,VEREDICTO_MICRODATA_BRIDGE_V54.md,2066,3936993609,FRONTERA_CICLO_AJUSTE_V65_BASIS_HARMONIZATION_AND_INDIVIDUAL_NETWORK_GATE(3).zip::BASE_V64.zip::v64/BASE_V63.zip::BASE_V62.zip::BASE_V61.zip::BASE_V60.zip::BASE_V59.zip::BASE_V58.zip::BASE_V57.zip::BASE_V56.zip::BASE_V55.zip::BASE_V54.zip,zip,veredictomicrodatabridgev54md,11
FRONTERA_CICLO_AJUSTE_V65_BASIS_HARMONIZATION_AND_INDIVIDUAL_NETWORK_GATE(3).zip,qa_v54.py,qa_v54.py,1477,1824512938,FRONTERA_CICLO_AJUSTE_V65_BASIS_HARMONIZATION_AND_INDIVIDUAL_NETWORK_GATE(3).zip::BASE_V64.zip::v64/BASE_V63.zip::BASE_V62.zip::BASE_V61.zip::BASE_V60.zip::BASE_V59.zip::BASE_V58.zip::BASE_V57.zip::BASE_V56.zip::BASE_V55.zip::BASE_V54.zip,zip,qav54py,11
FRONTERA_CICLO_AJUSTE_V65_BASIS_HARMONIZATION_AND_INDIVIDUAL_NETWORK_GATE(3).zip,CER_GROSS_RECONCILIATION_V55.csv,CER_GROSS_RECONCILIATION_V55.csv,769,424658597,FRONTERA_CICLO_AJUSTE_V65_BASIS_HARMONIZATION_AND_INDIVIDUAL_NETWORK_GATE(3).zip::BASE_V64.zip::v64/BASE_V63.zip::BASE_V62.zip::BASE_V61.zip::BASE_V60.zip::BASE_V59.zip::BASE_V58.zip::BASE_V57.zip::BASE_V56.zip::BASE_V55.zip,zip,cergrossreconciliationv55csv,10
FRONTERA_CICLO_AJUSTE_V65_BASIS_HARMONIZATION_AND_INDIVIDUAL_NETWORK_GATE(3).zip,COUNTERPARTY_AXIS_V55.csv,COUNTERPARTY_AXIS_V55.csv,783,1856850215,FRONTERA_CICLO_AJUSTE_V65_BASIS_HARMONIZATION_AND_INDIVIDUAL_NETWORK_GATE(3).zip::BASE_V64.zip::v64/BASE_V63.zip::BASE_V62.zip::BASE_V61.zip::BASE_V60.zip::BASE_V59.zip::BASE_V58.zip::BASE_V57.zip::BASE_V56.zip::BASE_V55.zip,zip,counterpartyaxisv55csv,10
FRONTERA_CICLO_AJUSTE_V65_BASIS_HARMONIZATION_AND_INDIVIDUAL_NETWORK_GATE(3).zip,EVIDENCE_LEDGER_CICLO_AJUSTE_V55.csv,EVIDENCE_LEDGER_CICLO_AJUSTE_V55.csv,37476,769167957,FRONTERA_CICLO_AJUSTE_V65_BASIS_HARMONIZATION_AND_INDIVIDUAL_NETWORK_GATE(3).zip::BASE_V64.zip::v64/BASE_V63.zip::BASE_V62.zip::BASE_V61.zip::BASE_V60.zip::BASE_V59.zip::BASE_V58.zip::BASE_V57.zip::BASE_V56.zip::BASE_V55.zip,zip,evidenceledgercicloajustev55csv,10
FRONTERA_CICLO_AJUSTE_V65_BASIS_HARMONIZATION_AND_INDIVIDUAL_NETWORK_GATE(3).zip,FUENTES_V55.md,FUENTES_V55.md,1595,2045476171,FRONTERA_CICLO_AJUSTE_V65_BASIS_HARMONIZATION_AND_INDIVIDUAL_NETWORK_GATE(3).zip::BASE_V64.zip::v64/BASE_V63.zip::BASE_V62.zip::BASE_V61.zip::BASE_V60.zip::BASE_V59.zip::BASE_V58.zip::BASE_V57.zip::BASE_V56.zip::BASE_V55.zip,zip,fuentesv55md,10
FRONTERA_CICLO_AJUSTE_V65_BASIS_HARMONIZATION_AND_INDIVIDUAL_NETWORK_GATE(3).zip,FX_MODE_RECONCILIATION_V55.csv,FX_MODE_RECONCILIATION_V55.csv,748,1599154258,FRONTERA_CICLO_AJUSTE_V65_BASIS_HARMONIZATION_AND_INDIVIDUAL_NETWORK_GATE(3).zip::BASE_V64.zip::v64/BASE_V63.zip::BASE_V62.zip::BASE_V61.zip::BASE_V60.zip::BASE_V59.zip::BASE_V58.zip::BASE_V57.zip::BASE_V56.zip::BASE_V55.zip,zip,fxmodereconciliationv55csv,10
FRONTERA_CICLO_AJUSTE_V65_BASIS_HARMONIZATION_AND_INDIVIDUAL_NETWORK_GATE(3).zip,INTEREST_SECTOR_RECONCILIATION_V55.csv,INTEREST_SECTOR_RECONCILIATION_V55.csv,1148,1522993080,FRONTERA_CICLO_AJUSTE_V65_BASIS_HARMONIZATION_AND_INDIVIDUAL_NETWORK_GATE(3).zip::BASE_V64.zip::v64/BASE_V63.zip::BASE_V62.zip::BASE_V61.zip::BASE_V60.zip::BASE_V59.zip::BASE_V58.zip::BASE_V57.zip::BASE_V56.zip::BASE_V55.zip,zip,interestsectorreconciliationv55csv,10
FRONTERA_CICLO_AJUSTE_V65_BASIS_HARMONIZATION_AND_INDIVIDUAL_NETWORK_GATE(3).zip,MANIFEST_V55.json,MANIFEST_V55.json,727,4094365357,FRONTERA_CICLO_AJUSTE_V65_BASIS_HARMONIZATION_AND_INDIVIDUAL_NETWORK_GATE(3).zip::BASE_V64.zip::v64/BASE_V63.zip::BASE_V62.zip::BASE_V61.zip::BASE_V60.zip::BASE_V59.zip::BASE_V58.zip::BASE_V57.zip::BASE_V56.zip::BASE_V55.zip,zip,manifestv55json,10
FRONTERA_CICLO_AJUSTE_V65_BASIS_HARMONIZATION_AND_INDIVIDUAL_NETWORK_GATE(3).zip,PROMPT_CODEX_V56_SERIES_VALUES_AND_NIIF_BRIDGE.md,PROMPT_CODEX_V56_SERIES_VALUES_AND_NIIF_BRIDGE.md,2013,3247092477,FRONTERA_CICLO_AJUSTE_V65_BASIS_HARMONIZATION_AND_INDIVIDUAL_NETWORK_GATE(3).zip::BASE_V64.zip::v64/BASE_V63.zip::BASE_V62.zip::BASE_V61.zip::BASE_V60.zip::BASE_V59.zip::BASE_V58.zip::BASE_V57.zip::BASE_V56.zip::BASE_V55.zip,zip,promptcodexv56seriesvaluesandniifbridgemd,10
FRONTERA_CICLO_AJUSTE_V65_BASIS_HARMONIZATION_AND_INDIVIDUAL_NETWORK_GATE(3).zip,QA_RESULT_V55.txt,QA_RESULT_V55.txt,9,2796055921,FRONTERA_CICLO_AJUSTE_V65_BASIS_HARMONIZATION_AND_INDIVIDUAL_NETWORK_GATE(3).zip::BASE_V64.zip::v64/BASE_V63.zip::BASE_V62.zip::BASE_V61.zip::BASE_V60.zip::BASE_V59.zip::BASE_V58.zip::BASE_V57.zip::BASE_V56.zip::BASE_V55.zip,zip,qaresultv55txt,10
FRONTERA_CICLO_AJUSTE_V65_BASIS_HARMONIZATION_AND_INDIVIDUAL_NETWORK_GATE(3).zip,RAW_BYTES_MANIFEST_V55.csv,RAW_BYTES_MANIFEST_V55.csv,4441,3653712268,FRONTERA_CICLO_AJUSTE_V65_BASIS_HARMONIZATION_AND_INDIVIDUAL_NETWORK_GATE(3).zip::BASE_V64.zip::v64/BASE_V63.zip::BASE_V62.zip::BASE_V61.zip::BASE_V60.zip::BASE_V59.zip::BASE_V58.zip::BASE_V57.zip::BASE_V56.zip::BASE_V55.zip,zip,rawbytesmanifestv55csv,10
FRONTERA_CICLO_AJUSTE_V65_BASIS_HARMONIZATION_AND_INDIVIDUAL_NETWORK_GATE(3).zip,README_V55.md,README_V55.md,716,2765300277,FRONTERA_CICLO_AJUSTE_V65_BASIS_HARMONIZATION_AND_INDIVIDUAL_NETWORK_GATE(3).zip::BASE_V64.zip::v64/BASE_V63.zip::BASE_V62.zip::BASE_V61.zip::BASE_V60.zip::BASE_V59.zip::BASE_V58.zip::BASE_V57.zip::BASE_V56.zip::BASE_V55.zip,zip,readmev55md,10
FRONTERA_CICLO_AJUSTE_V65_BASIS_HARMONIZATION_AND_INDIVIDUAL_NETWORK_GATE(3).zip,SECURITIES_RECONCILIATION_V55.csv,SECURITIES_RECONCILIATION_V55.csv,942,84094729,FRONTERA_CICLO_AJUSTE_V65_BASIS_HARMONIZATION_AND_INDIVIDUAL_NETWORK_GATE(3).zip::BASE_V64.zip::v64/BASE_V63.zip::BASE_V62.zip::BASE_V61.zip::BASE_V60.zip::BASE_V59.zip::BASE_V58.zip::BASE_V57.zip::BASE_V56.zip::BASE_V55.zip,zip,securitiesreconciliationv55csv,10
FRONTERA_CICLO_AJUSTE_V65_BASIS_HARMONIZATION_AND_INDIVIDUAL_NETWORK_GATE(3).zip,SUBACCOUNT_DICTIONARY_V55.csv,SUBACCOUNT_DICTIONARY_V55.csv,15084,151416654,FRONTERA_CICLO_AJUSTE_V65_BASIS_HARMONIZATION_AND_INDIVIDUAL_NETWORK_GATE(3).zip::BASE_V64.zip::v64/BASE_V63.zip::BASE_V62.zip::BASE_V61.zip::BASE_V60.zip::BASE_V59.zip::BASE_V58.zip::BASE_V57.zip::BASE_V56.zip::BASE_V55.zip,zip,subaccountdictionaryv55csv,10
FRONTERA_CICLO_AJUSTE_V65_BASIS_HARMONIZATION_AND_INDIVIDUAL_NETWORK_GATE(3).zip,VEREDICTO_RECONCILIACION_V55.md,VEREDICTO_RECONCILIACION_V55.md,2726,243150298,FRONTERA_CICLO_AJUSTE_V65_BASIS_HARMONIZATION_AND_INDIVIDUAL_NETWORK_GATE(3).zip::BASE_V64.zip::v64/BASE_V63.zip::BASE_V62.zip::BASE_V61.zip::BASE_V60.zip::BASE_V59.zip::BASE_V58.zip::BASE_V57.zip::BASE_V56.zip::BASE_V55.zip,zip,veredictoreconciliacionv55md,10
FRONTERA_CICLO_AJUSTE_V65_BASIS_HARMONIZATION_AND_INDIVIDUAL_NETWORK_GATE(3).zip,qa_v55.py,qa_v55.py,1149,434940574,FRONTERA_CICLO_AJUSTE_V65_BASIS_HARMONIZATION_AND_INDIVIDUAL_NETWORK_GATE(3).zip::BASE_V64.zip::v64/BASE_V63.zip::BASE_V62.zip::BASE_V61.zip::BASE_V60.zip::BASE_V59.zip::BASE_V58.zip::BASE_V57.zip::BASE_V56.zip::BASE_V55.zip,zip,qav55py,10
FRONTERA_CICLO_AJUSTE_V65_BASIS_HARMONIZATION_AND_INDIVIDUAL_NETWORK_GATE(3).zip,raw_cache/es_series.txt,es_series.txt,5827774,748657357,FRONTERA_CICLO_AJUSTE_V65_BASIS_HARMONIZATION_AND_INDIVIDUAL_NETWORK_GATE(3).zip::BASE_V64.zip::v64/BASE_V63.zip::BASE_V62.zip::BASE_V61.zip::BASE_V60.zip::BASE_V59.zip::BASE_V58.zip::BASE_V57.zip::BASE_V56.zip::BASE_V55.zip,zip,esseriestxt,10
FRONTERA_CICLO_AJUSTE_V65_BASIS_HARMONIZATION_AND_INDIVIDUAL_NETWORK_GATE(3).zip,MANIFEST_V56.json,MANIFEST_V56.json,3938,1448856948,FRONTERA_CICLO_AJUSTE_V65_BASIS_HARMONIZATION_AND_INDIVIDUAL_NETWORK_GATE(3).zip::BASE_V64.zip::v64/BASE_V63.zip::BASE_V62.zip::BASE_V61.zip::BASE_V60.zip::BASE_V59.zip::BASE_V58.zip::BASE_V57.zip::BASE_V56.zip,zip,manifestv56json,9
FRONTERA_CICLO_AJUSTE_V65_BASIS_HARMONIZATION_AND_INDIVIDUAL_NETWORK_GATE(3).zip,qa_v56.py,qa_v56.py,2132,1137530503,FRONTERA_CICLO_AJUSTE_V65_BASIS_HARMONIZATION_AND_INDIVIDUAL_NETWORK_GATE(3).zip::BASE_V64.zip::v64/BASE_V63.zip::BASE_V62.zip::BASE_V61.zip::BASE_V60.zip::BASE_V59.zip::BASE_V58.zip::BASE_V57.zip::BASE_V56.zip,zip,qav56py,9
FRONTERA_CICLO_AJUSTE_V65_BASIS_HARMONIZATION_AND_INDIVIDUAL_NETWORK_GATE(3).zip,COUNTERPARTY_UPDATE_V56.csv,COUNTERPARTY_UPDATE_V56.csv,548,1491076668,FRONTERA_CICLO_AJUSTE_V65_BASIS_HARMONIZATION_AND_INDIVIDUAL_NETWORK_GATE(3).zip::BASE_V64.zip::v64/BASE_V63.zip::BASE_V62.zip::BASE_V61.zip::BASE_V60.zip::BASE_V59.zip::BASE_V58.zip::BASE_V57.zip::BASE_V56.zip,zip,counterpartyupdatev56csv,9
FRONTERA_CICLO_AJUSTE_V65_BASIS_HARMONIZATION_AND_INDIVIDUAL_NETWORK_GATE(3).zip,EVIDENCE_LEDGER_CICLO_AJUSTE_V56.csv,EVIDENCE_LEDGER_CICLO_AJUSTE_V56.csv,39312,3821271819,FRONTERA_CICLO_AJUSTE_V65_BASIS_HARMONIZATION_AND_INDIVIDUAL_NETWORK_GATE(3).zip::BASE_V64.zip::v64/BASE_V63.zip::BASE_V62.zip::BASE_V61.zip::BASE_V60.zip::BASE_V59.zip::BASE_V58.zip::BASE_V57.zip::BASE_V56.zip,zip,evidenceledgercicloajustev56csv,9
FRONTERA_CICLO_AJUSTE_V65_BASIS_HARMONIZATION_AND_INDIVIDUAL_NETWORK_GATE(3).zip,raw_cache/es_series.txt,es_series.txt,5827774,748657357,FRONTERA_CICLO_AJUSTE_V65_BASIS_HARMONIZATION_AND_INDIVIDUAL_NETWORK_GATE(3).zip::BASE_V64.zip::v64/BASE_V63.zip::BASE_V62.zip::BASE_V61.zip::BASE_V60.zip::BASE_V59.zip::BASE_V58.zip::BASE_V57.zip::BASE_V56.zip,zip,esseriestxt,9
FRONTERA_CICLO_AJUSTE_V65_BASIS_HARMONIZATION_AND_INDIVIDUAL_NETWORK_GATE(3).zip,raw_cache/Series_estadisticas.xlsx,Series_estadisticas.xlsx,1507855,1320633598,FRONTERA_CICLO_AJUSTE_V65_BASIS_HARMONIZATION_AND_INDIVIDUAL_NETWORK_GATE(3).zip::BASE_V64.zip::v64/BASE_V63.zip::BASE_V62.zip::BASE_V61.zip::BASE_V60.zip::BASE_V59.zip::BASE_V58.zip::BASE_V57.zip::BASE_V56.zip,zip,seriesestadisticasxlsx,9
FRONTERA_CICLO_AJUSTE_V65_BASIS_HARMONIZATION_AND_INDIVIDUAL_NETWORK_GATE(3).zip,ACCOUNT_EQUIVALENCE_NIIF_V56.csv,ACCOUNT_EQUIVALENCE_NIIF_V56.csv,18940,3566337282,FRONTERA_CICLO_AJUSTE_V65_BASIS_HARMONIZATION_AND_INDIVIDUAL_NETWORK_GATE(3).zip::BASE_V64.zip::v64/BASE_V63.zip::BASE_V62.zip::BASE_V61.zip::BASE_V60.zip::BASE_V59.zip::BASE_V58.zip::BASE_V57.zip::BASE_V56.zip,zip,accountequivalenceniifv56csv,9
FRONTERA_CICLO_AJUSTE_V65_BASIS_HARMONIZATION_AND_INDIVIDUAL_NETWORK_GATE(3).zip,fetch_bcra_v4_values.py,fetch_bcra_v4_values.py,1563,4258899431,FRONTERA_CICLO_AJUSTE_V65_BASIS_HARMONIZATION_AND_INDIVIDUAL_NETWORK_GATE(3).zip::BASE_V64.zip::v64/BASE_V63.zip::BASE_V62.zip::BASE_V61.zip::BASE_V60.zip::BASE_V59.zip::BASE_V58.zip::BASE_V57.zip::BASE_V56.zip,zip,fetchbcrav4valuespy,9
FRONTERA_CICLO_AJUSTE_V65_BASIS_HARMONIZATION_AND_INDIVIDUAL_NETWORK_GATE(3).zip,MONTHLY_SUBACCOUNT_VALUES_2023_V56.csv,MONTHLY_SUBACCOUNT_VALUES_2023_V56.csv,10137,2754513223,FRONTERA_CICLO_AJUSTE_V65_BASIS_HARMONIZATION_AND_INDIVIDUAL_NETWORK_GATE(3).zip::BASE_V64.zip::v64/BASE_V63.zip::BASE_V62.zip::BASE_V61.zip::BASE_V60.zip::BASE_V59.zip::BASE_V58.zip::BASE_V57.zip::BASE_V56.zip,zip,monthlysubaccountvalues2023v56csv,9
FRONTERA_CICLO_AJUSTE_V65_BASIS_HARMONIZATION_AND_INDIVIDUAL_NETWORK_GATE(3).zip,OFFICIAL_CATALOG_SLICE_V56.csv,OFFICIAL_CATALOG_SLICE_V56.csv,17529,2871997340,FRONTERA_CICLO_AJUSTE_V65_BASIS_HARMONIZATION_AND_INDIVIDUAL_NETWORK_GATE(3).zip::BASE_V64.zip::v64/BASE_V63.zip::BASE_V62.zip::BASE_V61.zip::BASE_V60.zip::BASE_V59.zip::BASE_V58.zip::BASE_V57.zip::BASE_V56.zip,zip,officialcatalogslicev56csv,9
FRONTERA_CICLO_AJUSTE_V65_BASIS_HARMONIZATION_AND_INDIVIDUAL_NETWORK_GATE(3).zip,VEREDICTO_V56.md,VEREDICTO_V56.md,1131,786628932,FRONTERA_CICLO_AJUSTE_V65_BASIS_HARMONIZATION_AND_INDIVIDUAL_NETWORK_GATE(3).zip::BASE_V64.zip::v64/BASE_V63.zip::BASE_V62.zip::BASE_V61.zip::BASE_V60.zip::BASE_V59.zip::BASE_V58.zip::BASE_V57.zip::BASE_V56.zip,zip,veredictov56md,9
FRONTERA_CICLO_AJUSTE_V65_BASIS_HARMONIZATION_AND_INDIVIDUAL_NETWORK_GATE(3).zip,COUNTERPARTY_UPDATE_V57.csv,COUNTERPARTY_UPDATE_V57.csv,782,2916305718,FRONTERA_CICLO_AJUSTE_V65_BASIS_HARMONIZATION_AND_INDIVIDUAL_NETWORK_GATE(3).zip::BASE_V64.zip::v64/BASE_V63.zip::BASE_V62.zip::BASE_V61.zip::BASE_V60.zip::BASE_V59.zip::BASE_V58.zip::BASE_V57.zip,zip,counterpartyupdatev57csv,8
FRONTERA_CICLO_AJUSTE_V65_BASIS_HARMONIZATION_AND_INDIVIDUAL_NETWORK_GATE(3).zip,EVIDENCE_LEDGER_CICLO_AJUSTE_V57.csv,EVIDENCE_LEDGER_CICLO_AJUSTE_V57.csv,41708,3650130693,FRONTERA_CICLO_AJUSTE_V65_BASIS_HARMONIZATION_AND_INDIVIDUAL_NETWORK_GATE(3).zip::BASE_V64.zip::v64/BASE_V63.zip::BASE_V62.zip::BASE_V61.zip::BASE_V60.zip::BASE_V59.zip::BASE_V58.zip::BASE_V57.zip,zip,evidenceledgercicloajustev57csv,8
FRONTERA_CICLO_AJUSTE_V65_BASIS_HARMONIZATION_AND_INDIVIDUAL_NETWORK_GATE(3).zip,FUENTES_V57.md,FUENTES_V57.md,2126,1816966930,FRONTERA_CICLO_AJUSTE_V65_BASIS_HARMONIZATION_AND_INDIVIDUAL_NETWORK_GATE(3).zip::BASE_V64.zip::v64/BASE_V63.zip::BASE_V62.zip::BASE_V61.zip::BASE_V60.zip::BASE_V59.zip::BASE_V58.zip::BASE_V57.zip,zip,fuentesv57md,8
FRONTERA_CICLO_AJUSTE_V65_BASIS_HARMONIZATION_AND_INDIVIDUAL_NETWORK_GATE(3).zip,IPC_RESTATEMENT_COEFFICIENTS_V57.csv,IPC_RESTATEMENT_COEFFICIENTS_V57.csv,735,2429051065,FRONTERA_CICLO_AJUSTE_V65_BASIS_HARMONIZATION_AND_INDIVIDUAL_NETWORK_GATE(3).zip::BASE_V64.zip::v64/BASE_V63.zip::BASE_V62.zip::BASE_V61.zip::BASE_V60.zip::BASE_V59.zip::BASE_V58.zip::BASE_V57.zip,zip,ipcrestatementcoefficientsv57csv,8
FRONTERA_CICLO_AJUSTE_V65_BASIS_HARMONIZATION_AND_INDIVIDUAL_NETWORK_GATE(3).zip,MANIFEST_V57.json,MANIFEST_V57.json,3226,3808868569,FRONTERA_CICLO_AJUSTE_V65_BASIS_HARMONIZATION_AND_INDIVIDUAL_NETWORK_GATE(3).zip::BASE_V64.zip::v64/BASE_V63.zip::BASE_V62.zip::BASE_V61.zip::BASE_V60.zip::BASE_V59.zip::BASE_V58.zip::BASE_V57.zip,zip,manifestv57json,8
FRONTERA_CICLO_AJUSTE_V65_BASIS_HARMONIZATION_AND_INDIVIDUAL_NETWORK_GATE(3).zip,MONTHLY_SUBACCOUNT_VALUES_2023_V57.csv,MONTHLY_SUBACCOUNT_VALUES_2023_V57.csv,25977,3395576089,FRONTERA_CICLO_AJUSTE_V65_BASIS_HARMONIZATION_AND_INDIVIDUAL_NETWORK_GATE(3).zip::BASE_V64.zip::v64/BASE_V63.zip::BASE_V62.zip::BASE_V61.zip::BASE_V60.zip::BASE_V59.zip::BASE_V58.zip::BASE_V57.zip,zip,monthlysubaccountvalues2023v57csv,8
FRONTERA_CICLO_AJUSTE_V65_BASIS_HARMONIZATION_AND_INDIVIDUAL_NETWORK_GATE(3).zip,NOMINAL_RECONCILIATION_V57.csv,NOMINAL_RECONCILIATION_V57.csv,5092,2497660867,FRONTERA_CICLO_AJUSTE_V65_BASIS_HARMONIZATION_AND_INDIVIDUAL_NETWORK_GATE(3).zip::BASE_V64.zip::v64/BASE_V63.zip::BASE_V62.zip::BASE_V61.zip::BASE_V60.zip::BASE_V59.zip::BASE_V58.zip::BASE_V57.zip,zip,nominalreconciliationv57csv,8
FRONTERA_CICLO_AJUSTE_V65_BASIS_HARMONIZATION_AND_INDIVIDUAL_NETWORK_GATE(3).zip,POST2020_ACCUMULATED_RESULTS_V57.csv,POST2020_ACCUMULATED_RESULTS_V57.csv,5395,589873153,FRONTERA_CICLO_AJUSTE_V65_BASIS_HARMONIZATION_AND_INDIVIDUAL_NETWORK_GATE(3).zip::BASE_V64.zip::v64/BASE_V63.zip::BASE_V62.zip::BASE_V61.zip::BASE_V60.zip::BASE_V59.zip::BASE_V58.zip::BASE_V57.zip,zip,post2020accumulatedresultsv57csv,8
FRONTERA_CICLO_AJUSTE_V65_BASIS_HARMONIZATION_AND_INDIVIDUAL_NETWORK_GATE(3).zip,PP_TARGET_RECONCILIATION_V57.csv,PP_TARGET_RECONCILIATION_V57.csv,1495,817158950,FRONTERA_CICLO_AJUSTE_V65_BASIS_HARMONIZATION_AND_INDIVIDUAL_NETWORK_GATE(3).zip::BASE_V64.zip::v64/BASE_V63.zip::BASE_V62.zip::BASE_V61.zip::BASE_V60.zip::BASE_V59.zip::BASE_V58.zip::BASE_V57.zip,zip,pptargetreconciliationv57csv,8
FRONTERA_CICLO_AJUSTE_V65_BASIS_HARMONIZATION_AND_INDIVIDUAL_NETWORK_GATE(3).zip,PROMPT_CODEX_V58_MODERN_XLSX_SUBACCOUNT_BRIDGE.md,PROMPT_CODEX_V58_MODERN_XLSX_SUBACCOUNT_BRIDGE.md,2340,2934801191,FRONTERA_CICLO_AJUSTE_V65_BASIS_HARMONIZATION_AND_INDIVIDUAL_NETWORK_GATE(3).zip::BASE_V64.zip::v64/BASE_V63.zip::BASE_V62.zip::BASE_V61.zip::BASE_V60.zip::BASE_V59.zip::BASE_V58.zip::BASE_V57.zip,zip,promptcodexv58modernxlsxsubaccountbridgemd,8
FRONTERA_CICLO_AJUSTE_V65_BASIS_HARMONIZATION_AND_INDIVIDUAL_NETWORK_GATE(3).zip,PUBLICATION_REGIME_CORRECTION_V57.csv,PUBLICATION_REGIME_CORRECTION_V57.csv,1047,489099765,FRONTERA_CICLO_AJUSTE_V65_BASIS_HARMONIZATION_AND_INDIVIDUAL_NETWORK_GATE(3).zip::BASE_V64.zip::v64/BASE_V63.zip::BASE_V62.zip::BASE_V61.zip::BASE_V60.zip::BASE_V59.zip::BASE_V58.zip::BASE_V57.zip,zip,publicationregimecorrectionv57csv,8
FRONTERA_CICLO_AJUSTE_V65_BASIS_HARMONIZATION_AND_INDIVIDUAL_NETWORK_GATE(3).zip,QA_RESULT_V57.txt,QA_RESULT_V57.txt,5,3256905966,FRONTERA_CICLO_AJUSTE_V65_BASIS_HARMONIZATION_AND_INDIVIDUAL_NETWORK_GATE(3).zip::BASE_V64.zip::v64/BASE_V63.zip::BASE_V62.zip::BASE_V61.zip::BASE_V60.zip::BASE_V59.zip::BASE_V58.zip::BASE_V57.zip,zip,qaresultv57txt,8
FRONTERA_CICLO_AJUSTE_V65_BASIS_HARMONIZATION_AND_INDIVIDUAL_NETWORK_GATE(3).zip,RAW_API_MANIFEST_V57.csv,RAW_API_MANIFEST_V57.csv,2703,2211353470,FRONTERA_CICLO_AJUSTE_V65_BASIS_HARMONIZATION_AND_INDIVIDUAL_NETWORK_GATE(3).zip::BASE_V64.zip::v64/BASE_V63.zip::BASE_V62.zip::BASE_V61.zip::BASE_V60.zip::BASE_V59.zip::BASE_V58.zip::BASE_V57.zip,zip,rawapimanifestv57csv,8
FRONTERA_CICLO_AJUSTE_V65_BASIS_HARMONIZATION_AND_INDIVIDUAL_NETWORK_GATE(3).zip,README_V57.md,README_V57.md,704,3216325338,FRONTERA_CICLO_AJUSTE_V65_BASIS_HARMONIZATION_AND_INDIVIDUAL_NETWORK_GATE(3).zip::BASE_V64.zip::v64/BASE_V63.zip::BASE_V62.zip::BASE_V61.zip::BASE_V60.zip::BASE_V59.zip::BASE_V58.zip::BASE_V57.zip,zip,readmev57md,8
FRONTERA_CICLO_AJUSTE_V65_BASIS_HARMONIZATION_AND_INDIVIDUAL_NETWORK_GATE(3).zip,VEREDICTO_V57.md,VEREDICTO_V57.md,1172,2202516161,FRONTERA_CICLO_AJUSTE_V65_BASIS_HARMONIZATION_AND_INDIVIDUAL_NETWORK_GATE(3).zip::BASE_V64.zip::v64/BASE_V63.zip::BASE_V62.zip::BASE_V61.zip::BASE_V60.zip::BASE_V59.zip::BASE_V58.zip::BASE_V57.zip,zip,veredictov57md,8
FRONTERA_CICLO_AJUSTE_V65_BASIS_HARMONIZATION_AND_INDIVIDUAL_NETWORK_GATE(3).zip,qa_v57.py,qa_v57.py,1568,1949318899,FRONTERA_CICLO_AJUSTE_V65_BASIS_HARMONIZATION_AND_INDIVIDUAL_NETWORK_GATE(3).zip::BASE_V64.zip::v64/BASE_V63.zip::BASE_V62.zip::BASE_V61.zip::BASE_V60.zip::BASE_V59.zip::BASE_V58.zip::BASE_V57.zip,zip,qav57py,8
FRONTERA_CICLO_AJUSTE_V65_BASIS_HARMONIZATION_AND_INDIVIDUAL_NETWORK_GATE(3).zip,FX_CER_PASSES_BRIDGE_V58.csv,FX_CER_PASSES_BRIDGE_V58.csv,669,2202966174,FRONTERA_CICLO_AJUSTE_V65_BASIS_HARMONIZATION_AND_INDIVIDUAL_NETWORK_GATE(3).zip::BASE_V64.zip::v64/BASE_V63.zip::BASE_V62.zip::BASE_V61.zip::BASE_V60.zip::BASE_V59.zip::BASE_V58.zip,zip,fxcerpassesbridgev58csv,7
FRONTERA_CICLO_AJUSTE_V65_BASIS_HARMONIZATION_AND_INDIVIDUAL_NETWORK_GATE(3).zip,MODERN_SOURCE_SHEET_MAP_V58.csv,MODERN_SOURCE_SHEET_MAP_V58.csv,1848,2207996523,FRONTERA_CICLO_AJUSTE_V65_BASIS_HARMONIZATION_AND_INDIVIDUAL_NETWORK_GATE(3).zip::BASE_V64.zip::v64/BASE_V63.zip::BASE_V62.zip::BASE_V61.zip::BASE_V60.zip::BASE_V59.zip::BASE_V58.zip,zip,modernsourcesheetmapv58csv,7
FRONTERA_CICLO_AJUSTE_V65_BASIS_HARMONIZATION_AND_INDIVIDUAL_NETWORK_GATE(3).zip,VEREDICTO_V58.md,VEREDICTO_V58.md,1255,2498405922,FRONTERA_CICLO_AJUSTE_V65_BASIS_HARMONIZATION_AND_INDIVIDUAL_NETWORK_GATE(3).zip::BASE_V64.zip::v64/BASE_V63.zip::BASE_V62.zip::BASE_V61.zip::BASE_V60.zip::BASE_V59.zip::BASE_V58.zip,zip,veredictov58md,7
FRONTERA_CICLO_AJUSTE_V65_BASIS_HARMONIZATION_AND_INDIVIDUAL_NETWORK_GATE(3).zip,FUENTES_V58.md,FUENTES_V58.md,2826,4167207868,FRONTERA_CICLO_AJUSTE_V65_BASIS_HARMONIZATION_AND_INDIVIDUAL_NETWORK_GATE(3).zip::BASE_V64.zip::v64/BASE_V63.zip::BASE_V62.zip::BASE_V61.zip::BASE_V60.zip::BASE_V59.zip::BASE_V58.zip,zip,fuentesv58md,7
FRONTERA_CICLO_AJUSTE_V65_BASIS_HARMONIZATION_AND_INDIVIDUAL_NETWORK_GATE(3).zip,COUNTERPARTY_UPDATE_V58.csv,COUNTERPARTY_UPDATE_V58.csv,695,3693839775,FRONTERA_CICLO_AJUSTE_V65_BASIS_HARMONIZATION_AND_INDIVIDUAL_NETWORK_GATE(3).zip::BASE_V64.zip::v64/BASE_V63.zip::BASE_V62.zip::BASE_V61.zip::BASE_V60.zip::BASE_V59.zip::BASE_V58.zip,zip,counterpartyupdatev58csv,7
FRONTERA_CICLO_AJUSTE_V65_BASIS_HARMONIZATION_AND_INDIVIDUAL_NETWORK_GATE(3).zip,EVIDENCE_LEDGER_CICLO_AJUSTE_V58.csv,EVIDENCE_LEDGER_CICLO_AJUSTE_V58.csv,43221,25991159,FRONTERA_CICLO_AJUSTE_V65_BASIS_HARMONIZATION_AND_INDIVIDUAL_NETWORK_GATE(3).zip::BASE_V64.zip::v64/BASE_V63.zip::BASE_V62.zip::BASE_V61.zip::BASE_V60.zip::BASE_V59.zip::BASE_V58.zip,zip,evidenceledgercicloajustev58csv,7
FRONTERA_CICLO_AJUSTE_V65_BASIS_HARMONIZATION_AND_INDIVIDUAL_NETWORK_GATE(3).zip,QA_RESULT_V58.txt,QA_RESULT_V58.txt,5,3256905966,FRONTERA_CICLO_AJUSTE_V65_BASIS_HARMONIZATION_AND_INDIVIDUAL_NETWORK_GATE(3).zip::BASE_V64.zip::v64/BASE_V63.zip::BASE_V62.zip::BASE_V61.zip::BASE_V60.zip::BASE_V59.zip::BASE_V58.zip,zip,qaresultv58txt,7
FRONTERA_CICLO_AJUSTE_V65_BASIS_HARMONIZATION_AND_INDIVIDUAL_NETWORK_GATE(3).zip,INTEREST_FLOW_SECTOR_BRIDGE_V58.csv,INTEREST_FLOW_SECTOR_BRIDGE_V58.csv,839,2939175568,FRONTERA_CICLO_AJUSTE_V65_BASIS_HARMONIZATION_AND_INDIVIDUAL_NETWORK_GATE(3).zip::BASE_V64.zip::v64/BASE_V63.zip::BASE_V62.zip::BASE_V61.zip::BASE_V60.zip::BASE_V59.zip::BASE_V58.zip,zip,interestflowsectorbridgev58csv,7
FRONTERA_CICLO_AJUSTE_V65_BASIS_HARMONIZATION_AND_INDIVIDUAL_NETWORK_GATE(3).zip,README_V58.md,README_V58.md,604,3045899320,FRONTERA_CICLO_AJUSTE_V65_BASIS_HARMONIZATION_AND_INDIVIDUAL_NETWORK_GATE(3).zip::BASE_V64.zip::v64/BASE_V63.zip::BASE_V62.zip::BASE_V61.zip::BASE_V60.zip::BASE_V59.zip::BASE_V58.zip,zip,readmev58md,7
FRONTERA_CICLO_AJUSTE_V65_BASIS_HARMONIZATION_AND_INDIVIDUAL_NETWORK_GATE(3).zip,RAW_MODERN_XLSX_MANIFEST_V58.csv,RAW_MODERN_XLSX_MANIFEST_V58.csv,1529,2552249829,FRONTERA_CICLO_AJUSTE_V65_BASIS_HARMONIZATION_AND_INDIVIDUAL_NETWORK_GATE(3).zip::BASE_V64.zip::v64/BASE_V63.zip::BASE_V62.zip::BASE_V61.zip::BASE_V60.zip::BASE_V59.zip::BASE_V58.zip,zip,rawmodernxlsxmanifestv58csv,7
FRONTERA_CICLO_AJUSTE_V65_BASIS_HARMONIZATION_AND_INDIVIDUAL_NETWORK_GATE(3).zip,qa_v58.py,qa_v58.py,1537,4031334256,FRONTERA_CICLO_AJUSTE_V65_BASIS_HARMONIZATION_AND_INDIVIDUAL_NETWORK_GATE(3).zip::BASE_V64.zip::v64/BASE_V63.zip::BASE_V62.zip::BASE_V61.zip::BASE_V60.zip::BASE_V59.zip::BASE_V58.zip,zip,qav58py,7
FRONTERA_CICLO_AJUSTE_V65_BASIS_HARMONIZATION_AND_INDIVIDUAL_NETWORK_GATE(3).zip,PROMPT_CODEX_V59_ENTITY_LEVEL_REAL_MARGIN_BRIDGE.md,PROMPT_CODEX_V59_ENTITY_LEVEL_REAL_MARGIN_BRIDGE.md,2472,3660409110,FRONTERA_CICLO_AJUSTE_V65_BASIS_HARMONIZATION_AND_INDIVIDUAL_NETWORK_GATE(3).zip::BASE_V64.zip::v64/BASE_V63.zip::BASE_V62.zip::BASE_V61.zip::BASE_V60.zip::BASE_V59.zip::BASE_V58.zip,zip,promptcodexv59entitylevelrealmarginbridgemd,7
FRONTERA_CICLO_AJUSTE_V65_BASIS_HARMONIZATION_AND_INDIVIDUAL_NETWORK_GATE(3).zip,AUDITORIA_V58.md,AUDITORIA_V58.md,3346,2630045207,FRONTERA_CICLO_AJUSTE_V65_BASIS_HARMONIZATION_AND_INDIVIDUAL_NETWORK_GATE(3).zip::BASE_V64.zip::v64/BASE_V63.zip::BASE_V62.zip::BASE_V61.zip::BASE_V60.zip::BASE_V59.zip::BASE_V58.zip,zip,auditoriav58md,7
FRONTERA_CICLO_AJUSTE_V65_BASIS_HARMONIZATION_AND_INDIVIDUAL_NETWORK_GATE(3).zip,MANIFEST_V58.json,MANIFEST_V58.json,878,2063404822,FRONTERA_CICLO_AJUSTE_V65_BASIS_HARMONIZATION_AND_INDIVIDUAL_NETWORK_GATE(3).zip::BASE_V64.zip::v64/BASE_V63.zip::BASE_V62.zip::BASE_V61.zip::BASE_V60.zip::BASE_V59.zip::BASE_V58.zip,zip,manifestv58json,7
FRONTERA_CICLO_AJUSTE_V65_BASIS_HARMONIZATION_AND_INDIVIDUAL_NETWORK_GATE(3).zip,SECURITIES_ISSUER_RESULT_BRIDGE_V58.csv,SECURITIES_ISSUER_RESULT_BRIDGE_V58.csv,981,2991295667,FRONTERA_CICLO_AJUSTE_V65_BASIS_HARMONIZATION_AND_INDIVIDUAL_NETWORK_GATE(3).zip::BASE_V64.zip::v64/BASE_V63.zip::BASE_V62.zip::BASE_V61.zip::BASE_V60.zip::BASE_V59.zip::BASE_V58.zip,zip,securitiesissuerresultbridgev58csv,7
FRONTERA_CICLO_AJUSTE_V65_BASIS_HARMONIZATION_AND_INDIVIDUAL_NETWORK_GATE(3).zip,QA_RESULT_V59.txt,QA_RESULT_V59.txt,5,3256905966,FRONTERA_CICLO_AJUSTE_V65_BASIS_HARMONIZATION_AND_INDIVIDUAL_NETWORK_GATE(3).zip::BASE_V64.zip::v64/BASE_V63.zip::BASE_V62.zip::BASE_V61.zip::BASE_V60.zip::BASE_V59.zip,zip,qaresultv59txt,6
FRONTERA_CICLO_AJUSTE_V65_BASIS_HARMONIZATION_AND_INDIVIDUAL_NETWORK_GATE(3).zip,PROMPT_CODEX_V60_ANNUAL_AQ_SYSTEM_RECONCILIATION.md,PROMPT_CODEX_V60_ANNUAL_AQ_SYSTEM_RECONCILIATION.md,2721,2357846522,FRONTERA_CICLO_AJUSTE_V65_BASIS_HARMONIZATION_AND_INDIVIDUAL_NETWORK_GATE(3).zip::BASE_V64.zip::v64/BASE_V63.zip::BASE_V62.zip::BASE_V61.zip::BASE_V60.zip::BASE_V59.zip,zip,promptcodexv60annualaqsystemreconciliationmd,6
FRONTERA_CICLO_AJUSTE_V65_BASIS_HARMONIZATION_AND_INDIVIDUAL_NETWORK_GATE(3).zip,EVIDENCE_LEDGER_CICLO_AJUSTE_V59.csv,EVIDENCE_LEDGER_CICLO_AJUSTE_V59.csv,45300,2905811972,FRONTERA_CICLO_AJUSTE_V65_BASIS_HARMONIZATION_AND_INDIVIDUAL_NETWORK_GATE(3).zip::BASE_V64.zip::v64/BASE_V63.zip::BASE_V62.zip::BASE_V61.zip::BASE_V60.zip::BASE_V59.zip,zip,evidenceledgercicloajustev59csv,6
FRONTERA_CICLO_AJUSTE_V65_BASIS_HARMONIZATION_AND_INDIVIDUAL_NETWORK_GATE(3).zip,qa_v59.py,qa_v59.py,1599,990225047,FRONTERA_CICLO_AJUSTE_V65_BASIS_HARMONIZATION_AND_INDIVIDUAL_NETWORK_GATE(3).zip::BASE_V64.zip::v64/BASE_V63.zip::BASE_V62.zip::BASE_V61.zip::BASE_V60.zip::BASE_V59.zip,zip,qav59py,6
FRONTERA_CICLO_AJUSTE_V65_BASIS_HARMONIZATION_AND_INDIVIDUAL_NETWORK_GATE(3).zip,AUDITORIA_V59.md,AUDITORIA_V59.md,6227,970565096,FRONTERA_CICLO_AJUSTE_V65_BASIS_HARMONIZATION_AND_INDIVIDUAL_NETWORK_GATE(3).zip::BASE_V64.zip::v64/BASE_V63.zip::BASE_V62.zip::BASE_V61.zip::BASE_V60.zip::BASE_V59.zip,zip,auditoriav59md,6
FRONTERA_CICLO_AJUSTE_V65_BASIS_HARMONIZATION_AND_INDIVIDUAL_NETWORK_GATE(3).zip,COUNTERPARTY_UPDATE_V59.csv,COUNTERPARTY_UPDATE_V59.csv,1111,661044847,FRONTERA_CICLO_AJUSTE_V65_BASIS_HARMONIZATION_AND_INDIVIDUAL_NETWORK_GATE(3).zip::BASE_V64.zip::v64/BASE_V63.zip::BASE_V62.zip::BASE_V61.zip::BASE_V60.zip::BASE_V59.zip,zip,counterpartyupdatev59csv,6
FRONTERA_CICLO_AJUSTE_V65_BASIS_HARMONIZATION_AND_INDIVIDUAL_NETWORK_GATE(3).zip,FX_CER_PASSES_FLOW_V59.csv,FX_CER_PASSES_FLOW_V59.csv,1003,2808764338,FRONTERA_CICLO_AJUSTE_V65_BASIS_HARMONIZATION_AND_INDIVIDUAL_NETWORK_GATE(3).zip::BASE_V64.zip::v64/BASE_V63.zip::BASE_V62.zip::BASE_V61.zip::BASE_V60.zip::BASE_V59.zip,zip,fxcerpassesflowv59csv,6
FRONTERA_CICLO_AJUSTE_V65_BASIS_HARMONIZATION_AND_INDIVIDUAL_NETWORK_GATE(3).zip,FUENTES_V59.md,FUENTES_V59.md,1815,1602664242,FRONTERA_CICLO_AJUSTE_V65_BASIS_HARMONIZATION_AND_INDIVIDUAL_NETWORK_GATE(3).zip::BASE_V64.zip::v64/BASE_V63.zip::BASE_V62.zip::BASE_V61.zip::BASE_V60.zip::BASE_V59.zip,zip,fuentesv59md,6
FRONTERA_CICLO_AJUSTE_V65_BASIS_HARMONIZATION_AND_INDIVIDUAL_NETWORK_GATE(3).zip,POST_NIIF_SUBACCOUNT_MAP_V59.csv,POST_NIIF_SUBACCOUNT_MAP_V59.csv,3652,3459050816,FRONTERA_CICLO_AJUSTE_V65_BASIS_HARMONIZATION_AND_INDIVIDUAL_NETWORK_GATE(3).zip::BASE_V64.zip::v64/BASE_V63.zip::BASE_V62.zip::BASE_V61.zip::BASE_V60.zip::BASE_V59.zip,zip,postniifsubaccountmapv59csv,6
FRONTERA_CICLO_AJUSTE_V65_BASIS_HARMONIZATION_AND_INDIVIDUAL_NETWORK_GATE(3).zip,COUNTERPARTY_UPDATE_V60.csv,COUNTERPARTY_UPDATE_V60.csv,1036,3895427239,FRONTERA_CICLO_AJUSTE_V65_BASIS_HARMONIZATION_AND_INDIVIDUAL_NETWORK_GATE(3).zip::BASE_V64.zip::v64/BASE_V63.zip::BASE_V62.zip::BASE_V61.zip::BASE_V60.zip,zip,counterpartyupdatev60csv,5
FRONTERA_CICLO_AJUSTE_V65_BASIS_HARMONIZATION_AND_INDIVIDUAL_NETWORK_GATE(3).zip,ENTITY_Q4_AQ_BRIDGE_V60.csv,ENTITY_Q4_AQ_BRIDGE_V60.csv,2617,695357644,FRONTERA_CICLO_AJUSTE_V65_BASIS_HARMONIZATION_AND_INDIVIDUAL_NETWORK_GATE(3).zip::BASE_V64.zip::v64/BASE_V63.zip::BASE_V62.zip::BASE_V61.zip::BASE_V60.zip,zip,entityq4aqbridgev60csv,5
FRONTERA_CICLO_AJUSTE_V65_BASIS_HARMONIZATION_AND_INDIVIDUAL_NETWORK_GATE(3).zip,EVIDENCE_LEDGER_CICLO_AJUSTE_V60.csv,EVIDENCE_LEDGER_CICLO_AJUSTE_V60.csv,45977,321594245,FRONTERA_CICLO_AJUSTE_V65_BASIS_HARMONIZATION_AND_INDIVIDUAL_NETWORK_GATE(3).zip::BASE_V64.zip::v64/BASE_V63.zip::BASE_V62.zip::BASE_V61.zip::BASE_V60.zip,zip,evidenceledgercicloajustev60csv,5
FRONTERA_CICLO_AJUSTE_V65_BASIS_HARMONIZATION_AND_INDIVIDUAL_NETWORK_GATE(3).zip,FUENTES_V60.md,FUENTES_V60.md,456,3010152713,FRONTERA_CICLO_AJUSTE_V65_BASIS_HARMONIZATION_AND_INDIVIDUAL_NETWORK_GATE(3).zip::BASE_V64.zip::v64/BASE_V63.zip::BASE_V62.zip::BASE_V61.zip::BASE_V60.zip,zip,fuentesv60md,5
FRONTERA_CICLO_AJUSTE_V65_BASIS_HARMONIZATION_AND_INDIVIDUAL_NETWORK_GATE(3).zip,HOUSEHOLD_LIKE_INTEREST_ANNUAL_V60.csv,HOUSEHOLD_LIKE_INTEREST_ANNUAL_V60.csv,824,1360227913,FRONTERA_CICLO_AJUSTE_V65_BASIS_HARMONIZATION_AND_INDIVIDUAL_NETWORK_GATE(3).zip::BASE_V64.zip::v64/BASE_V63.zip::BASE_V62.zip::BASE_V61.zip::BASE_V60.zip,zip,householdlikeinterestannualv60csv,5
FRONTERA_CICLO_AJUSTE_V65_BASIS_HARMONIZATION_AND_INDIVIDUAL_NETWORK_GATE(3).zip,IPC_REEXPRESSION_V60.csv,IPC_REEXPRESSION_V60.csv,171,2507692037,FRONTERA_CICLO_AJUSTE_V65_BASIS_HARMONIZATION_AND_INDIVIDUAL_NETWORK_GATE(3).zip::BASE_V64.zip::v64/BASE_V63.zip::BASE_V62.zip::BASE_V61.zip::BASE_V60.zip,zip,ipcreexpressionv60csv,5
FRONTERA_CICLO_AJUSTE_V65_BASIS_HARMONIZATION_AND_INDIVIDUAL_NETWORK_GATE(3).zip,MANIFEST_V60.json,MANIFEST_V60.json,3572,4065991227,FRONTERA_CICLO_AJUSTE_V65_BASIS_HARMONIZATION_AND_INDIVIDUAL_NETWORK_GATE(3).zip::BASE_V64.zip::v64/BASE_V63.zip::BASE_V62.zip::BASE_V61.zip::BASE_V60.zip,zip,manifestv60json,5
FRONTERA_CICLO_AJUSTE_V65_BASIS_HARMONIZATION_AND_INDIVIDUAL_NETWORK_GATE(3).zip,PASS_COUNTERPARTY_FALSIFIER_V60.csv,PASS_COUNTERPARTY_FALSIFIER_V60.csv,844,3542592508,FRONTERA_CICLO_AJUSTE_V65_BASIS_HARMONIZATION_AND_INDIVIDUAL_NETWORK_GATE(3).zip::BASE_V64.zip::v64/BASE_V63.zip::BASE_V62.zip::BASE_V61.zip::BASE_V60.zip,zip,passcounterpartyfalsifierv60csv,5
FRONTERA_CICLO_AJUSTE_V65_BASIS_HARMONIZATION_AND_INDIVIDUAL_NETWORK_GATE(3).zip,PROMPT_CODEX_V61_SYSTEM_Q4_AQ_COVERAGE_AND_PASS_NETTING.md,PROMPT_CODEX_V61_SYSTEM_Q4_AQ_COVERAGE_AND_PASS_NETTING.md,848,3347385940,FRONTERA_CICLO_AJUSTE_V65_BASIS_HARMONIZATION_AND_INDIVIDUAL_NETWORK_GATE(3).zip::BASE_V64.zip::v64/BASE_V63.zip::BASE_V62.zip::BASE_V61.zip::BASE_V60.zip,zip,promptcodexv61systemq4aqcoverageandpassnettingmd,5
FRONTERA_CICLO_AJUSTE_V65_BASIS_HARMONIZATION_AND_INDIVIDUAL_NETWORK_GATE(3).zip,QA_RESULT_V60.txt,QA_RESULT_V60.txt,5,3256905966,FRONTERA_CICLO_AJUSTE_V65_BASIS_HARMONIZATION_AND_INDIVIDUAL_NETWORK_GATE(3).zip::BASE_V64.zip::v64/BASE_V63.zip::BASE_V62.zip::BASE_V61.zip::BASE_V60.zip,zip,qaresultv60txt,5
FRONTERA_CICLO_AJUSTE_V65_BASIS_HARMONIZATION_AND_INDIVIDUAL_NETWORK_GATE(3).zip,RAW_ENTITY_2023_MANIFEST_V60.csv,RAW_ENTITY_2023_MANIFEST_V60.csv,500,1466823452,FRONTERA_CICLO_AJUSTE_V65_BASIS_HARMONIZATION_AND_INDIVIDUAL_NETWORK_GATE(3).zip::BASE_V64.zip::v64/BASE_V63.zip::BASE_V62.zip::BASE_V61.zip::BASE_V60.zip,zip,rawentity2023manifestv60csv,5
FRONTERA_CICLO_AJUSTE_V65_BASIS_HARMONIZATION_AND_INDIVIDUAL_NETWORK_GATE(3).zip,README_V60.md,README_V60.md,297,2936266435,FRONTERA_CICLO_AJUSTE_V65_BASIS_HARMONIZATION_AND_INDIVIDUAL_NETWORK_GATE(3).zip::BASE_V64.zip::v64/BASE_V63.zip::BASE_V62.zip::BASE_V61.zip::BASE_V60.zip,zip,readmev60md,5
FRONTERA_CICLO_AJUSTE_V65_BASIS_HARMONIZATION_AND_INDIVIDUAL_NETWORK_GATE(3).zip,SECURITIES_PUBLIC_ISSUER_GATE_V60.csv,SECURITIES_PUBLIC_ISSUER_GATE_V60.csv,586,3902737956,FRONTERA_CICLO_AJUSTE_V65_BASIS_HARMONIZATION_AND_INDIVIDUAL_NETWORK_GATE(3).zip::BASE_V64.zip::v64/BASE_V63.zip::BASE_V62.zip::BASE_V61.zip::BASE_V60.zip,zip,securitiespublicissuergatev60csv,5
FRONTERA_CICLO_AJUSTE_V65_BASIS_HARMONIZATION_AND_INDIVIDUAL_NETWORK_GATE(3).zip,VEREDICTO_V60.md,VEREDICTO_V60.md,754,2483816971,FRONTERA_CICLO_AJUSTE_V65_BASIS_HARMONIZATION_AND_INDIVIDUAL_NETWORK_GATE(3).zip::BASE_V64.zip::v64/BASE_V63.zip::BASE_V62.zip::BASE_V61.zip::BASE_V60.zip,zip,veredictov60md,5
FRONTERA_CICLO_AJUSTE_V65_BASIS_HARMONIZATION_AND_INDIVIDUAL_NETWORK_GATE(3).zip,qa_v60.py,qa_v60.py,1094,326113959,FRONTERA_CICLO_AJUSTE_V65_BASIS_HARMONIZATION_AND_INDIVIDUAL_NETWORK_GATE(3).zip::BASE_V64.zip::v64/BASE_V63.zip::BASE_V62.zip::BASE_V61.zip::BASE_V60.zip,zip,qav60py,5
FRONTERA_CICLO_AJUSTE_V65_BASIS_HARMONIZATION_AND_INDIVIDUAL_NETWORK_GATE(3).zip,COUNTERPARTY_UPDATE_V61.csv,COUNTERPARTY_UPDATE_V61.csv,1120,3481983767,FRONTERA_CICLO_AJUSTE_V65_BASIS_HARMONIZATION_AND_INDIVIDUAL_NETWORK_GATE(3).zip::BASE_V64.zip::v64/BASE_V63.zip::BASE_V62.zip::BASE_V61.zip,zip,counterpartyupdatev61csv,4
FRONTERA_CICLO_AJUSTE_V65_BASIS_HARMONIZATION_AND_INDIVIDUAL_NETWORK_GATE(3).zip,ENTITY_COVERAGE_V61.csv,ENTITY_COVERAGE_V61.csv,1414,2924937209,FRONTERA_CICLO_AJUSTE_V65_BASIS_HARMONIZATION_AND_INDIVIDUAL_NETWORK_GATE(3).zip::BASE_V64.zip::v64/BASE_V63.zip::BASE_V62.zip::BASE_V61.zip,zip,entitycoveragev61csv,4
FRONTERA_CICLO_AJUSTE_V65_BASIS_HARMONIZATION_AND_INDIVIDUAL_NETWORK_GATE(3).zip,ENTITY_Q4_AQ_SYSTEM_SAMPLE_V61.csv,ENTITY_Q4_AQ_SYSTEM_SAMPLE_V61.csv,1070,3456547457,FRONTERA_CICLO_AJUSTE_V65_BASIS_HARMONIZATION_AND_INDIVIDUAL_NETWORK_GATE(3).zip::BASE_V64.zip::v64/BASE_V63.zip::BASE_V62.zip::BASE_V61.zip,zip,entityq4aqsystemsamplev61csv,4
FRONTERA_CICLO_AJUSTE_V65_BASIS_HARMONIZATION_AND_INDIVIDUAL_NETWORK_GATE(3).zip,EVIDENCE_LEDGER_CICLO_AJUSTE_V61.csv,EVIDENCE_LEDGER_CICLO_AJUSTE_V61.csv,46673,3069909082,FRONTERA_CICLO_AJUSTE_V65_BASIS_HARMONIZATION_AND_INDIVIDUAL_NETWORK_GATE(3).zip::BASE_V64.zip::v64/BASE_V63.zip::BASE_V62.zip::BASE_V61.zip,zip,evidenceledgercicloajustev61csv,4
FRONTERA_CICLO_AJUSTE_V65_BASIS_HARMONIZATION_AND_INDIVIDUAL_NETWORK_GATE(3).zip,FUENTES_V61.md,FUENTES_V61.md,1086,1751984189,FRONTERA_CICLO_AJUSTE_V65_BASIS_HARMONIZATION_AND_INDIVIDUAL_NETWORK_GATE(3).zip::BASE_V64.zip::v64/BASE_V63.zip::BASE_V62.zip::BASE_V61.zip,zip,fuentesv61md,4
FRONTERA_CICLO_AJUSTE_V65_BASIS_HARMONIZATION_AND_INDIVIDUAL_NETWORK_GATE(3).zip,HOUSEHOLD_PRODUCT_BOUND_V61.csv,HOUSEHOLD_PRODUCT_BOUND_V61.csv,902,354413282,FRONTERA_CICLO_AJUSTE_V65_BASIS_HARMONIZATION_AND_INDIVIDUAL_NETWORK_GATE(3).zip::BASE_V64.zip::v64/BASE_V63.zip::BASE_V62.zip::BASE_V61.zip,zip,householdproductboundv61csv,4
FRONTERA_CICLO_AJUSTE_V65_BASIS_HARMONIZATION_AND_INDIVIDUAL_NETWORK_GATE(3).zip,INTERBANK_PASS_NETTING_AUDIT_V61.md,INTERBANK_PASS_NETTING_AUDIT_V61.md,1776,752990661,FRONTERA_CICLO_AJUSTE_V65_BASIS_HARMONIZATION_AND_INDIVIDUAL_NETWORK_GATE(3).zip::BASE_V64.zip::v64/BASE_V63.zip::BASE_V62.zip::BASE_V61.zip,zip,interbankpassnettingauditv61md,4
FRONTERA_CICLO_AJUSTE_V65_BASIS_HARMONIZATION_AND_INDIVIDUAL_NETWORK_GATE(3).zip,MANIFEST_V61.json,MANIFEST_V61.json,3454,2339156851,FRONTERA_CICLO_AJUSTE_V65_BASIS_HARMONIZATION_AND_INDIVIDUAL_NETWORK_GATE(3).zip::BASE_V64.zip::v64/BASE_V63.zip::BASE_V62.zip::BASE_V61.zip,zip,manifestv61json,4
FRONTERA_CICLO_AJUSTE_V65_BASIS_HARMONIZATION_AND_INDIVIDUAL_NETWORK_GATE(3).zip,PASS_COUNTERPARTY_SYSTEM_V61.csv,PASS_COUNTERPARTY_SYSTEM_V61.csv,772,1236051180,FRONTERA_CICLO_AJUSTE_V65_BASIS_HARMONIZATION_AND_INDIVIDUAL_NETWORK_GATE(3).zip::BASE_V64.zip::v64/BASE_V63.zip::BASE_V62.zip::BASE_V61.zip,zip,passcounterpartysystemv61csv,4
FRONTERA_CICLO_AJUSTE_V65_BASIS_HARMONIZATION_AND_INDIVIDUAL_NETWORK_GATE(3).zip,PROMPT_CODEX_V62_MACHINE_READABLE_ENTITY_RESULT_AGGREGATION.md,PROMPT_CODEX_V62_MACHINE_READABLE_ENTITY_RESULT_AGGREGATION.md,1594,4164071461,FRONTERA_CICLO_AJUSTE_V65_BASIS_HARMONIZATION_AND_INDIVIDUAL_NETWORK_GATE(3).zip::BASE_V64.zip::v64/BASE_V63.zip::BASE_V62.zip::BASE_V61.zip,zip,promptcodexv62machinereadableentityresultaggregationmd,4
FRONTERA_CICLO_AJUSTE_V65_BASIS_HARMONIZATION_AND_INDIVIDUAL_NETWORK_GATE(3).zip,QA_RESULT_V61.txt,QA_RESULT_V61.txt,5,3256905966,FRONTERA_CICLO_AJUSTE_V65_BASIS_HARMONIZATION_AND_INDIVIDUAL_NETWORK_GATE(3).zip::BASE_V64.zip::v64/BASE_V63.zip::BASE_V62.zip::BASE_V61.zip,zip,qaresultv61txt,4
FRONTERA_CICLO_AJUSTE_V65_BASIS_HARMONIZATION_AND_INDIVIDUAL_NETWORK_GATE(3).zip,README_V61.md,README_V61.md,386,3559340451,FRONTERA_CICLO_AJUSTE_V65_BASIS_HARMONIZATION_AND_INDIVIDUAL_NETWORK_GATE(3).zip::BASE_V64.zip::v64/BASE_V63.zip::BASE_V62.zip::BASE_V61.zip,zip,readmev61md,4
FRONTERA_CICLO_AJUSTE_V65_BASIS_HARMONIZATION_AND_INDIVIDUAL_NETWORK_GATE(3).zip,SAMPLE_DIAGNOSTIC_V61.csv,SAMPLE_DIAGNOSTIC_V61.csv,486,3523793292,FRONTERA_CICLO_AJUSTE_V65_BASIS_HARMONIZATION_AND_INDIVIDUAL_NETWORK_GATE(3).zip::BASE_V64.zip::v64/BASE_V63.zip::BASE_V62.zip::BASE_V61.zip,zip,samplediagnosticv61csv,4
FRONTERA_CICLO_AJUSTE_V65_BASIS_HARMONIZATION_AND_INDIVIDUAL_NETWORK_GATE(3).zip,STOCK_FLOW_PASS_FALSIFIER_V61.csv,STOCK_FLOW_PASS_FALSIFIER_V61.csv,492,1734867425,FRONTERA_CICLO_AJUSTE_V65_BASIS_HARMONIZATION_AND_INDIVIDUAL_NETWORK_GATE(3).zip::BASE_V64.zip::v64/BASE_V63.zip::BASE_V62.zip::BASE_V61.zip,zip,stockflowpassfalsifierv61csv,4
FRONTERA_CICLO_AJUSTE_V65_BASIS_HARMONIZATION_AND_INDIVIDUAL_NETWORK_GATE(3).zip,SYSTEM_RECONCILIATION_V61.csv,SYSTEM_RECONCILIATION_V61.csv,913,941627061,FRONTERA_CICLO_AJUSTE_V65_BASIS_HARMONIZATION_AND_INDIVIDUAL_NETWORK_GATE(3).zip::BASE_V64.zip::v64/BASE_V63.zip::BASE_V62.zip::BASE_V61.zip,zip,systemreconciliationv61csv,4
FRONTERA_CICLO_AJUSTE_V65_BASIS_HARMONIZATION_AND_INDIVIDUAL_NETWORK_GATE(3).zip,VEREDICTO_V61.md,VEREDICTO_V61.md,728,3433497097,FRONTERA_CICLO_AJUSTE_V65_BASIS_HARMONIZATION_AND_INDIVIDUAL_NETWORK_GATE(3).zip::BASE_V64.zip::v64/BASE_V63.zip::BASE_V62.zip::BASE_V61.zip,zip,veredictov61md,4
FRONTERA_CICLO_AJUSTE_V65_BASIS_HARMONIZATION_AND_INDIVIDUAL_NETWORK_GATE(3).zip,qa_v61.py,qa_v61.py,832,2609763903,FRONTERA_CICLO_AJUSTE_V65_BASIS_HARMONIZATION_AND_INDIVIDUAL_NETWORK_GATE(3).zip::BASE_V64.zip::v64/BASE_V63.zip::BASE_V62.zip::BASE_V61.zip,zip,qav61py,4
FRONTERA_CICLO_AJUSTE_V65_BASIS_HARMONIZATION_AND_INDIVIDUAL_NETWORK_GATE(3).zip,COUNTERPARTY_UPDATE_V62.csv,COUNTERPARTY_UPDATE_V62.csv,976,3954827440,FRONTERA_CICLO_AJUSTE_V65_BASIS_HARMONIZATION_AND_INDIVIDUAL_NETWORK_GATE(3).zip::BASE_V64.zip::v64/BASE_V63.zip::BASE_V62.zip,zip,counterpartyupdatev62csv,3
FRONTERA_CICLO_AJUSTE_V65_BASIS_HARMONIZATION_AND_INDIVIDUAL_NETWORK_GATE(3).zip,ENTITY_COVERAGE_V62.csv,ENTITY_COVERAGE_V62.csv,832,878191740,FRONTERA_CICLO_AJUSTE_V65_BASIS_HARMONIZATION_AND_INDIVIDUAL_NETWORK_GATE(3).zip::BASE_V64.zip::v64/BASE_V63.zip::BASE_V62.zip,zip,entitycoveragev62csv,3
FRONTERA_CICLO_AJUSTE_V65_BASIS_HARMONIZATION_AND_INDIVIDUAL_NETWORK_GATE(3).zip,ENTITY_Q4_AQ_PANEL_V62.csv,ENTITY_Q4_AQ_PANEL_V62.csv,1286,3152356441,FRONTERA_CICLO_AJUSTE_V65_BASIS_HARMONIZATION_AND_INDIVIDUAL_NETWORK_GATE(3).zip::BASE_V64.zip::v64/BASE_V63.zip::BASE_V62.zip,zip,entityq4aqpanelv62csv,3
FRONTERA_CICLO_AJUSTE_V65_BASIS_HARMONIZATION_AND_INDIVIDUAL_NETWORK_GATE(3).zip,EVIDENCE_LEDGER_CICLO_AJUSTE_V62.csv,EVIDENCE_LEDGER_CICLO_AJUSTE_V62.csv,744,1831626994,FRONTERA_CICLO_AJUSTE_V65_BASIS_HARMONIZATION_AND_INDIVIDUAL_NETWORK_GATE(3).zip::BASE_V64.zip::v64/BASE_V63.zip::BASE_V62.zip,zip,evidenceledgercicloajustev62csv,3
FRONTERA_CICLO_AJUSTE_V65_BASIS_HARMONIZATION_AND_INDIVIDUAL_NETWORK_GATE(3).zip,FUENTES_V62.md,FUENTES_V62.md,609,874438201,FRONTERA_CICLO_AJUSTE_V65_BASIS_HARMONIZATION_AND_INDIVIDUAL_NETWORK_GATE(3).zip::BASE_V64.zip::v64/BASE_V63.zip::BASE_V62.zip,zip,fuentesv62md,3
FRONTERA_CICLO_AJUSTE_V65_BASIS_HARMONIZATION_AND_INDIVIDUAL_NETWORK_GATE(3).zip,HOUSEHOLD_PRODUCT_SYSTEM_V62.csv,HOUSEHOLD_PRODUCT_SYSTEM_V62.csv,1469,4170250821,FRONTERA_CICLO_AJUSTE_V65_BASIS_HARMONIZATION_AND_INDIVIDUAL_NETWORK_GATE(3).zip::BASE_V64.zip::v64/BASE_V63.zip::BASE_V62.zip,zip,householdproductsystemv62csv,3
FRONTERA_CICLO_AJUSTE_V65_BASIS_HARMONIZATION_AND_INDIVIDUAL_NETWORK_GATE(3).zip,IEF_PASS_RECONCILIATION_V62.csv,IEF_PASS_RECONCILIATION_V62.csv,546,1343322763,FRONTERA_CICLO_AJUSTE_V65_BASIS_HARMONIZATION_AND_INDIVIDUAL_NETWORK_GATE(3).zip::BASE_V64.zip::v64/BASE_V63.zip::BASE_V62.zip,zip,iefpassreconciliationv62csv,3
FRONTERA_CICLO_AJUSTE_V65_BASIS_HARMONIZATION_AND_INDIVIDUAL_NETWORK_GATE(3).zip,INTERBANK_CANCELLATION_TEST_V62.csv,INTERBANK_CANCELLATION_TEST_V62.csv,488,3589318335,FRONTERA_CICLO_AJUSTE_V65_BASIS_HARMONIZATION_AND_INDIVIDUAL_NETWORK_GATE(3).zip::BASE_V64.zip::v64/BASE_V63.zip::BASE_V62.zip,zip,interbankcancellationtestv62csv,3
FRONTERA_CICLO_AJUSTE_V65_BASIS_HARMONIZATION_AND_INDIVIDUAL_NETWORK_GATE(3).zip,MANIFEST_V62.json,MANIFEST_V62.json,3401,2934962812,FRONTERA_CICLO_AJUSTE_V65_BASIS_HARMONIZATION_AND_INDIVIDUAL_NETWORK_GATE(3).zip::BASE_V64.zip::v64/BASE_V63.zip::BASE_V62.zip,zip,manifestv62json,3
FRONTERA_CICLO_AJUSTE_V65_BASIS_HARMONIZATION_AND_INDIVIDUAL_NETWORK_GATE(3).zip,PASS_GROSS_NET_SYSTEM_V62.csv,PASS_GROSS_NET_SYSTEM_V62.csv,788,2107802603,FRONTERA_CICLO_AJUSTE_V65_BASIS_HARMONIZATION_AND_INDIVIDUAL_NETWORK_GATE(3).zip::BASE_V64.zip::v64/BASE_V63.zip::BASE_V62.zip,zip,passgrossnetsystemv62csv,3
FRONTERA_CICLO_AJUSTE_V65_BASIS_HARMONIZATION_AND_INDIVIDUAL_NETWORK_GATE(3).zip,PROMPT_CODEX_V63_FULL_AQ_HOMOGENEOUS_PANEL_AND_EXPENSE_LEGS.md,PROMPT_CODEX_V63_FULL_AQ_HOMOGENEOUS_PANEL_AND_EXPENSE_LEGS.md,1239,2753223760,FRONTERA_CICLO_AJUSTE_V65_BASIS_HARMONIZATION_AND_INDIVIDUAL_NETWORK_GATE(3).zip::BASE_V64.zip::v64/BASE_V63.zip::BASE_V62.zip,zip,promptcodexv63fullaqhomogeneouspanelandexpenselegsmd,3
FRONTERA_CICLO_AJUSTE_V65_BASIS_HARMONIZATION_AND_INDIVIDUAL_NETWORK_GATE(3).zip,QA_RESULT_V62.txt,QA_RESULT_V62.txt,5,3256905966,FRONTERA_CICLO_AJUSTE_V65_BASIS_HARMONIZATION_AND_INDIVIDUAL_NETWORK_GATE(3).zip::BASE_V64.zip::v64/BASE_V63.zip::BASE_V62.zip,zip,qaresultv62txt,3
FRONTERA_CICLO_AJUSTE_V65_BASIS_HARMONIZATION_AND_INDIVIDUAL_NETWORK_GATE(3).zip,RAW_ENTITY_MANIFEST_V62.csv,RAW_ENTITY_MANIFEST_V62.csv,858,161920569,FRONTERA_CICLO_AJUSTE_V65_BASIS_HARMONIZATION_AND_INDIVIDUAL_NETWORK_GATE(3).zip::BASE_V64.zip::v64/BASE_V63.zip::BASE_V62.zip,zip,rawentitymanifestv62csv,3
FRONTERA_CICLO_AJUSTE_V65_BASIS_HARMONIZATION_AND_INDIVIDUAL_NETWORK_GATE(3).zip,README_V62.md,README_V62.md,409,2970664442,FRONTERA_CICLO_AJUSTE_V65_BASIS_HARMONIZATION_AND_INDIVIDUAL_NETWORK_GATE(3).zip::BASE_V64.zip::v64/BASE_V63.zip::BASE_V62.zip,zip,readmev62md,3
FRONTERA_CICLO_AJUSTE_V65_BASIS_HARMONIZATION_AND_INDIVIDUAL_NETWORK_GATE(3).zip,VEREDICTO_V62.md,VEREDICTO_V62.md,739,2685722896,FRONTERA_CICLO_AJUSTE_V65_BASIS_HARMONIZATION_AND_INDIVIDUAL_NETWORK_GATE(3).zip::BASE_V64.zip::v64/BASE_V63.zip::BASE_V62.zip,zip,veredictov62md,3
FRONTERA_CICLO_AJUSTE_V65_BASIS_HARMONIZATION_AND_INDIVIDUAL_NETWORK_GATE(3).zip,qa_v62.py,qa_v62.py,14,3143009605,FRONTERA_CICLO_AJUSTE_V65_BASIS_HARMONIZATION_AND_INDIVIDUAL_NETWORK_GATE(3).zip::BASE_V64.zip::v64/BASE_V63.zip::BASE_V62.zip,zip,qav62py,3
FRONTERA_CICLO_AJUSTE_V65_BASIS_HARMONIZATION_AND_INDIVIDUAL_NETWORK_GATE(3).zip,CONSOLIDATED_Q4_AQ_PANEL_V63.csv,CONSOLIDATED_Q4_AQ_PANEL_V63.csv,1463,3606656169,FRONTERA_CICLO_AJUSTE_V65_BASIS_HARMONIZATION_AND_INDIVIDUAL_NETWORK_GATE(3).zip::BASE_V64.zip::v64/BASE_V63.zip,zip,consolidatedq4aqpanelv63csv,2
FRONTERA_CICLO_AJUSTE_V65_BASIS_HARMONIZATION_AND_INDIVIDUAL_NETWORK_GATE(3).zip,COUNTERPARTY_UPDATE_V63.csv,COUNTERPARTY_UPDATE_V63.csv,1443,167982417,FRONTERA_CICLO_AJUSTE_V65_BASIS_HARMONIZATION_AND_INDIVIDUAL_NETWORK_GATE(3).zip::BASE_V64.zip::v64/BASE_V63.zip,zip,counterpartyupdatev63csv,2
FRONTERA_CICLO_AJUSTE_V65_BASIS_HARMONIZATION_AND_INDIVIDUAL_NETWORK_GATE(3).zip,ENTITY_COVERAGE_V63.csv,ENTITY_COVERAGE_V63.csv,978,1741707698,FRONTERA_CICLO_AJUSTE_V65_BASIS_HARMONIZATION_AND_INDIVIDUAL_NETWORK_GATE(3).zip::BASE_V64.zip::v64/BASE_V63.zip,zip,entitycoveragev63csv,2
FRONTERA_CICLO_AJUSTE_V65_BASIS_HARMONIZATION_AND_INDIVIDUAL_NETWORK_GATE(3).zip,EVIDENCE_LEDGER_CICLO_AJUSTE_V63.csv,EVIDENCE_LEDGER_CICLO_AJUSTE_V63.csv,1591,1167366747,FRONTERA_CICLO_AJUSTE_V65_BASIS_HARMONIZATION_AND_INDIVIDUAL_NETWORK_GATE(3).zip::BASE_V64.zip::v64/BASE_V63.zip,zip,evidenceledgercicloajustev63csv,2
FRONTERA_CICLO_AJUSTE_V65_BASIS_HARMONIZATION_AND_INDIVIDUAL_NETWORK_GATE(3).zip,FOUR_LEG_PASS_PANEL_V63.csv,FOUR_LEG_PASS_PANEL_V63.csv,1158,2302138695,FRONTERA_CICLO_AJUSTE_V65_BASIS_HARMONIZATION_AND_INDIVIDUAL_NETWORK_GATE(3).zip::BASE_V64.zip::v64/BASE_V63.zip,zip,fourlegpasspanelv63csv,2
FRONTERA_CICLO_AJUSTE_V65_BASIS_HARMONIZATION_AND_INDIVIDUAL_NETWORK_GATE(3).zip,FUENTES_V63.md,FUENTES_V63.md,1249,1438572322,FRONTERA_CICLO_AJUSTE_V65_BASIS_HARMONIZATION_AND_INDIVIDUAL_NETWORK_GATE(3).zip::BASE_V64.zip::v64/BASE_V63.zip,zip,fuentesv63md,2
FRONTERA_CICLO_AJUSTE_V65_BASIS_HARMONIZATION_AND_INDIVIDUAL_NETWORK_GATE(3).zip,HOUSEHOLD_PRODUCT_PANEL_V63.csv,HOUSEHOLD_PRODUCT_PANEL_V63.csv,1342,3406328649,FRONTERA_CICLO_AJUSTE_V65_BASIS_HARMONIZATION_AND_INDIVIDUAL_NETWORK_GATE(3).zip::BASE_V64.zip::v64/BASE_V63.zip,zip,householdproductpanelv63csv,2
FRONTERA_CICLO_AJUSTE_V65_BASIS_HARMONIZATION_AND_INDIVIDUAL_NETWORK_GATE(3).zip,HOUSEHOLD_SECTOR_MAPPING_AUDIT_V63.md,HOUSEHOLD_SECTOR_MAPPING_AUDIT_V63.md,1037,4263515362,FRONTERA_CICLO_AJUSTE_V65_BASIS_HARMONIZATION_AND_INDIVIDUAL_NETWORK_GATE(3).zip::BASE_V64.zip::v64/BASE_V63.zip,zip,householdsectormappingauditv63md,2
FRONTERA_CICLO_AJUSTE_V65_BASIS_HARMONIZATION_AND_INDIVIDUAL_NETWORK_GATE(3).zip,IEF_PASS_RECONCILIATION_V63.csv,IEF_PASS_RECONCILIATION_V63.csv,540,3195844789,FRONTERA_CICLO_AJUSTE_V65_BASIS_HARMONIZATION_AND_INDIVIDUAL_NETWORK_GATE(3).zip::BASE_V64.zip::v64/BASE_V63.zip,zip,iefpassreconciliationv63csv,2
FRONTERA_CICLO_AJUSTE_V65_BASIS_HARMONIZATION_AND_INDIVIDUAL_NETWORK_GATE(3).zip,INDIVIDUAL_Q4_AQ_PANEL_V63.csv,INDIVIDUAL_Q4_AQ_PANEL_V63.csv,641,4250552853,FRONTERA_CICLO_AJUSTE_V65_BASIS_HARMONIZATION_AND_INDIVIDUAL_NETWORK_GATE(3).zip::BASE_V64.zip::v64/BASE_V63.zip,zip,individualq4aqpanelv63csv,2
FRONTERA_CICLO_AJUSTE_V65_BASIS_HARMONIZATION_AND_INDIVIDUAL_NETWORK_GATE(3).zip,MANIFEST_V63.json,MANIFEST_V63.json,3514,2549584341,FRONTERA_CICLO_AJUSTE_V65_BASIS_HARMONIZATION_AND_INDIVIDUAL_NETWORK_GATE(3).zip::BASE_V64.zip::v64/BASE_V63.zip,zip,manifestv63json,2
FRONTERA_CICLO_AJUSTE_V65_BASIS_HARMONIZATION_AND_INDIVIDUAL_NETWORK_GATE(3).zip,PROMPT_CODEX_V64_CLOSED_PASS_NETWORK_COVERAGE_AND_SECTOR_MAPPING.md,PROMPT_CODEX_V64_CLOSED_PASS_NETWORK_COVERAGE_AND_SECTOR_MAPPING.md,1635,18894133,FRONTERA_CICLO_AJUSTE_V65_BASIS_HARMONIZATION_AND_INDIVIDUAL_NETWORK_GATE(3).zip::BASE_V64.zip::v64/BASE_V63.zip,zip,promptcodexv64closedpassnetworkcoverageandsectormappingmd,2
FRONTERA_CICLO_AJUSTE_V65_BASIS_HARMONIZATION_AND_INDIVIDUAL_NETWORK_GATE(3).zip,QA_RESULT_V63.txt,QA_RESULT_V63.txt,5,3256905966,FRONTERA_CICLO_AJUSTE_V65_BASIS_HARMONIZATION_AND_INDIVIDUAL_NETWORK_GATE(3).zip::BASE_V64.zip::v64/BASE_V63.zip,zip,qaresultv63txt,2
FRONTERA_CICLO_AJUSTE_V65_BASIS_HARMONIZATION_AND_INDIVIDUAL_NETWORK_GATE(3).zip,README_V63.md,README_V63.md,522,401487701,FRONTERA_CICLO_AJUSTE_V65_BASIS_HARMONIZATION_AND_INDIVIDUAL_NETWORK_GATE(3).zip::BASE_V64.zip::v64/BASE_V63.zip,zip,readmev63md,2
FRONTERA_CICLO_AJUSTE_V65_BASIS_HARMONIZATION_AND_INDIVIDUAL_NETWORK_GATE(3).zip,SYMMETRIC_INTERBANK_NETTING_TEST_V63.csv,SYMMETRIC_INTERBANK_NETTING_TEST_V63.csv,527,63456368,FRONTERA_CICLO_AJUSTE_V65_BASIS_HARMONIZATION_AND_INDIVIDUAL_NETWORK_GATE(3).zip::BASE_V64.zip::v64/BASE_V63.zip,zip,symmetricinterbanknettingtestv63csv,2
FRONTERA_CICLO_AJUSTE_V65_BASIS_HARMONIZATION_AND_INDIVIDUAL_NETWORK_GATE(3).zip,VEREDICTO_V63.md,VEREDICTO_V63.md,801,2136461594,FRONTERA_CICLO_AJUSTE_V65_BASIS_HARMONIZATION_AND_INDIVIDUAL_NETWORK_GATE(3).zip::BASE_V64.zip::v64/BASE_V63.zip,zip,veredictov63md,2
FRONTERA_CICLO_AJUSTE_V65_BASIS_HARMONIZATION_AND_INDIVIDUAL_NETWORK_GATE(3).zip,qa_v63.py,qa_v63.py,1297,1276681817,FRONTERA_CICLO_AJUSTE_V65_BASIS_HARMONIZATION_AND_INDIVIDUAL_NETWORK_GATE(3).zip::BASE_V64.zip::v64/BASE_V63.zip,zip,qav63py,2
FRONTERA_CICLO_AJUSTE_V65_BASIS_HARMONIZATION_AND_INDIVIDUAL_NETWORK_GATE(3).zip,v64/HOUSEHOLD_SECTOR_MAPPING_V64.csv,HOUSEHOLD_SECTOR_MAPPING_V64.csv,2474,2258336906,FRONTERA_CICLO_AJUSTE_V65_BASIS_HARMONIZATION_AND_INDIVIDUAL_NETWORK_GATE(3).zip::BASE_V64.zip,zip,householdsectormappingv64csv,1
FRONTERA_CICLO_AJUSTE_V65_BASIS_HARMONIZATION_AND_INDIVIDUAL_NETWORK_GATE(3).zip,v64/QA_RESULT_V64.txt,QA_RESULT_V64.txt,5,3256905966,FRONTERA_CICLO_AJUSTE_V65_BASIS_HARMONIZATION_AND_INDIVIDUAL_NETWORK_GATE(3).zip::BASE_V64.zip,zip,qaresultv64txt,1
FRONTERA_CICLO_AJUSTE_V65_BASIS_HARMONIZATION_AND_INDIVIDUAL_NETWORK_GATE(3).zip,v64/qa_v64.py,qa_v64.py,1174,1783292082,FRONTERA_CICLO_AJUSTE_V65_BASIS_HARMONIZATION_AND_INDIVIDUAL_NETWORK_GATE(3).zip::BASE_V64.zip,zip,qav64py,1
FRONTERA_CICLO_AJUSTE_V65_BASIS_HARMONIZATION_AND_INDIVIDUAL_NETWORK_GATE(3).zip,v64/PASS_COUNTERPARTY_BOUNDS_V64.csv,PASS_COUNTERPARTY_BOUNDS_V64.csv,769,2246893850,FRONTERA_CICLO_AJUSTE_V65_BASIS_HARMONIZATION_AND_INDIVIDUAL_NETWORK_GATE(3).zip::BASE_V64.zip,zip,passcounterpartyboundsv64csv,1
FRONTERA_CICLO_AJUSTE_V65_BASIS_HARMONIZATION_AND_INDIVIDUAL_NETWORK_GATE(3).zip,v64/COUNTERPARTY_UPDATE_V64.csv,COUNTERPARTY_UPDATE_V64.csv,1638,1942618832,FRONTERA_CICLO_AJUSTE_V65_BASIS_HARMONIZATION_AND_INDIVIDUAL_NETWORK_GATE(3).zip::BASE_V64.zip,zip,counterpartyupdatev64csv,1
FRONTERA_CICLO_AJUSTE_V65_BASIS_HARMONIZATION_AND_INDIVIDUAL_NETWORK_GATE(3).zip,v64/PROMPT_CODEX_V65_BASIS_HARMONIZATION_AND_REMAINING_CLOSED_NETWORK_COVERAGE.md,PROMPT_CODEX_V65_BASIS_HARMONIZATION_AND_REMAINING_CLOSED_NETWORK_COVERAGE.md,2425,3301498787,FRONTERA_CICLO_AJUSTE_V65_BASIS_HARMONIZATION_AND_INDIVIDUAL_NETWORK_GATE(3).zip::BASE_V64.zip,zip,promptcodexv65basisharmonizationandremainingclosednetworkcoveragemd,1
FRONTERA_CICLO_AJUSTE_V65_BASIS_HARMONIZATION_AND_INDIVIDUAL_NETWORK_GATE(3).zip,v64/AUDITORIA_V64.md,AUDITORIA_V64.md,1768,427859888,FRONTERA_CICLO_AJUSTE_V65_BASIS_HARMONIZATION_AND_INDIVIDUAL_NETWORK_GATE(3).zip::BASE_V64.zip,zip,auditoriav64md,1
FRONTERA_CICLO_AJUSTE_V65_BASIS_HARMONIZATION_AND_INDIVIDUAL_NETWORK_GATE(3).zip,v64/FUENTES_V64.md,FUENTES_V64.md,1402,2535036655,FRONTERA_CICLO_AJUSTE_V65_BASIS_HARMONIZATION_AND_INDIVIDUAL_NETWORK_GATE(3).zip::BASE_V64.zip,zip,fuentesv64md,1
FRONTERA_CICLO_AJUSTE_V65_BASIS_HARMONIZATION_AND_INDIVIDUAL_NETWORK_GATE(3).zip,v64/README_V64.md,README_V64.md,691,4209804692,FRONTERA_CICLO_AJUSTE_V65_BASIS_HARMONIZATION_AND_INDIVIDUAL_NETWORK_GATE(3).zip::BASE_V64.zip,zip,readmev64md,1
FRONTERA_CICLO_AJUSTE_V65_BASIS_HARMONIZATION_AND_INDIVIDUAL_NETWORK_GATE(3).zip,v64/IEF_PASS_RECONCILIATION_V64.csv,IEF_PASS_RECONCILIATION_V64.csv,729,48263883,FRONTERA_CICLO_AJUSTE_V65_BASIS_HARMONIZATION_AND_INDIVIDUAL_NETWORK_GATE(3).zip::BASE_V64.zip,zip,iefpassreconciliationv64csv,1
FRONTERA_CICLO_AJUSTE_V65_BASIS_HARMONIZATION_AND_INDIVIDUAL_NETWORK_GATE(3).zip,v64/CLOSED_NETWORK_NETTING_TEST_V64.csv,CLOSED_NETWORK_NETTING_TEST_V64.csv,688,1527256713,FRONTERA_CICLO_AJUSTE_V65_BASIS_HARMONIZATION_AND_INDIVIDUAL_NETWORK_GATE(3).zip::BASE_V64.zip,zip,closednetworknettingtestv64csv,1
FRONTERA_CICLO_AJUSTE_V65_BASIS_HARMONIZATION_AND_INDIVIDUAL_NETWORK_GATE(3).zip,v64/FOUR_LEG_PASS_PANEL_V64.csv,FOUR_LEG_PASS_PANEL_V64.csv,1428,3589933292,FRONTERA_CICLO_AJUSTE_V65_BASIS_HARMONIZATION_AND_INDIVIDUAL_NETWORK_GATE(3).zip::BASE_V64.zip,zip,fourlegpasspanelv64csv,1
FRONTERA_CICLO_AJUSTE_V65_BASIS_HARMONIZATION_AND_INDIVIDUAL_NETWORK_GATE(3).zip,v64/CLOSED_NETWORK_COVERAGE_V64.csv,CLOSED_NETWORK_COVERAGE_V64.csv,1625,936507974,FRONTERA_CICLO_AJUSTE_V65_BASIS_HARMONIZATION_AND_INDIVIDUAL_NETWORK_GATE(3).zip::BASE_V64.zip,zip,closednetworkcoveragev64csv,1
FRONTERA_CICLO_AJUSTE_V65_BASIS_HARMONIZATION_AND_INDIVIDUAL_NETWORK_GATE(3).zip,v64/HOUSEHOLD_PRODUCT_PANEL_V64.csv,HOUSEHOLD_PRODUCT_PANEL_V64.csv,1489,2041405891,FRONTERA_CICLO_AJUSTE_V65_BASIS_HARMONIZATION_AND_INDIVIDUAL_NETWORK_GATE(3).zip::BASE_V64.zip,zip,householdproductpanelv64csv,1
FRONTERA_CICLO_AJUSTE_V65_BASIS_HARMONIZATION_AND_INDIVIDUAL_NETWORK_GATE(3).zip,v64/EVIDENCE_LEDGER_CICLO_AJUSTE_V64.csv,EVIDENCE_LEDGER_CICLO_AJUSTE_V64.csv,2650,2671377196,FRONTERA_CICLO_AJUSTE_V65_BASIS_HARMONIZATION_AND_INDIVIDUAL_NETWORK_GATE(3).zip::BASE_V64.zip,zip,evidenceledgercicloajustev64csv,1
FRONTERA_CICLO_AJUSTE_V65_BASIS_HARMONIZATION_AND_INDIVIDUAL_NETWORK_GATE(3).zip,v64/HANDOVER_CODEX_CICLO_AJUSTE_V64_A_V65.md,HANDOVER_CODEX_CICLO_AJUSTE_V64_A_V65.md,1548,2714686482,FRONTERA_CICLO_AJUSTE_V65_BASIS_HARMONIZATION_AND_INDIVIDUAL_NETWORK_GATE(3).zip::BASE_V64.zip,zip,handovercodexcicloajustev64av65md,1
FRONTERA_CICLO_AJUSTE_V65_BASIS_HARMONIZATION_AND_INDIVIDUAL_NETWORK_GATE(3).zip,v64/MANIFEST_V64.json,MANIFEST_V64.json,3775,4217835733,FRONTERA_CICLO_AJUSTE_V65_BASIS_HARMONIZATION_AND_INDIVIDUAL_NETWORK_GATE(3).zip::BASE_V64.zip,zip,manifestv64json,1
FRONTERA_CICLO_AJUSTE_V65_BASIS_HARMONIZATION_AND_INDIVIDUAL_NETWORK_GATE(3).zip,BASIS_HARMONIZATION_V65.csv,BASIS_HARMONIZATION_V65.csv,1445,596614959,FRONTERA_CICLO_AJUSTE_V65_BASIS_HARMONIZATION_AND_INDIVIDUAL_NETWORK_GATE(3).zip,zip,basisharmonizationv65csv,0
FRONTERA_CICLO_AJUSTE_V65_BASIS_HARMONIZATION_AND_INDIVIDUAL_NETWORK_GATE(3).zip,BCRA_BANK_SYSTEM_COVERAGE_V65.csv,BCRA_BANK_SYSTEM_COVERAGE_V65.csv,1508,479379624,FRONTERA_CICLO_AJUSTE_V65_BASIS_HARMONIZATION_AND_INDIVIDUAL_NETWORK_GATE(3).zip,zip,bcrabanksystemcoveragev65csv,0
FRONTERA_CICLO_AJUSTE_V65_BASIS_HARMONIZATION_AND_INDIVIDUAL_NETWORK_GATE(3).zip,CLOSED_NETWORK_COVERAGE_V65.csv,CLOSED_NETWORK_COVERAGE_V65.csv,2190,1060572330,FRONTERA_CICLO_AJUSTE_V65_BASIS_HARMONIZATION_AND_INDIVIDUAL_NETWORK_GATE(3).zip,zip,closednetworkcoveragev65csv,0
FRONTERA_CICLO_AJUSTE_V65_BASIS_HARMONIZATION_AND_INDIVIDUAL_NETWORK_GATE(3).zip,CLOSED_NETWORK_NETTING_TEST_V65.csv,CLOSED_NETWORK_NETTING_TEST_V65.csv,697,2810173951,FRONTERA_CICLO_AJUSTE_V65_BASIS_HARMONIZATION_AND_INDIVIDUAL_NETWORK_GATE(3).zip,zip,closednetworknettingtestv65csv,0
FRONTERA_CICLO_AJUSTE_V65_BASIS_HARMONIZATION_AND_INDIVIDUAL_NETWORK_GATE(3).zip,COUNTERPARTY_UPDATE_V65.csv,COUNTERPARTY_UPDATE_V65.csv,2098,3876913870,FRONTERA_CICLO_AJUSTE_V65_BASIS_HARMONIZATION_AND_INDIVIDUAL_NETWORK_GATE(3).zip,zip,counterpartyupdatev65csv,0
FRONTERA_CICLO_AJUSTE_V65_BASIS_HARMONIZATION_AND_INDIVIDUAL_NETWORK_GATE(3).zip,CREDICOOP_FY_AQ_CONTROL_V65.csv,CREDICOOP_FY_AQ_CONTROL_V65.csv,575,3048811599,FRONTERA_CICLO_AJUSTE_V65_BASIS_HARMONIZATION_AND_INDIVIDUAL_NETWORK_GATE(3).zip,zip,credicoopfyaqcontrolv65csv,0
FRONTERA_CICLO_AJUSTE_V65_BASIS_HARMONIZATION_AND_INDIVIDUAL_NETWORK_GATE(3).zip,EVIDENCE_LEDGER_CICLO_AJUSTE_V65.csv,EVIDENCE_LEDGER_CICLO_AJUSTE_V65.csv,2924,3368344482,FRONTERA_CICLO_AJUSTE_V65_BASIS_HARMONIZATION_AND_INDIVIDUAL_NETWORK_GATE(3).zip,zip,evidenceledgercicloajustev65csv,0
FRONTERA_CICLO_AJUSTE_V65_BASIS_HARMONIZATION_AND_INDIVIDUAL_NETWORK_GATE(3).zip,FOUR_LEG_PASS_PANEL_V65.csv,FOUR_LEG_PASS_PANEL_V65.csv,2441,3376312752,FRONTERA_CICLO_AJUSTE_V65_BASIS_HARMONIZATION_AND_INDIVIDUAL_NETWORK_GATE(3).zip,zip,fourlegpasspanelv65csv,0
FRONTERA_CICLO_AJUSTE_V65_BASIS_HARMONIZATION_AND_INDIVIDUAL_NETWORK_GATE(3).zip,FUENTES_V65.md,FUENTES_V65.md,2398,3403862976,FRONTERA_CICLO_AJUSTE_V65_BASIS_HARMONIZATION_AND_INDIVIDUAL_NETWORK_GATE(3).zip,zip,fuentesv65md,0
FRONTERA_CICLO_AJUSTE_V65_BASIS_HARMONIZATION_AND_INDIVIDUAL_NETWORK_GATE(3).zip,HANDOVER_CODEX_CICLO_AJUSTE_V65_A_V66.md,HANDOVER_CODEX_CICLO_AJUSTE_V65_A_V66.md,2804,128090728,FRONTERA_CICLO_AJUSTE_V65_BASIS_HARMONIZATION_AND_INDIVIDUAL_NETWORK_GATE(3).zip,zip,handovercodexcicloajustev65av66md,0
FRONTERA_CICLO_AJUSTE_V65_BASIS_HARMONIZATION_AND_INDIVIDUAL_NETWORK_GATE(3).zip,HOUSEHOLD_PRODUCT_PANEL_V65.csv,HOUSEHOLD_PRODUCT_PANEL_V65.csv,2274,12949392,FRONTERA_CICLO_AJUSTE_V65_BASIS_HARMONIZATION_AND_INDIVIDUAL_NETWORK_GATE(3).zip,zip,householdproductpanelv65csv,0
FRONTERA_CICLO_AJUSTE_V65_BASIS_HARMONIZATION_AND_INDIVIDUAL_NETWORK_GATE(3).zip,HOUSEHOLD_SECTOR_MAPPING_V65.csv,HOUSEHOLD_SECTOR_MAPPING_V65.csv,2021,4119788691,FRONTERA_CICLO_AJUSTE_V65_BASIS_HARMONIZATION_AND_INDIVIDUAL_NETWORK_GATE(3).zip,zip,householdsectormappingv65csv,0
FRONTERA_CICLO_AJUSTE_V65_BASIS_HARMONIZATION_AND_INDIVIDUAL_NETWORK_GATE(3).zip,IEF_PASS_RECONCILIATION_V65.csv,IEF_PASS_RECONCILIATION_V65.csv,1005,3781931653,FRONTERA_CICLO_AJUSTE_V65_BASIS_HARMONIZATION_AND_INDIVIDUAL_NETWORK_GATE(3).zip,zip,iefpassreconciliationv65csv,0
FRONTERA_CICLO_AJUSTE_V65_BASIS_HARMONIZATION_AND_INDIVIDUAL_NETWORK_GATE(3).zip,MANIFEST_V65.json,MANIFEST_V65.json,4651,3266909348,FRONTERA_CICLO_AJUSTE_V65_BASIS_HARMONIZATION_AND_INDIVIDUAL_NETWORK_GATE(3).zip,zip,manifestv65json,0
FRONTERA_CICLO_AJUSTE_V65_BASIS_HARMONIZATION_AND_INDIVIDUAL_NETWORK_GATE(3).zip,PASS_COUNTERPARTY_BOUNDS_V65.csv,PASS_COUNTERPARTY_BOUNDS_V65.csv,1099,3361347887,FRONTERA_CICLO_AJUSTE_V65_BASIS_HARMONIZATION_AND_INDIVIDUAL_NETWORK_GATE(3).zip,zip,passcounterpartyboundsv65csv,0
FRONTERA_CICLO_AJUSTE_V65_BASIS_HARMONIZATION_AND_INDIVIDUAL_NETWORK_GATE(3).zip,PROMPT_CODEX_V66_INDIVIDUAL_AQ_RETRIEVAL_AND_CLOSED_NETWORK_EXPANSION.md,PROMPT_CODEX_V66_INDIVIDUAL_AQ_RETRIEVAL_AND_CLOSED_NETWORK_EXPANSION.md,3607,1843300520,FRONTERA_CICLO_AJUSTE_V65_BASIS_HARMONIZATION_AND_INDIVIDUAL_NETWORK_GATE(3).zip,zip,promptcodexv66individualaqretrievalandclosednetworkexpansionmd,0
FRONTERA_CICLO_AJUSTE_V65_BASIS_HARMONIZATION_AND_INDIVIDUAL_NETWORK_GATE(3).zip,QA_RESULT_V65.txt,QA_RESULT_V65.txt,5,3256905966,FRONTERA_CICLO_AJUSTE_V65_BASIS_HARMONIZATION_AND_INDIVIDUAL_NETWORK_GATE(3).zip,zip,qaresultv65txt,0
FRONTERA_CICLO_AJUSTE_V65_BASIS_HARMONIZATION_AND_INDIVIDUAL_NETWORK_GATE(3).zip,README_V65.md,README_V65.md,895,1371115064,FRONTERA_CICLO_AJUSTE_V65_BASIS_HARMONIZATION_AND_INDIVIDUAL_NETWORK_GATE(3).zip,zip,readmev65md,0
FRONTERA_CICLO_AJUSTE_V65_BASIS_HARMONIZATION_AND_INDIVIDUAL_NETWORK_GATE(3).zip,VEREDICTO_V65.md,VEREDICTO_V65.md,4780,2319782923,FRONTERA_CICLO_AJUSTE_V65_BASIS_HARMONIZATION_AND_INDIVIDUAL_NETWORK_GATE(3).zip,zip,veredictov65md,0
FRONTERA_CICLO_AJUSTE_V65_BASIS_HARMONIZATION_AND_INDIVIDUAL_NETWORK_GATE(3).zip,qa_v65.py,qa_v65.py,2379,1753553920,FRONTERA_CICLO_AJUSTE_V65_BASIS_HARMONIZATION_AND_INDIVIDUAL_NETWORK_GATE(3).zip,zip,qav65py,0
FRONTERA_CICLO_AJUSTE_V66_INDIVIDUAL_AQ_RETRIEVAL_AND_NETWORK_EXPANSION(3).zip,AUDITORIA_V66.md,AUDITORIA_V66.md,3515,3170660376,FRONTERA_CICLO_AJUSTE_V66_INDIVIDUAL_AQ_RETRIEVAL_AND_NETWORK_EXPANSION(3).zip,zip,auditoriav66md,0
FRONTERA_CICLO_AJUSTE_V66_INDIVIDUAL_AQ_RETRIEVAL_AND_NETWORK_EXPANSION(3).zip,BANCO_VALORES_Q4_AQ_BRIDGE_V66.csv,BANCO_VALORES_Q4_AQ_BRIDGE_V66.csv,1143,2548155514,FRONTERA_CICLO_AJUSTE_V66_INDIVIDUAL_AQ_RETRIEVAL_AND_NETWORK_EXPANSION(3).zip,zip,bancovaloresq4aqbridgev66csv,0
FRONTERA_CICLO_AJUSTE_V66_INDIVIDUAL_AQ_RETRIEVAL_AND_NETWORK_EXPANSION(3).zip,BAPRO_FY_AQ_CONTROL_V66.csv,BAPRO_FY_AQ_CONTROL_V66.csv,599,3237171993,FRONTERA_CICLO_AJUSTE_V66_INDIVIDUAL_AQ_RETRIEVAL_AND_NETWORK_EXPANSION(3).zip,zip,baprofyaqcontrolv66csv,0
FRONTERA_CICLO_AJUSTE_V66_INDIVIDUAL_AQ_RETRIEVAL_AND_NETWORK_EXPANSION(3).zip,BASE_V65.zip,BASE_V65.zip,1609028,3617633679,FRONTERA_CICLO_AJUSTE_V66_INDIVIDUAL_AQ_RETRIEVAL_AND_NETWORK_EXPANSION(3).zip,zip,basev65zip,0
FRONTERA_CICLO_AJUSTE_V66_INDIVIDUAL_AQ_RETRIEVAL_AND_NETWORK_EXPANSION(3).zip,AUDITORIA_V65.md,AUDITORIA_V65.md,2546,2420171534,FRONTERA_CICLO_AJUSTE_V66_INDIVIDUAL_AQ_RETRIEVAL_AND_NETWORK_EXPANSION(3).zip::BASE_V65.zip,zip,auditoriav65md,1
FRONTERA_CICLO_AJUSTE_V66_INDIVIDUAL_AQ_RETRIEVAL_AND_NETWORK_EXPANSION(3).zip,BAPRO_FY_AQ_CONTROL_V65.csv,BAPRO_FY_AQ_CONTROL_V65.csv,528,1848146163,FRONTERA_CICLO_AJUSTE_V66_INDIVIDUAL_AQ_RETRIEVAL_AND_NETWORK_EXPANSION(3).zip::BASE_V65.zip,zip,baprofyaqcontrolv65csv,1
FRONTERA_CICLO_AJUSTE_V66_INDIVIDUAL_AQ_RETRIEVAL_AND_NETWORK_EXPANSION(3).zip,BASE_V64.zip,BASE_V64.zip,1587524,3096929230,FRONTERA_CICLO_AJUSTE_V66_INDIVIDUAL_AQ_RETRIEVAL_AND_NETWORK_EXPANSION(3).zip::BASE_V65.zip,zip,basev64zip,1
FRONTERA_CICLO_AJUSTE_V66_INDIVIDUAL_AQ_RETRIEVAL_AND_NETWORK_EXPANSION(3).zip,v64/VEREDICTO_V64.md,VEREDICTO_V64.md,3541,2631155135,FRONTERA_CICLO_AJUSTE_V66_INDIVIDUAL_AQ_RETRIEVAL_AND_NETWORK_EXPANSION(3).zip::BASE_V65.zip::BASE_V64.zip,zip,veredictov64md,2
FRONTERA_CICLO_AJUSTE_V66_INDIVIDUAL_AQ_RETRIEVAL_AND_NETWORK_EXPANSION(3).zip,v64/ICBC_Q4_AQ_BRIDGE_V64.csv,ICBC_Q4_AQ_BRIDGE_V64.csv,1214,1093793547,FRONTERA_CICLO_AJUSTE_V66_INDIVIDUAL_AQ_RETRIEVAL_AND_NETWORK_EXPANSION(3).zip::BASE_V65.zip::BASE_V64.zip,zip,icbcq4aqbridgev64csv,2
FRONTERA_CICLO_AJUSTE_V66_INDIVIDUAL_AQ_RETRIEVAL_AND_NETWORK_EXPANSION(3).zip,v64/BASE_V63.zip,BASE_V63.zip,1568045,1768785680,FRONTERA_CICLO_AJUSTE_V66_INDIVIDUAL_AQ_RETRIEVAL_AND_NETWORK_EXPANSION(3).zip::BASE_V65.zip::BASE_V64.zip,zip,basev63zip,2
FRONTERA_CICLO_AJUSTE_V66_INDIVIDUAL_AQ_RETRIEVAL_AND_NETWORK_EXPANSION(3).zip,AUDITORIA_V63.md,AUDITORIA_V63.md,1856,362679481,FRONTERA_CICLO_AJUSTE_V66_INDIVIDUAL_AQ_RETRIEVAL_AND_NETWORK_EXPANSION(3).zip::BASE_V65.zip::BASE_V64.zip::v64/BASE_V63.zip,zip,auditoriav63md,3
FRONTERA_CICLO_AJUSTE_V66_INDIVIDUAL_AQ_RETRIEVAL_AND_NETWORK_EXPANSION(3).zip,BASE_V62.zip,BASE_V62.zip,1554965,2599394019,FRONTERA_CICLO_AJUSTE_V66_INDIVIDUAL_AQ_RETRIEVAL_AND_NETWORK_EXPANSION(3).zip::BASE_V65.zip::BASE_V64.zip::v64/BASE_V63.zip,zip,basev62zip,3
FRONTERA_CICLO_AJUSTE_V66_INDIVIDUAL_AQ_RETRIEVAL_AND_NETWORK_EXPANSION(3).zip,AUDITORIA_V62.md,AUDITORIA_V62.md,1393,600029505,FRONTERA_CICLO_AJUSTE_V66_INDIVIDUAL_AQ_RETRIEVAL_AND_NETWORK_EXPANSION(3).zip::BASE_V65.zip::BASE_V64.zip::v64/BASE_V63.zip::BASE_V62.zip,zip,auditoriav62md,4
FRONTERA_CICLO_AJUSTE_V66_INDIVIDUAL_AQ_RETRIEVAL_AND_NETWORK_EXPANSION(3).zip,BASE_V61.zip,BASE_V61.zip,1544918,3678830250,FRONTERA_CICLO_AJUSTE_V66_INDIVIDUAL_AQ_RETRIEVAL_AND_NETWORK_EXPANSION(3).zip::BASE_V65.zip::BASE_V64.zip::v64/BASE_V63.zip::BASE_V62.zip,zip,basev61zip,4
FRONTERA_CICLO_AJUSTE_V66_INDIVIDUAL_AQ_RETRIEVAL_AND_NETWORK_EXPANSION(3).zip,AUDITORIA_V61.md,AUDITORIA_V61.md,1403,3939235878,FRONTERA_CICLO_AJUSTE_V66_INDIVIDUAL_AQ_RETRIEVAL_AND_NETWORK_EXPANSION(3).zip::BASE_V65.zip::BASE_V64.zip::v64/BASE_V63.zip::BASE_V62.zip::BASE_V61.zip,zip,auditoriav61md,5
FRONTERA_CICLO_AJUSTE_V66_INDIVIDUAL_AQ_RETRIEVAL_AND_NETWORK_EXPANSION(3).zip,BASE_V60.zip,BASE_V60.zip,1516418,405553932,FRONTERA_CICLO_AJUSTE_V66_INDIVIDUAL_AQ_RETRIEVAL_AND_NETWORK_EXPANSION(3).zip::BASE_V65.zip::BASE_V64.zip::v64/BASE_V63.zip::BASE_V62.zip::BASE_V61.zip,zip,basev60zip,5
FRONTERA_CICLO_AJUSTE_V66_INDIVIDUAL_AQ_RETRIEVAL_AND_NETWORK_EXPANSION(3).zip,AQ_FREQUENCY_CORRECTION_V60.csv,AQ_FREQUENCY_CORRECTION_V60.csv,293,27279586,FRONTERA_CICLO_AJUSTE_V66_INDIVIDUAL_AQ_RETRIEVAL_AND_NETWORK_EXPANSION(3).zip::BASE_V65.zip::BASE_V64.zip::v64/BASE_V63.zip::BASE_V62.zip::BASE_V61.zip::BASE_V60.zip,zip,aqfrequencycorrectionv60csv,6
FRONTERA_CICLO_AJUSTE_V66_INDIVIDUAL_AQ_RETRIEVAL_AND_NETWORK_EXPANSION(3).zip,AQ_SYSTEM_AGGREGATE_2023_V60.csv,AQ_SYSTEM_AGGREGATE_2023_V60.csv,453,3657801338,FRONTERA_CICLO_AJUSTE_V66_INDIVIDUAL_AQ_RETRIEVAL_AND_NETWORK_EXPANSION(3).zip::BASE_V65.zip::BASE_V64.zip::v64/BASE_V63.zip::BASE_V62.zip::BASE_V61.zip::BASE_V60.zip,zip,aqsystemaggregate2023v60csv,6
FRONTERA_CICLO_AJUSTE_V66_INDIVIDUAL_AQ_RETRIEVAL_AND_NETWORK_EXPANSION(3).zip,AQ_TO_IEF_ANNUAL_BRIDGE_V60.csv,AQ_TO_IEF_ANNUAL_BRIDGE_V60.csv,521,3222057515,FRONTERA_CICLO_AJUSTE_V66_INDIVIDUAL_AQ_RETRIEVAL_AND_NETWORK_EXPANSION(3).zip::BASE_V65.zip::BASE_V64.zip::v64/BASE_V63.zip::BASE_V62.zip::BASE_V61.zip::BASE_V60.zip,zip,aqtoiefannualbridgev60csv,6
FRONTERA_CICLO_AJUSTE_V66_INDIVIDUAL_AQ_RETRIEVAL_AND_NETWORK_EXPANSION(3).zip,AUDITORIA_V60.md,AUDITORIA_V60.md,1028,3191199415,FRONTERA_CICLO_AJUSTE_V66_INDIVIDUAL_AQ_RETRIEVAL_AND_NETWORK_EXPANSION(3).zip::BASE_V65.zip::BASE_V64.zip::v64/BASE_V63.zip::BASE_V62.zip::BASE_V61.zip::BASE_V60.zip,zip,auditoriav60md,6
FRONTERA_CICLO_AJUSTE_V66_INDIVIDUAL_AQ_RETRIEVAL_AND_NETWORK_EXPANSION(3).zip,BASE_V59.zip,BASE_V59.zip,1488966,3327583224,FRONTERA_CICLO_AJUSTE_V66_INDIVIDUAL_AQ_RETRIEVAL_AND_NETWORK_EXPANSION(3).zip::BASE_V65.zip::BASE_V64.zip::v64/BASE_V63.zip::BASE_V62.zip::BASE_V61.zip::BASE_V60.zip,zip,basev59zip,6
FRONTERA_CICLO_AJUSTE_V66_INDIVIDUAL_AQ_RETRIEVAL_AND_NETWORK_EXPANSION(3).zip,INTEREST_ACCRUED_SECTOR_FLOW_V59.csv,INTEREST_ACCRUED_SECTOR_FLOW_V59.csv,3456,2350036141,FRONTERA_CICLO_AJUSTE_V66_INDIVIDUAL_AQ_RETRIEVAL_AND_NETWORK_EXPANSION(3).zip::BASE_V65.zip::BASE_V64.zip::v64/BASE_V63.zip::BASE_V62.zip::BASE_V61.zip::BASE_V60.zip::BASE_V59.zip,zip,interestaccruedsectorflowv59csv,7
FRONTERA_CICLO_AJUSTE_V66_INDIVIDUAL_AQ_RETRIEVAL_AND_NETWORK_EXPANSION(3).zip,SECURITIES_RESULT_ISSUER_FLOW_V59.csv,SECURITIES_RESULT_ISSUER_FLOW_V59.csv,973,2396753114,FRONTERA_CICLO_AJUSTE_V66_INDIVIDUAL_AQ_RETRIEVAL_AND_NETWORK_EXPANSION(3).zip::BASE_V65.zip::BASE_V64.zip::v64/BASE_V63.zip::BASE_V62.zip::BASE_V61.zip::BASE_V60.zip::BASE_V59.zip,zip,securitiesresultissuerflowv59csv,7
FRONTERA_CICLO_AJUSTE_V66_INDIVIDUAL_AQ_RETRIEVAL_AND_NETWORK_EXPANSION(3).zip,MANIFEST_V59.json,MANIFEST_V59.json,3173,1958130905,FRONTERA_CICLO_AJUSTE_V66_INDIVIDUAL_AQ_RETRIEVAL_AND_NETWORK_EXPANSION(3).zip::BASE_V65.zip::BASE_V64.zip::v64/BASE_V63.zip::BASE_V62.zip::BASE_V61.zip::BASE_V60.zip::BASE_V59.zip,zip,manifestv59json,7
FRONTERA_CICLO_AJUSTE_V66_INDIVIDUAL_AQ_RETRIEVAL_AND_NETWORK_EXPANSION(3).zip,VEREDICTO_V59.md,VEREDICTO_V59.md,1520,2869004237,FRONTERA_CICLO_AJUSTE_V66_INDIVIDUAL_AQ_RETRIEVAL_AND_NETWORK_EXPANSION(3).zip::BASE_V65.zip::BASE_V64.zip::v64/BASE_V63.zip::BASE_V62.zip::BASE_V61.zip::BASE_V60.zip::BASE_V59.zip,zip,veredictov59md,7
FRONTERA_CICLO_AJUSTE_V66_INDIVIDUAL_AQ_RETRIEVAL_AND_NETWORK_EXPANSION(3).zip,POSITIVE_FINANCIAL_INCOME_FORMULA_V59.csv,POSITIVE_FINANCIAL_INCOME_FORMULA_V59.csv,2665,3309765842,FRONTERA_CICLO_AJUSTE_V66_INDIVIDUAL_AQ_RETRIEVAL_AND_NETWORK_EXPANSION(3).zip::BASE_V65.zip::BASE_V64.zip::v64/BASE_V63.zip::BASE_V62.zip::BASE_V61.zip::BASE_V60.zip::BASE_V59.zip,zip,positivefinancialincomeformulav59csv,7
FRONTERA_CICLO_AJUSTE_V66_INDIVIDUAL_AQ_RETRIEVAL_AND_NETWORK_EXPANSION(3).zip,README_V59.md,README_V59.md,689,1979927137,FRONTERA_CICLO_AJUSTE_V66_INDIVIDUAL_AQ_RETRIEVAL_AND_NETWORK_EXPANSION(3).zip::BASE_V65.zip::BASE_V64.zip::v64/BASE_V63.zip::BASE_V62.zip::BASE_V61.zip::BASE_V60.zip::BASE_V59.zip,zip,readmev59md,7
FRONTERA_CICLO_AJUSTE_V66_INDIVIDUAL_AQ_RETRIEVAL_AND_NETWORK_EXPANSION(3).zip,COMMON_DENOMINATOR_RECONCILIATION_V59.csv,COMMON_DENOMINATOR_RECONCILIATION_V59.csv,3406,3895230344,FRONTERA_CICLO_AJUSTE_V66_INDIVIDUAL_AQ_RETRIEVAL_AND_NETWORK_EXPANSION(3).zip::BASE_V65.zip::BASE_V64.zip::v64/BASE_V63.zip::BASE_V62.zip::BASE_V61.zip::BASE_V60.zip::BASE_V59.zip,zip,commondenominatorreconciliationv59csv,7
FRONTERA_CICLO_AJUSTE_V66_INDIVIDUAL_AQ_RETRIEVAL_AND_NETWORK_EXPANSION(3).zip,BASE_V58.zip,BASE_V58.zip,1457322,799904491,FRONTERA_CICLO_AJUSTE_V66_INDIVIDUAL_AQ_RETRIEVAL_AND_NETWORK_EXPANSION(3).zip::BASE_V65.zip::BASE_V64.zip::v64/BASE_V63.zip::BASE_V62.zip::BASE_V61.zip::BASE_V60.zip::BASE_V59.zip,zip,basev58zip,7
FRONTERA_CICLO_AJUSTE_V66_INDIVIDUAL_AQ_RETRIEVAL_AND_NETWORK_EXPANSION(3).zip,IEF_COMPONENT_RECONCILIATION_V58.csv,IEF_COMPONENT_RECONCILIATION_V58.csv,4404,771447225,FRONTERA_CICLO_AJUSTE_V66_INDIVIDUAL_AQ_RETRIEVAL_AND_NETWORK_EXPANSION(3).zip::BASE_V65.zip::BASE_V64.zip::v64/BASE_V63.zip::BASE_V62.zip::BASE_V61.zip::BASE_V60.zip::BASE_V59.zip::BASE_V58.zip,zip,iefcomponentreconciliationv58csv,8
FRONTERA_CICLO_AJUSTE_V66_INDIVIDUAL_AQ_RETRIEVAL_AND_NETWORK_EXPANSION(3).zip,BASE_V57.zip,BASE_V57.zip,1426922,2040299978,FRONTERA_CICLO_AJUSTE_V66_INDIVIDUAL_AQ_RETRIEVAL_AND_NETWORK_EXPANSION(3).zip::BASE_V65.zip::BASE_V64.zip::v64/BASE_V63.zip::BASE_V62.zip::BASE_V61.zip::BASE_V60.zip::BASE_V59.zip::BASE_V58.zip,zip,basev57zip,8
FRONTERA_CICLO_AJUSTE_V66_INDIVIDUAL_AQ_RETRIEVAL_AND_NETWORK_EXPANSION(3).zip,ACCOUNT_MAPPING_NIIF_V57.csv,ACCOUNT_MAPPING_NIIF_V57.csv,6675,3279393462,FRONTERA_CICLO_AJUSTE_V66_INDIVIDUAL_AQ_RETRIEVAL_AND_NETWORK_EXPANSION(3).zip::BASE_V65.zip::BASE_V64.zip::v64/BASE_V63.zip::BASE_V62.zip::BASE_V61.zip::BASE_V60.zip::BASE_V59.zip::BASE_V58.zip::BASE_V57.zip,zip,accountmappingniifv57csv,9
FRONTERA_CICLO_AJUSTE_V66_INDIVIDUAL_AQ_RETRIEVAL_AND_NETWORK_EXPANSION(3).zip,AUDITORIA_V57.md,AUDITORIA_V57.md,3300,2845304577,FRONTERA_CICLO_AJUSTE_V66_INDIVIDUAL_AQ_RETRIEVAL_AND_NETWORK_EXPANSION(3).zip::BASE_V65.zip::BASE_V64.zip::v64/BASE_V63.zip::BASE_V62.zip::BASE_V61.zip::BASE_V60.zip::BASE_V59.zip::BASE_V58.zip::BASE_V57.zip,zip,auditoriav57md,9
FRONTERA_CICLO_AJUSTE_V66_INDIVIDUAL_AQ_RETRIEVAL_AND_NETWORK_EXPANSION(3).zip,BASE_V56.zip,BASE_V56.zip,1405429,4102697162,FRONTERA_CICLO_AJUSTE_V66_INDIVIDUAL_AQ_RETRIEVAL_AND_NETWORK_EXPANSION(3).zip::BASE_V65.zip::BASE_V64.zip::v64/BASE_V63.zip::BASE_V62.zip::BASE_V61.zip::BASE_V60.zip::BASE_V59.zip::BASE_V58.zip::BASE_V57.zip,zip,basev56zip,9
FRONTERA_CICLO_AJUSTE_V66_INDIVIDUAL_AQ_RETRIEVAL_AND_NETWORK_EXPANSION(3).zip,TARGET_RECONCILIATION_V56.csv,TARGET_RECONCILIATION_V56.csv,1039,3039763977,FRONTERA_CICLO_AJUSTE_V66_INDIVIDUAL_AQ_RETRIEVAL_AND_NETWORK_EXPANSION(3).zip::BASE_V65.zip::BASE_V64.zip::v64/BASE_V63.zip::BASE_V62.zip::BASE_V61.zip::BASE_V60.zip::BASE_V59.zip::BASE_V58.zip::BASE_V57.zip::BASE_V56.zip,zip,targetreconciliationv56csv,10
FRONTERA_CICLO_AJUSTE_V66_INDIVIDUAL_AQ_RETRIEVAL_AND_NETWORK_EXPANSION(3).zip,FUENTES_V56.md,FUENTES_V56.md,1270,1201168601,FRONTERA_CICLO_AJUSTE_V66_INDIVIDUAL_AQ_RETRIEVAL_AND_NETWORK_EXPANSION(3).zip::BASE_V65.zip::BASE_V64.zip::v64/BASE_V63.zip::BASE_V62.zip::BASE_V61.zip::BASE_V60.zip::BASE_V59.zip::BASE_V58.zip::BASE_V57.zip::BASE_V56.zip,zip,fuentesv56md,10
FRONTERA_CICLO_AJUSTE_V66_INDIVIDUAL_AQ_RETRIEVAL_AND_NETWORK_EXPANSION(3).zip,AUDITORIA_V56.md,AUDITORIA_V56.md,1958,3875203169,FRONTERA_CICLO_AJUSTE_V66_INDIVIDUAL_AQ_RETRIEVAL_AND_NETWORK_EXPANSION(3).zip::BASE_V65.zip::BASE_V64.zip::v64/BASE_V63.zip::BASE_V62.zip::BASE_V61.zip::BASE_V60.zip::BASE_V59.zip::BASE_V58.zip::BASE_V57.zip::BASE_V56.zip,zip,auditoriav56md,10
FRONTERA_CICLO_AJUSTE_V66_INDIVIDUAL_AQ_RETRIEVAL_AND_NETWORK_EXPANSION(3).zip,PROMPT_CODEX_V57_API_VALUE_EXTRACTION_AND_RECONCILIATION.md,PROMPT_CODEX_V57_API_VALUE_EXTRACTION_AND_RECONCILIATION.md,1639,1234052454,FRONTERA_CICLO_AJUSTE_V66_INDIVIDUAL_AQ_RETRIEVAL_AND_NETWORK_EXPANSION(3).zip::BASE_V65.zip::BASE_V64.zip::v64/BASE_V63.zip::BASE_V62.zip::BASE_V61.zip::BASE_V60.zip::BASE_V59.zip::BASE_V58.zip::BASE_V57.zip::BASE_V56.zip,zip,promptcodexv57apivalueextractionandreconciliationmd,10
FRONTERA_CICLO_AJUSTE_V66_INDIVIDUAL_AQ_RETRIEVAL_AND_NETWORK_EXPANSION(3).zip,README_V56.md,README_V56.md,741,2692164018,FRONTERA_CICLO_AJUSTE_V66_INDIVIDUAL_AQ_RETRIEVAL_AND_NETWORK_EXPANSION(3).zip::BASE_V65.zip::BASE_V64.zip::v64/BASE_V63.zip::BASE_V62.zip::BASE_V61.zip::BASE_V60.zip::BASE_V59.zip::BASE_V58.zip::BASE_V57.zip::BASE_V56.zip,zip,readmev56md,10
FRONTERA_CICLO_AJUSTE_V66_INDIVIDUAL_AQ_RETRIEVAL_AND_NETWORK_EXPANSION(3).zip,SERIES_VALUE_BYTES_MANIFEST_V56.csv,SERIES_VALUE_BYTES_MANIFEST_V56.csv,1721,1992671686,FRONTERA_CICLO_AJUSTE_V66_INDIVIDUAL_AQ_RETRIEVAL_AND_NETWORK_EXPANSION(3).zip::BASE_V65.zip::BASE_V64.zip::v64/BASE_V63.zip::BASE_V62.zip::BASE_V61.zip::BASE_V60.zip::BASE_V59.zip::BASE_V58.zip::BASE_V57.zip::BASE_V56.zip,zip,seriesvaluebytesmanifestv56csv,10
FRONTERA_CICLO_AJUSTE_V66_INDIVIDUAL_AQ_RETRIEVAL_AND_NETWORK_EXPANSION(3).zip,QA_RESULT_V56.txt,QA_RESULT_V56.txt,5,3256905966,FRONTERA_CICLO_AJUSTE_V66_INDIVIDUAL_AQ_RETRIEVAL_AND_NETWORK_EXPANSION(3).zip::BASE_V65.zip::BASE_V64.zip::v64/BASE_V63.zip::BASE_V62.zip::BASE_V61.zip::BASE_V60.zip::BASE_V59.zip::BASE_V58.zip::BASE_V57.zip::BASE_V56.zip,zip,qaresultv56txt,10
FRONTERA_CICLO_AJUSTE_V66_INDIVIDUAL_AQ_RETRIEVAL_AND_NETWORK_EXPANSION(3).zip,BASE_V55.zip,BASE_V55.zip,308547,3407641759,FRONTERA_CICLO_AJUSTE_V66_INDIVIDUAL_AQ_RETRIEVAL_AND_NETWORK_EXPANSION(3).zip::BASE_V65.zip::BASE_V64.zip::v64/BASE_V63.zip::BASE_V62.zip::BASE_V61.zip::BASE_V60.zip::BASE_V59.zip::BASE_V58.zip::BASE_V57.zip::BASE_V56.zip,zip,basev55zip,10
FRONTERA_CICLO_AJUSTE_V66_INDIVIDUAL_AQ_RETRIEVAL_AND_NETWORK_EXPANSION(3).zip,ACCOUNTING_MODE_AXIS_V55.csv,ACCOUNTING_MODE_AXIS_V55.csv,699,3452533906,FRONTERA_CICLO_AJUSTE_V66_INDIVIDUAL_AQ_RETRIEVAL_AND_NETWORK_EXPANSION(3).zip::BASE_V65.zip::BASE_V64.zip::v64/BASE_V63.zip::BASE_V62.zip::BASE_V61.zip::BASE_V60.zip::BASE_V59.zip::BASE_V58.zip::BASE_V57.zip::BASE_V56.zip::BASE_V55.zip,zip,accountingmodeaxisv55csv,11
FRONTERA_CICLO_AJUSTE_V66_INDIVIDUAL_AQ_RETRIEVAL_AND_NETWORK_EXPANSION(3).zip,AUDITORIA_RECONCILIACION_V55.md,AUDITORIA_RECONCILIACION_V55.md,2954,954690639,FRONTERA_CICLO_AJUSTE_V66_INDIVIDUAL_AQ_RETRIEVAL_AND_NETWORK_EXPANSION(3).zip::BASE_V65.zip::BASE_V64.zip::v64/BASE_V63.zip::BASE_V62.zip::BASE_V61.zip::BASE_V60.zip::BASE_V59.zip::BASE_V58.zip::BASE_V57.zip::BASE_V56.zip::BASE_V55.zip,zip,auditoriareconciliacionv55md,11
FRONTERA_CICLO_AJUSTE_V66_INDIVIDUAL_AQ_RETRIEVAL_AND_NETWORK_EXPANSION(3).zip,BASE_V54.zip,BASE_V54.zip,89528,4191159782,FRONTERA_CICLO_AJUSTE_V66_INDIVIDUAL_AQ_RETRIEVAL_AND_NETWORK_EXPANSION(3).zip::BASE_V65.zip::BASE_V64.zip::v64/BASE_V63.zip::BASE_V62.zip::BASE_V61.zip::BASE_V60.zip::BASE_V59.zip::BASE_V58.zip::BASE_V57.zip::BASE_V56.zip::BASE_V55.zip,zip,basev54zip,11
FRONTERA_CICLO_AJUSTE_V66_INDIVIDUAL_AQ_RETRIEVAL_AND_NETWORK_EXPANSION(3).zip,AUDITORIA_MICRODATA_BRIDGE_V54.md,AUDITORIA_MICRODATA_BRIDGE_V54.md,5719,1640919157,FRONTERA_CICLO_AJUSTE_V66_INDIVIDUAL_AQ_RETRIEVAL_AND_NETWORK_EXPANSION(3).zip::BASE_V65.zip::BASE_V64.zip::v64/BASE_V63.zip::BASE_V62.zip::BASE_V61.zip::BASE_V60.zip::BASE_V59.zip::BASE_V58.zip::BASE_V57.zip::BASE_V56.zip::BASE_V55.zip::BASE_V54.zip,zip,auditoriamicrodatabridgev54md,12
FRONTERA_CICLO_AJUSTE_V66_INDIVIDUAL_AQ_RETRIEVAL_AND_NETWORK_EXPANSION(3).zip,BASE_V53.zip,BASE_V53.zip,60708,2634438224,FRONTERA_CICLO_AJUSTE_V66_INDIVIDUAL_AQ_RETRIEVAL_AND_NETWORK_EXPANSION(3).zip::BASE_V65.zip::BASE_V64.zip::v64/BASE_V63.zip::BASE_V62.zip::BASE_V61.zip::BASE_V60.zip::BASE_V59.zip::BASE_V58.zip::BASE_V57.zip::BASE_V56.zip::BASE_V55.zip::BASE_V54.zip,zip,basev53zip,12
FRONTERA_CICLO_AJUSTE_V66_INDIVIDUAL_AQ_RETRIEVAL_AND_NETWORK_EXPANSION(3).zip,AUDITORIA_CUANTIFICACION_CONTRAPARTES_V53.md,AUDITORIA_CUANTIFICACION_CONTRAPARTES_V53.md,8576,3068984065,FRONTERA_CICLO_AJUSTE_V66_INDIVIDUAL_AQ_RETRIEVAL_AND_NETWORK_EXPANSION(3).zip::BASE_V65.zip::BASE_V64.zip::v64/BASE_V63.zip::BASE_V62.zip::BASE_V61.zip::BASE_V60.zip::BASE_V59.zip::BASE_V58.zip::BASE_V57.zip::BASE_V56.zip::BASE_V55.zip::BASE_V54.zip::BASE_V53.zip,zip,auditoriacuantificacioncontrapartesv53md,13
FRONTERA_CICLO_AJUSTE_V66_INDIVIDUAL_AQ_RETRIEVAL_AND_NETWORK_EXPANSION(3).zip,BASE_V52.zip,BASE_V52.zip,30016,2693101034,FRONTERA_CICLO_AJUSTE_V66_INDIVIDUAL_AQ_RETRIEVAL_AND_NETWORK_EXPANSION(3).zip::BASE_V65.zip::BASE_V64.zip::v64/BASE_V63.zip::BASE_V62.zip::BASE_V61.zip::BASE_V60.zip::BASE_V59.zip::BASE_V58.zip::BASE_V57.zip::BASE_V56.zip::BASE_V55.zip::BASE_V54.zip::BASE_V53.zip,zip,basev52zip,13
FRONTERA_CICLO_AJUSTE_V66_INDIVIDUAL_AQ_RETRIEVAL_AND_NETWORK_EXPANSION(3).zip,AUDITORIA_CONTRAPARTES_V52.md,AUDITORIA_CONTRAPARTES_V52.md,10790,1141669530,FRONTERA_CICLO_AJUSTE_V66_INDIVIDUAL_AQ_RETRIEVAL_AND_NETWORK_EXPANSION(3).zip::BASE_V65.zip::BASE_V64.zip::v64/BASE_V63.zip::BASE_V62.zip::BASE_V61.zip::BASE_V60.zip::BASE_V59.zip::BASE_V58.zip::BASE_V57.zip::BASE_V56.zip::BASE_V55.zip::BASE_V54.zip::BASE_V53.zip::BASE_V52.zip,zip,auditoriacontrapartesv52md,14
FRONTERA_CICLO_AJUSTE_V66_INDIVIDUAL_AQ_RETRIEVAL_AND_NETWORK_EXPANSION(3).zip,COMPONENT_COUNTERPARTY_MAP_V52.csv,COMPONENT_COUNTERPARTY_MAP_V52.csv,10923,221048505,FRONTERA_CICLO_AJUSTE_V66_INDIVIDUAL_AQ_RETRIEVAL_AND_NETWORK_EXPANSION(3).zip::BASE_V65.zip::BASE_V64.zip::v64/BASE_V63.zip::BASE_V62.zip::BASE_V61.zip::BASE_V60.zip::BASE_V59.zip::BASE_V58.zip::BASE_V57.zip::BASE_V56.zip::BASE_V55.zip::BASE_V54.zip::BASE_V53.zip::BASE_V52.zip,zip,componentcounterpartymapv52csv,14
FRONTERA_CICLO_AJUSTE_V66_INDIVIDUAL_AQ_RETRIEVAL_AND_NETWORK_EXPANSION(3).zip,EVIDENCE_LEDGER_CICLO_AJUSTE_V52.csv,EVIDENCE_LEDGER_CICLO_AJUSTE_V52.csv,29452,2822240886,FRONTERA_CICLO_AJUSTE_V66_INDIVIDUAL_AQ_RETRIEVAL_AND_NETWORK_EXPANSION(3).zip::BASE_V65.zip::BASE_V64.zip::v64/BASE_V63.zip::BASE_V62.zip::BASE_V61.zip::BASE_V60.zip::BASE_V59.zip::BASE_V58.zip::BASE_V57.zip::BASE_V56.zip::BASE_V55.zip::BASE_V54.zip::BASE_V53.zip::BASE_V52.zip,zip,evidenceledgercicloajustev52csv,14
FRONTERA_CICLO_AJUSTE_V66_INDIVIDUAL_AQ_RETRIEVAL_AND_NETWORK_EXPANSION(3).zip,FALSIFICADORES_INCIDENCE_V52.csv,FALSIFICADORES_INCIDENCE_V52.csv,1704,733707846,FRONTERA_CICLO_AJUSTE_V66_INDIVIDUAL_AQ_RETRIEVAL_AND_NETWORK_EXPANSION(3).zip::BASE_V65.zip::BASE_V64.zip::v64/BASE_V63.zip::BASE_V62.zip::BASE_V61.zip::BASE_V60.zip::BASE_V59.zip::BASE_V58.zip::BASE_V57.zip::BASE_V56.zip::BASE_V55.zip::BASE_V54.zip::BASE_V53.zip::BASE_V52.zip,zip,falsificadoresincidencev52csv,14
FRONTERA_CICLO_AJUSTE_V66_INDIVIDUAL_AQ_RETRIEVAL_AND_NETWORK_EXPANSION(3).zip,HOUSEHOLD_LINK_CLASSIFICATION_V52.csv,HOUSEHOLD_LINK_CLASSIFICATION_V52.csv,2318,2469493028,FRONTERA_CICLO_AJUSTE_V66_INDIVIDUAL_AQ_RETRIEVAL_AND_NETWORK_EXPANSION(3).zip::BASE_V65.zip::BASE_V64.zip::v64/BASE_V63.zip::BASE_V62.zip::BASE_V61.zip::BASE_V60.zip::BASE_V59.zip::BASE_V58.zip::BASE_V57.zip::BASE_V56.zip::BASE_V55.zip::BASE_V54.zip::BASE_V53.zip::BASE_V52.zip,zip,householdlinkclassificationv52csv,14
FRONTERA_CICLO_AJUSTE_V66_INDIVIDUAL_AQ_RETRIEVAL_AND_NETWORK_EXPANSION(3).zip,INCIDENCE_CHAIN_V52.csv,INCIDENCE_CHAIN_V52.csv,4179,1507603432,FRONTERA_CICLO_AJUSTE_V66_INDIVIDUAL_AQ_RETRIEVAL_AND_NETWORK_EXPANSION(3).zip::BASE_V65.zip::BASE_V64.zip::v64/BASE_V63.zip::BASE_V62.zip::BASE_V61.zip::BASE_V60.zip::BASE_V59.zip::BASE_V58.zip::BASE_V57.zip::BASE_V56.zip::BASE_V55.zip::BASE_V54.zip::BASE_V53.zip::BASE_V52.zip,zip,incidencechainv52csv,14
FRONTERA_CICLO_AJUSTE_V66_INDIVIDUAL_AQ_RETRIEVAL_AND_NETWORK_EXPANSION(3).zip,MANIFEST_V52.json,MANIFEST_V52.json,3066,2435890137,FRONTERA_CICLO_AJUSTE_V66_INDIVIDUAL_AQ_RETRIEVAL_AND_NETWORK_EXPANSION(3).zip::BASE_V65.zip::BASE_V64.zip::v64/BASE_V63.zip::BASE_V62.zip::BASE_V61.zip::BASE_V60.zip::BASE_V59.zip::BASE_V58.zip::BASE_V57.zip::BASE_V56.zip::BASE_V55.zip::BASE_V54.zip::BASE_V53.zip::BASE_V52.zip,zip,manifestv52json,14
FRONTERA_CICLO_AJUSTE_V66_INDIVIDUAL_AQ_RETRIEVAL_AND_NETWORK_EXPANSION(3).zip,PROMPT_CODEX_V53_COUNTERPARTY_QUANTIFICATION.md,PROMPT_CODEX_V53_COUNTERPARTY_QUANTIFICATION.md,2245,3992379914,FRONTERA_CICLO_AJUSTE_V66_INDIVIDUAL_AQ_RETRIEVAL_AND_NETWORK_EXPANSION(3).zip::BASE_V65.zip::BASE_V64.zip::v64/BASE_V63.zip::BASE_V62.zip::BASE_V61.zip::BASE_V60.zip::BASE_V59.zip::BASE_V58.zip::BASE_V57.zip::BASE_V56.zip::BASE_V55.zip::BASE_V54.zip::BASE_V53.zip::BASE_V52.zip,zip,promptcodexv53counterpartyquantificationmd,14
FRONTERA_CICLO_AJUSTE_V66_INDIVIDUAL_AQ_RETRIEVAL_AND_NETWORK_EXPANSION(3).zip,README_V52.md,README_V52.md,1435,967710712,FRONTERA_CICLO_AJUSTE_V66_INDIVIDUAL_AQ_RETRIEVAL_AND_NETWORK_EXPANSION(3).zip::BASE_V65.zip::BASE_V64.zip::v64/BASE_V63.zip::BASE_V62.zip::BASE_V61.zip::BASE_V60.zip::BASE_V59.zip::BASE_V58.zip::BASE_V57.zip::BASE_V56.zip::BASE_V55.zip::BASE_V54.zip::BASE_V53.zip::BASE_V52.zip,zip,readmev52md,14
FRONTERA_CICLO_AJUSTE_V66_INDIVIDUAL_AQ_RETRIEVAL_AND_NETWORK_EXPANSION(3).zip,VEREDICTO_CONTRAPARTES_V52.md,VEREDICTO_CONTRAPARTES_V52.md,2555,1531089469,FRONTERA_CICLO_AJUSTE_V66_INDIVIDUAL_AQ_RETRIEVAL_AND_NETWORK_EXPANSION(3).zip::BASE_V65.zip::BASE_V64.zip::v64/BASE_V63.zip::BASE_V62.zip::BASE_V61.zip::BASE_V60.zip::BASE_V59.zip::BASE_V58.zip::BASE_V57.zip::BASE_V56.zip::BASE_V55.zip::BASE_V54.zip::BASE_V53.zip::BASE_V52.zip,zip,veredictocontrapartesv52md,14
FRONTERA_CICLO_AJUSTE_V66_INDIVIDUAL_AQ_RETRIEVAL_AND_NETWORK_EXPANSION(3).zip,qa_v52.py,qa_v52.py,1481,3727353323,FRONTERA_CICLO_AJUSTE_V66_INDIVIDUAL_AQ_RETRIEVAL_AND_NETWORK_EXPANSION(3).zip::BASE_V65.zip::BASE_V64.zip::v64/BASE_V63.zip::BASE_V62.zip::BASE_V61.zip::BASE_V60.zip::BASE_V59.zip::BASE_V58.zip::BASE_V57.zip::BASE_V56.zip::BASE_V55.zip::BASE_V54.zip::BASE_V53.zip::BASE_V52.zip,zip,qav52py,14
FRONTERA_CICLO_AJUSTE_V66_INDIVIDUAL_AQ_RETRIEVAL_AND_NETWORK_EXPANSION(3).zip,CER_ASSET_LIABILITY_SECTOR_MAP_V53.csv,CER_ASSET_LIABILITY_SECTOR_MAP_V53.csv,1928,2424930496,FRONTERA_CICLO_AJUSTE_V66_INDIVIDUAL_AQ_RETRIEVAL_AND_NETWORK_EXPANSION(3).zip::BASE_V65.zip::BASE_V64.zip::v64/BASE_V63.zip::BASE_V62.zip::BASE_V61.zip::BASE_V60.zip::BASE_V59.zip::BASE_V58.zip::BASE_V57.zip::BASE_V56.zip::BASE_V55.zip::BASE_V54.zip::BASE_V53.zip,zip,cerassetliabilitysectormapv53csv,13
FRONTERA_CICLO_AJUSTE_V66_INDIVIDUAL_AQ_RETRIEVAL_AND_NETWORK_EXPANSION(3).zip,EVIDENCE_LEDGER_CICLO_AJUSTE_V53.csv,EVIDENCE_LEDGER_CICLO_AJUSTE_V53.csv,32838,1291886418,FRONTERA_CICLO_AJUSTE_V66_INDIVIDUAL_AQ_RETRIEVAL_AND_NETWORK_EXPANSION(3).zip::BASE_V65.zip::BASE_V64.zip::v64/BASE_V63.zip::BASE_V62.zip::BASE_V61.zip::BASE_V60.zip::BASE_V59.zip::BASE_V58.zip::BASE_V57.zip::BASE_V56.zip::BASE_V55.zip::BASE_V54.zip::BASE_V53.zip,zip,evidenceledgercicloajustev53csv,13
FRONTERA_CICLO_AJUSTE_V66_INDIVIDUAL_AQ_RETRIEVAL_AND_NETWORK_EXPANSION(3).zip,FUENTES_V53.md,FUENTES_V53.md,1790,3905457752,FRONTERA_CICLO_AJUSTE_V66_INDIVIDUAL_AQ_RETRIEVAL_AND_NETWORK_EXPANSION(3).zip::BASE_V65.zip::BASE_V64.zip::v64/BASE_V63.zip::BASE_V62.zip::BASE_V61.zip::BASE_V60.zip::BASE_V59.zip::BASE_V58.zip::BASE_V57.zip::BASE_V56.zip::BASE_V55.zip::BASE_V54.zip::BASE_V53.zip,zip,fuentesv53md,13
FRONTERA_CICLO_AJUSTE_V66_INDIVIDUAL_AQ_RETRIEVAL_AND_NETWORK_EXPANSION(3).zip,FX_GROSS_COUNTERPARTY_MAP_V53.csv,FX_GROSS_COUNTERPARTY_MAP_V53.csv,2845,3945359840,FRONTERA_CICLO_AJUSTE_V66_INDIVIDUAL_AQ_RETRIEVAL_AND_NETWORK_EXPANSION(3).zip::BASE_V65.zip::BASE_V64.zip::v64/BASE_V63.zip::BASE_V62.zip::BASE_V61.zip::BASE_V60.zip::BASE_V59.zip::BASE_V58.zip::BASE_V57.zip::BASE_V56.zip::BASE_V55.zip::BASE_V54.zip::BASE_V53.zip,zip,fxgrosscounterpartymapv53csv,13
FRONTERA_CICLO_AJUSTE_V66_INDIVIDUAL_AQ_RETRIEVAL_AND_NETWORK_EXPANSION(3).zip,HOUSEHOLD_DIRECT_FLOW_BOUND_V53.csv,HOUSEHOLD_DIRECT_FLOW_BOUND_V53.csv,2566,3922136717,FRONTERA_CICLO_AJUSTE_V66_INDIVIDUAL_AQ_RETRIEVAL_AND_NETWORK_EXPANSION(3).zip::BASE_V65.zip::BASE_V64.zip::v64/BASE_V63.zip::BASE_V62.zip::BASE_V61.zip::BASE_V60.zip::BASE_V59.zip::BASE_V58.zip::BASE_V57.zip::BASE_V56.zip::BASE_V55.zip::BASE_V54.zip::BASE_V53.zip,zip,householddirectflowboundv53csv,13
FRONTERA_CICLO_AJUSTE_V66_INDIVIDUAL_AQ_RETRIEVAL_AND_NETWORK_EXPANSION(3).zip,INTEREST_INCOME_SECTOR_SPLIT_V53.csv,INTEREST_INCOME_SECTOR_SPLIT_V53.csv,1914,3323966839,FRONTERA_CICLO_AJUSTE_V66_INDIVIDUAL_AQ_RETRIEVAL_AND_NETWORK_EXPANSION(3).zip::BASE_V65.zip::BASE_V64.zip::v64/BASE_V63.zip::BASE_V62.zip::BASE_V61.zip::BASE_V60.zip::BASE_V59.zip::BASE_V58.zip::BASE_V57.zip::BASE_V56.zip::BASE_V55.zip::BASE_V54.zip::BASE_V53.zip,zip,interestincomesectorsplitv53csv,13
FRONTERA_CICLO_AJUSTE_V66_INDIVIDUAL_AQ_RETRIEVAL_AND_NETWORK_EXPANSION(3).zip,MANIFEST_V53.json,MANIFEST_V53.json,3151,3397775879,FRONTERA_CICLO_AJUSTE_V66_INDIVIDUAL_AQ_RETRIEVAL_AND_NETWORK_EXPANSION(3).zip::BASE_V65.zip::BASE_V64.zip::v64/BASE_V63.zip::BASE_V62.zip::BASE_V61.zip::BASE_V60.zip::BASE_V59.zip::BASE_V58.zip::BASE_V57.zip::BASE_V56.zip::BASE_V55.zip::BASE_V54.zip::BASE_V53.zip,zip,manifestv53json,13
FRONTERA_CICLO_AJUSTE_V66_INDIVIDUAL_AQ_RETRIEVAL_AND_NETWORK_EXPANSION(3).zip,PROMPT_CODEX_V54_RAW_BCRA_MICRODATA.md,PROMPT_CODEX_V54_RAW_BCRA_MICRODATA.md,3199,1476505167,FRONTERA_CICLO_AJUSTE_V66_INDIVIDUAL_AQ_RETRIEVAL_AND_NETWORK_EXPANSION(3).zip::BASE_V65.zip::BASE_V64.zip::v64/BASE_V63.zip::BASE_V62.zip::BASE_V61.zip::BASE_V60.zip::BASE_V59.zip::BASE_V58.zip::BASE_V57.zip::BASE_V56.zip::BASE_V55.zip::BASE_V54.zip::BASE_V53.zip,zip,promptcodexv54rawbcramicrodatamd,13
FRONTERA_CICLO_AJUSTE_V66_INDIVIDUAL_AQ_RETRIEVAL_AND_NETWORK_EXPANSION(3).zip,README_V53.md,README_V53.md,1622,2934203907,FRONTERA_CICLO_AJUSTE_V66_INDIVIDUAL_AQ_RETRIEVAL_AND_NETWORK_EXPANSION(3).zip::BASE_V65.zip::BASE_V64.zip::v64/BASE_V63.zip::BASE_V62.zip::BASE_V61.zip::BASE_V60.zip::BASE_V59.zip::BASE_V58.zip::BASE_V57.zip::BASE_V56.zip::BASE_V55.zip::BASE_V54.zip::BASE_V53.zip,zip,readmev53md,13
FRONTERA_CICLO_AJUSTE_V66_INDIVIDUAL_AQ_RETRIEVAL_AND_NETWORK_EXPANSION(3).zip,SECURITIES_ISSUER_VALUATION_SPLIT_V53.csv,SECURITIES_ISSUER_VALUATION_SPLIT_V53.csv,3994,1151985647,FRONTERA_CICLO_AJUSTE_V66_INDIVIDUAL_AQ_RETRIEVAL_AND_NETWORK_EXPANSION(3).zip::BASE_V65.zip::BASE_V64.zip::v64/BASE_V63.zip::BASE_V62.zip::BASE_V61.zip::BASE_V60.zip::BASE_V59.zip::BASE_V58.zip::BASE_V57.zip::BASE_V56.zip::BASE_V55.zip::BASE_V54.zip::BASE_V53.zip,zip,securitiesissuervaluationsplitv53csv,13
FRONTERA_CICLO_AJUSTE_V66_INDIVIDUAL_AQ_RETRIEVAL_AND_NETWORK_EXPANSION(3).zip,VEREDICTO_CUANTIFICACION_CONTRAPARTES_V53.md,VEREDICTO_CUANTIFICACION_CONTRAPARTES_V53.md,2689,3561875554,FRONTERA_CICLO_AJUSTE_V66_INDIVIDUAL_AQ_RETRIEVAL_AND_NETWORK_EXPANSION(3).zip::BASE_V65.zip::BASE_V64.zip::v64/BASE_V63.zip::BASE_V62.zip::BASE_V61.zip::BASE_V60.zip::BASE_V59.zip::BASE_V58.zip::BASE_V57.zip::BASE_V56.zip::BASE_V55.zip::BASE_V54.zip::BASE_V53.zip,zip,veredictocuantificacioncontrapartesv53md,13
FRONTERA_CICLO_AJUSTE_V66_INDIVIDUAL_AQ_RETRIEVAL_AND_NETWORK_EXPANSION(3).zip,qa_v53.py,qa_v53.py,2329,4075672873,FRONTERA_CICLO_AJUSTE_V66_INDIVIDUAL_AQ_RETRIEVAL_AND_NETWORK_EXPANSION(3).zip::BASE_V65.zip::BASE_V64.zip::v64/BASE_V63.zip::BASE_V62.zip::BASE_V61.zip::BASE_V60.zip::BASE_V59.zip::BASE_V58.zip::BASE_V57.zip::BASE_V56.zip::BASE_V55.zip::BASE_V54.zip::BASE_V53.zip,zip,qav53py,13
FRONTERA_CICLO_AJUSTE_V66_INDIVIDUAL_AQ_RETRIEVAL_AND_NETWORK_EXPANSION(3).zip,CER_GROSS_BRIDGE_V54.csv,CER_GROSS_BRIDGE_V54.csv,1298,1763478116,FRONTERA_CICLO_AJUSTE_V66_INDIVIDUAL_AQ_RETRIEVAL_AND_NETWORK_EXPANSION(3).zip::BASE_V65.zip::BASE_V64.zip::v64/BASE_V63.zip::BASE_V62.zip::BASE_V61.zip::BASE_V60.zip::BASE_V59.zip::BASE_V58.zip::BASE_V57.zip::BASE_V56.zip::BASE_V55.zip::BASE_V54.zip,zip,cergrossbridgev54csv,12
FRONTERA_CICLO_AJUSTE_V66_INDIVIDUAL_AQ_RETRIEVAL_AND_NETWORK_EXPANSION(3).zip,EVIDENCE_LEDGER_CICLO_AJUSTE_V54.csv,EVIDENCE_LEDGER_CICLO_AJUSTE_V54.csv,35891,2651049975,FRONTERA_CICLO_AJUSTE_V66_INDIVIDUAL_AQ_RETRIEVAL_AND_NETWORK_EXPANSION(3).zip::BASE_V65.zip::BASE_V64.zip::v64/BASE_V63.zip::BASE_V62.zip::BASE_V61.zip::BASE_V60.zip::BASE_V59.zip::BASE_V58.zip::BASE_V57.zip::BASE_V56.zip::BASE_V55.zip::BASE_V54.zip,zip,evidenceledgercicloajustev54csv,12
FRONTERA_CICLO_AJUSTE_V66_INDIVIDUAL_AQ_RETRIEVAL_AND_NETWORK_EXPANSION(3).zip,FUENTES_V54.md,FUENTES_V54.md,1899,881832952,FRONTERA_CICLO_AJUSTE_V66_INDIVIDUAL_AQ_RETRIEVAL_AND_NETWORK_EXPANSION(3).zip::BASE_V65.zip::BASE_V64.zip::v64/BASE_V63.zip::BASE_V62.zip::BASE_V61.zip::BASE_V60.zip::BASE_V59.zip::BASE_V58.zip::BASE_V57.zip::BASE_V56.zip::BASE_V55.zip::BASE_V54.zip,zip,fuentesv54md,12
FRONTERA_CICLO_AJUSTE_V66_INDIVIDUAL_AQ_RETRIEVAL_AND_NETWORK_EXPANSION(3).zip,FX_GROSS_RESULT_BRIDGE_V54.csv,FX_GROSS_RESULT_BRIDGE_V54.csv,1199,3402975375,FRONTERA_CICLO_AJUSTE_V66_INDIVIDUAL_AQ_RETRIEVAL_AND_NETWORK_EXPANSION(3).zip::BASE_V65.zip::BASE_V64.zip::v64/BASE_V63.zip::BASE_V62.zip::BASE_V61.zip::BASE_V60.zip::BASE_V59.zip::BASE_V58.zip::BASE_V57.zip::BASE_V56.zip::BASE_V55.zip::BASE_V54.zip,zip,fxgrossresultbridgev54csv,12
FRONTERA_CICLO_AJUSTE_V66_INDIVIDUAL_AQ_RETRIEVAL_AND_NETWORK_EXPANSION(3).zip,INTEREST_INCOME_ACCOUNTING_BRIDGE_V54.csv,INTEREST_INCOME_ACCOUNTING_BRIDGE_V54.csv,1406,1355639883,FRONTERA_CICLO_AJUSTE_V66_INDIVIDUAL_AQ_RETRIEVAL_AND_NETWORK_EXPANSION(3).zip::BASE_V65.zip::BASE_V64.zip::v64/BASE_V63.zip::BASE_V62.zip::BASE_V61.zip::BASE_V60.zip::BASE_V59.zip::BASE_V58.zip::BASE_V57.zip::BASE_V56.zip::BASE_V55.zip::BASE_V54.zip,zip,interestincomeaccountingbridgev54csv,12
FRONTERA_CICLO_AJUSTE_V66_INDIVIDUAL_AQ_RETRIEVAL_AND_NETWORK_EXPANSION(3).zip,MANIFEST_V54.json,MANIFEST_V54.json,3560,650712362,FRONTERA_CICLO_AJUSTE_V66_INDIVIDUAL_AQ_RETRIEVAL_AND_NETWORK_EXPANSION(3).zip::BASE_V65.zip::BASE_V64.zip::v64/BASE_V63.zip::BASE_V62.zip::BASE_V61.zip::BASE_V60.zip::BASE_V59.zip::BASE_V58.zip::BASE_V57.zip::BASE_V56.zip::BASE_V55.zip::BASE_V54.zip,zip,manifestv54json,12
FRONTERA_CICLO_AJUSTE_V66_INDIVIDUAL_AQ_RETRIEVAL_AND_NETWORK_EXPANSION(3).zip,PROMPT_CODEX_V55_BYTE_MATERIALIZATION_AND_SUBACCOUNT_RECONCILIATION.md,PROMPT_CODEX_V55_BYTE_MATERIALIZATION_AND_SUBACCOUNT_RECONCILIATION.md,3086,444971051,FRONTERA_CICLO_AJUSTE_V66_INDIVIDUAL_AQ_RETRIEVAL_AND_NETWORK_EXPANSION(3).zip::BASE_V65.zip::BASE_V64.zip::v64/BASE_V63.zip::BASE_V62.zip::BASE_V61.zip::BASE_V60.zip::BASE_V59.zip::BASE_V58.zip::BASE_V57.zip::BASE_V56.zip::BASE_V55.zip::BASE_V54.zip,zip,promptcodexv55bytematerializationandsubaccountreconciliationmd,12
FRONTERA_CICLO_AJUSTE_V66_INDIVIDUAL_AQ_RETRIEVAL_AND_NETWORK_EXPANSION(3).zip,Q4_2023_JOINT_COUNTERPARTY_PARTITION_V54.csv,Q4_2023_JOINT_COUNTERPARTY_PARTITION_V54.csv,1218,3873685717,FRONTERA_CICLO_AJUSTE_V66_INDIVIDUAL_AQ_RETRIEVAL_AND_NETWORK_EXPANSION(3).zip::BASE_V65.zip::BASE_V64.zip::v64/BASE_V63.zip::BASE_V62.zip::BASE_V61.zip::BASE_V60.zip::BASE_V59.zip::BASE_V58.zip::BASE_V57.zip::BASE_V56.zip::BASE_V55.zip::BASE_V54.zip,zip,q42023jointcounterpartypartitionv54csv,12
FRONTERA_CICLO_AJUSTE_V66_INDIVIDUAL_AQ_RETRIEVAL_AND_NETWORK_EXPANSION(3).zip,QA_RESULT_V54.txt,QA_RESULT_V54.txt,5,3256905966,FRONTERA_CICLO_AJUSTE_V66_INDIVIDUAL_AQ_RETRIEVAL_AND_NETWORK_EXPANSION(3).zip::BASE_V65.zip::BASE_V64.zip::v64/BASE_V63.zip::BASE_V62.zip::BASE_V61.zip::BASE_V60.zip::BASE_V59.zip::BASE_V58.zip::BASE_V57.zip::BASE_V56.zip::BASE_V55.zip::BASE_V54.zip,zip,qaresultv54txt,12
FRONTERA_CICLO_AJUSTE_V66_INDIVIDUAL_AQ_RETRIEVAL_AND_NETWORK_EXPANSION(3).zip,RAW_SOURCE_MANIFEST_V54.csv,RAW_SOURCE_MANIFEST_V54.csv,4086,3355249895,FRONTERA_CICLO_AJUSTE_V66_INDIVIDUAL_AQ_RETRIEVAL_AND_NETWORK_EXPANSION(3).zip::BASE_V65.zip::BASE_V64.zip::v64/BASE_V63.zip::BASE_V62.zip::BASE_V61.zip::BASE_V60.zip::BASE_V59.zip::BASE_V58.zip::BASE_V57.zip::BASE_V56.zip::BASE_V55.zip::BASE_V54.zip,zip,rawsourcemanifestv54csv,12
FRONTERA_CICLO_AJUSTE_V66_INDIVIDUAL_AQ_RETRIEVAL_AND_NETWORK_EXPANSION(3).zip,README_V54.md,README_V54.md,1151,557525011,FRONTERA_CICLO_AJUSTE_V66_INDIVIDUAL_AQ_RETRIEVAL_AND_NETWORK_EXPANSION(3).zip::BASE_V65.zip::BASE_V64.zip::v64/BASE_V63.zip::BASE_V62.zip::BASE_V61.zip::BASE_V60.zip::BASE_V59.zip::BASE_V58.zip::BASE_V57.zip::BASE_V56.zip::BASE_V55.zip::BASE_V54.zip,zip,readmev54md,12
FRONTERA_CICLO_AJUSTE_V66_INDIVIDUAL_AQ_RETRIEVAL_AND_NETWORK_EXPANSION(3).zip,SECURITIES_RESULT_BRIDGE_V54.csv,SECURITIES_RESULT_BRIDGE_V54.csv,1403,4022876793,FRONTERA_CICLO_AJUSTE_V66_INDIVIDUAL_AQ_RETRIEVAL_AND_NETWORK_EXPANSION(3).zip::BASE_V65.zip::BASE_V64.zip::v64/BASE_V63.zip::BASE_V62.zip::BASE_V61.zip::BASE_V60.zip::BASE_V59.zip::BASE_V58.zip::BASE_V57.zip::BASE_V56.zip::BASE_V55.zip::BASE_V54.zip,zip,securitiesresultbridgev54csv,12
FRONTERA_CICLO_AJUSTE_V66_INDIVIDUAL_AQ_RETRIEVAL_AND_NETWORK_EXPANSION(3).zip,VEREDICTO_MICRODATA_BRIDGE_V54.md,VEREDICTO_MICRODATA_BRIDGE_V54.md,2066,3936993609,FRONTERA_CICLO_AJUSTE_V66_INDIVIDUAL_AQ_RETRIEVAL_AND_NETWORK_EXPANSION(3).zip::BASE_V65.zip::BASE_V64.zip::v64/BASE_V63.zip::BASE_V62.zip::BASE_V61.zip::BASE_V60.zip::BASE_V59.zip::BASE_V58.zip::BASE_V57.zip::BASE_V56.zip::BASE_V55.zip::BASE_V54.zip,zip,veredictomicrodatabridgev54md,12
FRONTERA_CICLO_AJUSTE_V66_INDIVIDUAL_AQ_RETRIEVAL_AND_NETWORK_EXPANSION(3).zip,qa_v54.py,qa_v54.py,1477,1824512938,FRONTERA_CICLO_AJUSTE_V66_INDIVIDUAL_AQ_RETRIEVAL_AND_NETWORK_EXPANSION(3).zip::BASE_V65.zip::BASE_V64.zip::v64/BASE_V63.zip::BASE_V62.zip::BASE_V61.zip::BASE_V60.zip::BASE_V59.zip::BASE_V58.zip::BASE_V57.zip::BASE_V56.zip::BASE_V55.zip::BASE_V54.zip,zip,qav54py,12
FRONTERA_CICLO_AJUSTE_V66_INDIVIDUAL_AQ_RETRIEVAL_AND_NETWORK_EXPANSION(3).zip,CER_GROSS_RECONCILIATION_V55.csv,CER_GROSS_RECONCILIATION_V55.csv,769,424658597,FRONTERA_CICLO_AJUSTE_V66_INDIVIDUAL_AQ_RETRIEVAL_AND_NETWORK_EXPANSION(3).zip::BASE_V65.zip::BASE_V64.zip::v64/BASE_V63.zip::BASE_V62.zip::BASE_V61.zip::BASE_V60.zip::BASE_V59.zip::BASE_V58.zip::BASE_V57.zip::BASE_V56.zip::BASE_V55.zip,zip,cergrossreconciliationv55csv,11
FRONTERA_CICLO_AJUSTE_V66_INDIVIDUAL_AQ_RETRIEVAL_AND_NETWORK_EXPANSION(3).zip,COUNTERPARTY_AXIS_V55.csv,COUNTERPARTY_AXIS_V55.csv,783,1856850215,FRONTERA_CICLO_AJUSTE_V66_INDIVIDUAL_AQ_RETRIEVAL_AND_NETWORK_EXPANSION(3).zip::BASE_V65.zip::BASE_V64.zip::v64/BASE_V63.zip::BASE_V62.zip::BASE_V61.zip::BASE_V60.zip::BASE_V59.zip::BASE_V58.zip::BASE_V57.zip::BASE_V56.zip::BASE_V55.zip,zip,counterpartyaxisv55csv,11
FRONTERA_CICLO_AJUSTE_V66_INDIVIDUAL_AQ_RETRIEVAL_AND_NETWORK_EXPANSION(3).zip,EVIDENCE_LEDGER_CICLO_AJUSTE_V55.csv,EVIDENCE_LEDGER_CICLO_AJUSTE_V55.csv,37476,769167957,FRONTERA_CICLO_AJUSTE_V66_INDIVIDUAL_AQ_RETRIEVAL_AND_NETWORK_EXPANSION(3).zip::BASE_V65.zip::BASE_V64.zip::v64/BASE_V63.zip::BASE_V62.zip::BASE_V61.zip::BASE_V60.zip::BASE_V59.zip::BASE_V58.zip::BASE_V57.zip::BASE_V56.zip::BASE_V55.zip,zip,evidenceledgercicloajustev55csv,11
FRONTERA_CICLO_AJUSTE_V66_INDIVIDUAL_AQ_RETRIEVAL_AND_NETWORK_EXPANSION(3).zip,FUENTES_V55.md,FUENTES_V55.md,1595,2045476171,FRONTERA_CICLO_AJUSTE_V66_INDIVIDUAL_AQ_RETRIEVAL_AND_NETWORK_EXPANSION(3).zip::BASE_V65.zip::BASE_V64.zip::v64/BASE_V63.zip::BASE_V62.zip::BASE_V61.zip::BASE_V60.zip::BASE_V59.zip::BASE_V58.zip::BASE_V57.zip::BASE_V56.zip::BASE_V55.zip,zip,fuentesv55md,11
FRONTERA_CICLO_AJUSTE_V66_INDIVIDUAL_AQ_RETRIEVAL_AND_NETWORK_EXPANSION(3).zip,FX_MODE_RECONCILIATION_V55.csv,FX_MODE_RECONCILIATION_V55.csv,748,1599154258,FRONTERA_CICLO_AJUSTE_V66_INDIVIDUAL_AQ_RETRIEVAL_AND_NETWORK_EXPANSION(3).zip::BASE_V65.zip::BASE_V64.zip::v64/BASE_V63.zip::BASE_V62.zip::BASE_V61.zip::BASE_V60.zip::BASE_V59.zip::BASE_V58.zip::BASE_V57.zip::BASE_V56.zip::BASE_V55.zip,zip,fxmodereconciliationv55csv,11
FRONTERA_CICLO_AJUSTE_V66_INDIVIDUAL_AQ_RETRIEVAL_AND_NETWORK_EXPANSION(3).zip,INTEREST_SECTOR_RECONCILIATION_V55.csv,INTEREST_SECTOR_RECONCILIATION_V55.csv,1148,1522993080,FRONTERA_CICLO_AJUSTE_V66_INDIVIDUAL_AQ_RETRIEVAL_AND_NETWORK_EXPANSION(3).zip::BASE_V65.zip::BASE_V64.zip::v64/BASE_V63.zip::BASE_V62.zip::BASE_V61.zip::BASE_V60.zip::BASE_V59.zip::BASE_V58.zip::BASE_V57.zip::BASE_V56.zip::BASE_V55.zip,zip,interestsectorreconciliationv55csv,11
FRONTERA_CICLO_AJUSTE_V66_INDIVIDUAL_AQ_RETRIEVAL_AND_NETWORK_EXPANSION(3).zip,MANIFEST_V55.json,MANIFEST_V55.json,727,4094365357,FRONTERA_CICLO_AJUSTE_V66_INDIVIDUAL_AQ_RETRIEVAL_AND_NETWORK_EXPANSION(3).zip::BASE_V65.zip::BASE_V64.zip::v64/BASE_V63.zip::BASE_V62.zip::BASE_V61.zip::BASE_V60.zip::BASE_V59.zip::BASE_V58.zip::BASE_V57.zip::BASE_V56.zip::BASE_V55.zip,zip,manifestv55json,11
FRONTERA_CICLO_AJUSTE_V66_INDIVIDUAL_AQ_RETRIEVAL_AND_NETWORK_EXPANSION(3).zip,PROMPT_CODEX_V56_SERIES_VALUES_AND_NIIF_BRIDGE.md,PROMPT_CODEX_V56_SERIES_VALUES_AND_NIIF_BRIDGE.md,2013,3247092477,FRONTERA_CICLO_AJUSTE_V66_INDIVIDUAL_AQ_RETRIEVAL_AND_NETWORK_EXPANSION(3).zip::BASE_V65.zip::BASE_V64.zip::v64/BASE_V63.zip::BASE_V62.zip::BASE_V61.zip::BASE_V60.zip::BASE_V59.zip::BASE_V58.zip::BASE_V57.zip::BASE_V56.zip::BASE_V55.zip,zip,promptcodexv56seriesvaluesandniifbridgemd,11
FRONTERA_CICLO_AJUSTE_V66_INDIVIDUAL_AQ_RETRIEVAL_AND_NETWORK_EXPANSION(3).zip,QA_RESULT_V55.txt,QA_RESULT_V55.txt,9,2796055921,FRONTERA_CICLO_AJUSTE_V66_INDIVIDUAL_AQ_RETRIEVAL_AND_NETWORK_EXPANSION(3).zip::BASE_V65.zip::BASE_V64.zip::v64/BASE_V63.zip::BASE_V62.zip::BASE_V61.zip::BASE_V60.zip::BASE_V59.zip::BASE_V58.zip::BASE_V57.zip::BASE_V56.zip::BASE_V55.zip,zip,qaresultv55txt,11
FRONTERA_CICLO_AJUSTE_V66_INDIVIDUAL_AQ_RETRIEVAL_AND_NETWORK_EXPANSION(3).zip,RAW_BYTES_MANIFEST_V55.csv,RAW_BYTES_MANIFEST_V55.csv,4441,3653712268,FRONTERA_CICLO_AJUSTE_V66_INDIVIDUAL_AQ_RETRIEVAL_AND_NETWORK_EXPANSION(3).zip::BASE_V65.zip::BASE_V64.zip::v64/BASE_V63.zip::BASE_V62.zip::BASE_V61.zip::BASE_V60.zip::BASE_V59.zip::BASE_V58.zip::BASE_V57.zip::BASE_V56.zip::BASE_V55.zip,zip,rawbytesmanifestv55csv,11
FRONTERA_CICLO_AJUSTE_V66_INDIVIDUAL_AQ_RETRIEVAL_AND_NETWORK_EXPANSION(3).zip,README_V55.md,README_V55.md,716,2765300277,FRONTERA_CICLO_AJUSTE_V66_INDIVIDUAL_AQ_RETRIEVAL_AND_NETWORK_EXPANSION(3).zip::BASE_V65.zip::BASE_V64.zip::v64/BASE_V63.zip::BASE_V62.zip::BASE_V61.zip::BASE_V60.zip::BASE_V59.zip::BASE_V58.zip::BASE_V57.zip::BASE_V56.zip::BASE_V55.zip,zip,readmev55md,11
FRONTERA_CICLO_AJUSTE_V66_INDIVIDUAL_AQ_RETRIEVAL_AND_NETWORK_EXPANSION(3).zip,SECURITIES_RECONCILIATION_V55.csv,SECURITIES_RECONCILIATION_V55.csv,942,84094729,FRONTERA_CICLO_AJUSTE_V66_INDIVIDUAL_AQ_RETRIEVAL_AND_NETWORK_EXPANSION(3).zip::BASE_V65.zip::BASE_V64.zip::v64/BASE_V63.zip::BASE_V62.zip::BASE_V61.zip::BASE_V60.zip::BASE_V59.zip::BASE_V58.zip::BASE_V57.zip::BASE_V56.zip::BASE_V55.zip,zip,securitiesreconciliationv55csv,11
FRONTERA_CICLO_AJUSTE_V66_INDIVIDUAL_AQ_RETRIEVAL_AND_NETWORK_EXPANSION(3).zip,SUBACCOUNT_DICTIONARY_V55.csv,SUBACCOUNT_DICTIONARY_V55.csv,15084,151416654,FRONTERA_CICLO_AJUSTE_V66_INDIVIDUAL_AQ_RETRIEVAL_AND_NETWORK_EXPANSION(3).zip::BASE_V65.zip::BASE_V64.zip::v64/BASE_V63.zip::BASE_V62.zip::BASE_V61.zip::BASE_V60.zip::BASE_V59.zip::BASE_V58.zip::BASE_V57.zip::BASE_V56.zip::BASE_V55.zip,zip,subaccountdictionaryv55csv,11
FRONTERA_CICLO_AJUSTE_V66_INDIVIDUAL_AQ_RETRIEVAL_AND_NETWORK_EXPANSION(3).zip,VEREDICTO_RECONCILIACION_V55.md,VEREDICTO_RECONCILIACION_V55.md,2726,243150298,FRONTERA_CICLO_AJUSTE_V66_INDIVIDUAL_AQ_RETRIEVAL_AND_NETWORK_EXPANSION(3).zip::BASE_V65.zip::BASE_V64.zip::v64/BASE_V63.zip::BASE_V62.zip::BASE_V61.zip::BASE_V60.zip::BASE_V59.zip::BASE_V58.zip::BASE_V57.zip::BASE_V56.zip::BASE_V55.zip,zip,veredictoreconciliacionv55md,11
FRONTERA_CICLO_AJUSTE_V66_INDIVIDUAL_AQ_RETRIEVAL_AND_NETWORK_EXPANSION(3).zip,qa_v55.py,qa_v55.py,1149,434940574,FRONTERA_CICLO_AJUSTE_V66_INDIVIDUAL_AQ_RETRIEVAL_AND_NETWORK_EXPANSION(3).zip::BASE_V65.zip::BASE_V64.zip::v64/BASE_V63.zip::BASE_V62.zip::BASE_V61.zip::BASE_V60.zip::BASE_V59.zip::BASE_V58.zip::BASE_V57.zip::BASE_V56.zip::BASE_V55.zip,zip,qav55py,11
FRONTERA_CICLO_AJUSTE_V66_INDIVIDUAL_AQ_RETRIEVAL_AND_NETWORK_EXPANSION(3).zip,raw_cache/es_series.txt,es_series.txt,5827774,748657357,FRONTERA_CICLO_AJUSTE_V66_INDIVIDUAL_AQ_RETRIEVAL_AND_NETWORK_EXPANSION(3).zip::BASE_V65.zip::BASE_V64.zip::v64/BASE_V63.zip::BASE_V62.zip::BASE_V61.zip::BASE_V60.zip::BASE_V59.zip::BASE_V58.zip::BASE_V57.zip::BASE_V56.zip::BASE_V55.zip,zip,esseriestxt,11
FRONTERA_CICLO_AJUSTE_V66_INDIVIDUAL_AQ_RETRIEVAL_AND_NETWORK_EXPANSION(3).zip,MANIFEST_V56.json,MANIFEST_V56.json,3938,1448856948,FRONTERA_CICLO_AJUSTE_V66_INDIVIDUAL_AQ_RETRIEVAL_AND_NETWORK_EXPANSION(3).zip::BASE_V65.zip::BASE_V64.zip::v64/BASE_V63.zip::BASE_V62.zip::BASE_V61.zip::BASE_V60.zip::BASE_V59.zip::BASE_V58.zip::BASE_V57.zip::BASE_V56.zip,zip,manifestv56json,10
FRONTERA_CICLO_AJUSTE_V66_INDIVIDUAL_AQ_RETRIEVAL_AND_NETWORK_EXPANSION(3).zip,qa_v56.py,qa_v56.py,2132,1137530503,FRONTERA_CICLO_AJUSTE_V66_INDIVIDUAL_AQ_RETRIEVAL_AND_NETWORK_EXPANSION(3).zip::BASE_V65.zip::BASE_V64.zip::v64/BASE_V63.zip::BASE_V62.zip::BASE_V61.zip::BASE_V60.zip::BASE_V59.zip::BASE_V58.zip::BASE_V57.zip::BASE_V56.zip,zip,qav56py,10
FRONTERA_CICLO_AJUSTE_V66_INDIVIDUAL_AQ_RETRIEVAL_AND_NETWORK_EXPANSION(3).zip,COUNTERPARTY_UPDATE_V56.csv,COUNTERPARTY_UPDATE_V56.csv,548,1491076668,FRONTERA_CICLO_AJUSTE_V66_INDIVIDUAL_AQ_RETRIEVAL_AND_NETWORK_EXPANSION(3).zip::BASE_V65.zip::BASE_V64.zip::v64/BASE_V63.zip::BASE_V62.zip::BASE_V61.zip::BASE_V60.zip::BASE_V59.zip::BASE_V58.zip::BASE_V57.zip::BASE_V56.zip,zip,counterpartyupdatev56csv,10
FRONTERA_CICLO_AJUSTE_V66_INDIVIDUAL_AQ_RETRIEVAL_AND_NETWORK_EXPANSION(3).zip,EVIDENCE_LEDGER_CICLO_AJUSTE_V56.csv,EVIDENCE_LEDGER_CICLO_AJUSTE_V56.csv,39312,3821271819,FRONTERA_CICLO_AJUSTE_V66_INDIVIDUAL_AQ_RETRIEVAL_AND_NETWORK_EXPANSION(3).zip::BASE_V65.zip::BASE_V64.zip::v64/BASE_V63.zip::BASE_V62.zip::BASE_V61.zip::BASE_V60.zip::BASE_V59.zip::BASE_V58.zip::BASE_V57.zip::BASE_V56.zip,zip,evidenceledgercicloajustev56csv,10
FRONTERA_CICLO_AJUSTE_V66_INDIVIDUAL_AQ_RETRIEVAL_AND_NETWORK_EXPANSION(3).zip,raw_cache/es_series.txt,es_series.txt,5827774,748657357,FRONTERA_CICLO_AJUSTE_V66_INDIVIDUAL_AQ_RETRIEVAL_AND_NETWORK_EXPANSION(3).zip::BASE_V65.zip::BASE_V64.zip::v64/BASE_V63.zip::BASE_V62.zip::BASE_V61.zip::BASE_V60.zip::BASE_V59.zip::BASE_V58.zip::BASE_V57.zip::BASE_V56.zip,zip,esseriestxt,10
FRONTERA_CICLO_AJUSTE_V66_INDIVIDUAL_AQ_RETRIEVAL_AND_NETWORK_EXPANSION(3).zip,raw_cache/Series_estadisticas.xlsx,Series_estadisticas.xlsx,1507855,1320633598,FRONTERA_CICLO_AJUSTE_V66_INDIVIDUAL_AQ_RETRIEVAL_AND_NETWORK_EXPANSION(3).zip::BASE_V65.zip::BASE_V64.zip::v64/BASE_V63.zip::BASE_V62.zip::BASE_V61.zip::BASE_V60.zip::BASE_V59.zip::BASE_V58.zip::BASE_V57.zip::BASE_V56.zip,zip,seriesestadisticasxlsx,10
FRONTERA_CICLO_AJUSTE_V66_INDIVIDUAL_AQ_RETRIEVAL_AND_NETWORK_EXPANSION(3).zip,ACCOUNT_EQUIVALENCE_NIIF_V56.csv,ACCOUNT_EQUIVALENCE_NIIF_V56.csv,18940,3566337282,FRONTERA_CICLO_AJUSTE_V66_INDIVIDUAL_AQ_RETRIEVAL_AND_NETWORK_EXPANSION(3).zip::BASE_V65.zip::BASE_V64.zip::v64/BASE_V63.zip::BASE_V62.zip::BASE_V61.zip::BASE_V60.zip::BASE_V59.zip::BASE_V58.zip::BASE_V57.zip::BASE_V56.zip,zip,accountequivalenceniifv56csv,10
FRONTERA_CICLO_AJUSTE_V66_INDIVIDUAL_AQ_RETRIEVAL_AND_NETWORK_EXPANSION(3).zip,fetch_bcra_v4_values.py,fetch_bcra_v4_values.py,1563,4258899431,FRONTERA_CICLO_AJUSTE_V66_INDIVIDUAL_AQ_RETRIEVAL_AND_NETWORK_EXPANSION(3).zip::BASE_V65.zip::BASE_V64.zip::v64/BASE_V63.zip::BASE_V62.zip::BASE_V61.zip::BASE_V60.zip::BASE_V59.zip::BASE_V58.zip::BASE_V57.zip::BASE_V56.zip,zip,fetchbcrav4valuespy,10
FRONTERA_CICLO_AJUSTE_V66_INDIVIDUAL_AQ_RETRIEVAL_AND_NETWORK_EXPANSION(3).zip,MONTHLY_SUBACCOUNT_VALUES_2023_V56.csv,MONTHLY_SUBACCOUNT_VALUES_2023_V56.csv,10137,2754513223,FRONTERA_CICLO_AJUSTE_V66_INDIVIDUAL_AQ_RETRIEVAL_AND_NETWORK_EXPANSION(3).zip::BASE_V65.zip::BASE_V64.zip::v64/BASE_V63.zip::BASE_V62.zip::BASE_V61.zip::BASE_V60.zip::BASE_V59.zip::BASE_V58.zip::BASE_V57.zip::BASE_V56.zip,zip,monthlysubaccountvalues2023v56csv,10
FRONTERA_CICLO_AJUSTE_V66_INDIVIDUAL_AQ_RETRIEVAL_AND_NETWORK_EXPANSION(3).zip,OFFICIAL_CATALOG_SLICE_V56.csv,OFFICIAL_CATALOG_SLICE_V56.csv,17529,2871997340,FRONTERA_CICLO_AJUSTE_V66_INDIVIDUAL_AQ_RETRIEVAL_AND_NETWORK_EXPANSION(3).zip::BASE_V65.zip::BASE_V64.zip::v64/BASE_V63.zip::BASE_V62.zip::BASE_V61.zip::BASE_V60.zip::BASE_V59.zip::BASE_V58.zip::BASE_V57.zip::BASE_V56.zip,zip,officialcatalogslicev56csv,10
FRONTERA_CICLO_AJUSTE_V66_INDIVIDUAL_AQ_RETRIEVAL_AND_NETWORK_EXPANSION(3).zip,VEREDICTO_V56.md,VEREDICTO_V56.md,1131,786628932,FRONTERA_CICLO_AJUSTE_V66_INDIVIDUAL_AQ_RETRIEVAL_AND_NETWORK_EXPANSION(3).zip::BASE_V65.zip::BASE_V64.zip::v64/BASE_V63.zip::BASE_V62.zip::BASE_V61.zip::BASE_V60.zip::BASE_V59.zip::BASE_V58.zip::BASE_V57.zip::BASE_V56.zip,zip,veredictov56md,10
FRONTERA_CICLO_AJUSTE_V66_INDIVIDUAL_AQ_RETRIEVAL_AND_NETWORK_EXPANSION(3).zip,COUNTERPARTY_UPDATE_V57.csv,COUNTERPARTY_UPDATE_V57.csv,782,2916305718,FRONTERA_CICLO_AJUSTE_V66_INDIVIDUAL_AQ_RETRIEVAL_AND_NETWORK_EXPANSION(3).zip::BASE_V65.zip::BASE_V64.zip::v64/BASE_V63.zip::BASE_V62.zip::BASE_V61.zip::BASE_V60.zip::BASE_V59.zip::BASE_V58.zip::BASE_V57.zip,zip,counterpartyupdatev57csv,9
FRONTERA_CICLO_AJUSTE_V66_INDIVIDUAL_AQ_RETRIEVAL_AND_NETWORK_EXPANSION(3).zip,EVIDENCE_LEDGER_CICLO_AJUSTE_V57.csv,EVIDENCE_LEDGER_CICLO_AJUSTE_V57.csv,41708,3650130693,FRONTERA_CICLO_AJUSTE_V66_INDIVIDUAL_AQ_RETRIEVAL_AND_NETWORK_EXPANSION(3).zip::BASE_V65.zip::BASE_V64.zip::v64/BASE_V63.zip::BASE_V62.zip::BASE_V61.zip::BASE_V60.zip::BASE_V59.zip::BASE_V58.zip::BASE_V57.zip,zip,evidenceledgercicloajustev57csv,9
FRONTERA_CICLO_AJUSTE_V66_INDIVIDUAL_AQ_RETRIEVAL_AND_NETWORK_EXPANSION(3).zip,FUENTES_V57.md,FUENTES_V57.md,2126,1816966930,FRONTERA_CICLO_AJUSTE_V66_INDIVIDUAL_AQ_RETRIEVAL_AND_NETWORK_EXPANSION(3).zip::BASE_V65.zip::BASE_V64.zip::v64/BASE_V63.zip::BASE_V62.zip::BASE_V61.zip::BASE_V60.zip::BASE_V59.zip::BASE_V58.zip::BASE_V57.zip,zip,fuentesv57md,9
FRONTERA_CICLO_AJUSTE_V66_INDIVIDUAL_AQ_RETRIEVAL_AND_NETWORK_EXPANSION(3).zip,IPC_RESTATEMENT_COEFFICIENTS_V57.csv,IPC_RESTATEMENT_COEFFICIENTS_V57.csv,735,2429051065,FRONTERA_CICLO_AJUSTE_V66_INDIVIDUAL_AQ_RETRIEVAL_AND_NETWORK_EXPANSION(3).zip::BASE_V65.zip::BASE_V64.zip::v64/BASE_V63.zip::BASE_V62.zip::BASE_V61.zip::BASE_V60.zip::BASE_V59.zip::BASE_V58.zip::BASE_V57.zip,zip,ipcrestatementcoefficientsv57csv,9
FRONTERA_CICLO_AJUSTE_V66_INDIVIDUAL_AQ_RETRIEVAL_AND_NETWORK_EXPANSION(3).zip,MANIFEST_V57.json,MANIFEST_V57.json,3226,3808868569,FRONTERA_CICLO_AJUSTE_V66_INDIVIDUAL_AQ_RETRIEVAL_AND_NETWORK_EXPANSION(3).zip::BASE_V65.zip::BASE_V64.zip::v64/BASE_V63.zip::BASE_V62.zip::BASE_V61.zip::BASE_V60.zip::BASE_V59.zip::BASE_V58.zip::BASE_V57.zip,zip,manifestv57json,9
FRONTERA_CICLO_AJUSTE_V66_INDIVIDUAL_AQ_RETRIEVAL_AND_NETWORK_EXPANSION(3).zip,MONTHLY_SUBACCOUNT_VALUES_2023_V57.csv,MONTHLY_SUBACCOUNT_VALUES_2023_V57.csv,25977,3395576089,FRONTERA_CICLO_AJUSTE_V66_INDIVIDUAL_AQ_RETRIEVAL_AND_NETWORK_EXPANSION(3).zip::BASE_V65.zip::BASE_V64.zip::v64/BASE_V63.zip::BASE_V62.zip::BASE_V61.zip::BASE_V60.zip::BASE_V59.zip::BASE_V58.zip::BASE_V57.zip,zip,monthlysubaccountvalues2023v57csv,9
FRONTERA_CICLO_AJUSTE_V66_INDIVIDUAL_AQ_RETRIEVAL_AND_NETWORK_EXPANSION(3).zip,NOMINAL_RECONCILIATION_V57.csv,NOMINAL_RECONCILIATION_V57.csv,5092,2497660867,FRONTERA_CICLO_AJUSTE_V66_INDIVIDUAL_AQ_RETRIEVAL_AND_NETWORK_EXPANSION(3).zip::BASE_V65.zip::BASE_V64.zip::v64/BASE_V63.zip::BASE_V62.zip::BASE_V61.zip::BASE_V60.zip::BASE_V59.zip::BASE_V58.zip::BASE_V57.zip,zip,nominalreconciliationv57csv,9
FRONTERA_CICLO_AJUSTE_V66_INDIVIDUAL_AQ_RETRIEVAL_AND_NETWORK_EXPANSION(3).zip,POST2020_ACCUMULATED_RESULTS_V57.csv,POST2020_ACCUMULATED_RESULTS_V57.csv,5395,589873153,FRONTERA_CICLO_AJUSTE_V66_INDIVIDUAL_AQ_RETRIEVAL_AND_NETWORK_EXPANSION(3).zip::BASE_V65.zip::BASE_V64.zip::v64/BASE_V63.zip::BASE_V62.zip::BASE_V61.zip::BASE_V60.zip::BASE_V59.zip::BASE_V58.zip::BASE_V57.zip,zip,post2020accumulatedresultsv57csv,9
FRONTERA_CICLO_AJUSTE_V66_INDIVIDUAL_AQ_RETRIEVAL_AND_NETWORK_EXPANSION(3).zip,PP_TARGET_RECONCILIATION_V57.csv,PP_TARGET_RECONCILIATION_V57.csv,1495,817158950,FRONTERA_CICLO_AJUSTE_V66_INDIVIDUAL_AQ_RETRIEVAL_AND_NETWORK_EXPANSION(3).zip::BASE_V65.zip::BASE_V64.zip::v64/BASE_V63.zip::BASE_V62.zip::BASE_V61.zip::BASE_V60.zip::BASE_V59.zip::BASE_V58.zip::BASE_V57.zip,zip,pptargetreconciliationv57csv,9
FRONTERA_CICLO_AJUSTE_V66_INDIVIDUAL_AQ_RETRIEVAL_AND_NETWORK_EXPANSION(3).zip,PROMPT_CODEX_V58_MODERN_XLSX_SUBACCOUNT_BRIDGE.md,PROMPT_CODEX_V58_MODERN_XLSX_SUBACCOUNT_BRIDGE.md,2340,2934801191,FRONTERA_CICLO_AJUSTE_V66_INDIVIDUAL_AQ_RETRIEVAL_AND_NETWORK_EXPANSION(3).zip::BASE_V65.zip::BASE_V64.zip::v64/BASE_V63.zip::BASE_V62.zip::BASE_V61.zip::BASE_V60.zip::BASE_V59.zip::BASE_V58.zip::BASE_V57.zip,zip,promptcodexv58modernxlsxsubaccountbridgemd,9
FRONTERA_CICLO_AJUSTE_V66_INDIVIDUAL_AQ_RETRIEVAL_AND_NETWORK_EXPANSION(3).zip,PUBLICATION_REGIME_CORRECTION_V57.csv,PUBLICATION_REGIME_CORRECTION_V57.csv,1047,489099765,FRONTERA_CICLO_AJUSTE_V66_INDIVIDUAL_AQ_RETRIEVAL_AND_NETWORK_EXPANSION(3).zip::BASE_V65.zip::BASE_V64.zip::v64/BASE_V63.zip::BASE_V62.zip::BASE_V61.zip::BASE_V60.zip::BASE_V59.zip::BASE_V58.zip::BASE_V57.zip,zip,publicationregimecorrectionv57csv,9
FRONTERA_CICLO_AJUSTE_V66_INDIVIDUAL_AQ_RETRIEVAL_AND_NETWORK_EXPANSION(3).zip,QA_RESULT_V57.txt,QA_RESULT_V57.txt,5,3256905966,FRONTERA_CICLO_AJUSTE_V66_INDIVIDUAL_AQ_RETRIEVAL_AND_NETWORK_EXPANSION(3).zip::BASE_V65.zip::BASE_V64.zip::v64/BASE_V63.zip::BASE_V62.zip::BASE_V61.zip::BASE_V60.zip::BASE_V59.zip::BASE_V58.zip::BASE_V57.zip,zip,qaresultv57txt,9
FRONTERA_CICLO_AJUSTE_V66_INDIVIDUAL_AQ_RETRIEVAL_AND_NETWORK_EXPANSION(3).zip,RAW_API_MANIFEST_V57.csv,RAW_API_MANIFEST_V57.csv,2703,2211353470,FRONTERA_CICLO_AJUSTE_V66_INDIVIDUAL_AQ_RETRIEVAL_AND_NETWORK_EXPANSION(3).zip::BASE_V65.zip::BASE_V64.zip::v64/BASE_V63.zip::BASE_V62.zip::BASE_V61.zip::BASE_V60.zip::BASE_V59.zip::BASE_V58.zip::BASE_V57.zip,zip,rawapimanifestv57csv,9
FRONTERA_CICLO_AJUSTE_V66_INDIVIDUAL_AQ_RETRIEVAL_AND_NETWORK_EXPANSION(3).zip,README_V57.md,README_V57.md,704,3216325338,FRONTERA_CICLO_AJUSTE_V66_INDIVIDUAL_AQ_RETRIEVAL_AND_NETWORK_EXPANSION(3).zip::BASE_V65.zip::BASE_V64.zip::v64/BASE_V63.zip::BASE_V62.zip::BASE_V61.zip::BASE_V60.zip::BASE_V59.zip::BASE_V58.zip::BASE_V57.zip,zip,readmev57md,9
FRONTERA_CICLO_AJUSTE_V66_INDIVIDUAL_AQ_RETRIEVAL_AND_NETWORK_EXPANSION(3).zip,VEREDICTO_V57.md,VEREDICTO_V57.md,1172,2202516161,FRONTERA_CICLO_AJUSTE_V66_INDIVIDUAL_AQ_RETRIEVAL_AND_NETWORK_EXPANSION(3).zip::BASE_V65.zip::BASE_V64.zip::v64/BASE_V63.zip::BASE_V62.zip::BASE_V61.zip::BASE_V60.zip::BASE_V59.zip::BASE_V58.zip::BASE_V57.zip,zip,veredictov57md,9
FRONTERA_CICLO_AJUSTE_V66_INDIVIDUAL_AQ_RETRIEVAL_AND_NETWORK_EXPANSION(3).zip,qa_v57.py,qa_v57.py,1568,1949318899,FRONTERA_CICLO_AJUSTE_V66_INDIVIDUAL_AQ_RETRIEVAL_AND_NETWORK_EXPANSION(3).zip::BASE_V65.zip::BASE_V64.zip::v64/BASE_V63.zip::BASE_V62.zip::BASE_V61.zip::BASE_V60.zip::BASE_V59.zip::BASE_V58.zip::BASE_V57.zip,zip,qav57py,9
FRONTERA_CICLO_AJUSTE_V66_INDIVIDUAL_AQ_RETRIEVAL_AND_NETWORK_EXPANSION(3).zip,FX_CER_PASSES_BRIDGE_V58.csv,FX_CER_PASSES_BRIDGE_V58.csv,669,2202966174,FRONTERA_CICLO_AJUSTE_V66_INDIVIDUAL_AQ_RETRIEVAL_AND_NETWORK_EXPANSION(3).zip::BASE_V65.zip::BASE_V64.zip::v64/BASE_V63.zip::BASE_V62.zip::BASE_V61.zip::BASE_V60.zip::BASE_V59.zip::BASE_V58.zip,zip,fxcerpassesbridgev58csv,8
FRONTERA_CICLO_AJUSTE_V66_INDIVIDUAL_AQ_RETRIEVAL_AND_NETWORK_EXPANSION(3).zip,MODERN_SOURCE_SHEET_MAP_V58.csv,MODERN_SOURCE_SHEET_MAP_V58.csv,1848,2207996523,FRONTERA_CICLO_AJUSTE_V66_INDIVIDUAL_AQ_RETRIEVAL_AND_NETWORK_EXPANSION(3).zip::BASE_V65.zip::BASE_V64.zip::v64/BASE_V63.zip::BASE_V62.zip::BASE_V61.zip::BASE_V60.zip::BASE_V59.zip::BASE_V58.zip,zip,modernsourcesheetmapv58csv,8
FRONTERA_CICLO_AJUSTE_V66_INDIVIDUAL_AQ_RETRIEVAL_AND_NETWORK_EXPANSION(3).zip,VEREDICTO_V58.md,VEREDICTO_V58.md,1255,2498405922,FRONTERA_CICLO_AJUSTE_V66_INDIVIDUAL_AQ_RETRIEVAL_AND_NETWORK_EXPANSION(3).zip::BASE_V65.zip::BASE_V64.zip::v64/BASE_V63.zip::BASE_V62.zip::BASE_V61.zip::BASE_V60.zip::BASE_V59.zip::BASE_V58.zip,zip,veredictov58md,8
FRONTERA_CICLO_AJUSTE_V66_INDIVIDUAL_AQ_RETRIEVAL_AND_NETWORK_EXPANSION(3).zip,FUENTES_V58.md,FUENTES_V58.md,2826,4167207868,FRONTERA_CICLO_AJUSTE_V66_INDIVIDUAL_AQ_RETRIEVAL_AND_NETWORK_EXPANSION(3).zip::BASE_V65.zip::BASE_V64.zip::v64/BASE_V63.zip::BASE_V62.zip::BASE_V61.zip::BASE_V60.zip::BASE_V59.zip::BASE_V58.zip,zip,fuentesv58md,8
FRONTERA_CICLO_AJUSTE_V66_INDIVIDUAL_AQ_RETRIEVAL_AND_NETWORK_EXPANSION(3).zip,COUNTERPARTY_UPDATE_V58.csv,COUNTERPARTY_UPDATE_V58.csv,695,3693839775,FRONTERA_CICLO_AJUSTE_V66_INDIVIDUAL_AQ_RETRIEVAL_AND_NETWORK_EXPANSION(3).zip::BASE_V65.zip::BASE_V64.zip::v64/BASE_V63.zip::BASE_V62.zip::BASE_V61.zip::BASE_V60.zip::BASE_V59.zip::BASE_V58.zip,zip,counterpartyupdatev58csv,8
FRONTERA_CICLO_AJUSTE_V66_INDIVIDUAL_AQ_RETRIEVAL_AND_NETWORK_EXPANSION(3).zip,EVIDENCE_LEDGER_CICLO_AJUSTE_V58.csv,EVIDENCE_LEDGER_CICLO_AJUSTE_V58.csv,43221,25991159,FRONTERA_CICLO_AJUSTE_V66_INDIVIDUAL_AQ_RETRIEVAL_AND_NETWORK_EXPANSION(3).zip::BASE_V65.zip::BASE_V64.zip::v64/BASE_V63.zip::BASE_V62.zip::BASE_V61.zip::BASE_V60.zip::BASE_V59.zip::BASE_V58.zip,zip,evidenceledgercicloajustev58csv,8
FRONTERA_CICLO_AJUSTE_V66_INDIVIDUAL_AQ_RETRIEVAL_AND_NETWORK_EXPANSION(3).zip,QA_RESULT_V58.txt,QA_RESULT_V58.txt,5,3256905966,FRONTERA_CICLO_AJUSTE_V66_INDIVIDUAL_AQ_RETRIEVAL_AND_NETWORK_EXPANSION(3).zip::BASE_V65.zip::BASE_V64.zip::v64/BASE_V63.zip::BASE_V62.zip::BASE_V61.zip::BASE_V60.zip::BASE_V59.zip::BASE_V58.zip,zip,qaresultv58txt,8
FRONTERA_CICLO_AJUSTE_V66_INDIVIDUAL_AQ_RETRIEVAL_AND_NETWORK_EXPANSION(3).zip,INTEREST_FLOW_SECTOR_BRIDGE_V58.csv,INTEREST_FLOW_SECTOR_BRIDGE_V58.csv,839,2939175568,FRONTERA_CICLO_AJUSTE_V66_INDIVIDUAL_AQ_RETRIEVAL_AND_NETWORK_EXPANSION(3).zip::BASE_V65.zip::BASE_V64.zip::v64/BASE_V63.zip::BASE_V62.zip::BASE_V61.zip::BASE_V60.zip::BASE_V59.zip::BASE_V58.zip,zip,interestflowsectorbridgev58csv,8
FRONTERA_CICLO_AJUSTE_V66_INDIVIDUAL_AQ_RETRIEVAL_AND_NETWORK_EXPANSION(3).zip,README_V58.md,README_V58.md,604,3045899320,FRONTERA_CICLO_AJUSTE_V66_INDIVIDUAL_AQ_RETRIEVAL_AND_NETWORK_EXPANSION(3).zip::BASE_V65.zip::BASE_V64.zip::v64/BASE_V63.zip::BASE_V62.zip::BASE_V61.zip::BASE_V60.zip::BASE_V59.zip::BASE_V58.zip,zip,readmev58md,8
FRONTERA_CICLO_AJUSTE_V66_INDIVIDUAL_AQ_RETRIEVAL_AND_NETWORK_EXPANSION(3).zip,RAW_MODERN_XLSX_MANIFEST_V58.csv,RAW_MODERN_XLSX_MANIFEST_V58.csv,1529,2552249829,FRONTERA_CICLO_AJUSTE_V66_INDIVIDUAL_AQ_RETRIEVAL_AND_NETWORK_EXPANSION(3).zip::BASE_V65.zip::BASE_V64.zip::v64/BASE_V63.zip::BASE_V62.zip::BASE_V61.zip::BASE_V60.zip::BASE_V59.zip::BASE_V58.zip,zip,rawmodernxlsxmanifestv58csv,8
FRONTERA_CICLO_AJUSTE_V66_INDIVIDUAL_AQ_RETRIEVAL_AND_NETWORK_EXPANSION(3).zip,qa_v58.py,qa_v58.py,1537,4031334256,FRONTERA_CICLO_AJUSTE_V66_INDIVIDUAL_AQ_RETRIEVAL_AND_NETWORK_EXPANSION(3).zip::BASE_V65.zip::BASE_V64.zip::v64/BASE_V63.zip::BASE_V62.zip::BASE_V61.zip::BASE_V60.zip::BASE_V59.zip::BASE_V58.zip,zip,qav58py,8
FRONTERA_CICLO_AJUSTE_V66_INDIVIDUAL_AQ_RETRIEVAL_AND_NETWORK_EXPANSION(3).zip,PROMPT_CODEX_V59_ENTITY_LEVEL_REAL_MARGIN_BRIDGE.md,PROMPT_CODEX_V59_ENTITY_LEVEL_REAL_MARGIN_BRIDGE.md,2472,3660409110,FRONTERA_CICLO_AJUSTE_V66_INDIVIDUAL_AQ_RETRIEVAL_AND_NETWORK_EXPANSION(3).zip::BASE_V65.zip::BASE_V64.zip::v64/BASE_V63.zip::BASE_V62.zip::BASE_V61.zip::BASE_V60.zip::BASE_V59.zip::BASE_V58.zip,zip,promptcodexv59entitylevelrealmarginbridgemd,8
FRONTERA_CICLO_AJUSTE_V66_INDIVIDUAL_AQ_RETRIEVAL_AND_NETWORK_EXPANSION(3).zip,AUDITORIA_V58.md,AUDITORIA_V58.md,3346,2630045207,FRONTERA_CICLO_AJUSTE_V66_INDIVIDUAL_AQ_RETRIEVAL_AND_NETWORK_EXPANSION(3).zip::BASE_V65.zip::BASE_V64.zip::v64/BASE_V63.zip::BASE_V62.zip::BASE_V61.zip::BASE_V60.zip::BASE_V59.zip::BASE_V58.zip,zip,auditoriav58md,8
FRONTERA_CICLO_AJUSTE_V66_INDIVIDUAL_AQ_RETRIEVAL_AND_NETWORK_EXPANSION(3).zip,MANIFEST_V58.json,MANIFEST_V58.json,878,2063404822,FRONTERA_CICLO_AJUSTE_V66_INDIVIDUAL_AQ_RETRIEVAL_AND_NETWORK_EXPANSION(3).zip::BASE_V65.zip::BASE_V64.zip::v64/BASE_V63.zip::BASE_V62.zip::BASE_V61.zip::BASE_V60.zip::BASE_V59.zip::BASE_V58.zip,zip,manifestv58json,8
FRONTERA_CICLO_AJUSTE_V66_INDIVIDUAL_AQ_RETRIEVAL_AND_NETWORK_EXPANSION(3).zip,SECURITIES_ISSUER_RESULT_BRIDGE_V58.csv,SECURITIES_ISSUER_RESULT_BRIDGE_V58.csv,981,2991295667,FRONTERA_CICLO_AJUSTE_V66_INDIVIDUAL_AQ_RETRIEVAL_AND_NETWORK_EXPANSION(3).zip::BASE_V65.zip::BASE_V64.zip::v64/BASE_V63.zip::BASE_V62.zip::BASE_V61.zip::BASE_V60.zip::BASE_V59.zip::BASE_V58.zip,zip,securitiesissuerresultbridgev58csv,8
FRONTERA_CICLO_AJUSTE_V66_INDIVIDUAL_AQ_RETRIEVAL_AND_NETWORK_EXPANSION(3).zip,QA_RESULT_V59.txt,QA_RESULT_V59.txt,5,3256905966,FRONTERA_CICLO_AJUSTE_V66_INDIVIDUAL_AQ_RETRIEVAL_AND_NETWORK_EXPANSION(3).zip::BASE_V65.zip::BASE_V64.zip::v64/BASE_V63.zip::BASE_V62.zip::BASE_V61.zip::BASE_V60.zip::BASE_V59.zip,zip,qaresultv59txt,7
FRONTERA_CICLO_AJUSTE_V66_INDIVIDUAL_AQ_RETRIEVAL_AND_NETWORK_EXPANSION(3).zip,PROMPT_CODEX_V60_ANNUAL_AQ_SYSTEM_RECONCILIATION.md,PROMPT_CODEX_V60_ANNUAL_AQ_SYSTEM_RECONCILIATION.md,2721,2357846522,FRONTERA_CICLO_AJUSTE_V66_INDIVIDUAL_AQ_RETRIEVAL_AND_NETWORK_EXPANSION(3).zip::BASE_V65.zip::BASE_V64.zip::v64/BASE_V63.zip::BASE_V62.zip::BASE_V61.zip::BASE_V60.zip::BASE_V59.zip,zip,promptcodexv60annualaqsystemreconciliationmd,7
FRONTERA_CICLO_AJUSTE_V66_INDIVIDUAL_AQ_RETRIEVAL_AND_NETWORK_EXPANSION(3).zip,EVIDENCE_LEDGER_CICLO_AJUSTE_V59.csv,EVIDENCE_LEDGER_CICLO_AJUSTE_V59.csv,45300,2905811972,FRONTERA_CICLO_AJUSTE_V66_INDIVIDUAL_AQ_RETRIEVAL_AND_NETWORK_EXPANSION(3).zip::BASE_V65.zip::BASE_V64.zip::v64/BASE_V63.zip::BASE_V62.zip::BASE_V61.zip::BASE_V60.zip::BASE_V59.zip,zip,evidenceledgercicloajustev59csv,7
FRONTERA_CICLO_AJUSTE_V66_INDIVIDUAL_AQ_RETRIEVAL_AND_NETWORK_EXPANSION(3).zip,qa_v59.py,qa_v59.py,1599,990225047,FRONTERA_CICLO_AJUSTE_V66_INDIVIDUAL_AQ_RETRIEVAL_AND_NETWORK_EXPANSION(3).zip::BASE_V65.zip::BASE_V64.zip::v64/BASE_V63.zip::BASE_V62.zip::BASE_V61.zip::BASE_V60.zip::BASE_V59.zip,zip,qav59py,7
FRONTERA_CICLO_AJUSTE_V66_INDIVIDUAL_AQ_RETRIEVAL_AND_NETWORK_EXPANSION(3).zip,AUDITORIA_V59.md,AUDITORIA_V59.md,6227,970565096,FRONTERA_CICLO_AJUSTE_V66_INDIVIDUAL_AQ_RETRIEVAL_AND_NETWORK_EXPANSION(3).zip::BASE_V65.zip::BASE_V64.zip::v64/BASE_V63.zip::BASE_V62.zip::BASE_V61.zip::BASE_V60.zip::BASE_V59.zip,zip,auditoriav59md,7
FRONTERA_CICLO_AJUSTE_V66_INDIVIDUAL_AQ_RETRIEVAL_AND_NETWORK_EXPANSION(3).zip,COUNTERPARTY_UPDATE_V59.csv,COUNTERPARTY_UPDATE_V59.csv,1111,661044847,FRONTERA_CICLO_AJUSTE_V66_INDIVIDUAL_AQ_RETRIEVAL_AND_NETWORK_EXPANSION(3).zip::BASE_V65.zip::BASE_V64.zip::v64/BASE_V63.zip::BASE_V62.zip::BASE_V61.zip::BASE_V60.zip::BASE_V59.zip,zip,counterpartyupdatev59csv,7
FRONTERA_CICLO_AJUSTE_V66_INDIVIDUAL_AQ_RETRIEVAL_AND_NETWORK_EXPANSION(3).zip,FX_CER_PASSES_FLOW_V59.csv,FX_CER_PASSES_FLOW_V59.csv,1003,2808764338,FRONTERA_CICLO_AJUSTE_V66_INDIVIDUAL_AQ_RETRIEVAL_AND_NETWORK_EXPANSION(3).zip::BASE_V65.zip::BASE_V64.zip::v64/BASE_V63.zip::BASE_V62.zip::BASE_V61.zip::BASE_V60.zip::BASE_V59.zip,zip,fxcerpassesflowv59csv,7
FRONTERA_CICLO_AJUSTE_V66_INDIVIDUAL_AQ_RETRIEVAL_AND_NETWORK_EXPANSION(3).zip,FUENTES_V59.md,FUENTES_V59.md,1815,1602664242,FRONTERA_CICLO_AJUSTE_V66_INDIVIDUAL_AQ_RETRIEVAL_AND_NETWORK_EXPANSION(3).zip::BASE_V65.zip::BASE_V64.zip::v64/BASE_V63.zip::BASE_V62.zip::BASE_V61.zip::BASE_V60.zip::BASE_V59.zip,zip,fuentesv59md,7
FRONTERA_CICLO_AJUSTE_V66_INDIVIDUAL_AQ_RETRIEVAL_AND_NETWORK_EXPANSION(3).zip,POST_NIIF_SUBACCOUNT_MAP_V59.csv,POST_NIIF_SUBACCOUNT_MAP_V59.csv,3652,3459050816,FRONTERA_CICLO_AJUSTE_V66_INDIVIDUAL_AQ_RETRIEVAL_AND_NETWORK_EXPANSION(3).zip::BASE_V65.zip::BASE_V64.zip::v64/BASE_V63.zip::BASE_V62.zip::BASE_V61.zip::BASE_V60.zip::BASE_V59.zip,zip,postniifsubaccountmapv59csv,7
FRONTERA_CICLO_AJUSTE_V66_INDIVIDUAL_AQ_RETRIEVAL_AND_NETWORK_EXPANSION(3).zip,COUNTERPARTY_UPDATE_V60.csv,COUNTERPARTY_UPDATE_V60.csv,1036,3895427239,FRONTERA_CICLO_AJUSTE_V66_INDIVIDUAL_AQ_RETRIEVAL_AND_NETWORK_EXPANSION(3).zip::BASE_V65.zip::BASE_V64.zip::v64/BASE_V63.zip::BASE_V62.zip::BASE_V61.zip::BASE_V60.zip,zip,counterpartyupdatev60csv,6
FRONTERA_CICLO_AJUSTE_V66_INDIVIDUAL_AQ_RETRIEVAL_AND_NETWORK_EXPANSION(3).zip,ENTITY_Q4_AQ_BRIDGE_V60.csv,ENTITY_Q4_AQ_BRIDGE_V60.csv,2617,695357644,FRONTERA_CICLO_AJUSTE_V66_INDIVIDUAL_AQ_RETRIEVAL_AND_NETWORK_EXPANSION(3).zip::BASE_V65.zip::BASE_V64.zip::v64/BASE_V63.zip::BASE_V62.zip::BASE_V61.zip::BASE_V60.zip,zip,entityq4aqbridgev60csv,6
FRONTERA_CICLO_AJUSTE_V66_INDIVIDUAL_AQ_RETRIEVAL_AND_NETWORK_EXPANSION(3).zip,EVIDENCE_LEDGER_CICLO_AJUSTE_V60.csv,EVIDENCE_LEDGER_CICLO_AJUSTE_V60.csv,45977,321594245,FRONTERA_CICLO_AJUSTE_V66_INDIVIDUAL_AQ_RETRIEVAL_AND_NETWORK_EXPANSION(3).zip::BASE_V65.zip::BASE_V64.zip::v64/BASE_V63.zip::BASE_V62.zip::BASE_V61.zip::BASE_V60.zip,zip,evidenceledgercicloajustev60csv,6
FRONTERA_CICLO_AJUSTE_V66_INDIVIDUAL_AQ_RETRIEVAL_AND_NETWORK_EXPANSION(3).zip,FUENTES_V60.md,FUENTES_V60.md,456,3010152713,FRONTERA_CICLO_AJUSTE_V66_INDIVIDUAL_AQ_RETRIEVAL_AND_NETWORK_EXPANSION(3).zip::BASE_V65.zip::BASE_V64.zip::v64/BASE_V63.zip::BASE_V62.zip::BASE_V61.zip::BASE_V60.zip,zip,fuentesv60md,6
FRONTERA_CICLO_AJUSTE_V66_INDIVIDUAL_AQ_RETRIEVAL_AND_NETWORK_EXPANSION(3).zip,HOUSEHOLD_LIKE_INTEREST_ANNUAL_V60.csv,HOUSEHOLD_LIKE_INTEREST_ANNUAL_V60.csv,824,1360227913,FRONTERA_CICLO_AJUSTE_V66_INDIVIDUAL_AQ_RETRIEVAL_AND_NETWORK_EXPANSION(3).zip::BASE_V65.zip::BASE_V64.zip::v64/BASE_V63.zip::BASE_V62.zip::BASE_V61.zip::BASE_V60.zip,zip,householdlikeinterestannualv60csv,6
FRONTERA_CICLO_AJUSTE_V66_INDIVIDUAL_AQ_RETRIEVAL_AND_NETWORK_EXPANSION(3).zip,IPC_REEXPRESSION_V60.csv,IPC_REEXPRESSION_V60.csv,171,2507692037,FRONTERA_CICLO_AJUSTE_V66_INDIVIDUAL_AQ_RETRIEVAL_AND_NETWORK_EXPANSION(3).zip::BASE_V65.zip::BASE_V64.zip::v64/BASE_V63.zip::BASE_V62.zip::BASE_V61.zip::BASE_V60.zip,zip,ipcreexpressionv60csv,6
FRONTERA_CICLO_AJUSTE_V66_INDIVIDUAL_AQ_RETRIEVAL_AND_NETWORK_EXPANSION(3).zip,MANIFEST_V60.json,MANIFEST_V60.json,3572,4065991227,FRONTERA_CICLO_AJUSTE_V66_INDIVIDUAL_AQ_RETRIEVAL_AND_NETWORK_EXPANSION(3).zip::BASE_V65.zip::BASE_V64.zip::v64/BASE_V63.zip::BASE_V62.zip::BASE_V61.zip::BASE_V60.zip,zip,manifestv60json,6
FRONTERA_CICLO_AJUSTE_V66_INDIVIDUAL_AQ_RETRIEVAL_AND_NETWORK_EXPANSION(3).zip,PASS_COUNTERPARTY_FALSIFIER_V60.csv,PASS_COUNTERPARTY_FALSIFIER_V60.csv,844,3542592508,FRONTERA_CICLO_AJUSTE_V66_INDIVIDUAL_AQ_RETRIEVAL_AND_NETWORK_EXPANSION(3).zip::BASE_V65.zip::BASE_V64.zip::v64/BASE_V63.zip::BASE_V62.zip::BASE_V61.zip::BASE_V60.zip,zip,passcounterpartyfalsifierv60csv,6
FRONTERA_CICLO_AJUSTE_V66_INDIVIDUAL_AQ_RETRIEVAL_AND_NETWORK_EXPANSION(3).zip,PROMPT_CODEX_V61_SYSTEM_Q4_AQ_COVERAGE_AND_PASS_NETTING.md,PROMPT_CODEX_V61_SYSTEM_Q4_AQ_COVERAGE_AND_PASS_NETTING.md,848,3347385940,FRONTERA_CICLO_AJUSTE_V66_INDIVIDUAL_AQ_RETRIEVAL_AND_NETWORK_EXPANSION(3).zip::BASE_V65.zip::BASE_V64.zip::v64/BASE_V63.zip::BASE_V62.zip::BASE_V61.zip::BASE_V60.zip,zip,promptcodexv61systemq4aqcoverageandpassnettingmd,6
FRONTERA_CICLO_AJUSTE_V66_INDIVIDUAL_AQ_RETRIEVAL_AND_NETWORK_EXPANSION(3).zip,QA_RESULT_V60.txt,QA_RESULT_V60.txt,5,3256905966,FRONTERA_CICLO_AJUSTE_V66_INDIVIDUAL_AQ_RETRIEVAL_AND_NETWORK_EXPANSION(3).zip::BASE_V65.zip::BASE_V64.zip::v64/BASE_V63.zip::BASE_V62.zip::BASE_V61.zip::BASE_V60.zip,zip,qaresultv60txt,6
FRONTERA_CICLO_AJUSTE_V66_INDIVIDUAL_AQ_RETRIEVAL_AND_NETWORK_EXPANSION(3).zip,RAW_ENTITY_2023_MANIFEST_V60.csv,RAW_ENTITY_2023_MANIFEST_V60.csv,500,1466823452,FRONTERA_CICLO_AJUSTE_V66_INDIVIDUAL_AQ_RETRIEVAL_AND_NETWORK_EXPANSION(3).zip::BASE_V65.zip::BASE_V64.zip::v64/BASE_V63.zip::BASE_V62.zip::BASE_V61.zip::BASE_V60.zip,zip,rawentity2023manifestv60csv,6
FRONTERA_CICLO_AJUSTE_V66_INDIVIDUAL_AQ_RETRIEVAL_AND_NETWORK_EXPANSION(3).zip,README_V60.md,README_V60.md,297,2936266435,FRONTERA_CICLO_AJUSTE_V66_INDIVIDUAL_AQ_RETRIEVAL_AND_NETWORK_EXPANSION(3).zip::BASE_V65.zip::BASE_V64.zip::v64/BASE_V63.zip::BASE_V62.zip::BASE_V61.zip::BASE_V60.zip,zip,readmev60md,6
FRONTERA_CICLO_AJUSTE_V66_INDIVIDUAL_AQ_RETRIEVAL_AND_NETWORK_EXPANSION(3).zip,SECURITIES_PUBLIC_ISSUER_GATE_V60.csv,SECURITIES_PUBLIC_ISSUER_GATE_V60.csv,586,3902737956,FRONTERA_CICLO_AJUSTE_V66_INDIVIDUAL_AQ_RETRIEVAL_AND_NETWORK_EXPANSION(3).zip::BASE_V65.zip::BASE_V64.zip::v64/BASE_V63.zip::BASE_V62.zip::BASE_V61.zip::BASE_V60.zip,zip,securitiespublicissuergatev60csv,6
FRONTERA_CICLO_AJUSTE_V66_INDIVIDUAL_AQ_RETRIEVAL_AND_NETWORK_EXPANSION(3).zip,VEREDICTO_V60.md,VEREDICTO_V60.md,754,2483816971,FRONTERA_CICLO_AJUSTE_V66_INDIVIDUAL_AQ_RETRIEVAL_AND_NETWORK_EXPANSION(3).zip::BASE_V65.zip::BASE_V64.zip::v64/BASE_V63.zip::BASE_V62.zip::BASE_V61.zip::BASE_V60.zip,zip,veredictov60md,6
FRONTERA_CICLO_AJUSTE_V66_INDIVIDUAL_AQ_RETRIEVAL_AND_NETWORK_EXPANSION(3).zip,qa_v60.py,qa_v60.py,1094,326113959,FRONTERA_CICLO_AJUSTE_V66_INDIVIDUAL_AQ_RETRIEVAL_AND_NETWORK_EXPANSION(3).zip::BASE_V65.zip::BASE_V64.zip::v64/BASE_V63.zip::BASE_V62.zip::BASE_V61.zip::BASE_V60.zip,zip,qav60py,6
FRONTERA_CICLO_AJUSTE_V66_INDIVIDUAL_AQ_RETRIEVAL_AND_NETWORK_EXPANSION(3).zip,COUNTERPARTY_UPDATE_V61.csv,COUNTERPARTY_UPDATE_V61.csv,1120,3481983767,FRONTERA_CICLO_AJUSTE_V66_INDIVIDUAL_AQ_RETRIEVAL_AND_NETWORK_EXPANSION(3).zip::BASE_V65.zip::BASE_V64.zip::v64/BASE_V63.zip::BASE_V62.zip::BASE_V61.zip,zip,counterpartyupdatev61csv,5
FRONTERA_CICLO_AJUSTE_V66_INDIVIDUAL_AQ_RETRIEVAL_AND_NETWORK_EXPANSION(3).zip,ENTITY_COVERAGE_V61.csv,ENTITY_COVERAGE_V61.csv,1414,2924937209,FRONTERA_CICLO_AJUSTE_V66_INDIVIDUAL_AQ_RETRIEVAL_AND_NETWORK_EXPANSION(3).zip::BASE_V65.zip::BASE_V64.zip::v64/BASE_V63.zip::BASE_V62.zip::BASE_V61.zip,zip,entitycoveragev61csv,5
FRONTERA_CICLO_AJUSTE_V66_INDIVIDUAL_AQ_RETRIEVAL_AND_NETWORK_EXPANSION(3).zip,ENTITY_Q4_AQ_SYSTEM_SAMPLE_V61.csv,ENTITY_Q4_AQ_SYSTEM_SAMPLE_V61.csv,1070,3456547457,FRONTERA_CICLO_AJUSTE_V66_INDIVIDUAL_AQ_RETRIEVAL_AND_NETWORK_EXPANSION(3).zip::BASE_V65.zip::BASE_V64.zip::v64/BASE_V63.zip::BASE_V62.zip::BASE_V61.zip,zip,entityq4aqsystemsamplev61csv,5
FRONTERA_CICLO_AJUSTE_V66_INDIVIDUAL_AQ_RETRIEVAL_AND_NETWORK_EXPANSION(3).zip,EVIDENCE_LEDGER_CICLO_AJUSTE_V61.csv,EVIDENCE_LEDGER_CICLO_AJUSTE_V61.csv,46673,3069909082,FRONTERA_CICLO_AJUSTE_V66_INDIVIDUAL_AQ_RETRIEVAL_AND_NETWORK_EXPANSION(3).zip::BASE_V65.zip::BASE_V64.zip::v64/BASE_V63.zip::BASE_V62.zip::BASE_V61.zip,zip,evidenceledgercicloajustev61csv,5
FRONTERA_CICLO_AJUSTE_V66_INDIVIDUAL_AQ_RETRIEVAL_AND_NETWORK_EXPANSION(3).zip,FUENTES_V61.md,FUENTES_V61.md,1086,1751984189,FRONTERA_CICLO_AJUSTE_V66_INDIVIDUAL_AQ_RETRIEVAL_AND_NETWORK_EXPANSION(3).zip::BASE_V65.zip::BASE_V64.zip::v64/BASE_V63.zip::BASE_V62.zip::BASE_V61.zip,zip,fuentesv61md,5
FRONTERA_CICLO_AJUSTE_V66_INDIVIDUAL_AQ_RETRIEVAL_AND_NETWORK_EXPANSION(3).zip,HOUSEHOLD_PRODUCT_BOUND_V61.csv,HOUSEHOLD_PRODUCT_BOUND_V61.csv,902,354413282,FRONTERA_CICLO_AJUSTE_V66_INDIVIDUAL_AQ_RETRIEVAL_AND_NETWORK_EXPANSION(3).zip::BASE_V65.zip::BASE_V64.zip::v64/BASE_V63.zip::BASE_V62.zip::BASE_V61.zip,zip,householdproductboundv61csv,5
FRONTERA_CICLO_AJUSTE_V66_INDIVIDUAL_AQ_RETRIEVAL_AND_NETWORK_EXPANSION(3).zip,INTERBANK_PASS_NETTING_AUDIT_V61.md,INTERBANK_PASS_NETTING_AUDIT_V61.md,1776,752990661,FRONTERA_CICLO_AJUSTE_V66_INDIVIDUAL_AQ_RETRIEVAL_AND_NETWORK_EXPANSION(3).zip::BASE_V65.zip::BASE_V64.zip::v64/BASE_V63.zip::BASE_V62.zip::BASE_V61.zip,zip,interbankpassnettingauditv61md,5
FRONTERA_CICLO_AJUSTE_V66_INDIVIDUAL_AQ_RETRIEVAL_AND_NETWORK_EXPANSION(3).zip,MANIFEST_V61.json,MANIFEST_V61.json,3454,2339156851,FRONTERA_CICLO_AJUSTE_V66_INDIVIDUAL_AQ_RETRIEVAL_AND_NETWORK_EXPANSION(3).zip::BASE_V65.zip::BASE_V64.zip::v64/BASE_V63.zip::BASE_V62.zip::BASE_V61.zip,zip,manifestv61json,5
FRONTERA_CICLO_AJUSTE_V66_INDIVIDUAL_AQ_RETRIEVAL_AND_NETWORK_EXPANSION(3).zip,PASS_COUNTERPARTY_SYSTEM_V61.csv,PASS_COUNTERPARTY_SYSTEM_V61.csv,772,1236051180,FRONTERA_CICLO_AJUSTE_V66_INDIVIDUAL_AQ_RETRIEVAL_AND_NETWORK_EXPANSION(3).zip::BASE_V65.zip::BASE_V64.zip::v64/BASE_V63.zip::BASE_V62.zip::BASE_V61.zip,zip,passcounterpartysystemv61csv,5
FRONTERA_CICLO_AJUSTE_V66_INDIVIDUAL_AQ_RETRIEVAL_AND_NETWORK_EXPANSION(3).zip,PROMPT_CODEX_V62_MACHINE_READABLE_ENTITY_RESULT_AGGREGATION.md,PROMPT_CODEX_V62_MACHINE_READABLE_ENTITY_RESULT_AGGREGATION.md,1594,4164071461,FRONTERA_CICLO_AJUSTE_V66_INDIVIDUAL_AQ_RETRIEVAL_AND_NETWORK_EXPANSION(3).zip::BASE_V65.zip::BASE_V64.zip::v64/BASE_V63.zip::BASE_V62.zip::BASE_V61.zip,zip,promptcodexv62machinereadableentityresultaggregationmd,5
FRONTERA_CICLO_AJUSTE_V66_INDIVIDUAL_AQ_RETRIEVAL_AND_NETWORK_EXPANSION(3).zip,QA_RESULT_V61.txt,QA_RESULT_V61.txt,5,3256905966,FRONTERA_CICLO_AJUSTE_V66_INDIVIDUAL_AQ_RETRIEVAL_AND_NETWORK_EXPANSION(3).zip::BASE_V65.zip::BASE_V64.zip::v64/BASE_V63.zip::BASE_V62.zip::BASE_V61.zip,zip,qaresultv61txt,5
FRONTERA_CICLO_AJUSTE_V66_INDIVIDUAL_AQ_RETRIEVAL_AND_NETWORK_EXPANSION(3).zip,README_V61.md,README_V61.md,386,3559340451,FRONTERA_CICLO_AJUSTE_V66_INDIVIDUAL_AQ_RETRIEVAL_AND_NETWORK_EXPANSION(3).zip::BASE_V65.zip::BASE_V64.zip::v64/BASE_V63.zip::BASE_V62.zip::BASE_V61.zip,zip,readmev61md,5
FRONTERA_CICLO_AJUSTE_V66_INDIVIDUAL_AQ_RETRIEVAL_AND_NETWORK_EXPANSION(3).zip,SAMPLE_DIAGNOSTIC_V61.csv,SAMPLE_DIAGNOSTIC_V61.csv,486,3523793292,FRONTERA_CICLO_AJUSTE_V66_INDIVIDUAL_AQ_RETRIEVAL_AND_NETWORK_EXPANSION(3).zip::BASE_V65.zip::BASE_V64.zip::v64/BASE_V63.zip::BASE_V62.zip::BASE_V61.zip,zip,samplediagnosticv61csv,5
FRONTERA_CICLO_AJUSTE_V66_INDIVIDUAL_AQ_RETRIEVAL_AND_NETWORK_EXPANSION(3).zip,STOCK_FLOW_PASS_FALSIFIER_V61.csv,STOCK_FLOW_PASS_FALSIFIER_V61.csv,492,1734867425,FRONTERA_CICLO_AJUSTE_V66_INDIVIDUAL_AQ_RETRIEVAL_AND_NETWORK_EXPANSION(3).zip::BASE_V65.zip::BASE_V64.zip::v64/BASE_V63.zip::BASE_V62.zip::BASE_V61.zip,zip,stockflowpassfalsifierv61csv,5
FRONTERA_CICLO_AJUSTE_V66_INDIVIDUAL_AQ_RETRIEVAL_AND_NETWORK_EXPANSION(3).zip,SYSTEM_RECONCILIATION_V61.csv,SYSTEM_RECONCILIATION_V61.csv,913,941627061,FRONTERA_CICLO_AJUSTE_V66_INDIVIDUAL_AQ_RETRIEVAL_AND_NETWORK_EXPANSION(3).zip::BASE_V65.zip::BASE_V64.zip::v64/BASE_V63.zip::BASE_V62.zip::BASE_V61.zip,zip,systemreconciliationv61csv,5
FRONTERA_CICLO_AJUSTE_V66_INDIVIDUAL_AQ_RETRIEVAL_AND_NETWORK_EXPANSION(3).zip,VEREDICTO_V61.md,VEREDICTO_V61.md,728,3433497097,FRONTERA_CICLO_AJUSTE_V66_INDIVIDUAL_AQ_RETRIEVAL_AND_NETWORK_EXPANSION(3).zip::BASE_V65.zip::BASE_V64.zip::v64/BASE_V63.zip::BASE_V62.zip::BASE_V61.zip,zip,veredictov61md,5
FRONTERA_CICLO_AJUSTE_V66_INDIVIDUAL_AQ_RETRIEVAL_AND_NETWORK_EXPANSION(3).zip,qa_v61.py,qa_v61.py,832,2609763903,FRONTERA_CICLO_AJUSTE_V66_INDIVIDUAL_AQ_RETRIEVAL_AND_NETWORK_EXPANSION(3).zip::BASE_V65.zip::BASE_V64.zip::v64/BASE_V63.zip::BASE_V62.zip::BASE_V61.zip,zip,qav61py,5
FRONTERA_CICLO_AJUSTE_V66_INDIVIDUAL_AQ_RETRIEVAL_AND_NETWORK_EXPANSION(3).zip,COUNTERPARTY_UPDATE_V62.csv,COUNTERPARTY_UPDATE_V62.csv,976,3954827440,FRONTERA_CICLO_AJUSTE_V66_INDIVIDUAL_AQ_RETRIEVAL_AND_NETWORK_EXPANSION(3).zip::BASE_V65.zip::BASE_V64.zip::v64/BASE_V63.zip::BASE_V62.zip,zip,counterpartyupdatev62csv,4
FRONTERA_CICLO_AJUSTE_V66_INDIVIDUAL_AQ_RETRIEVAL_AND_NETWORK_EXPANSION(3).zip,ENTITY_COVERAGE_V62.csv,ENTITY_COVERAGE_V62.csv,832,878191740,FRONTERA_CICLO_AJUSTE_V66_INDIVIDUAL_AQ_RETRIEVAL_AND_NETWORK_EXPANSION(3).zip::BASE_V65.zip::BASE_V64.zip::v64/BASE_V63.zip::BASE_V62.zip,zip,entitycoveragev62csv,4
FRONTERA_CICLO_AJUSTE_V66_INDIVIDUAL_AQ_RETRIEVAL_AND_NETWORK_EXPANSION(3).zip,ENTITY_Q4_AQ_PANEL_V62.csv,ENTITY_Q4_AQ_PANEL_V62.csv,1286,3152356441,FRONTERA_CICLO_AJUSTE_V66_INDIVIDUAL_AQ_RETRIEVAL_AND_NETWORK_EXPANSION(3).zip::BASE_V65.zip::BASE_V64.zip::v64/BASE_V63.zip::BASE_V62.zip,zip,entityq4aqpanelv62csv,4
FRONTERA_CICLO_AJUSTE_V66_INDIVIDUAL_AQ_RETRIEVAL_AND_NETWORK_EXPANSION(3).zip,EVIDENCE_LEDGER_CICLO_AJUSTE_V62.csv,EVIDENCE_LEDGER_CICLO_AJUSTE_V62.csv,744,1831626994,FRONTERA_CICLO_AJUSTE_V66_INDIVIDUAL_AQ_RETRIEVAL_AND_NETWORK_EXPANSION(3).zip::BASE_V65.zip::BASE_V64.zip::v64/BASE_V63.zip::BASE_V62.zip,zip,evidenceledgercicloajustev62csv,4
FRONTERA_CICLO_AJUSTE_V66_INDIVIDUAL_AQ_RETRIEVAL_AND_NETWORK_EXPANSION(3).zip,FUENTES_V62.md,FUENTES_V62.md,609,874438201,FRONTERA_CICLO_AJUSTE_V66_INDIVIDUAL_AQ_RETRIEVAL_AND_NETWORK_EXPANSION(3).zip::BASE_V65.zip::BASE_V64.zip::v64/BASE_V63.zip::BASE_V62.zip,zip,fuentesv62md,4
FRONTERA_CICLO_AJUSTE_V66_INDIVIDUAL_AQ_RETRIEVAL_AND_NETWORK_EXPANSION(3).zip,HOUSEHOLD_PRODUCT_SYSTEM_V62.csv,HOUSEHOLD_PRODUCT_SYSTEM_V62.csv,1469,4170250821,FRONTERA_CICLO_AJUSTE_V66_INDIVIDUAL_AQ_RETRIEVAL_AND_NETWORK_EXPANSION(3).zip::BASE_V65.zip::BASE_V64.zip::v64/BASE_V63.zip::BASE_V62.zip,zip,householdproductsystemv62csv,4
FRONTERA_CICLO_AJUSTE_V66_INDIVIDUAL_AQ_RETRIEVAL_AND_NETWORK_EXPANSION(3).zip,IEF_PASS_RECONCILIATION_V62.csv,IEF_PASS_RECONCILIATION_V62.csv,546,1343322763,FRONTERA_CICLO_AJUSTE_V66_INDIVIDUAL_AQ_RETRIEVAL_AND_NETWORK_EXPANSION(3).zip::BASE_V65.zip::BASE_V64.zip::v64/BASE_V63.zip::BASE_V62.zip,zip,iefpassreconciliationv62csv,4
FRONTERA_CICLO_AJUSTE_V66_INDIVIDUAL_AQ_RETRIEVAL_AND_NETWORK_EXPANSION(3).zip,INTERBANK_CANCELLATION_TEST_V62.csv,INTERBANK_CANCELLATION_TEST_V62.csv,488,3589318335,FRONTERA_CICLO_AJUSTE_V66_INDIVIDUAL_AQ_RETRIEVAL_AND_NETWORK_EXPANSION(3).zip::BASE_V65.zip::BASE_V64.zip::v64/BASE_V63.zip::BASE_V62.zip,zip,interbankcancellationtestv62csv,4
FRONTERA_CICLO_AJUSTE_V66_INDIVIDUAL_AQ_RETRIEVAL_AND_NETWORK_EXPANSION(3).zip,MANIFEST_V62.json,MANIFEST_V62.json,3401,2934962812,FRONTERA_CICLO_AJUSTE_V66_INDIVIDUAL_AQ_RETRIEVAL_AND_NETWORK_EXPANSION(3).zip::BASE_V65.zip::BASE_V64.zip::v64/BASE_V63.zip::BASE_V62.zip,zip,manifestv62json,4
FRONTERA_CICLO_AJUSTE_V66_INDIVIDUAL_AQ_RETRIEVAL_AND_NETWORK_EXPANSION(3).zip,PASS_GROSS_NET_SYSTEM_V62.csv,PASS_GROSS_NET_SYSTEM_V62.csv,788,2107802603,FRONTERA_CICLO_AJUSTE_V66_INDIVIDUAL_AQ_RETRIEVAL_AND_NETWORK_EXPANSION(3).zip::BASE_V65.zip::BASE_V64.zip::v64/BASE_V63.zip::BASE_V62.zip,zip,passgrossnetsystemv62csv,4
FRONTERA_CICLO_AJUSTE_V66_INDIVIDUAL_AQ_RETRIEVAL_AND_NETWORK_EXPANSION(3).zip,PROMPT_CODEX_V63_FULL_AQ_HOMOGENEOUS_PANEL_AND_EXPENSE_LEGS.md,PROMPT_CODEX_V63_FULL_AQ_HOMOGENEOUS_PANEL_AND_EXPENSE_LEGS.md,1239,2753223760,FRONTERA_CICLO_AJUSTE_V66_INDIVIDUAL_AQ_RETRIEVAL_AND_NETWORK_EXPANSION(3).zip::BASE_V65.zip::BASE_V64.zip::v64/BASE_V63.zip::BASE_V62.zip,zip,promptcodexv63fullaqhomogeneouspanelandexpenselegsmd,4
FRONTERA_CICLO_AJUSTE_V66_INDIVIDUAL_AQ_RETRIEVAL_AND_NETWORK_EXPANSION(3).zip,QA_RESULT_V62.txt,QA_RESULT_V62.txt,5,3256905966,FRONTERA_CICLO_AJUSTE_V66_INDIVIDUAL_AQ_RETRIEVAL_AND_NETWORK_EXPANSION(3).zip::BASE_V65.zip::BASE_V64.zip::v64/BASE_V63.zip::BASE_V62.zip,zip,qaresultv62txt,4
FRONTERA_CICLO_AJUSTE_V66_INDIVIDUAL_AQ_RETRIEVAL_AND_NETWORK_EXPANSION(3).zip,RAW_ENTITY_MANIFEST_V62.csv,RAW_ENTITY_MANIFEST_V62.csv,858,161920569,FRONTERA_CICLO_AJUSTE_V66_INDIVIDUAL_AQ_RETRIEVAL_AND_NETWORK_EXPANSION(3).zip::BASE_V65.zip::BASE_V64.zip::v64/BASE_V63.zip::BASE_V62.zip,zip,rawentitymanifestv62csv,4
FRONTERA_CICLO_AJUSTE_V66_INDIVIDUAL_AQ_RETRIEVAL_AND_NETWORK_EXPANSION(3).zip,README_V62.md,README_V62.md,409,2970664442,FRONTERA_CICLO_AJUSTE_V66_INDIVIDUAL_AQ_RETRIEVAL_AND_NETWORK_EXPANSION(3).zip::BASE_V65.zip::BASE_V64.zip::v64/BASE_V63.zip::BASE_V62.zip,zip,readmev62md,4
FRONTERA_CICLO_AJUSTE_V66_INDIVIDUAL_AQ_RETRIEVAL_AND_NETWORK_EXPANSION(3).zip,VEREDICTO_V62.md,VEREDICTO_V62.md,739,2685722896,FRONTERA_CICLO_AJUSTE_V66_INDIVIDUAL_AQ_RETRIEVAL_AND_NETWORK_EXPANSION(3).zip::BASE_V65.zip::BASE_V64.zip::v64/BASE_V63.zip::BASE_V62.zip,zip,veredictov62md,4
FRONTERA_CICLO_AJUSTE_V66_INDIVIDUAL_AQ_RETRIEVAL_AND_NETWORK_EXPANSION(3).zip,qa_v62.py,qa_v62.py,14,3143009605,FRONTERA_CICLO_AJUSTE_V66_INDIVIDUAL_AQ_RETRIEVAL_AND_NETWORK_EXPANSION(3).zip::BASE_V65.zip::BASE_V64.zip::v64/BASE_V63.zip::BASE_V62.zip,zip,qav62py,4
FRONTERA_CICLO_AJUSTE_V66_INDIVIDUAL_AQ_RETRIEVAL_AND_NETWORK_EXPANSION(3).zip,CONSOLIDATED_Q4_AQ_PANEL_V63.csv,CONSOLIDATED_Q4_AQ_PANEL_V63.csv,1463,3606656169,FRONTERA_CICLO_AJUSTE_V66_INDIVIDUAL_AQ_RETRIEVAL_AND_NETWORK_EXPANSION(3).zip::BASE_V65.zip::BASE_V64.zip::v64/BASE_V63.zip,zip,consolidatedq4aqpanelv63csv,3
FRONTERA_CICLO_AJUSTE_V66_INDIVIDUAL_AQ_RETRIEVAL_AND_NETWORK_EXPANSION(3).zip,COUNTERPARTY_UPDATE_V63.csv,COUNTERPARTY_UPDATE_V63.csv,1443,167982417,FRONTERA_CICLO_AJUSTE_V66_INDIVIDUAL_AQ_RETRIEVAL_AND_NETWORK_EXPANSION(3).zip::BASE_V65.zip::BASE_V64.zip::v64/BASE_V63.zip,zip,counterpartyupdatev63csv,3
FRONTERA_CICLO_AJUSTE_V66_INDIVIDUAL_AQ_RETRIEVAL_AND_NETWORK_EXPANSION(3).zip,ENTITY_COVERAGE_V63.csv,ENTITY_COVERAGE_V63.csv,978,1741707698,FRONTERA_CICLO_AJUSTE_V66_INDIVIDUAL_AQ_RETRIEVAL_AND_NETWORK_EXPANSION(3).zip::BASE_V65.zip::BASE_V64.zip::v64/BASE_V63.zip,zip,entitycoveragev63csv,3
FRONTERA_CICLO_AJUSTE_V66_INDIVIDUAL_AQ_RETRIEVAL_AND_NETWORK_EXPANSION(3).zip,EVIDENCE_LEDGER_CICLO_AJUSTE_V63.csv,EVIDENCE_LEDGER_CICLO_AJUSTE_V63.csv,1591,1167366747,FRONTERA_CICLO_AJUSTE_V66_INDIVIDUAL_AQ_RETRIEVAL_AND_NETWORK_EXPANSION(3).zip::BASE_V65.zip::BASE_V64.zip::v64/BASE_V63.zip,zip,evidenceledgercicloajustev63csv,3
FRONTERA_CICLO_AJUSTE_V66_INDIVIDUAL_AQ_RETRIEVAL_AND_NETWORK_EXPANSION(3).zip,FOUR_LEG_PASS_PANEL_V63.csv,FOUR_LEG_PASS_PANEL_V63.csv,1158,2302138695,FRONTERA_CICLO_AJUSTE_V66_INDIVIDUAL_AQ_RETRIEVAL_AND_NETWORK_EXPANSION(3).zip::BASE_V65.zip::BASE_V64.zip::v64/BASE_V63.zip,zip,fourlegpasspanelv63csv,3
FRONTERA_CICLO_AJUSTE_V66_INDIVIDUAL_AQ_RETRIEVAL_AND_NETWORK_EXPANSION(3).zip,FUENTES_V63.md,FUENTES_V63.md,1249,1438572322,FRONTERA_CICLO_AJUSTE_V66_INDIVIDUAL_AQ_RETRIEVAL_AND_NETWORK_EXPANSION(3).zip::BASE_V65.zip::BASE_V64.zip::v64/BASE_V63.zip,zip,fuentesv63md,3
FRONTERA_CICLO_AJUSTE_V66_INDIVIDUAL_AQ_RETRIEVAL_AND_NETWORK_EXPANSION(3).zip,HOUSEHOLD_PRODUCT_PANEL_V63.csv,HOUSEHOLD_PRODUCT_PANEL_V63.csv,1342,3406328649,FRONTERA_CICLO_AJUSTE_V66_INDIVIDUAL_AQ_RETRIEVAL_AND_NETWORK_EXPANSION(3).zip::BASE_V65.zip::BASE_V64.zip::v64/BASE_V63.zip,zip,householdproductpanelv63csv,3
FRONTERA_CICLO_AJUSTE_V66_INDIVIDUAL_AQ_RETRIEVAL_AND_NETWORK_EXPANSION(3).zip,HOUSEHOLD_SECTOR_MAPPING_AUDIT_V63.md,HOUSEHOLD_SECTOR_MAPPING_AUDIT_V63.md,1037,4263515362,FRONTERA_CICLO_AJUSTE_V66_INDIVIDUAL_AQ_RETRIEVAL_AND_NETWORK_EXPANSION(3).zip::BASE_V65.zip::BASE_V64.zip::v64/BASE_V63.zip,zip,householdsectormappingauditv63md,3
FRONTERA_CICLO_AJUSTE_V66_INDIVIDUAL_AQ_RETRIEVAL_AND_NETWORK_EXPANSION(3).zip,IEF_PASS_RECONCILIATION_V63.csv,IEF_PASS_RECONCILIATION_V63.csv,540,3195844789,FRONTERA_CICLO_AJUSTE_V66_INDIVIDUAL_AQ_RETRIEVAL_AND_NETWORK_EXPANSION(3).zip::BASE_V65.zip::BASE_V64.zip::v64/BASE_V63.zip,zip,iefpassreconciliationv63csv,3
FRONTERA_CICLO_AJUSTE_V66_INDIVIDUAL_AQ_RETRIEVAL_AND_NETWORK_EXPANSION(3).zip,INDIVIDUAL_Q4_AQ_PANEL_V63.csv,INDIVIDUAL_Q4_AQ_PANEL_V63.csv,641,4250552853,FRONTERA_CICLO_AJUSTE_V66_INDIVIDUAL_AQ_RETRIEVAL_AND_NETWORK_EXPANSION(3).zip::BASE_V65.zip::BASE_V64.zip::v64/BASE_V63.zip,zip,individualq4aqpanelv63csv,3
FRONTERA_CICLO_AJUSTE_V66_INDIVIDUAL_AQ_RETRIEVAL_AND_NETWORK_EXPANSION(3).zip,MANIFEST_V63.json,MANIFEST_V63.json,3514,2549584341,FRONTERA_CICLO_AJUSTE_V66_INDIVIDUAL_AQ_RETRIEVAL_AND_NETWORK_EXPANSION(3).zip::BASE_V65.zip::BASE_V64.zip::v64/BASE_V63.zip,zip,manifestv63json,3
FRONTERA_CICLO_AJUSTE_V66_INDIVIDUAL_AQ_RETRIEVAL_AND_NETWORK_EXPANSION(3).zip,PROMPT_CODEX_V64_CLOSED_PASS_NETWORK_COVERAGE_AND_SECTOR_MAPPING.md,PROMPT_CODEX_V64_CLOSED_PASS_NETWORK_COVERAGE_AND_SECTOR_MAPPING.md,1635,18894133,FRONTERA_CICLO_AJUSTE_V66_INDIVIDUAL_AQ_RETRIEVAL_AND_NETWORK_EXPANSION(3).zip::BASE_V65.zip::BASE_V64.zip::v64/BASE_V63.zip,zip,promptcodexv64closedpassnetworkcoverageandsectormappingmd,3
FRONTERA_CICLO_AJUSTE_V66_INDIVIDUAL_AQ_RETRIEVAL_AND_NETWORK_EXPANSION(3).zip,QA_RESULT_V63.txt,QA_RESULT_V63.txt,5,3256905966,FRONTERA_CICLO_AJUSTE_V66_INDIVIDUAL_AQ_RETRIEVAL_AND_NETWORK_EXPANSION(3).zip::BASE_V65.zip::BASE_V64.zip::v64/BASE_V63.zip,zip,qaresultv63txt,3
FRONTERA_CICLO_AJUSTE_V66_INDIVIDUAL_AQ_RETRIEVAL_AND_NETWORK_EXPANSION(3).zip,README_V63.md,README_V63.md,522,401487701,FRONTERA_CICLO_AJUSTE_V66_INDIVIDUAL_AQ_RETRIEVAL_AND_NETWORK_EXPANSION(3).zip::BASE_V65.zip::BASE_V64.zip::v64/BASE_V63.zip,zip,readmev63md,3
FRONTERA_CICLO_AJUSTE_V66_INDIVIDUAL_AQ_RETRIEVAL_AND_NETWORK_EXPANSION(3).zip,SYMMETRIC_INTERBANK_NETTING_TEST_V63.csv,SYMMETRIC_INTERBANK_NETTING_TEST_V63.csv,527,63456368,FRONTERA_CICLO_AJUSTE_V66_INDIVIDUAL_AQ_RETRIEVAL_AND_NETWORK_EXPANSION(3).zip::BASE_V65.zip::BASE_V64.zip::v64/BASE_V63.zip,zip,symmetricinterbanknettingtestv63csv,3
FRONTERA_CICLO_AJUSTE_V66_INDIVIDUAL_AQ_RETRIEVAL_AND_NETWORK_EXPANSION(3).zip,VEREDICTO_V63.md,VEREDICTO_V63.md,801,2136461594,FRONTERA_CICLO_AJUSTE_V66_INDIVIDUAL_AQ_RETRIEVAL_AND_NETWORK_EXPANSION(3).zip::BASE_V65.zip::BASE_V64.zip::v64/BASE_V63.zip,zip,veredictov63md,3
FRONTERA_CICLO_AJUSTE_V66_INDIVIDUAL_AQ_RETRIEVAL_AND_NETWORK_EXPANSION(3).zip,qa_v63.py,qa_v63.py,1297,1276681817,FRONTERA_CICLO_AJUSTE_V66_INDIVIDUAL_AQ_RETRIEVAL_AND_NETWORK_EXPANSION(3).zip::BASE_V65.zip::BASE_V64.zip::v64/BASE_V63.zip,zip,qav63py,3
FRONTERA_CICLO_AJUSTE_V66_INDIVIDUAL_AQ_RETRIEVAL_AND_NETWORK_EXPANSION(3).zip,v64/HOUSEHOLD_SECTOR_MAPPING_V64.csv,HOUSEHOLD_SECTOR_MAPPING_V64.csv,2474,2258336906,FRONTERA_CICLO_AJUSTE_V66_INDIVIDUAL_AQ_RETRIEVAL_AND_NETWORK_EXPANSION(3).zip::BASE_V65.zip::BASE_V64.zip,zip,householdsectormappingv64csv,2
FRONTERA_CICLO_AJUSTE_V66_INDIVIDUAL_AQ_RETRIEVAL_AND_NETWORK_EXPANSION(3).zip,v64/QA_RESULT_V64.txt,QA_RESULT_V64.txt,5,3256905966,FRONTERA_CICLO_AJUSTE_V66_INDIVIDUAL_AQ_RETRIEVAL_AND_NETWORK_EXPANSION(3).zip::BASE_V65.zip::BASE_V64.zip,zip,qaresultv64txt,2
FRONTERA_CICLO_AJUSTE_V66_INDIVIDUAL_AQ_RETRIEVAL_AND_NETWORK_EXPANSION(3).zip,v64/qa_v64.py,qa_v64.py,1174,1783292082,FRONTERA_CICLO_AJUSTE_V66_INDIVIDUAL_AQ_RETRIEVAL_AND_NETWORK_EXPANSION(3).zip::BASE_V65.zip::BASE_V64.zip,zip,qav64py,2
FRONTERA_CICLO_AJUSTE_V66_INDIVIDUAL_AQ_RETRIEVAL_AND_NETWORK_EXPANSION(3).zip,v64/PASS_COUNTERPARTY_BOUNDS_V64.csv,PASS_COUNTERPARTY_BOUNDS_V64.csv,769,2246893850,FRONTERA_CICLO_AJUSTE_V66_INDIVIDUAL_AQ_RETRIEVAL_AND_NETWORK_EXPANSION(3).zip::BASE_V65.zip::BASE_V64.zip,zip,passcounterpartyboundsv64csv,2
FRONTERA_CICLO_AJUSTE_V66_INDIVIDUAL_AQ_RETRIEVAL_AND_NETWORK_EXPANSION(3).zip,v64/COUNTERPARTY_UPDATE_V64.csv,COUNTERPARTY_UPDATE_V64.csv,1638,1942618832,FRONTERA_CICLO_AJUSTE_V66_INDIVIDUAL_AQ_RETRIEVAL_AND_NETWORK_EXPANSION(3).zip::BASE_V65.zip::BASE_V64.zip,zip,counterpartyupdatev64csv,2
FRONTERA_CICLO_AJUSTE_V66_INDIVIDUAL_AQ_RETRIEVAL_AND_NETWORK_EXPANSION(3).zip,v64/PROMPT_CODEX_V65_BASIS_HARMONIZATION_AND_REMAINING_CLOSED_NETWORK_COVERAGE.md,PROMPT_CODEX_V65_BASIS_HARMONIZATION_AND_REMAINING_CLOSED_NETWORK_COVERAGE.md,2425,3301498787,FRONTERA_CICLO_AJUSTE_V66_INDIVIDUAL_AQ_RETRIEVAL_AND_NETWORK_EXPANSION(3).zip::BASE_V65.zip::BASE_V64.zip,zip,promptcodexv65basisharmonizationandremainingclosednetworkcoveragemd,2
FRONTERA_CICLO_AJUSTE_V66_INDIVIDUAL_AQ_RETRIEVAL_AND_NETWORK_EXPANSION(3).zip,v64/AUDITORIA_V64.md,AUDITORIA_V64.md,1768,427859888,FRONTERA_CICLO_AJUSTE_V66_INDIVIDUAL_AQ_RETRIEVAL_AND_NETWORK_EXPANSION(3).zip::BASE_V65.zip::BASE_V64.zip,zip,auditoriav64md,2
FRONTERA_CICLO_AJUSTE_V66_INDIVIDUAL_AQ_RETRIEVAL_AND_NETWORK_EXPANSION(3).zip,v64/FUENTES_V64.md,FUENTES_V64.md,1402,2535036655,FRONTERA_CICLO_AJUSTE_V66_INDIVIDUAL_AQ_RETRIEVAL_AND_NETWORK_EXPANSION(3).zip::BASE_V65.zip::BASE_V64.zip,zip,fuentesv64md,2
FRONTERA_CICLO_AJUSTE_V66_INDIVIDUAL_AQ_RETRIEVAL_AND_NETWORK_EXPANSION(3).zip,v64/README_V64.md,README_V64.md,691,4209804692,FRONTERA_CICLO_AJUSTE_V66_INDIVIDUAL_AQ_RETRIEVAL_AND_NETWORK_EXPANSION(3).zip::BASE_V65.zip::BASE_V64.zip,zip,readmev64md,2
FRONTERA_CICLO_AJUSTE_V66_INDIVIDUAL_AQ_RETRIEVAL_AND_NETWORK_EXPANSION(3).zip,v64/IEF_PASS_RECONCILIATION_V64.csv,IEF_PASS_RECONCILIATION_V64.csv,729,48263883,FRONTERA_CICLO_AJUSTE_V66_INDIVIDUAL_AQ_RETRIEVAL_AND_NETWORK_EXPANSION(3).zip::BASE_V65.zip::BASE_V64.zip,zip,iefpassreconciliationv64csv,2
FRONTERA_CICLO_AJUSTE_V66_INDIVIDUAL_AQ_RETRIEVAL_AND_NETWORK_EXPANSION(3).zip,v64/CLOSED_NETWORK_NETTING_TEST_V64.csv,CLOSED_NETWORK_NETTING_TEST_V64.csv,688,1527256713,FRONTERA_CICLO_AJUSTE_V66_INDIVIDUAL_AQ_RETRIEVAL_AND_NETWORK_EXPANSION(3).zip::BASE_V65.zip::BASE_V64.zip,zip,closednetworknettingtestv64csv,2
FRONTERA_CICLO_AJUSTE_V66_INDIVIDUAL_AQ_RETRIEVAL_AND_NETWORK_EXPANSION(3).zip,v64/FOUR_LEG_PASS_PANEL_V64.csv,FOUR_LEG_PASS_PANEL_V64.csv,1428,3589933292,FRONTERA_CICLO_AJUSTE_V66_INDIVIDUAL_AQ_RETRIEVAL_AND_NETWORK_EXPANSION(3).zip::BASE_V65.zip::BASE_V64.zip,zip,fourlegpasspanelv64csv,2
FRONTERA_CICLO_AJUSTE_V66_INDIVIDUAL_AQ_RETRIEVAL_AND_NETWORK_EXPANSION(3).zip,v64/CLOSED_NETWORK_COVERAGE_V64.csv,CLOSED_NETWORK_COVERAGE_V64.csv,1625,936507974,FRONTERA_CICLO_AJUSTE_V66_INDIVIDUAL_AQ_RETRIEVAL_AND_NETWORK_EXPANSION(3).zip::BASE_V65.zip::BASE_V64.zip,zip,closednetworkcoveragev64csv,2
FRONTERA_CICLO_AJUSTE_V66_INDIVIDUAL_AQ_RETRIEVAL_AND_NETWORK_EXPANSION(3).zip,v64/HOUSEHOLD_PRODUCT_PANEL_V64.csv,HOUSEHOLD_PRODUCT_PANEL_V64.csv,1489,2041405891,FRONTERA_CICLO_AJUSTE_V66_INDIVIDUAL_AQ_RETRIEVAL_AND_NETWORK_EXPANSION(3).zip::BASE_V65.zip::BASE_V64.zip,zip,householdproductpanelv64csv,2
FRONTERA_CICLO_AJUSTE_V66_INDIVIDUAL_AQ_RETRIEVAL_AND_NETWORK_EXPANSION(3).zip,v64/EVIDENCE_LEDGER_CICLO_AJUSTE_V64.csv,EVIDENCE_LEDGER_CICLO_AJUSTE_V64.csv,2650,2671377196,FRONTERA_CICLO_AJUSTE_V66_INDIVIDUAL_AQ_RETRIEVAL_AND_NETWORK_EXPANSION(3).zip::BASE_V65.zip::BASE_V64.zip,zip,evidenceledgercicloajustev64csv,2
FRONTERA_CICLO_AJUSTE_V66_INDIVIDUAL_AQ_RETRIEVAL_AND_NETWORK_EXPANSION(3).zip,v64/HANDOVER_CODEX_CICLO_AJUSTE_V64_A_V65.md,HANDOVER_CODEX_CICLO_AJUSTE_V64_A_V65.md,1548,2714686482,FRONTERA_CICLO_AJUSTE_V66_INDIVIDUAL_AQ_RETRIEVAL_AND_NETWORK_EXPANSION(3).zip::BASE_V65.zip::BASE_V64.zip,zip,handovercodexcicloajustev64av65md,2
FRONTERA_CICLO_AJUSTE_V66_INDIVIDUAL_AQ_RETRIEVAL_AND_NETWORK_EXPANSION(3).zip,v64/MANIFEST_V64.json,MANIFEST_V64.json,3775,4217835733,FRONTERA_CICLO_AJUSTE_V66_INDIVIDUAL_AQ_RETRIEVAL_AND_NETWORK_EXPANSION(3).zip::BASE_V65.zip::BASE_V64.zip,zip,manifestv64json,2
FRONTERA_CICLO_AJUSTE_V66_INDIVIDUAL_AQ_RETRIEVAL_AND_NETWORK_EXPANSION(3).zip,BASIS_HARMONIZATION_V65.csv,BASIS_HARMONIZATION_V65.csv,1445,596614959,FRONTERA_CICLO_AJUSTE_V66_INDIVIDUAL_AQ_RETRIEVAL_AND_NETWORK_EXPANSION(3).zip::BASE_V65.zip,zip,basisharmonizationv65csv,1
FRONTERA_CICLO_AJUSTE_V66_INDIVIDUAL_AQ_RETRIEVAL_AND_NETWORK_EXPANSION(3).zip,BCRA_BANK_SYSTEM_COVERAGE_V65.csv,BCRA_BANK_SYSTEM_COVERAGE_V65.csv,1508,479379624,FRONTERA_CICLO_AJUSTE_V66_INDIVIDUAL_AQ_RETRIEVAL_AND_NETWORK_EXPANSION(3).zip::BASE_V65.zip,zip,bcrabanksystemcoveragev65csv,1
FRONTERA_CICLO_AJUSTE_V66_INDIVIDUAL_AQ_RETRIEVAL_AND_NETWORK_EXPANSION(3).zip,CLOSED_NETWORK_COVERAGE_V65.csv,CLOSED_NETWORK_COVERAGE_V65.csv,2190,1060572330,FRONTERA_CICLO_AJUSTE_V66_INDIVIDUAL_AQ_RETRIEVAL_AND_NETWORK_EXPANSION(3).zip::BASE_V65.zip,zip,closednetworkcoveragev65csv,1
FRONTERA_CICLO_AJUSTE_V66_INDIVIDUAL_AQ_RETRIEVAL_AND_NETWORK_EXPANSION(3).zip,CLOSED_NETWORK_NETTING_TEST_V65.csv,CLOSED_NETWORK_NETTING_TEST_V65.csv,697,2810173951,FRONTERA_CICLO_AJUSTE_V66_INDIVIDUAL_AQ_RETRIEVAL_AND_NETWORK_EXPANSION(3).zip::BASE_V65.zip,zip,closednetworknettingtestv65csv,1
FRONTERA_CICLO_AJUSTE_V66_INDIVIDUAL_AQ_RETRIEVAL_AND_NETWORK_EXPANSION(3).zip,COUNTERPARTY_UPDATE_V65.csv,COUNTERPARTY_UPDATE_V65.csv,2098,3876913870,FRONTERA_CICLO_AJUSTE_V66_INDIVIDUAL_AQ_RETRIEVAL_AND_NETWORK_EXPANSION(3).zip::BASE_V65.zip,zip,counterpartyupdatev65csv,1
FRONTERA_CICLO_AJUSTE_V66_INDIVIDUAL_AQ_RETRIEVAL_AND_NETWORK_EXPANSION(3).zip,CREDICOOP_FY_AQ_CONTROL_V65.csv,CREDICOOP_FY_AQ_CONTROL_V65.csv,575,3048811599,FRONTERA_CICLO_AJUSTE_V66_INDIVIDUAL_AQ_RETRIEVAL_AND_NETWORK_EXPANSION(3).zip::BASE_V65.zip,zip,credicoopfyaqcontrolv65csv,1
FRONTERA_CICLO_AJUSTE_V66_INDIVIDUAL_AQ_RETRIEVAL_AND_NETWORK_EXPANSION(3).zip,EVIDENCE_LEDGER_CICLO_AJUSTE_V65.csv,EVIDENCE_LEDGER_CICLO_AJUSTE_V65.csv,2924,3368344482,FRONTERA_CICLO_AJUSTE_V66_INDIVIDUAL_AQ_RETRIEVAL_AND_NETWORK_EXPANSION(3).zip::BASE_V65.zip,zip,evidenceledgercicloajustev65csv,1
FRONTERA_CICLO_AJUSTE_V66_INDIVIDUAL_AQ_RETRIEVAL_AND_NETWORK_EXPANSION(3).zip,FOUR_LEG_PASS_PANEL_V65.csv,FOUR_LEG_PASS_PANEL_V65.csv,2441,3376312752,FRONTERA_CICLO_AJUSTE_V66_INDIVIDUAL_AQ_RETRIEVAL_AND_NETWORK_EXPANSION(3).zip::BASE_V65.zip,zip,fourlegpasspanelv65csv,1
FRONTERA_CICLO_AJUSTE_V66_INDIVIDUAL_AQ_RETRIEVAL_AND_NETWORK_EXPANSION(3).zip,FUENTES_V65.md,FUENTES_V65.md,2398,3403862976,FRONTERA_CICLO_AJUSTE_V66_INDIVIDUAL_AQ_RETRIEVAL_AND_NETWORK_EXPANSION(3).zip::BASE_V65.zip,zip,fuentesv65md,1
FRONTERA_CICLO_AJUSTE_V66_INDIVIDUAL_AQ_RETRIEVAL_AND_NETWORK_EXPANSION(3).zip,HANDOVER_CODEX_CICLO_AJUSTE_V65_A_V66.md,HANDOVER_CODEX_CICLO_AJUSTE_V65_A_V66.md,2804,128090728,FRONTERA_CICLO_AJUSTE_V66_INDIVIDUAL_AQ_RETRIEVAL_AND_NETWORK_EXPANSION(3).zip::BASE_V65.zip,zip,handovercodexcicloajustev65av66md,1
FRONTERA_CICLO_AJUSTE_V66_INDIVIDUAL_AQ_RETRIEVAL_AND_NETWORK_EXPANSION(3).zip,HOUSEHOLD_PRODUCT_PANEL_V65.csv,HOUSEHOLD_PRODUCT_PANEL_V65.csv,2274,12949392,FRONTERA_CICLO_AJUSTE_V66_INDIVIDUAL_AQ_RETRIEVAL_AND_NETWORK_EXPANSION(3).zip::BASE_V65.zip,zip,householdproductpanelv65csv,1
FRONTERA_CICLO_AJUSTE_V66_INDIVIDUAL_AQ_RETRIEVAL_AND_NETWORK_EXPANSION(3).zip,HOUSEHOLD_SECTOR_MAPPING_V65.csv,HOUSEHOLD_SECTOR_MAPPING_V65.csv,2021,4119788691,FRONTERA_CICLO_AJUSTE_V66_INDIVIDUAL_AQ_RETRIEVAL_AND_NETWORK_EXPANSION(3).zip::BASE_V65.zip,zip,householdsectormappingv65csv,1
FRONTERA_CICLO_AJUSTE_V66_INDIVIDUAL_AQ_RETRIEVAL_AND_NETWORK_EXPANSION(3).zip,IEF_PASS_RECONCILIATION_V65.csv,IEF_PASS_RECONCILIATION_V65.csv,1005,3781931653,FRONTERA_CICLO_AJUSTE_V66_INDIVIDUAL_AQ_RETRIEVAL_AND_NETWORK_EXPANSION(3).zip::BASE_V65.zip,zip,iefpassreconciliationv65csv,1
FRONTERA_CICLO_AJUSTE_V66_INDIVIDUAL_AQ_RETRIEVAL_AND_NETWORK_EXPANSION(3).zip,MANIFEST_V65.json,MANIFEST_V65.json,4651,3266909348,FRONTERA_CICLO_AJUSTE_V66_INDIVIDUAL_AQ_RETRIEVAL_AND_NETWORK_EXPANSION(3).zip::BASE_V65.zip,zip,manifestv65json,1
FRONTERA_CICLO_AJUSTE_V66_INDIVIDUAL_AQ_RETRIEVAL_AND_NETWORK_EXPANSION(3).zip,PASS_COUNTERPARTY_BOUNDS_V65.csv,PASS_COUNTERPARTY_BOUNDS_V65.csv,1099,3361347887,FRONTERA_CICLO_AJUSTE_V66_INDIVIDUAL_AQ_RETRIEVAL_AND_NETWORK_EXPANSION(3).zip::BASE_V65.zip,zip,passcounterpartyboundsv65csv,1
FRONTERA_CICLO_AJUSTE_V66_INDIVIDUAL_AQ_RETRIEVAL_AND_NETWORK_EXPANSION(3).zip,PROMPT_CODEX_V66_INDIVIDUAL_AQ_RETRIEVAL_AND_CLOSED_NETWORK_EXPANSION.md,PROMPT_CODEX_V66_INDIVIDUAL_AQ_RETRIEVAL_AND_CLOSED_NETWORK_EXPANSION.md,3607,1843300520,FRONTERA_CICLO_AJUSTE_V66_INDIVIDUAL_AQ_RETRIEVAL_AND_NETWORK_EXPANSION(3).zip::BASE_V65.zip,zip,promptcodexv66individualaqretrievalandclosednetworkexpansionmd,1
FRONTERA_CICLO_AJUSTE_V66_INDIVIDUAL_AQ_RETRIEVAL_AND_NETWORK_EXPANSION(3).zip,QA_RESULT_V65.txt,QA_RESULT_V65.txt,5,3256905966,FRONTERA_CICLO_AJUSTE_V66_INDIVIDUAL_AQ_RETRIEVAL_AND_NETWORK_EXPANSION(3).zip::BASE_V65.zip,zip,qaresultv65txt,1
FRONTERA_CICLO_AJUSTE_V66_INDIVIDUAL_AQ_RETRIEVAL_AND_NETWORK_EXPANSION(3).zip,README_V65.md,README_V65.md,895,1371115064,FRONTERA_CICLO_AJUSTE_V66_INDIVIDUAL_AQ_RETRIEVAL_AND_NETWORK_EXPANSION(3).zip::BASE_V65.zip,zip,readmev65md,1
FRONTERA_CICLO_AJUSTE_V66_INDIVIDUAL_AQ_RETRIEVAL_AND_NETWORK_EXPANSION(3).zip,VEREDICTO_V65.md,VEREDICTO_V65.md,4780,2319782923,FRONTERA_CICLO_AJUSTE_V66_INDIVIDUAL_AQ_RETRIEVAL_AND_NETWORK_EXPANSION(3).zip::BASE_V65.zip,zip,veredictov65md,1
FRONTERA_CICLO_AJUSTE_V66_INDIVIDUAL_AQ_RETRIEVAL_AND_NETWORK_EXPANSION(3).zip,qa_v65.py,qa_v65.py,2379,1753553920,FRONTERA_CICLO_AJUSTE_V66_INDIVIDUAL_AQ_RETRIEVAL_AND_NETWORK_EXPANSION(3).zip::BASE_V65.zip,zip,qav65py,1
FRONTERA_CICLO_AJUSTE_V66_INDIVIDUAL_AQ_RETRIEVAL_AND_NETWORK_EXPANSION(3).zip,BASIS_HARMONIZATION_V66.csv,BASIS_HARMONIZATION_V66.csv,1555,376296483,FRONTERA_CICLO_AJUSTE_V66_INDIVIDUAL_AQ_RETRIEVAL_AND_NETWORK_EXPANSION(3).zip,zip,basisharmonizationv66csv,0
FRONTERA_CICLO_AJUSTE_V66_INDIVIDUAL_AQ_RETRIEVAL_AND_NETWORK_EXPANSION(3).zip,BCRA_BANK_SYSTEM_COVERAGE_V66.csv,BCRA_BANK_SYSTEM_COVERAGE_V66.csv,1907,1535409436,FRONTERA_CICLO_AJUSTE_V66_INDIVIDUAL_AQ_RETRIEVAL_AND_NETWORK_EXPANSION(3).zip,zip,bcrabanksystemcoveragev66csv,0
FRONTERA_CICLO_AJUSTE_V66_INDIVIDUAL_AQ_RETRIEVAL_AND_NETWORK_EXPANSION(3).zip,CLOSED_NETWORK_COVERAGE_V66.csv,CLOSED_NETWORK_COVERAGE_V66.csv,2110,1282797436,FRONTERA_CICLO_AJUSTE_V66_INDIVIDUAL_AQ_RETRIEVAL_AND_NETWORK_EXPANSION(3).zip,zip,closednetworkcoveragev66csv,0
FRONTERA_CICLO_AJUSTE_V66_INDIVIDUAL_AQ_RETRIEVAL_AND_NETWORK_EXPANSION(3).zip,CLOSED_NETWORK_NETTING_TEST_V66.csv,CLOSED_NETWORK_NETTING_TEST_V66.csv,976,1281532984,FRONTERA_CICLO_AJUSTE_V66_INDIVIDUAL_AQ_RETRIEVAL_AND_NETWORK_EXPANSION(3).zip,zip,closednetworknettingtestv66csv,0
FRONTERA_CICLO_AJUSTE_V66_INDIVIDUAL_AQ_RETRIEVAL_AND_NETWORK_EXPANSION(3).zip,COUNTERPARTY_UPDATE_V66.csv,COUNTERPARTY_UPDATE_V66.csv,2035,3571279854,FRONTERA_CICLO_AJUSTE_V66_INDIVIDUAL_AQ_RETRIEVAL_AND_NETWORK_EXPANSION(3).zip,zip,counterpartyupdatev66csv,0
FRONTERA_CICLO_AJUSTE_V66_INDIVIDUAL_AQ_RETRIEVAL_AND_NETWORK_EXPANSION(3).zip,CREDICOOP_FY_AQ_CONTROL_V66.csv,CREDICOOP_FY_AQ_CONTROL_V66.csv,646,1327492939,FRONTERA_CICLO_AJUSTE_V66_INDIVIDUAL_AQ_RETRIEVAL_AND_NETWORK_EXPANSION(3).zip,zip,credicoopfyaqcontrolv66csv,0
FRONTERA_CICLO_AJUSTE_V66_INDIVIDUAL_AQ_RETRIEVAL_AND_NETWORK_EXPANSION(3).zip,EVIDENCE_LEDGER_CICLO_AJUSTE_V66.csv,EVIDENCE_LEDGER_CICLO_AJUSTE_V66.csv,3522,2694553125,FRONTERA_CICLO_AJUSTE_V66_INDIVIDUAL_AQ_RETRIEVAL_AND_NETWORK_EXPANSION(3).zip,zip,evidenceledgercicloajustev66csv,0
FRONTERA_CICLO_AJUSTE_V66_INDIVIDUAL_AQ_RETRIEVAL_AND_NETWORK_EXPANSION(3).zip,FOUR_LEG_PASS_PANEL_V66.csv,FOUR_LEG_PASS_PANEL_V66.csv,2924,2118900509,FRONTERA_CICLO_AJUSTE_V66_INDIVIDUAL_AQ_RETRIEVAL_AND_NETWORK_EXPANSION(3).zip,zip,fourlegpasspanelv66csv,0
FRONTERA_CICLO_AJUSTE_V66_INDIVIDUAL_AQ_RETRIEVAL_AND_NETWORK_EXPANSION(3).zip,FUENTES_V66.md,FUENTES_V66.md,2284,3900082931,FRONTERA_CICLO_AJUSTE_V66_INDIVIDUAL_AQ_RETRIEVAL_AND_NETWORK_EXPANSION(3).zip,zip,fuentesv66md,0
FRONTERA_CICLO_AJUSTE_V66_INDIVIDUAL_AQ_RETRIEVAL_AND_NETWORK_EXPANSION(3).zip,HANDOVER_CODEX_CICLO_AJUSTE_V66_A_V67.md,HANDOVER_CODEX_CICLO_AJUSTE_V66_A_V67.md,2288,292401005,FRONTERA_CICLO_AJUSTE_V66_INDIVIDUAL_AQ_RETRIEVAL_AND_NETWORK_EXPANSION(3).zip,zip,handovercodexcicloajustev66av67md,0
FRONTERA_CICLO_AJUSTE_V66_INDIVIDUAL_AQ_RETRIEVAL_AND_NETWORK_EXPANSION(3).zip,HOUSEHOLD_PRODUCT_PANEL_V66.csv,HOUSEHOLD_PRODUCT_PANEL_V66.csv,2274,12949392,FRONTERA_CICLO_AJUSTE_V66_INDIVIDUAL_AQ_RETRIEVAL_AND_NETWORK_EXPANSION(3).zip,zip,householdproductpanelv66csv,0
FRONTERA_CICLO_AJUSTE_V66_INDIVIDUAL_AQ_RETRIEVAL_AND_NETWORK_EXPANSION(3).zip,HOUSEHOLD_SECTOR_MAPPING_V66.csv,HOUSEHOLD_SECTOR_MAPPING_V66.csv,2021,1113598436,FRONTERA_CICLO_AJUSTE_V66_INDIVIDUAL_AQ_RETRIEVAL_AND_NETWORK_EXPANSION(3).zip,zip,householdsectormappingv66csv,0
FRONTERA_CICLO_AJUSTE_V66_INDIVIDUAL_AQ_RETRIEVAL_AND_NETWORK_EXPANSION(3).zip,IEF_PASS_RECONCILIATION_V66.csv,IEF_PASS_RECONCILIATION_V66.csv,1071,1431190865,FRONTERA_CICLO_AJUSTE_V66_INDIVIDUAL_AQ_RETRIEVAL_AND_NETWORK_EXPANSION(3).zip,zip,iefpassreconciliationv66csv,0
FRONTERA_CICLO_AJUSTE_V66_INDIVIDUAL_AQ_RETRIEVAL_AND_NETWORK_EXPANSION(3).zip,INDIVIDUAL_AQ_RETRIEVAL_V66.csv,INDIVIDUAL_AQ_RETRIEVAL_V66.csv,1868,1221593141,FRONTERA_CICLO_AJUSTE_V66_INDIVIDUAL_AQ_RETRIEVAL_AND_NETWORK_EXPANSION(3).zip,zip,individualaqretrievalv66csv,0
FRONTERA_CICLO_AJUSTE_V66_INDIVIDUAL_AQ_RETRIEVAL_AND_NETWORK_EXPANSION(3).zip,MANIFEST_V66.json,MANIFEST_V66.json,5359,4193261028,FRONTERA_CICLO_AJUSTE_V66_INDIVIDUAL_AQ_RETRIEVAL_AND_NETWORK_EXPANSION(3).zip,zip,manifestv66json,0
FRONTERA_CICLO_AJUSTE_V66_INDIVIDUAL_AQ_RETRIEVAL_AND_NETWORK_EXPANSION(3).zip,PASS_COUNTERPARTY_BOUNDS_V66.csv,PASS_COUNTERPARTY_BOUNDS_V66.csv,1797,46696940,FRONTERA_CICLO_AJUSTE_V66_INDIVIDUAL_AQ_RETRIEVAL_AND_NETWORK_EXPANSION(3).zip,zip,passcounterpartyboundsv66csv,0
FRONTERA_CICLO_AJUSTE_V66_INDIVIDUAL_AQ_RETRIEVAL_AND_NETWORK_EXPANSION(3).zip,PROMPT_CODEX_V67_LARGE_BANK_9M_RETRIEVAL_AND_COVERAGE_SCALEUP.md,PROMPT_CODEX_V67_LARGE_BANK_9M_RETRIEVAL_AND_COVERAGE_SCALEUP.md,2178,3353662819,FRONTERA_CICLO_AJUSTE_V66_INDIVIDUAL_AQ_RETRIEVAL_AND_NETWORK_EXPANSION(3).zip,zip,promptcodexv67largebank9mretrievalandcoveragescaleupmd,0
FRONTERA_CICLO_AJUSTE_V66_INDIVIDUAL_AQ_RETRIEVAL_AND_NETWORK_EXPANSION(3).zip,QA_RESULT_V66.txt,QA_RESULT_V66.txt,5,3256905966,FRONTERA_CICLO_AJUSTE_V66_INDIVIDUAL_AQ_RETRIEVAL_AND_NETWORK_EXPANSION(3).zip,zip,qaresultv66txt,0
FRONTERA_CICLO_AJUSTE_V66_INDIVIDUAL_AQ_RETRIEVAL_AND_NETWORK_EXPANSION(3).zip,README_V66.md,README_V66.md,575,2490030557,FRONTERA_CICLO_AJUSTE_V66_INDIVIDUAL_AQ_RETRIEVAL_AND_NETWORK_EXPANSION(3).zip,zip,readmev66md,0
FRONTERA_CICLO_AJUSTE_V66_INDIVIDUAL_AQ_RETRIEVAL_AND_NETWORK_EXPANSION(3).zip,SUPERVIELLE_Q4_PASS_BOUND_V66.csv,SUPERVIELLE_Q4_PASS_BOUND_V66.csv,1423,1900830964,FRONTERA_CICLO_AJUSTE_V66_INDIVIDUAL_AQ_RETRIEVAL_AND_NETWORK_EXPANSION(3).zip,zip,supervielleq4passboundv66csv,0
FRONTERA_CICLO_AJUSTE_V66_INDIVIDUAL_AQ_RETRIEVAL_AND_NETWORK_EXPANSION(3).zip,VEREDICTO_V66.md,VEREDICTO_V66.md,3305,343577189,FRONTERA_CICLO_AJUSTE_V66_INDIVIDUAL_AQ_RETRIEVAL_AND_NETWORK_EXPANSION(3).zip,zip,veredictov66md,0
FRONTERA_CICLO_AJUSTE_V66_INDIVIDUAL_AQ_RETRIEVAL_AND_NETWORK_EXPANSION(3).zip,qa_v66.py,qa_v66.py,3290,2536142287,FRONTERA_CICLO_AJUSTE_V66_INDIVIDUAL_AQ_RETRIEVAL_AND_NETWORK_EXPANSION(3).zip,zip,qav66py,0
FRONTERA_CICLO_AJUSTE_V67_MACRO_FOUR_LEG_AND_LARGE_BANK_SCALEUP(3).zip,AUDITORIA_V67.md,AUDITORIA_V67.md,3414,950130856,FRONTERA_CICLO_AJUSTE_V67_MACRO_FOUR_LEG_AND_LARGE_BANK_SCALEUP(3).zip,zip,auditoriav67md,0
FRONTERA_CICLO_AJUSTE_V67_MACRO_FOUR_LEG_AND_LARGE_BANK_SCALEUP(3).zip,BANCO_VALORES_Q4_AQ_BRIDGE_V67.csv,BANCO_VALORES_Q4_AQ_BRIDGE_V67.csv,1143,2548155514,FRONTERA_CICLO_AJUSTE_V67_MACRO_FOUR_LEG_AND_LARGE_BANK_SCALEUP(3).zip,zip,bancovaloresq4aqbridgev67csv,0
FRONTERA_CICLO_AJUSTE_V67_MACRO_FOUR_LEG_AND_LARGE_BANK_SCALEUP(3).zip,BAPRO_FY_AQ_CONTROL_V67.csv,BAPRO_FY_AQ_CONTROL_V67.csv,599,3237171993,FRONTERA_CICLO_AJUSTE_V67_MACRO_FOUR_LEG_AND_LARGE_BANK_SCALEUP(3).zip,zip,baprofyaqcontrolv67csv,0
FRONTERA_CICLO_AJUSTE_V67_MACRO_FOUR_LEG_AND_LARGE_BANK_SCALEUP(3).zip,BASE_V66.zip,BASE_V66.zip,1635331,3887325092,FRONTERA_CICLO_AJUSTE_V67_MACRO_FOUR_LEG_AND_LARGE_BANK_SCALEUP(3).zip,zip,basev66zip,0
FRONTERA_CICLO_AJUSTE_V67_MACRO_FOUR_LEG_AND_LARGE_BANK_SCALEUP(3).zip,AUDITORIA_V66.md,AUDITORIA_V66.md,3515,3170660376,FRONTERA_CICLO_AJUSTE_V67_MACRO_FOUR_LEG_AND_LARGE_BANK_SCALEUP(3).zip::BASE_V66.zip,zip,auditoriav66md,1
FRONTERA_CICLO_AJUSTE_V67_MACRO_FOUR_LEG_AND_LARGE_BANK_SCALEUP(3).zip,BANCO_VALORES_Q4_AQ_BRIDGE_V66.csv,BANCO_VALORES_Q4_AQ_BRIDGE_V66.csv,1143,2548155514,FRONTERA_CICLO_AJUSTE_V67_MACRO_FOUR_LEG_AND_LARGE_BANK_SCALEUP(3).zip::BASE_V66.zip,zip,bancovaloresq4aqbridgev66csv,1
FRONTERA_CICLO_AJUSTE_V67_MACRO_FOUR_LEG_AND_LARGE_BANK_SCALEUP(3).zip,BAPRO_FY_AQ_CONTROL_V66.csv,BAPRO_FY_AQ_CONTROL_V66.csv,599,3237171993,FRONTERA_CICLO_AJUSTE_V67_MACRO_FOUR_LEG_AND_LARGE_BANK_SCALEUP(3).zip::BASE_V66.zip,zip,baprofyaqcontrolv66csv,1
FRONTERA_CICLO_AJUSTE_V67_MACRO_FOUR_LEG_AND_LARGE_BANK_SCALEUP(3).zip,BASE_V65.zip,BASE_V65.zip,1609028,3617633679,FRONTERA_CICLO_AJUSTE_V67_MACRO_FOUR_LEG_AND_LARGE_BANK_SCALEUP(3).zip::BASE_V66.zip,zip,basev65zip,1
FRONTERA_CICLO_AJUSTE_V67_MACRO_FOUR_LEG_AND_LARGE_BANK_SCALEUP(3).zip,AUDITORIA_V65.md,AUDITORIA_V65.md,2546,2420171534,FRONTERA_CICLO_AJUSTE_V67_MACRO_FOUR_LEG_AND_LARGE_BANK_SCALEUP(3).zip::BASE_V66.zip::BASE_V65.zip,zip,auditoriav65md,2
FRONTERA_CICLO_AJUSTE_V67_MACRO_FOUR_LEG_AND_LARGE_BANK_SCALEUP(3).zip,BAPRO_FY_AQ_CONTROL_V65.csv,BAPRO_FY_AQ_CONTROL_V65.csv,528,1848146163,FRONTERA_CICLO_AJUSTE_V67_MACRO_FOUR_LEG_AND_LARGE_BANK_SCALEUP(3).zip::BASE_V66.zip::BASE_V65.zip,zip,baprofyaqcontrolv65csv,2
FRONTERA_CICLO_AJUSTE_V67_MACRO_FOUR_LEG_AND_LARGE_BANK_SCALEUP(3).zip,BASE_V64.zip,BASE_V64.zip,1587524,3096929230,FRONTERA_CICLO_AJUSTE_V67_MACRO_FOUR_LEG_AND_LARGE_BANK_SCALEUP(3).zip::BASE_V66.zip::BASE_V65.zip,zip,basev64zip,2
FRONTERA_CICLO_AJUSTE_V67_MACRO_FOUR_LEG_AND_LARGE_BANK_SCALEUP(3).zip,v64/VEREDICTO_V64.md,VEREDICTO_V64.md,3541,2631155135,FRONTERA_CICLO_AJUSTE_V67_MACRO_FOUR_LEG_AND_LARGE_BANK_SCALEUP(3).zip::BASE_V66.zip::BASE_V65.zip::BASE_V64.zip,zip,veredictov64md,3
FRONTERA_CICLO_AJUSTE_V67_MACRO_FOUR_LEG_AND_LARGE_BANK_SCALEUP(3).zip,v64/ICBC_Q4_AQ_BRIDGE_V64.csv,ICBC_Q4_AQ_BRIDGE_V64.csv,1214,1093793547,FRONTERA_CICLO_AJUSTE_V67_MACRO_FOUR_LEG_AND_LARGE_BANK_SCALEUP(3).zip::BASE_V66.zip::BASE_V65.zip::BASE_V64.zip,zip,icbcq4aqbridgev64csv,3
FRONTERA_CICLO_AJUSTE_V67_MACRO_FOUR_LEG_AND_LARGE_BANK_SCALEUP(3).zip,v64/BASE_V63.zip,BASE_V63.zip,1568045,1768785680,FRONTERA_CICLO_AJUSTE_V67_MACRO_FOUR_LEG_AND_LARGE_BANK_SCALEUP(3).zip::BASE_V66.zip::BASE_V65.zip::BASE_V64.zip,zip,basev63zip,3
FRONTERA_CICLO_AJUSTE_V67_MACRO_FOUR_LEG_AND_LARGE_BANK_SCALEUP(3).zip,AUDITORIA_V63.md,AUDITORIA_V63.md,1856,362679481,FRONTERA_CICLO_AJUSTE_V67_MACRO_FOUR_LEG_AND_LARGE_BANK_SCALEUP(3).zip::BASE_V66.zip::BASE_V65.zip::BASE_V64.zip::v64/BASE_V63.zip,zip,auditoriav63md,4
FRONTERA_CICLO_AJUSTE_V67_MACRO_FOUR_LEG_AND_LARGE_BANK_SCALEUP(3).zip,BASE_V62.zip,BASE_V62.zip,1554965,2599394019,FRONTERA_CICLO_AJUSTE_V67_MACRO_FOUR_LEG_AND_LARGE_BANK_SCALEUP(3).zip::BASE_V66.zip::BASE_V65.zip::BASE_V64.zip::v64/BASE_V63.zip,zip,basev62zip,4
FRONTERA_CICLO_AJUSTE_V67_MACRO_FOUR_LEG_AND_LARGE_BANK_SCALEUP(3).zip,AUDITORIA_V62.md,AUDITORIA_V62.md,1393,600029505,FRONTERA_CICLO_AJUSTE_V67_MACRO_FOUR_LEG_AND_LARGE_BANK_SCALEUP(3).zip::BASE_V66.zip::BASE_V65.zip::BASE_V64.zip::v64/BASE_V63.zip::BASE_V62.zip,zip,auditoriav62md,5
FRONTERA_CICLO_AJUSTE_V67_MACRO_FOUR_LEG_AND_LARGE_BANK_SCALEUP(3).zip,BASE_V61.zip,BASE_V61.zip,1544918,3678830250,FRONTERA_CICLO_AJUSTE_V67_MACRO_FOUR_LEG_AND_LARGE_BANK_SCALEUP(3).zip::BASE_V66.zip::BASE_V65.zip::BASE_V64.zip::v64/BASE_V63.zip::BASE_V62.zip,zip,basev61zip,5
FRONTERA_CICLO_AJUSTE_V67_MACRO_FOUR_LEG_AND_LARGE_BANK_SCALEUP(3).zip,AUDITORIA_V61.md,AUDITORIA_V61.md,1403,3939235878,FRONTERA_CICLO_AJUSTE_V67_MACRO_FOUR_LEG_AND_LARGE_BANK_SCALEUP(3).zip::BASE_V66.zip::BASE_V65.zip::BASE_V64.zip::v64/BASE_V63.zip::BASE_V62.zip::BASE_V61.zip,zip,auditoriav61md,6
FRONTERA_CICLO_AJUSTE_V67_MACRO_FOUR_LEG_AND_LARGE_BANK_SCALEUP(3).zip,BASE_V60.zip,BASE_V60.zip,1516418,405553932,FRONTERA_CICLO_AJUSTE_V67_MACRO_FOUR_LEG_AND_LARGE_BANK_SCALEUP(3).zip::BASE_V66.zip::BASE_V65.zip::BASE_V64.zip::v64/BASE_V63.zip::BASE_V62.zip::BASE_V61.zip,zip,basev60zip,6
FRONTERA_CICLO_AJUSTE_V67_MACRO_FOUR_LEG_AND_LARGE_BANK_SCALEUP(3).zip,AQ_FREQUENCY_CORRECTION_V60.csv,AQ_FREQUENCY_CORRECTION_V60.csv,293,27279586,FRONTERA_CICLO_AJUSTE_V67_MACRO_FOUR_LEG_AND_LARGE_BANK_SCALEUP(3).zip::BASE_V66.zip::BASE_V65.zip::BASE_V64.zip::v64/BASE_V63.zip::BASE_V62.zip::BASE_V61.zip::BASE_V60.zip,zip,aqfrequencycorrectionv60csv,7
FRONTERA_CICLO_AJUSTE_V67_MACRO_FOUR_LEG_AND_LARGE_BANK_SCALEUP(3).zip,AQ_SYSTEM_AGGREGATE_2023_V60.csv,AQ_SYSTEM_AGGREGATE_2023_V60.csv,453,3657801338,FRONTERA_CICLO_AJUSTE_V67_MACRO_FOUR_LEG_AND_LARGE_BANK_SCALEUP(3).zip::BASE_V66.zip::BASE_V65.zip::BASE_V64.zip::v64/BASE_V63.zip::BASE_V62.zip::BASE_V61.zip::BASE_V60.zip,zip,aqsystemaggregate2023v60csv,7
FRONTERA_CICLO_AJUSTE_V67_MACRO_FOUR_LEG_AND_LARGE_BANK_SCALEUP(3).zip,AQ_TO_IEF_ANNUAL_BRIDGE_V60.csv,AQ_TO_IEF_ANNUAL_BRIDGE_V60.csv,521,3222057515,FRONTERA_CICLO_AJUSTE_V67_MACRO_FOUR_LEG_AND_LARGE_BANK_SCALEUP(3).zip::BASE_V66.zip::BASE_V65.zip::BASE_V64.zip::v64/BASE_V63.zip::BASE_V62.zip::BASE_V61.zip::BASE_V60.zip,zip,aqtoiefannualbridgev60csv,7
FRONTERA_CICLO_AJUSTE_V67_MACRO_FOUR_LEG_AND_LARGE_BANK_SCALEUP(3).zip,AUDITORIA_V60.md,AUDITORIA_V60.md,1028,3191199415,FRONTERA_CICLO_AJUSTE_V67_MACRO_FOUR_LEG_AND_LARGE_BANK_SCALEUP(3).zip::BASE_V66.zip::BASE_V65.zip::BASE_V64.zip::v64/BASE_V63.zip::BASE_V62.zip::BASE_V61.zip::BASE_V60.zip,zip,auditoriav60md,7
FRONTERA_CICLO_AJUSTE_V67_MACRO_FOUR_LEG_AND_LARGE_BANK_SCALEUP(3).zip,BASE_V59.zip,BASE_V59.zip,1488966,3327583224,FRONTERA_CICLO_AJUSTE_V67_MACRO_FOUR_LEG_AND_LARGE_BANK_SCALEUP(3).zip::BASE_V66.zip::BASE_V65.zip::BASE_V64.zip::v64/BASE_V63.zip::BASE_V62.zip::BASE_V61.zip::BASE_V60.zip,zip,basev59zip,7
FRONTERA_CICLO_AJUSTE_V67_MACRO_FOUR_LEG_AND_LARGE_BANK_SCALEUP(3).zip,INTEREST_ACCRUED_SECTOR_FLOW_V59.csv,INTEREST_ACCRUED_SECTOR_FLOW_V59.csv,3456,2350036141,FRONTERA_CICLO_AJUSTE_V67_MACRO_FOUR_LEG_AND_LARGE_BANK_SCALEUP(3).zip::BASE_V66.zip::BASE_V65.zip::BASE_V64.zip::v64/BASE_V63.zip::BASE_V62.zip::BASE_V61.zip::BASE_V60.zip::BASE_V59.zip,zip,interestaccruedsectorflowv59csv,8
FRONTERA_CICLO_AJUSTE_V67_MACRO_FOUR_LEG_AND_LARGE_BANK_SCALEUP(3).zip,SECURITIES_RESULT_ISSUER_FLOW_V59.csv,SECURITIES_RESULT_ISSUER_FLOW_V59.csv,973,2396753114,FRONTERA_CICLO_AJUSTE_V67_MACRO_FOUR_LEG_AND_LARGE_BANK_SCALEUP(3).zip::BASE_V66.zip::BASE_V65.zip::BASE_V64.zip::v64/BASE_V63.zip::BASE_V62.zip::BASE_V61.zip::BASE_V60.zip::BASE_V59.zip,zip,securitiesresultissuerflowv59csv,8
FRONTERA_CICLO_AJUSTE_V67_MACRO_FOUR_LEG_AND_LARGE_BANK_SCALEUP(3).zip,MANIFEST_V59.json,MANIFEST_V59.json,3173,1958130905,FRONTERA_CICLO_AJUSTE_V67_MACRO_FOUR_LEG_AND_LARGE_BANK_SCALEUP(3).zip::BASE_V66.zip::BASE_V65.zip::BASE_V64.zip::v64/BASE_V63.zip::BASE_V62.zip::BASE_V61.zip::BASE_V60.zip::BASE_V59.zip,zip,manifestv59json,8
FRONTERA_CICLO_AJUSTE_V67_MACRO_FOUR_LEG_AND_LARGE_BANK_SCALEUP(3).zip,VEREDICTO_V59.md,VEREDICTO_V59.md,1520,2869004237,FRONTERA_CICLO_AJUSTE_V67_MACRO_FOUR_LEG_AND_LARGE_BANK_SCALEUP(3).zip::BASE_V66.zip::BASE_V65.zip::BASE_V64.zip::v64/BASE_V63.zip::BASE_V62.zip::BASE_V61.zip::BASE_V60.zip::BASE_V59.zip,zip,veredictov59md,8
FRONTERA_CICLO_AJUSTE_V67_MACRO_FOUR_LEG_AND_LARGE_BANK_SCALEUP(3).zip,POSITIVE_FINANCIAL_INCOME_FORMULA_V59.csv,POSITIVE_FINANCIAL_INCOME_FORMULA_V59.csv,2665,3309765842,FRONTERA_CICLO_AJUSTE_V67_MACRO_FOUR_LEG_AND_LARGE_BANK_SCALEUP(3).zip::BASE_V66.zip::BASE_V65.zip::BASE_V64.zip::v64/BASE_V63.zip::BASE_V62.zip::BASE_V61.zip::BASE_V60.zip::BASE_V59.zip,zip,positivefinancialincomeformulav59csv,8
FRONTERA_CICLO_AJUSTE_V67_MACRO_FOUR_LEG_AND_LARGE_BANK_SCALEUP(3).zip,README_V59.md,README_V59.md,689,1979927137,FRONTERA_CICLO_AJUSTE_V67_MACRO_FOUR_LEG_AND_LARGE_BANK_SCALEUP(3).zip::BASE_V66.zip::BASE_V65.zip::BASE_V64.zip::v64/BASE_V63.zip::BASE_V62.zip::BASE_V61.zip::BASE_V60.zip::BASE_V59.zip,zip,readmev59md,8
FRONTERA_CICLO_AJUSTE_V67_MACRO_FOUR_LEG_AND_LARGE_BANK_SCALEUP(3).zip,COMMON_DENOMINATOR_RECONCILIATION_V59.csv,COMMON_DENOMINATOR_RECONCILIATION_V59.csv,3406,3895230344,FRONTERA_CICLO_AJUSTE_V67_MACRO_FOUR_LEG_AND_LARGE_BANK_SCALEUP(3).zip::BASE_V66.zip::BASE_V65.zip::BASE_V64.zip::v64/BASE_V63.zip::BASE_V62.zip::BASE_V61.zip::BASE_V60.zip::BASE_V59.zip,zip,commondenominatorreconciliationv59csv,8
FRONTERA_CICLO_AJUSTE_V67_MACRO_FOUR_LEG_AND_LARGE_BANK_SCALEUP(3).zip,BASE_V58.zip,BASE_V58.zip,1457322,799904491,FRONTERA_CICLO_AJUSTE_V67_MACRO_FOUR_LEG_AND_LARGE_BANK_SCALEUP(3).zip::BASE_V66.zip::BASE_V65.zip::BASE_V64.zip::v64/BASE_V63.zip::BASE_V62.zip::BASE_V61.zip::BASE_V60.zip::BASE_V59.zip,zip,basev58zip,8
FRONTERA_CICLO_AJUSTE_V67_MACRO_FOUR_LEG_AND_LARGE_BANK_SCALEUP(3).zip,IEF_COMPONENT_RECONCILIATION_V58.csv,IEF_COMPONENT_RECONCILIATION_V58.csv,4404,771447225,FRONTERA_CICLO_AJUSTE_V67_MACRO_FOUR_LEG_AND_LARGE_BANK_SCALEUP(3).zip::BASE_V66.zip::BASE_V65.zip::BASE_V64.zip::v64/BASE_V63.zip::BASE_V62.zip::BASE_V61.zip::BASE_V60.zip::BASE_V59.zip::BASE_V58.zip,zip,iefcomponentreconciliationv58csv,9
FRONTERA_CICLO_AJUSTE_V67_MACRO_FOUR_LEG_AND_LARGE_BANK_SCALEUP(3).zip,BASE_V57.zip,BASE_V57.zip,1426922,2040299978,FRONTERA_CICLO_AJUSTE_V67_MACRO_FOUR_LEG_AND_LARGE_BANK_SCALEUP(3).zip::BASE_V66.zip::BASE_V65.zip::BASE_V64.zip::v64/BASE_V63.zip::BASE_V62.zip::BASE_V61.zip::BASE_V60.zip::BASE_V59.zip::BASE_V58.zip,zip,basev57zip,9
FRONTERA_CICLO_AJUSTE_V67_MACRO_FOUR_LEG_AND_LARGE_BANK_SCALEUP(3).zip,ACCOUNT_MAPPING_NIIF_V57.csv,ACCOUNT_MAPPING_NIIF_V57.csv,6675,3279393462,FRONTERA_CICLO_AJUSTE_V67_MACRO_FOUR_LEG_AND_LARGE_BANK_SCALEUP(3).zip::BASE_V66.zip::BASE_V65.zip::BASE_V64.zip::v64/BASE_V63.zip::BASE_V62.zip::BASE_V61.zip::BASE_V60.zip::BASE_V59.zip::BASE_V58.zip::BASE_V57.zip,zip,accountmappingniifv57csv,10
FRONTERA_CICLO_AJUSTE_V67_MACRO_FOUR_LEG_AND_LARGE_BANK_SCALEUP(3).zip,AUDITORIA_V57.md,AUDITORIA_V57.md,3300,2845304577,FRONTERA_CICLO_AJUSTE_V67_MACRO_FOUR_LEG_AND_LARGE_BANK_SCALEUP(3).zip::BASE_V66.zip::BASE_V65.zip::BASE_V64.zip::v64/BASE_V63.zip::BASE_V62.zip::BASE_V61.zip::BASE_V60.zip::BASE_V59.zip::BASE_V58.zip::BASE_V57.zip,zip,auditoriav57md,10
FRONTERA_CICLO_AJUSTE_V67_MACRO_FOUR_LEG_AND_LARGE_BANK_SCALEUP(3).zip,BASE_V56.zip,BASE_V56.zip,1405429,4102697162,FRONTERA_CICLO_AJUSTE_V67_MACRO_FOUR_LEG_AND_LARGE_BANK_SCALEUP(3).zip::BASE_V66.zip::BASE_V65.zip::BASE_V64.zip::v64/BASE_V63.zip::BASE_V62.zip::BASE_V61.zip::BASE_V60.zip::BASE_V59.zip::BASE_V58.zip::BASE_V57.zip,zip,basev56zip,10
FRONTERA_CICLO_AJUSTE_V67_MACRO_FOUR_LEG_AND_LARGE_BANK_SCALEUP(3).zip,TARGET_RECONCILIATION_V56.csv,TARGET_RECONCILIATION_V56.csv,1039,3039763977,FRONTERA_CICLO_AJUSTE_V67_MACRO_FOUR_LEG_AND_LARGE_BANK_SCALEUP(3).zip::BASE_V66.zip::BASE_V65.zip::BASE_V64.zip::v64/BASE_V63.zip::BASE_V62.zip::BASE_V61.zip::BASE_V60.zip::BASE_V59.zip::BASE_V58.zip::BASE_V57.zip::BASE_V56.zip,zip,targetreconciliationv56csv,11
FRONTERA_CICLO_AJUSTE_V67_MACRO_FOUR_LEG_AND_LARGE_BANK_SCALEUP(3).zip,FUENTES_V56.md,FUENTES_V56.md,1270,1201168601,FRONTERA_CICLO_AJUSTE_V67_MACRO_FOUR_LEG_AND_LARGE_BANK_SCALEUP(3).zip::BASE_V66.zip::BASE_V65.zip::BASE_V64.zip::v64/BASE_V63.zip::BASE_V62.zip::BASE_V61.zip::BASE_V60.zip::BASE_V59.zip::BASE_V58.zip::BASE_V57.zip::BASE_V56.zip,zip,fuentesv56md,11
FRONTERA_CICLO_AJUSTE_V67_MACRO_FOUR_LEG_AND_LARGE_BANK_SCALEUP(3).zip,AUDITORIA_V56.md,AUDITORIA_V56.md,1958,3875203169,FRONTERA_CICLO_AJUSTE_V67_MACRO_FOUR_LEG_AND_LARGE_BANK_SCALEUP(3).zip::BASE_V66.zip::BASE_V65.zip::BASE_V64.zip::v64/BASE_V63.zip::BASE_V62.zip::BASE_V61.zip::BASE_V60.zip::BASE_V59.zip::BASE_V58.zip::BASE_V57.zip::BASE_V56.zip,zip,auditoriav56md,11
FRONTERA_CICLO_AJUSTE_V67_MACRO_FOUR_LEG_AND_LARGE_BANK_SCALEUP(3).zip,PROMPT_CODEX_V57_API_VALUE_EXTRACTION_AND_RECONCILIATION.md,PROMPT_CODEX_V57_API_VALUE_EXTRACTION_AND_RECONCILIATION.md,1639,1234052454,FRONTERA_CICLO_AJUSTE_V67_MACRO_FOUR_LEG_AND_LARGE_BANK_SCALEUP(3).zip::BASE_V66.zip::BASE_V65.zip::BASE_V64.zip::v64/BASE_V63.zip::BASE_V62.zip::BASE_V61.zip::BASE_V60.zip::BASE_V59.zip::BASE_V58.zip::BASE_V57.zip::BASE_V56.zip,zip,promptcodexv57apivalueextractionandreconciliationmd,11
FRONTERA_CICLO_AJUSTE_V67_MACRO_FOUR_LEG_AND_LARGE_BANK_SCALEUP(3).zip,README_V56.md,README_V56.md,741,2692164018,FRONTERA_CICLO_AJUSTE_V67_MACRO_FOUR_LEG_AND_LARGE_BANK_SCALEUP(3).zip::BASE_V66.zip::BASE_V65.zip::BASE_V64.zip::v64/BASE_V63.zip::BASE_V62.zip::BASE_V61.zip::BASE_V60.zip::BASE_V59.zip::BASE_V58.zip::BASE_V57.zip::BASE_V56.zip,zip,readmev56md,11
FRONTERA_CICLO_AJUSTE_V67_MACRO_FOUR_LEG_AND_LARGE_BANK_SCALEUP(3).zip,SERIES_VALUE_BYTES_MANIFEST_V56.csv,SERIES_VALUE_BYTES_MANIFEST_V56.csv,1721,1992671686,FRONTERA_CICLO_AJUSTE_V67_MACRO_FOUR_LEG_AND_LARGE_BANK_SCALEUP(3).zip::BASE_V66.zip::BASE_V65.zip::BASE_V64.zip::v64/BASE_V63.zip::BASE_V62.zip::BASE_V61.zip::BASE_V60.zip::BASE_V59.zip::BASE_V58.zip::BASE_V57.zip::BASE_V56.zip,zip,seriesvaluebytesmanifestv56csv,11
FRONTERA_CICLO_AJUSTE_V67_MACRO_FOUR_LEG_AND_LARGE_BANK_SCALEUP(3).zip,QA_RESULT_V56.txt,QA_RESULT_V56.txt,5,3256905966,FRONTERA_CICLO_AJUSTE_V67_MACRO_FOUR_LEG_AND_LARGE_BANK_SCALEUP(3).zip::BASE_V66.zip::BASE_V65.zip::BASE_V64.zip::v64/BASE_V63.zip::BASE_V62.zip::BASE_V61.zip::BASE_V60.zip::BASE_V59.zip::BASE_V58.zip::BASE_V57.zip::BASE_V56.zip,zip,qaresultv56txt,11
FRONTERA_CICLO_AJUSTE_V67_MACRO_FOUR_LEG_AND_LARGE_BANK_SCALEUP(3).zip,BASE_V55.zip,BASE_V55.zip,308547,3407641759,FRONTERA_CICLO_AJUSTE_V67_MACRO_FOUR_LEG_AND_LARGE_BANK_SCALEUP(3).zip::BASE_V66.zip::BASE_V65.zip::BASE_V64.zip::v64/BASE_V63.zip::BASE_V62.zip::BASE_V61.zip::BASE_V60.zip::BASE_V59.zip::BASE_V58.zip::BASE_V57.zip::BASE_V56.zip,zip,basev55zip,11
FRONTERA_CICLO_AJUSTE_V67_MACRO_FOUR_LEG_AND_LARGE_BANK_SCALEUP(3).zip,ACCOUNTING_MODE_AXIS_V55.csv,ACCOUNTING_MODE_AXIS_V55.csv,699,3452533906,FRONTERA_CICLO_AJUSTE_V67_MACRO_FOUR_LEG_AND_LARGE_BANK_SCALEUP(3).zip::BASE_V66.zip::BASE_V65.zip::BASE_V64.zip::v64/BASE_V63.zip::BASE_V62.zip::BASE_V61.zip::BASE_V60.zip::BASE_V59.zip::BASE_V58.zip::BASE_V57.zip::BASE_V56.zip::BASE_V55.zip,zip,accountingmodeaxisv55csv,12
FRONTERA_CICLO_AJUSTE_V67_MACRO_FOUR_LEG_AND_LARGE_BANK_SCALEUP(3).zip,AUDITORIA_RECONCILIACION_V55.md,AUDITORIA_RECONCILIACION_V55.md,2954,954690639,FRONTERA_CICLO_AJUSTE_V67_MACRO_FOUR_LEG_AND_LARGE_BANK_SCALEUP(3).zip::BASE_V66.zip::BASE_V65.zip::BASE_V64.zip::v64/BASE_V63.zip::BASE_V62.zip::BASE_V61.zip::BASE_V60.zip::BASE_V59.zip::BASE_V58.zip::BASE_V57.zip::BASE_V56.zip::BASE_V55.zip,zip,auditoriareconciliacionv55md,12
FRONTERA_CICLO_AJUSTE_V67_MACRO_FOUR_LEG_AND_LARGE_BANK_SCALEUP(3).zip,BASE_V54.zip,BASE_V54.zip,89528,4191159782,FRONTERA_CICLO_AJUSTE_V67_MACRO_FOUR_LEG_AND_LARGE_BANK_SCALEUP(3).zip::BASE_V66.zip::BASE_V65.zip::BASE_V64.zip::v64/BASE_V63.zip::BASE_V62.zip::BASE_V61.zip::BASE_V60.zip::BASE_V59.zip::BASE_V58.zip::BASE_V57.zip::BASE_V56.zip::BASE_V55.zip,zip,basev54zip,12
FRONTERA_CICLO_AJUSTE_V67_MACRO_FOUR_LEG_AND_LARGE_BANK_SCALEUP(3).zip,AUDITORIA_MICRODATA_BRIDGE_V54.md,AUDITORIA_MICRODATA_BRIDGE_V54.md,5719,1640919157,FRONTERA_CICLO_AJUSTE_V67_MACRO_FOUR_LEG_AND_LARGE_BANK_SCALEUP(3).zip::BASE_V66.zip::BASE_V65.zip::BASE_V64.zip::v64/BASE_V63.zip::BASE_V62.zip::BASE_V61.zip::BASE_V60.zip::BASE_V59.zip::BASE_V58.zip::BASE_V57.zip::BASE_V56.zip::BASE_V55.zip::BASE_V54.zip,zip,auditoriamicrodatabridgev54md,13
FRONTERA_CICLO_AJUSTE_V67_MACRO_FOUR_LEG_AND_LARGE_BANK_SCALEUP(3).zip,BASE_V53.zip,BASE_V53.zip,60708,2634438224,FRONTERA_CICLO_AJUSTE_V67_MACRO_FOUR_LEG_AND_LARGE_BANK_SCALEUP(3).zip::BASE_V66.zip::BASE_V65.zip::BASE_V64.zip::v64/BASE_V63.zip::BASE_V62.zip::BASE_V61.zip::BASE_V60.zip::BASE_V59.zip::BASE_V58.zip::BASE_V57.zip::BASE_V56.zip::BASE_V55.zip::BASE_V54.zip,zip,basev53zip,13
FRONTERA_CICLO_AJUSTE_V67_MACRO_FOUR_LEG_AND_LARGE_BANK_SCALEUP(3).zip,AUDITORIA_CUANTIFICACION_CONTRAPARTES_V53.md,AUDITORIA_CUANTIFICACION_CONTRAPARTES_V53.md,8576,3068984065,FRONTERA_CICLO_AJUSTE_V67_MACRO_FOUR_LEG_AND_LARGE_BANK_SCALEUP(3).zip::BASE_V66.zip::BASE_V65.zip::BASE_V64.zip::v64/BASE_V63.zip::BASE_V62.zip::BASE_V61.zip::BASE_V60.zip::BASE_V59.zip::BASE_V58.zip::BASE_V57.zip::BASE_V56.zip::BASE_V55.zip::BASE_V54.zip::BASE_V53.zip,zip,auditoriacuantificacioncontrapartesv53md,14
FRONTERA_CICLO_AJUSTE_V67_MACRO_FOUR_LEG_AND_LARGE_BANK_SCALEUP(3).zip,BASE_V52.zip,BASE_V52.zip,30016,2693101034,FRONTERA_CICLO_AJUSTE_V67_MACRO_FOUR_LEG_AND_LARGE_BANK_SCALEUP(3).zip::BASE_V66.zip::BASE_V65.zip::BASE_V64.zip::v64/BASE_V63.zip::BASE_V62.zip::BASE_V61.zip::BASE_V60.zip::BASE_V59.zip::BASE_V58.zip::BASE_V57.zip::BASE_V56.zip::BASE_V55.zip::BASE_V54.zip::BASE_V53.zip,zip,basev52zip,14
FRONTERA_CICLO_AJUSTE_V67_MACRO_FOUR_LEG_AND_LARGE_BANK_SCALEUP(3).zip,AUDITORIA_CONTRAPARTES_V52.md,AUDITORIA_CONTRAPARTES_V52.md,10790,1141669530,FRONTERA_CICLO_AJUSTE_V67_MACRO_FOUR_LEG_AND_LARGE_BANK_SCALEUP(3).zip::BASE_V66.zip::BASE_V65.zip::BASE_V64.zip::v64/BASE_V63.zip::BASE_V62.zip::BASE_V61.zip::BASE_V60.zip::BASE_V59.zip::BASE_V58.zip::BASE_V57.zip::BASE_V56.zip::BASE_V55.zip::BASE_V54.zip::BASE_V53.zip::BASE_V52.zip,zip,auditoriacontrapartesv52md,15
FRONTERA_CICLO_AJUSTE_V67_MACRO_FOUR_LEG_AND_LARGE_BANK_SCALEUP(3).zip,COMPONENT_COUNTERPARTY_MAP_V52.csv,COMPONENT_COUNTERPARTY_MAP_V52.csv,10923,221048505,FRONTERA_CICLO_AJUSTE_V67_MACRO_FOUR_LEG_AND_LARGE_BANK_SCALEUP(3).zip::BASE_V66.zip::BASE_V65.zip::BASE_V64.zip::v64/BASE_V63.zip::BASE_V62.zip::BASE_V61.zip::BASE_V60.zip::BASE_V59.zip::BASE_V58.zip::BASE_V57.zip::BASE_V56.zip::BASE_V55.zip::BASE_V54.zip::BASE_V53.zip::BASE_V52.zip,zip,componentcounterpartymapv52csv,15
FRONTERA_CICLO_AJUSTE_V67_MACRO_FOUR_LEG_AND_LARGE_BANK_SCALEUP(3).zip,EVIDENCE_LEDGER_CICLO_AJUSTE_V52.csv,EVIDENCE_LEDGER_CICLO_AJUSTE_V52.csv,29452,2822240886,FRONTERA_CICLO_AJUSTE_V67_MACRO_FOUR_LEG_AND_LARGE_BANK_SCALEUP(3).zip::BASE_V66.zip::BASE_V65.zip::BASE_V64.zip::v64/BASE_V63.zip::BASE_V62.zip::BASE_V61.zip::BASE_V60.zip::BASE_V59.zip::BASE_V58.zip::BASE_V57.zip::BASE_V56.zip::BASE_V55.zip::BASE_V54.zip::BASE_V53.zip::BASE_V52.zip,zip,evidenceledgercicloajustev52csv,15
FRONTERA_CICLO_AJUSTE_V67_MACRO_FOUR_LEG_AND_LARGE_BANK_SCALEUP(3).zip,FALSIFICADORES_INCIDENCE_V52.csv,FALSIFICADORES_INCIDENCE_V52.csv,1704,733707846,FRONTERA_CICLO_AJUSTE_V67_MACRO_FOUR_LEG_AND_LARGE_BANK_SCALEUP(3).zip::BASE_V66.zip::BASE_V65.zip::BASE_V64.zip::v64/BASE_V63.zip::BASE_V62.zip::BASE_V61.zip::BASE_V60.zip::BASE_V59.zip::BASE_V58.zip::BASE_V57.zip::BASE_V56.zip::BASE_V55.zip::BASE_V54.zip::BASE_V53.zip::BASE_V52.zip,zip,falsificadoresincidencev52csv,15
FRONTERA_CICLO_AJUSTE_V67_MACRO_FOUR_LEG_AND_LARGE_BANK_SCALEUP(3).zip,HOUSEHOLD_LINK_CLASSIFICATION_V52.csv,HOUSEHOLD_LINK_CLASSIFICATION_V52.csv,2318,2469493028,FRONTERA_CICLO_AJUSTE_V67_MACRO_FOUR_LEG_AND_LARGE_BANK_SCALEUP(3).zip::BASE_V66.zip::BASE_V65.zip::BASE_V64.zip::v64/BASE_V63.zip::BASE_V62.zip::BASE_V61.zip::BASE_V60.zip::BASE_V59.zip::BASE_V58.zip::BASE_V57.zip::BASE_V56.zip::BASE_V55.zip::BASE_V54.zip::BASE_V53.zip::BASE_V52.zip,zip,householdlinkclassificationv52csv,15
FRONTERA_CICLO_AJUSTE_V67_MACRO_FOUR_LEG_AND_LARGE_BANK_SCALEUP(3).zip,INCIDENCE_CHAIN_V52.csv,INCIDENCE_CHAIN_V52.csv,4179,1507603432,FRONTERA_CICLO_AJUSTE_V67_MACRO_FOUR_LEG_AND_LARGE_BANK_SCALEUP(3).zip::BASE_V66.zip::BASE_V65.zip::BASE_V64.zip::v64/BASE_V63.zip::BASE_V62.zip::BASE_V61.zip::BASE_V60.zip::BASE_V59.zip::BASE_V58.zip::BASE_V57.zip::BASE_V56.zip::BASE_V55.zip::BASE_V54.zip::BASE_V53.zip::BASE_V52.zip,zip,incidencechainv52csv,15
FRONTERA_CICLO_AJUSTE_V67_MACRO_FOUR_LEG_AND_LARGE_BANK_SCALEUP(3).zip,MANIFEST_V52.json,MANIFEST_V52.json,3066,2435890137,FRONTERA_CICLO_AJUSTE_V67_MACRO_FOUR_LEG_AND_LARGE_BANK_SCALEUP(3).zip::BASE_V66.zip::BASE_V65.zip::BASE_V64.zip::v64/BASE_V63.zip::BASE_V62.zip::BASE_V61.zip::BASE_V60.zip::BASE_V59.zip::BASE_V58.zip::BASE_V57.zip::BASE_V56.zip::BASE_V55.zip::BASE_V54.zip::BASE_V53.zip::BASE_V52.zip,zip,manifestv52json,15
FRONTERA_CICLO_AJUSTE_V67_MACRO_FOUR_LEG_AND_LARGE_BANK_SCALEUP(3).zip,PROMPT_CODEX_V53_COUNTERPARTY_QUANTIFICATION.md,PROMPT_CODEX_V53_COUNTERPARTY_QUANTIFICATION.md,2245,3992379914,FRONTERA_CICLO_AJUSTE_V67_MACRO_FOUR_LEG_AND_LARGE_BANK_SCALEUP(3).zip::BASE_V66.zip::BASE_V65.zip::BASE_V64.zip::v64/BASE_V63.zip::BASE_V62.zip::BASE_V61.zip::BASE_V60.zip::BASE_V59.zip::BASE_V58.zip::BASE_V57.zip::BASE_V56.zip::BASE_V55.zip::BASE_V54.zip::BASE_V53.zip::BASE_V52.zip,zip,promptcodexv53counterpartyquantificationmd,15
FRONTERA_CICLO_AJUSTE_V67_MACRO_FOUR_LEG_AND_LARGE_BANK_SCALEUP(3).zip,README_V52.md,README_V52.md,1435,967710712,FRONTERA_CICLO_AJUSTE_V67_MACRO_FOUR_LEG_AND_LARGE_BANK_SCALEUP(3).zip::BASE_V66.zip::BASE_V65.zip::BASE_V64.zip::v64/BASE_V63.zip::BASE_V62.zip::BASE_V61.zip::BASE_V60.zip::BASE_V59.zip::BASE_V58.zip::BASE_V57.zip::BASE_V56.zip::BASE_V55.zip::BASE_V54.zip::BASE_V53.zip::BASE_V52.zip,zip,readmev52md,15
FRONTERA_CICLO_AJUSTE_V67_MACRO_FOUR_LEG_AND_LARGE_BANK_SCALEUP(3).zip,VEREDICTO_CONTRAPARTES_V52.md,VEREDICTO_CONTRAPARTES_V52.md,2555,1531089469,FRONTERA_CICLO_AJUSTE_V67_MACRO_FOUR_LEG_AND_LARGE_BANK_SCALEUP(3).zip::BASE_V66.zip::BASE_V65.zip::BASE_V64.zip::v64/BASE_V63.zip::BASE_V62.zip::BASE_V61.zip::BASE_V60.zip::BASE_V59.zip::BASE_V58.zip::BASE_V57.zip::BASE_V56.zip::BASE_V55.zip::BASE_V54.zip::BASE_V53.zip::BASE_V52.zip,zip,veredictocontrapartesv52md,15
FRONTERA_CICLO_AJUSTE_V67_MACRO_FOUR_LEG_AND_LARGE_BANK_SCALEUP(3).zip,qa_v52.py,qa_v52.py,1481,3727353323,FRONTERA_CICLO_AJUSTE_V67_MACRO_FOUR_LEG_AND_LARGE_BANK_SCALEUP(3).zip::BASE_V66.zip::BASE_V65.zip::BASE_V64.zip::v64/BASE_V63.zip::BASE_V62.zip::BASE_V61.zip::BASE_V60.zip::BASE_V59.zip::BASE_V58.zip::BASE_V57.zip::BASE_V56.zip::BASE_V55.zip::BASE_V54.zip::BASE_V53.zip::BASE_V52.zip,zip,qav52py,15
FRONTERA_CICLO_AJUSTE_V67_MACRO_FOUR_LEG_AND_LARGE_BANK_SCALEUP(3).zip,CER_ASSET_LIABILITY_SECTOR_MAP_V53.csv,CER_ASSET_LIABILITY_SECTOR_MAP_V53.csv,1928,2424930496,FRONTERA_CICLO_AJUSTE_V67_MACRO_FOUR_LEG_AND_LARGE_BANK_SCALEUP(3).zip::BASE_V66.zip::BASE_V65.zip::BASE_V64.zip::v64/BASE_V63.zip::BASE_V62.zip::BASE_V61.zip::BASE_V60.zip::BASE_V59.zip::BASE_V58.zip::BASE_V57.zip::BASE_V56.zip::BASE_V55.zip::BASE_V54.zip::BASE_V53.zip,zip,cerassetliabilitysectormapv53csv,14
FRONTERA_CICLO_AJUSTE_V67_MACRO_FOUR_LEG_AND_LARGE_BANK_SCALEUP(3).zip,EVIDENCE_LEDGER_CICLO_AJUSTE_V53.csv,EVIDENCE_LEDGER_CICLO_AJUSTE_V53.csv,32838,1291886418,FRONTERA_CICLO_AJUSTE_V67_MACRO_FOUR_LEG_AND_LARGE_BANK_SCALEUP(3).zip::BASE_V66.zip::BASE_V65.zip::BASE_V64.zip::v64/BASE_V63.zip::BASE_V62.zip::BASE_V61.zip::BASE_V60.zip::BASE_V59.zip::BASE_V58.zip::BASE_V57.zip::BASE_V56.zip::BASE_V55.zip::BASE_V54.zip::BASE_V53.zip,zip,evidenceledgercicloajustev53csv,14
FRONTERA_CICLO_AJUSTE_V67_MACRO_FOUR_LEG_AND_LARGE_BANK_SCALEUP(3).zip,FUENTES_V53.md,FUENTES_V53.md,1790,3905457752,FRONTERA_CICLO_AJUSTE_V67_MACRO_FOUR_LEG_AND_LARGE_BANK_SCALEUP(3).zip::BASE_V66.zip::BASE_V65.zip::BASE_V64.zip::v64/BASE_V63.zip::BASE_V62.zip::BASE_V61.zip::BASE_V60.zip::BASE_V59.zip::BASE_V58.zip::BASE_V57.zip::BASE_V56.zip::BASE_V55.zip::BASE_V54.zip::BASE_V53.zip,zip,fuentesv53md,14
FRONTERA_CICLO_AJUSTE_V67_MACRO_FOUR_LEG_AND_LARGE_BANK_SCALEUP(3).zip,FX_GROSS_COUNTERPARTY_MAP_V53.csv,FX_GROSS_COUNTERPARTY_MAP_V53.csv,2845,3945359840,FRONTERA_CICLO_AJUSTE_V67_MACRO_FOUR_LEG_AND_LARGE_BANK_SCALEUP(3).zip::BASE_V66.zip::BASE_V65.zip::BASE_V64.zip::v64/BASE_V63.zip::BASE_V62.zip::BASE_V61.zip::BASE_V60.zip::BASE_V59.zip::BASE_V58.zip::BASE_V57.zip::BASE_V56.zip::BASE_V55.zip::BASE_V54.zip::BASE_V53.zip,zip,fxgrosscounterpartymapv53csv,14
FRONTERA_CICLO_AJUSTE_V67_MACRO_FOUR_LEG_AND_LARGE_BANK_SCALEUP(3).zip,HOUSEHOLD_DIRECT_FLOW_BOUND_V53.csv,HOUSEHOLD_DIRECT_FLOW_BOUND_V53.csv,2566,3922136717,FRONTERA_CICLO_AJUSTE_V67_MACRO_FOUR_LEG_AND_LARGE_BANK_SCALEUP(3).zip::BASE_V66.zip::BASE_V65.zip::BASE_V64.zip::v64/BASE_V63.zip::BASE_V62.zip::BASE_V61.zip::BASE_V60.zip::BASE_V59.zip::BASE_V58.zip::BASE_V57.zip::BASE_V56.zip::BASE_V55.zip::BASE_V54.zip::BASE_V53.zip,zip,householddirectflowboundv53csv,14
FRONTERA_CICLO_AJUSTE_V67_MACRO_FOUR_LEG_AND_LARGE_BANK_SCALEUP(3).zip,INTEREST_INCOME_SECTOR_SPLIT_V53.csv,INTEREST_INCOME_SECTOR_SPLIT_V53.csv,1914,3323966839,FRONTERA_CICLO_AJUSTE_V67_MACRO_FOUR_LEG_AND_LARGE_BANK_SCALEUP(3).zip::BASE_V66.zip::BASE_V65.zip::BASE_V64.zip::v64/BASE_V63.zip::BASE_V62.zip::BASE_V61.zip::BASE_V60.zip::BASE_V59.zip::BASE_V58.zip::BASE_V57.zip::BASE_V56.zip::BASE_V55.zip::BASE_V54.zip::BASE_V53.zip,zip,interestincomesectorsplitv53csv,14
FRONTERA_CICLO_AJUSTE_V67_MACRO_FOUR_LEG_AND_LARGE_BANK_SCALEUP(3).zip,MANIFEST_V53.json,MANIFEST_V53.json,3151,3397775879,FRONTERA_CICLO_AJUSTE_V67_MACRO_FOUR_LEG_AND_LARGE_BANK_SCALEUP(3).zip::BASE_V66.zip::BASE_V65.zip::BASE_V64.zip::v64/BASE_V63.zip::BASE_V62.zip::BASE_V61.zip::BASE_V60.zip::BASE_V59.zip::BASE_V58.zip::BASE_V57.zip::BASE_V56.zip::BASE_V55.zip::BASE_V54.zip::BASE_V53.zip,zip,manifestv53json,14
FRONTERA_CICLO_AJUSTE_V67_MACRO_FOUR_LEG_AND_LARGE_BANK_SCALEUP(3).zip,PROMPT_CODEX_V54_RAW_BCRA_MICRODATA.md,PROMPT_CODEX_V54_RAW_BCRA_MICRODATA.md,3199,1476505167,FRONTERA_CICLO_AJUSTE_V67_MACRO_FOUR_LEG_AND_LARGE_BANK_SCALEUP(3).zip::BASE_V66.zip::BASE_V65.zip::BASE_V64.zip::v64/BASE_V63.zip::BASE_V62.zip::BASE_V61.zip::BASE_V60.zip::BASE_V59.zip::BASE_V58.zip::BASE_V57.zip::BASE_V56.zip::BASE_V55.zip::BASE_V54.zip::BASE_V53.zip,zip,promptcodexv54rawbcramicrodatamd,14
FRONTERA_CICLO_AJUSTE_V67_MACRO_FOUR_LEG_AND_LARGE_BANK_SCALEUP(3).zip,README_V53.md,README_V53.md,1622,2934203907,FRONTERA_CICLO_AJUSTE_V67_MACRO_FOUR_LEG_AND_LARGE_BANK_SCALEUP(3).zip::BASE_V66.zip::BASE_V65.zip::BASE_V64.zip::v64/BASE_V63.zip::BASE_V62.zip::BASE_V61.zip::BASE_V60.zip::BASE_V59.zip::BASE_V58.zip::BASE_V57.zip::BASE_V56.zip::BASE_V55.zip::BASE_V54.zip::BASE_V53.zip,zip,readmev53md,14
FRONTERA_CICLO_AJUSTE_V67_MACRO_FOUR_LEG_AND_LARGE_BANK_SCALEUP(3).zip,SECURITIES_ISSUER_VALUATION_SPLIT_V53.csv,SECURITIES_ISSUER_VALUATION_SPLIT_V53.csv,3994,1151985647,FRONTERA_CICLO_AJUSTE_V67_MACRO_FOUR_LEG_AND_LARGE_BANK_SCALEUP(3).zip::BASE_V66.zip::BASE_V65.zip::BASE_V64.zip::v64/BASE_V63.zip::BASE_V62.zip::BASE_V61.zip::BASE_V60.zip::BASE_V59.zip::BASE_V58.zip::BASE_V57.zip::BASE_V56.zip::BASE_V55.zip::BASE_V54.zip::BASE_V53.zip,zip,securitiesissuervaluationsplitv53csv,14
FRONTERA_CICLO_AJUSTE_V67_MACRO_FOUR_LEG_AND_LARGE_BANK_SCALEUP(3).zip,VEREDICTO_CUANTIFICACION_CONTRAPARTES_V53.md,VEREDICTO_CUANTIFICACION_CONTRAPARTES_V53.md,2689,3561875554,FRONTERA_CICLO_AJUSTE_V67_MACRO_FOUR_LEG_AND_LARGE_BANK_SCALEUP(3).zip::BASE_V66.zip::BASE_V65.zip::BASE_V64.zip::v64/BASE_V63.zip::BASE_V62.zip::BASE_V61.zip::BASE_V60.zip::BASE_V59.zip::BASE_V58.zip::BASE_V57.zip::BASE_V56.zip::BASE_V55.zip::BASE_V54.zip::BASE_V53.zip,zip,veredictocuantificacioncontrapartesv53md,14
FRONTERA_CICLO_AJUSTE_V67_MACRO_FOUR_LEG_AND_LARGE_BANK_SCALEUP(3).zip,qa_v53.py,qa_v53.py,2329,4075672873,FRONTERA_CICLO_AJUSTE_V67_MACRO_FOUR_LEG_AND_LARGE_BANK_SCALEUP(3).zip::BASE_V66.zip::BASE_V65.zip::BASE_V64.zip::v64/BASE_V63.zip::BASE_V62.zip::BASE_V61.zip::BASE_V60.zip::BASE_V59.zip::BASE_V58.zip::BASE_V57.zip::BASE_V56.zip::BASE_V55.zip::BASE_V54.zip::BASE_V53.zip,zip,qav53py,14
FRONTERA_CICLO_AJUSTE_V67_MACRO_FOUR_LEG_AND_LARGE_BANK_SCALEUP(3).zip,CER_GROSS_BRIDGE_V54.csv,CER_GROSS_BRIDGE_V54.csv,1298,1763478116,FRONTERA_CICLO_AJUSTE_V67_MACRO_FOUR_LEG_AND_LARGE_BANK_SCALEUP(3).zip::BASE_V66.zip::BASE_V65.zip::BASE_V64.zip::v64/BASE_V63.zip::BASE_V62.zip::BASE_V61.zip::BASE_V60.zip::BASE_V59.zip::BASE_V58.zip::BASE_V57.zip::BASE_V56.zip::BASE_V55.zip::BASE_V54.zip,zip,cergrossbridgev54csv,13
FRONTERA_CICLO_AJUSTE_V67_MACRO_FOUR_LEG_AND_LARGE_BANK_SCALEUP(3).zip,EVIDENCE_LEDGER_CICLO_AJUSTE_V54.csv,EVIDENCE_LEDGER_CICLO_AJUSTE_V54.csv,35891,2651049975,FRONTERA_CICLO_AJUSTE_V67_MACRO_FOUR_LEG_AND_LARGE_BANK_SCALEUP(3).zip::BASE_V66.zip::BASE_V65.zip::BASE_V64.zip::v64/BASE_V63.zip::BASE_V62.zip::BASE_V61.zip::BASE_V60.zip::BASE_V59.zip::BASE_V58.zip::BASE_V57.zip::BASE_V56.zip::BASE_V55.zip::BASE_V54.zip,zip,evidenceledgercicloajustev54csv,13
FRONTERA_CICLO_AJUSTE_V67_MACRO_FOUR_LEG_AND_LARGE_BANK_SCALEUP(3).zip,FUENTES_V54.md,FUENTES_V54.md,1899,881832952,FRONTERA_CICLO_AJUSTE_V67_MACRO_FOUR_LEG_AND_LARGE_BANK_SCALEUP(3).zip::BASE_V66.zip::BASE_V65.zip::BASE_V64.zip::v64/BASE_V63.zip::BASE_V62.zip::BASE_V61.zip::BASE_V60.zip::BASE_V59.zip::BASE_V58.zip::BASE_V57.zip::BASE_V56.zip::BASE_V55.zip::BASE_V54.zip,zip,fuentesv54md,13
FRONTERA_CICLO_AJUSTE_V67_MACRO_FOUR_LEG_AND_LARGE_BANK_SCALEUP(3).zip,FX_GROSS_RESULT_BRIDGE_V54.csv,FX_GROSS_RESULT_BRIDGE_V54.csv,1199,3402975375,FRONTERA_CICLO_AJUSTE_V67_MACRO_FOUR_LEG_AND_LARGE_BANK_SCALEUP(3).zip::BASE_V66.zip::BASE_V65.zip::BASE_V64.zip::v64/BASE_V63.zip::BASE_V62.zip::BASE_V61.zip::BASE_V60.zip::BASE_V59.zip::BASE_V58.zip::BASE_V57.zip::BASE_V56.zip::BASE_V55.zip::BASE_V54.zip,zip,fxgrossresultbridgev54csv,13
FRONTERA_CICLO_AJUSTE_V67_MACRO_FOUR_LEG_AND_LARGE_BANK_SCALEUP(3).zip,INTEREST_INCOME_ACCOUNTING_BRIDGE_V54.csv,INTEREST_INCOME_ACCOUNTING_BRIDGE_V54.csv,1406,1355639883,FRONTERA_CICLO_AJUSTE_V67_MACRO_FOUR_LEG_AND_LARGE_BANK_SCALEUP(3).zip::BASE_V66.zip::BASE_V65.zip::BASE_V64.zip::v64/BASE_V63.zip::BASE_V62.zip::BASE_V61.zip::BASE_V60.zip::BASE_V59.zip::BASE_V58.zip::BASE_V57.zip::BASE_V56.zip::BASE_V55.zip::BASE_V54.zip,zip,interestincomeaccountingbridgev54csv,13
FRONTERA_CICLO_AJUSTE_V67_MACRO_FOUR_LEG_AND_LARGE_BANK_SCALEUP(3).zip,MANIFEST_V54.json,MANIFEST_V54.json,3560,650712362,FRONTERA_CICLO_AJUSTE_V67_MACRO_FOUR_LEG_AND_LARGE_BANK_SCALEUP(3).zip::BASE_V66.zip::BASE_V65.zip::BASE_V64.zip::v64/BASE_V63.zip::BASE_V62.zip::BASE_V61.zip::BASE_V60.zip::BASE_V59.zip::BASE_V58.zip::BASE_V57.zip::BASE_V56.zip::BASE_V55.zip::BASE_V54.zip,zip,manifestv54json,13
FRONTERA_CICLO_AJUSTE_V67_MACRO_FOUR_LEG_AND_LARGE_BANK_SCALEUP(3).zip,PROMPT_CODEX_V55_BYTE_MATERIALIZATION_AND_SUBACCOUNT_RECONCILIATION.md,PROMPT_CODEX_V55_BYTE_MATERIALIZATION_AND_SUBACCOUNT_RECONCILIATION.md,3086,444971051,FRONTERA_CICLO_AJUSTE_V67_MACRO_FOUR_LEG_AND_LARGE_BANK_SCALEUP(3).zip::BASE_V66.zip::BASE_V65.zip::BASE_V64.zip::v64/BASE_V63.zip::BASE_V62.zip::BASE_V61.zip::BASE_V60.zip::BASE_V59.zip::BASE_V58.zip::BASE_V57.zip::BASE_V56.zip::BASE_V55.zip::BASE_V54.zip,zip,promptcodexv55bytematerializationandsubaccountreconciliationmd,13
FRONTERA_CICLO_AJUSTE_V67_MACRO_FOUR_LEG_AND_LARGE_BANK_SCALEUP(3).zip,Q4_2023_JOINT_COUNTERPARTY_PARTITION_V54.csv,Q4_2023_JOINT_COUNTERPARTY_PARTITION_V54.csv,1218,3873685717,FRONTERA_CICLO_AJUSTE_V67_MACRO_FOUR_LEG_AND_LARGE_BANK_SCALEUP(3).zip::BASE_V66.zip::BASE_V65.zip::BASE_V64.zip::v64/BASE_V63.zip::BASE_V62.zip::BASE_V61.zip::BASE_V60.zip::BASE_V59.zip::BASE_V58.zip::BASE_V57.zip::BASE_V56.zip::BASE_V55.zip::BASE_V54.zip,zip,q42023jointcounterpartypartitionv54csv,13
FRONTERA_CICLO_AJUSTE_V67_MACRO_FOUR_LEG_AND_LARGE_BANK_SCALEUP(3).zip,QA_RESULT_V54.txt,QA_RESULT_V54.txt,5,3256905966,FRONTERA_CICLO_AJUSTE_V67_MACRO_FOUR_LEG_AND_LARGE_BANK_SCALEUP(3).zip::BASE_V66.zip::BASE_V65.zip::BASE_V64.zip::v64/BASE_V63.zip::BASE_V62.zip::BASE_V61.zip::BASE_V60.zip::BASE_V59.zip::BASE_V58.zip::BASE_V57.zip::BASE_V56.zip::BASE_V55.zip::BASE_V54.zip,zip,qaresultv54txt,13
FRONTERA_CICLO_AJUSTE_V67_MACRO_FOUR_LEG_AND_LARGE_BANK_SCALEUP(3).zip,RAW_SOURCE_MANIFEST_V54.csv,RAW_SOURCE_MANIFEST_V54.csv,4086,3355249895,FRONTERA_CICLO_AJUSTE_V67_MACRO_FOUR_LEG_AND_LARGE_BANK_SCALEUP(3).zip::BASE_V66.zip::BASE_V65.zip::BASE_V64.zip::v64/BASE_V63.zip::BASE_V62.zip::BASE_V61.zip::BASE_V60.zip::BASE_V59.zip::BASE_V58.zip::BASE_V57.zip::BASE_V56.zip::BASE_V55.zip::BASE_V54.zip,zip,rawsourcemanifestv54csv,13
FRONTERA_CICLO_AJUSTE_V67_MACRO_FOUR_LEG_AND_LARGE_BANK_SCALEUP(3).zip,README_V54.md,README_V54.md,1151,557525011,FRONTERA_CICLO_AJUSTE_V67_MACRO_FOUR_LEG_AND_LARGE_BANK_SCALEUP(3).zip::BASE_V66.zip::BASE_V65.zip::BASE_V64.zip::v64/BASE_V63.zip::BASE_V62.zip::BASE_V61.zip::BASE_V60.zip::BASE_V59.zip::BASE_V58.zip::BASE_V57.zip::BASE_V56.zip::BASE_V55.zip::BASE_V54.zip,zip,readmev54md,13
FRONTERA_CICLO_AJUSTE_V67_MACRO_FOUR_LEG_AND_LARGE_BANK_SCALEUP(3).zip,SECURITIES_RESULT_BRIDGE_V54.csv,SECURITIES_RESULT_BRIDGE_V54.csv,1403,4022876793,FRONTERA_CICLO_AJUSTE_V67_MACRO_FOUR_LEG_AND_LARGE_BANK_SCALEUP(3).zip::BASE_V66.zip::BASE_V65.zip::BASE_V64.zip::v64/BASE_V63.zip::BASE_V62.zip::BASE_V61.zip::BASE_V60.zip::BASE_V59.zip::BASE_V58.zip::BASE_V57.zip::BASE_V56.zip::BASE_V55.zip::BASE_V54.zip,zip,securitiesresultbridgev54csv,13
FRONTERA_CICLO_AJUSTE_V67_MACRO_FOUR_LEG_AND_LARGE_BANK_SCALEUP(3).zip,VEREDICTO_MICRODATA_BRIDGE_V54.md,VEREDICTO_MICRODATA_BRIDGE_V54.md,2066,3936993609,FRONTERA_CICLO_AJUSTE_V67_MACRO_FOUR_LEG_AND_LARGE_BANK_SCALEUP(3).zip::BASE_V66.zip::BASE_V65.zip::BASE_V64.zip::v64/BASE_V63.zip::BASE_V62.zip::BASE_V61.zip::BASE_V60.zip::BASE_V59.zip::BASE_V58.zip::BASE_V57.zip::BASE_V56.zip::BASE_V55.zip::BASE_V54.zip,zip,veredictomicrodatabridgev54md,13
FRONTERA_CICLO_AJUSTE_V67_MACRO_FOUR_LEG_AND_LARGE_BANK_SCALEUP(3).zip,qa_v54.py,qa_v54.py,1477,1824512938,FRONTERA_CICLO_AJUSTE_V67_MACRO_FOUR_LEG_AND_LARGE_BANK_SCALEUP(3).zip::BASE_V66.zip::BASE_V65.zip::BASE_V64.zip::v64/BASE_V63.zip::BASE_V62.zip::BASE_V61.zip::BASE_V60.zip::BASE_V59.zip::BASE_V58.zip::BASE_V57.zip::BASE_V56.zip::BASE_V55.zip::BASE_V54.zip,zip,qav54py,13
FRONTERA_CICLO_AJUSTE_V67_MACRO_FOUR_LEG_AND_LARGE_BANK_SCALEUP(3).zip,CER_GROSS_RECONCILIATION_V55.csv,CER_GROSS_RECONCILIATION_V55.csv,769,424658597,FRONTERA_CICLO_AJUSTE_V67_MACRO_FOUR_LEG_AND_LARGE_BANK_SCALEUP(3).zip::BASE_V66.zip::BASE_V65.zip::BASE_V64.zip::v64/BASE_V63.zip::BASE_V62.zip::BASE_V61.zip::BASE_V60.zip::BASE_V59.zip::BASE_V58.zip::BASE_V57.zip::BASE_V56.zip::BASE_V55.zip,zip,cergrossreconciliationv55csv,12
FRONTERA_CICLO_AJUSTE_V67_MACRO_FOUR_LEG_AND_LARGE_BANK_SCALEUP(3).zip,COUNTERPARTY_AXIS_V55.csv,COUNTERPARTY_AXIS_V55.csv,783,1856850215,FRONTERA_CICLO_AJUSTE_V67_MACRO_FOUR_LEG_AND_LARGE_BANK_SCALEUP(3).zip::BASE_V66.zip::BASE_V65.zip::BASE_V64.zip::v64/BASE_V63.zip::BASE_V62.zip::BASE_V61.zip::BASE_V60.zip::BASE_V59.zip::BASE_V58.zip::BASE_V57.zip::BASE_V56.zip::BASE_V55.zip,zip,counterpartyaxisv55csv,12
FRONTERA_CICLO_AJUSTE_V67_MACRO_FOUR_LEG_AND_LARGE_BANK_SCALEUP(3).zip,EVIDENCE_LEDGER_CICLO_AJUSTE_V55.csv,EVIDENCE_LEDGER_CICLO_AJUSTE_V55.csv,37476,769167957,FRONTERA_CICLO_AJUSTE_V67_MACRO_FOUR_LEG_AND_LARGE_BANK_SCALEUP(3).zip::BASE_V66.zip::BASE_V65.zip::BASE_V64.zip::v64/BASE_V63.zip::BASE_V62.zip::BASE_V61.zip::BASE_V60.zip::BASE_V59.zip::BASE_V58.zip::BASE_V57.zip::BASE_V56.zip::BASE_V55.zip,zip,evidenceledgercicloajustev55csv,12
FRONTERA_CICLO_AJUSTE_V67_MACRO_FOUR_LEG_AND_LARGE_BANK_SCALEUP(3).zip,FUENTES_V55.md,FUENTES_V55.md,1595,2045476171,FRONTERA_CICLO_AJUSTE_V67_MACRO_FOUR_LEG_AND_LARGE_BANK_SCALEUP(3).zip::BASE_V66.zip::BASE_V65.zip::BASE_V64.zip::v64/BASE_V63.zip::BASE_V62.zip::BASE_V61.zip::BASE_V60.zip::BASE_V59.zip::BASE_V58.zip::BASE_V57.zip::BASE_V56.zip::BASE_V55.zip,zip,fuentesv55md,12
FRONTERA_CICLO_AJUSTE_V67_MACRO_FOUR_LEG_AND_LARGE_BANK_SCALEUP(3).zip,FX_MODE_RECONCILIATION_V55.csv,FX_MODE_RECONCILIATION_V55.csv,748,1599154258,FRONTERA_CICLO_AJUSTE_V67_MACRO_FOUR_LEG_AND_LARGE_BANK_SCALEUP(3).zip::BASE_V66.zip::BASE_V65.zip::BASE_V64.zip::v64/BASE_V63.zip::BASE_V62.zip::BASE_V61.zip::BASE_V60.zip::BASE_V59.zip::BASE_V58.zip::BASE_V57.zip::BASE_V56.zip::BASE_V55.zip,zip,fxmodereconciliationv55csv,12
FRONTERA_CICLO_AJUSTE_V67_MACRO_FOUR_LEG_AND_LARGE_BANK_SCALEUP(3).zip,INTEREST_SECTOR_RECONCILIATION_V55.csv,INTEREST_SECTOR_RECONCILIATION_V55.csv,1148,1522993080,FRONTERA_CICLO_AJUSTE_V67_MACRO_FOUR_LEG_AND_LARGE_BANK_SCALEUP(3).zip::BASE_V66.zip::BASE_V65.zip::BASE_V64.zip::v64/BASE_V63.zip::BASE_V62.zip::BASE_V61.zip::BASE_V60.zip::BASE_V59.zip::BASE_V58.zip::BASE_V57.zip::BASE_V56.zip::BASE_V55.zip,zip,interestsectorreconciliationv55csv,12
FRONTERA_CICLO_AJUSTE_V67_MACRO_FOUR_LEG_AND_LARGE_BANK_SCALEUP(3).zip,MANIFEST_V55.json,MANIFEST_V55.json,727,4094365357,FRONTERA_CICLO_AJUSTE_V67_MACRO_FOUR_LEG_AND_LARGE_BANK_SCALEUP(3).zip::BASE_V66.zip::BASE_V65.zip::BASE_V64.zip::v64/BASE_V63.zip::BASE_V62.zip::BASE_V61.zip::BASE_V60.zip::BASE_V59.zip::BASE_V58.zip::BASE_V57.zip::BASE_V56.zip::BASE_V55.zip,zip,manifestv55json,12
FRONTERA_CICLO_AJUSTE_V67_MACRO_FOUR_LEG_AND_LARGE_BANK_SCALEUP(3).zip,PROMPT_CODEX_V56_SERIES_VALUES_AND_NIIF_BRIDGE.md,PROMPT_CODEX_V56_SERIES_VALUES_AND_NIIF_BRIDGE.md,2013,3247092477,FRONTERA_CICLO_AJUSTE_V67_MACRO_FOUR_LEG_AND_LARGE_BANK_SCALEUP(3).zip::BASE_V66.zip::BASE_V65.zip::BASE_V64.zip::v64/BASE_V63.zip::BASE_V62.zip::BASE_V61.zip::BASE_V60.zip::BASE_V59.zip::BASE_V58.zip::BASE_V57.zip::BASE_V56.zip::BASE_V55.zip,zip,promptcodexv56seriesvaluesandniifbridgemd,12
FRONTERA_CICLO_AJUSTE_V67_MACRO_FOUR_LEG_AND_LARGE_BANK_SCALEUP(3).zip,QA_RESULT_V55.txt,QA_RESULT_V55.txt,9,2796055921,FRONTERA_CICLO_AJUSTE_V67_MACRO_FOUR_LEG_AND_LARGE_BANK_SCALEUP(3).zip::BASE_V66.zip::BASE_V65.zip::BASE_V64.zip::v64/BASE_V63.zip::BASE_V62.zip::BASE_V61.zip::BASE_V60.zip::BASE_V59.zip::BASE_V58.zip::BASE_V57.zip::BASE_V56.zip::BASE_V55.zip,zip,qaresultv55txt,12
FRONTERA_CICLO_AJUSTE_V67_MACRO_FOUR_LEG_AND_LARGE_BANK_SCALEUP(3).zip,RAW_BYTES_MANIFEST_V55.csv,RAW_BYTES_MANIFEST_V55.csv,4441,3653712268,FRONTERA_CICLO_AJUSTE_V67_MACRO_FOUR_LEG_AND_LARGE_BANK_SCALEUP(3).zip::BASE_V66.zip::BASE_V65.zip::BASE_V64.zip::v64/BASE_V63.zip::BASE_V62.zip::BASE_V61.zip::BASE_V60.zip::BASE_V59.zip::BASE_V58.zip::BASE_V57.zip::BASE_V56.zip::BASE_V55.zip,zip,rawbytesmanifestv55csv,12
FRONTERA_CICLO_AJUSTE_V67_MACRO_FOUR_LEG_AND_LARGE_BANK_SCALEUP(3).zip,README_V55.md,README_V55.md,716,2765300277,FRONTERA_CICLO_AJUSTE_V67_MACRO_FOUR_LEG_AND_LARGE_BANK_SCALEUP(3).zip::BASE_V66.zip::BASE_V65.zip::BASE_V64.zip::v64/BASE_V63.zip::BASE_V62.zip::BASE_V61.zip::BASE_V60.zip::BASE_V59.zip::BASE_V58.zip::BASE_V57.zip::BASE_V56.zip::BASE_V55.zip,zip,readmev55md,12
FRONTERA_CICLO_AJUSTE_V67_MACRO_FOUR_LEG_AND_LARGE_BANK_SCALEUP(3).zip,SECURITIES_RECONCILIATION_V55.csv,SECURITIES_RECONCILIATION_V55.csv,942,84094729,FRONTERA_CICLO_AJUSTE_V67_MACRO_FOUR_LEG_AND_LARGE_BANK_SCALEUP(3).zip::BASE_V66.zip::BASE_V65.zip::BASE_V64.zip::v64/BASE_V63.zip::BASE_V62.zip::BASE_V61.zip::BASE_V60.zip::BASE_V59.zip::BASE_V58.zip::BASE_V57.zip::BASE_V56.zip::BASE_V55.zip,zip,securitiesreconciliationv55csv,12
FRONTERA_CICLO_AJUSTE_V67_MACRO_FOUR_LEG_AND_LARGE_BANK_SCALEUP(3).zip,SUBACCOUNT_DICTIONARY_V55.csv,SUBACCOUNT_DICTIONARY_V55.csv,15084,151416654,FRONTERA_CICLO_AJUSTE_V67_MACRO_FOUR_LEG_AND_LARGE_BANK_SCALEUP(3).zip::BASE_V66.zip::BASE_V65.zip::BASE_V64.zip::v64/BASE_V63.zip::BASE_V62.zip::BASE_V61.zip::BASE_V60.zip::BASE_V59.zip::BASE_V58.zip::BASE_V57.zip::BASE_V56.zip::BASE_V55.zip,zip,subaccountdictionaryv55csv,12
FRONTERA_CICLO_AJUSTE_V67_MACRO_FOUR_LEG_AND_LARGE_BANK_SCALEUP(3).zip,VEREDICTO_RECONCILIACION_V55.md,VEREDICTO_RECONCILIACION_V55.md,2726,243150298,FRONTERA_CICLO_AJUSTE_V67_MACRO_FOUR_LEG_AND_LARGE_BANK_SCALEUP(3).zip::BASE_V66.zip::BASE_V65.zip::BASE_V64.zip::v64/BASE_V63.zip::BASE_V62.zip::BASE_V61.zip::BASE_V60.zip::BASE_V59.zip::BASE_V58.zip::BASE_V57.zip::BASE_V56.zip::BASE_V55.zip,zip,veredictoreconciliacionv55md,12
FRONTERA_CICLO_AJUSTE_V67_MACRO_FOUR_LEG_AND_LARGE_BANK_SCALEUP(3).zip,qa_v55.py,qa_v55.py,1149,434940574,FRONTERA_CICLO_AJUSTE_V67_MACRO_FOUR_LEG_AND_LARGE_BANK_SCALEUP(3).zip::BASE_V66.zip::BASE_V65.zip::BASE_V64.zip::v64/BASE_V63.zip::BASE_V62.zip::BASE_V61.zip::BASE_V60.zip::BASE_V59.zip::BASE_V58.zip::BASE_V57.zip::BASE_V56.zip::BASE_V55.zip,zip,qav55py,12
FRONTERA_CICLO_AJUSTE_V67_MACRO_FOUR_LEG_AND_LARGE_BANK_SCALEUP(3).zip,raw_cache/es_series.txt,es_series.txt,5827774,748657357,FRONTERA_CICLO_AJUSTE_V67_MACRO_FOUR_LEG_AND_LARGE_BANK_SCALEUP(3).zip::BASE_V66.zip::BASE_V65.zip::BASE_V64.zip::v64/BASE_V63.zip::BASE_V62.zip::BASE_V61.zip::BASE_V60.zip::BASE_V59.zip::BASE_V58.zip::BASE_V57.zip::BASE_V56.zip::BASE_V55.zip,zip,esseriestxt,12
FRONTERA_CICLO_AJUSTE_V67_MACRO_FOUR_LEG_AND_LARGE_BANK_SCALEUP(3).zip,MANIFEST_V56.json,MANIFEST_V56.json,3938,1448856948,FRONTERA_CICLO_AJUSTE_V67_MACRO_FOUR_LEG_AND_LARGE_BANK_SCALEUP(3).zip::BASE_V66.zip::BASE_V65.zip::BASE_V64.zip::v64/BASE_V63.zip::BASE_V62.zip::BASE_V61.zip::BASE_V60.zip::BASE_V59.zip::BASE_V58.zip::BASE_V57.zip::BASE_V56.zip,zip,manifestv56json,11
FRONTERA_CICLO_AJUSTE_V67_MACRO_FOUR_LEG_AND_LARGE_BANK_SCALEUP(3).zip,qa_v56.py,qa_v56.py,2132,1137530503,FRONTERA_CICLO_AJUSTE_V67_MACRO_FOUR_LEG_AND_LARGE_BANK_SCALEUP(3).zip::BASE_V66.zip::BASE_V65.zip::BASE_V64.zip::v64/BASE_V63.zip::BASE_V62.zip::BASE_V61.zip::BASE_V60.zip::BASE_V59.zip::BASE_V58.zip::BASE_V57.zip::BASE_V56.zip,zip,qav56py,11
FRONTERA_CICLO_AJUSTE_V67_MACRO_FOUR_LEG_AND_LARGE_BANK_SCALEUP(3).zip,COUNTERPARTY_UPDATE_V56.csv,COUNTERPARTY_UPDATE_V56.csv,548,1491076668,FRONTERA_CICLO_AJUSTE_V67_MACRO_FOUR_LEG_AND_LARGE_BANK_SCALEUP(3).zip::BASE_V66.zip::BASE_V65.zip::BASE_V64.zip::v64/BASE_V63.zip::BASE_V62.zip::BASE_V61.zip::BASE_V60.zip::BASE_V59.zip::BASE_V58.zip::BASE_V57.zip::BASE_V56.zip,zip,counterpartyupdatev56csv,11
FRONTERA_CICLO_AJUSTE_V67_MACRO_FOUR_LEG_AND_LARGE_BANK_SCALEUP(3).zip,EVIDENCE_LEDGER_CICLO_AJUSTE_V56.csv,EVIDENCE_LEDGER_CICLO_AJUSTE_V56.csv,39312,3821271819,FRONTERA_CICLO_AJUSTE_V67_MACRO_FOUR_LEG_AND_LARGE_BANK_SCALEUP(3).zip::BASE_V66.zip::BASE_V65.zip::BASE_V64.zip::v64/BASE_V63.zip::BASE_V62.zip::BASE_V61.zip::BASE_V60.zip::BASE_V59.zip::BASE_V58.zip::BASE_V57.zip::BASE_V56.zip,zip,evidenceledgercicloajustev56csv,11
FRONTERA_CICLO_AJUSTE_V67_MACRO_FOUR_LEG_AND_LARGE_BANK_SCALEUP(3).zip,raw_cache/es_series.txt,es_series.txt,5827774,748657357,FRONTERA_CICLO_AJUSTE_V67_MACRO_FOUR_LEG_AND_LARGE_BANK_SCALEUP(3).zip::BASE_V66.zip::BASE_V65.zip::BASE_V64.zip::v64/BASE_V63.zip::BASE_V62.zip::BASE_V61.zip::BASE_V60.zip::BASE_V59.zip::BASE_V58.zip::BASE_V57.zip::BASE_V56.zip,zip,esseriestxt,11
FRONTERA_CICLO_AJUSTE_V67_MACRO_FOUR_LEG_AND_LARGE_BANK_SCALEUP(3).zip,raw_cache/Series_estadisticas.xlsx,Series_estadisticas.xlsx,1507855,1320633598,FRONTERA_CICLO_AJUSTE_V67_MACRO_FOUR_LEG_AND_LARGE_BANK_SCALEUP(3).zip::BASE_V66.zip::BASE_V65.zip::BASE_V64.zip::v64/BASE_V63.zip::BASE_V62.zip::BASE_V61.zip::BASE_V60.zip::BASE_V59.zip::BASE_V58.zip::BASE_V57.zip::BASE_V56.zip,zip,seriesestadisticasxlsx,11
FRONTERA_CICLO_AJUSTE_V67_MACRO_FOUR_LEG_AND_LARGE_BANK_SCALEUP(3).zip,ACCOUNT_EQUIVALENCE_NIIF_V56.csv,ACCOUNT_EQUIVALENCE_NIIF_V56.csv,18940,3566337282,FRONTERA_CICLO_AJUSTE_V67_MACRO_FOUR_LEG_AND_LARGE_BANK_SCALEUP(3).zip::BASE_V66.zip::BASE_V65.zip::BASE_V64.zip::v64/BASE_V63.zip::BASE_V62.zip::BASE_V61.zip::BASE_V60.zip::BASE_V59.zip::BASE_V58.zip::BASE_V57.zip::BASE_V56.zip,zip,accountequivalenceniifv56csv,11
FRONTERA_CICLO_AJUSTE_V67_MACRO_FOUR_LEG_AND_LARGE_BANK_SCALEUP(3).zip,fetch_bcra_v4_values.py,fetch_bcra_v4_values.py,1563,4258899431,FRONTERA_CICLO_AJUSTE_V67_MACRO_FOUR_LEG_AND_LARGE_BANK_SCALEUP(3).zip::BASE_V66.zip::BASE_V65.zip::BASE_V64.zip::v64/BASE_V63.zip::BASE_V62.zip::BASE_V61.zip::BASE_V60.zip::BASE_V59.zip::BASE_V58.zip::BASE_V57.zip::BASE_V56.zip,zip,fetchbcrav4valuespy,11
FRONTERA_CICLO_AJUSTE_V67_MACRO_FOUR_LEG_AND_LARGE_BANK_SCALEUP(3).zip,MONTHLY_SUBACCOUNT_VALUES_2023_V56.csv,MONTHLY_SUBACCOUNT_VALUES_2023_V56.csv,10137,2754513223,FRONTERA_CICLO_AJUSTE_V67_MACRO_FOUR_LEG_AND_LARGE_BANK_SCALEUP(3).zip::BASE_V66.zip::BASE_V65.zip::BASE_V64.zip::v64/BASE_V63.zip::BASE_V62.zip::BASE_V61.zip::BASE_V60.zip::BASE_V59.zip::BASE_V58.zip::BASE_V57.zip::BASE_V56.zip,zip,monthlysubaccountvalues2023v56csv,11
FRONTERA_CICLO_AJUSTE_V67_MACRO_FOUR_LEG_AND_LARGE_BANK_SCALEUP(3).zip,OFFICIAL_CATALOG_SLICE_V56.csv,OFFICIAL_CATALOG_SLICE_V56.csv,17529,2871997340,FRONTERA_CICLO_AJUSTE_V67_MACRO_FOUR_LEG_AND_LARGE_BANK_SCALEUP(3).zip::BASE_V66.zip::BASE_V65.zip::BASE_V64.zip::v64/BASE_V63.zip::BASE_V62.zip::BASE_V61.zip::BASE_V60.zip::BASE_V59.zip::BASE_V58.zip::BASE_V57.zip::BASE_V56.zip,zip,officialcatalogslicev56csv,11
FRONTERA_CICLO_AJUSTE_V67_MACRO_FOUR_LEG_AND_LARGE_BANK_SCALEUP(3).zip,VEREDICTO_V56.md,VEREDICTO_V56.md,1131,786628932,FRONTERA_CICLO_AJUSTE_V67_MACRO_FOUR_LEG_AND_LARGE_BANK_SCALEUP(3).zip::BASE_V66.zip::BASE_V65.zip::BASE_V64.zip::v64/BASE_V63.zip::BASE_V62.zip::BASE_V61.zip::BASE_V60.zip::BASE_V59.zip::BASE_V58.zip::BASE_V57.zip::BASE_V56.zip,zip,veredictov56md,11
FRONTERA_CICLO_AJUSTE_V67_MACRO_FOUR_LEG_AND_LARGE_BANK_SCALEUP(3).zip,COUNTERPARTY_UPDATE_V57.csv,COUNTERPARTY_UPDATE_V57.csv,782,2916305718,FRONTERA_CICLO_AJUSTE_V67_MACRO_FOUR_LEG_AND_LARGE_BANK_SCALEUP(3).zip::BASE_V66.zip::BASE_V65.zip::BASE_V64.zip::v64/BASE_V63.zip::BASE_V62.zip::BASE_V61.zip::BASE_V60.zip::BASE_V59.zip::BASE_V58.zip::BASE_V57.zip,zip,counterpartyupdatev57csv,10
FRONTERA_CICLO_AJUSTE_V67_MACRO_FOUR_LEG_AND_LARGE_BANK_SCALEUP(3).zip,EVIDENCE_LEDGER_CICLO_AJUSTE_V57.csv,EVIDENCE_LEDGER_CICLO_AJUSTE_V57.csv,41708,3650130693,FRONTERA_CICLO_AJUSTE_V67_MACRO_FOUR_LEG_AND_LARGE_BANK_SCALEUP(3).zip::BASE_V66.zip::BASE_V65.zip::BASE_V64.zip::v64/BASE_V63.zip::BASE_V62.zip::BASE_V61.zip::BASE_V60.zip::BASE_V59.zip::BASE_V58.zip::BASE_V57.zip,zip,evidenceledgercicloajustev57csv,10
FRONTERA_CICLO_AJUSTE_V67_MACRO_FOUR_LEG_AND_LARGE_BANK_SCALEUP(3).zip,FUENTES_V57.md,FUENTES_V57.md,2126,1816966930,FRONTERA_CICLO_AJUSTE_V67_MACRO_FOUR_LEG_AND_LARGE_BANK_SCALEUP(3).zip::BASE_V66.zip::BASE_V65.zip::BASE_V64.zip::v64/BASE_V63.zip::BASE_V62.zip::BASE_V61.zip::BASE_V60.zip::BASE_V59.zip::BASE_V58.zip::BASE_V57.zip,zip,fuentesv57md,10
FRONTERA_CICLO_AJUSTE_V67_MACRO_FOUR_LEG_AND_LARGE_BANK_SCALEUP(3).zip,IPC_RESTATEMENT_COEFFICIENTS_V57.csv,IPC_RESTATEMENT_COEFFICIENTS_V57.csv,735,2429051065,FRONTERA_CICLO_AJUSTE_V67_MACRO_FOUR_LEG_AND_LARGE_BANK_SCALEUP(3).zip::BASE_V66.zip::BASE_V65.zip::BASE_V64.zip::v64/BASE_V63.zip::BASE_V62.zip::BASE_V61.zip::BASE_V60.zip::BASE_V59.zip::BASE_V58.zip::BASE_V57.zip,zip,ipcrestatementcoefficientsv57csv,10
FRONTERA_CICLO_AJUSTE_V67_MACRO_FOUR_LEG_AND_LARGE_BANK_SCALEUP(3).zip,MANIFEST_V57.json,MANIFEST_V57.json,3226,3808868569,FRONTERA_CICLO_AJUSTE_V67_MACRO_FOUR_LEG_AND_LARGE_BANK_SCALEUP(3).zip::BASE_V66.zip::BASE_V65.zip::BASE_V64.zip::v64/BASE_V63.zip::BASE_V62.zip::BASE_V61.zip::BASE_V60.zip::BASE_V59.zip::BASE_V58.zip::BASE_V57.zip,zip,manifestv57json,10
FRONTERA_CICLO_AJUSTE_V67_MACRO_FOUR_LEG_AND_LARGE_BANK_SCALEUP(3).zip,MONTHLY_SUBACCOUNT_VALUES_2023_V57.csv,MONTHLY_SUBACCOUNT_VALUES_2023_V57.csv,25977,3395576089,FRONTERA_CICLO_AJUSTE_V67_MACRO_FOUR_LEG_AND_LARGE_BANK_SCALEUP(3).zip::BASE_V66.zip::BASE_V65.zip::BASE_V64.zip::v64/BASE_V63.zip::BASE_V62.zip::BASE_V61.zip::BASE_V60.zip::BASE_V59.zip::BASE_V58.zip::BASE_V57.zip,zip,monthlysubaccountvalues2023v57csv,10
FRONTERA_CICLO_AJUSTE_V67_MACRO_FOUR_LEG_AND_LARGE_BANK_SCALEUP(3).zip,NOMINAL_RECONCILIATION_V57.csv,NOMINAL_RECONCILIATION_V57.csv,5092,2497660867,FRONTERA_CICLO_AJUSTE_V67_MACRO_FOUR_LEG_AND_LARGE_BANK_SCALEUP(3).zip::BASE_V66.zip::BASE_V65.zip::BASE_V64.zip::v64/BASE_V63.zip::BASE_V62.zip::BASE_V61.zip::BASE_V60.zip::BASE_V59.zip::BASE_V58.zip::BASE_V57.zip,zip,nominalreconciliationv57csv,10
FRONTERA_CICLO_AJUSTE_V67_MACRO_FOUR_LEG_AND_LARGE_BANK_SCALEUP(3).zip,POST2020_ACCUMULATED_RESULTS_V57.csv,POST2020_ACCUMULATED_RESULTS_V57.csv,5395,589873153,FRONTERA_CICLO_AJUSTE_V67_MACRO_FOUR_LEG_AND_LARGE_BANK_SCALEUP(3).zip::BASE_V66.zip::BASE_V65.zip::BASE_V64.zip::v64/BASE_V63.zip::BASE_V62.zip::BASE_V61.zip::BASE_V60.zip::BASE_V59.zip::BASE_V58.zip::BASE_V57.zip,zip,post2020accumulatedresultsv57csv,10
FRONTERA_CICLO_AJUSTE_V67_MACRO_FOUR_LEG_AND_LARGE_BANK_SCALEUP(3).zip,PP_TARGET_RECONCILIATION_V57.csv,PP_TARGET_RECONCILIATION_V57.csv,1495,817158950,FRONTERA_CICLO_AJUSTE_V67_MACRO_FOUR_LEG_AND_LARGE_BANK_SCALEUP(3).zip::BASE_V66.zip::BASE_V65.zip::BASE_V64.zip::v64/BASE_V63.zip::BASE_V62.zip::BASE_V61.zip::BASE_V60.zip::BASE_V59.zip::BASE_V58.zip::BASE_V57.zip,zip,pptargetreconciliationv57csv,10
FRONTERA_CICLO_AJUSTE_V67_MACRO_FOUR_LEG_AND_LARGE_BANK_SCALEUP(3).zip,PROMPT_CODEX_V58_MODERN_XLSX_SUBACCOUNT_BRIDGE.md,PROMPT_CODEX_V58_MODERN_XLSX_SUBACCOUNT_BRIDGE.md,2340,2934801191,FRONTERA_CICLO_AJUSTE_V67_MACRO_FOUR_LEG_AND_LARGE_BANK_SCALEUP(3).zip::BASE_V66.zip::BASE_V65.zip::BASE_V64.zip::v64/BASE_V63.zip::BASE_V62.zip::BASE_V61.zip::BASE_V60.zip::BASE_V59.zip::BASE_V58.zip::BASE_V57.zip,zip,promptcodexv58modernxlsxsubaccountbridgemd,10
FRONTERA_CICLO_AJUSTE_V67_MACRO_FOUR_LEG_AND_LARGE_BANK_SCALEUP(3).zip,PUBLICATION_REGIME_CORRECTION_V57.csv,PUBLICATION_REGIME_CORRECTION_V57.csv,1047,489099765,FRONTERA_CICLO_AJUSTE_V67_MACRO_FOUR_LEG_AND_LARGE_BANK_SCALEUP(3).zip::BASE_V66.zip::BASE_V65.zip::BASE_V64.zip::v64/BASE_V63.zip::BASE_V62.zip::BASE_V61.zip::BASE_V60.zip::BASE_V59.zip::BASE_V58.zip::BASE_V57.zip,zip,publicationregimecorrectionv57csv,10
FRONTERA_CICLO_AJUSTE_V67_MACRO_FOUR_LEG_AND_LARGE_BANK_SCALEUP(3).zip,QA_RESULT_V57.txt,QA_RESULT_V57.txt,5,3256905966,FRONTERA_CICLO_AJUSTE_V67_MACRO_FOUR_LEG_AND_LARGE_BANK_SCALEUP(3).zip::BASE_V66.zip::BASE_V65.zip::BASE_V64.zip::v64/BASE_V63.zip::BASE_V62.zip::BASE_V61.zip::BASE_V60.zip::BASE_V59.zip::BASE_V58.zip::BASE_V57.zip,zip,qaresultv57txt,10
FRONTERA_CICLO_AJUSTE_V67_MACRO_FOUR_LEG_AND_LARGE_BANK_SCALEUP(3).zip,RAW_API_MANIFEST_V57.csv,RAW_API_MANIFEST_V57.csv,2703,2211353470,FRONTERA_CICLO_AJUSTE_V67_MACRO_FOUR_LEG_AND_LARGE_BANK_SCALEUP(3).zip::BASE_V66.zip::BASE_V65.zip::BASE_V64.zip::v64/BASE_V63.zip::BASE_V62.zip::BASE_V61.zip::BASE_V60.zip::BASE_V59.zip::BASE_V58.zip::BASE_V57.zip,zip,rawapimanifestv57csv,10
FRONTERA_CICLO_AJUSTE_V67_MACRO_FOUR_LEG_AND_LARGE_BANK_SCALEUP(3).zip,README_V57.md,README_V57.md,704,3216325338,FRONTERA_CICLO_AJUSTE_V67_MACRO_FOUR_LEG_AND_LARGE_BANK_SCALEUP(3).zip::BASE_V66.zip::BASE_V65.zip::BASE_V64.zip::v64/BASE_V63.zip::BASE_V62.zip::BASE_V61.zip::BASE_V60.zip::BASE_V59.zip::BASE_V58.zip::BASE_V57.zip,zip,readmev57md,10
FRONTERA_CICLO_AJUSTE_V67_MACRO_FOUR_LEG_AND_LARGE_BANK_SCALEUP(3).zip,VEREDICTO_V57.md,VEREDICTO_V57.md,1172,2202516161,FRONTERA_CICLO_AJUSTE_V67_MACRO_FOUR_LEG_AND_LARGE_BANK_SCALEUP(3).zip::BASE_V66.zip::BASE_V65.zip::BASE_V64.zip::v64/BASE_V63.zip::BASE_V62.zip::BASE_V61.zip::BASE_V60.zip::BASE_V59.zip::BASE_V58.zip::BASE_V57.zip,zip,veredictov57md,10
FRONTERA_CICLO_AJUSTE_V67_MACRO_FOUR_LEG_AND_LARGE_BANK_SCALEUP(3).zip,qa_v57.py,qa_v57.py,1568,1949318899,FRONTERA_CICLO_AJUSTE_V67_MACRO_FOUR_LEG_AND_LARGE_BANK_SCALEUP(3).zip::BASE_V66.zip::BASE_V65.zip::BASE_V64.zip::v64/BASE_V63.zip::BASE_V62.zip::BASE_V61.zip::BASE_V60.zip::BASE_V59.zip::BASE_V58.zip::BASE_V57.zip,zip,qav57py,10
FRONTERA_CICLO_AJUSTE_V67_MACRO_FOUR_LEG_AND_LARGE_BANK_SCALEUP(3).zip,FX_CER_PASSES_BRIDGE_V58.csv,FX_CER_PASSES_BRIDGE_V58.csv,669,2202966174,FRONTERA_CICLO_AJUSTE_V67_MACRO_FOUR_LEG_AND_LARGE_BANK_SCALEUP(3).zip::BASE_V66.zip::BASE_V65.zip::BASE_V64.zip::v64/BASE_V63.zip::BASE_V62.zip::BASE_V61.zip::BASE_V60.zip::BASE_V59.zip::BASE_V58.zip,zip,fxcerpassesbridgev58csv,9
FRONTERA_CICLO_AJUSTE_V67_MACRO_FOUR_LEG_AND_LARGE_BANK_SCALEUP(3).zip,MODERN_SOURCE_SHEET_MAP_V58.csv,MODERN_SOURCE_SHEET_MAP_V58.csv,1848,2207996523,FRONTERA_CICLO_AJUSTE_V67_MACRO_FOUR_LEG_AND_LARGE_BANK_SCALEUP(3).zip::BASE_V66.zip::BASE_V65.zip::BASE_V64.zip::v64/BASE_V63.zip::BASE_V62.zip::BASE_V61.zip::BASE_V60.zip::BASE_V59.zip::BASE_V58.zip,zip,modernsourcesheetmapv58csv,9
FRONTERA_CICLO_AJUSTE_V67_MACRO_FOUR_LEG_AND_LARGE_BANK_SCALEUP(3).zip,VEREDICTO_V58.md,VEREDICTO_V58.md,1255,2498405922,FRONTERA_CICLO_AJUSTE_V67_MACRO_FOUR_LEG_AND_LARGE_BANK_SCALEUP(3).zip::BASE_V66.zip::BASE_V65.zip::BASE_V64.zip::v64/BASE_V63.zip::BASE_V62.zip::BASE_V61.zip::BASE_V60.zip::BASE_V59.zip::BASE_V58.zip,zip,veredictov58md,9
FRONTERA_CICLO_AJUSTE_V67_MACRO_FOUR_LEG_AND_LARGE_BANK_SCALEUP(3).zip,FUENTES_V58.md,FUENTES_V58.md,2826,4167207868,FRONTERA_CICLO_AJUSTE_V67_MACRO_FOUR_LEG_AND_LARGE_BANK_SCALEUP(3).zip::BASE_V66.zip::BASE_V65.zip::BASE_V64.zip::v64/BASE_V63.zip::BASE_V62.zip::BASE_V61.zip::BASE_V60.zip::BASE_V59.zip::BASE_V58.zip,zip,fuentesv58md,9
FRONTERA_CICLO_AJUSTE_V67_MACRO_FOUR_LEG_AND_LARGE_BANK_SCALEUP(3).zip,COUNTERPARTY_UPDATE_V58.csv,COUNTERPARTY_UPDATE_V58.csv,695,3693839775,FRONTERA_CICLO_AJUSTE_V67_MACRO_FOUR_LEG_AND_LARGE_BANK_SCALEUP(3).zip::BASE_V66.zip::BASE_V65.zip::BASE_V64.zip::v64/BASE_V63.zip::BASE_V62.zip::BASE_V61.zip::BASE_V60.zip::BASE_V59.zip::BASE_V58.zip,zip,counterpartyupdatev58csv,9
FRONTERA_CICLO_AJUSTE_V67_MACRO_FOUR_LEG_AND_LARGE_BANK_SCALEUP(3).zip,EVIDENCE_LEDGER_CICLO_AJUSTE_V58.csv,EVIDENCE_LEDGER_CICLO_AJUSTE_V58.csv,43221,25991159,FRONTERA_CICLO_AJUSTE_V67_MACRO_FOUR_LEG_AND_LARGE_BANK_SCALEUP(3).zip::BASE_V66.zip::BASE_V65.zip::BASE_V64.zip::v64/BASE_V63.zip::BASE_V62.zip::BASE_V61.zip::BASE_V60.zip::BASE_V59.zip::BASE_V58.zip,zip,evidenceledgercicloajustev58csv,9
FRONTERA_CICLO_AJUSTE_V67_MACRO_FOUR_LEG_AND_LARGE_BANK_SCALEUP(3).zip,QA_RESULT_V58.txt,QA_RESULT_V58.txt,5,3256905966,FRONTERA_CICLO_AJUSTE_V67_MACRO_FOUR_LEG_AND_LARGE_BANK_SCALEUP(3).zip::BASE_V66.zip::BASE_V65.zip::BASE_V64.zip::v64/BASE_V63.zip::BASE_V62.zip::BASE_V61.zip::BASE_V60.zip::BASE_V59.zip::BASE_V58.zip,zip,qaresultv58txt,9
FRONTERA_CICLO_AJUSTE_V67_MACRO_FOUR_LEG_AND_LARGE_BANK_SCALEUP(3).zip,INTEREST_FLOW_SECTOR_BRIDGE_V58.csv,INTEREST_FLOW_SECTOR_BRIDGE_V58.csv,839,2939175568,FRONTERA_CICLO_AJUSTE_V67_MACRO_FOUR_LEG_AND_LARGE_BANK_SCALEUP(3).zip::BASE_V66.zip::BASE_V65.zip::BASE_V64.zip::v64/BASE_V63.zip::BASE_V62.zip::BASE_V61.zip::BASE_V60.zip::BASE_V59.zip::BASE_V58.zip,zip,interestflowsectorbridgev58csv,9
FRONTERA_CICLO_AJUSTE_V67_MACRO_FOUR_LEG_AND_LARGE_BANK_SCALEUP(3).zip,README_V58.md,README_V58.md,604,3045899320,FRONTERA_CICLO_AJUSTE_V67_MACRO_FOUR_LEG_AND_LARGE_BANK_SCALEUP(3).zip::BASE_V66.zip::BASE_V65.zip::BASE_V64.zip::v64/BASE_V63.zip::BASE_V62.zip::BASE_V61.zip::BASE_V60.zip::BASE_V59.zip::BASE_V58.zip,zip,readmev58md,9
FRONTERA_CICLO_AJUSTE_V67_MACRO_FOUR_LEG_AND_LARGE_BANK_SCALEUP(3).zip,RAW_MODERN_XLSX_MANIFEST_V58.csv,RAW_MODERN_XLSX_MANIFEST_V58.csv,1529,2552249829,FRONTERA_CICLO_AJUSTE_V67_MACRO_FOUR_LEG_AND_LARGE_BANK_SCALEUP(3).zip::BASE_V66.zip::BASE_V65.zip::BASE_V64.zip::v64/BASE_V63.zip::BASE_V62.zip::BASE_V61.zip::BASE_V60.zip::BASE_V59.zip::BASE_V58.zip,zip,rawmodernxlsxmanifestv58csv,9
FRONTERA_CICLO_AJUSTE_V67_MACRO_FOUR_LEG_AND_LARGE_BANK_SCALEUP(3).zip,qa_v58.py,qa_v58.py,1537,4031334256,FRONTERA_CICLO_AJUSTE_V67_MACRO_FOUR_LEG_AND_LARGE_BANK_SCALEUP(3).zip::BASE_V66.zip::BASE_V65.zip::BASE_V64.zip::v64/BASE_V63.zip::BASE_V62.zip::BASE_V61.zip::BASE_V60.zip::BASE_V59.zip::BASE_V58.zip,zip,qav58py,9
FRONTERA_CICLO_AJUSTE_V67_MACRO_FOUR_LEG_AND_LARGE_BANK_SCALEUP(3).zip,PROMPT_CODEX_V59_ENTITY_LEVEL_REAL_MARGIN_BRIDGE.md,PROMPT_CODEX_V59_ENTITY_LEVEL_REAL_MARGIN_BRIDGE.md,2472,3660409110,FRONTERA_CICLO_AJUSTE_V67_MACRO_FOUR_LEG_AND_LARGE_BANK_SCALEUP(3).zip::BASE_V66.zip::BASE_V65.zip::BASE_V64.zip::v64/BASE_V63.zip::BASE_V62.zip::BASE_V61.zip::BASE_V60.zip::BASE_V59.zip::BASE_V58.zip,zip,promptcodexv59entitylevelrealmarginbridgemd,9
FRONTERA_CICLO_AJUSTE_V67_MACRO_FOUR_LEG_AND_LARGE_BANK_SCALEUP(3).zip,AUDITORIA_V58.md,AUDITORIA_V58.md,3346,2630045207,FRONTERA_CICLO_AJUSTE_V67_MACRO_FOUR_LEG_AND_LARGE_BANK_SCALEUP(3).zip::BASE_V66.zip::BASE_V65.zip::BASE_V64.zip::v64/BASE_V63.zip::BASE_V62.zip::BASE_V61.zip::BASE_V60.zip::BASE_V59.zip::BASE_V58.zip,zip,auditoriav58md,9
FRONTERA_CICLO_AJUSTE_V67_MACRO_FOUR_LEG_AND_LARGE_BANK_SCALEUP(3).zip,MANIFEST_V58.json,MANIFEST_V58.json,878,2063404822,FRONTERA_CICLO_AJUSTE_V67_MACRO_FOUR_LEG_AND_LARGE_BANK_SCALEUP(3).zip::BASE_V66.zip::BASE_V65.zip::BASE_V64.zip::v64/BASE_V63.zip::BASE_V62.zip::BASE_V61.zip::BASE_V60.zip::BASE_V59.zip::BASE_V58.zip,zip,manifestv58json,9
FRONTERA_CICLO_AJUSTE_V67_MACRO_FOUR_LEG_AND_LARGE_BANK_SCALEUP(3).zip,SECURITIES_ISSUER_RESULT_BRIDGE_V58.csv,SECURITIES_ISSUER_RESULT_BRIDGE_V58.csv,981,2991295667,FRONTERA_CICLO_AJUSTE_V67_MACRO_FOUR_LEG_AND_LARGE_BANK_SCALEUP(3).zip::BASE_V66.zip::BASE_V65.zip::BASE_V64.zip::v64/BASE_V63.zip::BASE_V62.zip::BASE_V61.zip::BASE_V60.zip::BASE_V59.zip::BASE_V58.zip,zip,securitiesissuerresultbridgev58csv,9
FRONTERA_CICLO_AJUSTE_V67_MACRO_FOUR_LEG_AND_LARGE_BANK_SCALEUP(3).zip,QA_RESULT_V59.txt,QA_RESULT_V59.txt,5,3256905966,FRONTERA_CICLO_AJUSTE_V67_MACRO_FOUR_LEG_AND_LARGE_BANK_SCALEUP(3).zip::BASE_V66.zip::BASE_V65.zip::BASE_V64.zip::v64/BASE_V63.zip::BASE_V62.zip::BASE_V61.zip::BASE_V60.zip::BASE_V59.zip,zip,qaresultv59txt,8
FRONTERA_CICLO_AJUSTE_V67_MACRO_FOUR_LEG_AND_LARGE_BANK_SCALEUP(3).zip,PROMPT_CODEX_V60_ANNUAL_AQ_SYSTEM_RECONCILIATION.md,PROMPT_CODEX_V60_ANNUAL_AQ_SYSTEM_RECONCILIATION.md,2721,2357846522,FRONTERA_CICLO_AJUSTE_V67_MACRO_FOUR_LEG_AND_LARGE_BANK_SCALEUP(3).zip::BASE_V66.zip::BASE_V65.zip::BASE_V64.zip::v64/BASE_V63.zip::BASE_V62.zip::BASE_V61.zip::BASE_V60.zip::BASE_V59.zip,zip,promptcodexv60annualaqsystemreconciliationmd,8
FRONTERA_CICLO_AJUSTE_V67_MACRO_FOUR_LEG_AND_LARGE_BANK_SCALEUP(3).zip,EVIDENCE_LEDGER_CICLO_AJUSTE_V59.csv,EVIDENCE_LEDGER_CICLO_AJUSTE_V59.csv,45300,2905811972,FRONTERA_CICLO_AJUSTE_V67_MACRO_FOUR_LEG_AND_LARGE_BANK_SCALEUP(3).zip::BASE_V66.zip::BASE_V65.zip::BASE_V64.zip::v64/BASE_V63.zip::BASE_V62.zip::BASE_V61.zip::BASE_V60.zip::BASE_V59.zip,zip,evidenceledgercicloajustev59csv,8
FRONTERA_CICLO_AJUSTE_V67_MACRO_FOUR_LEG_AND_LARGE_BANK_SCALEUP(3).zip,qa_v59.py,qa_v59.py,1599,990225047,FRONTERA_CICLO_AJUSTE_V67_MACRO_FOUR_LEG_AND_LARGE_BANK_SCALEUP(3).zip::BASE_V66.zip::BASE_V65.zip::BASE_V64.zip::v64/BASE_V63.zip::BASE_V62.zip::BASE_V61.zip::BASE_V60.zip::BASE_V59.zip,zip,qav59py,8
FRONTERA_CICLO_AJUSTE_V67_MACRO_FOUR_LEG_AND_LARGE_BANK_SCALEUP(3).zip,AUDITORIA_V59.md,AUDITORIA_V59.md,6227,970565096,FRONTERA_CICLO_AJUSTE_V67_MACRO_FOUR_LEG_AND_LARGE_BANK_SCALEUP(3).zip::BASE_V66.zip::BASE_V65.zip::BASE_V64.zip::v64/BASE_V63.zip::BASE_V62.zip::BASE_V61.zip::BASE_V60.zip::BASE_V59.zip,zip,auditoriav59md,8
FRONTERA_CICLO_AJUSTE_V67_MACRO_FOUR_LEG_AND_LARGE_BANK_SCALEUP(3).zip,COUNTERPARTY_UPDATE_V59.csv,COUNTERPARTY_UPDATE_V59.csv,1111,661044847,FRONTERA_CICLO_AJUSTE_V67_MACRO_FOUR_LEG_AND_LARGE_BANK_SCALEUP(3).zip::BASE_V66.zip::BASE_V65.zip::BASE_V64.zip::v64/BASE_V63.zip::BASE_V62.zip::BASE_V61.zip::BASE_V60.zip::BASE_V59.zip,zip,counterpartyupdatev59csv,8
FRONTERA_CICLO_AJUSTE_V67_MACRO_FOUR_LEG_AND_LARGE_BANK_SCALEUP(3).zip,FX_CER_PASSES_FLOW_V59.csv,FX_CER_PASSES_FLOW_V59.csv,1003,2808764338,FRONTERA_CICLO_AJUSTE_V67_MACRO_FOUR_LEG_AND_LARGE_BANK_SCALEUP(3).zip::BASE_V66.zip::BASE_V65.zip::BASE_V64.zip::v64/BASE_V63.zip::BASE_V62.zip::BASE_V61.zip::BASE_V60.zip::BASE_V59.zip,zip,fxcerpassesflowv59csv,8
FRONTERA_CICLO_AJUSTE_V67_MACRO_FOUR_LEG_AND_LARGE_BANK_SCALEUP(3).zip,FUENTES_V59.md,FUENTES_V59.md,1815,1602664242,FRONTERA_CICLO_AJUSTE_V67_MACRO_FOUR_LEG_AND_LARGE_BANK_SCALEUP(3).zip::BASE_V66.zip::BASE_V65.zip::BASE_V64.zip::v64/BASE_V63.zip::BASE_V62.zip::BASE_V61.zip::BASE_V60.zip::BASE_V59.zip,zip,fuentesv59md,8
FRONTERA_CICLO_AJUSTE_V67_MACRO_FOUR_LEG_AND_LARGE_BANK_SCALEUP(3).zip,POST_NIIF_SUBACCOUNT_MAP_V59.csv,POST_NIIF_SUBACCOUNT_MAP_V59.csv,3652,3459050816,FRONTERA_CICLO_AJUSTE_V67_MACRO_FOUR_LEG_AND_LARGE_BANK_SCALEUP(3).zip::BASE_V66.zip::BASE_V65.zip::BASE_V64.zip::v64/BASE_V63.zip::BASE_V62.zip::BASE_V61.zip::BASE_V60.zip::BASE_V59.zip,zip,postniifsubaccountmapv59csv,8
FRONTERA_CICLO_AJUSTE_V67_MACRO_FOUR_LEG_AND_LARGE_BANK_SCALEUP(3).zip,COUNTERPARTY_UPDATE_V60.csv,COUNTERPARTY_UPDATE_V60.csv,1036,3895427239,FRONTERA_CICLO_AJUSTE_V67_MACRO_FOUR_LEG_AND_LARGE_BANK_SCALEUP(3).zip::BASE_V66.zip::BASE_V65.zip::BASE_V64.zip::v64/BASE_V63.zip::BASE_V62.zip::BASE_V61.zip::BASE_V60.zip,zip,counterpartyupdatev60csv,7
FRONTERA_CICLO_AJUSTE_V67_MACRO_FOUR_LEG_AND_LARGE_BANK_SCALEUP(3).zip,ENTITY_Q4_AQ_BRIDGE_V60.csv,ENTITY_Q4_AQ_BRIDGE_V60.csv,2617,695357644,FRONTERA_CICLO_AJUSTE_V67_MACRO_FOUR_LEG_AND_LARGE_BANK_SCALEUP(3).zip::BASE_V66.zip::BASE_V65.zip::BASE_V64.zip::v64/BASE_V63.zip::BASE_V62.zip::BASE_V61.zip::BASE_V60.zip,zip,entityq4aqbridgev60csv,7
FRONTERA_CICLO_AJUSTE_V67_MACRO_FOUR_LEG_AND_LARGE_BANK_SCALEUP(3).zip,EVIDENCE_LEDGER_CICLO_AJUSTE_V60.csv,EVIDENCE_LEDGER_CICLO_AJUSTE_V60.csv,45977,321594245,FRONTERA_CICLO_AJUSTE_V67_MACRO_FOUR_LEG_AND_LARGE_BANK_SCALEUP(3).zip::BASE_V66.zip::BASE_V65.zip::BASE_V64.zip::v64/BASE_V63.zip::BASE_V62.zip::BASE_V61.zip::BASE_V60.zip,zip,evidenceledgercicloajustev60csv,7
FRONTERA_CICLO_AJUSTE_V67_MACRO_FOUR_LEG_AND_LARGE_BANK_SCALEUP(3).zip,FUENTES_V60.md,FUENTES_V60.md,456,3010152713,FRONTERA_CICLO_AJUSTE_V67_MACRO_FOUR_LEG_AND_LARGE_BANK_SCALEUP(3).zip::BASE_V66.zip::BASE_V65.zip::BASE_V64.zip::v64/BASE_V63.zip::BASE_V62.zip::BASE_V61.zip::BASE_V60.zip,zip,fuentesv60md,7
FRONTERA_CICLO_AJUSTE_V67_MACRO_FOUR_LEG_AND_LARGE_BANK_SCALEUP(3).zip,HOUSEHOLD_LIKE_INTEREST_ANNUAL_V60.csv,HOUSEHOLD_LIKE_INTEREST_ANNUAL_V60.csv,824,1360227913,FRONTERA_CICLO_AJUSTE_V67_MACRO_FOUR_LEG_AND_LARGE_BANK_SCALEUP(3).zip::BASE_V66.zip::BASE_V65.zip::BASE_V64.zip::v64/BASE_V63.zip::BASE_V62.zip::BASE_V61.zip::BASE_V60.zip,zip,householdlikeinterestannualv60csv,7
FRONTERA_CICLO_AJUSTE_V67_MACRO_FOUR_LEG_AND_LARGE_BANK_SCALEUP(3).zip,IPC_REEXPRESSION_V60.csv,IPC_REEXPRESSION_V60.csv,171,2507692037,FRONTERA_CICLO_AJUSTE_V67_MACRO_FOUR_LEG_AND_LARGE_BANK_SCALEUP(3).zip::BASE_V66.zip::BASE_V65.zip::BASE_V64.zip::v64/BASE_V63.zip::BASE_V62.zip::BASE_V61.zip::BASE_V60.zip,zip,ipcreexpressionv60csv,7
FRONTERA_CICLO_AJUSTE_V67_MACRO_FOUR_LEG_AND_LARGE_BANK_SCALEUP(3).zip,MANIFEST_V60.json,MANIFEST_V60.json,3572,4065991227,FRONTERA_CICLO_AJUSTE_V67_MACRO_FOUR_LEG_AND_LARGE_BANK_SCALEUP(3).zip::BASE_V66.zip::BASE_V65.zip::BASE_V64.zip::v64/BASE_V63.zip::BASE_V62.zip::BASE_V61.zip::BASE_V60.zip,zip,manifestv60json,7
FRONTERA_CICLO_AJUSTE_V67_MACRO_FOUR_LEG_AND_LARGE_BANK_SCALEUP(3).zip,PASS_COUNTERPARTY_FALSIFIER_V60.csv,PASS_COUNTERPARTY_FALSIFIER_V60.csv,844,3542592508,FRONTERA_CICLO_AJUSTE_V67_MACRO_FOUR_LEG_AND_LARGE_BANK_SCALEUP(3).zip::BASE_V66.zip::BASE_V65.zip::BASE_V64.zip::v64/BASE_V63.zip::BASE_V62.zip::BASE_V61.zip::BASE_V60.zip,zip,passcounterpartyfalsifierv60csv,7
FRONTERA_CICLO_AJUSTE_V67_MACRO_FOUR_LEG_AND_LARGE_BANK_SCALEUP(3).zip,PROMPT_CODEX_V61_SYSTEM_Q4_AQ_COVERAGE_AND_PASS_NETTING.md,PROMPT_CODEX_V61_SYSTEM_Q4_AQ_COVERAGE_AND_PASS_NETTING.md,848,3347385940,FRONTERA_CICLO_AJUSTE_V67_MACRO_FOUR_LEG_AND_LARGE_BANK_SCALEUP(3).zip::BASE_V66.zip::BASE_V65.zip::BASE_V64.zip::v64/BASE_V63.zip::BASE_V62.zip::BASE_V61.zip::BASE_V60.zip,zip,promptcodexv61systemq4aqcoverageandpassnettingmd,7
FRONTERA_CICLO_AJUSTE_V67_MACRO_FOUR_LEG_AND_LARGE_BANK_SCALEUP(3).zip,QA_RESULT_V60.txt,QA_RESULT_V60.txt,5,3256905966,FRONTERA_CICLO_AJUSTE_V67_MACRO_FOUR_LEG_AND_LARGE_BANK_SCALEUP(3).zip::BASE_V66.zip::BASE_V65.zip::BASE_V64.zip::v64/BASE_V63.zip::BASE_V62.zip::BASE_V61.zip::BASE_V60.zip,zip,qaresultv60txt,7
FRONTERA_CICLO_AJUSTE_V67_MACRO_FOUR_LEG_AND_LARGE_BANK_SCALEUP(3).zip,RAW_ENTITY_2023_MANIFEST_V60.csv,RAW_ENTITY_2023_MANIFEST_V60.csv,500,1466823452,FRONTERA_CICLO_AJUSTE_V67_MACRO_FOUR_LEG_AND_LARGE_BANK_SCALEUP(3).zip::BASE_V66.zip::BASE_V65.zip::BASE_V64.zip::v64/BASE_V63.zip::BASE_V62.zip::BASE_V61.zip::BASE_V60.zip,zip,rawentity2023manifestv60csv,7
FRONTERA_CICLO_AJUSTE_V67_MACRO_FOUR_LEG_AND_LARGE_BANK_SCALEUP(3).zip,README_V60.md,README_V60.md,297,2936266435,FRONTERA_CICLO_AJUSTE_V67_MACRO_FOUR_LEG_AND_LARGE_BANK_SCALEUP(3).zip::BASE_V66.zip::BASE_V65.zip::BASE_V64.zip::v64/BASE_V63.zip::BASE_V62.zip::BASE_V61.zip::BASE_V60.zip,zip,readmev60md,7
FRONTERA_CICLO_AJUSTE_V67_MACRO_FOUR_LEG_AND_LARGE_BANK_SCALEUP(3).zip,SECURITIES_PUBLIC_ISSUER_GATE_V60.csv,SECURITIES_PUBLIC_ISSUER_GATE_V60.csv,586,3902737956,FRONTERA_CICLO_AJUSTE_V67_MACRO_FOUR_LEG_AND_LARGE_BANK_SCALEUP(3).zip::BASE_V66.zip::BASE_V65.zip::BASE_V64.zip::v64/BASE_V63.zip::BASE_V62.zip::BASE_V61.zip::BASE_V60.zip,zip,securitiespublicissuergatev60csv,7
FRONTERA_CICLO_AJUSTE_V67_MACRO_FOUR_LEG_AND_LARGE_BANK_SCALEUP(3).zip,VEREDICTO_V60.md,VEREDICTO_V60.md,754,2483816971,FRONTERA_CICLO_AJUSTE_V67_MACRO_FOUR_LEG_AND_LARGE_BANK_SCALEUP(3).zip::BASE_V66.zip::BASE_V65.zip::BASE_V64.zip::v64/BASE_V63.zip::BASE_V62.zip::BASE_V61.zip::BASE_V60.zip,zip,veredictov60md,7
FRONTERA_CICLO_AJUSTE_V67_MACRO_FOUR_LEG_AND_LARGE_BANK_SCALEUP(3).zip,qa_v60.py,qa_v60.py,1094,326113959,FRONTERA_CICLO_AJUSTE_V67_MACRO_FOUR_LEG_AND_LARGE_BANK_SCALEUP(3).zip::BASE_V66.zip::BASE_V65.zip::BASE_V64.zip::v64/BASE_V63.zip::BASE_V62.zip::BASE_V61.zip::BASE_V60.zip,zip,qav60py,7
FRONTERA_CICLO_AJUSTE_V67_MACRO_FOUR_LEG_AND_LARGE_BANK_SCALEUP(3).zip,COUNTERPARTY_UPDATE_V61.csv,COUNTERPARTY_UPDATE_V61.csv,1120,3481983767,FRONTERA_CICLO_AJUSTE_V67_MACRO_FOUR_LEG_AND_LARGE_BANK_SCALEUP(3).zip::BASE_V66.zip::BASE_V65.zip::BASE_V64.zip::v64/BASE_V63.zip::BASE_V62.zip::BASE_V61.zip,zip,counterpartyupdatev61csv,6
FRONTERA_CICLO_AJUSTE_V67_MACRO_FOUR_LEG_AND_LARGE_BANK_SCALEUP(3).zip,ENTITY_COVERAGE_V61.csv,ENTITY_COVERAGE_V61.csv,1414,2924937209,FRONTERA_CICLO_AJUSTE_V67_MACRO_FOUR_LEG_AND_LARGE_BANK_SCALEUP(3).zip::BASE_V66.zip::BASE_V65.zip::BASE_V64.zip::v64/BASE_V63.zip::BASE_V62.zip::BASE_V61.zip,zip,entitycoveragev61csv,6
FRONTERA_CICLO_AJUSTE_V67_MACRO_FOUR_LEG_AND_LARGE_BANK_SCALEUP(3).zip,ENTITY_Q4_AQ_SYSTEM_SAMPLE_V61.csv,ENTITY_Q4_AQ_SYSTEM_SAMPLE_V61.csv,1070,3456547457,FRONTERA_CICLO_AJUSTE_V67_MACRO_FOUR_LEG_AND_LARGE_BANK_SCALEUP(3).zip::BASE_V66.zip::BASE_V65.zip::BASE_V64.zip::v64/BASE_V63.zip::BASE_V62.zip::BASE_V61.zip,zip,entityq4aqsystemsamplev61csv,6
FRONTERA_CICLO_AJUSTE_V67_MACRO_FOUR_LEG_AND_LARGE_BANK_SCALEUP(3).zip,EVIDENCE_LEDGER_CICLO_AJUSTE_V61.csv,EVIDENCE_LEDGER_CICLO_AJUSTE_V61.csv,46673,3069909082,FRONTERA_CICLO_AJUSTE_V67_MACRO_FOUR_LEG_AND_LARGE_BANK_SCALEUP(3).zip::BASE_V66.zip::BASE_V65.zip::BASE_V64.zip::v64/BASE_V63.zip::BASE_V62.zip::BASE_V61.zip,zip,evidenceledgercicloajustev61csv,6
FRONTERA_CICLO_AJUSTE_V67_MACRO_FOUR_LEG_AND_LARGE_BANK_SCALEUP(3).zip,FUENTES_V61.md,FUENTES_V61.md,1086,1751984189,FRONTERA_CICLO_AJUSTE_V67_MACRO_FOUR_LEG_AND_LARGE_BANK_SCALEUP(3).zip::BASE_V66.zip::BASE_V65.zip::BASE_V64.zip::v64/BASE_V63.zip::BASE_V62.zip::BASE_V61.zip,zip,fuentesv61md,6
FRONTERA_CICLO_AJUSTE_V67_MACRO_FOUR_LEG_AND_LARGE_BANK_SCALEUP(3).zip,HOUSEHOLD_PRODUCT_BOUND_V61.csv,HOUSEHOLD_PRODUCT_BOUND_V61.csv,902,354413282,FRONTERA_CICLO_AJUSTE_V67_MACRO_FOUR_LEG_AND_LARGE_BANK_SCALEUP(3).zip::BASE_V66.zip::BASE_V65.zip::BASE_V64.zip::v64/BASE_V63.zip::BASE_V62.zip::BASE_V61.zip,zip,householdproductboundv61csv,6
FRONTERA_CICLO_AJUSTE_V67_MACRO_FOUR_LEG_AND_LARGE_BANK_SCALEUP(3).zip,INTERBANK_PASS_NETTING_AUDIT_V61.md,INTERBANK_PASS_NETTING_AUDIT_V61.md,1776,752990661,FRONTERA_CICLO_AJUSTE_V67_MACRO_FOUR_LEG_AND_LARGE_BANK_SCALEUP(3).zip::BASE_V66.zip::BASE_V65.zip::BASE_V64.zip::v64/BASE_V63.zip::BASE_V62.zip::BASE_V61.zip,zip,interbankpassnettingauditv61md,6
FRONTERA_CICLO_AJUSTE_V67_MACRO_FOUR_LEG_AND_LARGE_BANK_SCALEUP(3).zip,MANIFEST_V61.json,MANIFEST_V61.json,3454,2339156851,FRONTERA_CICLO_AJUSTE_V67_MACRO_FOUR_LEG_AND_LARGE_BANK_SCALEUP(3).zip::BASE_V66.zip::BASE_V65.zip::BASE_V64.zip::v64/BASE_V63.zip::BASE_V62.zip::BASE_V61.zip,zip,manifestv61json,6
FRONTERA_CICLO_AJUSTE_V67_MACRO_FOUR_LEG_AND_LARGE_BANK_SCALEUP(3).zip,PASS_COUNTERPARTY_SYSTEM_V61.csv,PASS_COUNTERPARTY_SYSTEM_V61.csv,772,1236051180,FRONTERA_CICLO_AJUSTE_V67_MACRO_FOUR_LEG_AND_LARGE_BANK_SCALEUP(3).zip::BASE_V66.zip::BASE_V65.zip::BASE_V64.zip::v64/BASE_V63.zip::BASE_V62.zip::BASE_V61.zip,zip,passcounterpartysystemv61csv,6
FRONTERA_CICLO_AJUSTE_V67_MACRO_FOUR_LEG_AND_LARGE_BANK_SCALEUP(3).zip,PROMPT_CODEX_V62_MACHINE_READABLE_ENTITY_RESULT_AGGREGATION.md,PROMPT_CODEX_V62_MACHINE_READABLE_ENTITY_RESULT_AGGREGATION.md,1594,4164071461,FRONTERA_CICLO_AJUSTE_V67_MACRO_FOUR_LEG_AND_LARGE_BANK_SCALEUP(3).zip::BASE_V66.zip::BASE_V65.zip::BASE_V64.zip::v64/BASE_V63.zip::BASE_V62.zip::BASE_V61.zip,zip,promptcodexv62machinereadableentityresultaggregationmd,6
FRONTERA_CICLO_AJUSTE_V67_MACRO_FOUR_LEG_AND_LARGE_BANK_SCALEUP(3).zip,QA_RESULT_V61.txt,QA_RESULT_V61.txt,5,3256905966,FRONTERA_CICLO_AJUSTE_V67_MACRO_FOUR_LEG_AND_LARGE_BANK_SCALEUP(3).zip::BASE_V66.zip::BASE_V65.zip::BASE_V64.zip::v64/BASE_V63.zip::BASE_V62.zip::BASE_V61.zip,zip,qaresultv61txt,6
FRONTERA_CICLO_AJUSTE_V67_MACRO_FOUR_LEG_AND_LARGE_BANK_SCALEUP(3).zip,README_V61.md,README_V61.md,386,3559340451,FRONTERA_CICLO_AJUSTE_V67_MACRO_FOUR_LEG_AND_LARGE_BANK_SCALEUP(3).zip::BASE_V66.zip::BASE_V65.zip::BASE_V64.zip::v64/BASE_V63.zip::BASE_V62.zip::BASE_V61.zip,zip,readmev61md,6
FRONTERA_CICLO_AJUSTE_V67_MACRO_FOUR_LEG_AND_LARGE_BANK_SCALEUP(3).zip,SAMPLE_DIAGNOSTIC_V61.csv,SAMPLE_DIAGNOSTIC_V61.csv,486,3523793292,FRONTERA_CICLO_AJUSTE_V67_MACRO_FOUR_LEG_AND_LARGE_BANK_SCALEUP(3).zip::BASE_V66.zip::BASE_V65.zip::BASE_V64.zip::v64/BASE_V63.zip::BASE_V62.zip::BASE_V61.zip,zip,samplediagnosticv61csv,6
FRONTERA_CICLO_AJUSTE_V67_MACRO_FOUR_LEG_AND_LARGE_BANK_SCALEUP(3).zip,STOCK_FLOW_PASS_FALSIFIER_V61.csv,STOCK_FLOW_PASS_FALSIFIER_V61.csv,492,1734867425,FRONTERA_CICLO_AJUSTE_V67_MACRO_FOUR_LEG_AND_LARGE_BANK_SCALEUP(3).zip::BASE_V66.zip::BASE_V65.zip::BASE_V64.zip::v64/BASE_V63.zip::BASE_V62.zip::BASE_V61.zip,zip,stockflowpassfalsifierv61csv,6
FRONTERA_CICLO_AJUSTE_V67_MACRO_FOUR_LEG_AND_LARGE_BANK_SCALEUP(3).zip,SYSTEM_RECONCILIATION_V61.csv,SYSTEM_RECONCILIATION_V61.csv,913,941627061,FRONTERA_CICLO_AJUSTE_V67_MACRO_FOUR_LEG_AND_LARGE_BANK_SCALEUP(3).zip::BASE_V66.zip::BASE_V65.zip::BASE_V64.zip::v64/BASE_V63.zip::BASE_V62.zip::BASE_V61.zip,zip,systemreconciliationv61csv,6
FRONTERA_CICLO_AJUSTE_V67_MACRO_FOUR_LEG_AND_LARGE_BANK_SCALEUP(3).zip,VEREDICTO_V61.md,VEREDICTO_V61.md,728,3433497097,FRONTERA_CICLO_AJUSTE_V67_MACRO_FOUR_LEG_AND_LARGE_BANK_SCALEUP(3).zip::BASE_V66.zip::BASE_V65.zip::BASE_V64.zip::v64/BASE_V63.zip::BASE_V62.zip::BASE_V61.zip,zip,veredictov61md,6
FRONTERA_CICLO_AJUSTE_V67_MACRO_FOUR_LEG_AND_LARGE_BANK_SCALEUP(3).zip,qa_v61.py,qa_v61.py,832,2609763903,FRONTERA_CICLO_AJUSTE_V67_MACRO_FOUR_LEG_AND_LARGE_BANK_SCALEUP(3).zip::BASE_V66.zip::BASE_V65.zip::BASE_V64.zip::v64/BASE_V63.zip::BASE_V62.zip::BASE_V61.zip,zip,qav61py,6
FRONTERA_CICLO_AJUSTE_V67_MACRO_FOUR_LEG_AND_LARGE_BANK_SCALEUP(3).zip,COUNTERPARTY_UPDATE_V62.csv,COUNTERPARTY_UPDATE_V62.csv,976,3954827440,FRONTERA_CICLO_AJUSTE_V67_MACRO_FOUR_LEG_AND_LARGE_BANK_SCALEUP(3).zip::BASE_V66.zip::BASE_V65.zip::BASE_V64.zip::v64/BASE_V63.zip::BASE_V62.zip,zip,counterpartyupdatev62csv,5
FRONTERA_CICLO_AJUSTE_V67_MACRO_FOUR_LEG_AND_LARGE_BANK_SCALEUP(3).zip,ENTITY_COVERAGE_V62.csv,ENTITY_COVERAGE_V62.csv,832,878191740,FRONTERA_CICLO_AJUSTE_V67_MACRO_FOUR_LEG_AND_LARGE_BANK_SCALEUP(3).zip::BASE_V66.zip::BASE_V65.zip::BASE_V64.zip::v64/BASE_V63.zip::BASE_V62.zip,zip,entitycoveragev62csv,5
FRONTERA_CICLO_AJUSTE_V67_MACRO_FOUR_LEG_AND_LARGE_BANK_SCALEUP(3).zip,ENTITY_Q4_AQ_PANEL_V62.csv,ENTITY_Q4_AQ_PANEL_V62.csv,1286,3152356441,FRONTERA_CICLO_AJUSTE_V67_MACRO_FOUR_LEG_AND_LARGE_BANK_SCALEUP(3).zip::BASE_V66.zip::BASE_V65.zip::BASE_V64.zip::v64/BASE_V63.zip::BASE_V62.zip,zip,entityq4aqpanelv62csv,5
FRONTERA_CICLO_AJUSTE_V67_MACRO_FOUR_LEG_AND_LARGE_BANK_SCALEUP(3).zip,EVIDENCE_LEDGER_CICLO_AJUSTE_V62.csv,EVIDENCE_LEDGER_CICLO_AJUSTE_V62.csv,744,1831626994,FRONTERA_CICLO_AJUSTE_V67_MACRO_FOUR_LEG_AND_LARGE_BANK_SCALEUP(3).zip::BASE_V66.zip::BASE_V65.zip::BASE_V64.zip::v64/BASE_V63.zip::BASE_V62.zip,zip,evidenceledgercicloajustev62csv,5
FRONTERA_CICLO_AJUSTE_V67_MACRO_FOUR_LEG_AND_LARGE_BANK_SCALEUP(3).zip,FUENTES_V62.md,FUENTES_V62.md,609,874438201,FRONTERA_CICLO_AJUSTE_V67_MACRO_FOUR_LEG_AND_LARGE_BANK_SCALEUP(3).zip::BASE_V66.zip::BASE_V65.zip::BASE_V64.zip::v64/BASE_V63.zip::BASE_V62.zip,zip,fuentesv62md,5
FRONTERA_CICLO_AJUSTE_V67_MACRO_FOUR_LEG_AND_LARGE_BANK_SCALEUP(3).zip,HOUSEHOLD_PRODUCT_SYSTEM_V62.csv,HOUSEHOLD_PRODUCT_SYSTEM_V62.csv,1469,4170250821,FRONTERA_CICLO_AJUSTE_V67_MACRO_FOUR_LEG_AND_LARGE_BANK_SCALEUP(3).zip::BASE_V66.zip::BASE_V65.zip::BASE_V64.zip::v64/BASE_V63.zip::BASE_V62.zip,zip,householdproductsystemv62csv,5
FRONTERA_CICLO_AJUSTE_V67_MACRO_FOUR_LEG_AND_LARGE_BANK_SCALEUP(3).zip,IEF_PASS_RECONCILIATION_V62.csv,IEF_PASS_RECONCILIATION_V62.csv,546,1343322763,FRONTERA_CICLO_AJUSTE_V67_MACRO_FOUR_LEG_AND_LARGE_BANK_SCALEUP(3).zip::BASE_V66.zip::BASE_V65.zip::BASE_V64.zip::v64/BASE_V63.zip::BASE_V62.zip,zip,iefpassreconciliationv62csv,5
FRONTERA_CICLO_AJUSTE_V67_MACRO_FOUR_LEG_AND_LARGE_BANK_SCALEUP(3).zip,INTERBANK_CANCELLATION_TEST_V62.csv,INTERBANK_CANCELLATION_TEST_V62.csv,488,3589318335,FRONTERA_CICLO_AJUSTE_V67_MACRO_FOUR_LEG_AND_LARGE_BANK_SCALEUP(3).zip::BASE_V66.zip::BASE_V65.zip::BASE_V64.zip::v64/BASE_V63.zip::BASE_V62.zip,zip,interbankcancellationtestv62csv,5
FRONTERA_CICLO_AJUSTE_V67_MACRO_FOUR_LEG_AND_LARGE_BANK_SCALEUP(3).zip,MANIFEST_V62.json,MANIFEST_V62.json,3401,2934962812,FRONTERA_CICLO_AJUSTE_V67_MACRO_FOUR_LEG_AND_LARGE_BANK_SCALEUP(3).zip::BASE_V66.zip::BASE_V65.zip::BASE_V64.zip::v64/BASE_V63.zip::BASE_V62.zip,zip,manifestv62json,5
FRONTERA_CICLO_AJUSTE_V67_MACRO_FOUR_LEG_AND_LARGE_BANK_SCALEUP(3).zip,PASS_GROSS_NET_SYSTEM_V62.csv,PASS_GROSS_NET_SYSTEM_V62.csv,788,2107802603,FRONTERA_CICLO_AJUSTE_V67_MACRO_FOUR_LEG_AND_LARGE_BANK_SCALEUP(3).zip::BASE_V66.zip::BASE_V65.zip::BASE_V64.zip::v64/BASE_V63.zip::BASE_V62.zip,zip,passgrossnetsystemv62csv,5
FRONTERA_CICLO_AJUSTE_V67_MACRO_FOUR_LEG_AND_LARGE_BANK_SCALEUP(3).zip,PROMPT_CODEX_V63_FULL_AQ_HOMOGENEOUS_PANEL_AND_EXPENSE_LEGS.md,PROMPT_CODEX_V63_FULL_AQ_HOMOGENEOUS_PANEL_AND_EXPENSE_LEGS.md,1239,2753223760,FRONTERA_CICLO_AJUSTE_V67_MACRO_FOUR_LEG_AND_LARGE_BANK_SCALEUP(3).zip::BASE_V66.zip::BASE_V65.zip::BASE_V64.zip::v64/BASE_V63.zip::BASE_V62.zip,zip,promptcodexv63fullaqhomogeneouspanelandexpenselegsmd,5
FRONTERA_CICLO_AJUSTE_V67_MACRO_FOUR_LEG_AND_LARGE_BANK_SCALEUP(3).zip,QA_RESULT_V62.txt,QA_RESULT_V62.txt,5,3256905966,FRONTERA_CICLO_AJUSTE_V67_MACRO_FOUR_LEG_AND_LARGE_BANK_SCALEUP(3).zip::BASE_V66.zip::BASE_V65.zip::BASE_V64.zip::v64/BASE_V63.zip::BASE_V62.zip,zip,qaresultv62txt,5
FRONTERA_CICLO_AJUSTE_V67_MACRO_FOUR_LEG_AND_LARGE_BANK_SCALEUP(3).zip,RAW_ENTITY_MANIFEST_V62.csv,RAW_ENTITY_MANIFEST_V62.csv,858,161920569,FRONTERA_CICLO_AJUSTE_V67_MACRO_FOUR_LEG_AND_LARGE_BANK_SCALEUP(3).zip::BASE_V66.zip::BASE_V65.zip::BASE_V64.zip::v64/BASE_V63.zip::BASE_V62.zip,zip,rawentitymanifestv62csv,5
FRONTERA_CICLO_AJUSTE_V67_MACRO_FOUR_LEG_AND_LARGE_BANK_SCALEUP(3).zip,README_V62.md,README_V62.md,409,2970664442,FRONTERA_CICLO_AJUSTE_V67_MACRO_FOUR_LEG_AND_LARGE_BANK_SCALEUP(3).zip::BASE_V66.zip::BASE_V65.zip::BASE_V64.zip::v64/BASE_V63.zip::BASE_V62.zip,zip,readmev62md,5
FRONTERA_CICLO_AJUSTE_V67_MACRO_FOUR_LEG_AND_LARGE_BANK_SCALEUP(3).zip,VEREDICTO_V62.md,VEREDICTO_V62.md,739,2685722896,FRONTERA_CICLO_AJUSTE_V67_MACRO_FOUR_LEG_AND_LARGE_BANK_SCALEUP(3).zip::BASE_V66.zip::BASE_V65.zip::BASE_V64.zip::v64/BASE_V63.zip::BASE_V62.zip,zip,veredictov62md,5
FRONTERA_CICLO_AJUSTE_V67_MACRO_FOUR_LEG_AND_LARGE_BANK_SCALEUP(3).zip,qa_v62.py,qa_v62.py,14,3143009605,FRONTERA_CICLO_AJUSTE_V67_MACRO_FOUR_LEG_AND_LARGE_BANK_SCALEUP(3).zip::BASE_V66.zip::BASE_V65.zip::BASE_V64.zip::v64/BASE_V63.zip::BASE_V62.zip,zip,qav62py,5
FRONTERA_CICLO_AJUSTE_V67_MACRO_FOUR_LEG_AND_LARGE_BANK_SCALEUP(3).zip,CONSOLIDATED_Q4_AQ_PANEL_V63.csv,CONSOLIDATED_Q4_AQ_PANEL_V63.csv,1463,3606656169,FRONTERA_CICLO_AJUSTE_V67_MACRO_FOUR_LEG_AND_LARGE_BANK_SCALEUP(3).zip::BASE_V66.zip::BASE_V65.zip::BASE_V64.zip::v64/BASE_V63.zip,zip,consolidatedq4aqpanelv63csv,4
FRONTERA_CICLO_AJUSTE_V67_MACRO_FOUR_LEG_AND_LARGE_BANK_SCALEUP(3).zip,COUNTERPARTY_UPDATE_V63.csv,COUNTERPARTY_UPDATE_V63.csv,1443,167982417,FRONTERA_CICLO_AJUSTE_V67_MACRO_FOUR_LEG_AND_LARGE_BANK_SCALEUP(3).zip::BASE_V66.zip::BASE_V65.zip::BASE_V64.zip::v64/BASE_V63.zip,zip,counterpartyupdatev63csv,4
FRONTERA_CICLO_AJUSTE_V67_MACRO_FOUR_LEG_AND_LARGE_BANK_SCALEUP(3).zip,ENTITY_COVERAGE_V63.csv,ENTITY_COVERAGE_V63.csv,978,1741707698,FRONTERA_CICLO_AJUSTE_V67_MACRO_FOUR_LEG_AND_LARGE_BANK_SCALEUP(3).zip::BASE_V66.zip::BASE_V65.zip::BASE_V64.zip::v64/BASE_V63.zip,zip,entitycoveragev63csv,4
FRONTERA_CICLO_AJUSTE_V67_MACRO_FOUR_LEG_AND_LARGE_BANK_SCALEUP(3).zip,EVIDENCE_LEDGER_CICLO_AJUSTE_V63.csv,EVIDENCE_LEDGER_CICLO_AJUSTE_V63.csv,1591,1167366747,FRONTERA_CICLO_AJUSTE_V67_MACRO_FOUR_LEG_AND_LARGE_BANK_SCALEUP(3).zip::BASE_V66.zip::BASE_V65.zip::BASE_V64.zip::v64/BASE_V63.zip,zip,evidenceledgercicloajustev63csv,4
FRONTERA_CICLO_AJUSTE_V67_MACRO_FOUR_LEG_AND_LARGE_BANK_SCALEUP(3).zip,FOUR_LEG_PASS_PANEL_V63.csv,FOUR_LEG_PASS_PANEL_V63.csv,1158,2302138695,FRONTERA_CICLO_AJUSTE_V67_MACRO_FOUR_LEG_AND_LARGE_BANK_SCALEUP(3).zip::BASE_V66.zip::BASE_V65.zip::BASE_V64.zip::v64/BASE_V63.zip,zip,fourlegpasspanelv63csv,4
FRONTERA_CICLO_AJUSTE_V67_MACRO_FOUR_LEG_AND_LARGE_BANK_SCALEUP(3).zip,FUENTES_V63.md,FUENTES_V63.md,1249,1438572322,FRONTERA_CICLO_AJUSTE_V67_MACRO_FOUR_LEG_AND_LARGE_BANK_SCALEUP(3).zip::BASE_V66.zip::BASE_V65.zip::BASE_V64.zip::v64/BASE_V63.zip,zip,fuentesv63md,4
FRONTERA_CICLO_AJUSTE_V67_MACRO_FOUR_LEG_AND_LARGE_BANK_SCALEUP(3).zip,HOUSEHOLD_PRODUCT_PANEL_V63.csv,HOUSEHOLD_PRODUCT_PANEL_V63.csv,1342,3406328649,FRONTERA_CICLO_AJUSTE_V67_MACRO_FOUR_LEG_AND_LARGE_BANK_SCALEUP(3).zip::BASE_V66.zip::BASE_V65.zip::BASE_V64.zip::v64/BASE_V63.zip,zip,householdproductpanelv63csv,4
FRONTERA_CICLO_AJUSTE_V67_MACRO_FOUR_LEG_AND_LARGE_BANK_SCALEUP(3).zip,HOUSEHOLD_SECTOR_MAPPING_AUDIT_V63.md,HOUSEHOLD_SECTOR_MAPPING_AUDIT_V63.md,1037,4263515362,FRONTERA_CICLO_AJUSTE_V67_MACRO_FOUR_LEG_AND_LARGE_BANK_SCALEUP(3).zip::BASE_V66.zip::BASE_V65.zip::BASE_V64.zip::v64/BASE_V63.zip,zip,householdsectormappingauditv63md,4
FRONTERA_CICLO_AJUSTE_V67_MACRO_FOUR_LEG_AND_LARGE_BANK_SCALEUP(3).zip,IEF_PASS_RECONCILIATION_V63.csv,IEF_PASS_RECONCILIATION_V63.csv,540,3195844789,FRONTERA_CICLO_AJUSTE_V67_MACRO_FOUR_LEG_AND_LARGE_BANK_SCALEUP(3).zip::BASE_V66.zip::BASE_V65.zip::BASE_V64.zip::v64/BASE_V63.zip,zip,iefpassreconciliationv63csv,4
FRONTERA_CICLO_AJUSTE_V67_MACRO_FOUR_LEG_AND_LARGE_BANK_SCALEUP(3).zip,INDIVIDUAL_Q4_AQ_PANEL_V63.csv,INDIVIDUAL_Q4_AQ_PANEL_V63.csv,641,4250552853,FRONTERA_CICLO_AJUSTE_V67_MACRO_FOUR_LEG_AND_LARGE_BANK_SCALEUP(3).zip::BASE_V66.zip::BASE_V65.zip::BASE_V64.zip::v64/BASE_V63.zip,zip,individualq4aqpanelv63csv,4
FRONTERA_CICLO_AJUSTE_V67_MACRO_FOUR_LEG_AND_LARGE_BANK_SCALEUP(3).zip,MANIFEST_V63.json,MANIFEST_V63.json,3514,2549584341,FRONTERA_CICLO_AJUSTE_V67_MACRO_FOUR_LEG_AND_LARGE_BANK_SCALEUP(3).zip::BASE_V66.zip::BASE_V65.zip::BASE_V64.zip::v64/BASE_V63.zip,zip,manifestv63json,4
FRONTERA_CICLO_AJUSTE_V67_MACRO_FOUR_LEG_AND_LARGE_BANK_SCALEUP(3).zip,PROMPT_CODEX_V64_CLOSED_PASS_NETWORK_COVERAGE_AND_SECTOR_MAPPING.md,PROMPT_CODEX_V64_CLOSED_PASS_NETWORK_COVERAGE_AND_SECTOR_MAPPING.md,1635,18894133,FRONTERA_CICLO_AJUSTE_V67_MACRO_FOUR_LEG_AND_LARGE_BANK_SCALEUP(3).zip::BASE_V66.zip::BASE_V65.zip::BASE_V64.zip::v64/BASE_V63.zip,zip,promptcodexv64closedpassnetworkcoverageandsectormappingmd,4
FRONTERA_CICLO_AJUSTE_V67_MACRO_FOUR_LEG_AND_LARGE_BANK_SCALEUP(3).zip,QA_RESULT_V63.txt,QA_RESULT_V63.txt,5,3256905966,FRONTERA_CICLO_AJUSTE_V67_MACRO_FOUR_LEG_AND_LARGE_BANK_SCALEUP(3).zip::BASE_V66.zip::BASE_V65.zip::BASE_V64.zip::v64/BASE_V63.zip,zip,qaresultv63txt,4
FRONTERA_CICLO_AJUSTE_V67_MACRO_FOUR_LEG_AND_LARGE_BANK_SCALEUP(3).zip,README_V63.md,README_V63.md,522,401487701,FRONTERA_CICLO_AJUSTE_V67_MACRO_FOUR_LEG_AND_LARGE_BANK_SCALEUP(3).zip::BASE_V66.zip::BASE_V65.zip::BASE_V64.zip::v64/BASE_V63.zip,zip,readmev63md,4
FRONTERA_CICLO_AJUSTE_V67_MACRO_FOUR_LEG_AND_LARGE_BANK_SCALEUP(3).zip,SYMMETRIC_INTERBANK_NETTING_TEST_V63.csv,SYMMETRIC_INTERBANK_NETTING_TEST_V63.csv,527,63456368,FRONTERA_CICLO_AJUSTE_V67_MACRO_FOUR_LEG_AND_LARGE_BANK_SCALEUP(3).zip::BASE_V66.zip::BASE_V65.zip::BASE_V64.zip::v64/BASE_V63.zip,zip,symmetricinterbanknettingtestv63csv,4
FRONTERA_CICLO_AJUSTE_V67_MACRO_FOUR_LEG_AND_LARGE_BANK_SCALEUP(3).zip,VEREDICTO_V63.md,VEREDICTO_V63.md,801,2136461594,FRONTERA_CICLO_AJUSTE_V67_MACRO_FOUR_LEG_AND_LARGE_BANK_SCALEUP(3).zip::BASE_V66.zip::BASE_V65.zip::BASE_V64.zip::v64/BASE_V63.zip,zip,veredictov63md,4
FRONTERA_CICLO_AJUSTE_V67_MACRO_FOUR_LEG_AND_LARGE_BANK_SCALEUP(3).zip,qa_v63.py,qa_v63.py,1297,1276681817,FRONTERA_CICLO_AJUSTE_V67_MACRO_FOUR_LEG_AND_LARGE_BANK_SCALEUP(3).zip::BASE_V66.zip::BASE_V65.zip::BASE_V64.zip::v64/BASE_V63.zip,zip,qav63py,4
FRONTERA_CICLO_AJUSTE_V67_MACRO_FOUR_LEG_AND_LARGE_BANK_SCALEUP(3).zip,v64/HOUSEHOLD_SECTOR_MAPPING_V64.csv,HOUSEHOLD_SECTOR_MAPPING_V64.csv,2474,2258336906,FRONTERA_CICLO_AJUSTE_V67_MACRO_FOUR_LEG_AND_LARGE_BANK_SCALEUP(3).zip::BASE_V66.zip::BASE_V65.zip::BASE_V64.zip,zip,householdsectormappingv64csv,3
FRONTERA_CICLO_AJUSTE_V67_MACRO_FOUR_LEG_AND_LARGE_BANK_SCALEUP(3).zip,v64/QA_RESULT_V64.txt,QA_RESULT_V64.txt,5,3256905966,FRONTERA_CICLO_AJUSTE_V67_MACRO_FOUR_LEG_AND_LARGE_BANK_SCALEUP(3).zip::BASE_V66.zip::BASE_V65.zip::BASE_V64.zip,zip,qaresultv64txt,3
FRONTERA_CICLO_AJUSTE_V67_MACRO_FOUR_LEG_AND_LARGE_BANK_SCALEUP(3).zip,v64/qa_v64.py,qa_v64.py,1174,1783292082,FRONTERA_CICLO_AJUSTE_V67_MACRO_FOUR_LEG_AND_LARGE_BANK_SCALEUP(3).zip::BASE_V66.zip::BASE_V65.zip::BASE_V64.zip,zip,qav64py,3
FRONTERA_CICLO_AJUSTE_V67_MACRO_FOUR_LEG_AND_LARGE_BANK_SCALEUP(3).zip,v64/PASS_COUNTERPARTY_BOUNDS_V64.csv,PASS_COUNTERPARTY_BOUNDS_V64.csv,769,2246893850,FRONTERA_CICLO_AJUSTE_V67_MACRO_FOUR_LEG_AND_LARGE_BANK_SCALEUP(3).zip::BASE_V66.zip::BASE_V65.zip::BASE_V64.zip,zip,passcounterpartyboundsv64csv,3
FRONTERA_CICLO_AJUSTE_V67_MACRO_FOUR_LEG_AND_LARGE_BANK_SCALEUP(3).zip,v64/COUNTERPARTY_UPDATE_V64.csv,COUNTERPARTY_UPDATE_V64.csv,1638,1942618832,FRONTERA_CICLO_AJUSTE_V67_MACRO_FOUR_LEG_AND_LARGE_BANK_SCALEUP(3).zip::BASE_V66.zip::BASE_V65.zip::BASE_V64.zip,zip,counterpartyupdatev64csv,3
FRONTERA_CICLO_AJUSTE_V67_MACRO_FOUR_LEG_AND_LARGE_BANK_SCALEUP(3).zip,v64/PROMPT_CODEX_V65_BASIS_HARMONIZATION_AND_REMAINING_CLOSED_NETWORK_COVERAGE.md,PROMPT_CODEX_V65_BASIS_HARMONIZATION_AND_REMAINING_CLOSED_NETWORK_COVERAGE.md,2425,3301498787,FRONTERA_CICLO_AJUSTE_V67_MACRO_FOUR_LEG_AND_LARGE_BANK_SCALEUP(3).zip::BASE_V66.zip::BASE_V65.zip::BASE_V64.zip,zip,promptcodexv65basisharmonizationandremainingclosednetworkcoveragemd,3
FRONTERA_CICLO_AJUSTE_V67_MACRO_FOUR_LEG_AND_LARGE_BANK_SCALEUP(3).zip,v64/AUDITORIA_V64.md,AUDITORIA_V64.md,1768,427859888,FRONTERA_CICLO_AJUSTE_V67_MACRO_FOUR_LEG_AND_LARGE_BANK_SCALEUP(3).zip::BASE_V66.zip::BASE_V65.zip::BASE_V64.zip,zip,auditoriav64md,3
FRONTERA_CICLO_AJUSTE_V67_MACRO_FOUR_LEG_AND_LARGE_BANK_SCALEUP(3).zip,v64/FUENTES_V64.md,FUENTES_V64.md,1402,2535036655,FRONTERA_CICLO_AJUSTE_V67_MACRO_FOUR_LEG_AND_LARGE_BANK_SCALEUP(3).zip::BASE_V66.zip::BASE_V65.zip::BASE_V64.zip,zip,fuentesv64md,3
FRONTERA_CICLO_AJUSTE_V67_MACRO_FOUR_LEG_AND_LARGE_BANK_SCALEUP(3).zip,v64/README_V64.md,README_V64.md,691,4209804692,FRONTERA_CICLO_AJUSTE_V67_MACRO_FOUR_LEG_AND_LARGE_BANK_SCALEUP(3).zip::BASE_V66.zip::BASE_V65.zip::BASE_V64.zip,zip,readmev64md,3
FRONTERA_CICLO_AJUSTE_V67_MACRO_FOUR_LEG_AND_LARGE_BANK_SCALEUP(3).zip,v64/IEF_PASS_RECONCILIATION_V64.csv,IEF_PASS_RECONCILIATION_V64.csv,729,48263883,FRONTERA_CICLO_AJUSTE_V67_MACRO_FOUR_LEG_AND_LARGE_BANK_SCALEUP(3).zip::BASE_V66.zip::BASE_V65.zip::BASE_V64.zip,zip,iefpassreconciliationv64csv,3
FRONTERA_CICLO_AJUSTE_V67_MACRO_FOUR_LEG_AND_LARGE_BANK_SCALEUP(3).zip,v64/CLOSED_NETWORK_NETTING_TEST_V64.csv,CLOSED_NETWORK_NETTING_TEST_V64.csv,688,1527256713,FRONTERA_CICLO_AJUSTE_V67_MACRO_FOUR_LEG_AND_LARGE_BANK_SCALEUP(3).zip::BASE_V66.zip::BASE_V65.zip::BASE_V64.zip,zip,closednetworknettingtestv64csv,3
FRONTERA_CICLO_AJUSTE_V67_MACRO_FOUR_LEG_AND_LARGE_BANK_SCALEUP(3).zip,v64/FOUR_LEG_PASS_PANEL_V64.csv,FOUR_LEG_PASS_PANEL_V64.csv,1428,3589933292,FRONTERA_CICLO_AJUSTE_V67_MACRO_FOUR_LEG_AND_LARGE_BANK_SCALEUP(3).zip::BASE_V66.zip::BASE_V65.zip::BASE_V64.zip,zip,fourlegpasspanelv64csv,3
FRONTERA_CICLO_AJUSTE_V67_MACRO_FOUR_LEG_AND_LARGE_BANK_SCALEUP(3).zip,v64/CLOSED_NETWORK_COVERAGE_V64.csv,CLOSED_NETWORK_COVERAGE_V64.csv,1625,936507974,FRONTERA_CICLO_AJUSTE_V67_MACRO_FOUR_LEG_AND_LARGE_BANK_SCALEUP(3).zip::BASE_V66.zip::BASE_V65.zip::BASE_V64.zip,zip,closednetworkcoveragev64csv,3
FRONTERA_CICLO_AJUSTE_V67_MACRO_FOUR_LEG_AND_LARGE_BANK_SCALEUP(3).zip,v64/HOUSEHOLD_PRODUCT_PANEL_V64.csv,HOUSEHOLD_PRODUCT_PANEL_V64.csv,1489,2041405891,FRONTERA_CICLO_AJUSTE_V67_MACRO_FOUR_LEG_AND_LARGE_BANK_SCALEUP(3).zip::BASE_V66.zip::BASE_V65.zip::BASE_V64.zip,zip,householdproductpanelv64csv,3
FRONTERA_CICLO_AJUSTE_V67_MACRO_FOUR_LEG_AND_LARGE_BANK_SCALEUP(3).zip,v64/EVIDENCE_LEDGER_CICLO_AJUSTE_V64.csv,EVIDENCE_LEDGER_CICLO_AJUSTE_V64.csv,2650,2671377196,FRONTERA_CICLO_AJUSTE_V67_MACRO_FOUR_LEG_AND_LARGE_BANK_SCALEUP(3).zip::BASE_V66.zip::BASE_V65.zip::BASE_V64.zip,zip,evidenceledgercicloajustev64csv,3
FRONTERA_CICLO_AJUSTE_V67_MACRO_FOUR_LEG_AND_LARGE_BANK_SCALEUP(3).zip,v64/HANDOVER_CODEX_CICLO_AJUSTE_V64_A_V65.md,HANDOVER_CODEX_CICLO_AJUSTE_V64_A_V65.md,1548,2714686482,FRONTERA_CICLO_AJUSTE_V67_MACRO_FOUR_LEG_AND_LARGE_BANK_SCALEUP(3).zip::BASE_V66.zip::BASE_V65.zip::BASE_V64.zip,zip,handovercodexcicloajustev64av65md,3
FRONTERA_CICLO_AJUSTE_V67_MACRO_FOUR_LEG_AND_LARGE_BANK_SCALEUP(3).zip,v64/MANIFEST_V64.json,MANIFEST_V64.json,3775,4217835733,FRONTERA_CICLO_AJUSTE_V67_MACRO_FOUR_LEG_AND_LARGE_BANK_SCALEUP(3).zip::BASE_V66.zip::BASE_V65.zip::BASE_V64.zip,zip,manifestv64json,3
FRONTERA_CICLO_AJUSTE_V67_MACRO_FOUR_LEG_AND_LARGE_BANK_SCALEUP(3).zip,BASIS_HARMONIZATION_V65.csv,BASIS_HARMONIZATION_V65.csv,1445,596614959,FRONTERA_CICLO_AJUSTE_V67_MACRO_FOUR_LEG_AND_LARGE_BANK_SCALEUP(3).zip::BASE_V66.zip::BASE_V65.zip,zip,basisharmonizationv65csv,2
FRONTERA_CICLO_AJUSTE_V67_MACRO_FOUR_LEG_AND_LARGE_BANK_SCALEUP(3).zip,BCRA_BANK_SYSTEM_COVERAGE_V65.csv,BCRA_BANK_SYSTEM_COVERAGE_V65.csv,1508,479379624,FRONTERA_CICLO_AJUSTE_V67_MACRO_FOUR_LEG_AND_LARGE_BANK_SCALEUP(3).zip::BASE_V66.zip::BASE_V65.zip,zip,bcrabanksystemcoveragev65csv,2
FRONTERA_CICLO_AJUSTE_V67_MACRO_FOUR_LEG_AND_LARGE_BANK_SCALEUP(3).zip,CLOSED_NETWORK_COVERAGE_V65.csv,CLOSED_NETWORK_COVERAGE_V65.csv,2190,1060572330,FRONTERA_CICLO_AJUSTE_V67_MACRO_FOUR_LEG_AND_LARGE_BANK_SCALEUP(3).zip::BASE_V66.zip::BASE_V65.zip,zip,closednetworkcoveragev65csv,2
FRONTERA_CICLO_AJUSTE_V67_MACRO_FOUR_LEG_AND_LARGE_BANK_SCALEUP(3).zip,CLOSED_NETWORK_NETTING_TEST_V65.csv,CLOSED_NETWORK_NETTING_TEST_V65.csv,697,2810173951,FRONTERA_CICLO_AJUSTE_V67_MACRO_FOUR_LEG_AND_LARGE_BANK_SCALEUP(3).zip::BASE_V66.zip::BASE_V65.zip,zip,closednetworknettingtestv65csv,2
FRONTERA_CICLO_AJUSTE_V67_MACRO_FOUR_LEG_AND_LARGE_BANK_SCALEUP(3).zip,COUNTERPARTY_UPDATE_V65.csv,COUNTERPARTY_UPDATE_V65.csv,2098,3876913870,FRONTERA_CICLO_AJUSTE_V67_MACRO_FOUR_LEG_AND_LARGE_BANK_SCALEUP(3).zip::BASE_V66.zip::BASE_V65.zip,zip,counterpartyupdatev65csv,2
FRONTERA_CICLO_AJUSTE_V67_MACRO_FOUR_LEG_AND_LARGE_BANK_SCALEUP(3).zip,CREDICOOP_FY_AQ_CONTROL_V65.csv,CREDICOOP_FY_AQ_CONTROL_V65.csv,575,3048811599,FRONTERA_CICLO_AJUSTE_V67_MACRO_FOUR_LEG_AND_LARGE_BANK_SCALEUP(3).zip::BASE_V66.zip::BASE_V65.zip,zip,credicoopfyaqcontrolv65csv,2
FRONTERA_CICLO_AJUSTE_V67_MACRO_FOUR_LEG_AND_LARGE_BANK_SCALEUP(3).zip,EVIDENCE_LEDGER_CICLO_AJUSTE_V65.csv,EVIDENCE_LEDGER_CICLO_AJUSTE_V65.csv,2924,3368344482,FRONTERA_CICLO_AJUSTE_V67_MACRO_FOUR_LEG_AND_LARGE_BANK_SCALEUP(3).zip::BASE_V66.zip::BASE_V65.zip,zip,evidenceledgercicloajustev65csv,2
FRONTERA_CICLO_AJUSTE_V67_MACRO_FOUR_LEG_AND_LARGE_BANK_SCALEUP(3).zip,FOUR_LEG_PASS_PANEL_V65.csv,FOUR_LEG_PASS_PANEL_V65.csv,2441,3376312752,FRONTERA_CICLO_AJUSTE_V67_MACRO_FOUR_LEG_AND_LARGE_BANK_SCALEUP(3).zip::BASE_V66.zip::BASE_V65.zip,zip,fourlegpasspanelv65csv,2
FRONTERA_CICLO_AJUSTE_V67_MACRO_FOUR_LEG_AND_LARGE_BANK_SCALEUP(3).zip,FUENTES_V65.md,FUENTES_V65.md,2398,3403862976,FRONTERA_CICLO_AJUSTE_V67_MACRO_FOUR_LEG_AND_LARGE_BANK_SCALEUP(3).zip::BASE_V66.zip::BASE_V65.zip,zip,fuentesv65md,2
FRONTERA_CICLO_AJUSTE_V67_MACRO_FOUR_LEG_AND_LARGE_BANK_SCALEUP(3).zip,HANDOVER_CODEX_CICLO_AJUSTE_V65_A_V66.md,HANDOVER_CODEX_CICLO_AJUSTE_V65_A_V66.md,2804,128090728,FRONTERA_CICLO_AJUSTE_V67_MACRO_FOUR_LEG_AND_LARGE_BANK_SCALEUP(3).zip::BASE_V66.zip::BASE_V65.zip,zip,handovercodexcicloajustev65av66md,2
FRONTERA_CICLO_AJUSTE_V67_MACRO_FOUR_LEG_AND_LARGE_BANK_SCALEUP(3).zip,HOUSEHOLD_PRODUCT_PANEL_V65.csv,HOUSEHOLD_PRODUCT_PANEL_V65.csv,2274,12949392,FRONTERA_CICLO_AJUSTE_V67_MACRO_FOUR_LEG_AND_LARGE_BANK_SCALEUP(3).zip::BASE_V66.zip::BASE_V65.zip,zip,householdproductpanelv65csv,2
FRONTERA_CICLO_AJUSTE_V67_MACRO_FOUR_LEG_AND_LARGE_BANK_SCALEUP(3).zip,HOUSEHOLD_SECTOR_MAPPING_V65.csv,HOUSEHOLD_SECTOR_MAPPING_V65.csv,2021,4119788691,FRONTERA_CICLO_AJUSTE_V67_MACRO_FOUR_LEG_AND_LARGE_BANK_SCALEUP(3).zip::BASE_V66.zip::BASE_V65.zip,zip,householdsectormappingv65csv,2
FRONTERA_CICLO_AJUSTE_V67_MACRO_FOUR_LEG_AND_LARGE_BANK_SCALEUP(3).zip,IEF_PASS_RECONCILIATION_V65.csv,IEF_PASS_RECONCILIATION_V65.csv,1005,3781931653,FRONTERA_CICLO_AJUSTE_V67_MACRO_FOUR_LEG_AND_LARGE_BANK_SCALEUP(3).zip::BASE_V66.zip::BASE_V65.zip,zip,iefpassreconciliationv65csv,2
FRONTERA_CICLO_AJUSTE_V67_MACRO_FOUR_LEG_AND_LARGE_BANK_SCALEUP(3).zip,MANIFEST_V65.json,MANIFEST_V65.json,4651,3266909348,FRONTERA_CICLO_AJUSTE_V67_MACRO_FOUR_LEG_AND_LARGE_BANK_SCALEUP(3).zip::BASE_V66.zip::BASE_V65.zip,zip,manifestv65json,2
FRONTERA_CICLO_AJUSTE_V67_MACRO_FOUR_LEG_AND_LARGE_BANK_SCALEUP(3).zip,PASS_COUNTERPARTY_BOUNDS_V65.csv,PASS_COUNTERPARTY_BOUNDS_V65.csv,1099,3361347887,FRONTERA_CICLO_AJUSTE_V67_MACRO_FOUR_LEG_AND_LARGE_BANK_SCALEUP(3).zip::BASE_V66.zip::BASE_V65.zip,zip,passcounterpartyboundsv65csv,2
FRONTERA_CICLO_AJUSTE_V67_MACRO_FOUR_LEG_AND_LARGE_BANK_SCALEUP(3).zip,PROMPT_CODEX_V66_INDIVIDUAL_AQ_RETRIEVAL_AND_CLOSED_NETWORK_EXPANSION.md,PROMPT_CODEX_V66_INDIVIDUAL_AQ_RETRIEVAL_AND_CLOSED_NETWORK_EXPANSION.md,3607,1843300520,FRONTERA_CICLO_AJUSTE_V67_MACRO_FOUR_LEG_AND_LARGE_BANK_SCALEUP(3).zip::BASE_V66.zip::BASE_V65.zip,zip,promptcodexv66individualaqretrievalandclosednetworkexpansionmd,2
FRONTERA_CICLO_AJUSTE_V67_MACRO_FOUR_LEG_AND_LARGE_BANK_SCALEUP(3).zip,QA_RESULT_V65.txt,QA_RESULT_V65.txt,5,3256905966,FRONTERA_CICLO_AJUSTE_V67_MACRO_FOUR_LEG_AND_LARGE_BANK_SCALEUP(3).zip::BASE_V66.zip::BASE_V65.zip,zip,qaresultv65txt,2
FRONTERA_CICLO_AJUSTE_V67_MACRO_FOUR_LEG_AND_LARGE_BANK_SCALEUP(3).zip,README_V65.md,README_V65.md,895,1371115064,FRONTERA_CICLO_AJUSTE_V67_MACRO_FOUR_LEG_AND_LARGE_BANK_SCALEUP(3).zip::BASE_V66.zip::BASE_V65.zip,zip,readmev65md,2
FRONTERA_CICLO_AJUSTE_V67_MACRO_FOUR_LEG_AND_LARGE_BANK_SCALEUP(3).zip,VEREDICTO_V65.md,VEREDICTO_V65.md,4780,2319782923,FRONTERA_CICLO_AJUSTE_V67_MACRO_FOUR_LEG_AND_LARGE_BANK_SCALEUP(3).zip::BASE_V66.zip::BASE_V65.zip,zip,veredictov65md,2
FRONTERA_CICLO_AJUSTE_V67_MACRO_FOUR_LEG_AND_LARGE_BANK_SCALEUP(3).zip,qa_v65.py,qa_v65.py,2379,1753553920,FRONTERA_CICLO_AJUSTE_V67_MACRO_FOUR_LEG_AND_LARGE_BANK_SCALEUP(3).zip::BASE_V66.zip::BASE_V65.zip,zip,qav65py,2
FRONTERA_CICLO_AJUSTE_V67_MACRO_FOUR_LEG_AND_LARGE_BANK_SCALEUP(3).zip,BASIS_HARMONIZATION_V66.csv,BASIS_HARMONIZATION_V66.csv,1555,376296483,FRONTERA_CICLO_AJUSTE_V67_MACRO_FOUR_LEG_AND_LARGE_BANK_SCALEUP(3).zip::BASE_V66.zip,zip,basisharmonizationv66csv,1
FRONTERA_CICLO_AJUSTE_V67_MACRO_FOUR_LEG_AND_LARGE_BANK_SCALEUP(3).zip,BCRA_BANK_SYSTEM_COVERAGE_V66.csv,BCRA_BANK_SYSTEM_COVERAGE_V66.csv,1907,1535409436,FRONTERA_CICLO_AJUSTE_V67_MACRO_FOUR_LEG_AND_LARGE_BANK_SCALEUP(3).zip::BASE_V66.zip,zip,bcrabanksystemcoveragev66csv,1
FRONTERA_CICLO_AJUSTE_V67_MACRO_FOUR_LEG_AND_LARGE_BANK_SCALEUP(3).zip,CLOSED_NETWORK_COVERAGE_V66.csv,CLOSED_NETWORK_COVERAGE_V66.csv,2110,1282797436,FRONTERA_CICLO_AJUSTE_V67_MACRO_FOUR_LEG_AND_LARGE_BANK_SCALEUP(3).zip::BASE_V66.zip,zip,closednetworkcoveragev66csv,1
FRONTERA_CICLO_AJUSTE_V67_MACRO_FOUR_LEG_AND_LARGE_BANK_SCALEUP(3).zip,CLOSED_NETWORK_NETTING_TEST_V66.csv,CLOSED_NETWORK_NETTING_TEST_V66.csv,976,1281532984,FRONTERA_CICLO_AJUSTE_V67_MACRO_FOUR_LEG_AND_LARGE_BANK_SCALEUP(3).zip::BASE_V66.zip,zip,closednetworknettingtestv66csv,1
FRONTERA_CICLO_AJUSTE_V67_MACRO_FOUR_LEG_AND_LARGE_BANK_SCALEUP(3).zip,COUNTERPARTY_UPDATE_V66.csv,COUNTERPARTY_UPDATE_V66.csv,2035,3571279854,FRONTERA_CICLO_AJUSTE_V67_MACRO_FOUR_LEG_AND_LARGE_BANK_SCALEUP(3).zip::BASE_V66.zip,zip,counterpartyupdatev66csv,1
FRONTERA_CICLO_AJUSTE_V67_MACRO_FOUR_LEG_AND_LARGE_BANK_SCALEUP(3).zip,CREDICOOP_FY_AQ_CONTROL_V66.csv,CREDICOOP_FY_AQ_CONTROL_V66.csv,646,1327492939,FRONTERA_CICLO_AJUSTE_V67_MACRO_FOUR_LEG_AND_LARGE_BANK_SCALEUP(3).zip::BASE_V66.zip,zip,credicoopfyaqcontrolv66csv,1
FRONTERA_CICLO_AJUSTE_V67_MACRO_FOUR_LEG_AND_LARGE_BANK_SCALEUP(3).zip,EVIDENCE_LEDGER_CICLO_AJUSTE_V66.csv,EVIDENCE_LEDGER_CICLO_AJUSTE_V66.csv,3522,2694553125,FRONTERA_CICLO_AJUSTE_V67_MACRO_FOUR_LEG_AND_LARGE_BANK_SCALEUP(3).zip::BASE_V66.zip,zip,evidenceledgercicloajustev66csv,1
FRONTERA_CICLO_AJUSTE_V67_MACRO_FOUR_LEG_AND_LARGE_BANK_SCALEUP(3).zip,FOUR_LEG_PASS_PANEL_V66.csv,FOUR_LEG_PASS_PANEL_V66.csv,2924,2118900509,FRONTERA_CICLO_AJUSTE_V67_MACRO_FOUR_LEG_AND_LARGE_BANK_SCALEUP(3).zip::BASE_V66.zip,zip,fourlegpasspanelv66csv,1
FRONTERA_CICLO_AJUSTE_V67_MACRO_FOUR_LEG_AND_LARGE_BANK_SCALEUP(3).zip,FUENTES_V66.md,FUENTES_V66.md,2284,3900082931,FRONTERA_CICLO_AJUSTE_V67_MACRO_FOUR_LEG_AND_LARGE_BANK_SCALEUP(3).zip::BASE_V66.zip,zip,fuentesv66md,1
FRONTERA_CICLO_AJUSTE_V67_MACRO_FOUR_LEG_AND_LARGE_BANK_SCALEUP(3).zip,HANDOVER_CODEX_CICLO_AJUSTE_V66_A_V67.md,HANDOVER_CODEX_CICLO_AJUSTE_V66_A_V67.md,2288,292401005,FRONTERA_CICLO_AJUSTE_V67_MACRO_FOUR_LEG_AND_LARGE_BANK_SCALEUP(3).zip::BASE_V66.zip,zip,handovercodexcicloajustev66av67md,1
FRONTERA_CICLO_AJUSTE_V67_MACRO_FOUR_LEG_AND_LARGE_BANK_SCALEUP(3).zip,HOUSEHOLD_PRODUCT_PANEL_V66.csv,HOUSEHOLD_PRODUCT_PANEL_V66.csv,2274,12949392,FRONTERA_CICLO_AJUSTE_V67_MACRO_FOUR_LEG_AND_LARGE_BANK_SCALEUP(3).zip::BASE_V66.zip,zip,householdproductpanelv66csv,1
FRONTERA_CICLO_AJUSTE_V67_MACRO_FOUR_LEG_AND_LARGE_BANK_SCALEUP(3).zip,HOUSEHOLD_SECTOR_MAPPING_V66.csv,HOUSEHOLD_SECTOR_MAPPING_V66.csv,2021,1113598436,FRONTERA_CICLO_AJUSTE_V67_MACRO_FOUR_LEG_AND_LARGE_BANK_SCALEUP(3).zip::BASE_V66.zip,zip,householdsectormappingv66csv,1
FRONTERA_CICLO_AJUSTE_V67_MACRO_FOUR_LEG_AND_LARGE_BANK_SCALEUP(3).zip,IEF_PASS_RECONCILIATION_V66.csv,IEF_PASS_RECONCILIATION_V66.csv,1071,1431190865,FRONTERA_CICLO_AJUSTE_V67_MACRO_FOUR_LEG_AND_LARGE_BANK_SCALEUP(3).zip::BASE_V66.zip,zip,iefpassreconciliationv66csv,1
FRONTERA_CICLO_AJUSTE_V67_MACRO_FOUR_LEG_AND_LARGE_BANK_SCALEUP(3).zip,INDIVIDUAL_AQ_RETRIEVAL_V66.csv,INDIVIDUAL_AQ_RETRIEVAL_V66.csv,1868,1221593141,FRONTERA_CICLO_AJUSTE_V67_MACRO_FOUR_LEG_AND_LARGE_BANK_SCALEUP(3).zip::BASE_V66.zip,zip,individualaqretrievalv66csv,1
FRONTERA_CICLO_AJUSTE_V67_MACRO_FOUR_LEG_AND_LARGE_BANK_SCALEUP(3).zip,MANIFEST_V66.json,MANIFEST_V66.json,5359,4193261028,FRONTERA_CICLO_AJUSTE_V67_MACRO_FOUR_LEG_AND_LARGE_BANK_SCALEUP(3).zip::BASE_V66.zip,zip,manifestv66json,1
FRONTERA_CICLO_AJUSTE_V67_MACRO_FOUR_LEG_AND_LARGE_BANK_SCALEUP(3).zip,PASS_COUNTERPARTY_BOUNDS_V66.csv,PASS_COUNTERPARTY_BOUNDS_V66.csv,1797,46696940,FRONTERA_CICLO_AJUSTE_V67_MACRO_FOUR_LEG_AND_LARGE_BANK_SCALEUP(3).zip::BASE_V66.zip,zip,passcounterpartyboundsv66csv,1
FRONTERA_CICLO_AJUSTE_V67_MACRO_FOUR_LEG_AND_LARGE_BANK_SCALEUP(3).zip,PROMPT_CODEX_V67_LARGE_BANK_9M_RETRIEVAL_AND_COVERAGE_SCALEUP.md,PROMPT_CODEX_V67_LARGE_BANK_9M_RETRIEVAL_AND_COVERAGE_SCALEUP.md,2178,3353662819,FRONTERA_CICLO_AJUSTE_V67_MACRO_FOUR_LEG_AND_LARGE_BANK_SCALEUP(3).zip::BASE_V66.zip,zip,promptcodexv67largebank9mretrievalandcoveragescaleupmd,1
FRONTERA_CICLO_AJUSTE_V67_MACRO_FOUR_LEG_AND_LARGE_BANK_SCALEUP(3).zip,QA_RESULT_V66.txt,QA_RESULT_V66.txt,5,3256905966,FRONTERA_CICLO_AJUSTE_V67_MACRO_FOUR_LEG_AND_LARGE_BANK_SCALEUP(3).zip::BASE_V66.zip,zip,qaresultv66txt,1
FRONTERA_CICLO_AJUSTE_V67_MACRO_FOUR_LEG_AND_LARGE_BANK_SCALEUP(3).zip,README_V66.md,README_V66.md,575,2490030557,FRONTERA_CICLO_AJUSTE_V67_MACRO_FOUR_LEG_AND_LARGE_BANK_SCALEUP(3).zip::BASE_V66.zip,zip,readmev66md,1
FRONTERA_CICLO_AJUSTE_V67_MACRO_FOUR_LEG_AND_LARGE_BANK_SCALEUP(3).zip,SUPERVIELLE_Q4_PASS_BOUND_V66.csv,SUPERVIELLE_Q4_PASS_BOUND_V66.csv,1423,1900830964,FRONTERA_CICLO_AJUSTE_V67_MACRO_FOUR_LEG_AND_LARGE_BANK_SCALEUP(3).zip::BASE_V66.zip,zip,supervielleq4passboundv66csv,1
FRONTERA_CICLO_AJUSTE_V67_MACRO_FOUR_LEG_AND_LARGE_BANK_SCALEUP(3).zip,VEREDICTO_V66.md,VEREDICTO_V66.md,3305,343577189,FRONTERA_CICLO_AJUSTE_V67_MACRO_FOUR_LEG_AND_LARGE_BANK_SCALEUP(3).zip::BASE_V66.zip,zip,veredictov66md,1
FRONTERA_CICLO_AJUSTE_V67_MACRO_FOUR_LEG_AND_LARGE_BANK_SCALEUP(3).zip,qa_v66.py,qa_v66.py,3290,2536142287,FRONTERA_CICLO_AJUSTE_V67_MACRO_FOUR_LEG_AND_LARGE_BANK_SCALEUP(3).zip::BASE_V66.zip,zip,qav66py,1
FRONTERA_CICLO_AJUSTE_V67_MACRO_FOUR_LEG_AND_LARGE_BANK_SCALEUP(3).zip,BASIS_HARMONIZATION_V67.csv,BASIS_HARMONIZATION_V67.csv,1555,376296483,FRONTERA_CICLO_AJUSTE_V67_MACRO_FOUR_LEG_AND_LARGE_BANK_SCALEUP(3).zip,zip,basisharmonizationv67csv,0
FRONTERA_CICLO_AJUSTE_V67_MACRO_FOUR_LEG_AND_LARGE_BANK_SCALEUP(3).zip,BCRA_BANK_SYSTEM_COVERAGE_V67.csv,BCRA_BANK_SYSTEM_COVERAGE_V67.csv,1953,943611645,FRONTERA_CICLO_AJUSTE_V67_MACRO_FOUR_LEG_AND_LARGE_BANK_SCALEUP(3).zip,zip,bcrabanksystemcoveragev67csv,0
FRONTERA_CICLO_AJUSTE_V67_MACRO_FOUR_LEG_AND_LARGE_BANK_SCALEUP(3).zip,CLOSED_NETWORK_COVERAGE_V67.csv,CLOSED_NETWORK_COVERAGE_V67.csv,2266,1249331597,FRONTERA_CICLO_AJUSTE_V67_MACRO_FOUR_LEG_AND_LARGE_BANK_SCALEUP(3).zip,zip,closednetworkcoveragev67csv,0
FRONTERA_CICLO_AJUSTE_V67_MACRO_FOUR_LEG_AND_LARGE_BANK_SCALEUP(3).zip,CLOSED_NETWORK_NETTING_TEST_V67.csv,CLOSED_NETWORK_NETTING_TEST_V67.csv,1290,520219480,FRONTERA_CICLO_AJUSTE_V67_MACRO_FOUR_LEG_AND_LARGE_BANK_SCALEUP(3).zip,zip,closednetworknettingtestv67csv,0
FRONTERA_CICLO_AJUSTE_V67_MACRO_FOUR_LEG_AND_LARGE_BANK_SCALEUP(3).zip,COUNTERPARTY_UPDATE_V67.csv,COUNTERPARTY_UPDATE_V67.csv,2206,3228723356,FRONTERA_CICLO_AJUSTE_V67_MACRO_FOUR_LEG_AND_LARGE_BANK_SCALEUP(3).zip,zip,counterpartyupdatev67csv,0
FRONTERA_CICLO_AJUSTE_V67_MACRO_FOUR_LEG_AND_LARGE_BANK_SCALEUP(3).zip,CREDICOOP_FY_AQ_CONTROL_V67.csv,CREDICOOP_FY_AQ_CONTROL_V67.csv,646,1327492939,FRONTERA_CICLO_AJUSTE_V67_MACRO_FOUR_LEG_AND_LARGE_BANK_SCALEUP(3).zip,zip,credicoopfyaqcontrolv67csv,0
FRONTERA_CICLO_AJUSTE_V67_MACRO_FOUR_LEG_AND_LARGE_BANK_SCALEUP(3).zip,EVIDENCE_LEDGER_CICLO_AJUSTE_V67.csv,EVIDENCE_LEDGER_CICLO_AJUSTE_V67.csv,5641,1629457137,FRONTERA_CICLO_AJUSTE_V67_MACRO_FOUR_LEG_AND_LARGE_BANK_SCALEUP(3).zip,zip,evidenceledgercicloajustev67csv,0
FRONTERA_CICLO_AJUSTE_V67_MACRO_FOUR_LEG_AND_LARGE_BANK_SCALEUP(3).zip,FOUR_LEG_PASS_PANEL_V67.csv,FOUR_LEG_PASS_PANEL_V67.csv,3430,2124944684,FRONTERA_CICLO_AJUSTE_V67_MACRO_FOUR_LEG_AND_LARGE_BANK_SCALEUP(3).zip,zip,fourlegpasspanelv67csv,0
FRONTERA_CICLO_AJUSTE_V67_MACRO_FOUR_LEG_AND_LARGE_BANK_SCALEUP(3).zip,FUENTES_V67.md,FUENTES_V67.md,2220,215777119,FRONTERA_CICLO_AJUSTE_V67_MACRO_FOUR_LEG_AND_LARGE_BANK_SCALEUP(3).zip,zip,fuentesv67md,0
FRONTERA_CICLO_AJUSTE_V67_MACRO_FOUR_LEG_AND_LARGE_BANK_SCALEUP(3).zip,HANDOVER_CODEX_CICLO_AJUSTE_V67_A_V68.md,HANDOVER_CODEX_CICLO_AJUSTE_V67_A_V68.md,2790,1328205456,FRONTERA_CICLO_AJUSTE_V67_MACRO_FOUR_LEG_AND_LARGE_BANK_SCALEUP(3).zip,zip,handovercodexcicloajustev67av68md,0
FRONTERA_CICLO_AJUSTE_V67_MACRO_FOUR_LEG_AND_LARGE_BANK_SCALEUP(3).zip,HOUSEHOLD_PRODUCT_PANEL_V67.csv,HOUSEHOLD_PRODUCT_PANEL_V67.csv,2274,12949392,FRONTERA_CICLO_AJUSTE_V67_MACRO_FOUR_LEG_AND_LARGE_BANK_SCALEUP(3).zip,zip,householdproductpanelv67csv,0
FRONTERA_CICLO_AJUSTE_V67_MACRO_FOUR_LEG_AND_LARGE_BANK_SCALEUP(3).zip,HOUSEHOLD_SECTOR_MAPPING_V67.csv,HOUSEHOLD_SECTOR_MAPPING_V67.csv,2021,1113598436,FRONTERA_CICLO_AJUSTE_V67_MACRO_FOUR_LEG_AND_LARGE_BANK_SCALEUP(3).zip,zip,householdsectormappingv67csv,0
FRONTERA_CICLO_AJUSTE_V67_MACRO_FOUR_LEG_AND_LARGE_BANK_SCALEUP(3).zip,IEF_PASS_RECONCILIATION_V67.csv,IEF_PASS_RECONCILIATION_V67.csv,1070,643385172,FRONTERA_CICLO_AJUSTE_V67_MACRO_FOUR_LEG_AND_LARGE_BANK_SCALEUP(3).zip,zip,iefpassreconciliationv67csv,0
FRONTERA_CICLO_AJUSTE_V67_MACRO_FOUR_LEG_AND_LARGE_BANK_SCALEUP(3).zip,INDIVIDUAL_AQ_RETRIEVAL_V67.csv,INDIVIDUAL_AQ_RETRIEVAL_V67.csv,2349,2887612427,FRONTERA_CICLO_AJUSTE_V67_MACRO_FOUR_LEG_AND_LARGE_BANK_SCALEUP(3).zip,zip,individualaqretrievalv67csv,0
FRONTERA_CICLO_AJUSTE_V67_MACRO_FOUR_LEG_AND_LARGE_BANK_SCALEUP(3).zip,MACRO_Q4_AQ_BRIDGE_V67.csv,MACRO_Q4_AQ_BRIDGE_V67.csv,1068,2863222135,FRONTERA_CICLO_AJUSTE_V67_MACRO_FOUR_LEG_AND_LARGE_BANK_SCALEUP(3).zip,zip,macroq4aqbridgev67csv,0
FRONTERA_CICLO_AJUSTE_V67_MACRO_FOUR_LEG_AND_LARGE_BANK_SCALEUP(3).zip,MANIFEST_V67.json,MANIFEST_V67.json,4350,420749420,FRONTERA_CICLO_AJUSTE_V67_MACRO_FOUR_LEG_AND_LARGE_BANK_SCALEUP(3).zip,zip,manifestv67json,0
FRONTERA_CICLO_AJUSTE_V67_MACRO_FOUR_LEG_AND_LARGE_BANK_SCALEUP(3).zip,PASS_COUNTERPARTY_BOUNDS_V67.csv,PASS_COUNTERPARTY_BOUNDS_V67.csv,2077,2407315882,FRONTERA_CICLO_AJUSTE_V67_MACRO_FOUR_LEG_AND_LARGE_BANK_SCALEUP(3).zip,zip,passcounterpartyboundsv67csv,0
FRONTERA_CICLO_AJUSTE_V67_MACRO_FOUR_LEG_AND_LARGE_BANK_SCALEUP(3).zip,PROMPT_CODEX_V68_PRIMARY_BINARY_RECOVERY_AND_LARGE_BANK_COVERAGE.md,PROMPT_CODEX_V68_PRIMARY_BINARY_RECOVERY_AND_LARGE_BANK_COVERAGE.md,2051,3937866636,FRONTERA_CICLO_AJUSTE_V67_MACRO_FOUR_LEG_AND_LARGE_BANK_SCALEUP(3).zip,zip,promptcodexv68primarybinaryrecoveryandlargebankcoveragemd,0
FRONTERA_CICLO_AJUSTE_V67_MACRO_FOUR_LEG_AND_LARGE_BANK_SCALEUP(3).zip,QA_RESULT_V67.txt,QA_RESULT_V67.txt,8,3876089645,FRONTERA_CICLO_AJUSTE_V67_MACRO_FOUR_LEG_AND_LARGE_BANK_SCALEUP(3).zip,zip,qaresultv67txt,0
FRONTERA_CICLO_AJUSTE_V67_MACRO_FOUR_LEG_AND_LARGE_BANK_SCALEUP(3).zip,README_V67.md,README_V67.md,749,1064837456,FRONTERA_CICLO_AJUSTE_V67_MACRO_FOUR_LEG_AND_LARGE_BANK_SCALEUP(3).zip,zip,readmev67md,0
FRONTERA_CICLO_AJUSTE_V67_MACRO_FOUR_LEG_AND_LARGE_BANK_SCALEUP(3).zip,SUPERVIELLE_Q4_PASS_BOUND_V67.csv,SUPERVIELLE_Q4_PASS_BOUND_V67.csv,1423,1900830964,FRONTERA_CICLO_AJUSTE_V67_MACRO_FOUR_LEG_AND_LARGE_BANK_SCALEUP(3).zip,zip,supervielleq4passboundv67csv,0
FRONTERA_CICLO_AJUSTE_V67_MACRO_FOUR_LEG_AND_LARGE_BANK_SCALEUP(3).zip,VEREDICTO_V67.md,VEREDICTO_V67.md,3675,4178015754,FRONTERA_CICLO_AJUSTE_V67_MACRO_FOUR_LEG_AND_LARGE_BANK_SCALEUP(3).zip,zip,veredictov67md,0
FRONTERA_CICLO_AJUSTE_V67_MACRO_FOUR_LEG_AND_LARGE_BANK_SCALEUP(3).zip,qa_v67.py,qa_v67.py,2423,2190111867,FRONTERA_CICLO_AJUSTE_V67_MACRO_FOUR_LEG_AND_LARGE_BANK_SCALEUP(3).zip,zip,qav67py,0
FRONTERA_CICLO_AJUSTE_V68_PRIMARY_RECOVERY_AND_DISCLOSURE_GAP(3).zip,AUDITORIA_V68.md,AUDITORIA_V68.md,3054,1605353006,FRONTERA_CICLO_AJUSTE_V68_PRIMARY_RECOVERY_AND_DISCLOSURE_GAP(3).zip,zip,auditoriav68md,0
FRONTERA_CICLO_AJUSTE_V68_PRIMARY_RECOVERY_AND_DISCLOSURE_GAP(3).zip,BANCO_VALORES_Q4_AQ_BRIDGE_V68.csv,BANCO_VALORES_Q4_AQ_BRIDGE_V68.csv,1136,3030639483,FRONTERA_CICLO_AJUSTE_V68_PRIMARY_RECOVERY_AND_DISCLOSURE_GAP(3).zip,zip,bancovaloresq4aqbridgev68csv,0
FRONTERA_CICLO_AJUSTE_V68_PRIMARY_RECOVERY_AND_DISCLOSURE_GAP(3).zip,BAPRO_FY_AQ_CONTROL_V68.csv,BAPRO_FY_AQ_CONTROL_V68.csv,597,222553740,FRONTERA_CICLO_AJUSTE_V68_PRIMARY_RECOVERY_AND_DISCLOSURE_GAP(3).zip,zip,baprofyaqcontrolv68csv,0
FRONTERA_CICLO_AJUSTE_V68_PRIMARY_RECOVERY_AND_DISCLOSURE_GAP(3).zip,BASE_V67.zip,BASE_V67.zip,1663160,2407141257,FRONTERA_CICLO_AJUSTE_V68_PRIMARY_RECOVERY_AND_DISCLOSURE_GAP(3).zip,zip,basev67zip,0
FRONTERA_CICLO_AJUSTE_V68_PRIMARY_RECOVERY_AND_DISCLOSURE_GAP(3).zip,AUDITORIA_V67.md,AUDITORIA_V67.md,3414,950130856,FRONTERA_CICLO_AJUSTE_V68_PRIMARY_RECOVERY_AND_DISCLOSURE_GAP(3).zip::BASE_V67.zip,zip,auditoriav67md,1
FRONTERA_CICLO_AJUSTE_V68_PRIMARY_RECOVERY_AND_DISCLOSURE_GAP(3).zip,BANCO_VALORES_Q4_AQ_BRIDGE_V67.csv,BANCO_VALORES_Q4_AQ_BRIDGE_V67.csv,1143,2548155514,FRONTERA_CICLO_AJUSTE_V68_PRIMARY_RECOVERY_AND_DISCLOSURE_GAP(3).zip::BASE_V67.zip,zip,bancovaloresq4aqbridgev67csv,1
FRONTERA_CICLO_AJUSTE_V68_PRIMARY_RECOVERY_AND_DISCLOSURE_GAP(3).zip,BAPRO_FY_AQ_CONTROL_V67.csv,BAPRO_FY_AQ_CONTROL_V67.csv,599,3237171993,FRONTERA_CICLO_AJUSTE_V68_PRIMARY_RECOVERY_AND_DISCLOSURE_GAP(3).zip::BASE_V67.zip,zip,baprofyaqcontrolv67csv,1
FRONTERA_CICLO_AJUSTE_V68_PRIMARY_RECOVERY_AND_DISCLOSURE_GAP(3).zip,BASE_V66.zip,BASE_V66.zip,1635331,3887325092,FRONTERA_CICLO_AJUSTE_V68_PRIMARY_RECOVERY_AND_DISCLOSURE_GAP(3).zip::BASE_V67.zip,zip,basev66zip,1
FRONTERA_CICLO_AJUSTE_V68_PRIMARY_RECOVERY_AND_DISCLOSURE_GAP(3).zip,AUDITORIA_V66.md,AUDITORIA_V66.md,3515,3170660376,FRONTERA_CICLO_AJUSTE_V68_PRIMARY_RECOVERY_AND_DISCLOSURE_GAP(3).zip::BASE_V67.zip::BASE_V66.zip,zip,auditoriav66md,2
FRONTERA_CICLO_AJUSTE_V68_PRIMARY_RECOVERY_AND_DISCLOSURE_GAP(3).zip,BANCO_VALORES_Q4_AQ_BRIDGE_V66.csv,BANCO_VALORES_Q4_AQ_BRIDGE_V66.csv,1143,2548155514,FRONTERA_CICLO_AJUSTE_V68_PRIMARY_RECOVERY_AND_DISCLOSURE_GAP(3).zip::BASE_V67.zip::BASE_V66.zip,zip,bancovaloresq4aqbridgev66csv,2
FRONTERA_CICLO_AJUSTE_V68_PRIMARY_RECOVERY_AND_DISCLOSURE_GAP(3).zip,BAPRO_FY_AQ_CONTROL_V66.csv,BAPRO_FY_AQ_CONTROL_V66.csv,599,3237171993,FRONTERA_CICLO_AJUSTE_V68_PRIMARY_RECOVERY_AND_DISCLOSURE_GAP(3).zip::BASE_V67.zip::BASE_V66.zip,zip,baprofyaqcontrolv66csv,2
FRONTERA_CICLO_AJUSTE_V68_PRIMARY_RECOVERY_AND_DISCLOSURE_GAP(3).zip,BASE_V65.zip,BASE_V65.zip,1609028,3617633679,FRONTERA_CICLO_AJUSTE_V68_PRIMARY_RECOVERY_AND_DISCLOSURE_GAP(3).zip::BASE_V67.zip::BASE_V66.zip,zip,basev65zip,2
FRONTERA_CICLO_AJUSTE_V68_PRIMARY_RECOVERY_AND_DISCLOSURE_GAP(3).zip,AUDITORIA_V65.md,AUDITORIA_V65.md,2546,2420171534,FRONTERA_CICLO_AJUSTE_V68_PRIMARY_RECOVERY_AND_DISCLOSURE_GAP(3).zip::BASE_V67.zip::BASE_V66.zip::BASE_V65.zip,zip,auditoriav65md,3
FRONTERA_CICLO_AJUSTE_V68_PRIMARY_RECOVERY_AND_DISCLOSURE_GAP(3).zip,BAPRO_FY_AQ_CONTROL_V65.csv,BAPRO_FY_AQ_CONTROL_V65.csv,528,1848146163,FRONTERA_CICLO_AJUSTE_V68_PRIMARY_RECOVERY_AND_DISCLOSURE_GAP(3).zip::BASE_V67.zip::BASE_V66.zip::BASE_V65.zip,zip,baprofyaqcontrolv65csv,3
FRONTERA_CICLO_AJUSTE_V68_PRIMARY_RECOVERY_AND_DISCLOSURE_GAP(3).zip,BASE_V64.zip,BASE_V64.zip,1587524,3096929230,FRONTERA_CICLO_AJUSTE_V68_PRIMARY_RECOVERY_AND_DISCLOSURE_GAP(3).zip::BASE_V67.zip::BASE_V66.zip::BASE_V65.zip,zip,basev64zip,3
FRONTERA_CICLO_AJUSTE_V68_PRIMARY_RECOVERY_AND_DISCLOSURE_GAP(3).zip,v64/VEREDICTO_V64.md,VEREDICTO_V64.md,3541,2631155135,FRONTERA_CICLO_AJUSTE_V68_PRIMARY_RECOVERY_AND_DISCLOSURE_GAP(3).zip::BASE_V67.zip::BASE_V66.zip::BASE_V65.zip::BASE_V64.zip,zip,veredictov64md,4
FRONTERA_CICLO_AJUSTE_V68_PRIMARY_RECOVERY_AND_DISCLOSURE_GAP(3).zip,v64/ICBC_Q4_AQ_BRIDGE_V64.csv,ICBC_Q4_AQ_BRIDGE_V64.csv,1214,1093793547,FRONTERA_CICLO_AJUSTE_V68_PRIMARY_RECOVERY_AND_DISCLOSURE_GAP(3).zip::BASE_V67.zip::BASE_V66.zip::BASE_V65.zip::BASE_V64.zip,zip,icbcq4aqbridgev64csv,4
FRONTERA_CICLO_AJUSTE_V68_PRIMARY_RECOVERY_AND_DISCLOSURE_GAP(3).zip,v64/BASE_V63.zip,BASE_V63.zip,1568045,1768785680,FRONTERA_CICLO_AJUSTE_V68_PRIMARY_RECOVERY_AND_DISCLOSURE_GAP(3).zip::BASE_V67.zip::BASE_V66.zip::BASE_V65.zip::BASE_V64.zip,zip,basev63zip,4
FRONTERA_CICLO_AJUSTE_V68_PRIMARY_RECOVERY_AND_DISCLOSURE_GAP(3).zip,AUDITORIA_V63.md,AUDITORIA_V63.md,1856,362679481,FRONTERA_CICLO_AJUSTE_V68_PRIMARY_RECOVERY_AND_DISCLOSURE_GAP(3).zip::BASE_V67.zip::BASE_V66.zip::BASE_V65.zip::BASE_V64.zip::v64/BASE_V63.zip,zip,auditoriav63md,5
FRONTERA_CICLO_AJUSTE_V68_PRIMARY_RECOVERY_AND_DISCLOSURE_GAP(3).zip,BASE_V62.zip,BASE_V62.zip,1554965,2599394019,FRONTERA_CICLO_AJUSTE_V68_PRIMARY_RECOVERY_AND_DISCLOSURE_GAP(3).zip::BASE_V67.zip::BASE_V66.zip::BASE_V65.zip::BASE_V64.zip::v64/BASE_V63.zip,zip,basev62zip,5
FRONTERA_CICLO_AJUSTE_V68_PRIMARY_RECOVERY_AND_DISCLOSURE_GAP(3).zip,AUDITORIA_V62.md,AUDITORIA_V62.md,1393,600029505,FRONTERA_CICLO_AJUSTE_V68_PRIMARY_RECOVERY_AND_DISCLOSURE_GAP(3).zip::BASE_V67.zip::BASE_V66.zip::BASE_V65.zip::BASE_V64.zip::v64/BASE_V63.zip::BASE_V62.zip,zip,auditoriav62md,6
FRONTERA_CICLO_AJUSTE_V68_PRIMARY_RECOVERY_AND_DISCLOSURE_GAP(3).zip,BASE_V61.zip,BASE_V61.zip,1544918,3678830250,FRONTERA_CICLO_AJUSTE_V68_PRIMARY_RECOVERY_AND_DISCLOSURE_GAP(3).zip::BASE_V67.zip::BASE_V66.zip::BASE_V65.zip::BASE_V64.zip::v64/BASE_V63.zip::BASE_V62.zip,zip,basev61zip,6
FRONTERA_CICLO_AJUSTE_V68_PRIMARY_RECOVERY_AND_DISCLOSURE_GAP(3).zip,AUDITORIA_V61.md,AUDITORIA_V61.md,1403,3939235878,FRONTERA_CICLO_AJUSTE_V68_PRIMARY_RECOVERY_AND_DISCLOSURE_GAP(3).zip::BASE_V67.zip::BASE_V66.zip::BASE_V65.zip::BASE_V64.zip::v64/BASE_V63.zip::BASE_V62.zip::BASE_V61.zip,zip,auditoriav61md,7
FRONTERA_CICLO_AJUSTE_V68_PRIMARY_RECOVERY_AND_DISCLOSURE_GAP(3).zip,BASE_V60.zip,BASE_V60.zip,1516418,405553932,FRONTERA_CICLO_AJUSTE_V68_PRIMARY_RECOVERY_AND_DISCLOSURE_GAP(3).zip::BASE_V67.zip::BASE_V66.zip::BASE_V65.zip::BASE_V64.zip::v64/BASE_V63.zip::BASE_V62.zip::BASE_V61.zip,zip,basev60zip,7
FRONTERA_CICLO_AJUSTE_V68_PRIMARY_RECOVERY_AND_DISCLOSURE_GAP(3).zip,AQ_FREQUENCY_CORRECTION_V60.csv,AQ_FREQUENCY_CORRECTION_V60.csv,293,27279586,FRONTERA_CICLO_AJUSTE_V68_PRIMARY_RECOVERY_AND_DISCLOSURE_GAP(3).zip::BASE_V67.zip::BASE_V66.zip::BASE_V65.zip::BASE_V64.zip::v64/BASE_V63.zip::BASE_V62.zip::BASE_V61.zip::BASE_V60.zip,zip,aqfrequencycorrectionv60csv,8
FRONTERA_CICLO_AJUSTE_V68_PRIMARY_RECOVERY_AND_DISCLOSURE_GAP(3).zip,AQ_SYSTEM_AGGREGATE_2023_V60.csv,AQ_SYSTEM_AGGREGATE_2023_V60.csv,453,3657801338,FRONTERA_CICLO_AJUSTE_V68_PRIMARY_RECOVERY_AND_DISCLOSURE_GAP(3).zip::BASE_V67.zip::BASE_V66.zip::BASE_V65.zip::BASE_V64.zip::v64/BASE_V63.zip::BASE_V62.zip::BASE_V61.zip::BASE_V60.zip,zip,aqsystemaggregate2023v60csv,8
FRONTERA_CICLO_AJUSTE_V68_PRIMARY_RECOVERY_AND_DISCLOSURE_GAP(3).zip,AQ_TO_IEF_ANNUAL_BRIDGE_V60.csv,AQ_TO_IEF_ANNUAL_BRIDGE_V60.csv,521,3222057515,FRONTERA_CICLO_AJUSTE_V68_PRIMARY_RECOVERY_AND_DISCLOSURE_GAP(3).zip::BASE_V67.zip::BASE_V66.zip::BASE_V65.zip::BASE_V64.zip::v64/BASE_V63.zip::BASE_V62.zip::BASE_V61.zip::BASE_V60.zip,zip,aqtoiefannualbridgev60csv,8
FRONTERA_CICLO_AJUSTE_V68_PRIMARY_RECOVERY_AND_DISCLOSURE_GAP(3).zip,AUDITORIA_V60.md,AUDITORIA_V60.md,1028,3191199415,FRONTERA_CICLO_AJUSTE_V68_PRIMARY_RECOVERY_AND_DISCLOSURE_GAP(3).zip::BASE_V67.zip::BASE_V66.zip::BASE_V65.zip::BASE_V64.zip::v64/BASE_V63.zip::BASE_V62.zip::BASE_V61.zip::BASE_V60.zip,zip,auditoriav60md,8
FRONTERA_CICLO_AJUSTE_V68_PRIMARY_RECOVERY_AND_DISCLOSURE_GAP(3).zip,BASE_V59.zip,BASE_V59.zip,1488966,3327583224,FRONTERA_CICLO_AJUSTE_V68_PRIMARY_RECOVERY_AND_DISCLOSURE_GAP(3).zip::BASE_V67.zip::BASE_V66.zip::BASE_V65.zip::BASE_V64.zip::v64/BASE_V63.zip::BASE_V62.zip::BASE_V61.zip::BASE_V60.zip,zip,basev59zip,8
FRONTERA_CICLO_AJUSTE_V68_PRIMARY_RECOVERY_AND_DISCLOSURE_GAP(3).zip,INTEREST_ACCRUED_SECTOR_FLOW_V59.csv,INTEREST_ACCRUED_SECTOR_FLOW_V59.csv,3456,2350036141,FRONTERA_CICLO_AJUSTE_V68_PRIMARY_RECOVERY_AND_DISCLOSURE_GAP(3).zip::BASE_V67.zip::BASE_V66.zip::BASE_V65.zip::BASE_V64.zip::v64/BASE_V63.zip::BASE_V62.zip::BASE_V61.zip::BASE_V60.zip::BASE_V59.zip,zip,interestaccruedsectorflowv59csv,9
FRONTERA_CICLO_AJUSTE_V68_PRIMARY_RECOVERY_AND_DISCLOSURE_GAP(3).zip,SECURITIES_RESULT_ISSUER_FLOW_V59.csv,SECURITIES_RESULT_ISSUER_FLOW_V59.csv,973,2396753114,FRONTERA_CICLO_AJUSTE_V68_PRIMARY_RECOVERY_AND_DISCLOSURE_GAP(3).zip::BASE_V67.zip::BASE_V66.zip::BASE_V65.zip::BASE_V64.zip::v64/BASE_V63.zip::BASE_V62.zip::BASE_V61.zip::BASE_V60.zip::BASE_V59.zip,zip,securitiesresultissuerflowv59csv,9
FRONTERA_CICLO_AJUSTE_V68_PRIMARY_RECOVERY_AND_DISCLOSURE_GAP(3).zip,MANIFEST_V59.json,MANIFEST_V59.json,3173,1958130905,FRONTERA_CICLO_AJUSTE_V68_PRIMARY_RECOVERY_AND_DISCLOSURE_GAP(3).zip::BASE_V67.zip::BASE_V66.zip::BASE_V65.zip::BASE_V64.zip::v64/BASE_V63.zip::BASE_V62.zip::BASE_V61.zip::BASE_V60.zip::BASE_V59.zip,zip,manifestv59json,9
FRONTERA_CICLO_AJUSTE_V68_PRIMARY_RECOVERY_AND_DISCLOSURE_GAP(3).zip,VEREDICTO_V59.md,VEREDICTO_V59.md,1520,2869004237,FRONTERA_CICLO_AJUSTE_V68_PRIMARY_RECOVERY_AND_DISCLOSURE_GAP(3).zip::BASE_V67.zip::BASE_V66.zip::BASE_V65.zip::BASE_V64.zip::v64/BASE_V63.zip::BASE_V62.zip::BASE_V61.zip::BASE_V60.zip::BASE_V59.zip,zip,veredictov59md,9
FRONTERA_CICLO_AJUSTE_V68_PRIMARY_RECOVERY_AND_DISCLOSURE_GAP(3).zip,POSITIVE_FINANCIAL_INCOME_FORMULA_V59.csv,POSITIVE_FINANCIAL_INCOME_FORMULA_V59.csv,2665,3309765842,FRONTERA_CICLO_AJUSTE_V68_PRIMARY_RECOVERY_AND_DISCLOSURE_GAP(3).zip::BASE_V67.zip::BASE_V66.zip::BASE_V65.zip::BASE_V64.zip::v64/BASE_V63.zip::BASE_V62.zip::BASE_V61.zip::BASE_V60.zip::BASE_V59.zip,zip,positivefinancialincomeformulav59csv,9
FRONTERA_CICLO_AJUSTE_V68_PRIMARY_RECOVERY_AND_DISCLOSURE_GAP(3).zip,README_V59.md,README_V59.md,689,1979927137,FRONTERA_CICLO_AJUSTE_V68_PRIMARY_RECOVERY_AND_DISCLOSURE_GAP(3).zip::BASE_V67.zip::BASE_V66.zip::BASE_V65.zip::BASE_V64.zip::v64/BASE_V63.zip::BASE_V62.zip::BASE_V61.zip::BASE_V60.zip::BASE_V59.zip,zip,readmev59md,9
FRONTERA_CICLO_AJUSTE_V68_PRIMARY_RECOVERY_AND_DISCLOSURE_GAP(3).zip,COMMON_DENOMINATOR_RECONCILIATION_V59.csv,COMMON_DENOMINATOR_RECONCILIATION_V59.csv,3406,3895230344,FRONTERA_CICLO_AJUSTE_V68_PRIMARY_RECOVERY_AND_DISCLOSURE_GAP(3).zip::BASE_V67.zip::BASE_V66.zip::BASE_V65.zip::BASE_V64.zip::v64/BASE_V63.zip::BASE_V62.zip::BASE_V61.zip::BASE_V60.zip::BASE_V59.zip,zip,commondenominatorreconciliationv59csv,9
FRONTERA_CICLO_AJUSTE_V68_PRIMARY_RECOVERY_AND_DISCLOSURE_GAP(3).zip,BASE_V58.zip,BASE_V58.zip,1457322,799904491,FRONTERA_CICLO_AJUSTE_V68_PRIMARY_RECOVERY_AND_DISCLOSURE_GAP(3).zip::BASE_V67.zip::BASE_V66.zip::BASE_V65.zip::BASE_V64.zip::v64/BASE_V63.zip::BASE_V62.zip::BASE_V61.zip::BASE_V60.zip::BASE_V59.zip,zip,basev58zip,9
FRONTERA_CICLO_AJUSTE_V68_PRIMARY_RECOVERY_AND_DISCLOSURE_GAP(3).zip,IEF_COMPONENT_RECONCILIATION_V58.csv,IEF_COMPONENT_RECONCILIATION_V58.csv,4404,771447225,FRONTERA_CICLO_AJUSTE_V68_PRIMARY_RECOVERY_AND_DISCLOSURE_GAP(3).zip::BASE_V67.zip::BASE_V66.zip::BASE_V65.zip::BASE_V64.zip::v64/BASE_V63.zip::BASE_V62.zip::BASE_V61.zip::BASE_V60.zip::BASE_V59.zip::BASE_V58.zip,zip,iefcomponentreconciliationv58csv,10
FRONTERA_CICLO_AJUSTE_V68_PRIMARY_RECOVERY_AND_DISCLOSURE_GAP(3).zip,BASE_V57.zip,BASE_V57.zip,1426922,2040299978,FRONTERA_CICLO_AJUSTE_V68_PRIMARY_RECOVERY_AND_DISCLOSURE_GAP(3).zip::BASE_V67.zip::BASE_V66.zip::BASE_V65.zip::BASE_V64.zip::v64/BASE_V63.zip::BASE_V62.zip::BASE_V61.zip::BASE_V60.zip::BASE_V59.zip::BASE_V58.zip,zip,basev57zip,10
FRONTERA_CICLO_AJUSTE_V68_PRIMARY_RECOVERY_AND_DISCLOSURE_GAP(3).zip,ACCOUNT_MAPPING_NIIF_V57.csv,ACCOUNT_MAPPING_NIIF_V57.csv,6675,3279393462,FRONTERA_CICLO_AJUSTE_V68_PRIMARY_RECOVERY_AND_DISCLOSURE_GAP(3).zip::BASE_V67.zip::BASE_V66.zip::BASE_V65.zip::BASE_V64.zip::v64/BASE_V63.zip::BASE_V62.zip::BASE_V61.zip::BASE_V60.zip::BASE_V59.zip::BASE_V58.zip::BASE_V57.zip,zip,accountmappingniifv57csv,11
FRONTERA_CICLO_AJUSTE_V68_PRIMARY_RECOVERY_AND_DISCLOSURE_GAP(3).zip,AUDITORIA_V57.md,AUDITORIA_V57.md,3300,2845304577,FRONTERA_CICLO_AJUSTE_V68_PRIMARY_RECOVERY_AND_DISCLOSURE_GAP(3).zip::BASE_V67.zip::BASE_V66.zip::BASE_V65.zip::BASE_V64.zip::v64/BASE_V63.zip::BASE_V62.zip::BASE_V61.zip::BASE_V60.zip::BASE_V59.zip::BASE_V58.zip::BASE_V57.zip,zip,auditoriav57md,11
FRONTERA_CICLO_AJUSTE_V68_PRIMARY_RECOVERY_AND_DISCLOSURE_GAP(3).zip,BASE_V56.zip,BASE_V56.zip,1405429,4102697162,FRONTERA_CICLO_AJUSTE_V68_PRIMARY_RECOVERY_AND_DISCLOSURE_GAP(3).zip::BASE_V67.zip::BASE_V66.zip::BASE_V65.zip::BASE_V64.zip::v64/BASE_V63.zip::BASE_V62.zip::BASE_V61.zip::BASE_V60.zip::BASE_V59.zip::BASE_V58.zip::BASE_V57.zip,zip,basev56zip,11
FRONTERA_CICLO_AJUSTE_V68_PRIMARY_RECOVERY_AND_DISCLOSURE_GAP(3).zip,TARGET_RECONCILIATION_V56.csv,TARGET_RECONCILIATION_V56.csv,1039,3039763977,FRONTERA_CICLO_AJUSTE_V68_PRIMARY_RECOVERY_AND_DISCLOSURE_GAP(3).zip::BASE_V67.zip::BASE_V66.zip::BASE_V65.zip::BASE_V64.zip::v64/BASE_V63.zip::BASE_V62.zip::BASE_V61.zip::BASE_V60.zip::BASE_V59.zip::BASE_V58.zip::BASE_V57.zip::BASE_V56.zip,zip,targetreconciliationv56csv,12
FRONTERA_CICLO_AJUSTE_V68_PRIMARY_RECOVERY_AND_DISCLOSURE_GAP(3).zip,FUENTES_V56.md,FUENTES_V56.md,1270,1201168601,FRONTERA_CICLO_AJUSTE_V68_PRIMARY_RECOVERY_AND_DISCLOSURE_GAP(3).zip::BASE_V67.zip::BASE_V66.zip::BASE_V65.zip::BASE_V64.zip::v64/BASE_V63.zip::BASE_V62.zip::BASE_V61.zip::BASE_V60.zip::BASE_V59.zip::BASE_V58.zip::BASE_V57.zip::BASE_V56.zip,zip,fuentesv56md,12
FRONTERA_CICLO_AJUSTE_V68_PRIMARY_RECOVERY_AND_DISCLOSURE_GAP(3).zip,AUDITORIA_V56.md,AUDITORIA_V56.md,1958,3875203169,FRONTERA_CICLO_AJUSTE_V68_PRIMARY_RECOVERY_AND_DISCLOSURE_GAP(3).zip::BASE_V67.zip::BASE_V66.zip::BASE_V65.zip::BASE_V64.zip::v64/BASE_V63.zip::BASE_V62.zip::BASE_V61.zip::BASE_V60.zip::BASE_V59.zip::BASE_V58.zip::BASE_V57.zip::BASE_V56.zip,zip,auditoriav56md,12
FRONTERA_CICLO_AJUSTE_V68_PRIMARY_RECOVERY_AND_DISCLOSURE_GAP(3).zip,PROMPT_CODEX_V57_API_VALUE_EXTRACTION_AND_RECONCILIATION.md,PROMPT_CODEX_V57_API_VALUE_EXTRACTION_AND_RECONCILIATION.md,1639,1234052454,FRONTERA_CICLO_AJUSTE_V68_PRIMARY_RECOVERY_AND_DISCLOSURE_GAP(3).zip::BASE_V67.zip::BASE_V66.zip::BASE_V65.zip::BASE_V64.zip::v64/BASE_V63.zip::BASE_V62.zip::BASE_V61.zip::BASE_V60.zip::BASE_V59.zip::BASE_V58.zip::BASE_V57.zip::BASE_V56.zip,zip,promptcodexv57apivalueextractionandreconciliationmd,12
FRONTERA_CICLO_AJUSTE_V68_PRIMARY_RECOVERY_AND_DISCLOSURE_GAP(3).zip,README_V56.md,README_V56.md,741,2692164018,FRONTERA_CICLO_AJUSTE_V68_PRIMARY_RECOVERY_AND_DISCLOSURE_GAP(3).zip::BASE_V67.zip::BASE_V66.zip::BASE_V65.zip::BASE_V64.zip::v64/BASE_V63.zip::BASE_V62.zip::BASE_V61.zip::BASE_V60.zip::BASE_V59.zip::BASE_V58.zip::BASE_V57.zip::BASE_V56.zip,zip,readmev56md,12
FRONTERA_CICLO_AJUSTE_V68_PRIMARY_RECOVERY_AND_DISCLOSURE_GAP(3).zip,SERIES_VALUE_BYTES_MANIFEST_V56.csv,SERIES_VALUE_BYTES_MANIFEST_V56.csv,1721,1992671686,FRONTERA_CICLO_AJUSTE_V68_PRIMARY_RECOVERY_AND_DISCLOSURE_GAP(3).zip::BASE_V67.zip::BASE_V66.zip::BASE_V65.zip::BASE_V64.zip::v64/BASE_V63.zip::BASE_V62.zip::BASE_V61.zip::BASE_V60.zip::BASE_V59.zip::BASE_V58.zip::BASE_V57.zip::BASE_V56.zip,zip,seriesvaluebytesmanifestv56csv,12
FRONTERA_CICLO_AJUSTE_V68_PRIMARY_RECOVERY_AND_DISCLOSURE_GAP(3).zip,QA_RESULT_V56.txt,QA_RESULT_V56.txt,5,3256905966,FRONTERA_CICLO_AJUSTE_V68_PRIMARY_RECOVERY_AND_DISCLOSURE_GAP(3).zip::BASE_V67.zip::BASE_V66.zip::BASE_V65.zip::BASE_V64.zip::v64/BASE_V63.zip::BASE_V62.zip::BASE_V61.zip::BASE_V60.zip::BASE_V59.zip::BASE_V58.zip::BASE_V57.zip::BASE_V56.zip,zip,qaresultv56txt,12
FRONTERA_CICLO_AJUSTE_V68_PRIMARY_RECOVERY_AND_DISCLOSURE_GAP(3).zip,BASE_V55.zip,BASE_V55.zip,308547,3407641759,FRONTERA_CICLO_AJUSTE_V68_PRIMARY_RECOVERY_AND_DISCLOSURE_GAP(3).zip::BASE_V67.zip::BASE_V66.zip::BASE_V65.zip::BASE_V64.zip::v64/BASE_V63.zip::BASE_V62.zip::BASE_V61.zip::BASE_V60.zip::BASE_V59.zip::BASE_V58.zip::BASE_V57.zip::BASE_V56.zip,zip,basev55zip,12
FRONTERA_CICLO_AJUSTE_V68_PRIMARY_RECOVERY_AND_DISCLOSURE_GAP(3).zip,ACCOUNTING_MODE_AXIS_V55.csv,ACCOUNTING_MODE_AXIS_V55.csv,699,3452533906,FRONTERA_CICLO_AJUSTE_V68_PRIMARY_RECOVERY_AND_DISCLOSURE_GAP(3).zip::BASE_V67.zip::BASE_V66.zip::BASE_V65.zip::BASE_V64.zip::v64/BASE_V63.zip::BASE_V62.zip::BASE_V61.zip::BASE_V60.zip::BASE_V59.zip::BASE_V58.zip::BASE_V57.zip::BASE_V56.zip::BASE_V55.zip,zip,accountingmodeaxisv55csv,13
FRONTERA_CICLO_AJUSTE_V68_PRIMARY_RECOVERY_AND_DISCLOSURE_GAP(3).zip,AUDITORIA_RECONCILIACION_V55.md,AUDITORIA_RECONCILIACION_V55.md,2954,954690639,FRONTERA_CICLO_AJUSTE_V68_PRIMARY_RECOVERY_AND_DISCLOSURE_GAP(3).zip::BASE_V67.zip::BASE_V66.zip::BASE_V65.zip::BASE_V64.zip::v64/BASE_V63.zip::BASE_V62.zip::BASE_V61.zip::BASE_V60.zip::BASE_V59.zip::BASE_V58.zip::BASE_V57.zip::BASE_V56.zip::BASE_V55.zip,zip,auditoriareconciliacionv55md,13
FRONTERA_CICLO_AJUSTE_V68_PRIMARY_RECOVERY_AND_DISCLOSURE_GAP(3).zip,BASE_V54.zip,BASE_V54.zip,89528,4191159782,FRONTERA_CICLO_AJUSTE_V68_PRIMARY_RECOVERY_AND_DISCLOSURE_GAP(3).zip::BASE_V67.zip::BASE_V66.zip::BASE_V65.zip::BASE_V64.zip::v64/BASE_V63.zip::BASE_V62.zip::BASE_V61.zip::BASE_V60.zip::BASE_V59.zip::BASE_V58.zip::BASE_V57.zip::BASE_V56.zip::BASE_V55.zip,zip,basev54zip,13
FRONTERA_CICLO_AJUSTE_V68_PRIMARY_RECOVERY_AND_DISCLOSURE_GAP(3).zip,AUDITORIA_MICRODATA_BRIDGE_V54.md,AUDITORIA_MICRODATA_BRIDGE_V54.md,5719,1640919157,FRONTERA_CICLO_AJUSTE_V68_PRIMARY_RECOVERY_AND_DISCLOSURE_GAP(3).zip::BASE_V67.zip::BASE_V66.zip::BASE_V65.zip::BASE_V64.zip::v64/BASE_V63.zip::BASE_V62.zip::BASE_V61.zip::BASE_V60.zip::BASE_V59.zip::BASE_V58.zip::BASE_V57.zip::BASE_V56.zip::BASE_V55.zip::BASE_V54.zip,zip,auditoriamicrodatabridgev54md,14
FRONTERA_CICLO_AJUSTE_V68_PRIMARY_RECOVERY_AND_DISCLOSURE_GAP(3).zip,BASE_V53.zip,BASE_V53.zip,60708,2634438224,FRONTERA_CICLO_AJUSTE_V68_PRIMARY_RECOVERY_AND_DISCLOSURE_GAP(3).zip::BASE_V67.zip::BASE_V66.zip::BASE_V65.zip::BASE_V64.zip::v64/BASE_V63.zip::BASE_V62.zip::BASE_V61.zip::BASE_V60.zip::BASE_V59.zip::BASE_V58.zip::BASE_V57.zip::BASE_V56.zip::BASE_V55.zip::BASE_V54.zip,zip,basev53zip,14
FRONTERA_CICLO_AJUSTE_V68_PRIMARY_RECOVERY_AND_DISCLOSURE_GAP(3).zip,AUDITORIA_CUANTIFICACION_CONTRAPARTES_V53.md,AUDITORIA_CUANTIFICACION_CONTRAPARTES_V53.md,8576,3068984065,FRONTERA_CICLO_AJUSTE_V68_PRIMARY_RECOVERY_AND_DISCLOSURE_GAP(3).zip::BASE_V67.zip::BASE_V66.zip::BASE_V65.zip::BASE_V64.zip::v64/BASE_V63.zip::BASE_V62.zip::BASE_V61.zip::BASE_V60.zip::BASE_V59.zip::BASE_V58.zip::BASE_V57.zip::BASE_V56.zip::BASE_V55.zip::BASE_V54.zip::BASE_V53.zip,zip,auditoriacuantificacioncontrapartesv53md,15
FRONTERA_CICLO_AJUSTE_V68_PRIMARY_RECOVERY_AND_DISCLOSURE_GAP(3).zip,BASE_V52.zip,BASE_V52.zip,30016,2693101034,FRONTERA_CICLO_AJUSTE_V68_PRIMARY_RECOVERY_AND_DISCLOSURE_GAP(3).zip::BASE_V67.zip::BASE_V66.zip::BASE_V65.zip::BASE_V64.zip::v64/BASE_V63.zip::BASE_V62.zip::BASE_V61.zip::BASE_V60.zip::BASE_V59.zip::BASE_V58.zip::BASE_V57.zip::BASE_V56.zip::BASE_V55.zip::BASE_V54.zip::BASE_V53.zip,zip,basev52zip,15
FRONTERA_CICLO_AJUSTE_V68_PRIMARY_RECOVERY_AND_DISCLOSURE_GAP(3).zip,AUDITORIA_CONTRAPARTES_V52.md,AUDITORIA_CONTRAPARTES_V52.md,10790,1141669530,FRONTERA_CICLO_AJUSTE_V68_PRIMARY_RECOVERY_AND_DISCLOSURE_GAP(3).zip::BASE_V67.zip::BASE_V66.zip::BASE_V65.zip::BASE_V64.zip::v64/BASE_V63.zip::BASE_V62.zip::BASE_V61.zip::BASE_V60.zip::BASE_V59.zip::BASE_V58.zip::BASE_V57.zip::BASE_V56.zip::BASE_V55.zip::BASE_V54.zip::BASE_V53.zip::BASE_V52.zip,zip,auditoriacontrapartesv52md,16
FRONTERA_CICLO_AJUSTE_V68_PRIMARY_RECOVERY_AND_DISCLOSURE_GAP(3).zip,COMPONENT_COUNTERPARTY_MAP_V52.csv,COMPONENT_COUNTERPARTY_MAP_V52.csv,10923,221048505,FRONTERA_CICLO_AJUSTE_V68_PRIMARY_RECOVERY_AND_DISCLOSURE_GAP(3).zip::BASE_V67.zip::BASE_V66.zip::BASE_V65.zip::BASE_V64.zip::v64/BASE_V63.zip::BASE_V62.zip::BASE_V61.zip::BASE_V60.zip::BASE_V59.zip::BASE_V58.zip::BASE_V57.zip::BASE_V56.zip::BASE_V55.zip::BASE_V54.zip::BASE_V53.zip::BASE_V52.zip,zip,componentcounterpartymapv52csv,16
FRONTERA_CICLO_AJUSTE_V68_PRIMARY_RECOVERY_AND_DISCLOSURE_GAP(3).zip,EVIDENCE_LEDGER_CICLO_AJUSTE_V52.csv,EVIDENCE_LEDGER_CICLO_AJUSTE_V52.csv,29452,2822240886,FRONTERA_CICLO_AJUSTE_V68_PRIMARY_RECOVERY_AND_DISCLOSURE_GAP(3).zip::BASE_V67.zip::BASE_V66.zip::BASE_V65.zip::BASE_V64.zip::v64/BASE_V63.zip::BASE_V62.zip::BASE_V61.zip::BASE_V60.zip::BASE_V59.zip::BASE_V58.zip::BASE_V57.zip::BASE_V56.zip::BASE_V55.zip::BASE_V54.zip::BASE_V53.zip::BASE_V52.zip,zip,evidenceledgercicloajustev52csv,16
FRONTERA_CICLO_AJUSTE_V68_PRIMARY_RECOVERY_AND_DISCLOSURE_GAP(3).zip,FALSIFICADORES_INCIDENCE_V52.csv,FALSIFICADORES_INCIDENCE_V52.csv,1704,733707846,FRONTERA_CICLO_AJUSTE_V68_PRIMARY_RECOVERY_AND_DISCLOSURE_GAP(3).zip::BASE_V67.zip::BASE_V66.zip::BASE_V65.zip::BASE_V64.zip::v64/BASE_V63.zip::BASE_V62.zip::BASE_V61.zip::BASE_V60.zip::BASE_V59.zip::BASE_V58.zip::BASE_V57.zip::BASE_V56.zip::BASE_V55.zip::BASE_V54.zip::BASE_V53.zip::BASE_V52.zip,zip,falsificadoresincidencev52csv,16
FRONTERA_CICLO_AJUSTE_V68_PRIMARY_RECOVERY_AND_DISCLOSURE_GAP(3).zip,HOUSEHOLD_LINK_CLASSIFICATION_V52.csv,HOUSEHOLD_LINK_CLASSIFICATION_V52.csv,2318,2469493028,FRONTERA_CICLO_AJUSTE_V68_PRIMARY_RECOVERY_AND_DISCLOSURE_GAP(3).zip::BASE_V67.zip::BASE_V66.zip::BASE_V65.zip::BASE_V64.zip::v64/BASE_V63.zip::BASE_V62.zip::BASE_V61.zip::BASE_V60.zip::BASE_V59.zip::BASE_V58.zip::BASE_V57.zip::BASE_V56.zip::BASE_V55.zip::BASE_V54.zip::BASE_V53.zip::BASE_V52.zip,zip,householdlinkclassificationv52csv,16
FRONTERA_CICLO_AJUSTE_V68_PRIMARY_RECOVERY_AND_DISCLOSURE_GAP(3).zip,INCIDENCE_CHAIN_V52.csv,INCIDENCE_CHAIN_V52.csv,4179,1507603432,FRONTERA_CICLO_AJUSTE_V68_PRIMARY_RECOVERY_AND_DISCLOSURE_GAP(3).zip::BASE_V67.zip::BASE_V66.zip::BASE_V65.zip::BASE_V64.zip::v64/BASE_V63.zip::BASE_V62.zip::BASE_V61.zip::BASE_V60.zip::BASE_V59.zip::BASE_V58.zip::BASE_V57.zip::BASE_V56.zip::BASE_V55.zip::BASE_V54.zip::BASE_V53.zip::BASE_V52.zip,zip,incidencechainv52csv,16
FRONTERA_CICLO_AJUSTE_V68_PRIMARY_RECOVERY_AND_DISCLOSURE_GAP(3).zip,MANIFEST_V52.json,MANIFEST_V52.json,3066,2435890137,FRONTERA_CICLO_AJUSTE_V68_PRIMARY_RECOVERY_AND_DISCLOSURE_GAP(3).zip::BASE_V67.zip::BASE_V66.zip::BASE_V65.zip::BASE_V64.zip::v64/BASE_V63.zip::BASE_V62.zip::BASE_V61.zip::BASE_V60.zip::BASE_V59.zip::BASE_V58.zip::BASE_V57.zip::BASE_V56.zip::BASE_V55.zip::BASE_V54.zip::BASE_V53.zip::BASE_V52.zip,zip,manifestv52json,16
FRONTERA_CICLO_AJUSTE_V68_PRIMARY_RECOVERY_AND_DISCLOSURE_GAP(3).zip,PROMPT_CODEX_V53_COUNTERPARTY_QUANTIFICATION.md,PROMPT_CODEX_V53_COUNTERPARTY_QUANTIFICATION.md,2245,3992379914,FRONTERA_CICLO_AJUSTE_V68_PRIMARY_RECOVERY_AND_DISCLOSURE_GAP(3).zip::BASE_V67.zip::BASE_V66.zip::BASE_V65.zip::BASE_V64.zip::v64/BASE_V63.zip::BASE_V62.zip::BASE_V61.zip::BASE_V60.zip::BASE_V59.zip::BASE_V58.zip::BASE_V57.zip::BASE_V56.zip::BASE_V55.zip::BASE_V54.zip::BASE_V53.zip::BASE_V52.zip,zip,promptcodexv53counterpartyquantificationmd,16
FRONTERA_CICLO_AJUSTE_V68_PRIMARY_RECOVERY_AND_DISCLOSURE_GAP(3).zip,README_V52.md,README_V52.md,1435,967710712,FRONTERA_CICLO_AJUSTE_V68_PRIMARY_RECOVERY_AND_DISCLOSURE_GAP(3).zip::BASE_V67.zip::BASE_V66.zip::BASE_V65.zip::BASE_V64.zip::v64/BASE_V63.zip::BASE_V62.zip::BASE_V61.zip::BASE_V60.zip::BASE_V59.zip::BASE_V58.zip::BASE_V57.zip::BASE_V56.zip::BASE_V55.zip::BASE_V54.zip::BASE_V53.zip::BASE_V52.zip,zip,readmev52md,16
FRONTERA_CICLO_AJUSTE_V68_PRIMARY_RECOVERY_AND_DISCLOSURE_GAP(3).zip,VEREDICTO_CONTRAPARTES_V52.md,VEREDICTO_CONTRAPARTES_V52.md,2555,1531089469,FRONTERA_CICLO_AJUSTE_V68_PRIMARY_RECOVERY_AND_DISCLOSURE_GAP(3).zip::BASE_V67.zip::BASE_V66.zip::BASE_V65.zip::BASE_V64.zip::v64/BASE_V63.zip::BASE_V62.zip::BASE_V61.zip::BASE_V60.zip::BASE_V59.zip::BASE_V58.zip::BASE_V57.zip::BASE_V56.zip::BASE_V55.zip::BASE_V54.zip::BASE_V53.zip::BASE_V52.zip,zip,veredictocontrapartesv52md,16
FRONTERA_CICLO_AJUSTE_V68_PRIMARY_RECOVERY_AND_DISCLOSURE_GAP(3).zip,qa_v52.py,qa_v52.py,1481,3727353323,FRONTERA_CICLO_AJUSTE_V68_PRIMARY_RECOVERY_AND_DISCLOSURE_GAP(3).zip::BASE_V67.zip::BASE_V66.zip::BASE_V65.zip::BASE_V64.zip::v64/BASE_V63.zip::BASE_V62.zip::BASE_V61.zip::BASE_V60.zip::BASE_V59.zip::BASE_V58.zip::BASE_V57.zip::BASE_V56.zip::BASE_V55.zip::BASE_V54.zip::BASE_V53.zip::BASE_V52.zip,zip,qav52py,16
FRONTERA_CICLO_AJUSTE_V68_PRIMARY_RECOVERY_AND_DISCLOSURE_GAP(3).zip,CER_ASSET_LIABILITY_SECTOR_MAP_V53.csv,CER_ASSET_LIABILITY_SECTOR_MAP_V53.csv,1928,2424930496,FRONTERA_CICLO_AJUSTE_V68_PRIMARY_RECOVERY_AND_DISCLOSURE_GAP(3).zip::BASE_V67.zip::BASE_V66.zip::BASE_V65.zip::BASE_V64.zip::v64/BASE_V63.zip::BASE_V62.zip::BASE_V61.zip::BASE_V60.zip::BASE_V59.zip::BASE_V58.zip::BASE_V57.zip::BASE_V56.zip::BASE_V55.zip::BASE_V54.zip::BASE_V53.zip,zip,cerassetliabilitysectormapv53csv,15
FRONTERA_CICLO_AJUSTE_V68_PRIMARY_RECOVERY_AND_DISCLOSURE_GAP(3).zip,EVIDENCE_LEDGER_CICLO_AJUSTE_V53.csv,EVIDENCE_LEDGER_CICLO_AJUSTE_V53.csv,32838,1291886418,FRONTERA_CICLO_AJUSTE_V68_PRIMARY_RECOVERY_AND_DISCLOSURE_GAP(3).zip::BASE_V67.zip::BASE_V66.zip::BASE_V65.zip::BASE_V64.zip::v64/BASE_V63.zip::BASE_V62.zip::BASE_V61.zip::BASE_V60.zip::BASE_V59.zip::BASE_V58.zip::BASE_V57.zip::BASE_V56.zip::BASE_V55.zip::BASE_V54.zip::BASE_V53.zip,zip,evidenceledgercicloajustev53csv,15
FRONTERA_CICLO_AJUSTE_V68_PRIMARY_RECOVERY_AND_DISCLOSURE_GAP(3).zip,FUENTES_V53.md,FUENTES_V53.md,1790,3905457752,FRONTERA_CICLO_AJUSTE_V68_PRIMARY_RECOVERY_AND_DISCLOSURE_GAP(3).zip::BASE_V67.zip::BASE_V66.zip::BASE_V65.zip::BASE_V64.zip::v64/BASE_V63.zip::BASE_V62.zip::BASE_V61.zip::BASE_V60.zip::BASE_V59.zip::BASE_V58.zip::BASE_V57.zip::BASE_V56.zip::BASE_V55.zip::BASE_V54.zip::BASE_V53.zip,zip,fuentesv53md,15
FRONTERA_CICLO_AJUSTE_V68_PRIMARY_RECOVERY_AND_DISCLOSURE_GAP(3).zip,FX_GROSS_COUNTERPARTY_MAP_V53.csv,FX_GROSS_COUNTERPARTY_MAP_V53.csv,2845,3945359840,FRONTERA_CICLO_AJUSTE_V68_PRIMARY_RECOVERY_AND_DISCLOSURE_GAP(3).zip::BASE_V67.zip::BASE_V66.zip::BASE_V65.zip::BASE_V64.zip::v64/BASE_V63.zip::BASE_V62.zip::BASE_V61.zip::BASE_V60.zip::BASE_V59.zip::BASE_V58.zip::BASE_V57.zip::BASE_V56.zip::BASE_V55.zip::BASE_V54.zip::BASE_V53.zip,zip,fxgrosscounterpartymapv53csv,15
FRONTERA_CICLO_AJUSTE_V68_PRIMARY_RECOVERY_AND_DISCLOSURE_GAP(3).zip,HOUSEHOLD_DIRECT_FLOW_BOUND_V53.csv,HOUSEHOLD_DIRECT_FLOW_BOUND_V53.csv,2566,3922136717,FRONTERA_CICLO_AJUSTE_V68_PRIMARY_RECOVERY_AND_DISCLOSURE_GAP(3).zip::BASE_V67.zip::BASE_V66.zip::BASE_V65.zip::BASE_V64.zip::v64/BASE_V63.zip::BASE_V62.zip::BASE_V61.zip::BASE_V60.zip::BASE_V59.zip::BASE_V58.zip::BASE_V57.zip::BASE_V56.zip::BASE_V55.zip::BASE_V54.zip::BASE_V53.zip,zip,householddirectflowboundv53csv,15
FRONTERA_CICLO_AJUSTE_V68_PRIMARY_RECOVERY_AND_DISCLOSURE_GAP(3).zip,INTEREST_INCOME_SECTOR_SPLIT_V53.csv,INTEREST_INCOME_SECTOR_SPLIT_V53.csv,1914,3323966839,FRONTERA_CICLO_AJUSTE_V68_PRIMARY_RECOVERY_AND_DISCLOSURE_GAP(3).zip::BASE_V67.zip::BASE_V66.zip::BASE_V65.zip::BASE_V64.zip::v64/BASE_V63.zip::BASE_V62.zip::BASE_V61.zip::BASE_V60.zip::BASE_V59.zip::BASE_V58.zip::BASE_V57.zip::BASE_V56.zip::BASE_V55.zip::BASE_V54.zip::BASE_V53.zip,zip,interestincomesectorsplitv53csv,15
FRONTERA_CICLO_AJUSTE_V68_PRIMARY_RECOVERY_AND_DISCLOSURE_GAP(3).zip,MANIFEST_V53.json,MANIFEST_V53.json,3151,3397775879,FRONTERA_CICLO_AJUSTE_V68_PRIMARY_RECOVERY_AND_DISCLOSURE_GAP(3).zip::BASE_V67.zip::BASE_V66.zip::BASE_V65.zip::BASE_V64.zip::v64/BASE_V63.zip::BASE_V62.zip::BASE_V61.zip::BASE_V60.zip::BASE_V59.zip::BASE_V58.zip::BASE_V57.zip::BASE_V56.zip::BASE_V55.zip::BASE_V54.zip::BASE_V53.zip,zip,manifestv53json,15
FRONTERA_CICLO_AJUSTE_V68_PRIMARY_RECOVERY_AND_DISCLOSURE_GAP(3).zip,PROMPT_CODEX_V54_RAW_BCRA_MICRODATA.md,PROMPT_CODEX_V54_RAW_BCRA_MICRODATA.md,3199,1476505167,FRONTERA_CICLO_AJUSTE_V68_PRIMARY_RECOVERY_AND_DISCLOSURE_GAP(3).zip::BASE_V67.zip::BASE_V66.zip::BASE_V65.zip::BASE_V64.zip::v64/BASE_V63.zip::BASE_V62.zip::BASE_V61.zip::BASE_V60.zip::BASE_V59.zip::BASE_V58.zip::BASE_V57.zip::BASE_V56.zip::BASE_V55.zip::BASE_V54.zip::BASE_V53.zip,zip,promptcodexv54rawbcramicrodatamd,15
FRONTERA_CICLO_AJUSTE_V68_PRIMARY_RECOVERY_AND_DISCLOSURE_GAP(3).zip,README_V53.md,README_V53.md,1622,2934203907,FRONTERA_CICLO_AJUSTE_V68_PRIMARY_RECOVERY_AND_DISCLOSURE_GAP(3).zip::BASE_V67.zip::BASE_V66.zip::BASE_V65.zip::BASE_V64.zip::v64/BASE_V63.zip::BASE_V62.zip::BASE_V61.zip::BASE_V60.zip::BASE_V59.zip::BASE_V58.zip::BASE_V57.zip::BASE_V56.zip::BASE_V55.zip::BASE_V54.zip::BASE_V53.zip,zip,readmev53md,15
FRONTERA_CICLO_AJUSTE_V68_PRIMARY_RECOVERY_AND_DISCLOSURE_GAP(3).zip,SECURITIES_ISSUER_VALUATION_SPLIT_V53.csv,SECURITIES_ISSUER_VALUATION_SPLIT_V53.csv,3994,1151985647,FRONTERA_CICLO_AJUSTE_V68_PRIMARY_RECOVERY_AND_DISCLOSURE_GAP(3).zip::BASE_V67.zip::BASE_V66.zip::BASE_V65.zip::BASE_V64.zip::v64/BASE_V63.zip::BASE_V62.zip::BASE_V61.zip::BASE_V60.zip::BASE_V59.zip::BASE_V58.zip::BASE_V57.zip::BASE_V56.zip::BASE_V55.zip::BASE_V54.zip::BASE_V53.zip,zip,securitiesissuervaluationsplitv53csv,15
FRONTERA_CICLO_AJUSTE_V68_PRIMARY_RECOVERY_AND_DISCLOSURE_GAP(3).zip,VEREDICTO_CUANTIFICACION_CONTRAPARTES_V53.md,VEREDICTO_CUANTIFICACION_CONTRAPARTES_V53.md,2689,3561875554,FRONTERA_CICLO_AJUSTE_V68_PRIMARY_RECOVERY_AND_DISCLOSURE_GAP(3).zip::BASE_V67.zip::BASE_V66.zip::BASE_V65.zip::BASE_V64.zip::v64/BASE_V63.zip::BASE_V62.zip::BASE_V61.zip::BASE_V60.zip::BASE_V59.zip::BASE_V58.zip::BASE_V57.zip::BASE_V56.zip::BASE_V55.zip::BASE_V54.zip::BASE_V53.zip,zip,veredictocuantificacioncontrapartesv53md,15
FRONTERA_CICLO_AJUSTE_V68_PRIMARY_RECOVERY_AND_DISCLOSURE_GAP(3).zip,qa_v53.py,qa_v53.py,2329,4075672873,FRONTERA_CICLO_AJUSTE_V68_PRIMARY_RECOVERY_AND_DISCLOSURE_GAP(3).zip::BASE_V67.zip::BASE_V66.zip::BASE_V65.zip::BASE_V64.zip::v64/BASE_V63.zip::BASE_V62.zip::BASE_V61.zip::BASE_V60.zip::BASE_V59.zip::BASE_V58.zip::BASE_V57.zip::BASE_V56.zip::BASE_V55.zip::BASE_V54.zip::BASE_V53.zip,zip,qav53py,15
FRONTERA_CICLO_AJUSTE_V68_PRIMARY_RECOVERY_AND_DISCLOSURE_GAP(3).zip,CER_GROSS_BRIDGE_V54.csv,CER_GROSS_BRIDGE_V54.csv,1298,1763478116,FRONTERA_CICLO_AJUSTE_V68_PRIMARY_RECOVERY_AND_DISCLOSURE_GAP(3).zip::BASE_V67.zip::BASE_V66.zip::BASE_V65.zip::BASE_V64.zip::v64/BASE_V63.zip::BASE_V62.zip::BASE_V61.zip::BASE_V60.zip::BASE_V59.zip::BASE_V58.zip::BASE_V57.zip::BASE_V56.zip::BASE_V55.zip::BASE_V54.zip,zip,cergrossbridgev54csv,14
FRONTERA_CICLO_AJUSTE_V68_PRIMARY_RECOVERY_AND_DISCLOSURE_GAP(3).zip,EVIDENCE_LEDGER_CICLO_AJUSTE_V54.csv,EVIDENCE_LEDGER_CICLO_AJUSTE_V54.csv,35891,2651049975,FRONTERA_CICLO_AJUSTE_V68_PRIMARY_RECOVERY_AND_DISCLOSURE_GAP(3).zip::BASE_V67.zip::BASE_V66.zip::BASE_V65.zip::BASE_V64.zip::v64/BASE_V63.zip::BASE_V62.zip::BASE_V61.zip::BASE_V60.zip::BASE_V59.zip::BASE_V58.zip::BASE_V57.zip::BASE_V56.zip::BASE_V55.zip::BASE_V54.zip,zip,evidenceledgercicloajustev54csv,14
FRONTERA_CICLO_AJUSTE_V68_PRIMARY_RECOVERY_AND_DISCLOSURE_GAP(3).zip,FUENTES_V54.md,FUENTES_V54.md,1899,881832952,FRONTERA_CICLO_AJUSTE_V68_PRIMARY_RECOVERY_AND_DISCLOSURE_GAP(3).zip::BASE_V67.zip::BASE_V66.zip::BASE_V65.zip::BASE_V64.zip::v64/BASE_V63.zip::BASE_V62.zip::BASE_V61.zip::BASE_V60.zip::BASE_V59.zip::BASE_V58.zip::BASE_V57.zip::BASE_V56.zip::BASE_V55.zip::BASE_V54.zip,zip,fuentesv54md,14
FRONTERA_CICLO_AJUSTE_V68_PRIMARY_RECOVERY_AND_DISCLOSURE_GAP(3).zip,FX_GROSS_RESULT_BRIDGE_V54.csv,FX_GROSS_RESULT_BRIDGE_V54.csv,1199,3402975375,FRONTERA_CICLO_AJUSTE_V68_PRIMARY_RECOVERY_AND_DISCLOSURE_GAP(3).zip::BASE_V67.zip::BASE_V66.zip::BASE_V65.zip::BASE_V64.zip::v64/BASE_V63.zip::BASE_V62.zip::BASE_V61.zip::BASE_V60.zip::BASE_V59.zip::BASE_V58.zip::BASE_V57.zip::BASE_V56.zip::BASE_V55.zip::BASE_V54.zip,zip,fxgrossresultbridgev54csv,14
FRONTERA_CICLO_AJUSTE_V68_PRIMARY_RECOVERY_AND_DISCLOSURE_GAP(3).zip,INTEREST_INCOME_ACCOUNTING_BRIDGE_V54.csv,INTEREST_INCOME_ACCOUNTING_BRIDGE_V54.csv,1406,1355639883,FRONTERA_CICLO_AJUSTE_V68_PRIMARY_RECOVERY_AND_DISCLOSURE_GAP(3).zip::BASE_V67.zip::BASE_V66.zip::BASE_V65.zip::BASE_V64.zip::v64/BASE_V63.zip::BASE_V62.zip::BASE_V61.zip::BASE_V60.zip::BASE_V59.zip::BASE_V58.zip::BASE_V57.zip::BASE_V56.zip::BASE_V55.zip::BASE_V54.zip,zip,interestincomeaccountingbridgev54csv,14
FRONTERA_CICLO_AJUSTE_V68_PRIMARY_RECOVERY_AND_DISCLOSURE_GAP(3).zip,MANIFEST_V54.json,MANIFEST_V54.json,3560,650712362,FRONTERA_CICLO_AJUSTE_V68_PRIMARY_RECOVERY_AND_DISCLOSURE_GAP(3).zip::BASE_V67.zip::BASE_V66.zip::BASE_V65.zip::BASE_V64.zip::v64/BASE_V63.zip::BASE_V62.zip::BASE_V61.zip::BASE_V60.zip::BASE_V59.zip::BASE_V58.zip::BASE_V57.zip::BASE_V56.zip::BASE_V55.zip::BASE_V54.zip,zip,manifestv54json,14
FRONTERA_CICLO_AJUSTE_V68_PRIMARY_RECOVERY_AND_DISCLOSURE_GAP(3).zip,PROMPT_CODEX_V55_BYTE_MATERIALIZATION_AND_SUBACCOUNT_RECONCILIATION.md,PROMPT_CODEX_V55_BYTE_MATERIALIZATION_AND_SUBACCOUNT_RECONCILIATION.md,3086,444971051,FRONTERA_CICLO_AJUSTE_V68_PRIMARY_RECOVERY_AND_DISCLOSURE_GAP(3).zip::BASE_V67.zip::BASE_V66.zip::BASE_V65.zip::BASE_V64.zip::v64/BASE_V63.zip::BASE_V62.zip::BASE_V61.zip::BASE_V60.zip::BASE_V59.zip::BASE_V58.zip::BASE_V57.zip::BASE_V56.zip::BASE_V55.zip::BASE_V54.zip,zip,promptcodexv55bytematerializationandsubaccountreconciliationmd,14
FRONTERA_CICLO_AJUSTE_V68_PRIMARY_RECOVERY_AND_DISCLOSURE_GAP(3).zip,Q4_2023_JOINT_COUNTERPARTY_PARTITION_V54.csv,Q4_2023_JOINT_COUNTERPARTY_PARTITION_V54.csv,1218,3873685717,FRONTERA_CICLO_AJUSTE_V68_PRIMARY_RECOVERY_AND_DISCLOSURE_GAP(3).zip::BASE_V67.zip::BASE_V66.zip::BASE_V65.zip::BASE_V64.zip::v64/BASE_V63.zip::BASE_V62.zip::BASE_V61.zip::BASE_V60.zip::BASE_V59.zip::BASE_V58.zip::BASE_V57.zip::BASE_V56.zip::BASE_V55.zip::BASE_V54.zip,zip,q42023jointcounterpartypartitionv54csv,14
FRONTERA_CICLO_AJUSTE_V68_PRIMARY_RECOVERY_AND_DISCLOSURE_GAP(3).zip,QA_RESULT_V54.txt,QA_RESULT_V54.txt,5,3256905966,FRONTERA_CICLO_AJUSTE_V68_PRIMARY_RECOVERY_AND_DISCLOSURE_GAP(3).zip::BASE_V67.zip::BASE_V66.zip::BASE_V65.zip::BASE_V64.zip::v64/BASE_V63.zip::BASE_V62.zip::BASE_V61.zip::BASE_V60.zip::BASE_V59.zip::BASE_V58.zip::BASE_V57.zip::BASE_V56.zip::BASE_V55.zip::BASE_V54.zip,zip,qaresultv54txt,14
FRONTERA_CICLO_AJUSTE_V68_PRIMARY_RECOVERY_AND_DISCLOSURE_GAP(3).zip,RAW_SOURCE_MANIFEST_V54.csv,RAW_SOURCE_MANIFEST_V54.csv,4086,3355249895,FRONTERA_CICLO_AJUSTE_V68_PRIMARY_RECOVERY_AND_DISCLOSURE_GAP(3).zip::BASE_V67.zip::BASE_V66.zip::BASE_V65.zip::BASE_V64.zip::v64/BASE_V63.zip::BASE_V62.zip::BASE_V61.zip::BASE_V60.zip::BASE_V59.zip::BASE_V58.zip::BASE_V57.zip::BASE_V56.zip::BASE_V55.zip::BASE_V54.zip,zip,rawsourcemanifestv54csv,14
FRONTERA_CICLO_AJUSTE_V68_PRIMARY_RECOVERY_AND_DISCLOSURE_GAP(3).zip,README_V54.md,README_V54.md,1151,557525011,FRONTERA_CICLO_AJUSTE_V68_PRIMARY_RECOVERY_AND_DISCLOSURE_GAP(3).zip::BASE_V67.zip::BASE_V66.zip::BASE_V65.zip::BASE_V64.zip::v64/BASE_V63.zip::BASE_V62.zip::BASE_V61.zip::BASE_V60.zip::BASE_V59.zip::BASE_V58.zip::BASE_V57.zip::BASE_V56.zip::BASE_V55.zip::BASE_V54.zip,zip,readmev54md,14
FRONTERA_CICLO_AJUSTE_V68_PRIMARY_RECOVERY_AND_DISCLOSURE_GAP(3).zip,SECURITIES_RESULT_BRIDGE_V54.csv,SECURITIES_RESULT_BRIDGE_V54.csv,1403,4022876793,FRONTERA_CICLO_AJUSTE_V68_PRIMARY_RECOVERY_AND_DISCLOSURE_GAP(3).zip::BASE_V67.zip::BASE_V66.zip::BASE_V65.zip::BASE_V64.zip::v64/BASE_V63.zip::BASE_V62.zip::BASE_V61.zip::BASE_V60.zip::BASE_V59.zip::BASE_V58.zip::BASE_V57.zip::BASE_V56.zip::BASE_V55.zip::BASE_V54.zip,zip,securitiesresultbridgev54csv,14
FRONTERA_CICLO_AJUSTE_V68_PRIMARY_RECOVERY_AND_DISCLOSURE_GAP(3).zip,VEREDICTO_MICRODATA_BRIDGE_V54.md,VEREDICTO_MICRODATA_BRIDGE_V54.md,2066,3936993609,FRONTERA_CICLO_AJUSTE_V68_PRIMARY_RECOVERY_AND_DISCLOSURE_GAP(3).zip::BASE_V67.zip::BASE_V66.zip::BASE_V65.zip::BASE_V64.zip::v64/BASE_V63.zip::BASE_V62.zip::BASE_V61.zip::BASE_V60.zip::BASE_V59.zip::BASE_V58.zip::BASE_V57.zip::BASE_V56.zip::BASE_V55.zip::BASE_V54.zip,zip,veredictomicrodatabridgev54md,14
FRONTERA_CICLO_AJUSTE_V68_PRIMARY_RECOVERY_AND_DISCLOSURE_GAP(3).zip,qa_v54.py,qa_v54.py,1477,1824512938,FRONTERA_CICLO_AJUSTE_V68_PRIMARY_RECOVERY_AND_DISCLOSURE_GAP(3).zip::BASE_V67.zip::BASE_V66.zip::BASE_V65.zip::BASE_V64.zip::v64/BASE_V63.zip::BASE_V62.zip::BASE_V61.zip::BASE_V60.zip::BASE_V59.zip::BASE_V58.zip::BASE_V57.zip::BASE_V56.zip::BASE_V55.zip::BASE_V54.zip,zip,qav54py,14
FRONTERA_CICLO_AJUSTE_V68_PRIMARY_RECOVERY_AND_DISCLOSURE_GAP(3).zip,CER_GROSS_RECONCILIATION_V55.csv,CER_GROSS_RECONCILIATION_V55.csv,769,424658597,FRONTERA_CICLO_AJUSTE_V68_PRIMARY_RECOVERY_AND_DISCLOSURE_GAP(3).zip::BASE_V67.zip::BASE_V66.zip::BASE_V65.zip::BASE_V64.zip::v64/BASE_V63.zip::BASE_V62.zip::BASE_V61.zip::BASE_V60.zip::BASE_V59.zip::BASE_V58.zip::BASE_V57.zip::BASE_V56.zip::BASE_V55.zip,zip,cergrossreconciliationv55csv,13
FRONTERA_CICLO_AJUSTE_V68_PRIMARY_RECOVERY_AND_DISCLOSURE_GAP(3).zip,COUNTERPARTY_AXIS_V55.csv,COUNTERPARTY_AXIS_V55.csv,783,1856850215,FRONTERA_CICLO_AJUSTE_V68_PRIMARY_RECOVERY_AND_DISCLOSURE_GAP(3).zip::BASE_V67.zip::BASE_V66.zip::BASE_V65.zip::BASE_V64.zip::v64/BASE_V63.zip::BASE_V62.zip::BASE_V61.zip::BASE_V60.zip::BASE_V59.zip::BASE_V58.zip::BASE_V57.zip::BASE_V56.zip::BASE_V55.zip,zip,counterpartyaxisv55csv,13
FRONTERA_CICLO_AJUSTE_V68_PRIMARY_RECOVERY_AND_DISCLOSURE_GAP(3).zip,EVIDENCE_LEDGER_CICLO_AJUSTE_V55.csv,EVIDENCE_LEDGER_CICLO_AJUSTE_V55.csv,37476,769167957,FRONTERA_CICLO_AJUSTE_V68_PRIMARY_RECOVERY_AND_DISCLOSURE_GAP(3).zip::BASE_V67.zip::BASE_V66.zip::BASE_V65.zip::BASE_V64.zip::v64/BASE_V63.zip::BASE_V62.zip::BASE_V61.zip::BASE_V60.zip::BASE_V59.zip::BASE_V58.zip::BASE_V57.zip::BASE_V56.zip::BASE_V55.zip,zip,evidenceledgercicloajustev55csv,13
FRONTERA_CICLO_AJUSTE_V68_PRIMARY_RECOVERY_AND_DISCLOSURE_GAP(3).zip,FUENTES_V55.md,FUENTES_V55.md,1595,2045476171,FRONTERA_CICLO_AJUSTE_V68_PRIMARY_RECOVERY_AND_DISCLOSURE_GAP(3).zip::BASE_V67.zip::BASE_V66.zip::BASE_V65.zip::BASE_V64.zip::v64/BASE_V63.zip::BASE_V62.zip::BASE_V61.zip::BASE_V60.zip::BASE_V59.zip::BASE_V58.zip::BASE_V57.zip::BASE_V56.zip::BASE_V55.zip,zip,fuentesv55md,13
FRONTERA_CICLO_AJUSTE_V68_PRIMARY_RECOVERY_AND_DISCLOSURE_GAP(3).zip,FX_MODE_RECONCILIATION_V55.csv,FX_MODE_RECONCILIATION_V55.csv,748,1599154258,FRONTERA_CICLO_AJUSTE_V68_PRIMARY_RECOVERY_AND_DISCLOSURE_GAP(3).zip::BASE_V67.zip::BASE_V66.zip::BASE_V65.zip::BASE_V64.zip::v64/BASE_V63.zip::BASE_V62.zip::BASE_V61.zip::BASE_V60.zip::BASE_V59.zip::BASE_V58.zip::BASE_V57.zip::BASE_V56.zip::BASE_V55.zip,zip,fxmodereconciliationv55csv,13
FRONTERA_CICLO_AJUSTE_V68_PRIMARY_RECOVERY_AND_DISCLOSURE_GAP(3).zip,INTEREST_SECTOR_RECONCILIATION_V55.csv,INTEREST_SECTOR_RECONCILIATION_V55.csv,1148,1522993080,FRONTERA_CICLO_AJUSTE_V68_PRIMARY_RECOVERY_AND_DISCLOSURE_GAP(3).zip::BASE_V67.zip::BASE_V66.zip::BASE_V65.zip::BASE_V64.zip::v64/BASE_V63.zip::BASE_V62.zip::BASE_V61.zip::BASE_V60.zip::BASE_V59.zip::BASE_V58.zip::BASE_V57.zip::BASE_V56.zip::BASE_V55.zip,zip,interestsectorreconciliationv55csv,13
FRONTERA_CICLO_AJUSTE_V68_PRIMARY_RECOVERY_AND_DISCLOSURE_GAP(3).zip,MANIFEST_V55.json,MANIFEST_V55.json,727,4094365357,FRONTERA_CICLO_AJUSTE_V68_PRIMARY_RECOVERY_AND_DISCLOSURE_GAP(3).zip::BASE_V67.zip::BASE_V66.zip::BASE_V65.zip::BASE_V64.zip::v64/BASE_V63.zip::BASE_V62.zip::BASE_V61.zip::BASE_V60.zip::BASE_V59.zip::BASE_V58.zip::BASE_V57.zip::BASE_V56.zip::BASE_V55.zip,zip,manifestv55json,13
FRONTERA_CICLO_AJUSTE_V68_PRIMARY_RECOVERY_AND_DISCLOSURE_GAP(3).zip,PROMPT_CODEX_V56_SERIES_VALUES_AND_NIIF_BRIDGE.md,PROMPT_CODEX_V56_SERIES_VALUES_AND_NIIF_BRIDGE.md,2013,3247092477,FRONTERA_CICLO_AJUSTE_V68_PRIMARY_RECOVERY_AND_DISCLOSURE_GAP(3).zip::BASE_V67.zip::BASE_V66.zip::BASE_V65.zip::BASE_V64.zip::v64/BASE_V63.zip::BASE_V62.zip::BASE_V61.zip::BASE_V60.zip::BASE_V59.zip::BASE_V58.zip::BASE_V57.zip::BASE_V56.zip::BASE_V55.zip,zip,promptcodexv56seriesvaluesandniifbridgemd,13
FRONTERA_CICLO_AJUSTE_V68_PRIMARY_RECOVERY_AND_DISCLOSURE_GAP(3).zip,QA_RESULT_V55.txt,QA_RESULT_V55.txt,9,2796055921,FRONTERA_CICLO_AJUSTE_V68_PRIMARY_RECOVERY_AND_DISCLOSURE_GAP(3).zip::BASE_V67.zip::BASE_V66.zip::BASE_V65.zip::BASE_V64.zip::v64/BASE_V63.zip::BASE_V62.zip::BASE_V61.zip::BASE_V60.zip::BASE_V59.zip::BASE_V58.zip::BASE_V57.zip::BASE_V56.zip::BASE_V55.zip,zip,qaresultv55txt,13
FRONTERA_CICLO_AJUSTE_V68_PRIMARY_RECOVERY_AND_DISCLOSURE_GAP(3).zip,RAW_BYTES_MANIFEST_V55.csv,RAW_BYTES_MANIFEST_V55.csv,4441,3653712268,FRONTERA_CICLO_AJUSTE_V68_PRIMARY_RECOVERY_AND_DISCLOSURE_GAP(3).zip::BASE_V67.zip::BASE_V66.zip::BASE_V65.zip::BASE_V64.zip::v64/BASE_V63.zip::BASE_V62.zip::BASE_V61.zip::BASE_V60.zip::BASE_V59.zip::BASE_V58.zip::BASE_V57.zip::BASE_V56.zip::BASE_V55.zip,zip,rawbytesmanifestv55csv,13
FRONTERA_CICLO_AJUSTE_V68_PRIMARY_RECOVERY_AND_DISCLOSURE_GAP(3).zip,README_V55.md,README_V55.md,716,2765300277,FRONTERA_CICLO_AJUSTE_V68_PRIMARY_RECOVERY_AND_DISCLOSURE_GAP(3).zip::BASE_V67.zip::BASE_V66.zip::BASE_V65.zip::BASE_V64.zip::v64/BASE_V63.zip::BASE_V62.zip::BASE_V61.zip::BASE_V60.zip::BASE_V59.zip::BASE_V58.zip::BASE_V57.zip::BASE_V56.zip::BASE_V55.zip,zip,readmev55md,13
FRONTERA_CICLO_AJUSTE_V68_PRIMARY_RECOVERY_AND_DISCLOSURE_GAP(3).zip,SECURITIES_RECONCILIATION_V55.csv,SECURITIES_RECONCILIATION_V55.csv,942,84094729,FRONTERA_CICLO_AJUSTE_V68_PRIMARY_RECOVERY_AND_DISCLOSURE_GAP(3).zip::BASE_V67.zip::BASE_V66.zip::BASE_V65.zip::BASE_V64.zip::v64/BASE_V63.zip::BASE_V62.zip::BASE_V61.zip::BASE_V60.zip::BASE_V59.zip::BASE_V58.zip::BASE_V57.zip::BASE_V56.zip::BASE_V55.zip,zip,securitiesreconciliationv55csv,13
FRONTERA_CICLO_AJUSTE_V68_PRIMARY_RECOVERY_AND_DISCLOSURE_GAP(3).zip,SUBACCOUNT_DICTIONARY_V55.csv,SUBACCOUNT_DICTIONARY_V55.csv,15084,151416654,FRONTERA_CICLO_AJUSTE_V68_PRIMARY_RECOVERY_AND_DISCLOSURE_GAP(3).zip::BASE_V67.zip::BASE_V66.zip::BASE_V65.zip::BASE_V64.zip::v64/BASE_V63.zip::BASE_V62.zip::BASE_V61.zip::BASE_V60.zip::BASE_V59.zip::BASE_V58.zip::BASE_V57.zip::BASE_V56.zip::BASE_V55.zip,zip,subaccountdictionaryv55csv,13
FRONTERA_CICLO_AJUSTE_V68_PRIMARY_RECOVERY_AND_DISCLOSURE_GAP(3).zip,VEREDICTO_RECONCILIACION_V55.md,VEREDICTO_RECONCILIACION_V55.md,2726,243150298,FRONTERA_CICLO_AJUSTE_V68_PRIMARY_RECOVERY_AND_DISCLOSURE_GAP(3).zip::BASE_V67.zip::BASE_V66.zip::BASE_V65.zip::BASE_V64.zip::v64/BASE_V63.zip::BASE_V62.zip::BASE_V61.zip::BASE_V60.zip::BASE_V59.zip::BASE_V58.zip::BASE_V57.zip::BASE_V56.zip::BASE_V55.zip,zip,veredictoreconciliacionv55md,13
FRONTERA_CICLO_AJUSTE_V68_PRIMARY_RECOVERY_AND_DISCLOSURE_GAP(3).zip,qa_v55.py,qa_v55.py,1149,434940574,FRONTERA_CICLO_AJUSTE_V68_PRIMARY_RECOVERY_AND_DISCLOSURE_GAP(3).zip::BASE_V67.zip::BASE_V66.zip::BASE_V65.zip::BASE_V64.zip::v64/BASE_V63.zip::BASE_V62.zip::BASE_V61.zip::BASE_V60.zip::BASE_V59.zip::BASE_V58.zip::BASE_V57.zip::BASE_V56.zip::BASE_V55.zip,zip,qav55py,13
FRONTERA_CICLO_AJUSTE_V68_PRIMARY_RECOVERY_AND_DISCLOSURE_GAP(3).zip,raw_cache/es_series.txt,es_series.txt,5827774,748657357,FRONTERA_CICLO_AJUSTE_V68_PRIMARY_RECOVERY_AND_DISCLOSURE_GAP(3).zip::BASE_V67.zip::BASE_V66.zip::BASE_V65.zip::BASE_V64.zip::v64/BASE_V63.zip::BASE_V62.zip::BASE_V61.zip::BASE_V60.zip::BASE_V59.zip::BASE_V58.zip::BASE_V57.zip::BASE_V56.zip::BASE_V55.zip,zip,esseriestxt,13
FRONTERA_CICLO_AJUSTE_V68_PRIMARY_RECOVERY_AND_DISCLOSURE_GAP(3).zip,MANIFEST_V56.json,MANIFEST_V56.json,3938,1448856948,FRONTERA_CICLO_AJUSTE_V68_PRIMARY_RECOVERY_AND_DISCLOSURE_GAP(3).zip::BASE_V67.zip::BASE_V66.zip::BASE_V65.zip::BASE_V64.zip::v64/BASE_V63.zip::BASE_V62.zip::BASE_V61.zip::BASE_V60.zip::BASE_V59.zip::BASE_V58.zip::BASE_V57.zip::BASE_V56.zip,zip,manifestv56json,12
FRONTERA_CICLO_AJUSTE_V68_PRIMARY_RECOVERY_AND_DISCLOSURE_GAP(3).zip,qa_v56.py,qa_v56.py,2132,1137530503,FRONTERA_CICLO_AJUSTE_V68_PRIMARY_RECOVERY_AND_DISCLOSURE_GAP(3).zip::BASE_V67.zip::BASE_V66.zip::BASE_V65.zip::BASE_V64.zip::v64/BASE_V63.zip::BASE_V62.zip::BASE_V61.zip::BASE_V60.zip::BASE_V59.zip::BASE_V58.zip::BASE_V57.zip::BASE_V56.zip,zip,qav56py,12
FRONTERA_CICLO_AJUSTE_V68_PRIMARY_RECOVERY_AND_DISCLOSURE_GAP(3).zip,COUNTERPARTY_UPDATE_V56.csv,COUNTERPARTY_UPDATE_V56.csv,548,1491076668,FRONTERA_CICLO_AJUSTE_V68_PRIMARY_RECOVERY_AND_DISCLOSURE_GAP(3).zip::BASE_V67.zip::BASE_V66.zip::BASE_V65.zip::BASE_V64.zip::v64/BASE_V63.zip::BASE_V62.zip::BASE_V61.zip::BASE_V60.zip::BASE_V59.zip::BASE_V58.zip::BASE_V57.zip::BASE_V56.zip,zip,counterpartyupdatev56csv,12
FRONTERA_CICLO_AJUSTE_V68_PRIMARY_RECOVERY_AND_DISCLOSURE_GAP(3).zip,EVIDENCE_LEDGER_CICLO_AJUSTE_V56.csv,EVIDENCE_LEDGER_CICLO_AJUSTE_V56.csv,39312,3821271819,FRONTERA_CICLO_AJUSTE_V68_PRIMARY_RECOVERY_AND_DISCLOSURE_GAP(3).zip::BASE_V67.zip::BASE_V66.zip::BASE_V65.zip::BASE_V64.zip::v64/BASE_V63.zip::BASE_V62.zip::BASE_V61.zip::BASE_V60.zip::BASE_V59.zip::BASE_V58.zip::BASE_V57.zip::BASE_V56.zip,zip,evidenceledgercicloajustev56csv,12
FRONTERA_CICLO_AJUSTE_V68_PRIMARY_RECOVERY_AND_DISCLOSURE_GAP(3).zip,raw_cache/es_series.txt,es_series.txt,5827774,748657357,FRONTERA_CICLO_AJUSTE_V68_PRIMARY_RECOVERY_AND_DISCLOSURE_GAP(3).zip::BASE_V67.zip::BASE_V66.zip::BASE_V65.zip::BASE_V64.zip::v64/BASE_V63.zip::BASE_V62.zip::BASE_V61.zip::BASE_V60.zip::BASE_V59.zip::BASE_V58.zip::BASE_V57.zip::BASE_V56.zip,zip,esseriestxt,12
FRONTERA_CICLO_AJUSTE_V68_PRIMARY_RECOVERY_AND_DISCLOSURE_GAP(3).zip,raw_cache/Series_estadisticas.xlsx,Series_estadisticas.xlsx,1507855,1320633598,FRONTERA_CICLO_AJUSTE_V68_PRIMARY_RECOVERY_AND_DISCLOSURE_GAP(3).zip::BASE_V67.zip::BASE_V66.zip::BASE_V65.zip::BASE_V64.zip::v64/BASE_V63.zip::BASE_V62.zip::BASE_V61.zip::BASE_V60.zip::BASE_V59.zip::BASE_V58.zip::BASE_V57.zip::BASE_V56.zip,zip,seriesestadisticasxlsx,12
FRONTERA_CICLO_AJUSTE_V68_PRIMARY_RECOVERY_AND_DISCLOSURE_GAP(3).zip,ACCOUNT_EQUIVALENCE_NIIF_V56.csv,ACCOUNT_EQUIVALENCE_NIIF_V56.csv,18940,3566337282,FRONTERA_CICLO_AJUSTE_V68_PRIMARY_RECOVERY_AND_DISCLOSURE_GAP(3).zip::BASE_V67.zip::BASE_V66.zip::BASE_V65.zip::BASE_V64.zip::v64/BASE_V63.zip::BASE_V62.zip::BASE_V61.zip::BASE_V60.zip::BASE_V59.zip::BASE_V58.zip::BASE_V57.zip::BASE_V56.zip,zip,accountequivalenceniifv56csv,12
FRONTERA_CICLO_AJUSTE_V68_PRIMARY_RECOVERY_AND_DISCLOSURE_GAP(3).zip,fetch_bcra_v4_values.py,fetch_bcra_v4_values.py,1563,4258899431,FRONTERA_CICLO_AJUSTE_V68_PRIMARY_RECOVERY_AND_DISCLOSURE_GAP(3).zip::BASE_V67.zip::BASE_V66.zip::BASE_V65.zip::BASE_V64.zip::v64/BASE_V63.zip::BASE_V62.zip::BASE_V61.zip::BASE_V60.zip::BASE_V59.zip::BASE_V58.zip::BASE_V57.zip::BASE_V56.zip,zip,fetchbcrav4valuespy,12
FRONTERA_CICLO_AJUSTE_V68_PRIMARY_RECOVERY_AND_DISCLOSURE_GAP(3).zip,MONTHLY_SUBACCOUNT_VALUES_2023_V56.csv,MONTHLY_SUBACCOUNT_VALUES_2023_V56.csv,10137,2754513223,FRONTERA_CICLO_AJUSTE_V68_PRIMARY_RECOVERY_AND_DISCLOSURE_GAP(3).zip::BASE_V67.zip::BASE_V66.zip::BASE_V65.zip::BASE_V64.zip::v64/BASE_V63.zip::BASE_V62.zip::BASE_V61.zip::BASE_V60.zip::BASE_V59.zip::BASE_V58.zip::BASE_V57.zip::BASE_V56.zip,zip,monthlysubaccountvalues2023v56csv,12
FRONTERA_CICLO_AJUSTE_V68_PRIMARY_RECOVERY_AND_DISCLOSURE_GAP(3).zip,OFFICIAL_CATALOG_SLICE_V56.csv,OFFICIAL_CATALOG_SLICE_V56.csv,17529,2871997340,FRONTERA_CICLO_AJUSTE_V68_PRIMARY_RECOVERY_AND_DISCLOSURE_GAP(3).zip::BASE_V67.zip::BASE_V66.zip::BASE_V65.zip::BASE_V64.zip::v64/BASE_V63.zip::BASE_V62.zip::BASE_V61.zip::BASE_V60.zip::BASE_V59.zip::BASE_V58.zip::BASE_V57.zip::BASE_V56.zip,zip,officialcatalogslicev56csv,12
FRONTERA_CICLO_AJUSTE_V68_PRIMARY_RECOVERY_AND_DISCLOSURE_GAP(3).zip,VEREDICTO_V56.md,VEREDICTO_V56.md,1131,786628932,FRONTERA_CICLO_AJUSTE_V68_PRIMARY_RECOVERY_AND_DISCLOSURE_GAP(3).zip::BASE_V67.zip::BASE_V66.zip::BASE_V65.zip::BASE_V64.zip::v64/BASE_V63.zip::BASE_V62.zip::BASE_V61.zip::BASE_V60.zip::BASE_V59.zip::BASE_V58.zip::BASE_V57.zip::BASE_V56.zip,zip,veredictov56md,12
FRONTERA_CICLO_AJUSTE_V68_PRIMARY_RECOVERY_AND_DISCLOSURE_GAP(3).zip,COUNTERPARTY_UPDATE_V57.csv,COUNTERPARTY_UPDATE_V57.csv,782,2916305718,FRONTERA_CICLO_AJUSTE_V68_PRIMARY_RECOVERY_AND_DISCLOSURE_GAP(3).zip::BASE_V67.zip::BASE_V66.zip::BASE_V65.zip::BASE_V64.zip::v64/BASE_V63.zip::BASE_V62.zip::BASE_V61.zip::BASE_V60.zip::BASE_V59.zip::BASE_V58.zip::BASE_V57.zip,zip,counterpartyupdatev57csv,11
FRONTERA_CICLO_AJUSTE_V68_PRIMARY_RECOVERY_AND_DISCLOSURE_GAP(3).zip,EVIDENCE_LEDGER_CICLO_AJUSTE_V57.csv,EVIDENCE_LEDGER_CICLO_AJUSTE_V57.csv,41708,3650130693,FRONTERA_CICLO_AJUSTE_V68_PRIMARY_RECOVERY_AND_DISCLOSURE_GAP(3).zip::BASE_V67.zip::BASE_V66.zip::BASE_V65.zip::BASE_V64.zip::v64/BASE_V63.zip::BASE_V62.zip::BASE_V61.zip::BASE_V60.zip::BASE_V59.zip::BASE_V58.zip::BASE_V57.zip,zip,evidenceledgercicloajustev57csv,11
FRONTERA_CICLO_AJUSTE_V68_PRIMARY_RECOVERY_AND_DISCLOSURE_GAP(3).zip,FUENTES_V57.md,FUENTES_V57.md,2126,1816966930,FRONTERA_CICLO_AJUSTE_V68_PRIMARY_RECOVERY_AND_DISCLOSURE_GAP(3).zip::BASE_V67.zip::BASE_V66.zip::BASE_V65.zip::BASE_V64.zip::v64/BASE_V63.zip::BASE_V62.zip::BASE_V61.zip::BASE_V60.zip::BASE_V59.zip::BASE_V58.zip::BASE_V57.zip,zip,fuentesv57md,11
FRONTERA_CICLO_AJUSTE_V68_PRIMARY_RECOVERY_AND_DISCLOSURE_GAP(3).zip,IPC_RESTATEMENT_COEFFICIENTS_V57.csv,IPC_RESTATEMENT_COEFFICIENTS_V57.csv,735,2429051065,FRONTERA_CICLO_AJUSTE_V68_PRIMARY_RECOVERY_AND_DISCLOSURE_GAP(3).zip::BASE_V67.zip::BASE_V66.zip::BASE_V65.zip::BASE_V64.zip::v64/BASE_V63.zip::BASE_V62.zip::BASE_V61.zip::BASE_V60.zip::BASE_V59.zip::BASE_V58.zip::BASE_V57.zip,zip,ipcrestatementcoefficientsv57csv,11
FRONTERA_CICLO_AJUSTE_V68_PRIMARY_RECOVERY_AND_DISCLOSURE_GAP(3).zip,MANIFEST_V57.json,MANIFEST_V57.json,3226,3808868569,FRONTERA_CICLO_AJUSTE_V68_PRIMARY_RECOVERY_AND_DISCLOSURE_GAP(3).zip::BASE_V67.zip::BASE_V66.zip::BASE_V65.zip::BASE_V64.zip::v64/BASE_V63.zip::BASE_V62.zip::BASE_V61.zip::BASE_V60.zip::BASE_V59.zip::BASE_V58.zip::BASE_V57.zip,zip,manifestv57json,11
FRONTERA_CICLO_AJUSTE_V68_PRIMARY_RECOVERY_AND_DISCLOSURE_GAP(3).zip,MONTHLY_SUBACCOUNT_VALUES_2023_V57.csv,MONTHLY_SUBACCOUNT_VALUES_2023_V57.csv,25977,3395576089,FRONTERA_CICLO_AJUSTE_V68_PRIMARY_RECOVERY_AND_DISCLOSURE_GAP(3).zip::BASE_V67.zip::BASE_V66.zip::BASE_V65.zip::BASE_V64.zip::v64/BASE_V63.zip::BASE_V62.zip::BASE_V61.zip::BASE_V60.zip::BASE_V59.zip::BASE_V58.zip::BASE_V57.zip,zip,monthlysubaccountvalues2023v57csv,11
FRONTERA_CICLO_AJUSTE_V68_PRIMARY_RECOVERY_AND_DISCLOSURE_GAP(3).zip,NOMINAL_RECONCILIATION_V57.csv,NOMINAL_RECONCILIATION_V57.csv,5092,2497660867,FRONTERA_CICLO_AJUSTE_V68_PRIMARY_RECOVERY_AND_DISCLOSURE_GAP(3).zip::BASE_V67.zip::BASE_V66.zip::BASE_V65.zip::BASE_V64.zip::v64/BASE_V63.zip::BASE_V62.zip::BASE_V61.zip::BASE_V60.zip::BASE_V59.zip::BASE_V58.zip::BASE_V57.zip,zip,nominalreconciliationv57csv,11
FRONTERA_CICLO_AJUSTE_V68_PRIMARY_RECOVERY_AND_DISCLOSURE_GAP(3).zip,POST2020_ACCUMULATED_RESULTS_V57.csv,POST2020_ACCUMULATED_RESULTS_V57.csv,5395,589873153,FRONTERA_CICLO_AJUSTE_V68_PRIMARY_RECOVERY_AND_DISCLOSURE_GAP(3).zip::BASE_V67.zip::BASE_V66.zip::BASE_V65.zip::BASE_V64.zip::v64/BASE_V63.zip::BASE_V62.zip::BASE_V61.zip::BASE_V60.zip::BASE_V59.zip::BASE_V58.zip::BASE_V57.zip,zip,post2020accumulatedresultsv57csv,11
FRONTERA_CICLO_AJUSTE_V68_PRIMARY_RECOVERY_AND_DISCLOSURE_GAP(3).zip,PP_TARGET_RECONCILIATION_V57.csv,PP_TARGET_RECONCILIATION_V57.csv,1495,817158950,FRONTERA_CICLO_AJUSTE_V68_PRIMARY_RECOVERY_AND_DISCLOSURE_GAP(3).zip::BASE_V67.zip::BASE_V66.zip::BASE_V65.zip::BASE_V64.zip::v64/BASE_V63.zip::BASE_V62.zip::BASE_V61.zip::BASE_V60.zip::BASE_V59.zip::BASE_V58.zip::BASE_V57.zip,zip,pptargetreconciliationv57csv,11
FRONTERA_CICLO_AJUSTE_V68_PRIMARY_RECOVERY_AND_DISCLOSURE_GAP(3).zip,PROMPT_CODEX_V58_MODERN_XLSX_SUBACCOUNT_BRIDGE.md,PROMPT_CODEX_V58_MODERN_XLSX_SUBACCOUNT_BRIDGE.md,2340,2934801191,FRONTERA_CICLO_AJUSTE_V68_PRIMARY_RECOVERY_AND_DISCLOSURE_GAP(3).zip::BASE_V67.zip::BASE_V66.zip::BASE_V65.zip::BASE_V64.zip::v64/BASE_V63.zip::BASE_V62.zip::BASE_V61.zip::BASE_V60.zip::BASE_V59.zip::BASE_V58.zip::BASE_V57.zip,zip,promptcodexv58modernxlsxsubaccountbridgemd,11
FRONTERA_CICLO_AJUSTE_V68_PRIMARY_RECOVERY_AND_DISCLOSURE_GAP(3).zip,PUBLICATION_REGIME_CORRECTION_V57.csv,PUBLICATION_REGIME_CORRECTION_V57.csv,1047,489099765,FRONTERA_CICLO_AJUSTE_V68_PRIMARY_RECOVERY_AND_DISCLOSURE_GAP(3).zip::BASE_V67.zip::BASE_V66.zip::BASE_V65.zip::BASE_V64.zip::v64/BASE_V63.zip::BASE_V62.zip::BASE_V61.zip::BASE_V60.zip::BASE_V59.zip::BASE_V58.zip::BASE_V57.zip,zip,publicationregimecorrectionv57csv,11
FRONTERA_CICLO_AJUSTE_V68_PRIMARY_RECOVERY_AND_DISCLOSURE_GAP(3).zip,QA_RESULT_V57.txt,QA_RESULT_V57.txt,5,3256905966,FRONTERA_CICLO_AJUSTE_V68_PRIMARY_RECOVERY_AND_DISCLOSURE_GAP(3).zip::BASE_V67.zip::BASE_V66.zip::BASE_V65.zip::BASE_V64.zip::v64/BASE_V63.zip::BASE_V62.zip::BASE_V61.zip::BASE_V60.zip::BASE_V59.zip::BASE_V58.zip::BASE_V57.zip,zip,qaresultv57txt,11
FRONTERA_CICLO_AJUSTE_V68_PRIMARY_RECOVERY_AND_DISCLOSURE_GAP(3).zip,RAW_API_MANIFEST_V57.csv,RAW_API_MANIFEST_V57.csv,2703,2211353470,FRONTERA_CICLO_AJUSTE_V68_PRIMARY_RECOVERY_AND_DISCLOSURE_GAP(3).zip::BASE_V67.zip::BASE_V66.zip::BASE_V65.zip::BASE_V64.zip::v64/BASE_V63.zip::BASE_V62.zip::BASE_V61.zip::BASE_V60.zip::BASE_V59.zip::BASE_V58.zip::BASE_V57.zip,zip,rawapimanifestv57csv,11
FRONTERA_CICLO_AJUSTE_V68_PRIMARY_RECOVERY_AND_DISCLOSURE_GAP(3).zip,README_V57.md,README_V57.md,704,3216325338,FRONTERA_CICLO_AJUSTE_V68_PRIMARY_RECOVERY_AND_DISCLOSURE_GAP(3).zip::BASE_V67.zip::BASE_V66.zip::BASE_V65.zip::BASE_V64.zip::v64/BASE_V63.zip::BASE_V62.zip::BASE_V61.zip::BASE_V60.zip::BASE_V59.zip::BASE_V58.zip::BASE_V57.zip,zip,readmev57md,11
FRONTERA_CICLO_AJUSTE_V68_PRIMARY_RECOVERY_AND_DISCLOSURE_GAP(3).zip,VEREDICTO_V57.md,VEREDICTO_V57.md,1172,2202516161,FRONTERA_CICLO_AJUSTE_V68_PRIMARY_RECOVERY_AND_DISCLOSURE_GAP(3).zip::BASE_V67.zip::BASE_V66.zip::BASE_V65.zip::BASE_V64.zip::v64/BASE_V63.zip::BASE_V62.zip::BASE_V61.zip::BASE_V60.zip::BASE_V59.zip::BASE_V58.zip::BASE_V57.zip,zip,veredictov57md,11
FRONTERA_CICLO_AJUSTE_V68_PRIMARY_RECOVERY_AND_DISCLOSURE_GAP(3).zip,qa_v57.py,qa_v57.py,1568,1949318899,FRONTERA_CICLO_AJUSTE_V68_PRIMARY_RECOVERY_AND_DISCLOSURE_GAP(3).zip::BASE_V67.zip::BASE_V66.zip::BASE_V65.zip::BASE_V64.zip::v64/BASE_V63.zip::BASE_V62.zip::BASE_V61.zip::BASE_V60.zip::BASE_V59.zip::BASE_V58.zip::BASE_V57.zip,zip,qav57py,11
FRONTERA_CICLO_AJUSTE_V68_PRIMARY_RECOVERY_AND_DISCLOSURE_GAP(3).zip,FX_CER_PASSES_BRIDGE_V58.csv,FX_CER_PASSES_BRIDGE_V58.csv,669,2202966174,FRONTERA_CICLO_AJUSTE_V68_PRIMARY_RECOVERY_AND_DISCLOSURE_GAP(3).zip::BASE_V67.zip::BASE_V66.zip::BASE_V65.zip::BASE_V64.zip::v64/BASE_V63.zip::BASE_V62.zip::BASE_V61.zip::BASE_V60.zip::BASE_V59.zip::BASE_V58.zip,zip,fxcerpassesbridgev58csv,10
FRONTERA_CICLO_AJUSTE_V68_PRIMARY_RECOVERY_AND_DISCLOSURE_GAP(3).zip,MODERN_SOURCE_SHEET_MAP_V58.csv,MODERN_SOURCE_SHEET_MAP_V58.csv,1848,2207996523,FRONTERA_CICLO_AJUSTE_V68_PRIMARY_RECOVERY_AND_DISCLOSURE_GAP(3).zip::BASE_V67.zip::BASE_V66.zip::BASE_V65.zip::BASE_V64.zip::v64/BASE_V63.zip::BASE_V62.zip::BASE_V61.zip::BASE_V60.zip::BASE_V59.zip::BASE_V58.zip,zip,modernsourcesheetmapv58csv,10
FRONTERA_CICLO_AJUSTE_V68_PRIMARY_RECOVERY_AND_DISCLOSURE_GAP(3).zip,VEREDICTO_V58.md,VEREDICTO_V58.md,1255,2498405922,FRONTERA_CICLO_AJUSTE_V68_PRIMARY_RECOVERY_AND_DISCLOSURE_GAP(3).zip::BASE_V67.zip::BASE_V66.zip::BASE_V65.zip::BASE_V64.zip::v64/BASE_V63.zip::BASE_V62.zip::BASE_V61.zip::BASE_V60.zip::BASE_V59.zip::BASE_V58.zip,zip,veredictov58md,10
FRONTERA_CICLO_AJUSTE_V68_PRIMARY_RECOVERY_AND_DISCLOSURE_GAP(3).zip,FUENTES_V58.md,FUENTES_V58.md,2826,4167207868,FRONTERA_CICLO_AJUSTE_V68_PRIMARY_RECOVERY_AND_DISCLOSURE_GAP(3).zip::BASE_V67.zip::BASE_V66.zip::BASE_V65.zip::BASE_V64.zip::v64/BASE_V63.zip::BASE_V62.zip::BASE_V61.zip::BASE_V60.zip::BASE_V59.zip::BASE_V58.zip,zip,fuentesv58md,10
FRONTERA_CICLO_AJUSTE_V68_PRIMARY_RECOVERY_AND_DISCLOSURE_GAP(3).zip,COUNTERPARTY_UPDATE_V58.csv,COUNTERPARTY_UPDATE_V58.csv,695,3693839775,FRONTERA_CICLO_AJUSTE_V68_PRIMARY_RECOVERY_AND_DISCLOSURE_GAP(3).zip::BASE_V67.zip::BASE_V66.zip::BASE_V65.zip::BASE_V64.zip::v64/BASE_V63.zip::BASE_V62.zip::BASE_V61.zip::BASE_V60.zip::BASE_V59.zip::BASE_V58.zip,zip,counterpartyupdatev58csv,10
FRONTERA_CICLO_AJUSTE_V68_PRIMARY_RECOVERY_AND_DISCLOSURE_GAP(3).zip,EVIDENCE_LEDGER_CICLO_AJUSTE_V58.csv,EVIDENCE_LEDGER_CICLO_AJUSTE_V58.csv,43221,25991159,FRONTERA_CICLO_AJUSTE_V68_PRIMARY_RECOVERY_AND_DISCLOSURE_GAP(3).zip::BASE_V67.zip::BASE_V66.zip::BASE_V65.zip::BASE_V64.zip::v64/BASE_V63.zip::BASE_V62.zip::BASE_V61.zip::BASE_V60.zip::BASE_V59.zip::BASE_V58.zip,zip,evidenceledgercicloajustev58csv,10
FRONTERA_CICLO_AJUSTE_V68_PRIMARY_RECOVERY_AND_DISCLOSURE_GAP(3).zip,QA_RESULT_V58.txt,QA_RESULT_V58.txt,5,3256905966,FRONTERA_CICLO_AJUSTE_V68_PRIMARY_RECOVERY_AND_DISCLOSURE_GAP(3).zip::BASE_V67.zip::BASE_V66.zip::BASE_V65.zip::BASE_V64.zip::v64/BASE_V63.zip::BASE_V62.zip::BASE_V61.zip::BASE_V60.zip::BASE_V59.zip::BASE_V58.zip,zip,qaresultv58txt,10
FRONTERA_CICLO_AJUSTE_V68_PRIMARY_RECOVERY_AND_DISCLOSURE_GAP(3).zip,INTEREST_FLOW_SECTOR_BRIDGE_V58.csv,INTEREST_FLOW_SECTOR_BRIDGE_V58.csv,839,2939175568,FRONTERA_CICLO_AJUSTE_V68_PRIMARY_RECOVERY_AND_DISCLOSURE_GAP(3).zip::BASE_V67.zip::BASE_V66.zip::BASE_V65.zip::BASE_V64.zip::v64/BASE_V63.zip::BASE_V62.zip::BASE_V61.zip::BASE_V60.zip::BASE_V59.zip::BASE_V58.zip,zip,interestflowsectorbridgev58csv,10
FRONTERA_CICLO_AJUSTE_V68_PRIMARY_RECOVERY_AND_DISCLOSURE_GAP(3).zip,README_V58.md,README_V58.md,604,3045899320,FRONTERA_CICLO_AJUSTE_V68_PRIMARY_RECOVERY_AND_DISCLOSURE_GAP(3).zip::BASE_V67.zip::BASE_V66.zip::BASE_V65.zip::BASE_V64.zip::v64/BASE_V63.zip::BASE_V62.zip::BASE_V61.zip::BASE_V60.zip::BASE_V59.zip::BASE_V58.zip,zip,readmev58md,10
FRONTERA_CICLO_AJUSTE_V68_PRIMARY_RECOVERY_AND_DISCLOSURE_GAP(3).zip,RAW_MODERN_XLSX_MANIFEST_V58.csv,RAW_MODERN_XLSX_MANIFEST_V58.csv,1529,2552249829,FRONTERA_CICLO_AJUSTE_V68_PRIMARY_RECOVERY_AND_DISCLOSURE_GAP(3).zip::BASE_V67.zip::BASE_V66.zip::BASE_V65.zip::BASE_V64.zip::v64/BASE_V63.zip::BASE_V62.zip::BASE_V61.zip::BASE_V60.zip::BASE_V59.zip::BASE_V58.zip,zip,rawmodernxlsxmanifestv58csv,10
FRONTERA_CICLO_AJUSTE_V68_PRIMARY_RECOVERY_AND_DISCLOSURE_GAP(3).zip,qa_v58.py,qa_v58.py,1537,4031334256,FRONTERA_CICLO_AJUSTE_V68_PRIMARY_RECOVERY_AND_DISCLOSURE_GAP(3).zip::BASE_V67.zip::BASE_V66.zip::BASE_V65.zip::BASE_V64.zip::v64/BASE_V63.zip::BASE_V62.zip::BASE_V61.zip::BASE_V60.zip::BASE_V59.zip::BASE_V58.zip,zip,qav58py,10
FRONTERA_CICLO_AJUSTE_V68_PRIMARY_RECOVERY_AND_DISCLOSURE_GAP(3).zip,PROMPT_CODEX_V59_ENTITY_LEVEL_REAL_MARGIN_BRIDGE.md,PROMPT_CODEX_V59_ENTITY_LEVEL_REAL_MARGIN_BRIDGE.md,2472,3660409110,FRONTERA_CICLO_AJUSTE_V68_PRIMARY_RECOVERY_AND_DISCLOSURE_GAP(3).zip::BASE_V67.zip::BASE_V66.zip::BASE_V65.zip::BASE_V64.zip::v64/BASE_V63.zip::BASE_V62.zip::BASE_V61.zip::BASE_V60.zip::BASE_V59.zip::BASE_V58.zip,zip,promptcodexv59entitylevelrealmarginbridgemd,10
FRONTERA_CICLO_AJUSTE_V68_PRIMARY_RECOVERY_AND_DISCLOSURE_GAP(3).zip,AUDITORIA_V58.md,AUDITORIA_V58.md,3346,2630045207,FRONTERA_CICLO_AJUSTE_V68_PRIMARY_RECOVERY_AND_DISCLOSURE_GAP(3).zip::BASE_V67.zip::BASE_V66.zip::BASE_V65.zip::BASE_V64.zip::v64/BASE_V63.zip::BASE_V62.zip::BASE_V61.zip::BASE_V60.zip::BASE_V59.zip::BASE_V58.zip,zip,auditoriav58md,10
FRONTERA_CICLO_AJUSTE_V68_PRIMARY_RECOVERY_AND_DISCLOSURE_GAP(3).zip,MANIFEST_V58.json,MANIFEST_V58.json,878,2063404822,FRONTERA_CICLO_AJUSTE_V68_PRIMARY_RECOVERY_AND_DISCLOSURE_GAP(3).zip::BASE_V67.zip::BASE_V66.zip::BASE_V65.zip::BASE_V64.zip::v64/BASE_V63.zip::BASE_V62.zip::BASE_V61.zip::BASE_V60.zip::BASE_V59.zip::BASE_V58.zip,zip,manifestv58json,10
FRONTERA_CICLO_AJUSTE_V68_PRIMARY_RECOVERY_AND_DISCLOSURE_GAP(3).zip,SECURITIES_ISSUER_RESULT_BRIDGE_V58.csv,SECURITIES_ISSUER_RESULT_BRIDGE_V58.csv,981,2991295667,FRONTERA_CICLO_AJUSTE_V68_PRIMARY_RECOVERY_AND_DISCLOSURE_GAP(3).zip::BASE_V67.zip::BASE_V66.zip::BASE_V65.zip::BASE_V64.zip::v64/BASE_V63.zip::BASE_V62.zip::BASE_V61.zip::BASE_V60.zip::BASE_V59.zip::BASE_V58.zip,zip,securitiesissuerresultbridgev58csv,10
FRONTERA_CICLO_AJUSTE_V68_PRIMARY_RECOVERY_AND_DISCLOSURE_GAP(3).zip,QA_RESULT_V59.txt,QA_RESULT_V59.txt,5,3256905966,FRONTERA_CICLO_AJUSTE_V68_PRIMARY_RECOVERY_AND_DISCLOSURE_GAP(3).zip::BASE_V67.zip::BASE_V66.zip::BASE_V65.zip::BASE_V64.zip::v64/BASE_V63.zip::BASE_V62.zip::BASE_V61.zip::BASE_V60.zip::BASE_V59.zip,zip,qaresultv59txt,9
FRONTERA_CICLO_AJUSTE_V68_PRIMARY_RECOVERY_AND_DISCLOSURE_GAP(3).zip,PROMPT_CODEX_V60_ANNUAL_AQ_SYSTEM_RECONCILIATION.md,PROMPT_CODEX_V60_ANNUAL_AQ_SYSTEM_RECONCILIATION.md,2721,2357846522,FRONTERA_CICLO_AJUSTE_V68_PRIMARY_RECOVERY_AND_DISCLOSURE_GAP(3).zip::BASE_V67.zip::BASE_V66.zip::BASE_V65.zip::BASE_V64.zip::v64/BASE_V63.zip::BASE_V62.zip::BASE_V61.zip::BASE_V60.zip::BASE_V59.zip,zip,promptcodexv60annualaqsystemreconciliationmd,9
FRONTERA_CICLO_AJUSTE_V68_PRIMARY_RECOVERY_AND_DISCLOSURE_GAP(3).zip,EVIDENCE_LEDGER_CICLO_AJUSTE_V59.csv,EVIDENCE_LEDGER_CICLO_AJUSTE_V59.csv,45300,2905811972,FRONTERA_CICLO_AJUSTE_V68_PRIMARY_RECOVERY_AND_DISCLOSURE_GAP(3).zip::BASE_V67.zip::BASE_V66.zip::BASE_V65.zip::BASE_V64.zip::v64/BASE_V63.zip::BASE_V62.zip::BASE_V61.zip::BASE_V60.zip::BASE_V59.zip,zip,evidenceledgercicloajustev59csv,9
FRONTERA_CICLO_AJUSTE_V68_PRIMARY_RECOVERY_AND_DISCLOSURE_GAP(3).zip,qa_v59.py,qa_v59.py,1599,990225047,FRONTERA_CICLO_AJUSTE_V68_PRIMARY_RECOVERY_AND_DISCLOSURE_GAP(3).zip::BASE_V67.zip::BASE_V66.zip::BASE_V65.zip::BASE_V64.zip::v64/BASE_V63.zip::BASE_V62.zip::BASE_V61.zip::BASE_V60.zip::BASE_V59.zip,zip,qav59py,9
FRONTERA_CICLO_AJUSTE_V68_PRIMARY_RECOVERY_AND_DISCLOSURE_GAP(3).zip,AUDITORIA_V59.md,AUDITORIA_V59.md,6227,970565096,FRONTERA_CICLO_AJUSTE_V68_PRIMARY_RECOVERY_AND_DISCLOSURE_GAP(3).zip::BASE_V67.zip::BASE_V66.zip::BASE_V65.zip::BASE_V64.zip::v64/BASE_V63.zip::BASE_V62.zip::BASE_V61.zip::BASE_V60.zip::BASE_V59.zip,zip,auditoriav59md,9
FRONTERA_CICLO_AJUSTE_V68_PRIMARY_RECOVERY_AND_DISCLOSURE_GAP(3).zip,COUNTERPARTY_UPDATE_V59.csv,COUNTERPARTY_UPDATE_V59.csv,1111,661044847,FRONTERA_CICLO_AJUSTE_V68_PRIMARY_RECOVERY_AND_DISCLOSURE_GAP(3).zip::BASE_V67.zip::BASE_V66.zip::BASE_V65.zip::BASE_V64.zip::v64/BASE_V63.zip::BASE_V62.zip::BASE_V61.zip::BASE_V60.zip::BASE_V59.zip,zip,counterpartyupdatev59csv,9
FRONTERA_CICLO_AJUSTE_V68_PRIMARY_RECOVERY_AND_DISCLOSURE_GAP(3).zip,FX_CER_PASSES_FLOW_V59.csv,FX_CER_PASSES_FLOW_V59.csv,1003,2808764338,FRONTERA_CICLO_AJUSTE_V68_PRIMARY_RECOVERY_AND_DISCLOSURE_GAP(3).zip::BASE_V67.zip::BASE_V66.zip::BASE_V65.zip::BASE_V64.zip::v64/BASE_V63.zip::BASE_V62.zip::BASE_V61.zip::BASE_V60.zip::BASE_V59.zip,zip,fxcerpassesflowv59csv,9
FRONTERA_CICLO_AJUSTE_V68_PRIMARY_RECOVERY_AND_DISCLOSURE_GAP(3).zip,FUENTES_V59.md,FUENTES_V59.md,1815,1602664242,FRONTERA_CICLO_AJUSTE_V68_PRIMARY_RECOVERY_AND_DISCLOSURE_GAP(3).zip::BASE_V67.zip::BASE_V66.zip::BASE_V65.zip::BASE_V64.zip::v64/BASE_V63.zip::BASE_V62.zip::BASE_V61.zip::BASE_V60.zip::BASE_V59.zip,zip,fuentesv59md,9
FRONTERA_CICLO_AJUSTE_V68_PRIMARY_RECOVERY_AND_DISCLOSURE_GAP(3).zip,POST_NIIF_SUBACCOUNT_MAP_V59.csv,POST_NIIF_SUBACCOUNT_MAP_V59.csv,3652,3459050816,FRONTERA_CICLO_AJUSTE_V68_PRIMARY_RECOVERY_AND_DISCLOSURE_GAP(3).zip::BASE_V67.zip::BASE_V66.zip::BASE_V65.zip::BASE_V64.zip::v64/BASE_V63.zip::BASE_V62.zip::BASE_V61.zip::BASE_V60.zip::BASE_V59.zip,zip,postniifsubaccountmapv59csv,9
FRONTERA_CICLO_AJUSTE_V68_PRIMARY_RECOVERY_AND_DISCLOSURE_GAP(3).zip,COUNTERPARTY_UPDATE_V60.csv,COUNTERPARTY_UPDATE_V60.csv,1036,3895427239,FRONTERA_CICLO_AJUSTE_V68_PRIMARY_RECOVERY_AND_DISCLOSURE_GAP(3).zip::BASE_V67.zip::BASE_V66.zip::BASE_V65.zip::BASE_V64.zip::v64/BASE_V63.zip::BASE_V62.zip::BASE_V61.zip::BASE_V60.zip,zip,counterpartyupdatev60csv,8
FRONTERA_CICLO_AJUSTE_V68_PRIMARY_RECOVERY_AND_DISCLOSURE_GAP(3).zip,ENTITY_Q4_AQ_BRIDGE_V60.csv,ENTITY_Q4_AQ_BRIDGE_V60.csv,2617,695357644,FRONTERA_CICLO_AJUSTE_V68_PRIMARY_RECOVERY_AND_DISCLOSURE_GAP(3).zip::BASE_V67.zip::BASE_V66.zip::BASE_V65.zip::BASE_V64.zip::v64/BASE_V63.zip::BASE_V62.zip::BASE_V61.zip::BASE_V60.zip,zip,entityq4aqbridgev60csv,8
FRONTERA_CICLO_AJUSTE_V68_PRIMARY_RECOVERY_AND_DISCLOSURE_GAP(3).zip,EVIDENCE_LEDGER_CICLO_AJUSTE_V60.csv,EVIDENCE_LEDGER_CICLO_AJUSTE_V60.csv,45977,321594245,FRONTERA_CICLO_AJUSTE_V68_PRIMARY_RECOVERY_AND_DISCLOSURE_GAP(3).zip::BASE_V67.zip::BASE_V66.zip::BASE_V65.zip::BASE_V64.zip::v64/BASE_V63.zip::BASE_V62.zip::BASE_V61.zip::BASE_V60.zip,zip,evidenceledgercicloajustev60csv,8
FRONTERA_CICLO_AJUSTE_V68_PRIMARY_RECOVERY_AND_DISCLOSURE_GAP(3).zip,FUENTES_V60.md,FUENTES_V60.md,456,3010152713,FRONTERA_CICLO_AJUSTE_V68_PRIMARY_RECOVERY_AND_DISCLOSURE_GAP(3).zip::BASE_V67.zip::BASE_V66.zip::BASE_V65.zip::BASE_V64.zip::v64/BASE_V63.zip::BASE_V62.zip::BASE_V61.zip::BASE_V60.zip,zip,fuentesv60md,8
FRONTERA_CICLO_AJUSTE_V68_PRIMARY_RECOVERY_AND_DISCLOSURE_GAP(3).zip,HOUSEHOLD_LIKE_INTEREST_ANNUAL_V60.csv,HOUSEHOLD_LIKE_INTEREST_ANNUAL_V60.csv,824,1360227913,FRONTERA_CICLO_AJUSTE_V68_PRIMARY_RECOVERY_AND_DISCLOSURE_GAP(3).zip::BASE_V67.zip::BASE_V66.zip::BASE_V65.zip::BASE_V64.zip::v64/BASE_V63.zip::BASE_V62.zip::BASE_V61.zip::BASE_V60.zip,zip,householdlikeinterestannualv60csv,8
FRONTERA_CICLO_AJUSTE_V68_PRIMARY_RECOVERY_AND_DISCLOSURE_GAP(3).zip,IPC_REEXPRESSION_V60.csv,IPC_REEXPRESSION_V60.csv,171,2507692037,FRONTERA_CICLO_AJUSTE_V68_PRIMARY_RECOVERY_AND_DISCLOSURE_GAP(3).zip::BASE_V67.zip::BASE_V66.zip::BASE_V65.zip::BASE_V64.zip::v64/BASE_V63.zip::BASE_V62.zip::BASE_V61.zip::BASE_V60.zip,zip,ipcreexpressionv60csv,8
FRONTERA_CICLO_AJUSTE_V68_PRIMARY_RECOVERY_AND_DISCLOSURE_GAP(3).zip,MANIFEST_V60.json,MANIFEST_V60.json,3572,4065991227,FRONTERA_CICLO_AJUSTE_V68_PRIMARY_RECOVERY_AND_DISCLOSURE_GAP(3).zip::BASE_V67.zip::BASE_V66.zip::BASE_V65.zip::BASE_V64.zip::v64/BASE_V63.zip::BASE_V62.zip::BASE_V61.zip::BASE_V60.zip,zip,manifestv60json,8
FRONTERA_CICLO_AJUSTE_V68_PRIMARY_RECOVERY_AND_DISCLOSURE_GAP(3).zip,PASS_COUNTERPARTY_FALSIFIER_V60.csv,PASS_COUNTERPARTY_FALSIFIER_V60.csv,844,3542592508,FRONTERA_CICLO_AJUSTE_V68_PRIMARY_RECOVERY_AND_DISCLOSURE_GAP(3).zip::BASE_V67.zip::BASE_V66.zip::BASE_V65.zip::BASE_V64.zip::v64/BASE_V63.zip::BASE_V62.zip::BASE_V61.zip::BASE_V60.zip,zip,passcounterpartyfalsifierv60csv,8
FRONTERA_CICLO_AJUSTE_V68_PRIMARY_RECOVERY_AND_DISCLOSURE_GAP(3).zip,PROMPT_CODEX_V61_SYSTEM_Q4_AQ_COVERAGE_AND_PASS_NETTING.md,PROMPT_CODEX_V61_SYSTEM_Q4_AQ_COVERAGE_AND_PASS_NETTING.md,848,3347385940,FRONTERA_CICLO_AJUSTE_V68_PRIMARY_RECOVERY_AND_DISCLOSURE_GAP(3).zip::BASE_V67.zip::BASE_V66.zip::BASE_V65.zip::BASE_V64.zip::v64/BASE_V63.zip::BASE_V62.zip::BASE_V61.zip::BASE_V60.zip,zip,promptcodexv61systemq4aqcoverageandpassnettingmd,8
FRONTERA_CICLO_AJUSTE_V68_PRIMARY_RECOVERY_AND_DISCLOSURE_GAP(3).zip,QA_RESULT_V60.txt,QA_RESULT_V60.txt,5,3256905966,FRONTERA_CICLO_AJUSTE_V68_PRIMARY_RECOVERY_AND_DISCLOSURE_GAP(3).zip::BASE_V67.zip::BASE_V66.zip::BASE_V65.zip::BASE_V64.zip::v64/BASE_V63.zip::BASE_V62.zip::BASE_V61.zip::BASE_V60.zip,zip,qaresultv60txt,8
FRONTERA_CICLO_AJUSTE_V68_PRIMARY_RECOVERY_AND_DISCLOSURE_GAP(3).zip,RAW_ENTITY_2023_MANIFEST_V60.csv,RAW_ENTITY_2023_MANIFEST_V60.csv,500,1466823452,FRONTERA_CICLO_AJUSTE_V68_PRIMARY_RECOVERY_AND_DISCLOSURE_GAP(3).zip::BASE_V67.zip::BASE_V66.zip::BASE_V65.zip::BASE_V64.zip::v64/BASE_V63.zip::BASE_V62.zip::BASE_V61.zip::BASE_V60.zip,zip,rawentity2023manifestv60csv,8
FRONTERA_CICLO_AJUSTE_V68_PRIMARY_RECOVERY_AND_DISCLOSURE_GAP(3).zip,README_V60.md,README_V60.md,297,2936266435,FRONTERA_CICLO_AJUSTE_V68_PRIMARY_RECOVERY_AND_DISCLOSURE_GAP(3).zip::BASE_V67.zip::BASE_V66.zip::BASE_V65.zip::BASE_V64.zip::v64/BASE_V63.zip::BASE_V62.zip::BASE_V61.zip::BASE_V60.zip,zip,readmev60md,8
FRONTERA_CICLO_AJUSTE_V68_PRIMARY_RECOVERY_AND_DISCLOSURE_GAP(3).zip,SECURITIES_PUBLIC_ISSUER_GATE_V60.csv,SECURITIES_PUBLIC_ISSUER_GATE_V60.csv,586,3902737956,FRONTERA_CICLO_AJUSTE_V68_PRIMARY_RECOVERY_AND_DISCLOSURE_GAP(3).zip::BASE_V67.zip::BASE_V66.zip::BASE_V65.zip::BASE_V64.zip::v64/BASE_V63.zip::BASE_V62.zip::BASE_V61.zip::BASE_V60.zip,zip,securitiespublicissuergatev60csv,8
FRONTERA_CICLO_AJUSTE_V68_PRIMARY_RECOVERY_AND_DISCLOSURE_GAP(3).zip,VEREDICTO_V60.md,VEREDICTO_V60.md,754,2483816971,FRONTERA_CICLO_AJUSTE_V68_PRIMARY_RECOVERY_AND_DISCLOSURE_GAP(3).zip::BASE_V67.zip::BASE_V66.zip::BASE_V65.zip::BASE_V64.zip::v64/BASE_V63.zip::BASE_V62.zip::BASE_V61.zip::BASE_V60.zip,zip,veredictov60md,8
FRONTERA_CICLO_AJUSTE_V68_PRIMARY_RECOVERY_AND_DISCLOSURE_GAP(3).zip,qa_v60.py,qa_v60.py,1094,326113959,FRONTERA_CICLO_AJUSTE_V68_PRIMARY_RECOVERY_AND_DISCLOSURE_GAP(3).zip::BASE_V67.zip::BASE_V66.zip::BASE_V65.zip::BASE_V64.zip::v64/BASE_V63.zip::BASE_V62.zip::BASE_V61.zip::BASE_V60.zip,zip,qav60py,8
FRONTERA_CICLO_AJUSTE_V68_PRIMARY_RECOVERY_AND_DISCLOSURE_GAP(3).zip,COUNTERPARTY_UPDATE_V61.csv,COUNTERPARTY_UPDATE_V61.csv,1120,3481983767,FRONTERA_CICLO_AJUSTE_V68_PRIMARY_RECOVERY_AND_DISCLOSURE_GAP(3).zip::BASE_V67.zip::BASE_V66.zip::BASE_V65.zip::BASE_V64.zip::v64/BASE_V63.zip::BASE_V62.zip::BASE_V61.zip,zip,counterpartyupdatev61csv,7
FRONTERA_CICLO_AJUSTE_V68_PRIMARY_RECOVERY_AND_DISCLOSURE_GAP(3).zip,ENTITY_COVERAGE_V61.csv,ENTITY_COVERAGE_V61.csv,1414,2924937209,FRONTERA_CICLO_AJUSTE_V68_PRIMARY_RECOVERY_AND_DISCLOSURE_GAP(3).zip::BASE_V67.zip::BASE_V66.zip::BASE_V65.zip::BASE_V64.zip::v64/BASE_V63.zip::BASE_V62.zip::BASE_V61.zip,zip,entitycoveragev61csv,7
FRONTERA_CICLO_AJUSTE_V68_PRIMARY_RECOVERY_AND_DISCLOSURE_GAP(3).zip,ENTITY_Q4_AQ_SYSTEM_SAMPLE_V61.csv,ENTITY_Q4_AQ_SYSTEM_SAMPLE_V61.csv,1070,3456547457,FRONTERA_CICLO_AJUSTE_V68_PRIMARY_RECOVERY_AND_DISCLOSURE_GAP(3).zip::BASE_V67.zip::BASE_V66.zip::BASE_V65.zip::BASE_V64.zip::v64/BASE_V63.zip::BASE_V62.zip::BASE_V61.zip,zip,entityq4aqsystemsamplev61csv,7
FRONTERA_CICLO_AJUSTE_V68_PRIMARY_RECOVERY_AND_DISCLOSURE_GAP(3).zip,EVIDENCE_LEDGER_CICLO_AJUSTE_V61.csv,EVIDENCE_LEDGER_CICLO_AJUSTE_V61.csv,46673,3069909082,FRONTERA_CICLO_AJUSTE_V68_PRIMARY_RECOVERY_AND_DISCLOSURE_GAP(3).zip::BASE_V67.zip::BASE_V66.zip::BASE_V65.zip::BASE_V64.zip::v64/BASE_V63.zip::BASE_V62.zip::BASE_V61.zip,zip,evidenceledgercicloajustev61csv,7
FRONTERA_CICLO_AJUSTE_V68_PRIMARY_RECOVERY_AND_DISCLOSURE_GAP(3).zip,FUENTES_V61.md,FUENTES_V61.md,1086,1751984189,FRONTERA_CICLO_AJUSTE_V68_PRIMARY_RECOVERY_AND_DISCLOSURE_GAP(3).zip::BASE_V67.zip::BASE_V66.zip::BASE_V65.zip::BASE_V64.zip::v64/BASE_V63.zip::BASE_V62.zip::BASE_V61.zip,zip,fuentesv61md,7
FRONTERA_CICLO_AJUSTE_V68_PRIMARY_RECOVERY_AND_DISCLOSURE_GAP(3).zip,HOUSEHOLD_PRODUCT_BOUND_V61.csv,HOUSEHOLD_PRODUCT_BOUND_V61.csv,902,354413282,FRONTERA_CICLO_AJUSTE_V68_PRIMARY_RECOVERY_AND_DISCLOSURE_GAP(3).zip::BASE_V67.zip::BASE_V66.zip::BASE_V65.zip::BASE_V64.zip::v64/BASE_V63.zip::BASE_V62.zip::BASE_V61.zip,zip,householdproductboundv61csv,7
FRONTERA_CICLO_AJUSTE_V68_PRIMARY_RECOVERY_AND_DISCLOSURE_GAP(3).zip,INTERBANK_PASS_NETTING_AUDIT_V61.md,INTERBANK_PASS_NETTING_AUDIT_V61.md,1776,752990661,FRONTERA_CICLO_AJUSTE_V68_PRIMARY_RECOVERY_AND_DISCLOSURE_GAP(3).zip::BASE_V67.zip::BASE_V66.zip::BASE_V65.zip::BASE_V64.zip::v64/BASE_V63.zip::BASE_V62.zip::BASE_V61.zip,zip,interbankpassnettingauditv61md,7
FRONTERA_CICLO_AJUSTE_V68_PRIMARY_RECOVERY_AND_DISCLOSURE_GAP(3).zip,MANIFEST_V61.json,MANIFEST_V61.json,3454,2339156851,FRONTERA_CICLO_AJUSTE_V68_PRIMARY_RECOVERY_AND_DISCLOSURE_GAP(3).zip::BASE_V67.zip::BASE_V66.zip::BASE_V65.zip::BASE_V64.zip::v64/BASE_V63.zip::BASE_V62.zip::BASE_V61.zip,zip,manifestv61json,7
FRONTERA_CICLO_AJUSTE_V68_PRIMARY_RECOVERY_AND_DISCLOSURE_GAP(3).zip,PASS_COUNTERPARTY_SYSTEM_V61.csv,PASS_COUNTERPARTY_SYSTEM_V61.csv,772,1236051180,FRONTERA_CICLO_AJUSTE_V68_PRIMARY_RECOVERY_AND_DISCLOSURE_GAP(3).zip::BASE_V67.zip::BASE_V66.zip::BASE_V65.zip::BASE_V64.zip::v64/BASE_V63.zip::BASE_V62.zip::BASE_V61.zip,zip,passcounterpartysystemv61csv,7
FRONTERA_CICLO_AJUSTE_V68_PRIMARY_RECOVERY_AND_DISCLOSURE_GAP(3).zip,PROMPT_CODEX_V62_MACHINE_READABLE_ENTITY_RESULT_AGGREGATION.md,PROMPT_CODEX_V62_MACHINE_READABLE_ENTITY_RESULT_AGGREGATION.md,1594,4164071461,FRONTERA_CICLO_AJUSTE_V68_PRIMARY_RECOVERY_AND_DISCLOSURE_GAP(3).zip::BASE_V67.zip::BASE_V66.zip::BASE_V65.zip::BASE_V64.zip::v64/BASE_V63.zip::BASE_V62.zip::BASE_V61.zip,zip,promptcodexv62machinereadableentityresultaggregationmd,7
FRONTERA_CICLO_AJUSTE_V68_PRIMARY_RECOVERY_AND_DISCLOSURE_GAP(3).zip,QA_RESULT_V61.txt,QA_RESULT_V61.txt,5,3256905966,FRONTERA_CICLO_AJUSTE_V68_PRIMARY_RECOVERY_AND_DISCLOSURE_GAP(3).zip::BASE_V67.zip::BASE_V66.zip::BASE_V65.zip::BASE_V64.zip::v64/BASE_V63.zip::BASE_V62.zip::BASE_V61.zip,zip,qaresultv61txt,7
FRONTERA_CICLO_AJUSTE_V68_PRIMARY_RECOVERY_AND_DISCLOSURE_GAP(3).zip,README_V61.md,README_V61.md,386,3559340451,FRONTERA_CICLO_AJUSTE_V68_PRIMARY_RECOVERY_AND_DISCLOSURE_GAP(3).zip::BASE_V67.zip::BASE_V66.zip::BASE_V65.zip::BASE_V64.zip::v64/BASE_V63.zip::BASE_V62.zip::BASE_V61.zip,zip,readmev61md,7
FRONTERA_CICLO_AJUSTE_V68_PRIMARY_RECOVERY_AND_DISCLOSURE_GAP(3).zip,SAMPLE_DIAGNOSTIC_V61.csv,SAMPLE_DIAGNOSTIC_V61.csv,486,3523793292,FRONTERA_CICLO_AJUSTE_V68_PRIMARY_RECOVERY_AND_DISCLOSURE_GAP(3).zip::BASE_V67.zip::BASE_V66.zip::BASE_V65.zip::BASE_V64.zip::v64/BASE_V63.zip::BASE_V62.zip::BASE_V61.zip,zip,samplediagnosticv61csv,7
FRONTERA_CICLO_AJUSTE_V68_PRIMARY_RECOVERY_AND_DISCLOSURE_GAP(3).zip,STOCK_FLOW_PASS_FALSIFIER_V61.csv,STOCK_FLOW_PASS_FALSIFIER_V61.csv,492,1734867425,FRONTERA_CICLO_AJUSTE_V68_PRIMARY_RECOVERY_AND_DISCLOSURE_GAP(3).zip::BASE_V67.zip::BASE_V66.zip::BASE_V65.zip::BASE_V64.zip::v64/BASE_V63.zip::BASE_V62.zip::BASE_V61.zip,zip,stockflowpassfalsifierv61csv,7
FRONTERA_CICLO_AJUSTE_V68_PRIMARY_RECOVERY_AND_DISCLOSURE_GAP(3).zip,SYSTEM_RECONCILIATION_V61.csv,SYSTEM_RECONCILIATION_V61.csv,913,941627061,FRONTERA_CICLO_AJUSTE_V68_PRIMARY_RECOVERY_AND_DISCLOSURE_GAP(3).zip::BASE_V67.zip::BASE_V66.zip::BASE_V65.zip::BASE_V64.zip::v64/BASE_V63.zip::BASE_V62.zip::BASE_V61.zip,zip,systemreconciliationv61csv,7
FRONTERA_CICLO_AJUSTE_V68_PRIMARY_RECOVERY_AND_DISCLOSURE_GAP(3).zip,VEREDICTO_V61.md,VEREDICTO_V61.md,728,3433497097,FRONTERA_CICLO_AJUSTE_V68_PRIMARY_RECOVERY_AND_DISCLOSURE_GAP(3).zip::BASE_V67.zip::BASE_V66.zip::BASE_V65.zip::BASE_V64.zip::v64/BASE_V63.zip::BASE_V62.zip::BASE_V61.zip,zip,veredictov61md,7
FRONTERA_CICLO_AJUSTE_V68_PRIMARY_RECOVERY_AND_DISCLOSURE_GAP(3).zip,qa_v61.py,qa_v61.py,832,2609763903,FRONTERA_CICLO_AJUSTE_V68_PRIMARY_RECOVERY_AND_DISCLOSURE_GAP(3).zip::BASE_V67.zip::BASE_V66.zip::BASE_V65.zip::BASE_V64.zip::v64/BASE_V63.zip::BASE_V62.zip::BASE_V61.zip,zip,qav61py,7
FRONTERA_CICLO_AJUSTE_V68_PRIMARY_RECOVERY_AND_DISCLOSURE_GAP(3).zip,COUNTERPARTY_UPDATE_V62.csv,COUNTERPARTY_UPDATE_V62.csv,976,3954827440,FRONTERA_CICLO_AJUSTE_V68_PRIMARY_RECOVERY_AND_DISCLOSURE_GAP(3).zip::BASE_V67.zip::BASE_V66.zip::BASE_V65.zip::BASE_V64.zip::v64/BASE_V63.zip::BASE_V62.zip,zip,counterpartyupdatev62csv,6
FRONTERA_CICLO_AJUSTE_V68_PRIMARY_RECOVERY_AND_DISCLOSURE_GAP(3).zip,ENTITY_COVERAGE_V62.csv,ENTITY_COVERAGE_V62.csv,832,878191740,FRONTERA_CICLO_AJUSTE_V68_PRIMARY_RECOVERY_AND_DISCLOSURE_GAP(3).zip::BASE_V67.zip::BASE_V66.zip::BASE_V65.zip::BASE_V64.zip::v64/BASE_V63.zip::BASE_V62.zip,zip,entitycoveragev62csv,6
FRONTERA_CICLO_AJUSTE_V68_PRIMARY_RECOVERY_AND_DISCLOSURE_GAP(3).zip,ENTITY_Q4_AQ_PANEL_V62.csv,ENTITY_Q4_AQ_PANEL_V62.csv,1286,3152356441,FRONTERA_CICLO_AJUSTE_V68_PRIMARY_RECOVERY_AND_DISCLOSURE_GAP(3).zip::BASE_V67.zip::BASE_V66.zip::BASE_V65.zip::BASE_V64.zip::v64/BASE_V63.zip::BASE_V62.zip,zip,entityq4aqpanelv62csv,6
FRONTERA_CICLO_AJUSTE_V68_PRIMARY_RECOVERY_AND_DISCLOSURE_GAP(3).zip,EVIDENCE_LEDGER_CICLO_AJUSTE_V62.csv,EVIDENCE_LEDGER_CICLO_AJUSTE_V62.csv,744,1831626994,FRONTERA_CICLO_AJUSTE_V68_PRIMARY_RECOVERY_AND_DISCLOSURE_GAP(3).zip::BASE_V67.zip::BASE_V66.zip::BASE_V65.zip::BASE_V64.zip::v64/BASE_V63.zip::BASE_V62.zip,zip,evidenceledgercicloajustev62csv,6
FRONTERA_CICLO_AJUSTE_V68_PRIMARY_RECOVERY_AND_DISCLOSURE_GAP(3).zip,FUENTES_V62.md,FUENTES_V62.md,609,874438201,FRONTERA_CICLO_AJUSTE_V68_PRIMARY_RECOVERY_AND_DISCLOSURE_GAP(3).zip::BASE_V67.zip::BASE_V66.zip::BASE_V65.zip::BASE_V64.zip::v64/BASE_V63.zip::BASE_V62.zip,zip,fuentesv62md,6
FRONTERA_CICLO_AJUSTE_V68_PRIMARY_RECOVERY_AND_DISCLOSURE_GAP(3).zip,HOUSEHOLD_PRODUCT_SYSTEM_V62.csv,HOUSEHOLD_PRODUCT_SYSTEM_V62.csv,1469,4170250821,FRONTERA_CICLO_AJUSTE_V68_PRIMARY_RECOVERY_AND_DISCLOSURE_GAP(3).zip::BASE_V67.zip::BASE_V66.zip::BASE_V65.zip::BASE_V64.zip::v64/BASE_V63.zip::BASE_V62.zip,zip,householdproductsystemv62csv,6
FRONTERA_CICLO_AJUSTE_V68_PRIMARY_RECOVERY_AND_DISCLOSURE_GAP(3).zip,IEF_PASS_RECONCILIATION_V62.csv,IEF_PASS_RECONCILIATION_V62.csv,546,1343322763,FRONTERA_CICLO_AJUSTE_V68_PRIMARY_RECOVERY_AND_DISCLOSURE_GAP(3).zip::BASE_V67.zip::BASE_V66.zip::BASE_V65.zip::BASE_V64.zip::v64/BASE_V63.zip::BASE_V62.zip,zip,iefpassreconciliationv62csv,6
FRONTERA_CICLO_AJUSTE_V68_PRIMARY_RECOVERY_AND_DISCLOSURE_GAP(3).zip,INTERBANK_CANCELLATION_TEST_V62.csv,INTERBANK_CANCELLATION_TEST_V62.csv,488,3589318335,FRONTERA_CICLO_AJUSTE_V68_PRIMARY_RECOVERY_AND_DISCLOSURE_GAP(3).zip::BASE_V67.zip::BASE_V66.zip::BASE_V65.zip::BASE_V64.zip::v64/BASE_V63.zip::BASE_V62.zip,zip,interbankcancellationtestv62csv,6
FRONTERA_CICLO_AJUSTE_V68_PRIMARY_RECOVERY_AND_DISCLOSURE_GAP(3).zip,MANIFEST_V62.json,MANIFEST_V62.json,3401,2934962812,FRONTERA_CICLO_AJUSTE_V68_PRIMARY_RECOVERY_AND_DISCLOSURE_GAP(3).zip::BASE_V67.zip::BASE_V66.zip::BASE_V65.zip::BASE_V64.zip::v64/BASE_V63.zip::BASE_V62.zip,zip,manifestv62json,6
FRONTERA_CICLO_AJUSTE_V68_PRIMARY_RECOVERY_AND_DISCLOSURE_GAP(3).zip,PASS_GROSS_NET_SYSTEM_V62.csv,PASS_GROSS_NET_SYSTEM_V62.csv,788,2107802603,FRONTERA_CICLO_AJUSTE_V68_PRIMARY_RECOVERY_AND_DISCLOSURE_GAP(3).zip::BASE_V67.zip::BASE_V66.zip::BASE_V65.zip::BASE_V64.zip::v64/BASE_V63.zip::BASE_V62.zip,zip,passgrossnetsystemv62csv,6
FRONTERA_CICLO_AJUSTE_V68_PRIMARY_RECOVERY_AND_DISCLOSURE_GAP(3).zip,PROMPT_CODEX_V63_FULL_AQ_HOMOGENEOUS_PANEL_AND_EXPENSE_LEGS.md,PROMPT_CODEX_V63_FULL_AQ_HOMOGENEOUS_PANEL_AND_EXPENSE_LEGS.md,1239,2753223760,FRONTERA_CICLO_AJUSTE_V68_PRIMARY_RECOVERY_AND_DISCLOSURE_GAP(3).zip::BASE_V67.zip::BASE_V66.zip::BASE_V65.zip::BASE_V64.zip::v64/BASE_V63.zip::BASE_V62.zip,zip,promptcodexv63fullaqhomogeneouspanelandexpenselegsmd,6
FRONTERA_CICLO_AJUSTE_V68_PRIMARY_RECOVERY_AND_DISCLOSURE_GAP(3).zip,QA_RESULT_V62.txt,QA_RESULT_V62.txt,5,3256905966,FRONTERA_CICLO_AJUSTE_V68_PRIMARY_RECOVERY_AND_DISCLOSURE_GAP(3).zip::BASE_V67.zip::BASE_V66.zip::BASE_V65.zip::BASE_V64.zip::v64/BASE_V63.zip::BASE_V62.zip,zip,qaresultv62txt,6
FRONTERA_CICLO_AJUSTE_V68_PRIMARY_RECOVERY_AND_DISCLOSURE_GAP(3).zip,RAW_ENTITY_MANIFEST_V62.csv,RAW_ENTITY_MANIFEST_V62.csv,858,161920569,FRONTERA_CICLO_AJUSTE_V68_PRIMARY_RECOVERY_AND_DISCLOSURE_GAP(3).zip::BASE_V67.zip::BASE_V66.zip::BASE_V65.zip::BASE_V64.zip::v64/BASE_V63.zip::BASE_V62.zip,zip,rawentitymanifestv62csv,6
FRONTERA_CICLO_AJUSTE_V68_PRIMARY_RECOVERY_AND_DISCLOSURE_GAP(3).zip,README_V62.md,README_V62.md,409,2970664442,FRONTERA_CICLO_AJUSTE_V68_PRIMARY_RECOVERY_AND_DISCLOSURE_GAP(3).zip::BASE_V67.zip::BASE_V66.zip::BASE_V65.zip::BASE_V64.zip::v64/BASE_V63.zip::BASE_V62.zip,zip,readmev62md,6
FRONTERA_CICLO_AJUSTE_V68_PRIMARY_RECOVERY_AND_DISCLOSURE_GAP(3).zip,VEREDICTO_V62.md,VEREDICTO_V62.md,739,2685722896,FRONTERA_CICLO_AJUSTE_V68_PRIMARY_RECOVERY_AND_DISCLOSURE_GAP(3).zip::BASE_V67.zip::BASE_V66.zip::BASE_V65.zip::BASE_V64.zip::v64/BASE_V63.zip::BASE_V62.zip,zip,veredictov62md,6
FRONTERA_CICLO_AJUSTE_V68_PRIMARY_RECOVERY_AND_DISCLOSURE_GAP(3).zip,qa_v62.py,qa_v62.py,14,3143009605,FRONTERA_CICLO_AJUSTE_V68_PRIMARY_RECOVERY_AND_DISCLOSURE_GAP(3).zip::BASE_V67.zip::BASE_V66.zip::BASE_V65.zip::BASE_V64.zip::v64/BASE_V63.zip::BASE_V62.zip,zip,qav62py,6
FRONTERA_CICLO_AJUSTE_V68_PRIMARY_RECOVERY_AND_DISCLOSURE_GAP(3).zip,CONSOLIDATED_Q4_AQ_PANEL_V63.csv,CONSOLIDATED_Q4_AQ_PANEL_V63.csv,1463,3606656169,FRONTERA_CICLO_AJUSTE_V68_PRIMARY_RECOVERY_AND_DISCLOSURE_GAP(3).zip::BASE_V67.zip::BASE_V66.zip::BASE_V65.zip::BASE_V64.zip::v64/BASE_V63.zip,zip,consolidatedq4aqpanelv63csv,5
FRONTERA_CICLO_AJUSTE_V68_PRIMARY_RECOVERY_AND_DISCLOSURE_GAP(3).zip,COUNTERPARTY_UPDATE_V63.csv,COUNTERPARTY_UPDATE_V63.csv,1443,167982417,FRONTERA_CICLO_AJUSTE_V68_PRIMARY_RECOVERY_AND_DISCLOSURE_GAP(3).zip::BASE_V67.zip::BASE_V66.zip::BASE_V65.zip::BASE_V64.zip::v64/BASE_V63.zip,zip,counterpartyupdatev63csv,5
FRONTERA_CICLO_AJUSTE_V68_PRIMARY_RECOVERY_AND_DISCLOSURE_GAP(3).zip,ENTITY_COVERAGE_V63.csv,ENTITY_COVERAGE_V63.csv,978,1741707698,FRONTERA_CICLO_AJUSTE_V68_PRIMARY_RECOVERY_AND_DISCLOSURE_GAP(3).zip::BASE_V67.zip::BASE_V66.zip::BASE_V65.zip::BASE_V64.zip::v64/BASE_V63.zip,zip,entitycoveragev63csv,5
FRONTERA_CICLO_AJUSTE_V68_PRIMARY_RECOVERY_AND_DISCLOSURE_GAP(3).zip,EVIDENCE_LEDGER_CICLO_AJUSTE_V63.csv,EVIDENCE_LEDGER_CICLO_AJUSTE_V63.csv,1591,1167366747,FRONTERA_CICLO_AJUSTE_V68_PRIMARY_RECOVERY_AND_DISCLOSURE_GAP(3).zip::BASE_V67.zip::BASE_V66.zip::BASE_V65.zip::BASE_V64.zip::v64/BASE_V63.zip,zip,evidenceledgercicloajustev63csv,5
FRONTERA_CICLO_AJUSTE_V68_PRIMARY_RECOVERY_AND_DISCLOSURE_GAP(3).zip,FOUR_LEG_PASS_PANEL_V63.csv,FOUR_LEG_PASS_PANEL_V63.csv,1158,2302138695,FRONTERA_CICLO_AJUSTE_V68_PRIMARY_RECOVERY_AND_DISCLOSURE_GAP(3).zip::BASE_V67.zip::BASE_V66.zip::BASE_V65.zip::BASE_V64.zip::v64/BASE_V63.zip,zip,fourlegpasspanelv63csv,5
FRONTERA_CICLO_AJUSTE_V68_PRIMARY_RECOVERY_AND_DISCLOSURE_GAP(3).zip,FUENTES_V63.md,FUENTES_V63.md,1249,1438572322,FRONTERA_CICLO_AJUSTE_V68_PRIMARY_RECOVERY_AND_DISCLOSURE_GAP(3).zip::BASE_V67.zip::BASE_V66.zip::BASE_V65.zip::BASE_V64.zip::v64/BASE_V63.zip,zip,fuentesv63md,5
FRONTERA_CICLO_AJUSTE_V68_PRIMARY_RECOVERY_AND_DISCLOSURE_GAP(3).zip,HOUSEHOLD_PRODUCT_PANEL_V63.csv,HOUSEHOLD_PRODUCT_PANEL_V63.csv,1342,3406328649,FRONTERA_CICLO_AJUSTE_V68_PRIMARY_RECOVERY_AND_DISCLOSURE_GAP(3).zip::BASE_V67.zip::BASE_V66.zip::BASE_V65.zip::BASE_V64.zip::v64/BASE_V63.zip,zip,householdproductpanelv63csv,5
FRONTERA_CICLO_AJUSTE_V68_PRIMARY_RECOVERY_AND_DISCLOSURE_GAP(3).zip,HOUSEHOLD_SECTOR_MAPPING_AUDIT_V63.md,HOUSEHOLD_SECTOR_MAPPING_AUDIT_V63.md,1037,4263515362,FRONTERA_CICLO_AJUSTE_V68_PRIMARY_RECOVERY_AND_DISCLOSURE_GAP(3).zip::BASE_V67.zip::BASE_V66.zip::BASE_V65.zip::BASE_V64.zip::v64/BASE_V63.zip,zip,householdsectormappingauditv63md,5
FRONTERA_CICLO_AJUSTE_V68_PRIMARY_RECOVERY_AND_DISCLOSURE_GAP(3).zip,IEF_PASS_RECONCILIATION_V63.csv,IEF_PASS_RECONCILIATION_V63.csv,540,3195844789,FRONTERA_CICLO_AJUSTE_V68_PRIMARY_RECOVERY_AND_DISCLOSURE_GAP(3).zip::BASE_V67.zip::BASE_V66.zip::BASE_V65.zip::BASE_V64.zip::v64/BASE_V63.zip,zip,iefpassreconciliationv63csv,5
FRONTERA_CICLO_AJUSTE_V68_PRIMARY_RECOVERY_AND_DISCLOSURE_GAP(3).zip,INDIVIDUAL_Q4_AQ_PANEL_V63.csv,INDIVIDUAL_Q4_AQ_PANEL_V63.csv,641,4250552853,FRONTERA_CICLO_AJUSTE_V68_PRIMARY_RECOVERY_AND_DISCLOSURE_GAP(3).zip::BASE_V67.zip::BASE_V66.zip::BASE_V65.zip::BASE_V64.zip::v64/BASE_V63.zip,zip,individualq4aqpanelv63csv,5
FRONTERA_CICLO_AJUSTE_V68_PRIMARY_RECOVERY_AND_DISCLOSURE_GAP(3).zip,MANIFEST_V63.json,MANIFEST_V63.json,3514,2549584341,FRONTERA_CICLO_AJUSTE_V68_PRIMARY_RECOVERY_AND_DISCLOSURE_GAP(3).zip::BASE_V67.zip::BASE_V66.zip::BASE_V65.zip::BASE_V64.zip::v64/BASE_V63.zip,zip,manifestv63json,5
FRONTERA_CICLO_AJUSTE_V68_PRIMARY_RECOVERY_AND_DISCLOSURE_GAP(3).zip,PROMPT_CODEX_V64_CLOSED_PASS_NETWORK_COVERAGE_AND_SECTOR_MAPPING.md,PROMPT_CODEX_V64_CLOSED_PASS_NETWORK_COVERAGE_AND_SECTOR_MAPPING.md,1635,18894133,FRONTERA_CICLO_AJUSTE_V68_PRIMARY_RECOVERY_AND_DISCLOSURE_GAP(3).zip::BASE_V67.zip::BASE_V66.zip::BASE_V65.zip::BASE_V64.zip::v64/BASE_V63.zip,zip,promptcodexv64closedpassnetworkcoverageandsectormappingmd,5
FRONTERA_CICLO_AJUSTE_V68_PRIMARY_RECOVERY_AND_DISCLOSURE_GAP(3).zip,QA_RESULT_V63.txt,QA_RESULT_V63.txt,5,3256905966,FRONTERA_CICLO_AJUSTE_V68_PRIMARY_RECOVERY_AND_DISCLOSURE_GAP(3).zip::BASE_V67.zip::BASE_V66.zip::BASE_V65.zip::BASE_V64.zip::v64/BASE_V63.zip,zip,qaresultv63txt,5
FRONTERA_CICLO_AJUSTE_V68_PRIMARY_RECOVERY_AND_DISCLOSURE_GAP(3).zip,README_V63.md,README_V63.md,522,401487701,FRONTERA_CICLO_AJUSTE_V68_PRIMARY_RECOVERY_AND_DISCLOSURE_GAP(3).zip::BASE_V67.zip::BASE_V66.zip::BASE_V65.zip::BASE_V64.zip::v64/BASE_V63.zip,zip,readmev63md,5
FRONTERA_CICLO_AJUSTE_V68_PRIMARY_RECOVERY_AND_DISCLOSURE_GAP(3).zip,SYMMETRIC_INTERBANK_NETTING_TEST_V63.csv,SYMMETRIC_INTERBANK_NETTING_TEST_V63.csv,527,63456368,FRONTERA_CICLO_AJUSTE_V68_PRIMARY_RECOVERY_AND_DISCLOSURE_GAP(3).zip::BASE_V67.zip::BASE_V66.zip::BASE_V65.zip::BASE_V64.zip::v64/BASE_V63.zip,zip,symmetricinterbanknettingtestv63csv,5
FRONTERA_CICLO_AJUSTE_V68_PRIMARY_RECOVERY_AND_DISCLOSURE_GAP(3).zip,VEREDICTO_V63.md,VEREDICTO_V63.md,801,2136461594,FRONTERA_CICLO_AJUSTE_V68_PRIMARY_RECOVERY_AND_DISCLOSURE_GAP(3).zip::BASE_V67.zip::BASE_V66.zip::BASE_V65.zip::BASE_V64.zip::v64/BASE_V63.zip,zip,veredictov63md,5
FRONTERA_CICLO_AJUSTE_V68_PRIMARY_RECOVERY_AND_DISCLOSURE_GAP(3).zip,qa_v63.py,qa_v63.py,1297,1276681817,FRONTERA_CICLO_AJUSTE_V68_PRIMARY_RECOVERY_AND_DISCLOSURE_GAP(3).zip::BASE_V67.zip::BASE_V66.zip::BASE_V65.zip::BASE_V64.zip::v64/BASE_V63.zip,zip,qav63py,5
FRONTERA_CICLO_AJUSTE_V68_PRIMARY_RECOVERY_AND_DISCLOSURE_GAP(3).zip,v64/HOUSEHOLD_SECTOR_MAPPING_V64.csv,HOUSEHOLD_SECTOR_MAPPING_V64.csv,2474,2258336906,FRONTERA_CICLO_AJUSTE_V68_PRIMARY_RECOVERY_AND_DISCLOSURE_GAP(3).zip::BASE_V67.zip::BASE_V66.zip::BASE_V65.zip::BASE_V64.zip,zip,householdsectormappingv64csv,4
FRONTERA_CICLO_AJUSTE_V68_PRIMARY_RECOVERY_AND_DISCLOSURE_GAP(3).zip,v64/QA_RESULT_V64.txt,QA_RESULT_V64.txt,5,3256905966,FRONTERA_CICLO_AJUSTE_V68_PRIMARY_RECOVERY_AND_DISCLOSURE_GAP(3).zip::BASE_V67.zip::BASE_V66.zip::BASE_V65.zip::BASE_V64.zip,zip,qaresultv64txt,4
FRONTERA_CICLO_AJUSTE_V68_PRIMARY_RECOVERY_AND_DISCLOSURE_GAP(3).zip,v64/qa_v64.py,qa_v64.py,1174,1783292082,FRONTERA_CICLO_AJUSTE_V68_PRIMARY_RECOVERY_AND_DISCLOSURE_GAP(3).zip::BASE_V67.zip::BASE_V66.zip::BASE_V65.zip::BASE_V64.zip,zip,qav64py,4
FRONTERA_CICLO_AJUSTE_V68_PRIMARY_RECOVERY_AND_DISCLOSURE_GAP(3).zip,v64/PASS_COUNTERPARTY_BOUNDS_V64.csv,PASS_COUNTERPARTY_BOUNDS_V64.csv,769,2246893850,FRONTERA_CICLO_AJUSTE_V68_PRIMARY_RECOVERY_AND_DISCLOSURE_GAP(3).zip::BASE_V67.zip::BASE_V66.zip::BASE_V65.zip::BASE_V64.zip,zip,passcounterpartyboundsv64csv,4
FRONTERA_CICLO_AJUSTE_V68_PRIMARY_RECOVERY_AND_DISCLOSURE_GAP(3).zip,v64/COUNTERPARTY_UPDATE_V64.csv,COUNTERPARTY_UPDATE_V64.csv,1638,1942618832,FRONTERA_CICLO_AJUSTE_V68_PRIMARY_RECOVERY_AND_DISCLOSURE_GAP(3).zip::BASE_V67.zip::BASE_V66.zip::BASE_V65.zip::BASE_V64.zip,zip,counterpartyupdatev64csv,4
FRONTERA_CICLO_AJUSTE_V68_PRIMARY_RECOVERY_AND_DISCLOSURE_GAP(3).zip,v64/PROMPT_CODEX_V65_BASIS_HARMONIZATION_AND_REMAINING_CLOSED_NETWORK_COVERAGE.md,PROMPT_CODEX_V65_BASIS_HARMONIZATION_AND_REMAINING_CLOSED_NETWORK_COVERAGE.md,2425,3301498787,FRONTERA_CICLO_AJUSTE_V68_PRIMARY_RECOVERY_AND_DISCLOSURE_GAP(3).zip::BASE_V67.zip::BASE_V66.zip::BASE_V65.zip::BASE_V64.zip,zip,promptcodexv65basisharmonizationandremainingclosednetworkcoveragemd,4
FRONTERA_CICLO_AJUSTE_V68_PRIMARY_RECOVERY_AND_DISCLOSURE_GAP(3).zip,v64/AUDITORIA_V64.md,AUDITORIA_V64.md,1768,427859888,FRONTERA_CICLO_AJUSTE_V68_PRIMARY_RECOVERY_AND_DISCLOSURE_GAP(3).zip::BASE_V67.zip::BASE_V66.zip::BASE_V65.zip::BASE_V64.zip,zip,auditoriav64md,4
FRONTERA_CICLO_AJUSTE_V68_PRIMARY_RECOVERY_AND_DISCLOSURE_GAP(3).zip,v64/FUENTES_V64.md,FUENTES_V64.md,1402,2535036655,FRONTERA_CICLO_AJUSTE_V68_PRIMARY_RECOVERY_AND_DISCLOSURE_GAP(3).zip::BASE_V67.zip::BASE_V66.zip::BASE_V65.zip::BASE_V64.zip,zip,fuentesv64md,4
FRONTERA_CICLO_AJUSTE_V68_PRIMARY_RECOVERY_AND_DISCLOSURE_GAP(3).zip,v64/README_V64.md,README_V64.md,691,4209804692,FRONTERA_CICLO_AJUSTE_V68_PRIMARY_RECOVERY_AND_DISCLOSURE_GAP(3).zip::BASE_V67.zip::BASE_V66.zip::BASE_V65.zip::BASE_V64.zip,zip,readmev64md,4
FRONTERA_CICLO_AJUSTE_V68_PRIMARY_RECOVERY_AND_DISCLOSURE_GAP(3).zip,v64/IEF_PASS_RECONCILIATION_V64.csv,IEF_PASS_RECONCILIATION_V64.csv,729,48263883,FRONTERA_CICLO_AJUSTE_V68_PRIMARY_RECOVERY_AND_DISCLOSURE_GAP(3).zip::BASE_V67.zip::BASE_V66.zip::BASE_V65.zip::BASE_V64.zip,zip,iefpassreconciliationv64csv,4
FRONTERA_CICLO_AJUSTE_V68_PRIMARY_RECOVERY_AND_DISCLOSURE_GAP(3).zip,v64/CLOSED_NETWORK_NETTING_TEST_V64.csv,CLOSED_NETWORK_NETTING_TEST_V64.csv,688,1527256713,FRONTERA_CICLO_AJUSTE_V68_PRIMARY_RECOVERY_AND_DISCLOSURE_GAP(3).zip::BASE_V67.zip::BASE_V66.zip::BASE_V65.zip::BASE_V64.zip,zip,closednetworknettingtestv64csv,4
FRONTERA_CICLO_AJUSTE_V68_PRIMARY_RECOVERY_AND_DISCLOSURE_GAP(3).zip,v64/FOUR_LEG_PASS_PANEL_V64.csv,FOUR_LEG_PASS_PANEL_V64.csv,1428,3589933292,FRONTERA_CICLO_AJUSTE_V68_PRIMARY_RECOVERY_AND_DISCLOSURE_GAP(3).zip::BASE_V67.zip::BASE_V66.zip::BASE_V65.zip::BASE_V64.zip,zip,fourlegpasspanelv64csv,4
FRONTERA_CICLO_AJUSTE_V68_PRIMARY_RECOVERY_AND_DISCLOSURE_GAP(3).zip,v64/CLOSED_NETWORK_COVERAGE_V64.csv,CLOSED_NETWORK_COVERAGE_V64.csv,1625,936507974,FRONTERA_CICLO_AJUSTE_V68_PRIMARY_RECOVERY_AND_DISCLOSURE_GAP(3).zip::BASE_V67.zip::BASE_V66.zip::BASE_V65.zip::BASE_V64.zip,zip,closednetworkcoveragev64csv,4
FRONTERA_CICLO_AJUSTE_V68_PRIMARY_RECOVERY_AND_DISCLOSURE_GAP(3).zip,v64/HOUSEHOLD_PRODUCT_PANEL_V64.csv,HOUSEHOLD_PRODUCT_PANEL_V64.csv,1489,2041405891,FRONTERA_CICLO_AJUSTE_V68_PRIMARY_RECOVERY_AND_DISCLOSURE_GAP(3).zip::BASE_V67.zip::BASE_V66.zip::BASE_V65.zip::BASE_V64.zip,zip,householdproductpanelv64csv,4
FRONTERA_CICLO_AJUSTE_V68_PRIMARY_RECOVERY_AND_DISCLOSURE_GAP(3).zip,v64/EVIDENCE_LEDGER_CICLO_AJUSTE_V64.csv,EVIDENCE_LEDGER_CICLO_AJUSTE_V64.csv,2650,2671377196,FRONTERA_CICLO_AJUSTE_V68_PRIMARY_RECOVERY_AND_DISCLOSURE_GAP(3).zip::BASE_V67.zip::BASE_V66.zip::BASE_V65.zip::BASE_V64.zip,zip,evidenceledgercicloajustev64csv,4
FRONTERA_CICLO_AJUSTE_V68_PRIMARY_RECOVERY_AND_DISCLOSURE_GAP(3).zip,v64/HANDOVER_CODEX_CICLO_AJUSTE_V64_A_V65.md,HANDOVER_CODEX_CICLO_AJUSTE_V64_A_V65.md,1548,2714686482,FRONTERA_CICLO_AJUSTE_V68_PRIMARY_RECOVERY_AND_DISCLOSURE_GAP(3).zip::BASE_V67.zip::BASE_V66.zip::BASE_V65.zip::BASE_V64.zip,zip,handovercodexcicloajustev64av65md,4
FRONTERA_CICLO_AJUSTE_V68_PRIMARY_RECOVERY_AND_DISCLOSURE_GAP(3).zip,v64/MANIFEST_V64.json,MANIFEST_V64.json,3775,4217835733,FRONTERA_CICLO_AJUSTE_V68_PRIMARY_RECOVERY_AND_DISCLOSURE_GAP(3).zip::BASE_V67.zip::BASE_V66.zip::BASE_V65.zip::BASE_V64.zip,zip,manifestv64json,4
FRONTERA_CICLO_AJUSTE_V68_PRIMARY_RECOVERY_AND_DISCLOSURE_GAP(3).zip,BASIS_HARMONIZATION_V65.csv,BASIS_HARMONIZATION_V65.csv,1445,596614959,FRONTERA_CICLO_AJUSTE_V68_PRIMARY_RECOVERY_AND_DISCLOSURE_GAP(3).zip::BASE_V67.zip::BASE_V66.zip::BASE_V65.zip,zip,basisharmonizationv65csv,3
FRONTERA_CICLO_AJUSTE_V68_PRIMARY_RECOVERY_AND_DISCLOSURE_GAP(3).zip,BCRA_BANK_SYSTEM_COVERAGE_V65.csv,BCRA_BANK_SYSTEM_COVERAGE_V65.csv,1508,479379624,FRONTERA_CICLO_AJUSTE_V68_PRIMARY_RECOVERY_AND_DISCLOSURE_GAP(3).zip::BASE_V67.zip::BASE_V66.zip::BASE_V65.zip,zip,bcrabanksystemcoveragev65csv,3
FRONTERA_CICLO_AJUSTE_V68_PRIMARY_RECOVERY_AND_DISCLOSURE_GAP(3).zip,CLOSED_NETWORK_COVERAGE_V65.csv,CLOSED_NETWORK_COVERAGE_V65.csv,2190,1060572330,FRONTERA_CICLO_AJUSTE_V68_PRIMARY_RECOVERY_AND_DISCLOSURE_GAP(3).zip::BASE_V67.zip::BASE_V66.zip::BASE_V65.zip,zip,closednetworkcoveragev65csv,3
FRONTERA_CICLO_AJUSTE_V68_PRIMARY_RECOVERY_AND_DISCLOSURE_GAP(3).zip,CLOSED_NETWORK_NETTING_TEST_V65.csv,CLOSED_NETWORK_NETTING_TEST_V65.csv,697,2810173951,FRONTERA_CICLO_AJUSTE_V68_PRIMARY_RECOVERY_AND_DISCLOSURE_GAP(3).zip::BASE_V67.zip::BASE_V66.zip::BASE_V65.zip,zip,closednetworknettingtestv65csv,3
FRONTERA_CICLO_AJUSTE_V68_PRIMARY_RECOVERY_AND_DISCLOSURE_GAP(3).zip,COUNTERPARTY_UPDATE_V65.csv,COUNTERPARTY_UPDATE_V65.csv,2098,3876913870,FRONTERA_CICLO_AJUSTE_V68_PRIMARY_RECOVERY_AND_DISCLOSURE_GAP(3).zip::BASE_V67.zip::BASE_V66.zip::BASE_V65.zip,zip,counterpartyupdatev65csv,3
FRONTERA_CICLO_AJUSTE_V68_PRIMARY_RECOVERY_AND_DISCLOSURE_GAP(3).zip,CREDICOOP_FY_AQ_CONTROL_V65.csv,CREDICOOP_FY_AQ_CONTROL_V65.csv,575,3048811599,FRONTERA_CICLO_AJUSTE_V68_PRIMARY_RECOVERY_AND_DISCLOSURE_GAP(3).zip::BASE_V67.zip::BASE_V66.zip::BASE_V65.zip,zip,credicoopfyaqcontrolv65csv,3
FRONTERA_CICLO_AJUSTE_V68_PRIMARY_RECOVERY_AND_DISCLOSURE_GAP(3).zip,EVIDENCE_LEDGER_CICLO_AJUSTE_V65.csv,EVIDENCE_LEDGER_CICLO_AJUSTE_V65.csv,2924,3368344482,FRONTERA_CICLO_AJUSTE_V68_PRIMARY_RECOVERY_AND_DISCLOSURE_GAP(3).zip::BASE_V67.zip::BASE_V66.zip::BASE_V65.zip,zip,evidenceledgercicloajustev65csv,3
FRONTERA_CICLO_AJUSTE_V68_PRIMARY_RECOVERY_AND_DISCLOSURE_GAP(3).zip,FOUR_LEG_PASS_PANEL_V65.csv,FOUR_LEG_PASS_PANEL_V65.csv,2441,3376312752,FRONTERA_CICLO_AJUSTE_V68_PRIMARY_RECOVERY_AND_DISCLOSURE_GAP(3).zip::BASE_V67.zip::BASE_V66.zip::BASE_V65.zip,zip,fourlegpasspanelv65csv,3
FRONTERA_CICLO_AJUSTE_V68_PRIMARY_RECOVERY_AND_DISCLOSURE_GAP(3).zip,FUENTES_V65.md,FUENTES_V65.md,2398,3403862976,FRONTERA_CICLO_AJUSTE_V68_PRIMARY_RECOVERY_AND_DISCLOSURE_GAP(3).zip::BASE_V67.zip::BASE_V66.zip::BASE_V65.zip,zip,fuentesv65md,3
FRONTERA_CICLO_AJUSTE_V68_PRIMARY_RECOVERY_AND_DISCLOSURE_GAP(3).zip,HANDOVER_CODEX_CICLO_AJUSTE_V65_A_V66.md,HANDOVER_CODEX_CICLO_AJUSTE_V65_A_V66.md,2804,128090728,FRONTERA_CICLO_AJUSTE_V68_PRIMARY_RECOVERY_AND_DISCLOSURE_GAP(3).zip::BASE_V67.zip::BASE_V66.zip::BASE_V65.zip,zip,handovercodexcicloajustev65av66md,3
FRONTERA_CICLO_AJUSTE_V68_PRIMARY_RECOVERY_AND_DISCLOSURE_GAP(3).zip,HOUSEHOLD_PRODUCT_PANEL_V65.csv,HOUSEHOLD_PRODUCT_PANEL_V65.csv,2274,12949392,FRONTERA_CICLO_AJUSTE_V68_PRIMARY_RECOVERY_AND_DISCLOSURE_GAP(3).zip::BASE_V67.zip::BASE_V66.zip::BASE_V65.zip,zip,householdproductpanelv65csv,3
FRONTERA_CICLO_AJUSTE_V68_PRIMARY_RECOVERY_AND_DISCLOSURE_GAP(3).zip,HOUSEHOLD_SECTOR_MAPPING_V65.csv,HOUSEHOLD_SECTOR_MAPPING_V65.csv,2021,4119788691,FRONTERA_CICLO_AJUSTE_V68_PRIMARY_RECOVERY_AND_DISCLOSURE_GAP(3).zip::BASE_V67.zip::BASE_V66.zip::BASE_V65.zip,zip,householdsectormappingv65csv,3
FRONTERA_CICLO_AJUSTE_V68_PRIMARY_RECOVERY_AND_DISCLOSURE_GAP(3).zip,IEF_PASS_RECONCILIATION_V65.csv,IEF_PASS_RECONCILIATION_V65.csv,1005,3781931653,FRONTERA_CICLO_AJUSTE_V68_PRIMARY_RECOVERY_AND_DISCLOSURE_GAP(3).zip::BASE_V67.zip::BASE_V66.zip::BASE_V65.zip,zip,iefpassreconciliationv65csv,3
FRONTERA_CICLO_AJUSTE_V68_PRIMARY_RECOVERY_AND_DISCLOSURE_GAP(3).zip,MANIFEST_V65.json,MANIFEST_V65.json,4651,3266909348,FRONTERA_CICLO_AJUSTE_V68_PRIMARY_RECOVERY_AND_DISCLOSURE_GAP(3).zip::BASE_V67.zip::BASE_V66.zip::BASE_V65.zip,zip,manifestv65json,3
FRONTERA_CICLO_AJUSTE_V68_PRIMARY_RECOVERY_AND_DISCLOSURE_GAP(3).zip,PASS_COUNTERPARTY_BOUNDS_V65.csv,PASS_COUNTERPARTY_BOUNDS_V65.csv,1099,3361347887,FRONTERA_CICLO_AJUSTE_V68_PRIMARY_RECOVERY_AND_DISCLOSURE_GAP(3).zip::BASE_V67.zip::BASE_V66.zip::BASE_V65.zip,zip,passcounterpartyboundsv65csv,3
FRONTERA_CICLO_AJUSTE_V68_PRIMARY_RECOVERY_AND_DISCLOSURE_GAP(3).zip,PROMPT_CODEX_V66_INDIVIDUAL_AQ_RETRIEVAL_AND_CLOSED_NETWORK_EXPANSION.md,PROMPT_CODEX_V66_INDIVIDUAL_AQ_RETRIEVAL_AND_CLOSED_NETWORK_EXPANSION.md,3607,1843300520,FRONTERA_CICLO_AJUSTE_V68_PRIMARY_RECOVERY_AND_DISCLOSURE_GAP(3).zip::BASE_V67.zip::BASE_V66.zip::BASE_V65.zip,zip,promptcodexv66individualaqretrievalandclosednetworkexpansionmd,3
FRONTERA_CICLO_AJUSTE_V68_PRIMARY_RECOVERY_AND_DISCLOSURE_GAP(3).zip,QA_RESULT_V65.txt,QA_RESULT_V65.txt,5,3256905966,FRONTERA_CICLO_AJUSTE_V68_PRIMARY_RECOVERY_AND_DISCLOSURE_GAP(3).zip::BASE_V67.zip::BASE_V66.zip::BASE_V65.zip,zip,qaresultv65txt,3
FRONTERA_CICLO_AJUSTE_V68_PRIMARY_RECOVERY_AND_DISCLOSURE_GAP(3).zip,README_V65.md,README_V65.md,895,1371115064,FRONTERA_CICLO_AJUSTE_V68_PRIMARY_RECOVERY_AND_DISCLOSURE_GAP(3).zip::BASE_V67.zip::BASE_V66.zip::BASE_V65.zip,zip,readmev65md,3
FRONTERA_CICLO_AJUSTE_V68_PRIMARY_RECOVERY_AND_DISCLOSURE_GAP(3).zip,VEREDICTO_V65.md,VEREDICTO_V65.md,4780,2319782923,FRONTERA_CICLO_AJUSTE_V68_PRIMARY_RECOVERY_AND_DISCLOSURE_GAP(3).zip::BASE_V67.zip::BASE_V66.zip::BASE_V65.zip,zip,veredictov65md,3
FRONTERA_CICLO_AJUSTE_V68_PRIMARY_RECOVERY_AND_DISCLOSURE_GAP(3).zip,qa_v65.py,qa_v65.py,2379,1753553920,FRONTERA_CICLO_AJUSTE_V68_PRIMARY_RECOVERY_AND_DISCLOSURE_GAP(3).zip::BASE_V67.zip::BASE_V66.zip::BASE_V65.zip,zip,qav65py,3
FRONTERA_CICLO_AJUSTE_V68_PRIMARY_RECOVERY_AND_DISCLOSURE_GAP(3).zip,BASIS_HARMONIZATION_V66.csv,BASIS_HARMONIZATION_V66.csv,1555,376296483,FRONTERA_CICLO_AJUSTE_V68_PRIMARY_RECOVERY_AND_DISCLOSURE_GAP(3).zip::BASE_V67.zip::BASE_V66.zip,zip,basisharmonizationv66csv,2
FRONTERA_CICLO_AJUSTE_V68_PRIMARY_RECOVERY_AND_DISCLOSURE_GAP(3).zip,BCRA_BANK_SYSTEM_COVERAGE_V66.csv,BCRA_BANK_SYSTEM_COVERAGE_V66.csv,1907,1535409436,FRONTERA_CICLO_AJUSTE_V68_PRIMARY_RECOVERY_AND_DISCLOSURE_GAP(3).zip::BASE_V67.zip::BASE_V66.zip,zip,bcrabanksystemcoveragev66csv,2
FRONTERA_CICLO_AJUSTE_V68_PRIMARY_RECOVERY_AND_DISCLOSURE_GAP(3).zip,CLOSED_NETWORK_COVERAGE_V66.csv,CLOSED_NETWORK_COVERAGE_V66.csv,2110,1282797436,FRONTERA_CICLO_AJUSTE_V68_PRIMARY_RECOVERY_AND_DISCLOSURE_GAP(3).zip::BASE_V67.zip::BASE_V66.zip,zip,closednetworkcoveragev66csv,2
FRONTERA_CICLO_AJUSTE_V68_PRIMARY_RECOVERY_AND_DISCLOSURE_GAP(3).zip,CLOSED_NETWORK_NETTING_TEST_V66.csv,CLOSED_NETWORK_NETTING_TEST_V66.csv,976,1281532984,FRONTERA_CICLO_AJUSTE_V68_PRIMARY_RECOVERY_AND_DISCLOSURE_GAP(3).zip::BASE_V67.zip::BASE_V66.zip,zip,closednetworknettingtestv66csv,2
FRONTERA_CICLO_AJUSTE_V68_PRIMARY_RECOVERY_AND_DISCLOSURE_GAP(3).zip,COUNTERPARTY_UPDATE_V66.csv,COUNTERPARTY_UPDATE_V66.csv,2035,3571279854,FRONTERA_CICLO_AJUSTE_V68_PRIMARY_RECOVERY_AND_DISCLOSURE_GAP(3).zip::BASE_V67.zip::BASE_V66.zip,zip,counterpartyupdatev66csv,2
FRONTERA_CICLO_AJUSTE_V68_PRIMARY_RECOVERY_AND_DISCLOSURE_GAP(3).zip,CREDICOOP_FY_AQ_CONTROL_V66.csv,CREDICOOP_FY_AQ_CONTROL_V66.csv,646,1327492939,FRONTERA_CICLO_AJUSTE_V68_PRIMARY_RECOVERY_AND_DISCLOSURE_GAP(3).zip::BASE_V67.zip::BASE_V66.zip,zip,credicoopfyaqcontrolv66csv,2
FRONTERA_CICLO_AJUSTE_V68_PRIMARY_RECOVERY_AND_DISCLOSURE_GAP(3).zip,EVIDENCE_LEDGER_CICLO_AJUSTE_V66.csv,EVIDENCE_LEDGER_CICLO_AJUSTE_V66.csv,3522,2694553125,FRONTERA_CICLO_AJUSTE_V68_PRIMARY_RECOVERY_AND_DISCLOSURE_GAP(3).zip::BASE_V67.zip::BASE_V66.zip,zip,evidenceledgercicloajustev66csv,2
FRONTERA_CICLO_AJUSTE_V68_PRIMARY_RECOVERY_AND_DISCLOSURE_GAP(3).zip,FOUR_LEG_PASS_PANEL_V66.csv,FOUR_LEG_PASS_PANEL_V66.csv,2924,2118900509,FRONTERA_CICLO_AJUSTE_V68_PRIMARY_RECOVERY_AND_DISCLOSURE_GAP(3).zip::BASE_V67.zip::BASE_V66.zip,zip,fourlegpasspanelv66csv,2
FRONTERA_CICLO_AJUSTE_V68_PRIMARY_RECOVERY_AND_DISCLOSURE_GAP(3).zip,FUENTES_V66.md,FUENTES_V66.md,2284,3900082931,FRONTERA_CICLO_AJUSTE_V68_PRIMARY_RECOVERY_AND_DISCLOSURE_GAP(3).zip::BASE_V67.zip::BASE_V66.zip,zip,fuentesv66md,2
FRONTERA_CICLO_AJUSTE_V68_PRIMARY_RECOVERY_AND_DISCLOSURE_GAP(3).zip,HANDOVER_CODEX_CICLO_AJUSTE_V66_A_V67.md,HANDOVER_CODEX_CICLO_AJUSTE_V66_A_V67.md,2288,292401005,FRONTERA_CICLO_AJUSTE_V68_PRIMARY_RECOVERY_AND_DISCLOSURE_GAP(3).zip::BASE_V67.zip::BASE_V66.zip,zip,handovercodexcicloajustev66av67md,2
FRONTERA_CICLO_AJUSTE_V68_PRIMARY_RECOVERY_AND_DISCLOSURE_GAP(3).zip,HOUSEHOLD_PRODUCT_PANEL_V66.csv,HOUSEHOLD_PRODUCT_PANEL_V66.csv,2274,12949392,FRONTERA_CICLO_AJUSTE_V68_PRIMARY_RECOVERY_AND_DISCLOSURE_GAP(3).zip::BASE_V67.zip::BASE_V66.zip,zip,householdproductpanelv66csv,2
FRONTERA_CICLO_AJUSTE_V68_PRIMARY_RECOVERY_AND_DISCLOSURE_GAP(3).zip,HOUSEHOLD_SECTOR_MAPPING_V66.csv,HOUSEHOLD_SECTOR_MAPPING_V66.csv,2021,1113598436,FRONTERA_CICLO_AJUSTE_V68_PRIMARY_RECOVERY_AND_DISCLOSURE_GAP(3).zip::BASE_V67.zip::BASE_V66.zip,zip,householdsectormappingv66csv,2
FRONTERA_CICLO_AJUSTE_V68_PRIMARY_RECOVERY_AND_DISCLOSURE_GAP(3).zip,IEF_PASS_RECONCILIATION_V66.csv,IEF_PASS_RECONCILIATION_V66.csv,1071,1431190865,FRONTERA_CICLO_AJUSTE_V68_PRIMARY_RECOVERY_AND_DISCLOSURE_GAP(3).zip::BASE_V67.zip::BASE_V66.zip,zip,iefpassreconciliationv66csv,2
FRONTERA_CICLO_AJUSTE_V68_PRIMARY_RECOVERY_AND_DISCLOSURE_GAP(3).zip,INDIVIDUAL_AQ_RETRIEVAL_V66.csv,INDIVIDUAL_AQ_RETRIEVAL_V66.csv,1868,1221593141,FRONTERA_CICLO_AJUSTE_V68_PRIMARY_RECOVERY_AND_DISCLOSURE_GAP(3).zip::BASE_V67.zip::BASE_V66.zip,zip,individualaqretrievalv66csv,2
FRONTERA_CICLO_AJUSTE_V68_PRIMARY_RECOVERY_AND_DISCLOSURE_GAP(3).zip,MANIFEST_V66.json,MANIFEST_V66.json,5359,4193261028,FRONTERA_CICLO_AJUSTE_V68_PRIMARY_RECOVERY_AND_DISCLOSURE_GAP(3).zip::BASE_V67.zip::BASE_V66.zip,zip,manifestv66json,2
FRONTERA_CICLO_AJUSTE_V68_PRIMARY_RECOVERY_AND_DISCLOSURE_GAP(3).zip,PASS_COUNTERPARTY_BOUNDS_V66.csv,PASS_COUNTERPARTY_BOUNDS_V66.csv,1797,46696940,FRONTERA_CICLO_AJUSTE_V68_PRIMARY_RECOVERY_AND_DISCLOSURE_GAP(3).zip::BASE_V67.zip::BASE_V66.zip,zip,passcounterpartyboundsv66csv,2
FRONTERA_CICLO_AJUSTE_V68_PRIMARY_RECOVERY_AND_DISCLOSURE_GAP(3).zip,PROMPT_CODEX_V67_LARGE_BANK_9M_RETRIEVAL_AND_COVERAGE_SCALEUP.md,PROMPT_CODEX_V67_LARGE_BANK_9M_RETRIEVAL_AND_COVERAGE_SCALEUP.md,2178,3353662819,FRONTERA_CICLO_AJUSTE_V68_PRIMARY_RECOVERY_AND_DISCLOSURE_GAP(3).zip::BASE_V67.zip::BASE_V66.zip,zip,promptcodexv67largebank9mretrievalandcoveragescaleupmd,2
FRONTERA_CICLO_AJUSTE_V68_PRIMARY_RECOVERY_AND_DISCLOSURE_GAP(3).zip,QA_RESULT_V66.txt,QA_RESULT_V66.txt,5,3256905966,FRONTERA_CICLO_AJUSTE_V68_PRIMARY_RECOVERY_AND_DISCLOSURE_GAP(3).zip::BASE_V67.zip::BASE_V66.zip,zip,qaresultv66txt,2
FRONTERA_CICLO_AJUSTE_V68_PRIMARY_RECOVERY_AND_DISCLOSURE_GAP(3).zip,README_V66.md,README_V66.md,575,2490030557,FRONTERA_CICLO_AJUSTE_V68_PRIMARY_RECOVERY_AND_DISCLOSURE_GAP(3).zip::BASE_V67.zip::BASE_V66.zip,zip,readmev66md,2
FRONTERA_CICLO_AJUSTE_V68_PRIMARY_RECOVERY_AND_DISCLOSURE_GAP(3).zip,SUPERVIELLE_Q4_PASS_BOUND_V66.csv,SUPERVIELLE_Q4_PASS_BOUND_V66.csv,1423,1900830964,FRONTERA_CICLO_AJUSTE_V68_PRIMARY_RECOVERY_AND_DISCLOSURE_GAP(3).zip::BASE_V67.zip::BASE_V66.zip,zip,supervielleq4passboundv66csv,2
FRONTERA_CICLO_AJUSTE_V68_PRIMARY_RECOVERY_AND_DISCLOSURE_GAP(3).zip,VEREDICTO_V66.md,VEREDICTO_V66.md,3305,343577189,FRONTERA_CICLO_AJUSTE_V68_PRIMARY_RECOVERY_AND_DISCLOSURE_GAP(3).zip::BASE_V67.zip::BASE_V66.zip,zip,veredictov66md,2
FRONTERA_CICLO_AJUSTE_V68_PRIMARY_RECOVERY_AND_DISCLOSURE_GAP(3).zip,qa_v66.py,qa_v66.py,3290,2536142287,FRONTERA_CICLO_AJUSTE_V68_PRIMARY_RECOVERY_AND_DISCLOSURE_GAP(3).zip::BASE_V67.zip::BASE_V66.zip,zip,qav66py,2
FRONTERA_CICLO_AJUSTE_V68_PRIMARY_RECOVERY_AND_DISCLOSURE_GAP(3).zip,BASIS_HARMONIZATION_V67.csv,BASIS_HARMONIZATION_V67.csv,1555,376296483,FRONTERA_CICLO_AJUSTE_V68_PRIMARY_RECOVERY_AND_DISCLOSURE_GAP(3).zip::BASE_V67.zip,zip,basisharmonizationv67csv,1
FRONTERA_CICLO_AJUSTE_V68_PRIMARY_RECOVERY_AND_DISCLOSURE_GAP(3).zip,BCRA_BANK_SYSTEM_COVERAGE_V67.csv,BCRA_BANK_SYSTEM_COVERAGE_V67.csv,1953,943611645,FRONTERA_CICLO_AJUSTE_V68_PRIMARY_RECOVERY_AND_DISCLOSURE_GAP(3).zip::BASE_V67.zip,zip,bcrabanksystemcoveragev67csv,1
FRONTERA_CICLO_AJUSTE_V68_PRIMARY_RECOVERY_AND_DISCLOSURE_GAP(3).zip,CLOSED_NETWORK_COVERAGE_V67.csv,CLOSED_NETWORK_COVERAGE_V67.csv,2266,1249331597,FRONTERA_CICLO_AJUSTE_V68_PRIMARY_RECOVERY_AND_DISCLOSURE_GAP(3).zip::BASE_V67.zip,zip,closednetworkcoveragev67csv,1
FRONTERA_CICLO_AJUSTE_V68_PRIMARY_RECOVERY_AND_DISCLOSURE_GAP(3).zip,CLOSED_NETWORK_NETTING_TEST_V67.csv,CLOSED_NETWORK_NETTING_TEST_V67.csv,1290,520219480,FRONTERA_CICLO_AJUSTE_V68_PRIMARY_RECOVERY_AND_DISCLOSURE_GAP(3).zip::BASE_V67.zip,zip,closednetworknettingtestv67csv,1
FRONTERA_CICLO_AJUSTE_V68_PRIMARY_RECOVERY_AND_DISCLOSURE_GAP(3).zip,COUNTERPARTY_UPDATE_V67.csv,COUNTERPARTY_UPDATE_V67.csv,2206,3228723356,FRONTERA_CICLO_AJUSTE_V68_PRIMARY_RECOVERY_AND_DISCLOSURE_GAP(3).zip::BASE_V67.zip,zip,counterpartyupdatev67csv,1
FRONTERA_CICLO_AJUSTE_V68_PRIMARY_RECOVERY_AND_DISCLOSURE_GAP(3).zip,CREDICOOP_FY_AQ_CONTROL_V67.csv,CREDICOOP_FY_AQ_CONTROL_V67.csv,646,1327492939,FRONTERA_CICLO_AJUSTE_V68_PRIMARY_RECOVERY_AND_DISCLOSURE_GAP(3).zip::BASE_V67.zip,zip,credicoopfyaqcontrolv67csv,1
FRONTERA_CICLO_AJUSTE_V68_PRIMARY_RECOVERY_AND_DISCLOSURE_GAP(3).zip,EVIDENCE_LEDGER_CICLO_AJUSTE_V67.csv,EVIDENCE_LEDGER_CICLO_AJUSTE_V67.csv,5641,1629457137,FRONTERA_CICLO_AJUSTE_V68_PRIMARY_RECOVERY_AND_DISCLOSURE_GAP(3).zip::BASE_V67.zip,zip,evidenceledgercicloajustev67csv,1
FRONTERA_CICLO_AJUSTE_V68_PRIMARY_RECOVERY_AND_DISCLOSURE_GAP(3).zip,FOUR_LEG_PASS_PANEL_V67.csv,FOUR_LEG_PASS_PANEL_V67.csv,3430,2124944684,FRONTERA_CICLO_AJUSTE_V68_PRIMARY_RECOVERY_AND_DISCLOSURE_GAP(3).zip::BASE_V67.zip,zip,fourlegpasspanelv67csv,1
FRONTERA_CICLO_AJUSTE_V68_PRIMARY_RECOVERY_AND_DISCLOSURE_GAP(3).zip,FUENTES_V67.md,FUENTES_V67.md,2220,215777119,FRONTERA_CICLO_AJUSTE_V68_PRIMARY_RECOVERY_AND_DISCLOSURE_GAP(3).zip::BASE_V67.zip,zip,fuentesv67md,1
FRONTERA_CICLO_AJUSTE_V68_PRIMARY_RECOVERY_AND_DISCLOSURE_GAP(3).zip,HANDOVER_CODEX_CICLO_AJUSTE_V67_A_V68.md,HANDOVER_CODEX_CICLO_AJUSTE_V67_A_V68.md,2790,1328205456,FRONTERA_CICLO_AJUSTE_V68_PRIMARY_RECOVERY_AND_DISCLOSURE_GAP(3).zip::BASE_V67.zip,zip,handovercodexcicloajustev67av68md,1
FRONTERA_CICLO_AJUSTE_V68_PRIMARY_RECOVERY_AND_DISCLOSURE_GAP(3).zip,HOUSEHOLD_PRODUCT_PANEL_V67.csv,HOUSEHOLD_PRODUCT_PANEL_V67.csv,2274,12949392,FRONTERA_CICLO_AJUSTE_V68_PRIMARY_RECOVERY_AND_DISCLOSURE_GAP(3).zip::BASE_V67.zip,zip,householdproductpanelv67csv,1
FRONTERA_CICLO_AJUSTE_V68_PRIMARY_RECOVERY_AND_DISCLOSURE_GAP(3).zip,HOUSEHOLD_SECTOR_MAPPING_V67.csv,HOUSEHOLD_SECTOR_MAPPING_V67.csv,2021,1113598436,FRONTERA_CICLO_AJUSTE_V68_PRIMARY_RECOVERY_AND_DISCLOSURE_GAP(3).zip::BASE_V67.zip,zip,householdsectormappingv67csv,1
FRONTERA_CICLO_AJUSTE_V68_PRIMARY_RECOVERY_AND_DISCLOSURE_GAP(3).zip,IEF_PASS_RECONCILIATION_V67.csv,IEF_PASS_RECONCILIATION_V67.csv,1070,643385172,FRONTERA_CICLO_AJUSTE_V68_PRIMARY_RECOVERY_AND_DISCLOSURE_GAP(3).zip::BASE_V67.zip,zip,iefpassreconciliationv67csv,1
FRONTERA_CICLO_AJUSTE_V68_PRIMARY_RECOVERY_AND_DISCLOSURE_GAP(3).zip,INDIVIDUAL_AQ_RETRIEVAL_V67.csv,INDIVIDUAL_AQ_RETRIEVAL_V67.csv,2349,2887612427,FRONTERA_CICLO_AJUSTE_V68_PRIMARY_RECOVERY_AND_DISCLOSURE_GAP(3).zip::BASE_V67.zip,zip,individualaqretrievalv67csv,1
FRONTERA_CICLO_AJUSTE_V68_PRIMARY_RECOVERY_AND_DISCLOSURE_GAP(3).zip,MACRO_Q4_AQ_BRIDGE_V67.csv,MACRO_Q4_AQ_BRIDGE_V67.csv,1068,2863222135,FRONTERA_CICLO_AJUSTE_V68_PRIMARY_RECOVERY_AND_DISCLOSURE_GAP(3).zip::BASE_V67.zip,zip,macroq4aqbridgev67csv,1
FRONTERA_CICLO_AJUSTE_V68_PRIMARY_RECOVERY_AND_DISCLOSURE_GAP(3).zip,MANIFEST_V67.json,MANIFEST_V67.json,4350,420749420,FRONTERA_CICLO_AJUSTE_V68_PRIMARY_RECOVERY_AND_DISCLOSURE_GAP(3).zip::BASE_V67.zip,zip,manifestv67json,1
FRONTERA_CICLO_AJUSTE_V68_PRIMARY_RECOVERY_AND_DISCLOSURE_GAP(3).zip,PASS_COUNTERPARTY_BOUNDS_V67.csv,PASS_COUNTERPARTY_BOUNDS_V67.csv,2077,2407315882,FRONTERA_CICLO_AJUSTE_V68_PRIMARY_RECOVERY_AND_DISCLOSURE_GAP(3).zip::BASE_V67.zip,zip,passcounterpartyboundsv67csv,1
FRONTERA_CICLO_AJUSTE_V68_PRIMARY_RECOVERY_AND_DISCLOSURE_GAP(3).zip,PROMPT_CODEX_V68_PRIMARY_BINARY_RECOVERY_AND_LARGE_BANK_COVERAGE.md,PROMPT_CODEX_V68_PRIMARY_BINARY_RECOVERY_AND_LARGE_BANK_COVERAGE.md,2051,3937866636,FRONTERA_CICLO_AJUSTE_V68_PRIMARY_RECOVERY_AND_DISCLOSURE_GAP(3).zip::BASE_V67.zip,zip,promptcodexv68primarybinaryrecoveryandlargebankcoveragemd,1
FRONTERA_CICLO_AJUSTE_V68_PRIMARY_RECOVERY_AND_DISCLOSURE_GAP(3).zip,QA_RESULT_V67.txt,QA_RESULT_V67.txt,8,3876089645,FRONTERA_CICLO_AJUSTE_V68_PRIMARY_RECOVERY_AND_DISCLOSURE_GAP(3).zip::BASE_V67.zip,zip,qaresultv67txt,1
FRONTERA_CICLO_AJUSTE_V68_PRIMARY_RECOVERY_AND_DISCLOSURE_GAP(3).zip,README_V67.md,README_V67.md,749,1064837456,FRONTERA_CICLO_AJUSTE_V68_PRIMARY_RECOVERY_AND_DISCLOSURE_GAP(3).zip::BASE_V67.zip,zip,readmev67md,1
FRONTERA_CICLO_AJUSTE_V68_PRIMARY_RECOVERY_AND_DISCLOSURE_GAP(3).zip,SUPERVIELLE_Q4_PASS_BOUND_V67.csv,SUPERVIELLE_Q4_PASS_BOUND_V67.csv,1423,1900830964,FRONTERA_CICLO_AJUSTE_V68_PRIMARY_RECOVERY_AND_DISCLOSURE_GAP(3).zip::BASE_V67.zip,zip,supervielleq4passboundv67csv,1
FRONTERA_CICLO_AJUSTE_V68_PRIMARY_RECOVERY_AND_DISCLOSURE_GAP(3).zip,VEREDICTO_V67.md,VEREDICTO_V67.md,3675,4178015754,FRONTERA_CICLO_AJUSTE_V68_PRIMARY_RECOVERY_AND_DISCLOSURE_GAP(3).zip::BASE_V67.zip,zip,veredictov67md,1
FRONTERA_CICLO_AJUSTE_V68_PRIMARY_RECOVERY_AND_DISCLOSURE_GAP(3).zip,qa_v67.py,qa_v67.py,2423,2190111867,FRONTERA_CICLO_AJUSTE_V68_PRIMARY_RECOVERY_AND_DISCLOSURE_GAP(3).zip::BASE_V67.zip,zip,qav67py,1
FRONTERA_CICLO_AJUSTE_V68_PRIMARY_RECOVERY_AND_DISCLOSURE_GAP(3).zip,BASIS_HARMONIZATION_V68.csv,BASIS_HARMONIZATION_V68.csv,1550,4023280717,FRONTERA_CICLO_AJUSTE_V68_PRIMARY_RECOVERY_AND_DISCLOSURE_GAP(3).zip,zip,basisharmonizationv68csv,0
FRONTERA_CICLO_AJUSTE_V68_PRIMARY_RECOVERY_AND_DISCLOSURE_GAP(3).zip,BCRA_BANK_SYSTEM_COVERAGE_V68.csv,BCRA_BANK_SYSTEM_COVERAGE_V68.csv,2447,1363191396,FRONTERA_CICLO_AJUSTE_V68_PRIMARY_RECOVERY_AND_DISCLOSURE_GAP(3).zip,zip,bcrabanksystemcoveragev68csv,0
FRONTERA_CICLO_AJUSTE_V68_PRIMARY_RECOVERY_AND_DISCLOSURE_GAP(3).zip,CLOSED_NETWORK_COVERAGE_V68.csv,CLOSED_NETWORK_COVERAGE_V68.csv,2685,1005467089,FRONTERA_CICLO_AJUSTE_V68_PRIMARY_RECOVERY_AND_DISCLOSURE_GAP(3).zip,zip,closednetworkcoveragev68csv,0
FRONTERA_CICLO_AJUSTE_V68_PRIMARY_RECOVERY_AND_DISCLOSURE_GAP(3).zip,CLOSED_NETWORK_NETTING_TEST_V68.csv,CLOSED_NETWORK_NETTING_TEST_V68.csv,1533,3302075545,FRONTERA_CICLO_AJUSTE_V68_PRIMARY_RECOVERY_AND_DISCLOSURE_GAP(3).zip,zip,closednetworknettingtestv68csv,0
FRONTERA_CICLO_AJUSTE_V68_PRIMARY_RECOVERY_AND_DISCLOSURE_GAP(3).zip,COUNTERPARTY_UPDATE_V68.csv,COUNTERPARTY_UPDATE_V68.csv,2568,470745647,FRONTERA_CICLO_AJUSTE_V68_PRIMARY_RECOVERY_AND_DISCLOSURE_GAP(3).zip,zip,counterpartyupdatev68csv,0
FRONTERA_CICLO_AJUSTE_V68_PRIMARY_RECOVERY_AND_DISCLOSURE_GAP(3).zip,CREDICOOP_FY_AQ_CONTROL_V68.csv,CREDICOOP_FY_AQ_CONTROL_V68.csv,644,2419508690,FRONTERA_CICLO_AJUSTE_V68_PRIMARY_RECOVERY_AND_DISCLOSURE_GAP(3).zip,zip,credicoopfyaqcontrolv68csv,0
FRONTERA_CICLO_AJUSTE_V68_PRIMARY_RECOVERY_AND_DISCLOSURE_GAP(3).zip,EVIDENCE_LEDGER_CICLO_AJUSTE_V68.csv,EVIDENCE_LEDGER_CICLO_AJUSTE_V68.csv,7182,2930518779,FRONTERA_CICLO_AJUSTE_V68_PRIMARY_RECOVERY_AND_DISCLOSURE_GAP(3).zip,zip,evidenceledgercicloajustev68csv,0
FRONTERA_CICLO_AJUSTE_V68_PRIMARY_RECOVERY_AND_DISCLOSURE_GAP(3).zip,FOUR_LEG_PASS_PANEL_V68.csv,FOUR_LEG_PASS_PANEL_V68.csv,3881,1726141292,FRONTERA_CICLO_AJUSTE_V68_PRIMARY_RECOVERY_AND_DISCLOSURE_GAP(3).zip,zip,fourlegpasspanelv68csv,0
FRONTERA_CICLO_AJUSTE_V68_PRIMARY_RECOVERY_AND_DISCLOSURE_GAP(3).zip,FUENTES_V68.md,FUENTES_V68.md,2359,4160056047,FRONTERA_CICLO_AJUSTE_V68_PRIMARY_RECOVERY_AND_DISCLOSURE_GAP(3).zip,zip,fuentesv68md,0
FRONTERA_CICLO_AJUSTE_V68_PRIMARY_RECOVERY_AND_DISCLOSURE_GAP(3).zip,HANDOVER_CODEX_CICLO_AJUSTE_V68_A_V69.md,HANDOVER_CODEX_CICLO_AJUSTE_V68_A_V69.md,2546,2154763391,FRONTERA_CICLO_AJUSTE_V68_PRIMARY_RECOVERY_AND_DISCLOSURE_GAP(3).zip,zip,handovercodexcicloajustev68av69md,0
FRONTERA_CICLO_AJUSTE_V68_PRIMARY_RECOVERY_AND_DISCLOSURE_GAP(3).zip,HOUSEHOLD_PRODUCT_PANEL_V68.csv,HOUSEHOLD_PRODUCT_PANEL_V68.csv,2265,4251071759,FRONTERA_CICLO_AJUSTE_V68_PRIMARY_RECOVERY_AND_DISCLOSURE_GAP(3).zip,zip,householdproductpanelv68csv,0
FRONTERA_CICLO_AJUSTE_V68_PRIMARY_RECOVERY_AND_DISCLOSURE_GAP(3).zip,HOUSEHOLD_SECTOR_MAPPING_V68.csv,HOUSEHOLD_SECTOR_MAPPING_V68.csv,2015,3659446790,FRONTERA_CICLO_AJUSTE_V68_PRIMARY_RECOVERY_AND_DISCLOSURE_GAP(3).zip,zip,householdsectormappingv68csv,0
FRONTERA_CICLO_AJUSTE_V68_PRIMARY_RECOVERY_AND_DISCLOSURE_GAP(3).zip,IEF_PASS_RECONCILIATION_V68.csv,IEF_PASS_RECONCILIATION_V68.csv,1191,2760382313,FRONTERA_CICLO_AJUSTE_V68_PRIMARY_RECOVERY_AND_DISCLOSURE_GAP(3).zip,zip,iefpassreconciliationv68csv,0
FRONTERA_CICLO_AJUSTE_V68_PRIMARY_RECOVERY_AND_DISCLOSURE_GAP(3).zip,INDIVIDUAL_AQ_RETRIEVAL_V68.csv,INDIVIDUAL_AQ_RETRIEVAL_V68.csv,2872,2980050878,FRONTERA_CICLO_AJUSTE_V68_PRIMARY_RECOVERY_AND_DISCLOSURE_GAP(3).zip,zip,individualaqretrievalv68csv,0
FRONTERA_CICLO_AJUSTE_V68_PRIMARY_RECOVERY_AND_DISCLOSURE_GAP(3).zip,MACRO_Q4_AQ_BRIDGE_V68.csv,MACRO_Q4_AQ_BRIDGE_V68.csv,1068,2863222135,FRONTERA_CICLO_AJUSTE_V68_PRIMARY_RECOVERY_AND_DISCLOSURE_GAP(3).zip,zip,macroq4aqbridgev68csv,0
FRONTERA_CICLO_AJUSTE_V68_PRIMARY_RECOVERY_AND_DISCLOSURE_GAP(3).zip,MANIFEST_V68.json,MANIFEST_V68.json,4859,3162956574,FRONTERA_CICLO_AJUSTE_V68_PRIMARY_RECOVERY_AND_DISCLOSURE_GAP(3).zip,zip,manifestv68json,0
FRONTERA_CICLO_AJUSTE_V68_PRIMARY_RECOVERY_AND_DISCLOSURE_GAP(3).zip,PASS_COUNTERPARTY_BOUNDS_V68.csv,PASS_COUNTERPARTY_BOUNDS_V68.csv,2993,3555953616,FRONTERA_CICLO_AJUSTE_V68_PRIMARY_RECOVERY_AND_DISCLOSURE_GAP(3).zip,zip,passcounterpartyboundsv68csv,0
FRONTERA_CICLO_AJUSTE_V68_PRIMARY_RECOVERY_AND_DISCLOSURE_GAP(3).zip,PROMPT_CODEX_V69_ALTERNATE_INTERIM_AQ_SOURCE_AND_PUBLIC_BANK_SCALEUP.md,PROMPT_CODEX_V69_ALTERNATE_INTERIM_AQ_SOURCE_AND_PUBLIC_BANK_SCALEUP.md,2121,2808307764,FRONTERA_CICLO_AJUSTE_V68_PRIMARY_RECOVERY_AND_DISCLOSURE_GAP(3).zip,zip,promptcodexv69alternateinterimaqsourceandpublicbankscaleupmd,0
FRONTERA_CICLO_AJUSTE_V68_PRIMARY_RECOVERY_AND_DISCLOSURE_GAP(3).zip,QA_RESULT_V68.txt,QA_RESULT_V68.txt,8,3876089645,FRONTERA_CICLO_AJUSTE_V68_PRIMARY_RECOVERY_AND_DISCLOSURE_GAP(3).zip,zip,qaresultv68txt,0
FRONTERA_CICLO_AJUSTE_V68_PRIMARY_RECOVERY_AND_DISCLOSURE_GAP(3).zip,README_V68.md,README_V68.md,713,2539250619,FRONTERA_CICLO_AJUSTE_V68_PRIMARY_RECOVERY_AND_DISCLOSURE_GAP(3).zip,zip,readmev68md,0
FRONTERA_CICLO_AJUSTE_V68_PRIMARY_RECOVERY_AND_DISCLOSURE_GAP(3).zip,SANTANDER_FY_AQ_CONTROL_V68.csv,SANTANDER_FY_AQ_CONTROL_V68.csv,915,1380545139,FRONTERA_CICLO_AJUSTE_V68_PRIMARY_RECOVERY_AND_DISCLOSURE_GAP(3).zip,zip,santanderfyaqcontrolv68csv,0
FRONTERA_CICLO_AJUSTE_V68_PRIMARY_RECOVERY_AND_DISCLOSURE_GAP(3).zip,SANTANDER_INTERIM_ANNEX_AUDIT_V68.md,SANTANDER_INTERIM_ANNEX_AUDIT_V68.md,1885,3355248733,FRONTERA_CICLO_AJUSTE_V68_PRIMARY_RECOVERY_AND_DISCLOSURE_GAP(3).zip,zip,santanderinterimannexauditv68md,0
FRONTERA_CICLO_AJUSTE_V68_PRIMARY_RECOVERY_AND_DISCLOSURE_GAP(3).zip,SANTANDER_PRIMARY_RECOVERY_V68.csv,SANTANDER_PRIMARY_RECOVERY_V68.csv,1660,1582198466,FRONTERA_CICLO_AJUSTE_V68_PRIMARY_RECOVERY_AND_DISCLOSURE_GAP(3).zip,zip,santanderprimaryrecoveryv68csv,0
FRONTERA_CICLO_AJUSTE_V68_PRIMARY_RECOVERY_AND_DISCLOSURE_GAP(3).zip,SUPERVIELLE_Q4_PASS_BOUND_V68.csv,SUPERVIELLE_Q4_PASS_BOUND_V68.csv,1415,1401335083,FRONTERA_CICLO_AJUSTE_V68_PRIMARY_RECOVERY_AND_DISCLOSURE_GAP(3).zip,zip,supervielleq4passboundv68csv,0
FRONTERA_CICLO_AJUSTE_V68_PRIMARY_RECOVERY_AND_DISCLOSURE_GAP(3).zip,VEREDICTO_V68.md,VEREDICTO_V68.md,2152,2434061285,FRONTERA_CICLO_AJUSTE_V68_PRIMARY_RECOVERY_AND_DISCLOSURE_GAP(3).zip,zip,veredictov68md,0
FRONTERA_CICLO_AJUSTE_V68_PRIMARY_RECOVERY_AND_DISCLOSURE_GAP(3).zip,qa_v68.py,qa_v68.py,4278,1135764913,FRONTERA_CICLO_AJUSTE_V68_PRIMARY_RECOVERY_AND_DISCLOSURE_GAP(3).zip,zip,qav68py,0
FRONTERA_CICLO_AJUSTE_V69_PUBLIC_BANK_SOURCE_PATH_AND_COVERAGE_PRIORITY(3).zip,AUDITORIA_V69.md,AUDITORIA_V69.md,3334,3010682733,FRONTERA_CICLO_AJUSTE_V69_PUBLIC_BANK_SOURCE_PATH_AND_COVERAGE_PRIORITY(3).zip,zip,auditoriav69md,0
FRONTERA_CICLO_AJUSTE_V69_PUBLIC_BANK_SOURCE_PATH_AND_COVERAGE_PRIORITY(3).zip,BANCO_VALORES_Q4_AQ_BRIDGE_V69.csv,BANCO_VALORES_Q4_AQ_BRIDGE_V69.csv,1136,3030639483,FRONTERA_CICLO_AJUSTE_V69_PUBLIC_BANK_SOURCE_PATH_AND_COVERAGE_PRIORITY(3).zip,zip,bancovaloresq4aqbridgev69csv,0
FRONTERA_CICLO_AJUSTE_V69_PUBLIC_BANK_SOURCE_PATH_AND_COVERAGE_PRIORITY(3).zip,BAPRO_FY_AQ_CONTROL_V69.csv,BAPRO_FY_AQ_CONTROL_V69.csv,597,222553740,FRONTERA_CICLO_AJUSTE_V69_PUBLIC_BANK_SOURCE_PATH_AND_COVERAGE_PRIORITY(3).zip,zip,baprofyaqcontrolv69csv,0
FRONTERA_CICLO_AJUSTE_V69_PUBLIC_BANK_SOURCE_PATH_AND_COVERAGE_PRIORITY(3).zip,BASE_V68.zip,BASE_V68.zip,1694882,13862130,FRONTERA_CICLO_AJUSTE_V69_PUBLIC_BANK_SOURCE_PATH_AND_COVERAGE_PRIORITY(3).zip,zip,basev68zip,0
FRONTERA_CICLO_AJUSTE_V69_PUBLIC_BANK_SOURCE_PATH_AND_COVERAGE_PRIORITY(3).zip,AUDITORIA_V68.md,AUDITORIA_V68.md,3054,1605353006,FRONTERA_CICLO_AJUSTE_V69_PUBLIC_BANK_SOURCE_PATH_AND_COVERAGE_PRIORITY(3).zip::BASE_V68.zip,zip,auditoriav68md,1
FRONTERA_CICLO_AJUSTE_V69_PUBLIC_BANK_SOURCE_PATH_AND_COVERAGE_PRIORITY(3).zip,BANCO_VALORES_Q4_AQ_BRIDGE_V68.csv,BANCO_VALORES_Q4_AQ_BRIDGE_V68.csv,1136,3030639483,FRONTERA_CICLO_AJUSTE_V69_PUBLIC_BANK_SOURCE_PATH_AND_COVERAGE_PRIORITY(3).zip::BASE_V68.zip,zip,bancovaloresq4aqbridgev68csv,1
FRONTERA_CICLO_AJUSTE_V69_PUBLIC_BANK_SOURCE_PATH_AND_COVERAGE_PRIORITY(3).zip,BAPRO_FY_AQ_CONTROL_V68.csv,BAPRO_FY_AQ_CONTROL_V68.csv,597,222553740,FRONTERA_CICLO_AJUSTE_V69_PUBLIC_BANK_SOURCE_PATH_AND_COVERAGE_PRIORITY(3).zip::BASE_V68.zip,zip,baprofyaqcontrolv68csv,1
FRONTERA_CICLO_AJUSTE_V69_PUBLIC_BANK_SOURCE_PATH_AND_COVERAGE_PRIORITY(3).zip,BASE_V67.zip,BASE_V67.zip,1663160,2407141257,FRONTERA_CICLO_AJUSTE_V69_PUBLIC_BANK_SOURCE_PATH_AND_COVERAGE_PRIORITY(3).zip::BASE_V68.zip,zip,basev67zip,1
FRONTERA_CICLO_AJUSTE_V69_PUBLIC_BANK_SOURCE_PATH_AND_COVERAGE_PRIORITY(3).zip,AUDITORIA_V67.md,AUDITORIA_V67.md,3414,950130856,FRONTERA_CICLO_AJUSTE_V69_PUBLIC_BANK_SOURCE_PATH_AND_COVERAGE_PRIORITY(3).zip::BASE_V68.zip::BASE_V67.zip,zip,auditoriav67md,2
FRONTERA_CICLO_AJUSTE_V69_PUBLIC_BANK_SOURCE_PATH_AND_COVERAGE_PRIORITY(3).zip,BANCO_VALORES_Q4_AQ_BRIDGE_V67.csv,BANCO_VALORES_Q4_AQ_BRIDGE_V67.csv,1143,2548155514,FRONTERA_CICLO_AJUSTE_V69_PUBLIC_BANK_SOURCE_PATH_AND_COVERAGE_PRIORITY(3).zip::BASE_V68.zip::BASE_V67.zip,zip,bancovaloresq4aqbridgev67csv,2
FRONTERA_CICLO_AJUSTE_V69_PUBLIC_BANK_SOURCE_PATH_AND_COVERAGE_PRIORITY(3).zip,BAPRO_FY_AQ_CONTROL_V67.csv,BAPRO_FY_AQ_CONTROL_V67.csv,599,3237171993,FRONTERA_CICLO_AJUSTE_V69_PUBLIC_BANK_SOURCE_PATH_AND_COVERAGE_PRIORITY(3).zip::BASE_V68.zip::BASE_V67.zip,zip,baprofyaqcontrolv67csv,2
FRONTERA_CICLO_AJUSTE_V69_PUBLIC_BANK_SOURCE_PATH_AND_COVERAGE_PRIORITY(3).zip,BASE_V66.zip,BASE_V66.zip,1635331,3887325092,FRONTERA_CICLO_AJUSTE_V69_PUBLIC_BANK_SOURCE_PATH_AND_COVERAGE_PRIORITY(3).zip::BASE_V68.zip::BASE_V67.zip,zip,basev66zip,2
FRONTERA_CICLO_AJUSTE_V69_PUBLIC_BANK_SOURCE_PATH_AND_COVERAGE_PRIORITY(3).zip,AUDITORIA_V66.md,AUDITORIA_V66.md,3515,3170660376,FRONTERA_CICLO_AJUSTE_V69_PUBLIC_BANK_SOURCE_PATH_AND_COVERAGE_PRIORITY(3).zip::BASE_V68.zip::BASE_V67.zip::BASE_V66.zip,zip,auditoriav66md,3
FRONTERA_CICLO_AJUSTE_V69_PUBLIC_BANK_SOURCE_PATH_AND_COVERAGE_PRIORITY(3).zip,BANCO_VALORES_Q4_AQ_BRIDGE_V66.csv,BANCO_VALORES_Q4_AQ_BRIDGE_V66.csv,1143,2548155514,FRONTERA_CICLO_AJUSTE_V69_PUBLIC_BANK_SOURCE_PATH_AND_COVERAGE_PRIORITY(3).zip::BASE_V68.zip::BASE_V67.zip::BASE_V66.zip,zip,bancovaloresq4aqbridgev66csv,3
FRONTERA_CICLO_AJUSTE_V69_PUBLIC_BANK_SOURCE_PATH_AND_COVERAGE_PRIORITY(3).zip,BAPRO_FY_AQ_CONTROL_V66.csv,BAPRO_FY_AQ_CONTROL_V66.csv,599,3237171993,FRONTERA_CICLO_AJUSTE_V69_PUBLIC_BANK_SOURCE_PATH_AND_COVERAGE_PRIORITY(3).zip::BASE_V68.zip::BASE_V67.zip::BASE_V66.zip,zip,baprofyaqcontrolv66csv,3
FRONTERA_CICLO_AJUSTE_V69_PUBLIC_BANK_SOURCE_PATH_AND_COVERAGE_PRIORITY(3).zip,BASE_V65.zip,BASE_V65.zip,1609028,3617633679,FRONTERA_CICLO_AJUSTE_V69_PUBLIC_BANK_SOURCE_PATH_AND_COVERAGE_PRIORITY(3).zip::BASE_V68.zip::BASE_V67.zip::BASE_V66.zip,zip,basev65zip,3
FRONTERA_CICLO_AJUSTE_V69_PUBLIC_BANK_SOURCE_PATH_AND_COVERAGE_PRIORITY(3).zip,AUDITORIA_V65.md,AUDITORIA_V65.md,2546,2420171534,FRONTERA_CICLO_AJUSTE_V69_PUBLIC_BANK_SOURCE_PATH_AND_COVERAGE_PRIORITY(3).zip::BASE_V68.zip::BASE_V67.zip::BASE_V66.zip::BASE_V65.zip,zip,auditoriav65md,4
FRONTERA_CICLO_AJUSTE_V69_PUBLIC_BANK_SOURCE_PATH_AND_COVERAGE_PRIORITY(3).zip,BAPRO_FY_AQ_CONTROL_V65.csv,BAPRO_FY_AQ_CONTROL_V65.csv,528,1848146163,FRONTERA_CICLO_AJUSTE_V69_PUBLIC_BANK_SOURCE_PATH_AND_COVERAGE_PRIORITY(3).zip::BASE_V68.zip::BASE_V67.zip::BASE_V66.zip::BASE_V65.zip,zip,baprofyaqcontrolv65csv,4
FRONTERA_CICLO_AJUSTE_V69_PUBLIC_BANK_SOURCE_PATH_AND_COVERAGE_PRIORITY(3).zip,BASE_V64.zip,BASE_V64.zip,1587524,3096929230,FRONTERA_CICLO_AJUSTE_V69_PUBLIC_BANK_SOURCE_PATH_AND_COVERAGE_PRIORITY(3).zip::BASE_V68.zip::BASE_V67.zip::BASE_V66.zip::BASE_V65.zip,zip,basev64zip,4
FRONTERA_CICLO_AJUSTE_V69_PUBLIC_BANK_SOURCE_PATH_AND_COVERAGE_PRIORITY(3).zip,v64/VEREDICTO_V64.md,VEREDICTO_V64.md,3541,2631155135,FRONTERA_CICLO_AJUSTE_V69_PUBLIC_BANK_SOURCE_PATH_AND_COVERAGE_PRIORITY(3).zip::BASE_V68.zip::BASE_V67.zip::BASE_V66.zip::BASE_V65.zip::BASE_V64.zip,zip,veredictov64md,5
FRONTERA_CICLO_AJUSTE_V69_PUBLIC_BANK_SOURCE_PATH_AND_COVERAGE_PRIORITY(3).zip,v64/ICBC_Q4_AQ_BRIDGE_V64.csv,ICBC_Q4_AQ_BRIDGE_V64.csv,1214,1093793547,FRONTERA_CICLO_AJUSTE_V69_PUBLIC_BANK_SOURCE_PATH_AND_COVERAGE_PRIORITY(3).zip::BASE_V68.zip::BASE_V67.zip::BASE_V66.zip::BASE_V65.zip::BASE_V64.zip,zip,icbcq4aqbridgev64csv,5
FRONTERA_CICLO_AJUSTE_V69_PUBLIC_BANK_SOURCE_PATH_AND_COVERAGE_PRIORITY(3).zip,v64/BASE_V63.zip,BASE_V63.zip,1568045,1768785680,FRONTERA_CICLO_AJUSTE_V69_PUBLIC_BANK_SOURCE_PATH_AND_COVERAGE_PRIORITY(3).zip::BASE_V68.zip::BASE_V67.zip::BASE_V66.zip::BASE_V65.zip::BASE_V64.zip,zip,basev63zip,5
FRONTERA_CICLO_AJUSTE_V69_PUBLIC_BANK_SOURCE_PATH_AND_COVERAGE_PRIORITY(3).zip,AUDITORIA_V63.md,AUDITORIA_V63.md,1856,362679481,FRONTERA_CICLO_AJUSTE_V69_PUBLIC_BANK_SOURCE_PATH_AND_COVERAGE_PRIORITY(3).zip::BASE_V68.zip::BASE_V67.zip::BASE_V66.zip::BASE_V65.zip::BASE_V64.zip::v64/BASE_V63.zip,zip,auditoriav63md,6
FRONTERA_CICLO_AJUSTE_V69_PUBLIC_BANK_SOURCE_PATH_AND_COVERAGE_PRIORITY(3).zip,BASE_V62.zip,BASE_V62.zip,1554965,2599394019,FRONTERA_CICLO_AJUSTE_V69_PUBLIC_BANK_SOURCE_PATH_AND_COVERAGE_PRIORITY(3).zip::BASE_V68.zip::BASE_V67.zip::BASE_V66.zip::BASE_V65.zip::BASE_V64.zip::v64/BASE_V63.zip,zip,basev62zip,6
FRONTERA_CICLO_AJUSTE_V69_PUBLIC_BANK_SOURCE_PATH_AND_COVERAGE_PRIORITY(3).zip,AUDITORIA_V62.md,AUDITORIA_V62.md,1393,600029505,FRONTERA_CICLO_AJUSTE_V69_PUBLIC_BANK_SOURCE_PATH_AND_COVERAGE_PRIORITY(3).zip::BASE_V68.zip::BASE_V67.zip::BASE_V66.zip::BASE_V65.zip::BASE_V64.zip::v64/BASE_V63.zip::BASE_V62.zip,zip,auditoriav62md,7
FRONTERA_CICLO_AJUSTE_V69_PUBLIC_BANK_SOURCE_PATH_AND_COVERAGE_PRIORITY(3).zip,BASE_V61.zip,BASE_V61.zip,1544918,3678830250,FRONTERA_CICLO_AJUSTE_V69_PUBLIC_BANK_SOURCE_PATH_AND_COVERAGE_PRIORITY(3).zip::BASE_V68.zip::BASE_V67.zip::BASE_V66.zip::BASE_V65.zip::BASE_V64.zip::v64/BASE_V63.zip::BASE_V62.zip,zip,basev61zip,7
FRONTERA_CICLO_AJUSTE_V69_PUBLIC_BANK_SOURCE_PATH_AND_COVERAGE_PRIORITY(3).zip,AUDITORIA_V61.md,AUDITORIA_V61.md,1403,3939235878,FRONTERA_CICLO_AJUSTE_V69_PUBLIC_BANK_SOURCE_PATH_AND_COVERAGE_PRIORITY(3).zip::BASE_V68.zip::BASE_V67.zip::BASE_V66.zip::BASE_V65.zip::BASE_V64.zip::v64/BASE_V63.zip::BASE_V62.zip::BASE_V61.zip,zip,auditoriav61md,8
FRONTERA_CICLO_AJUSTE_V69_PUBLIC_BANK_SOURCE_PATH_AND_COVERAGE_PRIORITY(3).zip,BASE_V60.zip,BASE_V60.zip,1516418,405553932,FRONTERA_CICLO_AJUSTE_V69_PUBLIC_BANK_SOURCE_PATH_AND_COVERAGE_PRIORITY(3).zip::BASE_V68.zip::BASE_V67.zip::BASE_V66.zip::BASE_V65.zip::BASE_V64.zip::v64/BASE_V63.zip::BASE_V62.zip::BASE_V61.zip,zip,basev60zip,8
FRONTERA_CICLO_AJUSTE_V69_PUBLIC_BANK_SOURCE_PATH_AND_COVERAGE_PRIORITY(3).zip,AQ_FREQUENCY_CORRECTION_V60.csv,AQ_FREQUENCY_CORRECTION_V60.csv,293,27279586,FRONTERA_CICLO_AJUSTE_V69_PUBLIC_BANK_SOURCE_PATH_AND_COVERAGE_PRIORITY(3).zip::BASE_V68.zip::BASE_V67.zip::BASE_V66.zip::BASE_V65.zip::BASE_V64.zip::v64/BASE_V63.zip::BASE_V62.zip::BASE_V61.zip::BASE_V60.zip,zip,aqfrequencycorrectionv60csv,9
FRONTERA_CICLO_AJUSTE_V69_PUBLIC_BANK_SOURCE_PATH_AND_COVERAGE_PRIORITY(3).zip,AQ_SYSTEM_AGGREGATE_2023_V60.csv,AQ_SYSTEM_AGGREGATE_2023_V60.csv,453,3657801338,FRONTERA_CICLO_AJUSTE_V69_PUBLIC_BANK_SOURCE_PATH_AND_COVERAGE_PRIORITY(3).zip::BASE_V68.zip::BASE_V67.zip::BASE_V66.zip::BASE_V65.zip::BASE_V64.zip::v64/BASE_V63.zip::BASE_V62.zip::BASE_V61.zip::BASE_V60.zip,zip,aqsystemaggregate2023v60csv,9
FRONTERA_CICLO_AJUSTE_V69_PUBLIC_BANK_SOURCE_PATH_AND_COVERAGE_PRIORITY(3).zip,AQ_TO_IEF_ANNUAL_BRIDGE_V60.csv,AQ_TO_IEF_ANNUAL_BRIDGE_V60.csv,521,3222057515,FRONTERA_CICLO_AJUSTE_V69_PUBLIC_BANK_SOURCE_PATH_AND_COVERAGE_PRIORITY(3).zip::BASE_V68.zip::BASE_V67.zip::BASE_V66.zip::BASE_V65.zip::BASE_V64.zip::v64/BASE_V63.zip::BASE_V62.zip::BASE_V61.zip::BASE_V60.zip,zip,aqtoiefannualbridgev60csv,9
FRONTERA_CICLO_AJUSTE_V69_PUBLIC_BANK_SOURCE_PATH_AND_COVERAGE_PRIORITY(3).zip,AUDITORIA_V60.md,AUDITORIA_V60.md,1028,3191199415,FRONTERA_CICLO_AJUSTE_V69_PUBLIC_BANK_SOURCE_PATH_AND_COVERAGE_PRIORITY(3).zip::BASE_V68.zip::BASE_V67.zip::BASE_V66.zip::BASE_V65.zip::BASE_V64.zip::v64/BASE_V63.zip::BASE_V62.zip::BASE_V61.zip::BASE_V60.zip,zip,auditoriav60md,9
FRONTERA_CICLO_AJUSTE_V69_PUBLIC_BANK_SOURCE_PATH_AND_COVERAGE_PRIORITY(3).zip,BASE_V59.zip,BASE_V59.zip,1488966,3327583224,FRONTERA_CICLO_AJUSTE_V69_PUBLIC_BANK_SOURCE_PATH_AND_COVERAGE_PRIORITY(3).zip::BASE_V68.zip::BASE_V67.zip::BASE_V66.zip::BASE_V65.zip::BASE_V64.zip::v64/BASE_V63.zip::BASE_V62.zip::BASE_V61.zip::BASE_V60.zip,zip,basev59zip,9
FRONTERA_CICLO_AJUSTE_V69_PUBLIC_BANK_SOURCE_PATH_AND_COVERAGE_PRIORITY(3).zip,INTEREST_ACCRUED_SECTOR_FLOW_V59.csv,INTEREST_ACCRUED_SECTOR_FLOW_V59.csv,3456,2350036141,FRONTERA_CICLO_AJUSTE_V69_PUBLIC_BANK_SOURCE_PATH_AND_COVERAGE_PRIORITY(3).zip::BASE_V68.zip::BASE_V67.zip::BASE_V66.zip::BASE_V65.zip::BASE_V64.zip::v64/BASE_V63.zip::BASE_V62.zip::BASE_V61.zip::BASE_V60.zip::BASE_V59.zip,zip,interestaccruedsectorflowv59csv,10
FRONTERA_CICLO_AJUSTE_V69_PUBLIC_BANK_SOURCE_PATH_AND_COVERAGE_PRIORITY(3).zip,SECURITIES_RESULT_ISSUER_FLOW_V59.csv,SECURITIES_RESULT_ISSUER_FLOW_V59.csv,973,2396753114,FRONTERA_CICLO_AJUSTE_V69_PUBLIC_BANK_SOURCE_PATH_AND_COVERAGE_PRIORITY(3).zip::BASE_V68.zip::BASE_V67.zip::BASE_V66.zip::BASE_V65.zip::BASE_V64.zip::v64/BASE_V63.zip::BASE_V62.zip::BASE_V61.zip::BASE_V60.zip::BASE_V59.zip,zip,securitiesresultissuerflowv59csv,10
FRONTERA_CICLO_AJUSTE_V69_PUBLIC_BANK_SOURCE_PATH_AND_COVERAGE_PRIORITY(3).zip,MANIFEST_V59.json,MANIFEST_V59.json,3173,1958130905,FRONTERA_CICLO_AJUSTE_V69_PUBLIC_BANK_SOURCE_PATH_AND_COVERAGE_PRIORITY(3).zip::BASE_V68.zip::BASE_V67.zip::BASE_V66.zip::BASE_V65.zip::BASE_V64.zip::v64/BASE_V63.zip::BASE_V62.zip::BASE_V61.zip::BASE_V60.zip::BASE_V59.zip,zip,manifestv59json,10
FRONTERA_CICLO_AJUSTE_V69_PUBLIC_BANK_SOURCE_PATH_AND_COVERAGE_PRIORITY(3).zip,VEREDICTO_V59.md,VEREDICTO_V59.md,1520,2869004237,FRONTERA_CICLO_AJUSTE_V69_PUBLIC_BANK_SOURCE_PATH_AND_COVERAGE_PRIORITY(3).zip::BASE_V68.zip::BASE_V67.zip::BASE_V66.zip::BASE_V65.zip::BASE_V64.zip::v64/BASE_V63.zip::BASE_V62.zip::BASE_V61.zip::BASE_V60.zip::BASE_V59.zip,zip,veredictov59md,10
FRONTERA_CICLO_AJUSTE_V69_PUBLIC_BANK_SOURCE_PATH_AND_COVERAGE_PRIORITY(3).zip,POSITIVE_FINANCIAL_INCOME_FORMULA_V59.csv,POSITIVE_FINANCIAL_INCOME_FORMULA_V59.csv,2665,3309765842,FRONTERA_CICLO_AJUSTE_V69_PUBLIC_BANK_SOURCE_PATH_AND_COVERAGE_PRIORITY(3).zip::BASE_V68.zip::BASE_V67.zip::BASE_V66.zip::BASE_V65.zip::BASE_V64.zip::v64/BASE_V63.zip::BASE_V62.zip::BASE_V61.zip::BASE_V60.zip::BASE_V59.zip,zip,positivefinancialincomeformulav59csv,10
FRONTERA_CICLO_AJUSTE_V69_PUBLIC_BANK_SOURCE_PATH_AND_COVERAGE_PRIORITY(3).zip,README_V59.md,README_V59.md,689,1979927137,FRONTERA_CICLO_AJUSTE_V69_PUBLIC_BANK_SOURCE_PATH_AND_COVERAGE_PRIORITY(3).zip::BASE_V68.zip::BASE_V67.zip::BASE_V66.zip::BASE_V65.zip::BASE_V64.zip::v64/BASE_V63.zip::BASE_V62.zip::BASE_V61.zip::BASE_V60.zip::BASE_V59.zip,zip,readmev59md,10
FRONTERA_CICLO_AJUSTE_V69_PUBLIC_BANK_SOURCE_PATH_AND_COVERAGE_PRIORITY(3).zip,COMMON_DENOMINATOR_RECONCILIATION_V59.csv,COMMON_DENOMINATOR_RECONCILIATION_V59.csv,3406,3895230344,FRONTERA_CICLO_AJUSTE_V69_PUBLIC_BANK_SOURCE_PATH_AND_COVERAGE_PRIORITY(3).zip::BASE_V68.zip::BASE_V67.zip::BASE_V66.zip::BASE_V65.zip::BASE_V64.zip::v64/BASE_V63.zip::BASE_V62.zip::BASE_V61.zip::BASE_V60.zip::BASE_V59.zip,zip,commondenominatorreconciliationv59csv,10
FRONTERA_CICLO_AJUSTE_V69_PUBLIC_BANK_SOURCE_PATH_AND_COVERAGE_PRIORITY(3).zip,BASE_V58.zip,BASE_V58.zip,1457322,799904491,FRONTERA_CICLO_AJUSTE_V69_PUBLIC_BANK_SOURCE_PATH_AND_COVERAGE_PRIORITY(3).zip::BASE_V68.zip::BASE_V67.zip::BASE_V66.zip::BASE_V65.zip::BASE_V64.zip::v64/BASE_V63.zip::BASE_V62.zip::BASE_V61.zip::BASE_V60.zip::BASE_V59.zip,zip,basev58zip,10
FRONTERA_CICLO_AJUSTE_V69_PUBLIC_BANK_SOURCE_PATH_AND_COVERAGE_PRIORITY(3).zip,IEF_COMPONENT_RECONCILIATION_V58.csv,IEF_COMPONENT_RECONCILIATION_V58.csv,4404,771447225,FRONTERA_CICLO_AJUSTE_V69_PUBLIC_BANK_SOURCE_PATH_AND_COVERAGE_PRIORITY(3).zip::BASE_V68.zip::BASE_V67.zip::BASE_V66.zip::BASE_V65.zip::BASE_V64.zip::v64/BASE_V63.zip::BASE_V62.zip::BASE_V61.zip::BASE_V60.zip::BASE_V59.zip::BASE_V58.zip,zip,iefcomponentreconciliationv58csv,11
FRONTERA_CICLO_AJUSTE_V69_PUBLIC_BANK_SOURCE_PATH_AND_COVERAGE_PRIORITY(3).zip,BASE_V57.zip,BASE_V57.zip,1426922,2040299978,FRONTERA_CICLO_AJUSTE_V69_PUBLIC_BANK_SOURCE_PATH_AND_COVERAGE_PRIORITY(3).zip::BASE_V68.zip::BASE_V67.zip::BASE_V66.zip::BASE_V65.zip::BASE_V64.zip::v64/BASE_V63.zip::BASE_V62.zip::BASE_V61.zip::BASE_V60.zip::BASE_V59.zip::BASE_V58.zip,zip,basev57zip,11
FRONTERA_CICLO_AJUSTE_V69_PUBLIC_BANK_SOURCE_PATH_AND_COVERAGE_PRIORITY(3).zip,ACCOUNT_MAPPING_NIIF_V57.csv,ACCOUNT_MAPPING_NIIF_V57.csv,6675,3279393462,FRONTERA_CICLO_AJUSTE_V69_PUBLIC_BANK_SOURCE_PATH_AND_COVERAGE_PRIORITY(3).zip::BASE_V68.zip::BASE_V67.zip::BASE_V66.zip::BASE_V65.zip::BASE_V64.zip::v64/BASE_V63.zip::BASE_V62.zip::BASE_V61.zip::BASE_V60.zip::BASE_V59.zip::BASE_V58.zip::BASE_V57.zip,zip,accountmappingniifv57csv,12
FRONTERA_CICLO_AJUSTE_V69_PUBLIC_BANK_SOURCE_PATH_AND_COVERAGE_PRIORITY(3).zip,AUDITORIA_V57.md,AUDITORIA_V57.md,3300,2845304577,FRONTERA_CICLO_AJUSTE_V69_PUBLIC_BANK_SOURCE_PATH_AND_COVERAGE_PRIORITY(3).zip::BASE_V68.zip::BASE_V67.zip::BASE_V66.zip::BASE_V65.zip::BASE_V64.zip::v64/BASE_V63.zip::BASE_V62.zip::BASE_V61.zip::BASE_V60.zip::BASE_V59.zip::BASE_V58.zip::BASE_V57.zip,zip,auditoriav57md,12
FRONTERA_CICLO_AJUSTE_V69_PUBLIC_BANK_SOURCE_PATH_AND_COVERAGE_PRIORITY(3).zip,BASE_V56.zip,BASE_V56.zip,1405429,4102697162,FRONTERA_CICLO_AJUSTE_V69_PUBLIC_BANK_SOURCE_PATH_AND_COVERAGE_PRIORITY(3).zip::BASE_V68.zip::BASE_V67.zip::BASE_V66.zip::BASE_V65.zip::BASE_V64.zip::v64/BASE_V63.zip::BASE_V62.zip::BASE_V61.zip::BASE_V60.zip::BASE_V59.zip::BASE_V58.zip::BASE_V57.zip,zip,basev56zip,12
FRONTERA_CICLO_AJUSTE_V69_PUBLIC_BANK_SOURCE_PATH_AND_COVERAGE_PRIORITY(3).zip,TARGET_RECONCILIATION_V56.csv,TARGET_RECONCILIATION_V56.csv,1039,3039763977,FRONTERA_CICLO_AJUSTE_V69_PUBLIC_BANK_SOURCE_PATH_AND_COVERAGE_PRIORITY(3).zip::BASE_V68.zip::BASE_V67.zip::BASE_V66.zip::BASE_V65.zip::BASE_V64.zip::v64/BASE_V63.zip::BASE_V62.zip::BASE_V61.zip::BASE_V60.zip::BASE_V59.zip::BASE_V58.zip::BASE_V57.zip::BASE_V56.zip,zip,targetreconciliationv56csv,13
FRONTERA_CICLO_AJUSTE_V69_PUBLIC_BANK_SOURCE_PATH_AND_COVERAGE_PRIORITY(3).zip,FUENTES_V56.md,FUENTES_V56.md,1270,1201168601,FRONTERA_CICLO_AJUSTE_V69_PUBLIC_BANK_SOURCE_PATH_AND_COVERAGE_PRIORITY(3).zip::BASE_V68.zip::BASE_V67.zip::BASE_V66.zip::BASE_V65.zip::BASE_V64.zip::v64/BASE_V63.zip::BASE_V62.zip::BASE_V61.zip::BASE_V60.zip::BASE_V59.zip::BASE_V58.zip::BASE_V57.zip::BASE_V56.zip,zip,fuentesv56md,13
FRONTERA_CICLO_AJUSTE_V69_PUBLIC_BANK_SOURCE_PATH_AND_COVERAGE_PRIORITY(3).zip,AUDITORIA_V56.md,AUDITORIA_V56.md,1958,3875203169,FRONTERA_CICLO_AJUSTE_V69_PUBLIC_BANK_SOURCE_PATH_AND_COVERAGE_PRIORITY(3).zip::BASE_V68.zip::BASE_V67.zip::BASE_V66.zip::BASE_V65.zip::BASE_V64.zip::v64/BASE_V63.zip::BASE_V62.zip::BASE_V61.zip::BASE_V60.zip::BASE_V59.zip::BASE_V58.zip::BASE_V57.zip::BASE_V56.zip,zip,auditoriav56md,13
FRONTERA_CICLO_AJUSTE_V69_PUBLIC_BANK_SOURCE_PATH_AND_COVERAGE_PRIORITY(3).zip,PROMPT_CODEX_V57_API_VALUE_EXTRACTION_AND_RECONCILIATION.md,PROMPT_CODEX_V57_API_VALUE_EXTRACTION_AND_RECONCILIATION.md,1639,1234052454,FRONTERA_CICLO_AJUSTE_V69_PUBLIC_BANK_SOURCE_PATH_AND_COVERAGE_PRIORITY(3).zip::BASE_V68.zip::BASE_V67.zip::BASE_V66.zip::BASE_V65.zip::BASE_V64.zip::v64/BASE_V63.zip::BASE_V62.zip::BASE_V61.zip::BASE_V60.zip::BASE_V59.zip::BASE_V58.zip::BASE_V57.zip::BASE_V56.zip,zip,promptcodexv57apivalueextractionandreconciliationmd,13
FRONTERA_CICLO_AJUSTE_V69_PUBLIC_BANK_SOURCE_PATH_AND_COVERAGE_PRIORITY(3).zip,README_V56.md,README_V56.md,741,2692164018,FRONTERA_CICLO_AJUSTE_V69_PUBLIC_BANK_SOURCE_PATH_AND_COVERAGE_PRIORITY(3).zip::BASE_V68.zip::BASE_V67.zip::BASE_V66.zip::BASE_V65.zip::BASE_V64.zip::v64/BASE_V63.zip::BASE_V62.zip::BASE_V61.zip::BASE_V60.zip::BASE_V59.zip::BASE_V58.zip::BASE_V57.zip::BASE_V56.zip,zip,readmev56md,13
FRONTERA_CICLO_AJUSTE_V69_PUBLIC_BANK_SOURCE_PATH_AND_COVERAGE_PRIORITY(3).zip,SERIES_VALUE_BYTES_MANIFEST_V56.csv,SERIES_VALUE_BYTES_MANIFEST_V56.csv,1721,1992671686,FRONTERA_CICLO_AJUSTE_V69_PUBLIC_BANK_SOURCE_PATH_AND_COVERAGE_PRIORITY(3).zip::BASE_V68.zip::BASE_V67.zip::BASE_V66.zip::BASE_V65.zip::BASE_V64.zip::v64/BASE_V63.zip::BASE_V62.zip::BASE_V61.zip::BASE_V60.zip::BASE_V59.zip::BASE_V58.zip::BASE_V57.zip::BASE_V56.zip,zip,seriesvaluebytesmanifestv56csv,13
FRONTERA_CICLO_AJUSTE_V69_PUBLIC_BANK_SOURCE_PATH_AND_COVERAGE_PRIORITY(3).zip,QA_RESULT_V56.txt,QA_RESULT_V56.txt,5,3256905966,FRONTERA_CICLO_AJUSTE_V69_PUBLIC_BANK_SOURCE_PATH_AND_COVERAGE_PRIORITY(3).zip::BASE_V68.zip::BASE_V67.zip::BASE_V66.zip::BASE_V65.zip::BASE_V64.zip::v64/BASE_V63.zip::BASE_V62.zip::BASE_V61.zip::BASE_V60.zip::BASE_V59.zip::BASE_V58.zip::BASE_V57.zip::BASE_V56.zip,zip,qaresultv56txt,13
FRONTERA_CICLO_AJUSTE_V69_PUBLIC_BANK_SOURCE_PATH_AND_COVERAGE_PRIORITY(3).zip,BASE_V55.zip,BASE_V55.zip,308547,3407641759,FRONTERA_CICLO_AJUSTE_V69_PUBLIC_BANK_SOURCE_PATH_AND_COVERAGE_PRIORITY(3).zip::BASE_V68.zip::BASE_V67.zip::BASE_V66.zip::BASE_V65.zip::BASE_V64.zip::v64/BASE_V63.zip::BASE_V62.zip::BASE_V61.zip::BASE_V60.zip::BASE_V59.zip::BASE_V58.zip::BASE_V57.zip::BASE_V56.zip,zip,basev55zip,13
FRONTERA_CICLO_AJUSTE_V69_PUBLIC_BANK_SOURCE_PATH_AND_COVERAGE_PRIORITY(3).zip,ACCOUNTING_MODE_AXIS_V55.csv,ACCOUNTING_MODE_AXIS_V55.csv,699,3452533906,FRONTERA_CICLO_AJUSTE_V69_PUBLIC_BANK_SOURCE_PATH_AND_COVERAGE_PRIORITY(3).zip::BASE_V68.zip::BASE_V67.zip::BASE_V66.zip::BASE_V65.zip::BASE_V64.zip::v64/BASE_V63.zip::BASE_V62.zip::BASE_V61.zip::BASE_V60.zip::BASE_V59.zip::BASE_V58.zip::BASE_V57.zip::BASE_V56.zip::BASE_V55.zip,zip,accountingmodeaxisv55csv,14
FRONTERA_CICLO_AJUSTE_V69_PUBLIC_BANK_SOURCE_PATH_AND_COVERAGE_PRIORITY(3).zip,AUDITORIA_RECONCILIACION_V55.md,AUDITORIA_RECONCILIACION_V55.md,2954,954690639,FRONTERA_CICLO_AJUSTE_V69_PUBLIC_BANK_SOURCE_PATH_AND_COVERAGE_PRIORITY(3).zip::BASE_V68.zip::BASE_V67.zip::BASE_V66.zip::BASE_V65.zip::BASE_V64.zip::v64/BASE_V63.zip::BASE_V62.zip::BASE_V61.zip::BASE_V60.zip::BASE_V59.zip::BASE_V58.zip::BASE_V57.zip::BASE_V56.zip::BASE_V55.zip,zip,auditoriareconciliacionv55md,14
FRONTERA_CICLO_AJUSTE_V69_PUBLIC_BANK_SOURCE_PATH_AND_COVERAGE_PRIORITY(3).zip,BASE_V54.zip,BASE_V54.zip,89528,4191159782,FRONTERA_CICLO_AJUSTE_V69_PUBLIC_BANK_SOURCE_PATH_AND_COVERAGE_PRIORITY(3).zip::BASE_V68.zip::BASE_V67.zip::BASE_V66.zip::BASE_V65.zip::BASE_V64.zip::v64/BASE_V63.zip::BASE_V62.zip::BASE_V61.zip::BASE_V60.zip::BASE_V59.zip::BASE_V58.zip::BASE_V57.zip::BASE_V56.zip::BASE_V55.zip,zip,basev54zip,14
FRONTERA_CICLO_AJUSTE_V69_PUBLIC_BANK_SOURCE_PATH_AND_COVERAGE_PRIORITY(3).zip,AUDITORIA_MICRODATA_BRIDGE_V54.md,AUDITORIA_MICRODATA_BRIDGE_V54.md,5719,1640919157,FRONTERA_CICLO_AJUSTE_V69_PUBLIC_BANK_SOURCE_PATH_AND_COVERAGE_PRIORITY(3).zip::BASE_V68.zip::BASE_V67.zip::BASE_V66.zip::BASE_V65.zip::BASE_V64.zip::v64/BASE_V63.zip::BASE_V62.zip::BASE_V61.zip::BASE_V60.zip::BASE_V59.zip::BASE_V58.zip::BASE_V57.zip::BASE_V56.zip::BASE_V55.zip::BASE_V54.zip,zip,auditoriamicrodatabridgev54md,15
FRONTERA_CICLO_AJUSTE_V69_PUBLIC_BANK_SOURCE_PATH_AND_COVERAGE_PRIORITY(3).zip,BASE_V53.zip,BASE_V53.zip,60708,2634438224,FRONTERA_CICLO_AJUSTE_V69_PUBLIC_BANK_SOURCE_PATH_AND_COVERAGE_PRIORITY(3).zip::BASE_V68.zip::BASE_V67.zip::BASE_V66.zip::BASE_V65.zip::BASE_V64.zip::v64/BASE_V63.zip::BASE_V62.zip::BASE_V61.zip::BASE_V60.zip::BASE_V59.zip::BASE_V58.zip::BASE_V57.zip::BASE_V56.zip::BASE_V55.zip::BASE_V54.zip,zip,basev53zip,15
FRONTERA_CICLO_AJUSTE_V69_PUBLIC_BANK_SOURCE_PATH_AND_COVERAGE_PRIORITY(3).zip,AUDITORIA_CUANTIFICACION_CONTRAPARTES_V53.md,AUDITORIA_CUANTIFICACION_CONTRAPARTES_V53.md,8576,3068984065,FRONTERA_CICLO_AJUSTE_V69_PUBLIC_BANK_SOURCE_PATH_AND_COVERAGE_PRIORITY(3).zip::BASE_V68.zip::BASE_V67.zip::BASE_V66.zip::BASE_V65.zip::BASE_V64.zip::v64/BASE_V63.zip::BASE_V62.zip::BASE_V61.zip::BASE_V60.zip::BASE_V59.zip::BASE_V58.zip::BASE_V57.zip::BASE_V56.zip::BASE_V55.zip::BASE_V54.zip::BASE_V53.zip,zip,auditoriacuantificacioncontrapartesv53md,16
FRONTERA_CICLO_AJUSTE_V69_PUBLIC_BANK_SOURCE_PATH_AND_COVERAGE_PRIORITY(3).zip,BASE_V52.zip,BASE_V52.zip,30016,2693101034,FRONTERA_CICLO_AJUSTE_V69_PUBLIC_BANK_SOURCE_PATH_AND_COVERAGE_PRIORITY(3).zip::BASE_V68.zip::BASE_V67.zip::BASE_V66.zip::BASE_V65.zip::BASE_V64.zip::v64/BASE_V63.zip::BASE_V62.zip::BASE_V61.zip::BASE_V60.zip::BASE_V59.zip::BASE_V58.zip::BASE_V57.zip::BASE_V56.zip::BASE_V55.zip::BASE_V54.zip::BASE_V53.zip,zip,basev52zip,16
FRONTERA_CICLO_AJUSTE_V69_PUBLIC_BANK_SOURCE_PATH_AND_COVERAGE_PRIORITY(3).zip,AUDITORIA_CONTRAPARTES_V52.md,AUDITORIA_CONTRAPARTES_V52.md,10790,1141669530,FRONTERA_CICLO_AJUSTE_V69_PUBLIC_BANK_SOURCE_PATH_AND_COVERAGE_PRIORITY(3).zip::BASE_V68.zip::BASE_V67.zip::BASE_V66.zip::BASE_V65.zip::BASE_V64.zip::v64/BASE_V63.zip::BASE_V62.zip::BASE_V61.zip::BASE_V60.zip::BASE_V59.zip::BASE_V58.zip::BASE_V57.zip::BASE_V56.zip::BASE_V55.zip::BASE_V54.zip::BASE_V53.zip::BASE_V52.zip,zip,auditoriacontrapartesv52md,17
FRONTERA_CICLO_AJUSTE_V69_PUBLIC_BANK_SOURCE_PATH_AND_COVERAGE_PRIORITY(3).zip,COMPONENT_COUNTERPARTY_MAP_V52.csv,COMPONENT_COUNTERPARTY_MAP_V52.csv,10923,221048505,FRONTERA_CICLO_AJUSTE_V69_PUBLIC_BANK_SOURCE_PATH_AND_COVERAGE_PRIORITY(3).zip::BASE_V68.zip::BASE_V67.zip::BASE_V66.zip::BASE_V65.zip::BASE_V64.zip::v64/BASE_V63.zip::BASE_V62.zip::BASE_V61.zip::BASE_V60.zip::BASE_V59.zip::BASE_V58.zip::BASE_V57.zip::BASE_V56.zip::BASE_V55.zip::BASE_V54.zip::BASE_V53.zip::BASE_V52.zip,zip,componentcounterpartymapv52csv,17
FRONTERA_CICLO_AJUSTE_V69_PUBLIC_BANK_SOURCE_PATH_AND_COVERAGE_PRIORITY(3).zip,EVIDENCE_LEDGER_CICLO_AJUSTE_V52.csv,EVIDENCE_LEDGER_CICLO_AJUSTE_V52.csv,29452,2822240886,FRONTERA_CICLO_AJUSTE_V69_PUBLIC_BANK_SOURCE_PATH_AND_COVERAGE_PRIORITY(3).zip::BASE_V68.zip::BASE_V67.zip::BASE_V66.zip::BASE_V65.zip::BASE_V64.zip::v64/BASE_V63.zip::BASE_V62.zip::BASE_V61.zip::BASE_V60.zip::BASE_V59.zip::BASE_V58.zip::BASE_V57.zip::BASE_V56.zip::BASE_V55.zip::BASE_V54.zip::BASE_V53.zip::BASE_V52.zip,zip,evidenceledgercicloajustev52csv,17
FRONTERA_CICLO_AJUSTE_V69_PUBLIC_BANK_SOURCE_PATH_AND_COVERAGE_PRIORITY(3).zip,FALSIFICADORES_INCIDENCE_V52.csv,FALSIFICADORES_INCIDENCE_V52.csv,1704,733707846,FRONTERA_CICLO_AJUSTE_V69_PUBLIC_BANK_SOURCE_PATH_AND_COVERAGE_PRIORITY(3).zip::BASE_V68.zip::BASE_V67.zip::BASE_V66.zip::BASE_V65.zip::BASE_V64.zip::v64/BASE_V63.zip::BASE_V62.zip::BASE_V61.zip::BASE_V60.zip::BASE_V59.zip::BASE_V58.zip::BASE_V57.zip::BASE_V56.zip::BASE_V55.zip::BASE_V54.zip::BASE_V53.zip::BASE_V52.zip,zip,falsificadoresincidencev52csv,17
FRONTERA_CICLO_AJUSTE_V69_PUBLIC_BANK_SOURCE_PATH_AND_COVERAGE_PRIORITY(3).zip,HOUSEHOLD_LINK_CLASSIFICATION_V52.csv,HOUSEHOLD_LINK_CLASSIFICATION_V52.csv,2318,2469493028,FRONTERA_CICLO_AJUSTE_V69_PUBLIC_BANK_SOURCE_PATH_AND_COVERAGE_PRIORITY(3).zip::BASE_V68.zip::BASE_V67.zip::BASE_V66.zip::BASE_V65.zip::BASE_V64.zip::v64/BASE_V63.zip::BASE_V62.zip::BASE_V61.zip::BASE_V60.zip::BASE_V59.zip::BASE_V58.zip::BASE_V57.zip::BASE_V56.zip::BASE_V55.zip::BASE_V54.zip::BASE_V53.zip::BASE_V52.zip,zip,householdlinkclassificationv52csv,17
FRONTERA_CICLO_AJUSTE_V69_PUBLIC_BANK_SOURCE_PATH_AND_COVERAGE_PRIORITY(3).zip,INCIDENCE_CHAIN_V52.csv,INCIDENCE_CHAIN_V52.csv,4179,1507603432,FRONTERA_CICLO_AJUSTE_V69_PUBLIC_BANK_SOURCE_PATH_AND_COVERAGE_PRIORITY(3).zip::BASE_V68.zip::BASE_V67.zip::BASE_V66.zip::BASE_V65.zip::BASE_V64.zip::v64/BASE_V63.zip::BASE_V62.zip::BASE_V61.zip::BASE_V60.zip::BASE_V59.zip::BASE_V58.zip::BASE_V57.zip::BASE_V56.zip::BASE_V55.zip::BASE_V54.zip::BASE_V53.zip::BASE_V52.zip,zip,incidencechainv52csv,17
FRONTERA_CICLO_AJUSTE_V69_PUBLIC_BANK_SOURCE_PATH_AND_COVERAGE_PRIORITY(3).zip,MANIFEST_V52.json,MANIFEST_V52.json,3066,2435890137,FRONTERA_CICLO_AJUSTE_V69_PUBLIC_BANK_SOURCE_PATH_AND_COVERAGE_PRIORITY(3).zip::BASE_V68.zip::BASE_V67.zip::BASE_V66.zip::BASE_V65.zip::BASE_V64.zip::v64/BASE_V63.zip::BASE_V62.zip::BASE_V61.zip::BASE_V60.zip::BASE_V59.zip::BASE_V58.zip::BASE_V57.zip::BASE_V56.zip::BASE_V55.zip::BASE_V54.zip::BASE_V53.zip::BASE_V52.zip,zip,manifestv52json,17
FRONTERA_CICLO_AJUSTE_V69_PUBLIC_BANK_SOURCE_PATH_AND_COVERAGE_PRIORITY(3).zip,PROMPT_CODEX_V53_COUNTERPARTY_QUANTIFICATION.md,PROMPT_CODEX_V53_COUNTERPARTY_QUANTIFICATION.md,2245,3992379914,FRONTERA_CICLO_AJUSTE_V69_PUBLIC_BANK_SOURCE_PATH_AND_COVERAGE_PRIORITY(3).zip::BASE_V68.zip::BASE_V67.zip::BASE_V66.zip::BASE_V65.zip::BASE_V64.zip::v64/BASE_V63.zip::BASE_V62.zip::BASE_V61.zip::BASE_V60.zip::BASE_V59.zip::BASE_V58.zip::BASE_V57.zip::BASE_V56.zip::BASE_V55.zip::BASE_V54.zip::BASE_V53.zip::BASE_V52.zip,zip,promptcodexv53counterpartyquantificationmd,17
FRONTERA_CICLO_AJUSTE_V69_PUBLIC_BANK_SOURCE_PATH_AND_COVERAGE_PRIORITY(3).zip,README_V52.md,README_V52.md,1435,967710712,FRONTERA_CICLO_AJUSTE_V69_PUBLIC_BANK_SOURCE_PATH_AND_COVERAGE_PRIORITY(3).zip::BASE_V68.zip::BASE_V67.zip::BASE_V66.zip::BASE_V65.zip::BASE_V64.zip::v64/BASE_V63.zip::BASE_V62.zip::BASE_V61.zip::BASE_V60.zip::BASE_V59.zip::BASE_V58.zip::BASE_V57.zip::BASE_V56.zip::BASE_V55.zip::BASE_V54.zip::BASE_V53.zip::BASE_V52.zip,zip,readmev52md,17
FRONTERA_CICLO_AJUSTE_V69_PUBLIC_BANK_SOURCE_PATH_AND_COVERAGE_PRIORITY(3).zip,VEREDICTO_CONTRAPARTES_V52.md,VEREDICTO_CONTRAPARTES_V52.md,2555,1531089469,FRONTERA_CICLO_AJUSTE_V69_PUBLIC_BANK_SOURCE_PATH_AND_COVERAGE_PRIORITY(3).zip::BASE_V68.zip::BASE_V67.zip::BASE_V66.zip::BASE_V65.zip::BASE_V64.zip::v64/BASE_V63.zip::BASE_V62.zip::BASE_V61.zip::BASE_V60.zip::BASE_V59.zip::BASE_V58.zip::BASE_V57.zip::BASE_V56.zip::BASE_V55.zip::BASE_V54.zip::BASE_V53.zip::BASE_V52.zip,zip,veredictocontrapartesv52md,17
FRONTERA_CICLO_AJUSTE_V69_PUBLIC_BANK_SOURCE_PATH_AND_COVERAGE_PRIORITY(3).zip,qa_v52.py,qa_v52.py,1481,3727353323,FRONTERA_CICLO_AJUSTE_V69_PUBLIC_BANK_SOURCE_PATH_AND_COVERAGE_PRIORITY(3).zip::BASE_V68.zip::BASE_V67.zip::BASE_V66.zip::BASE_V65.zip::BASE_V64.zip::v64/BASE_V63.zip::BASE_V62.zip::BASE_V61.zip::BASE_V60.zip::BASE_V59.zip::BASE_V58.zip::BASE_V57.zip::BASE_V56.zip::BASE_V55.zip::BASE_V54.zip::BASE_V53.zip::BASE_V52.zip,zip,qav52py,17
FRONTERA_CICLO_AJUSTE_V69_PUBLIC_BANK_SOURCE_PATH_AND_COVERAGE_PRIORITY(3).zip,CER_ASSET_LIABILITY_SECTOR_MAP_V53.csv,CER_ASSET_LIABILITY_SECTOR_MAP_V53.csv,1928,2424930496,FRONTERA_CICLO_AJUSTE_V69_PUBLIC_BANK_SOURCE_PATH_AND_COVERAGE_PRIORITY(3).zip::BASE_V68.zip::BASE_V67.zip::BASE_V66.zip::BASE_V65.zip::BASE_V64.zip::v64/BASE_V63.zip::BASE_V62.zip::BASE_V61.zip::BASE_V60.zip::BASE_V59.zip::BASE_V58.zip::BASE_V57.zip::BASE_V56.zip::BASE_V55.zip::BASE_V54.zip::BASE_V53.zip,zip,cerassetliabilitysectormapv53csv,16
FRONTERA_CICLO_AJUSTE_V69_PUBLIC_BANK_SOURCE_PATH_AND_COVERAGE_PRIORITY(3).zip,EVIDENCE_LEDGER_CICLO_AJUSTE_V53.csv,EVIDENCE_LEDGER_CICLO_AJUSTE_V53.csv,32838,1291886418,FRONTERA_CICLO_AJUSTE_V69_PUBLIC_BANK_SOURCE_PATH_AND_COVERAGE_PRIORITY(3).zip::BASE_V68.zip::BASE_V67.zip::BASE_V66.zip::BASE_V65.zip::BASE_V64.zip::v64/BASE_V63.zip::BASE_V62.zip::BASE_V61.zip::BASE_V60.zip::BASE_V59.zip::BASE_V58.zip::BASE_V57.zip::BASE_V56.zip::BASE_V55.zip::BASE_V54.zip::BASE_V53.zip,zip,evidenceledgercicloajustev53csv,16
FRONTERA_CICLO_AJUSTE_V69_PUBLIC_BANK_SOURCE_PATH_AND_COVERAGE_PRIORITY(3).zip,FUENTES_V53.md,FUENTES_V53.md,1790,3905457752,FRONTERA_CICLO_AJUSTE_V69_PUBLIC_BANK_SOURCE_PATH_AND_COVERAGE_PRIORITY(3).zip::BASE_V68.zip::BASE_V67.zip::BASE_V66.zip::BASE_V65.zip::BASE_V64.zip::v64/BASE_V63.zip::BASE_V62.zip::BASE_V61.zip::BASE_V60.zip::BASE_V59.zip::BASE_V58.zip::BASE_V57.zip::BASE_V56.zip::BASE_V55.zip::BASE_V54.zip::BASE_V53.zip,zip,fuentesv53md,16
FRONTERA_CICLO_AJUSTE_V69_PUBLIC_BANK_SOURCE_PATH_AND_COVERAGE_PRIORITY(3).zip,FX_GROSS_COUNTERPARTY_MAP_V53.csv,FX_GROSS_COUNTERPARTY_MAP_V53.csv,2845,3945359840,FRONTERA_CICLO_AJUSTE_V69_PUBLIC_BANK_SOURCE_PATH_AND_COVERAGE_PRIORITY(3).zip::BASE_V68.zip::BASE_V67.zip::BASE_V66.zip::BASE_V65.zip::BASE_V64.zip::v64/BASE_V63.zip::BASE_V62.zip::BASE_V61.zip::BASE_V60.zip::BASE_V59.zip::BASE_V58.zip::BASE_V57.zip::BASE_V56.zip::BASE_V55.zip::BASE_V54.zip::BASE_V53.zip,zip,fxgrosscounterpartymapv53csv,16
FRONTERA_CICLO_AJUSTE_V69_PUBLIC_BANK_SOURCE_PATH_AND_COVERAGE_PRIORITY(3).zip,HOUSEHOLD_DIRECT_FLOW_BOUND_V53.csv,HOUSEHOLD_DIRECT_FLOW_BOUND_V53.csv,2566,3922136717,FRONTERA_CICLO_AJUSTE_V69_PUBLIC_BANK_SOURCE_PATH_AND_COVERAGE_PRIORITY(3).zip::BASE_V68.zip::BASE_V67.zip::BASE_V66.zip::BASE_V65.zip::BASE_V64.zip::v64/BASE_V63.zip::BASE_V62.zip::BASE_V61.zip::BASE_V60.zip::BASE_V59.zip::BASE_V58.zip::BASE_V57.zip::BASE_V56.zip::BASE_V55.zip::BASE_V54.zip::BASE_V53.zip,zip,householddirectflowboundv53csv,16
FRONTERA_CICLO_AJUSTE_V69_PUBLIC_BANK_SOURCE_PATH_AND_COVERAGE_PRIORITY(3).zip,INTEREST_INCOME_SECTOR_SPLIT_V53.csv,INTEREST_INCOME_SECTOR_SPLIT_V53.csv,1914,3323966839,FRONTERA_CICLO_AJUSTE_V69_PUBLIC_BANK_SOURCE_PATH_AND_COVERAGE_PRIORITY(3).zip::BASE_V68.zip::BASE_V67.zip::BASE_V66.zip::BASE_V65.zip::BASE_V64.zip::v64/BASE_V63.zip::BASE_V62.zip::BASE_V61.zip::BASE_V60.zip::BASE_V59.zip::BASE_V58.zip::BASE_V57.zip::BASE_V56.zip::BASE_V55.zip::BASE_V54.zip::BASE_V53.zip,zip,interestincomesectorsplitv53csv,16
FRONTERA_CICLO_AJUSTE_V69_PUBLIC_BANK_SOURCE_PATH_AND_COVERAGE_PRIORITY(3).zip,MANIFEST_V53.json,MANIFEST_V53.json,3151,3397775879,FRONTERA_CICLO_AJUSTE_V69_PUBLIC_BANK_SOURCE_PATH_AND_COVERAGE_PRIORITY(3).zip::BASE_V68.zip::BASE_V67.zip::BASE_V66.zip::BASE_V65.zip::BASE_V64.zip::v64/BASE_V63.zip::BASE_V62.zip::BASE_V61.zip::BASE_V60.zip::BASE_V59.zip::BASE_V58.zip::BASE_V57.zip::BASE_V56.zip::BASE_V55.zip::BASE_V54.zip::BASE_V53.zip,zip,manifestv53json,16
FRONTERA_CICLO_AJUSTE_V69_PUBLIC_BANK_SOURCE_PATH_AND_COVERAGE_PRIORITY(3).zip,PROMPT_CODEX_V54_RAW_BCRA_MICRODATA.md,PROMPT_CODEX_V54_RAW_BCRA_MICRODATA.md,3199,1476505167,FRONTERA_CICLO_AJUSTE_V69_PUBLIC_BANK_SOURCE_PATH_AND_COVERAGE_PRIORITY(3).zip::BASE_V68.zip::BASE_V67.zip::BASE_V66.zip::BASE_V65.zip::BASE_V64.zip::v64/BASE_V63.zip::BASE_V62.zip::BASE_V61.zip::BASE_V60.zip::BASE_V59.zip::BASE_V58.zip::BASE_V57.zip::BASE_V56.zip::BASE_V55.zip::BASE_V54.zip::BASE_V53.zip,zip,promptcodexv54rawbcramicrodatamd,16
FRONTERA_CICLO_AJUSTE_V69_PUBLIC_BANK_SOURCE_PATH_AND_COVERAGE_PRIORITY(3).zip,README_V53.md,README_V53.md,1622,2934203907,FRONTERA_CICLO_AJUSTE_V69_PUBLIC_BANK_SOURCE_PATH_AND_COVERAGE_PRIORITY(3).zip::BASE_V68.zip::BASE_V67.zip::BASE_V66.zip::BASE_V65.zip::BASE_V64.zip::v64/BASE_V63.zip::BASE_V62.zip::BASE_V61.zip::BASE_V60.zip::BASE_V59.zip::BASE_V58.zip::BASE_V57.zip::BASE_V56.zip::BASE_V55.zip::BASE_V54.zip::BASE_V53.zip,zip,readmev53md,16
FRONTERA_CICLO_AJUSTE_V69_PUBLIC_BANK_SOURCE_PATH_AND_COVERAGE_PRIORITY(3).zip,SECURITIES_ISSUER_VALUATION_SPLIT_V53.csv,SECURITIES_ISSUER_VALUATION_SPLIT_V53.csv,3994,1151985647,FRONTERA_CICLO_AJUSTE_V69_PUBLIC_BANK_SOURCE_PATH_AND_COVERAGE_PRIORITY(3).zip::BASE_V68.zip::BASE_V67.zip::BASE_V66.zip::BASE_V65.zip::BASE_V64.zip::v64/BASE_V63.zip::BASE_V62.zip::BASE_V61.zip::BASE_V60.zip::BASE_V59.zip::BASE_V58.zip::BASE_V57.zip::BASE_V56.zip::BASE_V55.zip::BASE_V54.zip::BASE_V53.zip,zip,securitiesissuervaluationsplitv53csv,16
FRONTERA_CICLO_AJUSTE_V69_PUBLIC_BANK_SOURCE_PATH_AND_COVERAGE_PRIORITY(3).zip,VEREDICTO_CUANTIFICACION_CONTRAPARTES_V53.md,VEREDICTO_CUANTIFICACION_CONTRAPARTES_V53.md,2689,3561875554,FRONTERA_CICLO_AJUSTE_V69_PUBLIC_BANK_SOURCE_PATH_AND_COVERAGE_PRIORITY(3).zip::BASE_V68.zip::BASE_V67.zip::BASE_V66.zip::BASE_V65.zip::BASE_V64.zip::v64/BASE_V63.zip::BASE_V62.zip::BASE_V61.zip::BASE_V60.zip::BASE_V59.zip::BASE_V58.zip::BASE_V57.zip::BASE_V56.zip::BASE_V55.zip::BASE_V54.zip::BASE_V53.zip,zip,veredictocuantificacioncontrapartesv53md,16
FRONTERA_CICLO_AJUSTE_V69_PUBLIC_BANK_SOURCE_PATH_AND_COVERAGE_PRIORITY(3).zip,qa_v53.py,qa_v53.py,2329,4075672873,FRONTERA_CICLO_AJUSTE_V69_PUBLIC_BANK_SOURCE_PATH_AND_COVERAGE_PRIORITY(3).zip::BASE_V68.zip::BASE_V67.zip::BASE_V66.zip::BASE_V65.zip::BASE_V64.zip::v64/BASE_V63.zip::BASE_V62.zip::BASE_V61.zip::BASE_V60.zip::BASE_V59.zip::BASE_V58.zip::BASE_V57.zip::BASE_V56.zip::BASE_V55.zip::BASE_V54.zip::BASE_V53.zip,zip,qav53py,16
FRONTERA_CICLO_AJUSTE_V69_PUBLIC_BANK_SOURCE_PATH_AND_COVERAGE_PRIORITY(3).zip,CER_GROSS_BRIDGE_V54.csv,CER_GROSS_BRIDGE_V54.csv,1298,1763478116,FRONTERA_CICLO_AJUSTE_V69_PUBLIC_BANK_SOURCE_PATH_AND_COVERAGE_PRIORITY(3).zip::BASE_V68.zip::BASE_V67.zip::BASE_V66.zip::BASE_V65.zip::BASE_V64.zip::v64/BASE_V63.zip::BASE_V62.zip::BASE_V61.zip::BASE_V60.zip::BASE_V59.zip::BASE_V58.zip::BASE_V57.zip::BASE_V56.zip::BASE_V55.zip::BASE_V54.zip,zip,cergrossbridgev54csv,15
FRONTERA_CICLO_AJUSTE_V69_PUBLIC_BANK_SOURCE_PATH_AND_COVERAGE_PRIORITY(3).zip,EVIDENCE_LEDGER_CICLO_AJUSTE_V54.csv,EVIDENCE_LEDGER_CICLO_AJUSTE_V54.csv,35891,2651049975,FRONTERA_CICLO_AJUSTE_V69_PUBLIC_BANK_SOURCE_PATH_AND_COVERAGE_PRIORITY(3).zip::BASE_V68.zip::BASE_V67.zip::BASE_V66.zip::BASE_V65.zip::BASE_V64.zip::v64/BASE_V63.zip::BASE_V62.zip::BASE_V61.zip::BASE_V60.zip::BASE_V59.zip::BASE_V58.zip::BASE_V57.zip::BASE_V56.zip::BASE_V55.zip::BASE_V54.zip,zip,evidenceledgercicloajustev54csv,15
FRONTERA_CICLO_AJUSTE_V69_PUBLIC_BANK_SOURCE_PATH_AND_COVERAGE_PRIORITY(3).zip,FUENTES_V54.md,FUENTES_V54.md,1899,881832952,FRONTERA_CICLO_AJUSTE_V69_PUBLIC_BANK_SOURCE_PATH_AND_COVERAGE_PRIORITY(3).zip::BASE_V68.zip::BASE_V67.zip::BASE_V66.zip::BASE_V65.zip::BASE_V64.zip::v64/BASE_V63.zip::BASE_V62.zip::BASE_V61.zip::BASE_V60.zip::BASE_V59.zip::BASE_V58.zip::BASE_V57.zip::BASE_V56.zip::BASE_V55.zip::BASE_V54.zip,zip,fuentesv54md,15
FRONTERA_CICLO_AJUSTE_V69_PUBLIC_BANK_SOURCE_PATH_AND_COVERAGE_PRIORITY(3).zip,FX_GROSS_RESULT_BRIDGE_V54.csv,FX_GROSS_RESULT_BRIDGE_V54.csv,1199,3402975375,FRONTERA_CICLO_AJUSTE_V69_PUBLIC_BANK_SOURCE_PATH_AND_COVERAGE_PRIORITY(3).zip::BASE_V68.zip::BASE_V67.zip::BASE_V66.zip::BASE_V65.zip::BASE_V64.zip::v64/BASE_V63.zip::BASE_V62.zip::BASE_V61.zip::BASE_V60.zip::BASE_V59.zip::BASE_V58.zip::BASE_V57.zip::BASE_V56.zip::BASE_V55.zip::BASE_V54.zip,zip,fxgrossresultbridgev54csv,15
FRONTERA_CICLO_AJUSTE_V69_PUBLIC_BANK_SOURCE_PATH_AND_COVERAGE_PRIORITY(3).zip,INTEREST_INCOME_ACCOUNTING_BRIDGE_V54.csv,INTEREST_INCOME_ACCOUNTING_BRIDGE_V54.csv,1406,1355639883,FRONTERA_CICLO_AJUSTE_V69_PUBLIC_BANK_SOURCE_PATH_AND_COVERAGE_PRIORITY(3).zip::BASE_V68.zip::BASE_V67.zip::BASE_V66.zip::BASE_V65.zip::BASE_V64.zip::v64/BASE_V63.zip::BASE_V62.zip::BASE_V61.zip::BASE_V60.zip::BASE_V59.zip::BASE_V58.zip::BASE_V57.zip::BASE_V56.zip::BASE_V55.zip::BASE_V54.zip,zip,interestincomeaccountingbridgev54csv,15
FRONTERA_CICLO_AJUSTE_V69_PUBLIC_BANK_SOURCE_PATH_AND_COVERAGE_PRIORITY(3).zip,MANIFEST_V54.json,MANIFEST_V54.json,3560,650712362,FRONTERA_CICLO_AJUSTE_V69_PUBLIC_BANK_SOURCE_PATH_AND_COVERAGE_PRIORITY(3).zip::BASE_V68.zip::BASE_V67.zip::BASE_V66.zip::BASE_V65.zip::BASE_V64.zip::v64/BASE_V63.zip::BASE_V62.zip::BASE_V61.zip::BASE_V60.zip::BASE_V59.zip::BASE_V58.zip::BASE_V57.zip::BASE_V56.zip::BASE_V55.zip::BASE_V54.zip,zip,manifestv54json,15
FRONTERA_CICLO_AJUSTE_V69_PUBLIC_BANK_SOURCE_PATH_AND_COVERAGE_PRIORITY(3).zip,PROMPT_CODEX_V55_BYTE_MATERIALIZATION_AND_SUBACCOUNT_RECONCILIATION.md,PROMPT_CODEX_V55_BYTE_MATERIALIZATION_AND_SUBACCOUNT_RECONCILIATION.md,3086,444971051,FRONTERA_CICLO_AJUSTE_V69_PUBLIC_BANK_SOURCE_PATH_AND_COVERAGE_PRIORITY(3).zip::BASE_V68.zip::BASE_V67.zip::BASE_V66.zip::BASE_V65.zip::BASE_V64.zip::v64/BASE_V63.zip::BASE_V62.zip::BASE_V61.zip::BASE_V60.zip::BASE_V59.zip::BASE_V58.zip::BASE_V57.zip::BASE_V56.zip::BASE_V55.zip::BASE_V54.zip,zip,promptcodexv55bytematerializationandsubaccountreconciliationmd,15
FRONTERA_CICLO_AJUSTE_V69_PUBLIC_BANK_SOURCE_PATH_AND_COVERAGE_PRIORITY(3).zip,Q4_2023_JOINT_COUNTERPARTY_PARTITION_V54.csv,Q4_2023_JOINT_COUNTERPARTY_PARTITION_V54.csv,1218,3873685717,FRONTERA_CICLO_AJUSTE_V69_PUBLIC_BANK_SOURCE_PATH_AND_COVERAGE_PRIORITY(3).zip::BASE_V68.zip::BASE_V67.zip::BASE_V66.zip::BASE_V65.zip::BASE_V64.zip::v64/BASE_V63.zip::BASE_V62.zip::BASE_V61.zip::BASE_V60.zip::BASE_V59.zip::BASE_V58.zip::BASE_V57.zip::BASE_V56.zip::BASE_V55.zip::BASE_V54.zip,zip,q42023jointcounterpartypartitionv54csv,15
FRONTERA_CICLO_AJUSTE_V69_PUBLIC_BANK_SOURCE_PATH_AND_COVERAGE_PRIORITY(3).zip,QA_RESULT_V54.txt,QA_RESULT_V54.txt,5,3256905966,FRONTERA_CICLO_AJUSTE_V69_PUBLIC_BANK_SOURCE_PATH_AND_COVERAGE_PRIORITY(3).zip::BASE_V68.zip::BASE_V67.zip::BASE_V66.zip::BASE_V65.zip::BASE_V64.zip::v64/BASE_V63.zip::BASE_V62.zip::BASE_V61.zip::BASE_V60.zip::BASE_V59.zip::BASE_V58.zip::BASE_V57.zip::BASE_V56.zip::BASE_V55.zip::BASE_V54.zip,zip,qaresultv54txt,15
FRONTERA_CICLO_AJUSTE_V69_PUBLIC_BANK_SOURCE_PATH_AND_COVERAGE_PRIORITY(3).zip,RAW_SOURCE_MANIFEST_V54.csv,RAW_SOURCE_MANIFEST_V54.csv,4086,3355249895,FRONTERA_CICLO_AJUSTE_V69_PUBLIC_BANK_SOURCE_PATH_AND_COVERAGE_PRIORITY(3).zip::BASE_V68.zip::BASE_V67.zip::BASE_V66.zip::BASE_V65.zip::BASE_V64.zip::v64/BASE_V63.zip::BASE_V62.zip::BASE_V61.zip::BASE_V60.zip::BASE_V59.zip::BASE_V58.zip::BASE_V57.zip::BASE_V56.zip::BASE_V55.zip::BASE_V54.zip,zip,rawsourcemanifestv54csv,15
FRONTERA_CICLO_AJUSTE_V69_PUBLIC_BANK_SOURCE_PATH_AND_COVERAGE_PRIORITY(3).zip,README_V54.md,README_V54.md,1151,557525011,FRONTERA_CICLO_AJUSTE_V69_PUBLIC_BANK_SOURCE_PATH_AND_COVERAGE_PRIORITY(3).zip::BASE_V68.zip::BASE_V67.zip::BASE_V66.zip::BASE_V65.zip::BASE_V64.zip::v64/BASE_V63.zip::BASE_V62.zip::BASE_V61.zip::BASE_V60.zip::BASE_V59.zip::BASE_V58.zip::BASE_V57.zip::BASE_V56.zip::BASE_V55.zip::BASE_V54.zip,zip,readmev54md,15
FRONTERA_CICLO_AJUSTE_V69_PUBLIC_BANK_SOURCE_PATH_AND_COVERAGE_PRIORITY(3).zip,SECURITIES_RESULT_BRIDGE_V54.csv,SECURITIES_RESULT_BRIDGE_V54.csv,1403,4022876793,FRONTERA_CICLO_AJUSTE_V69_PUBLIC_BANK_SOURCE_PATH_AND_COVERAGE_PRIORITY(3).zip::BASE_V68.zip::BASE_V67.zip::BASE_V66.zip::BASE_V65.zip::BASE_V64.zip::v64/BASE_V63.zip::BASE_V62.zip::BASE_V61.zip::BASE_V60.zip::BASE_V59.zip::BASE_V58.zip::BASE_V57.zip::BASE_V56.zip::BASE_V55.zip::BASE_V54.zip,zip,securitiesresultbridgev54csv,15
FRONTERA_CICLO_AJUSTE_V69_PUBLIC_BANK_SOURCE_PATH_AND_COVERAGE_PRIORITY(3).zip,VEREDICTO_MICRODATA_BRIDGE_V54.md,VEREDICTO_MICRODATA_BRIDGE_V54.md,2066,3936993609,FRONTERA_CICLO_AJUSTE_V69_PUBLIC_BANK_SOURCE_PATH_AND_COVERAGE_PRIORITY(3).zip::BASE_V68.zip::BASE_V67.zip::BASE_V66.zip::BASE_V65.zip::BASE_V64.zip::v64/BASE_V63.zip::BASE_V62.zip::BASE_V61.zip::BASE_V60.zip::BASE_V59.zip::BASE_V58.zip::BASE_V57.zip::BASE_V56.zip::BASE_V55.zip::BASE_V54.zip,zip,veredictomicrodatabridgev54md,15
FRONTERA_CICLO_AJUSTE_V69_PUBLIC_BANK_SOURCE_PATH_AND_COVERAGE_PRIORITY(3).zip,qa_v54.py,qa_v54.py,1477,1824512938,FRONTERA_CICLO_AJUSTE_V69_PUBLIC_BANK_SOURCE_PATH_AND_COVERAGE_PRIORITY(3).zip::BASE_V68.zip::BASE_V67.zip::BASE_V66.zip::BASE_V65.zip::BASE_V64.zip::v64/BASE_V63.zip::BASE_V62.zip::BASE_V61.zip::BASE_V60.zip::BASE_V59.zip::BASE_V58.zip::BASE_V57.zip::BASE_V56.zip::BASE_V55.zip::BASE_V54.zip,zip,qav54py,15
FRONTERA_CICLO_AJUSTE_V69_PUBLIC_BANK_SOURCE_PATH_AND_COVERAGE_PRIORITY(3).zip,CER_GROSS_RECONCILIATION_V55.csv,CER_GROSS_RECONCILIATION_V55.csv,769,424658597,FRONTERA_CICLO_AJUSTE_V69_PUBLIC_BANK_SOURCE_PATH_AND_COVERAGE_PRIORITY(3).zip::BASE_V68.zip::BASE_V67.zip::BASE_V66.zip::BASE_V65.zip::BASE_V64.zip::v64/BASE_V63.zip::BASE_V62.zip::BASE_V61.zip::BASE_V60.zip::BASE_V59.zip::BASE_V58.zip::BASE_V57.zip::BASE_V56.zip::BASE_V55.zip,zip,cergrossreconciliationv55csv,14
FRONTERA_CICLO_AJUSTE_V69_PUBLIC_BANK_SOURCE_PATH_AND_COVERAGE_PRIORITY(3).zip,COUNTERPARTY_AXIS_V55.csv,COUNTERPARTY_AXIS_V55.csv,783,1856850215,FRONTERA_CICLO_AJUSTE_V69_PUBLIC_BANK_SOURCE_PATH_AND_COVERAGE_PRIORITY(3).zip::BASE_V68.zip::BASE_V67.zip::BASE_V66.zip::BASE_V65.zip::BASE_V64.zip::v64/BASE_V63.zip::BASE_V62.zip::BASE_V61.zip::BASE_V60.zip::BASE_V59.zip::BASE_V58.zip::BASE_V57.zip::BASE_V56.zip::BASE_V55.zip,zip,counterpartyaxisv55csv,14
FRONTERA_CICLO_AJUSTE_V69_PUBLIC_BANK_SOURCE_PATH_AND_COVERAGE_PRIORITY(3).zip,EVIDENCE_LEDGER_CICLO_AJUSTE_V55.csv,EVIDENCE_LEDGER_CICLO_AJUSTE_V55.csv,37476,769167957,FRONTERA_CICLO_AJUSTE_V69_PUBLIC_BANK_SOURCE_PATH_AND_COVERAGE_PRIORITY(3).zip::BASE_V68.zip::BASE_V67.zip::BASE_V66.zip::BASE_V65.zip::BASE_V64.zip::v64/BASE_V63.zip::BASE_V62.zip::BASE_V61.zip::BASE_V60.zip::BASE_V59.zip::BASE_V58.zip::BASE_V57.zip::BASE_V56.zip::BASE_V55.zip,zip,evidenceledgercicloajustev55csv,14
FRONTERA_CICLO_AJUSTE_V69_PUBLIC_BANK_SOURCE_PATH_AND_COVERAGE_PRIORITY(3).zip,FUENTES_V55.md,FUENTES_V55.md,1595,2045476171,FRONTERA_CICLO_AJUSTE_V69_PUBLIC_BANK_SOURCE_PATH_AND_COVERAGE_PRIORITY(3).zip::BASE_V68.zip::BASE_V67.zip::BASE_V66.zip::BASE_V65.zip::BASE_V64.zip::v64/BASE_V63.zip::BASE_V62.zip::BASE_V61.zip::BASE_V60.zip::BASE_V59.zip::BASE_V58.zip::BASE_V57.zip::BASE_V56.zip::BASE_V55.zip,zip,fuentesv55md,14
FRONTERA_CICLO_AJUSTE_V69_PUBLIC_BANK_SOURCE_PATH_AND_COVERAGE_PRIORITY(3).zip,FX_MODE_RECONCILIATION_V55.csv,FX_MODE_RECONCILIATION_V55.csv,748,1599154258,FRONTERA_CICLO_AJUSTE_V69_PUBLIC_BANK_SOURCE_PATH_AND_COVERAGE_PRIORITY(3).zip::BASE_V68.zip::BASE_V67.zip::BASE_V66.zip::BASE_V65.zip::BASE_V64.zip::v64/BASE_V63.zip::BASE_V62.zip::BASE_V61.zip::BASE_V60.zip::BASE_V59.zip::BASE_V58.zip::BASE_V57.zip::BASE_V56.zip::BASE_V55.zip,zip,fxmodereconciliationv55csv,14
FRONTERA_CICLO_AJUSTE_V69_PUBLIC_BANK_SOURCE_PATH_AND_COVERAGE_PRIORITY(3).zip,INTEREST_SECTOR_RECONCILIATION_V55.csv,INTEREST_SECTOR_RECONCILIATION_V55.csv,1148,1522993080,FRONTERA_CICLO_AJUSTE_V69_PUBLIC_BANK_SOURCE_PATH_AND_COVERAGE_PRIORITY(3).zip::BASE_V68.zip::BASE_V67.zip::BASE_V66.zip::BASE_V65.zip::BASE_V64.zip::v64/BASE_V63.zip::BASE_V62.zip::BASE_V61.zip::BASE_V60.zip::BASE_V59.zip::BASE_V58.zip::BASE_V57.zip::BASE_V56.zip::BASE_V55.zip,zip,interestsectorreconciliationv55csv,14
FRONTERA_CICLO_AJUSTE_V69_PUBLIC_BANK_SOURCE_PATH_AND_COVERAGE_PRIORITY(3).zip,MANIFEST_V55.json,MANIFEST_V55.json,727,4094365357,FRONTERA_CICLO_AJUSTE_V69_PUBLIC_BANK_SOURCE_PATH_AND_COVERAGE_PRIORITY(3).zip::BASE_V68.zip::BASE_V67.zip::BASE_V66.zip::BASE_V65.zip::BASE_V64.zip::v64/BASE_V63.zip::BASE_V62.zip::BASE_V61.zip::BASE_V60.zip::BASE_V59.zip::BASE_V58.zip::BASE_V57.zip::BASE_V56.zip::BASE_V55.zip,zip,manifestv55json,14
FRONTERA_CICLO_AJUSTE_V69_PUBLIC_BANK_SOURCE_PATH_AND_COVERAGE_PRIORITY(3).zip,PROMPT_CODEX_V56_SERIES_VALUES_AND_NIIF_BRIDGE.md,PROMPT_CODEX_V56_SERIES_VALUES_AND_NIIF_BRIDGE.md,2013,3247092477,FRONTERA_CICLO_AJUSTE_V69_PUBLIC_BANK_SOURCE_PATH_AND_COVERAGE_PRIORITY(3).zip::BASE_V68.zip::BASE_V67.zip::BASE_V66.zip::BASE_V65.zip::BASE_V64.zip::v64/BASE_V63.zip::BASE_V62.zip::BASE_V61.zip::BASE_V60.zip::BASE_V59.zip::BASE_V58.zip::BASE_V57.zip::BASE_V56.zip::BASE_V55.zip,zip,promptcodexv56seriesvaluesandniifbridgemd,14
FRONTERA_CICLO_AJUSTE_V69_PUBLIC_BANK_SOURCE_PATH_AND_COVERAGE_PRIORITY(3).zip,QA_RESULT_V55.txt,QA_RESULT_V55.txt,9,2796055921,FRONTERA_CICLO_AJUSTE_V69_PUBLIC_BANK_SOURCE_PATH_AND_COVERAGE_PRIORITY(3).zip::BASE_V68.zip::BASE_V67.zip::BASE_V66.zip::BASE_V65.zip::BASE_V64.zip::v64/BASE_V63.zip::BASE_V62.zip::BASE_V61.zip::BASE_V60.zip::BASE_V59.zip::BASE_V58.zip::BASE_V57.zip::BASE_V56.zip::BASE_V55.zip,zip,qaresultv55txt,14
FRONTERA_CICLO_AJUSTE_V69_PUBLIC_BANK_SOURCE_PATH_AND_COVERAGE_PRIORITY(3).zip,RAW_BYTES_MANIFEST_V55.csv,RAW_BYTES_MANIFEST_V55.csv,4441,3653712268,FRONTERA_CICLO_AJUSTE_V69_PUBLIC_BANK_SOURCE_PATH_AND_COVERAGE_PRIORITY(3).zip::BASE_V68.zip::BASE_V67.zip::BASE_V66.zip::BASE_V65.zip::BASE_V64.zip::v64/BASE_V63.zip::BASE_V62.zip::BASE_V61.zip::BASE_V60.zip::BASE_V59.zip::BASE_V58.zip::BASE_V57.zip::BASE_V56.zip::BASE_V55.zip,zip,rawbytesmanifestv55csv,14
FRONTERA_CICLO_AJUSTE_V69_PUBLIC_BANK_SOURCE_PATH_AND_COVERAGE_PRIORITY(3).zip,README_V55.md,README_V55.md,716,2765300277,FRONTERA_CICLO_AJUSTE_V69_PUBLIC_BANK_SOURCE_PATH_AND_COVERAGE_PRIORITY(3).zip::BASE_V68.zip::BASE_V67.zip::BASE_V66.zip::BASE_V65.zip::BASE_V64.zip::v64/BASE_V63.zip::BASE_V62.zip::BASE_V61.zip::BASE_V60.zip::BASE_V59.zip::BASE_V58.zip::BASE_V57.zip::BASE_V56.zip::BASE_V55.zip,zip,readmev55md,14
FRONTERA_CICLO_AJUSTE_V69_PUBLIC_BANK_SOURCE_PATH_AND_COVERAGE_PRIORITY(3).zip,SECURITIES_RECONCILIATION_V55.csv,SECURITIES_RECONCILIATION_V55.csv,942,84094729,FRONTERA_CICLO_AJUSTE_V69_PUBLIC_BANK_SOURCE_PATH_AND_COVERAGE_PRIORITY(3).zip::BASE_V68.zip::BASE_V67.zip::BASE_V66.zip::BASE_V65.zip::BASE_V64.zip::v64/BASE_V63.zip::BASE_V62.zip::BASE_V61.zip::BASE_V60.zip::BASE_V59.zip::BASE_V58.zip::BASE_V57.zip::BASE_V56.zip::BASE_V55.zip,zip,securitiesreconciliationv55csv,14
FRONTERA_CICLO_AJUSTE_V69_PUBLIC_BANK_SOURCE_PATH_AND_COVERAGE_PRIORITY(3).zip,SUBACCOUNT_DICTIONARY_V55.csv,SUBACCOUNT_DICTIONARY_V55.csv,15084,151416654,FRONTERA_CICLO_AJUSTE_V69_PUBLIC_BANK_SOURCE_PATH_AND_COVERAGE_PRIORITY(3).zip::BASE_V68.zip::BASE_V67.zip::BASE_V66.zip::BASE_V65.zip::BASE_V64.zip::v64/BASE_V63.zip::BASE_V62.zip::BASE_V61.zip::BASE_V60.zip::BASE_V59.zip::BASE_V58.zip::BASE_V57.zip::BASE_V56.zip::BASE_V55.zip,zip,subaccountdictionaryv55csv,14
FRONTERA_CICLO_AJUSTE_V69_PUBLIC_BANK_SOURCE_PATH_AND_COVERAGE_PRIORITY(3).zip,VEREDICTO_RECONCILIACION_V55.md,VEREDICTO_RECONCILIACION_V55.md,2726,243150298,FRONTERA_CICLO_AJUSTE_V69_PUBLIC_BANK_SOURCE_PATH_AND_COVERAGE_PRIORITY(3).zip::BASE_V68.zip::BASE_V67.zip::BASE_V66.zip::BASE_V65.zip::BASE_V64.zip::v64/BASE_V63.zip::BASE_V62.zip::BASE_V61.zip::BASE_V60.zip::BASE_V59.zip::BASE_V58.zip::BASE_V57.zip::BASE_V56.zip::BASE_V55.zip,zip,veredictoreconciliacionv55md,14
FRONTERA_CICLO_AJUSTE_V69_PUBLIC_BANK_SOURCE_PATH_AND_COVERAGE_PRIORITY(3).zip,qa_v55.py,qa_v55.py,1149,434940574,FRONTERA_CICLO_AJUSTE_V69_PUBLIC_BANK_SOURCE_PATH_AND_COVERAGE_PRIORITY(3).zip::BASE_V68.zip::BASE_V67.zip::BASE_V66.zip::BASE_V65.zip::BASE_V64.zip::v64/BASE_V63.zip::BASE_V62.zip::BASE_V61.zip::BASE_V60.zip::BASE_V59.zip::BASE_V58.zip::BASE_V57.zip::BASE_V56.zip::BASE_V55.zip,zip,qav55py,14
FRONTERA_CICLO_AJUSTE_V69_PUBLIC_BANK_SOURCE_PATH_AND_COVERAGE_PRIORITY(3).zip,raw_cache/es_series.txt,es_series.txt,5827774,748657357,FRONTERA_CICLO_AJUSTE_V69_PUBLIC_BANK_SOURCE_PATH_AND_COVERAGE_PRIORITY(3).zip::BASE_V68.zip::BASE_V67.zip::BASE_V66.zip::BASE_V65.zip::BASE_V64.zip::v64/BASE_V63.zip::BASE_V62.zip::BASE_V61.zip::BASE_V60.zip::BASE_V59.zip::BASE_V58.zip::BASE_V57.zip::BASE_V56.zip::BASE_V55.zip,zip,esseriestxt,14
FRONTERA_CICLO_AJUSTE_V69_PUBLIC_BANK_SOURCE_PATH_AND_COVERAGE_PRIORITY(3).zip,MANIFEST_V56.json,MANIFEST_V56.json,3938,1448856948,FRONTERA_CICLO_AJUSTE_V69_PUBLIC_BANK_SOURCE_PATH_AND_COVERAGE_PRIORITY(3).zip::BASE_V68.zip::BASE_V67.zip::BASE_V66.zip::BASE_V65.zip::BASE_V64.zip::v64/BASE_V63.zip::BASE_V62.zip::BASE_V61.zip::BASE_V60.zip::BASE_V59.zip::BASE_V58.zip::BASE_V57.zip::BASE_V56.zip,zip,manifestv56json,13
FRONTERA_CICLO_AJUSTE_V69_PUBLIC_BANK_SOURCE_PATH_AND_COVERAGE_PRIORITY(3).zip,qa_v56.py,qa_v56.py,2132,1137530503,FRONTERA_CICLO_AJUSTE_V69_PUBLIC_BANK_SOURCE_PATH_AND_COVERAGE_PRIORITY(3).zip::BASE_V68.zip::BASE_V67.zip::BASE_V66.zip::BASE_V65.zip::BASE_V64.zip::v64/BASE_V63.zip::BASE_V62.zip::BASE_V61.zip::BASE_V60.zip::BASE_V59.zip::BASE_V58.zip::BASE_V57.zip::BASE_V56.zip,zip,qav56py,13
FRONTERA_CICLO_AJUSTE_V69_PUBLIC_BANK_SOURCE_PATH_AND_COVERAGE_PRIORITY(3).zip,COUNTERPARTY_UPDATE_V56.csv,COUNTERPARTY_UPDATE_V56.csv,548,1491076668,FRONTERA_CICLO_AJUSTE_V69_PUBLIC_BANK_SOURCE_PATH_AND_COVERAGE_PRIORITY(3).zip::BASE_V68.zip::BASE_V67.zip::BASE_V66.zip::BASE_V65.zip::BASE_V64.zip::v64/BASE_V63.zip::BASE_V62.zip::BASE_V61.zip::BASE_V60.zip::BASE_V59.zip::BASE_V58.zip::BASE_V57.zip::BASE_V56.zip,zip,counterpartyupdatev56csv,13
FRONTERA_CICLO_AJUSTE_V69_PUBLIC_BANK_SOURCE_PATH_AND_COVERAGE_PRIORITY(3).zip,EVIDENCE_LEDGER_CICLO_AJUSTE_V56.csv,EVIDENCE_LEDGER_CICLO_AJUSTE_V56.csv,39312,3821271819,FRONTERA_CICLO_AJUSTE_V69_PUBLIC_BANK_SOURCE_PATH_AND_COVERAGE_PRIORITY(3).zip::BASE_V68.zip::BASE_V67.zip::BASE_V66.zip::BASE_V65.zip::BASE_V64.zip::v64/BASE_V63.zip::BASE_V62.zip::BASE_V61.zip::BASE_V60.zip::BASE_V59.zip::BASE_V58.zip::BASE_V57.zip::BASE_V56.zip,zip,evidenceledgercicloajustev56csv,13
FRONTERA_CICLO_AJUSTE_V69_PUBLIC_BANK_SOURCE_PATH_AND_COVERAGE_PRIORITY(3).zip,raw_cache/es_series.txt,es_series.txt,5827774,748657357,FRONTERA_CICLO_AJUSTE_V69_PUBLIC_BANK_SOURCE_PATH_AND_COVERAGE_PRIORITY(3).zip::BASE_V68.zip::BASE_V67.zip::BASE_V66.zip::BASE_V65.zip::BASE_V64.zip::v64/BASE_V63.zip::BASE_V62.zip::BASE_V61.zip::BASE_V60.zip::BASE_V59.zip::BASE_V58.zip::BASE_V57.zip::BASE_V56.zip,zip,esseriestxt,13
FRONTERA_CICLO_AJUSTE_V69_PUBLIC_BANK_SOURCE_PATH_AND_COVERAGE_PRIORITY(3).zip,raw_cache/Series_estadisticas.xlsx,Series_estadisticas.xlsx,1507855,1320633598,FRONTERA_CICLO_AJUSTE_V69_PUBLIC_BANK_SOURCE_PATH_AND_COVERAGE_PRIORITY(3).zip::BASE_V68.zip::BASE_V67.zip::BASE_V66.zip::BASE_V65.zip::BASE_V64.zip::v64/BASE_V63.zip::BASE_V62.zip::BASE_V61.zip::BASE_V60.zip::BASE_V59.zip::BASE_V58.zip::BASE_V57.zip::BASE_V56.zip,zip,seriesestadisticasxlsx,13
FRONTERA_CICLO_AJUSTE_V69_PUBLIC_BANK_SOURCE_PATH_AND_COVERAGE_PRIORITY(3).zip,ACCOUNT_EQUIVALENCE_NIIF_V56.csv,ACCOUNT_EQUIVALENCE_NIIF_V56.csv,18940,3566337282,FRONTERA_CICLO_AJUSTE_V69_PUBLIC_BANK_SOURCE_PATH_AND_COVERAGE_PRIORITY(3).zip::BASE_V68.zip::BASE_V67.zip::BASE_V66.zip::BASE_V65.zip::BASE_V64.zip::v64/BASE_V63.zip::BASE_V62.zip::BASE_V61.zip::BASE_V60.zip::BASE_V59.zip::BASE_V58.zip::BASE_V57.zip::BASE_V56.zip,zip,accountequivalenceniifv56csv,13
FRONTERA_CICLO_AJUSTE_V69_PUBLIC_BANK_SOURCE_PATH_AND_COVERAGE_PRIORITY(3).zip,fetch_bcra_v4_values.py,fetch_bcra_v4_values.py,1563,4258899431,FRONTERA_CICLO_AJUSTE_V69_PUBLIC_BANK_SOURCE_PATH_AND_COVERAGE_PRIORITY(3).zip::BASE_V68.zip::BASE_V67.zip::BASE_V66.zip::BASE_V65.zip::BASE_V64.zip::v64/BASE_V63.zip::BASE_V62.zip::BASE_V61.zip::BASE_V60.zip::BASE_V59.zip::BASE_V58.zip::BASE_V57.zip::BASE_V56.zip,zip,fetchbcrav4valuespy,13
FRONTERA_CICLO_AJUSTE_V69_PUBLIC_BANK_SOURCE_PATH_AND_COVERAGE_PRIORITY(3).zip,MONTHLY_SUBACCOUNT_VALUES_2023_V56.csv,MONTHLY_SUBACCOUNT_VALUES_2023_V56.csv,10137,2754513223,FRONTERA_CICLO_AJUSTE_V69_PUBLIC_BANK_SOURCE_PATH_AND_COVERAGE_PRIORITY(3).zip::BASE_V68.zip::BASE_V67.zip::BASE_V66.zip::BASE_V65.zip::BASE_V64.zip::v64/BASE_V63.zip::BASE_V62.zip::BASE_V61.zip::BASE_V60.zip::BASE_V59.zip::BASE_V58.zip::BASE_V57.zip::BASE_V56.zip,zip,monthlysubaccountvalues2023v56csv,13
FRONTERA_CICLO_AJUSTE_V69_PUBLIC_BANK_SOURCE_PATH_AND_COVERAGE_PRIORITY(3).zip,OFFICIAL_CATALOG_SLICE_V56.csv,OFFICIAL_CATALOG_SLICE_V56.csv,17529,2871997340,FRONTERA_CICLO_AJUSTE_V69_PUBLIC_BANK_SOURCE_PATH_AND_COVERAGE_PRIORITY(3).zip::BASE_V68.zip::BASE_V67.zip::BASE_V66.zip::BASE_V65.zip::BASE_V64.zip::v64/BASE_V63.zip::BASE_V62.zip::BASE_V61.zip::BASE_V60.zip::BASE_V59.zip::BASE_V58.zip::BASE_V57.zip::BASE_V56.zip,zip,officialcatalogslicev56csv,13
FRONTERA_CICLO_AJUSTE_V69_PUBLIC_BANK_SOURCE_PATH_AND_COVERAGE_PRIORITY(3).zip,VEREDICTO_V56.md,VEREDICTO_V56.md,1131,786628932,FRONTERA_CICLO_AJUSTE_V69_PUBLIC_BANK_SOURCE_PATH_AND_COVERAGE_PRIORITY(3).zip::BASE_V68.zip::BASE_V67.zip::BASE_V66.zip::BASE_V65.zip::BASE_V64.zip::v64/BASE_V63.zip::BASE_V62.zip::BASE_V61.zip::BASE_V60.zip::BASE_V59.zip::BASE_V58.zip::BASE_V57.zip::BASE_V56.zip,zip,veredictov56md,13
FRONTERA_CICLO_AJUSTE_V69_PUBLIC_BANK_SOURCE_PATH_AND_COVERAGE_PRIORITY(3).zip,COUNTERPARTY_UPDATE_V57.csv,COUNTERPARTY_UPDATE_V57.csv,782,2916305718,FRONTERA_CICLO_AJUSTE_V69_PUBLIC_BANK_SOURCE_PATH_AND_COVERAGE_PRIORITY(3).zip::BASE_V68.zip::BASE_V67.zip::BASE_V66.zip::BASE_V65.zip::BASE_V64.zip::v64/BASE_V63.zip::BASE_V62.zip::BASE_V61.zip::BASE_V60.zip::BASE_V59.zip::BASE_V58.zip::BASE_V57.zip,zip,counterpartyupdatev57csv,12
FRONTERA_CICLO_AJUSTE_V69_PUBLIC_BANK_SOURCE_PATH_AND_COVERAGE_PRIORITY(3).zip,EVIDENCE_LEDGER_CICLO_AJUSTE_V57.csv,EVIDENCE_LEDGER_CICLO_AJUSTE_V57.csv,41708,3650130693,FRONTERA_CICLO_AJUSTE_V69_PUBLIC_BANK_SOURCE_PATH_AND_COVERAGE_PRIORITY(3).zip::BASE_V68.zip::BASE_V67.zip::BASE_V66.zip::BASE_V65.zip::BASE_V64.zip::v64/BASE_V63.zip::BASE_V62.zip::BASE_V61.zip::BASE_V60.zip::BASE_V59.zip::BASE_V58.zip::BASE_V57.zip,zip,evidenceledgercicloajustev57csv,12
FRONTERA_CICLO_AJUSTE_V69_PUBLIC_BANK_SOURCE_PATH_AND_COVERAGE_PRIORITY(3).zip,FUENTES_V57.md,FUENTES_V57.md,2126,1816966930,FRONTERA_CICLO_AJUSTE_V69_PUBLIC_BANK_SOURCE_PATH_AND_COVERAGE_PRIORITY(3).zip::BASE_V68.zip::BASE_V67.zip::BASE_V66.zip::BASE_V65.zip::BASE_V64.zip::v64/BASE_V63.zip::BASE_V62.zip::BASE_V61.zip::BASE_V60.zip::BASE_V59.zip::BASE_V58.zip::BASE_V57.zip,zip,fuentesv57md,12
FRONTERA_CICLO_AJUSTE_V69_PUBLIC_BANK_SOURCE_PATH_AND_COVERAGE_PRIORITY(3).zip,IPC_RESTATEMENT_COEFFICIENTS_V57.csv,IPC_RESTATEMENT_COEFFICIENTS_V57.csv,735,2429051065,FRONTERA_CICLO_AJUSTE_V69_PUBLIC_BANK_SOURCE_PATH_AND_COVERAGE_PRIORITY(3).zip::BASE_V68.zip::BASE_V67.zip::BASE_V66.zip::BASE_V65.zip::BASE_V64.zip::v64/BASE_V63.zip::BASE_V62.zip::BASE_V61.zip::BASE_V60.zip::BASE_V59.zip::BASE_V58.zip::BASE_V57.zip,zip,ipcrestatementcoefficientsv57csv,12
FRONTERA_CICLO_AJUSTE_V69_PUBLIC_BANK_SOURCE_PATH_AND_COVERAGE_PRIORITY(3).zip,MANIFEST_V57.json,MANIFEST_V57.json,3226,3808868569,FRONTERA_CICLO_AJUSTE_V69_PUBLIC_BANK_SOURCE_PATH_AND_COVERAGE_PRIORITY(3).zip::BASE_V68.zip::BASE_V67.zip::BASE_V66.zip::BASE_V65.zip::BASE_V64.zip::v64/BASE_V63.zip::BASE_V62.zip::BASE_V61.zip::BASE_V60.zip::BASE_V59.zip::BASE_V58.zip::BASE_V57.zip,zip,manifestv57json,12
FRONTERA_CICLO_AJUSTE_V69_PUBLIC_BANK_SOURCE_PATH_AND_COVERAGE_PRIORITY(3).zip,MONTHLY_SUBACCOUNT_VALUES_2023_V57.csv,MONTHLY_SUBACCOUNT_VALUES_2023_V57.csv,25977,3395576089,FRONTERA_CICLO_AJUSTE_V69_PUBLIC_BANK_SOURCE_PATH_AND_COVERAGE_PRIORITY(3).zip::BASE_V68.zip::BASE_V67.zip::BASE_V66.zip::BASE_V65.zip::BASE_V64.zip::v64/BASE_V63.zip::BASE_V62.zip::BASE_V61.zip::BASE_V60.zip::BASE_V59.zip::BASE_V58.zip::BASE_V57.zip,zip,monthlysubaccountvalues2023v57csv,12
FRONTERA_CICLO_AJUSTE_V69_PUBLIC_BANK_SOURCE_PATH_AND_COVERAGE_PRIORITY(3).zip,NOMINAL_RECONCILIATION_V57.csv,NOMINAL_RECONCILIATION_V57.csv,5092,2497660867,FRONTERA_CICLO_AJUSTE_V69_PUBLIC_BANK_SOURCE_PATH_AND_COVERAGE_PRIORITY(3).zip::BASE_V68.zip::BASE_V67.zip::BASE_V66.zip::BASE_V65.zip::BASE_V64.zip::v64/BASE_V63.zip::BASE_V62.zip::BASE_V61.zip::BASE_V60.zip::BASE_V59.zip::BASE_V58.zip::BASE_V57.zip,zip,nominalreconciliationv57csv,12
FRONTERA_CICLO_AJUSTE_V69_PUBLIC_BANK_SOURCE_PATH_AND_COVERAGE_PRIORITY(3).zip,POST2020_ACCUMULATED_RESULTS_V57.csv,POST2020_ACCUMULATED_RESULTS_V57.csv,5395,589873153,FRONTERA_CICLO_AJUSTE_V69_PUBLIC_BANK_SOURCE_PATH_AND_COVERAGE_PRIORITY(3).zip::BASE_V68.zip::BASE_V67.zip::BASE_V66.zip::BASE_V65.zip::BASE_V64.zip::v64/BASE_V63.zip::BASE_V62.zip::BASE_V61.zip::BASE_V60.zip::BASE_V59.zip::BASE_V58.zip::BASE_V57.zip,zip,post2020accumulatedresultsv57csv,12
FRONTERA_CICLO_AJUSTE_V69_PUBLIC_BANK_SOURCE_PATH_AND_COVERAGE_PRIORITY(3).zip,PP_TARGET_RECONCILIATION_V57.csv,PP_TARGET_RECONCILIATION_V57.csv,1495,817158950,FRONTERA_CICLO_AJUSTE_V69_PUBLIC_BANK_SOURCE_PATH_AND_COVERAGE_PRIORITY(3).zip::BASE_V68.zip::BASE_V67.zip::BASE_V66.zip::BASE_V65.zip::BASE_V64.zip::v64/BASE_V63.zip::BASE_V62.zip::BASE_V61.zip::BASE_V60.zip::BASE_V59.zip::BASE_V58.zip::BASE_V57.zip,zip,pptargetreconciliationv57csv,12
FRONTERA_CICLO_AJUSTE_V69_PUBLIC_BANK_SOURCE_PATH_AND_COVERAGE_PRIORITY(3).zip,PROMPT_CODEX_V58_MODERN_XLSX_SUBACCOUNT_BRIDGE.md,PROMPT_CODEX_V58_MODERN_XLSX_SUBACCOUNT_BRIDGE.md,2340,2934801191,FRONTERA_CICLO_AJUSTE_V69_PUBLIC_BANK_SOURCE_PATH_AND_COVERAGE_PRIORITY(3).zip::BASE_V68.zip::BASE_V67.zip::BASE_V66.zip::BASE_V65.zip::BASE_V64.zip::v64/BASE_V63.zip::BASE_V62.zip::BASE_V61.zip::BASE_V60.zip::BASE_V59.zip::BASE_V58.zip::BASE_V57.zip,zip,promptcodexv58modernxlsxsubaccountbridgemd,12
FRONTERA_CICLO_AJUSTE_V69_PUBLIC_BANK_SOURCE_PATH_AND_COVERAGE_PRIORITY(3).zip,PUBLICATION_REGIME_CORRECTION_V57.csv,PUBLICATION_REGIME_CORRECTION_V57.csv,1047,489099765,FRONTERA_CICLO_AJUSTE_V69_PUBLIC_BANK_SOURCE_PATH_AND_COVERAGE_PRIORITY(3).zip::BASE_V68.zip::BASE_V67.zip::BASE_V66.zip::BASE_V65.zip::BASE_V64.zip::v64/BASE_V63.zip::BASE_V62.zip::BASE_V61.zip::BASE_V60.zip::BASE_V59.zip::BASE_V58.zip::BASE_V57.zip,zip,publicationregimecorrectionv57csv,12
FRONTERA_CICLO_AJUSTE_V69_PUBLIC_BANK_SOURCE_PATH_AND_COVERAGE_PRIORITY(3).zip,QA_RESULT_V57.txt,QA_RESULT_V57.txt,5,3256905966,FRONTERA_CICLO_AJUSTE_V69_PUBLIC_BANK_SOURCE_PATH_AND_COVERAGE_PRIORITY(3).zip::BASE_V68.zip::BASE_V67.zip::BASE_V66.zip::BASE_V65.zip::BASE_V64.zip::v64/BASE_V63.zip::BASE_V62.zip::BASE_V61.zip::BASE_V60.zip::BASE_V59.zip::BASE_V58.zip::BASE_V57.zip,zip,qaresultv57txt,12
FRONTERA_CICLO_AJUSTE_V69_PUBLIC_BANK_SOURCE_PATH_AND_COVERAGE_PRIORITY(3).zip,RAW_API_MANIFEST_V57.csv,RAW_API_MANIFEST_V57.csv,2703,2211353470,FRONTERA_CICLO_AJUSTE_V69_PUBLIC_BANK_SOURCE_PATH_AND_COVERAGE_PRIORITY(3).zip::BASE_V68.zip::BASE_V67.zip::BASE_V66.zip::BASE_V65.zip::BASE_V64.zip::v64/BASE_V63.zip::BASE_V62.zip::BASE_V61.zip::BASE_V60.zip::BASE_V59.zip::BASE_V58.zip::BASE_V57.zip,zip,rawapimanifestv57csv,12
FRONTERA_CICLO_AJUSTE_V69_PUBLIC_BANK_SOURCE_PATH_AND_COVERAGE_PRIORITY(3).zip,README_V57.md,README_V57.md,704,3216325338,FRONTERA_CICLO_AJUSTE_V69_PUBLIC_BANK_SOURCE_PATH_AND_COVERAGE_PRIORITY(3).zip::BASE_V68.zip::BASE_V67.zip::BASE_V66.zip::BASE_V65.zip::BASE_V64.zip::v64/BASE_V63.zip::BASE_V62.zip::BASE_V61.zip::BASE_V60.zip::BASE_V59.zip::BASE_V58.zip::BASE_V57.zip,zip,readmev57md,12
FRONTERA_CICLO_AJUSTE_V69_PUBLIC_BANK_SOURCE_PATH_AND_COVERAGE_PRIORITY(3).zip,VEREDICTO_V57.md,VEREDICTO_V57.md,1172,2202516161,FRONTERA_CICLO_AJUSTE_V69_PUBLIC_BANK_SOURCE_PATH_AND_COVERAGE_PRIORITY(3).zip::BASE_V68.zip::BASE_V67.zip::BASE_V66.zip::BASE_V65.zip::BASE_V64.zip::v64/BASE_V63.zip::BASE_V62.zip::BASE_V61.zip::BASE_V60.zip::BASE_V59.zip::BASE_V58.zip::BASE_V57.zip,zip,veredictov57md,12
FRONTERA_CICLO_AJUSTE_V69_PUBLIC_BANK_SOURCE_PATH_AND_COVERAGE_PRIORITY(3).zip,qa_v57.py,qa_v57.py,1568,1949318899,FRONTERA_CICLO_AJUSTE_V69_PUBLIC_BANK_SOURCE_PATH_AND_COVERAGE_PRIORITY(3).zip::BASE_V68.zip::BASE_V67.zip::BASE_V66.zip::BASE_V65.zip::BASE_V64.zip::v64/BASE_V63.zip::BASE_V62.zip::BASE_V61.zip::BASE_V60.zip::BASE_V59.zip::BASE_V58.zip::BASE_V57.zip,zip,qav57py,12
FRONTERA_CICLO_AJUSTE_V69_PUBLIC_BANK_SOURCE_PATH_AND_COVERAGE_PRIORITY(3).zip,FX_CER_PASSES_BRIDGE_V58.csv,FX_CER_PASSES_BRIDGE_V58.csv,669,2202966174,FRONTERA_CICLO_AJUSTE_V69_PUBLIC_BANK_SOURCE_PATH_AND_COVERAGE_PRIORITY(3).zip::BASE_V68.zip::BASE_V67.zip::BASE_V66.zip::BASE_V65.zip::BASE_V64.zip::v64/BASE_V63.zip::BASE_V62.zip::BASE_V61.zip::BASE_V60.zip::BASE_V59.zip::BASE_V58.zip,zip,fxcerpassesbridgev58csv,11
FRONTERA_CICLO_AJUSTE_V69_PUBLIC_BANK_SOURCE_PATH_AND_COVERAGE_PRIORITY(3).zip,MODERN_SOURCE_SHEET_MAP_V58.csv,MODERN_SOURCE_SHEET_MAP_V58.csv,1848,2207996523,FRONTERA_CICLO_AJUSTE_V69_PUBLIC_BANK_SOURCE_PATH_AND_COVERAGE_PRIORITY(3).zip::BASE_V68.zip::BASE_V67.zip::BASE_V66.zip::BASE_V65.zip::BASE_V64.zip::v64/BASE_V63.zip::BASE_V62.zip::BASE_V61.zip::BASE_V60.zip::BASE_V59.zip::BASE_V58.zip,zip,modernsourcesheetmapv58csv,11
FRONTERA_CICLO_AJUSTE_V69_PUBLIC_BANK_SOURCE_PATH_AND_COVERAGE_PRIORITY(3).zip,VEREDICTO_V58.md,VEREDICTO_V58.md,1255,2498405922,FRONTERA_CICLO_AJUSTE_V69_PUBLIC_BANK_SOURCE_PATH_AND_COVERAGE_PRIORITY(3).zip::BASE_V68.zip::BASE_V67.zip::BASE_V66.zip::BASE_V65.zip::BASE_V64.zip::v64/BASE_V63.zip::BASE_V62.zip::BASE_V61.zip::BASE_V60.zip::BASE_V59.zip::BASE_V58.zip,zip,veredictov58md,11
FRONTERA_CICLO_AJUSTE_V69_PUBLIC_BANK_SOURCE_PATH_AND_COVERAGE_PRIORITY(3).zip,FUENTES_V58.md,FUENTES_V58.md,2826,4167207868,FRONTERA_CICLO_AJUSTE_V69_PUBLIC_BANK_SOURCE_PATH_AND_COVERAGE_PRIORITY(3).zip::BASE_V68.zip::BASE_V67.zip::BASE_V66.zip::BASE_V65.zip::BASE_V64.zip::v64/BASE_V63.zip::BASE_V62.zip::BASE_V61.zip::BASE_V60.zip::BASE_V59.zip::BASE_V58.zip,zip,fuentesv58md,11
FRONTERA_CICLO_AJUSTE_V69_PUBLIC_BANK_SOURCE_PATH_AND_COVERAGE_PRIORITY(3).zip,COUNTERPARTY_UPDATE_V58.csv,COUNTERPARTY_UPDATE_V58.csv,695,3693839775,FRONTERA_CICLO_AJUSTE_V69_PUBLIC_BANK_SOURCE_PATH_AND_COVERAGE_PRIORITY(3).zip::BASE_V68.zip::BASE_V67.zip::BASE_V66.zip::BASE_V65.zip::BASE_V64.zip::v64/BASE_V63.zip::BASE_V62.zip::BASE_V61.zip::BASE_V60.zip::BASE_V59.zip::BASE_V58.zip,zip,counterpartyupdatev58csv,11
FRONTERA_CICLO_AJUSTE_V69_PUBLIC_BANK_SOURCE_PATH_AND_COVERAGE_PRIORITY(3).zip,EVIDENCE_LEDGER_CICLO_AJUSTE_V58.csv,EVIDENCE_LEDGER_CICLO_AJUSTE_V58.csv,43221,25991159,FRONTERA_CICLO_AJUSTE_V69_PUBLIC_BANK_SOURCE_PATH_AND_COVERAGE_PRIORITY(3).zip::BASE_V68.zip::BASE_V67.zip::BASE_V66.zip::BASE_V65.zip::BASE_V64.zip::v64/BASE_V63.zip::BASE_V62.zip::BASE_V61.zip::BASE_V60.zip::BASE_V59.zip::BASE_V58.zip,zip,evidenceledgercicloajustev58csv,11
FRONTERA_CICLO_AJUSTE_V69_PUBLIC_BANK_SOURCE_PATH_AND_COVERAGE_PRIORITY(3).zip,QA_RESULT_V58.txt,QA_RESULT_V58.txt,5,3256905966,FRONTERA_CICLO_AJUSTE_V69_PUBLIC_BANK_SOURCE_PATH_AND_COVERAGE_PRIORITY(3).zip::BASE_V68.zip::BASE_V67.zip::BASE_V66.zip::BASE_V65.zip::BASE_V64.zip::v64/BASE_V63.zip::BASE_V62.zip::BASE_V61.zip::BASE_V60.zip::BASE_V59.zip::BASE_V58.zip,zip,qaresultv58txt,11
FRONTERA_CICLO_AJUSTE_V69_PUBLIC_BANK_SOURCE_PATH_AND_COVERAGE_PRIORITY(3).zip,INTEREST_FLOW_SECTOR_BRIDGE_V58.csv,INTEREST_FLOW_SECTOR_BRIDGE_V58.csv,839,2939175568,FRONTERA_CICLO_AJUSTE_V69_PUBLIC_BANK_SOURCE_PATH_AND_COVERAGE_PRIORITY(3).zip::BASE_V68.zip::BASE_V67.zip::BASE_V66.zip::BASE_V65.zip::BASE_V64.zip::v64/BASE_V63.zip::BASE_V62.zip::BASE_V61.zip::BASE_V60.zip::BASE_V59.zip::BASE_V58.zip,zip,interestflowsectorbridgev58csv,11
FRONTERA_CICLO_AJUSTE_V69_PUBLIC_BANK_SOURCE_PATH_AND_COVERAGE_PRIORITY(3).zip,README_V58.md,README_V58.md,604,3045899320,FRONTERA_CICLO_AJUSTE_V69_PUBLIC_BANK_SOURCE_PATH_AND_COVERAGE_PRIORITY(3).zip::BASE_V68.zip::BASE_V67.zip::BASE_V66.zip::BASE_V65.zip::BASE_V64.zip::v64/BASE_V63.zip::BASE_V62.zip::BASE_V61.zip::BASE_V60.zip::BASE_V59.zip::BASE_V58.zip,zip,readmev58md,11
FRONTERA_CICLO_AJUSTE_V69_PUBLIC_BANK_SOURCE_PATH_AND_COVERAGE_PRIORITY(3).zip,RAW_MODERN_XLSX_MANIFEST_V58.csv,RAW_MODERN_XLSX_MANIFEST_V58.csv,1529,2552249829,FRONTERA_CICLO_AJUSTE_V69_PUBLIC_BANK_SOURCE_PATH_AND_COVERAGE_PRIORITY(3).zip::BASE_V68.zip::BASE_V67.zip::BASE_V66.zip::BASE_V65.zip::BASE_V64.zip::v64/BASE_V63.zip::BASE_V62.zip::BASE_V61.zip::BASE_V60.zip::BASE_V59.zip::BASE_V58.zip,zip,rawmodernxlsxmanifestv58csv,11
FRONTERA_CICLO_AJUSTE_V69_PUBLIC_BANK_SOURCE_PATH_AND_COVERAGE_PRIORITY(3).zip,qa_v58.py,qa_v58.py,1537,4031334256,FRONTERA_CICLO_AJUSTE_V69_PUBLIC_BANK_SOURCE_PATH_AND_COVERAGE_PRIORITY(3).zip::BASE_V68.zip::BASE_V67.zip::BASE_V66.zip::BASE_V65.zip::BASE_V64.zip::v64/BASE_V63.zip::BASE_V62.zip::BASE_V61.zip::BASE_V60.zip::BASE_V59.zip::BASE_V58.zip,zip,qav58py,11
FRONTERA_CICLO_AJUSTE_V69_PUBLIC_BANK_SOURCE_PATH_AND_COVERAGE_PRIORITY(3).zip,PROMPT_CODEX_V59_ENTITY_LEVEL_REAL_MARGIN_BRIDGE.md,PROMPT_CODEX_V59_ENTITY_LEVEL_REAL_MARGIN_BRIDGE.md,2472,3660409110,FRONTERA_CICLO_AJUSTE_V69_PUBLIC_BANK_SOURCE_PATH_AND_COVERAGE_PRIORITY(3).zip::BASE_V68.zip::BASE_V67.zip::BASE_V66.zip::BASE_V65.zip::BASE_V64.zip::v64/BASE_V63.zip::BASE_V62.zip::BASE_V61.zip::BASE_V60.zip::BASE_V59.zip::BASE_V58.zip,zip,promptcodexv59entitylevelrealmarginbridgemd,11
FRONTERA_CICLO_AJUSTE_V69_PUBLIC_BANK_SOURCE_PATH_AND_COVERAGE_PRIORITY(3).zip,AUDITORIA_V58.md,AUDITORIA_V58.md,3346,2630045207,FRONTERA_CICLO_AJUSTE_V69_PUBLIC_BANK_SOURCE_PATH_AND_COVERAGE_PRIORITY(3).zip::BASE_V68.zip::BASE_V67.zip::BASE_V66.zip::BASE_V65.zip::BASE_V64.zip::v64/BASE_V63.zip::BASE_V62.zip::BASE_V61.zip::BASE_V60.zip::BASE_V59.zip::BASE_V58.zip,zip,auditoriav58md,11
FRONTERA_CICLO_AJUSTE_V69_PUBLIC_BANK_SOURCE_PATH_AND_COVERAGE_PRIORITY(3).zip,MANIFEST_V58.json,MANIFEST_V58.json,878,2063404822,FRONTERA_CICLO_AJUSTE_V69_PUBLIC_BANK_SOURCE_PATH_AND_COVERAGE_PRIORITY(3).zip::BASE_V68.zip::BASE_V67.zip::BASE_V66.zip::BASE_V65.zip::BASE_V64.zip::v64/BASE_V63.zip::BASE_V62.zip::BASE_V61.zip::BASE_V60.zip::BASE_V59.zip::BASE_V58.zip,zip,manifestv58json,11
FRONTERA_CICLO_AJUSTE_V69_PUBLIC_BANK_SOURCE_PATH_AND_COVERAGE_PRIORITY(3).zip,SECURITIES_ISSUER_RESULT_BRIDGE_V58.csv,SECURITIES_ISSUER_RESULT_BRIDGE_V58.csv,981,2991295667,FRONTERA_CICLO_AJUSTE_V69_PUBLIC_BANK_SOURCE_PATH_AND_COVERAGE_PRIORITY(3).zip::BASE_V68.zip::BASE_V67.zip::BASE_V66.zip::BASE_V65.zip::BASE_V64.zip::v64/BASE_V63.zip::BASE_V62.zip::BASE_V61.zip::BASE_V60.zip::BASE_V59.zip::BASE_V58.zip,zip,securitiesissuerresultbridgev58csv,11
FRONTERA_CICLO_AJUSTE_V69_PUBLIC_BANK_SOURCE_PATH_AND_COVERAGE_PRIORITY(3).zip,QA_RESULT_V59.txt,QA_RESULT_V59.txt,5,3256905966,FRONTERA_CICLO_AJUSTE_V69_PUBLIC_BANK_SOURCE_PATH_AND_COVERAGE_PRIORITY(3).zip::BASE_V68.zip::BASE_V67.zip::BASE_V66.zip::BASE_V65.zip::BASE_V64.zip::v64/BASE_V63.zip::BASE_V62.zip::BASE_V61.zip::BASE_V60.zip::BASE_V59.zip,zip,qaresultv59txt,10
FRONTERA_CICLO_AJUSTE_V69_PUBLIC_BANK_SOURCE_PATH_AND_COVERAGE_PRIORITY(3).zip,PROMPT_CODEX_V60_ANNUAL_AQ_SYSTEM_RECONCILIATION.md,PROMPT_CODEX_V60_ANNUAL_AQ_SYSTEM_RECONCILIATION.md,2721,2357846522,FRONTERA_CICLO_AJUSTE_V69_PUBLIC_BANK_SOURCE_PATH_AND_COVERAGE_PRIORITY(3).zip::BASE_V68.zip::BASE_V67.zip::BASE_V66.zip::BASE_V65.zip::BASE_V64.zip::v64/BASE_V63.zip::BASE_V62.zip::BASE_V61.zip::BASE_V60.zip::BASE_V59.zip,zip,promptcodexv60annualaqsystemreconciliationmd,10
FRONTERA_CICLO_AJUSTE_V69_PUBLIC_BANK_SOURCE_PATH_AND_COVERAGE_PRIORITY(3).zip,EVIDENCE_LEDGER_CICLO_AJUSTE_V59.csv,EVIDENCE_LEDGER_CICLO_AJUSTE_V59.csv,45300,2905811972,FRONTERA_CICLO_AJUSTE_V69_PUBLIC_BANK_SOURCE_PATH_AND_COVERAGE_PRIORITY(3).zip::BASE_V68.zip::BASE_V67.zip::BASE_V66.zip::BASE_V65.zip::BASE_V64.zip::v64/BASE_V63.zip::BASE_V62.zip::BASE_V61.zip::BASE_V60.zip::BASE_V59.zip,zip,evidenceledgercicloajustev59csv,10
FRONTERA_CICLO_AJUSTE_V69_PUBLIC_BANK_SOURCE_PATH_AND_COVERAGE_PRIORITY(3).zip,qa_v59.py,qa_v59.py,1599,990225047,FRONTERA_CICLO_AJUSTE_V69_PUBLIC_BANK_SOURCE_PATH_AND_COVERAGE_PRIORITY(3).zip::BASE_V68.zip::BASE_V67.zip::BASE_V66.zip::BASE_V65.zip::BASE_V64.zip::v64/BASE_V63.zip::BASE_V62.zip::BASE_V61.zip::BASE_V60.zip::BASE_V59.zip,zip,qav59py,10
FRONTERA_CICLO_AJUSTE_V69_PUBLIC_BANK_SOURCE_PATH_AND_COVERAGE_PRIORITY(3).zip,AUDITORIA_V59.md,AUDITORIA_V59.md,6227,970565096,FRONTERA_CICLO_AJUSTE_V69_PUBLIC_BANK_SOURCE_PATH_AND_COVERAGE_PRIORITY(3).zip::BASE_V68.zip::BASE_V67.zip::BASE_V66.zip::BASE_V65.zip::BASE_V64.zip::v64/BASE_V63.zip::BASE_V62.zip::BASE_V61.zip::BASE_V60.zip::BASE_V59.zip,zip,auditoriav59md,10
FRONTERA_CICLO_AJUSTE_V69_PUBLIC_BANK_SOURCE_PATH_AND_COVERAGE_PRIORITY(3).zip,COUNTERPARTY_UPDATE_V59.csv,COUNTERPARTY_UPDATE_V59.csv,1111,661044847,FRONTERA_CICLO_AJUSTE_V69_PUBLIC_BANK_SOURCE_PATH_AND_COVERAGE_PRIORITY(3).zip::BASE_V68.zip::BASE_V67.zip::BASE_V66.zip::BASE_V65.zip::BASE_V64.zip::v64/BASE_V63.zip::BASE_V62.zip::BASE_V61.zip::BASE_V60.zip::BASE_V59.zip,zip,counterpartyupdatev59csv,10
FRONTERA_CICLO_AJUSTE_V69_PUBLIC_BANK_SOURCE_PATH_AND_COVERAGE_PRIORITY(3).zip,FX_CER_PASSES_FLOW_V59.csv,FX_CER_PASSES_FLOW_V59.csv,1003,2808764338,FRONTERA_CICLO_AJUSTE_V69_PUBLIC_BANK_SOURCE_PATH_AND_COVERAGE_PRIORITY(3).zip::BASE_V68.zip::BASE_V67.zip::BASE_V66.zip::BASE_V65.zip::BASE_V64.zip::v64/BASE_V63.zip::BASE_V62.zip::BASE_V61.zip::BASE_V60.zip::BASE_V59.zip,zip,fxcerpassesflowv59csv,10
FRONTERA_CICLO_AJUSTE_V69_PUBLIC_BANK_SOURCE_PATH_AND_COVERAGE_PRIORITY(3).zip,FUENTES_V59.md,FUENTES_V59.md,1815,1602664242,FRONTERA_CICLO_AJUSTE_V69_PUBLIC_BANK_SOURCE_PATH_AND_COVERAGE_PRIORITY(3).zip::BASE_V68.zip::BASE_V67.zip::BASE_V66.zip::BASE_V65.zip::BASE_V64.zip::v64/BASE_V63.zip::BASE_V62.zip::BASE_V61.zip::BASE_V60.zip::BASE_V59.zip,zip,fuentesv59md,10
FRONTERA_CICLO_AJUSTE_V69_PUBLIC_BANK_SOURCE_PATH_AND_COVERAGE_PRIORITY(3).zip,POST_NIIF_SUBACCOUNT_MAP_V59.csv,POST_NIIF_SUBACCOUNT_MAP_V59.csv,3652,3459050816,FRONTERA_CICLO_AJUSTE_V69_PUBLIC_BANK_SOURCE_PATH_AND_COVERAGE_PRIORITY(3).zip::BASE_V68.zip::BASE_V67.zip::BASE_V66.zip::BASE_V65.zip::BASE_V64.zip::v64/BASE_V63.zip::BASE_V62.zip::BASE_V61.zip::BASE_V60.zip::BASE_V59.zip,zip,postniifsubaccountmapv59csv,10
FRONTERA_CICLO_AJUSTE_V69_PUBLIC_BANK_SOURCE_PATH_AND_COVERAGE_PRIORITY(3).zip,COUNTERPARTY_UPDATE_V60.csv,COUNTERPARTY_UPDATE_V60.csv,1036,3895427239,FRONTERA_CICLO_AJUSTE_V69_PUBLIC_BANK_SOURCE_PATH_AND_COVERAGE_PRIORITY(3).zip::BASE_V68.zip::BASE_V67.zip::BASE_V66.zip::BASE_V65.zip::BASE_V64.zip::v64/BASE_V63.zip::BASE_V62.zip::BASE_V61.zip::BASE_V60.zip,zip,counterpartyupdatev60csv,9
FRONTERA_CICLO_AJUSTE_V69_PUBLIC_BANK_SOURCE_PATH_AND_COVERAGE_PRIORITY(3).zip,ENTITY_Q4_AQ_BRIDGE_V60.csv,ENTITY_Q4_AQ_BRIDGE_V60.csv,2617,695357644,FRONTERA_CICLO_AJUSTE_V69_PUBLIC_BANK_SOURCE_PATH_AND_COVERAGE_PRIORITY(3).zip::BASE_V68.zip::BASE_V67.zip::BASE_V66.zip::BASE_V65.zip::BASE_V64.zip::v64/BASE_V63.zip::BASE_V62.zip::BASE_V61.zip::BASE_V60.zip,zip,entityq4aqbridgev60csv,9
FRONTERA_CICLO_AJUSTE_V69_PUBLIC_BANK_SOURCE_PATH_AND_COVERAGE_PRIORITY(3).zip,EVIDENCE_LEDGER_CICLO_AJUSTE_V60.csv,EVIDENCE_LEDGER_CICLO_AJUSTE_V60.csv,45977,321594245,FRONTERA_CICLO_AJUSTE_V69_PUBLIC_BANK_SOURCE_PATH_AND_COVERAGE_PRIORITY(3).zip::BASE_V68.zip::BASE_V67.zip::BASE_V66.zip::BASE_V65.zip::BASE_V64.zip::v64/BASE_V63.zip::BASE_V62.zip::BASE_V61.zip::BASE_V60.zip,zip,evidenceledgercicloajustev60csv,9
FRONTERA_CICLO_AJUSTE_V69_PUBLIC_BANK_SOURCE_PATH_AND_COVERAGE_PRIORITY(3).zip,FUENTES_V60.md,FUENTES_V60.md,456,3010152713,FRONTERA_CICLO_AJUSTE_V69_PUBLIC_BANK_SOURCE_PATH_AND_COVERAGE_PRIORITY(3).zip::BASE_V68.zip::BASE_V67.zip::BASE_V66.zip::BASE_V65.zip::BASE_V64.zip::v64/BASE_V63.zip::BASE_V62.zip::BASE_V61.zip::BASE_V60.zip,zip,fuentesv60md,9
FRONTERA_CICLO_AJUSTE_V69_PUBLIC_BANK_SOURCE_PATH_AND_COVERAGE_PRIORITY(3).zip,HOUSEHOLD_LIKE_INTEREST_ANNUAL_V60.csv,HOUSEHOLD_LIKE_INTEREST_ANNUAL_V60.csv,824,1360227913,FRONTERA_CICLO_AJUSTE_V69_PUBLIC_BANK_SOURCE_PATH_AND_COVERAGE_PRIORITY(3).zip::BASE_V68.zip::BASE_V67.zip::BASE_V66.zip::BASE_V65.zip::BASE_V64.zip::v64/BASE_V63.zip::BASE_V62.zip::BASE_V61.zip::BASE_V60.zip,zip,householdlikeinterestannualv60csv,9
FRONTERA_CICLO_AJUSTE_V69_PUBLIC_BANK_SOURCE_PATH_AND_COVERAGE_PRIORITY(3).zip,IPC_REEXPRESSION_V60.csv,IPC_REEXPRESSION_V60.csv,171,2507692037,FRONTERA_CICLO_AJUSTE_V69_PUBLIC_BANK_SOURCE_PATH_AND_COVERAGE_PRIORITY(3).zip::BASE_V68.zip::BASE_V67.zip::BASE_V66.zip::BASE_V65.zip::BASE_V64.zip::v64/BASE_V63.zip::BASE_V62.zip::BASE_V61.zip::BASE_V60.zip,zip,ipcreexpressionv60csv,9
FRONTERA_CICLO_AJUSTE_V69_PUBLIC_BANK_SOURCE_PATH_AND_COVERAGE_PRIORITY(3).zip,MANIFEST_V60.json,MANIFEST_V60.json,3572,4065991227,FRONTERA_CICLO_AJUSTE_V69_PUBLIC_BANK_SOURCE_PATH_AND_COVERAGE_PRIORITY(3).zip::BASE_V68.zip::BASE_V67.zip::BASE_V66.zip::BASE_V65.zip::BASE_V64.zip::v64/BASE_V63.zip::BASE_V62.zip::BASE_V61.zip::BASE_V60.zip,zip,manifestv60json,9
FRONTERA_CICLO_AJUSTE_V69_PUBLIC_BANK_SOURCE_PATH_AND_COVERAGE_PRIORITY(3).zip,PASS_COUNTERPARTY_FALSIFIER_V60.csv,PASS_COUNTERPARTY_FALSIFIER_V60.csv,844,3542592508,FRONTERA_CICLO_AJUSTE_V69_PUBLIC_BANK_SOURCE_PATH_AND_COVERAGE_PRIORITY(3).zip::BASE_V68.zip::BASE_V67.zip::BASE_V66.zip::BASE_V65.zip::BASE_V64.zip::v64/BASE_V63.zip::BASE_V62.zip::BASE_V61.zip::BASE_V60.zip,zip,passcounterpartyfalsifierv60csv,9
FRONTERA_CICLO_AJUSTE_V69_PUBLIC_BANK_SOURCE_PATH_AND_COVERAGE_PRIORITY(3).zip,PROMPT_CODEX_V61_SYSTEM_Q4_AQ_COVERAGE_AND_PASS_NETTING.md,PROMPT_CODEX_V61_SYSTEM_Q4_AQ_COVERAGE_AND_PASS_NETTING.md,848,3347385940,FRONTERA_CICLO_AJUSTE_V69_PUBLIC_BANK_SOURCE_PATH_AND_COVERAGE_PRIORITY(3).zip::BASE_V68.zip::BASE_V67.zip::BASE_V66.zip::BASE_V65.zip::BASE_V64.zip::v64/BASE_V63.zip::BASE_V62.zip::BASE_V61.zip::BASE_V60.zip,zip,promptcodexv61systemq4aqcoverageandpassnettingmd,9
FRONTERA_CICLO_AJUSTE_V69_PUBLIC_BANK_SOURCE_PATH_AND_COVERAGE_PRIORITY(3).zip,QA_RESULT_V60.txt,QA_RESULT_V60.txt,5,3256905966,FRONTERA_CICLO_AJUSTE_V69_PUBLIC_BANK_SOURCE_PATH_AND_COVERAGE_PRIORITY(3).zip::BASE_V68.zip::BASE_V67.zip::BASE_V66.zip::BASE_V65.zip::BASE_V64.zip::v64/BASE_V63.zip::BASE_V62.zip::BASE_V61.zip::BASE_V60.zip,zip,qaresultv60txt,9
FRONTERA_CICLO_AJUSTE_V69_PUBLIC_BANK_SOURCE_PATH_AND_COVERAGE_PRIORITY(3).zip,RAW_ENTITY_2023_MANIFEST_V60.csv,RAW_ENTITY_2023_MANIFEST_V60.csv,500,1466823452,FRONTERA_CICLO_AJUSTE_V69_PUBLIC_BANK_SOURCE_PATH_AND_COVERAGE_PRIORITY(3).zip::BASE_V68.zip::BASE_V67.zip::BASE_V66.zip::BASE_V65.zip::BASE_V64.zip::v64/BASE_V63.zip::BASE_V62.zip::BASE_V61.zip::BASE_V60.zip,zip,rawentity2023manifestv60csv,9
FRONTERA_CICLO_AJUSTE_V69_PUBLIC_BANK_SOURCE_PATH_AND_COVERAGE_PRIORITY(3).zip,README_V60.md,README_V60.md,297,2936266435,FRONTERA_CICLO_AJUSTE_V69_PUBLIC_BANK_SOURCE_PATH_AND_COVERAGE_PRIORITY(3).zip::BASE_V68.zip::BASE_V67.zip::BASE_V66.zip::BASE_V65.zip::BASE_V64.zip::v64/BASE_V63.zip::BASE_V62.zip::BASE_V61.zip::BASE_V60.zip,zip,readmev60md,9
FRONTERA_CICLO_AJUSTE_V69_PUBLIC_BANK_SOURCE_PATH_AND_COVERAGE_PRIORITY(3).zip,SECURITIES_PUBLIC_ISSUER_GATE_V60.csv,SECURITIES_PUBLIC_ISSUER_GATE_V60.csv,586,3902737956,FRONTERA_CICLO_AJUSTE_V69_PUBLIC_BANK_SOURCE_PATH_AND_COVERAGE_PRIORITY(3).zip::BASE_V68.zip::BASE_V67.zip::BASE_V66.zip::BASE_V65.zip::BASE_V64.zip::v64/BASE_V63.zip::BASE_V62.zip::BASE_V61.zip::BASE_V60.zip,zip,securitiespublicissuergatev60csv,9
FRONTERA_CICLO_AJUSTE_V69_PUBLIC_BANK_SOURCE_PATH_AND_COVERAGE_PRIORITY(3).zip,VEREDICTO_V60.md,VEREDICTO_V60.md,754,2483816971,FRONTERA_CICLO_AJUSTE_V69_PUBLIC_BANK_SOURCE_PATH_AND_COVERAGE_PRIORITY(3).zip::BASE_V68.zip::BASE_V67.zip::BASE_V66.zip::BASE_V65.zip::BASE_V64.zip::v64/BASE_V63.zip::BASE_V62.zip::BASE_V61.zip::BASE_V60.zip,zip,veredictov60md,9
FRONTERA_CICLO_AJUSTE_V69_PUBLIC_BANK_SOURCE_PATH_AND_COVERAGE_PRIORITY(3).zip,qa_v60.py,qa_v60.py,1094,326113959,FRONTERA_CICLO_AJUSTE_V69_PUBLIC_BANK_SOURCE_PATH_AND_COVERAGE_PRIORITY(3).zip::BASE_V68.zip::BASE_V67.zip::BASE_V66.zip::BASE_V65.zip::BASE_V64.zip::v64/BASE_V63.zip::BASE_V62.zip::BASE_V61.zip::BASE_V60.zip,zip,qav60py,9
FRONTERA_CICLO_AJUSTE_V69_PUBLIC_BANK_SOURCE_PATH_AND_COVERAGE_PRIORITY(3).zip,COUNTERPARTY_UPDATE_V61.csv,COUNTERPARTY_UPDATE_V61.csv,1120,3481983767,FRONTERA_CICLO_AJUSTE_V69_PUBLIC_BANK_SOURCE_PATH_AND_COVERAGE_PRIORITY(3).zip::BASE_V68.zip::BASE_V67.zip::BASE_V66.zip::BASE_V65.zip::BASE_V64.zip::v64/BASE_V63.zip::BASE_V62.zip::BASE_V61.zip,zip,counterpartyupdatev61csv,8
FRONTERA_CICLO_AJUSTE_V69_PUBLIC_BANK_SOURCE_PATH_AND_COVERAGE_PRIORITY(3).zip,ENTITY_COVERAGE_V61.csv,ENTITY_COVERAGE_V61.csv,1414,2924937209,FRONTERA_CICLO_AJUSTE_V69_PUBLIC_BANK_SOURCE_PATH_AND_COVERAGE_PRIORITY(3).zip::BASE_V68.zip::BASE_V67.zip::BASE_V66.zip::BASE_V65.zip::BASE_V64.zip::v64/BASE_V63.zip::BASE_V62.zip::BASE_V61.zip,zip,entitycoveragev61csv,8
FRONTERA_CICLO_AJUSTE_V69_PUBLIC_BANK_SOURCE_PATH_AND_COVERAGE_PRIORITY(3).zip,ENTITY_Q4_AQ_SYSTEM_SAMPLE_V61.csv,ENTITY_Q4_AQ_SYSTEM_SAMPLE_V61.csv,1070,3456547457,FRONTERA_CICLO_AJUSTE_V69_PUBLIC_BANK_SOURCE_PATH_AND_COVERAGE_PRIORITY(3).zip::BASE_V68.zip::BASE_V67.zip::BASE_V66.zip::BASE_V65.zip::BASE_V64.zip::v64/BASE_V63.zip::BASE_V62.zip::BASE_V61.zip,zip,entityq4aqsystemsamplev61csv,8
FRONTERA_CICLO_AJUSTE_V69_PUBLIC_BANK_SOURCE_PATH_AND_COVERAGE_PRIORITY(3).zip,EVIDENCE_LEDGER_CICLO_AJUSTE_V61.csv,EVIDENCE_LEDGER_CICLO_AJUSTE_V61.csv,46673,3069909082,FRONTERA_CICLO_AJUSTE_V69_PUBLIC_BANK_SOURCE_PATH_AND_COVERAGE_PRIORITY(3).zip::BASE_V68.zip::BASE_V67.zip::BASE_V66.zip::BASE_V65.zip::BASE_V64.zip::v64/BASE_V63.zip::BASE_V62.zip::BASE_V61.zip,zip,evidenceledgercicloajustev61csv,8
FRONTERA_CICLO_AJUSTE_V69_PUBLIC_BANK_SOURCE_PATH_AND_COVERAGE_PRIORITY(3).zip,FUENTES_V61.md,FUENTES_V61.md,1086,1751984189,FRONTERA_CICLO_AJUSTE_V69_PUBLIC_BANK_SOURCE_PATH_AND_COVERAGE_PRIORITY(3).zip::BASE_V68.zip::BASE_V67.zip::BASE_V66.zip::BASE_V65.zip::BASE_V64.zip::v64/BASE_V63.zip::BASE_V62.zip::BASE_V61.zip,zip,fuentesv61md,8
FRONTERA_CICLO_AJUSTE_V69_PUBLIC_BANK_SOURCE_PATH_AND_COVERAGE_PRIORITY(3).zip,HOUSEHOLD_PRODUCT_BOUND_V61.csv,HOUSEHOLD_PRODUCT_BOUND_V61.csv,902,354413282,FRONTERA_CICLO_AJUSTE_V69_PUBLIC_BANK_SOURCE_PATH_AND_COVERAGE_PRIORITY(3).zip::BASE_V68.zip::BASE_V67.zip::BASE_V66.zip::BASE_V65.zip::BASE_V64.zip::v64/BASE_V63.zip::BASE_V62.zip::BASE_V61.zip,zip,householdproductboundv61csv,8
FRONTERA_CICLO_AJUSTE_V69_PUBLIC_BANK_SOURCE_PATH_AND_COVERAGE_PRIORITY(3).zip,INTERBANK_PASS_NETTING_AUDIT_V61.md,INTERBANK_PASS_NETTING_AUDIT_V61.md,1776,752990661,FRONTERA_CICLO_AJUSTE_V69_PUBLIC_BANK_SOURCE_PATH_AND_COVERAGE_PRIORITY(3).zip::BASE_V68.zip::BASE_V67.zip::BASE_V66.zip::BASE_V65.zip::BASE_V64.zip::v64/BASE_V63.zip::BASE_V62.zip::BASE_V61.zip,zip,interbankpassnettingauditv61md,8
FRONTERA_CICLO_AJUSTE_V69_PUBLIC_BANK_SOURCE_PATH_AND_COVERAGE_PRIORITY(3).zip,MANIFEST_V61.json,MANIFEST_V61.json,3454,2339156851,FRONTERA_CICLO_AJUSTE_V69_PUBLIC_BANK_SOURCE_PATH_AND_COVERAGE_PRIORITY(3).zip::BASE_V68.zip::BASE_V67.zip::BASE_V66.zip::BASE_V65.zip::BASE_V64.zip::v64/BASE_V63.zip::BASE_V62.zip::BASE_V61.zip,zip,manifestv61json,8
FRONTERA_CICLO_AJUSTE_V69_PUBLIC_BANK_SOURCE_PATH_AND_COVERAGE_PRIORITY(3).zip,PASS_COUNTERPARTY_SYSTEM_V61.csv,PASS_COUNTERPARTY_SYSTEM_V61.csv,772,1236051180,FRONTERA_CICLO_AJUSTE_V69_PUBLIC_BANK_SOURCE_PATH_AND_COVERAGE_PRIORITY(3).zip::BASE_V68.zip::BASE_V67.zip::BASE_V66.zip::BASE_V65.zip::BASE_V64.zip::v64/BASE_V63.zip::BASE_V62.zip::BASE_V61.zip,zip,passcounterpartysystemv61csv,8
FRONTERA_CICLO_AJUSTE_V69_PUBLIC_BANK_SOURCE_PATH_AND_COVERAGE_PRIORITY(3).zip,PROMPT_CODEX_V62_MACHINE_READABLE_ENTITY_RESULT_AGGREGATION.md,PROMPT_CODEX_V62_MACHINE_READABLE_ENTITY_RESULT_AGGREGATION.md,1594,4164071461,FRONTERA_CICLO_AJUSTE_V69_PUBLIC_BANK_SOURCE_PATH_AND_COVERAGE_PRIORITY(3).zip::BASE_V68.zip::BASE_V67.zip::BASE_V66.zip::BASE_V65.zip::BASE_V64.zip::v64/BASE_V63.zip::BASE_V62.zip::BASE_V61.zip,zip,promptcodexv62machinereadableentityresultaggregationmd,8
FRONTERA_CICLO_AJUSTE_V69_PUBLIC_BANK_SOURCE_PATH_AND_COVERAGE_PRIORITY(3).zip,QA_RESULT_V61.txt,QA_RESULT_V61.txt,5,3256905966,FRONTERA_CICLO_AJUSTE_V69_PUBLIC_BANK_SOURCE_PATH_AND_COVERAGE_PRIORITY(3).zip::BASE_V68.zip::BASE_V67.zip::BASE_V66.zip::BASE_V65.zip::BASE_V64.zip::v64/BASE_V63.zip::BASE_V62.zip::BASE_V61.zip,zip,qaresultv61txt,8
FRONTERA_CICLO_AJUSTE_V69_PUBLIC_BANK_SOURCE_PATH_AND_COVERAGE_PRIORITY(3).zip,README_V61.md,README_V61.md,386,3559340451,FRONTERA_CICLO_AJUSTE_V69_PUBLIC_BANK_SOURCE_PATH_AND_COVERAGE_PRIORITY(3).zip::BASE_V68.zip::BASE_V67.zip::BASE_V66.zip::BASE_V65.zip::BASE_V64.zip::v64/BASE_V63.zip::BASE_V62.zip::BASE_V61.zip,zip,readmev61md,8
FRONTERA_CICLO_AJUSTE_V69_PUBLIC_BANK_SOURCE_PATH_AND_COVERAGE_PRIORITY(3).zip,SAMPLE_DIAGNOSTIC_V61.csv,SAMPLE_DIAGNOSTIC_V61.csv,486,3523793292,FRONTERA_CICLO_AJUSTE_V69_PUBLIC_BANK_SOURCE_PATH_AND_COVERAGE_PRIORITY(3).zip::BASE_V68.zip::BASE_V67.zip::BASE_V66.zip::BASE_V65.zip::BASE_V64.zip::v64/BASE_V63.zip::BASE_V62.zip::BASE_V61.zip,zip,samplediagnosticv61csv,8
FRONTERA_CICLO_AJUSTE_V69_PUBLIC_BANK_SOURCE_PATH_AND_COVERAGE_PRIORITY(3).zip,STOCK_FLOW_PASS_FALSIFIER_V61.csv,STOCK_FLOW_PASS_FALSIFIER_V61.csv,492,1734867425,FRONTERA_CICLO_AJUSTE_V69_PUBLIC_BANK_SOURCE_PATH_AND_COVERAGE_PRIORITY(3).zip::BASE_V68.zip::BASE_V67.zip::BASE_V66.zip::BASE_V65.zip::BASE_V64.zip::v64/BASE_V63.zip::BASE_V62.zip::BASE_V61.zip,zip,stockflowpassfalsifierv61csv,8
FRONTERA_CICLO_AJUSTE_V69_PUBLIC_BANK_SOURCE_PATH_AND_COVERAGE_PRIORITY(3).zip,SYSTEM_RECONCILIATION_V61.csv,SYSTEM_RECONCILIATION_V61.csv,913,941627061,FRONTERA_CICLO_AJUSTE_V69_PUBLIC_BANK_SOURCE_PATH_AND_COVERAGE_PRIORITY(3).zip::BASE_V68.zip::BASE_V67.zip::BASE_V66.zip::BASE_V65.zip::BASE_V64.zip::v64/BASE_V63.zip::BASE_V62.zip::BASE_V61.zip,zip,systemreconciliationv61csv,8
FRONTERA_CICLO_AJUSTE_V69_PUBLIC_BANK_SOURCE_PATH_AND_COVERAGE_PRIORITY(3).zip,VEREDICTO_V61.md,VEREDICTO_V61.md,728,3433497097,FRONTERA_CICLO_AJUSTE_V69_PUBLIC_BANK_SOURCE_PATH_AND_COVERAGE_PRIORITY(3).zip::BASE_V68.zip::BASE_V67.zip::BASE_V66.zip::BASE_V65.zip::BASE_V64.zip::v64/BASE_V63.zip::BASE_V62.zip::BASE_V61.zip,zip,veredictov61md,8
FRONTERA_CICLO_AJUSTE_V69_PUBLIC_BANK_SOURCE_PATH_AND_COVERAGE_PRIORITY(3).zip,qa_v61.py,qa_v61.py,832,2609763903,FRONTERA_CICLO_AJUSTE_V69_PUBLIC_BANK_SOURCE_PATH_AND_COVERAGE_PRIORITY(3).zip::BASE_V68.zip::BASE_V67.zip::BASE_V66.zip::BASE_V65.zip::BASE_V64.zip::v64/BASE_V63.zip::BASE_V62.zip::BASE_V61.zip,zip,qav61py,8
FRONTERA_CICLO_AJUSTE_V69_PUBLIC_BANK_SOURCE_PATH_AND_COVERAGE_PRIORITY(3).zip,COUNTERPARTY_UPDATE_V62.csv,COUNTERPARTY_UPDATE_V62.csv,976,3954827440,FRONTERA_CICLO_AJUSTE_V69_PUBLIC_BANK_SOURCE_PATH_AND_COVERAGE_PRIORITY(3).zip::BASE_V68.zip::BASE_V67.zip::BASE_V66.zip::BASE_V65.zip::BASE_V64.zip::v64/BASE_V63.zip::BASE_V62.zip,zip,counterpartyupdatev62csv,7
FRONTERA_CICLO_AJUSTE_V69_PUBLIC_BANK_SOURCE_PATH_AND_COVERAGE_PRIORITY(3).zip,ENTITY_COVERAGE_V62.csv,ENTITY_COVERAGE_V62.csv,832,878191740,FRONTERA_CICLO_AJUSTE_V69_PUBLIC_BANK_SOURCE_PATH_AND_COVERAGE_PRIORITY(3).zip::BASE_V68.zip::BASE_V67.zip::BASE_V66.zip::BASE_V65.zip::BASE_V64.zip::v64/BASE_V63.zip::BASE_V62.zip,zip,entitycoveragev62csv,7
FRONTERA_CICLO_AJUSTE_V69_PUBLIC_BANK_SOURCE_PATH_AND_COVERAGE_PRIORITY(3).zip,ENTITY_Q4_AQ_PANEL_V62.csv,ENTITY_Q4_AQ_PANEL_V62.csv,1286,3152356441,FRONTERA_CICLO_AJUSTE_V69_PUBLIC_BANK_SOURCE_PATH_AND_COVERAGE_PRIORITY(3).zip::BASE_V68.zip::BASE_V67.zip::BASE_V66.zip::BASE_V65.zip::BASE_V64.zip::v64/BASE_V63.zip::BASE_V62.zip,zip,entityq4aqpanelv62csv,7
FRONTERA_CICLO_AJUSTE_V69_PUBLIC_BANK_SOURCE_PATH_AND_COVERAGE_PRIORITY(3).zip,EVIDENCE_LEDGER_CICLO_AJUSTE_V62.csv,EVIDENCE_LEDGER_CICLO_AJUSTE_V62.csv,744,1831626994,FRONTERA_CICLO_AJUSTE_V69_PUBLIC_BANK_SOURCE_PATH_AND_COVERAGE_PRIORITY(3).zip::BASE_V68.zip::BASE_V67.zip::BASE_V66.zip::BASE_V65.zip::BASE_V64.zip::v64/BASE_V63.zip::BASE_V62.zip,zip,evidenceledgercicloajustev62csv,7
FRONTERA_CICLO_AJUSTE_V69_PUBLIC_BANK_SOURCE_PATH_AND_COVERAGE_PRIORITY(3).zip,FUENTES_V62.md,FUENTES_V62.md,609,874438201,FRONTERA_CICLO_AJUSTE_V69_PUBLIC_BANK_SOURCE_PATH_AND_COVERAGE_PRIORITY(3).zip::BASE_V68.zip::BASE_V67.zip::BASE_V66.zip::BASE_V65.zip::BASE_V64.zip::v64/BASE_V63.zip::BASE_V62.zip,zip,fuentesv62md,7
FRONTERA_CICLO_AJUSTE_V69_PUBLIC_BANK_SOURCE_PATH_AND_COVERAGE_PRIORITY(3).zip,HOUSEHOLD_PRODUCT_SYSTEM_V62.csv,HOUSEHOLD_PRODUCT_SYSTEM_V62.csv,1469,4170250821,FRONTERA_CICLO_AJUSTE_V69_PUBLIC_BANK_SOURCE_PATH_AND_COVERAGE_PRIORITY(3).zip::BASE_V68.zip::BASE_V67.zip::BASE_V66.zip::BASE_V65.zip::BASE_V64.zip::v64/BASE_V63.zip::BASE_V62.zip,zip,householdproductsystemv62csv,7
FRONTERA_CICLO_AJUSTE_V69_PUBLIC_BANK_SOURCE_PATH_AND_COVERAGE_PRIORITY(3).zip,IEF_PASS_RECONCILIATION_V62.csv,IEF_PASS_RECONCILIATION_V62.csv,546,1343322763,FRONTERA_CICLO_AJUSTE_V69_PUBLIC_BANK_SOURCE_PATH_AND_COVERAGE_PRIORITY(3).zip::BASE_V68.zip::BASE_V67.zip::BASE_V66.zip::BASE_V65.zip::BASE_V64.zip::v64/BASE_V63.zip::BASE_V62.zip,zip,iefpassreconciliationv62csv,7
FRONTERA_CICLO_AJUSTE_V69_PUBLIC_BANK_SOURCE_PATH_AND_COVERAGE_PRIORITY(3).zip,INTERBANK_CANCELLATION_TEST_V62.csv,INTERBANK_CANCELLATION_TEST_V62.csv,488,3589318335,FRONTERA_CICLO_AJUSTE_V69_PUBLIC_BANK_SOURCE_PATH_AND_COVERAGE_PRIORITY(3).zip::BASE_V68.zip::BASE_V67.zip::BASE_V66.zip::BASE_V65.zip::BASE_V64.zip::v64/BASE_V63.zip::BASE_V62.zip,zip,interbankcancellationtestv62csv,7
FRONTERA_CICLO_AJUSTE_V69_PUBLIC_BANK_SOURCE_PATH_AND_COVERAGE_PRIORITY(3).zip,MANIFEST_V62.json,MANIFEST_V62.json,3401,2934962812,FRONTERA_CICLO_AJUSTE_V69_PUBLIC_BANK_SOURCE_PATH_AND_COVERAGE_PRIORITY(3).zip::BASE_V68.zip::BASE_V67.zip::BASE_V66.zip::BASE_V65.zip::BASE_V64.zip::v64/BASE_V63.zip::BASE_V62.zip,zip,manifestv62json,7
FRONTERA_CICLO_AJUSTE_V69_PUBLIC_BANK_SOURCE_PATH_AND_COVERAGE_PRIORITY(3).zip,PASS_GROSS_NET_SYSTEM_V62.csv,PASS_GROSS_NET_SYSTEM_V62.csv,788,2107802603,FRONTERA_CICLO_AJUSTE_V69_PUBLIC_BANK_SOURCE_PATH_AND_COVERAGE_PRIORITY(3).zip::BASE_V68.zip::BASE_V67.zip::BASE_V66.zip::BASE_V65.zip::BASE_V64.zip::v64/BASE_V63.zip::BASE_V62.zip,zip,passgrossnetsystemv62csv,7
FRONTERA_CICLO_AJUSTE_V69_PUBLIC_BANK_SOURCE_PATH_AND_COVERAGE_PRIORITY(3).zip,PROMPT_CODEX_V63_FULL_AQ_HOMOGENEOUS_PANEL_AND_EXPENSE_LEGS.md,PROMPT_CODEX_V63_FULL_AQ_HOMOGENEOUS_PANEL_AND_EXPENSE_LEGS.md,1239,2753223760,FRONTERA_CICLO_AJUSTE_V69_PUBLIC_BANK_SOURCE_PATH_AND_COVERAGE_PRIORITY(3).zip::BASE_V68.zip::BASE_V67.zip::BASE_V66.zip::BASE_V65.zip::BASE_V64.zip::v64/BASE_V63.zip::BASE_V62.zip,zip,promptcodexv63fullaqhomogeneouspanelandexpenselegsmd,7
FRONTERA_CICLO_AJUSTE_V69_PUBLIC_BANK_SOURCE_PATH_AND_COVERAGE_PRIORITY(3).zip,QA_RESULT_V62.txt,QA_RESULT_V62.txt,5,3256905966,FRONTERA_CICLO_AJUSTE_V69_PUBLIC_BANK_SOURCE_PATH_AND_COVERAGE_PRIORITY(3).zip::BASE_V68.zip::BASE_V67.zip::BASE_V66.zip::BASE_V65.zip::BASE_V64.zip::v64/BASE_V63.zip::BASE_V62.zip,zip,qaresultv62txt,7
FRONTERA_CICLO_AJUSTE_V69_PUBLIC_BANK_SOURCE_PATH_AND_COVERAGE_PRIORITY(3).zip,RAW_ENTITY_MANIFEST_V62.csv,RAW_ENTITY_MANIFEST_V62.csv,858,161920569,FRONTERA_CICLO_AJUSTE_V69_PUBLIC_BANK_SOURCE_PATH_AND_COVERAGE_PRIORITY(3).zip::BASE_V68.zip::BASE_V67.zip::BASE_V66.zip::BASE_V65.zip::BASE_V64.zip::v64/BASE_V63.zip::BASE_V62.zip,zip,rawentitymanifestv62csv,7
FRONTERA_CICLO_AJUSTE_V69_PUBLIC_BANK_SOURCE_PATH_AND_COVERAGE_PRIORITY(3).zip,README_V62.md,README_V62.md,409,2970664442,FRONTERA_CICLO_AJUSTE_V69_PUBLIC_BANK_SOURCE_PATH_AND_COVERAGE_PRIORITY(3).zip::BASE_V68.zip::BASE_V67.zip::BASE_V66.zip::BASE_V65.zip::BASE_V64.zip::v64/BASE_V63.zip::BASE_V62.zip,zip,readmev62md,7
FRONTERA_CICLO_AJUSTE_V69_PUBLIC_BANK_SOURCE_PATH_AND_COVERAGE_PRIORITY(3).zip,VEREDICTO_V62.md,VEREDICTO_V62.md,739,2685722896,FRONTERA_CICLO_AJUSTE_V69_PUBLIC_BANK_SOURCE_PATH_AND_COVERAGE_PRIORITY(3).zip::BASE_V68.zip::BASE_V67.zip::BASE_V66.zip::BASE_V65.zip::BASE_V64.zip::v64/BASE_V63.zip::BASE_V62.zip,zip,veredictov62md,7
FRONTERA_CICLO_AJUSTE_V69_PUBLIC_BANK_SOURCE_PATH_AND_COVERAGE_PRIORITY(3).zip,qa_v62.py,qa_v62.py,14,3143009605,FRONTERA_CICLO_AJUSTE_V69_PUBLIC_BANK_SOURCE_PATH_AND_COVERAGE_PRIORITY(3).zip::BASE_V68.zip::BASE_V67.zip::BASE_V66.zip::BASE_V65.zip::BASE_V64.zip::v64/BASE_V63.zip::BASE_V62.zip,zip,qav62py,7
FRONTERA_CICLO_AJUSTE_V69_PUBLIC_BANK_SOURCE_PATH_AND_COVERAGE_PRIORITY(3).zip,CONSOLIDATED_Q4_AQ_PANEL_V63.csv,CONSOLIDATED_Q4_AQ_PANEL_V63.csv,1463,3606656169,FRONTERA_CICLO_AJUSTE_V69_PUBLIC_BANK_SOURCE_PATH_AND_COVERAGE_PRIORITY(3).zip::BASE_V68.zip::BASE_V67.zip::BASE_V66.zip::BASE_V65.zip::BASE_V64.zip::v64/BASE_V63.zip,zip,consolidatedq4aqpanelv63csv,6
FRONTERA_CICLO_AJUSTE_V69_PUBLIC_BANK_SOURCE_PATH_AND_COVERAGE_PRIORITY(3).zip,COUNTERPARTY_UPDATE_V63.csv,COUNTERPARTY_UPDATE_V63.csv,1443,167982417,FRONTERA_CICLO_AJUSTE_V69_PUBLIC_BANK_SOURCE_PATH_AND_COVERAGE_PRIORITY(3).zip::BASE_V68.zip::BASE_V67.zip::BASE_V66.zip::BASE_V65.zip::BASE_V64.zip::v64/BASE_V63.zip,zip,counterpartyupdatev63csv,6
FRONTERA_CICLO_AJUSTE_V69_PUBLIC_BANK_SOURCE_PATH_AND_COVERAGE_PRIORITY(3).zip,ENTITY_COVERAGE_V63.csv,ENTITY_COVERAGE_V63.csv,978,1741707698,FRONTERA_CICLO_AJUSTE_V69_PUBLIC_BANK_SOURCE_PATH_AND_COVERAGE_PRIORITY(3).zip::BASE_V68.zip::BASE_V67.zip::BASE_V66.zip::BASE_V65.zip::BASE_V64.zip::v64/BASE_V63.zip,zip,entitycoveragev63csv,6
FRONTERA_CICLO_AJUSTE_V69_PUBLIC_BANK_SOURCE_PATH_AND_COVERAGE_PRIORITY(3).zip,EVIDENCE_LEDGER_CICLO_AJUSTE_V63.csv,EVIDENCE_LEDGER_CICLO_AJUSTE_V63.csv,1591,1167366747,FRONTERA_CICLO_AJUSTE_V69_PUBLIC_BANK_SOURCE_PATH_AND_COVERAGE_PRIORITY(3).zip::BASE_V68.zip::BASE_V67.zip::BASE_V66.zip::BASE_V65.zip::BASE_V64.zip::v64/BASE_V63.zip,zip,evidenceledgercicloajustev63csv,6
FRONTERA_CICLO_AJUSTE_V69_PUBLIC_BANK_SOURCE_PATH_AND_COVERAGE_PRIORITY(3).zip,FOUR_LEG_PASS_PANEL_V63.csv,FOUR_LEG_PASS_PANEL_V63.csv,1158,2302138695,FRONTERA_CICLO_AJUSTE_V69_PUBLIC_BANK_SOURCE_PATH_AND_COVERAGE_PRIORITY(3).zip::BASE_V68.zip::BASE_V67.zip::BASE_V66.zip::BASE_V65.zip::BASE_V64.zip::v64/BASE_V63.zip,zip,fourlegpasspanelv63csv,6
FRONTERA_CICLO_AJUSTE_V69_PUBLIC_BANK_SOURCE_PATH_AND_COVERAGE_PRIORITY(3).zip,FUENTES_V63.md,FUENTES_V63.md,1249,1438572322,FRONTERA_CICLO_AJUSTE_V69_PUBLIC_BANK_SOURCE_PATH_AND_COVERAGE_PRIORITY(3).zip::BASE_V68.zip::BASE_V67.zip::BASE_V66.zip::BASE_V65.zip::BASE_V64.zip::v64/BASE_V63.zip,zip,fuentesv63md,6
FRONTERA_CICLO_AJUSTE_V69_PUBLIC_BANK_SOURCE_PATH_AND_COVERAGE_PRIORITY(3).zip,HOUSEHOLD_PRODUCT_PANEL_V63.csv,HOUSEHOLD_PRODUCT_PANEL_V63.csv,1342,3406328649,FRONTERA_CICLO_AJUSTE_V69_PUBLIC_BANK_SOURCE_PATH_AND_COVERAGE_PRIORITY(3).zip::BASE_V68.zip::BASE_V67.zip::BASE_V66.zip::BASE_V65.zip::BASE_V64.zip::v64/BASE_V63.zip,zip,householdproductpanelv63csv,6
FRONTERA_CICLO_AJUSTE_V69_PUBLIC_BANK_SOURCE_PATH_AND_COVERAGE_PRIORITY(3).zip,HOUSEHOLD_SECTOR_MAPPING_AUDIT_V63.md,HOUSEHOLD_SECTOR_MAPPING_AUDIT_V63.md,1037,4263515362,FRONTERA_CICLO_AJUSTE_V69_PUBLIC_BANK_SOURCE_PATH_AND_COVERAGE_PRIORITY(3).zip::BASE_V68.zip::BASE_V67.zip::BASE_V66.zip::BASE_V65.zip::BASE_V64.zip::v64/BASE_V63.zip,zip,householdsectormappingauditv63md,6
FRONTERA_CICLO_AJUSTE_V69_PUBLIC_BANK_SOURCE_PATH_AND_COVERAGE_PRIORITY(3).zip,IEF_PASS_RECONCILIATION_V63.csv,IEF_PASS_RECONCILIATION_V63.csv,540,3195844789,FRONTERA_CICLO_AJUSTE_V69_PUBLIC_BANK_SOURCE_PATH_AND_COVERAGE_PRIORITY(3).zip::BASE_V68.zip::BASE_V67.zip::BASE_V66.zip::BASE_V65.zip::BASE_V64.zip::v64/BASE_V63.zip,zip,iefpassreconciliationv63csv,6
FRONTERA_CICLO_AJUSTE_V69_PUBLIC_BANK_SOURCE_PATH_AND_COVERAGE_PRIORITY(3).zip,INDIVIDUAL_Q4_AQ_PANEL_V63.csv,INDIVIDUAL_Q4_AQ_PANEL_V63.csv,641,4250552853,FRONTERA_CICLO_AJUSTE_V69_PUBLIC_BANK_SOURCE_PATH_AND_COVERAGE_PRIORITY(3).zip::BASE_V68.zip::BASE_V67.zip::BASE_V66.zip::BASE_V65.zip::BASE_V64.zip::v64/BASE_V63.zip,zip,individualq4aqpanelv63csv,6
FRONTERA_CICLO_AJUSTE_V69_PUBLIC_BANK_SOURCE_PATH_AND_COVERAGE_PRIORITY(3).zip,MANIFEST_V63.json,MANIFEST_V63.json,3514,2549584341,FRONTERA_CICLO_AJUSTE_V69_PUBLIC_BANK_SOURCE_PATH_AND_COVERAGE_PRIORITY(3).zip::BASE_V68.zip::BASE_V67.zip::BASE_V66.zip::BASE_V65.zip::BASE_V64.zip::v64/BASE_V63.zip,zip,manifestv63json,6
FRONTERA_CICLO_AJUSTE_V69_PUBLIC_BANK_SOURCE_PATH_AND_COVERAGE_PRIORITY(3).zip,PROMPT_CODEX_V64_CLOSED_PASS_NETWORK_COVERAGE_AND_SECTOR_MAPPING.md,PROMPT_CODEX_V64_CLOSED_PASS_NETWORK_COVERAGE_AND_SECTOR_MAPPING.md,1635,18894133,FRONTERA_CICLO_AJUSTE_V69_PUBLIC_BANK_SOURCE_PATH_AND_COVERAGE_PRIORITY(3).zip::BASE_V68.zip::BASE_V67.zip::BASE_V66.zip::BASE_V65.zip::BASE_V64.zip::v64/BASE_V63.zip,zip,promptcodexv64closedpassnetworkcoverageandsectormappingmd,6
FRONTERA_CICLO_AJUSTE_V69_PUBLIC_BANK_SOURCE_PATH_AND_COVERAGE_PRIORITY(3).zip,QA_RESULT_V63.txt,QA_RESULT_V63.txt,5,3256905966,FRONTERA_CICLO_AJUSTE_V69_PUBLIC_BANK_SOURCE_PATH_AND_COVERAGE_PRIORITY(3).zip::BASE_V68.zip::BASE_V67.zip::BASE_V66.zip::BASE_V65.zip::BASE_V64.zip::v64/BASE_V63.zip,zip,qaresultv63txt,6
FRONTERA_CICLO_AJUSTE_V69_PUBLIC_BANK_SOURCE_PATH_AND_COVERAGE_PRIORITY(3).zip,README_V63.md,README_V63.md,522,401487701,FRONTERA_CICLO_AJUSTE_V69_PUBLIC_BANK_SOURCE_PATH_AND_COVERAGE_PRIORITY(3).zip::BASE_V68.zip::BASE_V67.zip::BASE_V66.zip::BASE_V65.zip::BASE_V64.zip::v64/BASE_V63.zip,zip,readmev63md,6
FRONTERA_CICLO_AJUSTE_V69_PUBLIC_BANK_SOURCE_PATH_AND_COVERAGE_PRIORITY(3).zip,SYMMETRIC_INTERBANK_NETTING_TEST_V63.csv,SYMMETRIC_INTERBANK_NETTING_TEST_V63.csv,527,63456368,FRONTERA_CICLO_AJUSTE_V69_PUBLIC_BANK_SOURCE_PATH_AND_COVERAGE_PRIORITY(3).zip::BASE_V68.zip::BASE_V67.zip::BASE_V66.zip::BASE_V65.zip::BASE_V64.zip::v64/BASE_V63.zip,zip,symmetricinterbanknettingtestv63csv,6
FRONTERA_CICLO_AJUSTE_V69_PUBLIC_BANK_SOURCE_PATH_AND_COVERAGE_PRIORITY(3).zip,VEREDICTO_V63.md,VEREDICTO_V63.md,801,2136461594,FRONTERA_CICLO_AJUSTE_V69_PUBLIC_BANK_SOURCE_PATH_AND_COVERAGE_PRIORITY(3).zip::BASE_V68.zip::BASE_V67.zip::BASE_V66.zip::BASE_V65.zip::BASE_V64.zip::v64/BASE_V63.zip,zip,veredictov63md,6
FRONTERA_CICLO_AJUSTE_V69_PUBLIC_BANK_SOURCE_PATH_AND_COVERAGE_PRIORITY(3).zip,qa_v63.py,qa_v63.py,1297,1276681817,FRONTERA_CICLO_AJUSTE_V69_PUBLIC_BANK_SOURCE_PATH_AND_COVERAGE_PRIORITY(3).zip::BASE_V68.zip::BASE_V67.zip::BASE_V66.zip::BASE_V65.zip::BASE_V64.zip::v64/BASE_V63.zip,zip,qav63py,6
FRONTERA_CICLO_AJUSTE_V69_PUBLIC_BANK_SOURCE_PATH_AND_COVERAGE_PRIORITY(3).zip,v64/HOUSEHOLD_SECTOR_MAPPING_V64.csv,HOUSEHOLD_SECTOR_MAPPING_V64.csv,2474,2258336906,FRONTERA_CICLO_AJUSTE_V69_PUBLIC_BANK_SOURCE_PATH_AND_COVERAGE_PRIORITY(3).zip::BASE_V68.zip::BASE_V67.zip::BASE_V66.zip::BASE_V65.zip::BASE_V64.zip,zip,householdsectormappingv64csv,5
FRONTERA_CICLO_AJUSTE_V69_PUBLIC_BANK_SOURCE_PATH_AND_COVERAGE_PRIORITY(3).zip,v64/QA_RESULT_V64.txt,QA_RESULT_V64.txt,5,3256905966,FRONTERA_CICLO_AJUSTE_V69_PUBLIC_BANK_SOURCE_PATH_AND_COVERAGE_PRIORITY(3).zip::BASE_V68.zip::BASE_V67.zip::BASE_V66.zip::BASE_V65.zip::BASE_V64.zip,zip,qaresultv64txt,5
FRONTERA_CICLO_AJUSTE_V69_PUBLIC_BANK_SOURCE_PATH_AND_COVERAGE_PRIORITY(3).zip,v64/qa_v64.py,qa_v64.py,1174,1783292082,FRONTERA_CICLO_AJUSTE_V69_PUBLIC_BANK_SOURCE_PATH_AND_COVERAGE_PRIORITY(3).zip::BASE_V68.zip::BASE_V67.zip::BASE_V66.zip::BASE_V65.zip::BASE_V64.zip,zip,qav64py,5
FRONTERA_CICLO_AJUSTE_V69_PUBLIC_BANK_SOURCE_PATH_AND_COVERAGE_PRIORITY(3).zip,v64/PASS_COUNTERPARTY_BOUNDS_V64.csv,PASS_COUNTERPARTY_BOUNDS_V64.csv,769,2246893850,FRONTERA_CICLO_AJUSTE_V69_PUBLIC_BANK_SOURCE_PATH_AND_COVERAGE_PRIORITY(3).zip::BASE_V68.zip::BASE_V67.zip::BASE_V66.zip::BASE_V65.zip::BASE_V64.zip,zip,passcounterpartyboundsv64csv,5
FRONTERA_CICLO_AJUSTE_V69_PUBLIC_BANK_SOURCE_PATH_AND_COVERAGE_PRIORITY(3).zip,v64/COUNTERPARTY_UPDATE_V64.csv,COUNTERPARTY_UPDATE_V64.csv,1638,1942618832,FRONTERA_CICLO_AJUSTE_V69_PUBLIC_BANK_SOURCE_PATH_AND_COVERAGE_PRIORITY(3).zip::BASE_V68.zip::BASE_V67.zip::BASE_V66.zip::BASE_V65.zip::BASE_V64.zip,zip,counterpartyupdatev64csv,5
FRONTERA_CICLO_AJUSTE_V69_PUBLIC_BANK_SOURCE_PATH_AND_COVERAGE_PRIORITY(3).zip,v64/PROMPT_CODEX_V65_BASIS_HARMONIZATION_AND_REMAINING_CLOSED_NETWORK_COVERAGE.md,PROMPT_CODEX_V65_BASIS_HARMONIZATION_AND_REMAINING_CLOSED_NETWORK_COVERAGE.md,2425,3301498787,FRONTERA_CICLO_AJUSTE_V69_PUBLIC_BANK_SOURCE_PATH_AND_COVERAGE_PRIORITY(3).zip::BASE_V68.zip::BASE_V67.zip::BASE_V66.zip::BASE_V65.zip::BASE_V64.zip,zip,promptcodexv65basisharmonizationandremainingclosednetworkcoveragemd,5
FRONTERA_CICLO_AJUSTE_V69_PUBLIC_BANK_SOURCE_PATH_AND_COVERAGE_PRIORITY(3).zip,v64/AUDITORIA_V64.md,AUDITORIA_V64.md,1768,427859888,FRONTERA_CICLO_AJUSTE_V69_PUBLIC_BANK_SOURCE_PATH_AND_COVERAGE_PRIORITY(3).zip::BASE_V68.zip::BASE_V67.zip::BASE_V66.zip::BASE_V65.zip::BASE_V64.zip,zip,auditoriav64md,5
FRONTERA_CICLO_AJUSTE_V69_PUBLIC_BANK_SOURCE_PATH_AND_COVERAGE_PRIORITY(3).zip,v64/FUENTES_V64.md,FUENTES_V64.md,1402,2535036655,FRONTERA_CICLO_AJUSTE_V69_PUBLIC_BANK_SOURCE_PATH_AND_COVERAGE_PRIORITY(3).zip::BASE_V68.zip::BASE_V67.zip::BASE_V66.zip::BASE_V65.zip::BASE_V64.zip,zip,fuentesv64md,5
FRONTERA_CICLO_AJUSTE_V69_PUBLIC_BANK_SOURCE_PATH_AND_COVERAGE_PRIORITY(3).zip,v64/README_V64.md,README_V64.md,691,4209804692,FRONTERA_CICLO_AJUSTE_V69_PUBLIC_BANK_SOURCE_PATH_AND_COVERAGE_PRIORITY(3).zip::BASE_V68.zip::BASE_V67.zip::BASE_V66.zip::BASE_V65.zip::BASE_V64.zip,zip,readmev64md,5
FRONTERA_CICLO_AJUSTE_V69_PUBLIC_BANK_SOURCE_PATH_AND_COVERAGE_PRIORITY(3).zip,v64/IEF_PASS_RECONCILIATION_V64.csv,IEF_PASS_RECONCILIATION_V64.csv,729,48263883,FRONTERA_CICLO_AJUSTE_V69_PUBLIC_BANK_SOURCE_PATH_AND_COVERAGE_PRIORITY(3).zip::BASE_V68.zip::BASE_V67.zip::BASE_V66.zip::BASE_V65.zip::BASE_V64.zip,zip,iefpassreconciliationv64csv,5
FRONTERA_CICLO_AJUSTE_V69_PUBLIC_BANK_SOURCE_PATH_AND_COVERAGE_PRIORITY(3).zip,v64/CLOSED_NETWORK_NETTING_TEST_V64.csv,CLOSED_NETWORK_NETTING_TEST_V64.csv,688,1527256713,FRONTERA_CICLO_AJUSTE_V69_PUBLIC_BANK_SOURCE_PATH_AND_COVERAGE_PRIORITY(3).zip::BASE_V68.zip::BASE_V67.zip::BASE_V66.zip::BASE_V65.zip::BASE_V64.zip,zip,closednetworknettingtestv64csv,5
FRONTERA_CICLO_AJUSTE_V69_PUBLIC_BANK_SOURCE_PATH_AND_COVERAGE_PRIORITY(3).zip,v64/FOUR_LEG_PASS_PANEL_V64.csv,FOUR_LEG_PASS_PANEL_V64.csv,1428,3589933292,FRONTERA_CICLO_AJUSTE_V69_PUBLIC_BANK_SOURCE_PATH_AND_COVERAGE_PRIORITY(3).zip::BASE_V68.zip::BASE_V67.zip::BASE_V66.zip::BASE_V65.zip::BASE_V64.zip,zip,fourlegpasspanelv64csv,5
FRONTERA_CICLO_AJUSTE_V69_PUBLIC_BANK_SOURCE_PATH_AND_COVERAGE_PRIORITY(3).zip,v64/CLOSED_NETWORK_COVERAGE_V64.csv,CLOSED_NETWORK_COVERAGE_V64.csv,1625,936507974,FRONTERA_CICLO_AJUSTE_V69_PUBLIC_BANK_SOURCE_PATH_AND_COVERAGE_PRIORITY(3).zip::BASE_V68.zip::BASE_V67.zip::BASE_V66.zip::BASE_V65.zip::BASE_V64.zip,zip,closednetworkcoveragev64csv,5
FRONTERA_CICLO_AJUSTE_V69_PUBLIC_BANK_SOURCE_PATH_AND_COVERAGE_PRIORITY(3).zip,v64/HOUSEHOLD_PRODUCT_PANEL_V64.csv,HOUSEHOLD_PRODUCT_PANEL_V64.csv,1489,2041405891,FRONTERA_CICLO_AJUSTE_V69_PUBLIC_BANK_SOURCE_PATH_AND_COVERAGE_PRIORITY(3).zip::BASE_V68.zip::BASE_V67.zip::BASE_V66.zip::BASE_V65.zip::BASE_V64.zip,zip,householdproductpanelv64csv,5
FRONTERA_CICLO_AJUSTE_V69_PUBLIC_BANK_SOURCE_PATH_AND_COVERAGE_PRIORITY(3).zip,v64/EVIDENCE_LEDGER_CICLO_AJUSTE_V64.csv,EVIDENCE_LEDGER_CICLO_AJUSTE_V64.csv,2650,2671377196,FRONTERA_CICLO_AJUSTE_V69_PUBLIC_BANK_SOURCE_PATH_AND_COVERAGE_PRIORITY(3).zip::BASE_V68.zip::BASE_V67.zip::BASE_V66.zip::BASE_V65.zip::BASE_V64.zip,zip,evidenceledgercicloajustev64csv,5
FRONTERA_CICLO_AJUSTE_V69_PUBLIC_BANK_SOURCE_PATH_AND_COVERAGE_PRIORITY(3).zip,v64/HANDOVER_CODEX_CICLO_AJUSTE_V64_A_V65.md,HANDOVER_CODEX_CICLO_AJUSTE_V64_A_V65.md,1548,2714686482,FRONTERA_CICLO_AJUSTE_V69_PUBLIC_BANK_SOURCE_PATH_AND_COVERAGE_PRIORITY(3).zip::BASE_V68.zip::BASE_V67.zip::BASE_V66.zip::BASE_V65.zip::BASE_V64.zip,zip,handovercodexcicloajustev64av65md,5
FRONTERA_CICLO_AJUSTE_V69_PUBLIC_BANK_SOURCE_PATH_AND_COVERAGE_PRIORITY(3).zip,v64/MANIFEST_V64.json,MANIFEST_V64.json,3775,4217835733,FRONTERA_CICLO_AJUSTE_V69_PUBLIC_BANK_SOURCE_PATH_AND_COVERAGE_PRIORITY(3).zip::BASE_V68.zip::BASE_V67.zip::BASE_V66.zip::BASE_V65.zip::BASE_V64.zip,zip,manifestv64json,5
FRONTERA_CICLO_AJUSTE_V69_PUBLIC_BANK_SOURCE_PATH_AND_COVERAGE_PRIORITY(3).zip,BASIS_HARMONIZATION_V65.csv,BASIS_HARMONIZATION_V65.csv,1445,596614959,FRONTERA_CICLO_AJUSTE_V69_PUBLIC_BANK_SOURCE_PATH_AND_COVERAGE_PRIORITY(3).zip::BASE_V68.zip::BASE_V67.zip::BASE_V66.zip::BASE_V65.zip,zip,basisharmonizationv65csv,4
FRONTERA_CICLO_AJUSTE_V69_PUBLIC_BANK_SOURCE_PATH_AND_COVERAGE_PRIORITY(3).zip,BCRA_BANK_SYSTEM_COVERAGE_V65.csv,BCRA_BANK_SYSTEM_COVERAGE_V65.csv,1508,479379624,FRONTERA_CICLO_AJUSTE_V69_PUBLIC_BANK_SOURCE_PATH_AND_COVERAGE_PRIORITY(3).zip::BASE_V68.zip::BASE_V67.zip::BASE_V66.zip::BASE_V65.zip,zip,bcrabanksystemcoveragev65csv,4
FRONTERA_CICLO_AJUSTE_V69_PUBLIC_BANK_SOURCE_PATH_AND_COVERAGE_PRIORITY(3).zip,CLOSED_NETWORK_COVERAGE_V65.csv,CLOSED_NETWORK_COVERAGE_V65.csv,2190,1060572330,FRONTERA_CICLO_AJUSTE_V69_PUBLIC_BANK_SOURCE_PATH_AND_COVERAGE_PRIORITY(3).zip::BASE_V68.zip::BASE_V67.zip::BASE_V66.zip::BASE_V65.zip,zip,closednetworkcoveragev65csv,4
FRONTERA_CICLO_AJUSTE_V69_PUBLIC_BANK_SOURCE_PATH_AND_COVERAGE_PRIORITY(3).zip,CLOSED_NETWORK_NETTING_TEST_V65.csv,CLOSED_NETWORK_NETTING_TEST_V65.csv,697,2810173951,FRONTERA_CICLO_AJUSTE_V69_PUBLIC_BANK_SOURCE_PATH_AND_COVERAGE_PRIORITY(3).zip::BASE_V68.zip::BASE_V67.zip::BASE_V66.zip::BASE_V65.zip,zip,closednetworknettingtestv65csv,4
FRONTERA_CICLO_AJUSTE_V69_PUBLIC_BANK_SOURCE_PATH_AND_COVERAGE_PRIORITY(3).zip,COUNTERPARTY_UPDATE_V65.csv,COUNTERPARTY_UPDATE_V65.csv,2098,3876913870,FRONTERA_CICLO_AJUSTE_V69_PUBLIC_BANK_SOURCE_PATH_AND_COVERAGE_PRIORITY(3).zip::BASE_V68.zip::BASE_V67.zip::BASE_V66.zip::BASE_V65.zip,zip,counterpartyupdatev65csv,4
FRONTERA_CICLO_AJUSTE_V69_PUBLIC_BANK_SOURCE_PATH_AND_COVERAGE_PRIORITY(3).zip,CREDICOOP_FY_AQ_CONTROL_V65.csv,CREDICOOP_FY_AQ_CONTROL_V65.csv,575,3048811599,FRONTERA_CICLO_AJUSTE_V69_PUBLIC_BANK_SOURCE_PATH_AND_COVERAGE_PRIORITY(3).zip::BASE_V68.zip::BASE_V67.zip::BASE_V66.zip::BASE_V65.zip,zip,credicoopfyaqcontrolv65csv,4
FRONTERA_CICLO_AJUSTE_V69_PUBLIC_BANK_SOURCE_PATH_AND_COVERAGE_PRIORITY(3).zip,EVIDENCE_LEDGER_CICLO_AJUSTE_V65.csv,EVIDENCE_LEDGER_CICLO_AJUSTE_V65.csv,2924,3368344482,FRONTERA_CICLO_AJUSTE_V69_PUBLIC_BANK_SOURCE_PATH_AND_COVERAGE_PRIORITY(3).zip::BASE_V68.zip::BASE_V67.zip::BASE_V66.zip::BASE_V65.zip,zip,evidenceledgercicloajustev65csv,4
FRONTERA_CICLO_AJUSTE_V69_PUBLIC_BANK_SOURCE_PATH_AND_COVERAGE_PRIORITY(3).zip,FOUR_LEG_PASS_PANEL_V65.csv,FOUR_LEG_PASS_PANEL_V65.csv,2441,3376312752,FRONTERA_CICLO_AJUSTE_V69_PUBLIC_BANK_SOURCE_PATH_AND_COVERAGE_PRIORITY(3).zip::BASE_V68.zip::BASE_V67.zip::BASE_V66.zip::BASE_V65.zip,zip,fourlegpasspanelv65csv,4
FRONTERA_CICLO_AJUSTE_V69_PUBLIC_BANK_SOURCE_PATH_AND_COVERAGE_PRIORITY(3).zip,FUENTES_V65.md,FUENTES_V65.md,2398,3403862976,FRONTERA_CICLO_AJUSTE_V69_PUBLIC_BANK_SOURCE_PATH_AND_COVERAGE_PRIORITY(3).zip::BASE_V68.zip::BASE_V67.zip::BASE_V66.zip::BASE_V65.zip,zip,fuentesv65md,4
FRONTERA_CICLO_AJUSTE_V69_PUBLIC_BANK_SOURCE_PATH_AND_COVERAGE_PRIORITY(3).zip,HANDOVER_CODEX_CICLO_AJUSTE_V65_A_V66.md,HANDOVER_CODEX_CICLO_AJUSTE_V65_A_V66.md,2804,128090728,FRONTERA_CICLO_AJUSTE_V69_PUBLIC_BANK_SOURCE_PATH_AND_COVERAGE_PRIORITY(3).zip::BASE_V68.zip::BASE_V67.zip::BASE_V66.zip::BASE_V65.zip,zip,handovercodexcicloajustev65av66md,4
FRONTERA_CICLO_AJUSTE_V69_PUBLIC_BANK_SOURCE_PATH_AND_COVERAGE_PRIORITY(3).zip,HOUSEHOLD_PRODUCT_PANEL_V65.csv,HOUSEHOLD_PRODUCT_PANEL_V65.csv,2274,12949392,FRONTERA_CICLO_AJUSTE_V69_PUBLIC_BANK_SOURCE_PATH_AND_COVERAGE_PRIORITY(3).zip::BASE_V68.zip::BASE_V67.zip::BASE_V66.zip::BASE_V65.zip,zip,householdproductpanelv65csv,4
FRONTERA_CICLO_AJUSTE_V69_PUBLIC_BANK_SOURCE_PATH_AND_COVERAGE_PRIORITY(3).zip,HOUSEHOLD_SECTOR_MAPPING_V65.csv,HOUSEHOLD_SECTOR_MAPPING_V65.csv,2021,4119788691,FRONTERA_CICLO_AJUSTE_V69_PUBLIC_BANK_SOURCE_PATH_AND_COVERAGE_PRIORITY(3).zip::BASE_V68.zip::BASE_V67.zip::BASE_V66.zip::BASE_V65.zip,zip,householdsectormappingv65csv,4
FRONTERA_CICLO_AJUSTE_V69_PUBLIC_BANK_SOURCE_PATH_AND_COVERAGE_PRIORITY(3).zip,IEF_PASS_RECONCILIATION_V65.csv,IEF_PASS_RECONCILIATION_V65.csv,1005,3781931653,FRONTERA_CICLO_AJUSTE_V69_PUBLIC_BANK_SOURCE_PATH_AND_COVERAGE_PRIORITY(3).zip::BASE_V68.zip::BASE_V67.zip::BASE_V66.zip::BASE_V65.zip,zip,iefpassreconciliationv65csv,4
FRONTERA_CICLO_AJUSTE_V69_PUBLIC_BANK_SOURCE_PATH_AND_COVERAGE_PRIORITY(3).zip,MANIFEST_V65.json,MANIFEST_V65.json,4651,3266909348,FRONTERA_CICLO_AJUSTE_V69_PUBLIC_BANK_SOURCE_PATH_AND_COVERAGE_PRIORITY(3).zip::BASE_V68.zip::BASE_V67.zip::BASE_V66.zip::BASE_V65.zip,zip,manifestv65json,4
FRONTERA_CICLO_AJUSTE_V69_PUBLIC_BANK_SOURCE_PATH_AND_COVERAGE_PRIORITY(3).zip,PASS_COUNTERPARTY_BOUNDS_V65.csv,PASS_COUNTERPARTY_BOUNDS_V65.csv,1099,3361347887,FRONTERA_CICLO_AJUSTE_V69_PUBLIC_BANK_SOURCE_PATH_AND_COVERAGE_PRIORITY(3).zip::BASE_V68.zip::BASE_V67.zip::BASE_V66.zip::BASE_V65.zip,zip,passcounterpartyboundsv65csv,4
FRONTERA_CICLO_AJUSTE_V69_PUBLIC_BANK_SOURCE_PATH_AND_COVERAGE_PRIORITY(3).zip,PROMPT_CODEX_V66_INDIVIDUAL_AQ_RETRIEVAL_AND_CLOSED_NETWORK_EXPANSION.md,PROMPT_CODEX_V66_INDIVIDUAL_AQ_RETRIEVAL_AND_CLOSED_NETWORK_EXPANSION.md,3607,1843300520,FRONTERA_CICLO_AJUSTE_V69_PUBLIC_BANK_SOURCE_PATH_AND_COVERAGE_PRIORITY(3).zip::BASE_V68.zip::BASE_V67.zip::BASE_V66.zip::BASE_V65.zip,zip,promptcodexv66individualaqretrievalandclosednetworkexpansionmd,4
FRONTERA_CICLO_AJUSTE_V69_PUBLIC_BANK_SOURCE_PATH_AND_COVERAGE_PRIORITY(3).zip,QA_RESULT_V65.txt,QA_RESULT_V65.txt,5,3256905966,FRONTERA_CICLO_AJUSTE_V69_PUBLIC_BANK_SOURCE_PATH_AND_COVERAGE_PRIORITY(3).zip::BASE_V68.zip::BASE_V67.zip::BASE_V66.zip::BASE_V65.zip,zip,qaresultv65txt,4
FRONTERA_CICLO_AJUSTE_V69_PUBLIC_BANK_SOURCE_PATH_AND_COVERAGE_PRIORITY(3).zip,README_V65.md,README_V65.md,895,1371115064,FRONTERA_CICLO_AJUSTE_V69_PUBLIC_BANK_SOURCE_PATH_AND_COVERAGE_PRIORITY(3).zip::BASE_V68.zip::BASE_V67.zip::BASE_V66.zip::BASE_V65.zip,zip,readmev65md,4
FRONTERA_CICLO_AJUSTE_V69_PUBLIC_BANK_SOURCE_PATH_AND_COVERAGE_PRIORITY(3).zip,VEREDICTO_V65.md,VEREDICTO_V65.md,4780,2319782923,FRONTERA_CICLO_AJUSTE_V69_PUBLIC_BANK_SOURCE_PATH_AND_COVERAGE_PRIORITY(3).zip::BASE_V68.zip::BASE_V67.zip::BASE_V66.zip::BASE_V65.zip,zip,veredictov65md,4
FRONTERA_CICLO_AJUSTE_V69_PUBLIC_BANK_SOURCE_PATH_AND_COVERAGE_PRIORITY(3).zip,qa_v65.py,qa_v65.py,2379,1753553920,FRONTERA_CICLO_AJUSTE_V69_PUBLIC_BANK_SOURCE_PATH_AND_COVERAGE_PRIORITY(3).zip::BASE_V68.zip::BASE_V67.zip::BASE_V66.zip::BASE_V65.zip,zip,qav65py,4
FRONTERA_CICLO_AJUSTE_V69_PUBLIC_BANK_SOURCE_PATH_AND_COVERAGE_PRIORITY(3).zip,BASIS_HARMONIZATION_V66.csv,BASIS_HARMONIZATION_V66.csv,1555,376296483,FRONTERA_CICLO_AJUSTE_V69_PUBLIC_BANK_SOURCE_PATH_AND_COVERAGE_PRIORITY(3).zip::BASE_V68.zip::BASE_V67.zip::BASE_V66.zip,zip,basisharmonizationv66csv,3
FRONTERA_CICLO_AJUSTE_V69_PUBLIC_BANK_SOURCE_PATH_AND_COVERAGE_PRIORITY(3).zip,BCRA_BANK_SYSTEM_COVERAGE_V66.csv,BCRA_BANK_SYSTEM_COVERAGE_V66.csv,1907,1535409436,FRONTERA_CICLO_AJUSTE_V69_PUBLIC_BANK_SOURCE_PATH_AND_COVERAGE_PRIORITY(3).zip::BASE_V68.zip::BASE_V67.zip::BASE_V66.zip,zip,bcrabanksystemcoveragev66csv,3
FRONTERA_CICLO_AJUSTE_V69_PUBLIC_BANK_SOURCE_PATH_AND_COVERAGE_PRIORITY(3).zip,CLOSED_NETWORK_COVERAGE_V66.csv,CLOSED_NETWORK_COVERAGE_V66.csv,2110,1282797436,FRONTERA_CICLO_AJUSTE_V69_PUBLIC_BANK_SOURCE_PATH_AND_COVERAGE_PRIORITY(3).zip::BASE_V68.zip::BASE_V67.zip::BASE_V66.zip,zip,closednetworkcoveragev66csv,3
FRONTERA_CICLO_AJUSTE_V69_PUBLIC_BANK_SOURCE_PATH_AND_COVERAGE_PRIORITY(3).zip,CLOSED_NETWORK_NETTING_TEST_V66.csv,CLOSED_NETWORK_NETTING_TEST_V66.csv,976,1281532984,FRONTERA_CICLO_AJUSTE_V69_PUBLIC_BANK_SOURCE_PATH_AND_COVERAGE_PRIORITY(3).zip::BASE_V68.zip::BASE_V67.zip::BASE_V66.zip,zip,closednetworknettingtestv66csv,3
FRONTERA_CICLO_AJUSTE_V69_PUBLIC_BANK_SOURCE_PATH_AND_COVERAGE_PRIORITY(3).zip,COUNTERPARTY_UPDATE_V66.csv,COUNTERPARTY_UPDATE_V66.csv,2035,3571279854,FRONTERA_CICLO_AJUSTE_V69_PUBLIC_BANK_SOURCE_PATH_AND_COVERAGE_PRIORITY(3).zip::BASE_V68.zip::BASE_V67.zip::BASE_V66.zip,zip,counterpartyupdatev66csv,3
FRONTERA_CICLO_AJUSTE_V69_PUBLIC_BANK_SOURCE_PATH_AND_COVERAGE_PRIORITY(3).zip,CREDICOOP_FY_AQ_CONTROL_V66.csv,CREDICOOP_FY_AQ_CONTROL_V66.csv,646,1327492939,FRONTERA_CICLO_AJUSTE_V69_PUBLIC_BANK_SOURCE_PATH_AND_COVERAGE_PRIORITY(3).zip::BASE_V68.zip::BASE_V67.zip::BASE_V66.zip,zip,credicoopfyaqcontrolv66csv,3
FRONTERA_CICLO_AJUSTE_V69_PUBLIC_BANK_SOURCE_PATH_AND_COVERAGE_PRIORITY(3).zip,EVIDENCE_LEDGER_CICLO_AJUSTE_V66.csv,EVIDENCE_LEDGER_CICLO_AJUSTE_V66.csv,3522,2694553125,FRONTERA_CICLO_AJUSTE_V69_PUBLIC_BANK_SOURCE_PATH_AND_COVERAGE_PRIORITY(3).zip::BASE_V68.zip::BASE_V67.zip::BASE_V66.zip,zip,evidenceledgercicloajustev66csv,3
FRONTERA_CICLO_AJUSTE_V69_PUBLIC_BANK_SOURCE_PATH_AND_COVERAGE_PRIORITY(3).zip,FOUR_LEG_PASS_PANEL_V66.csv,FOUR_LEG_PASS_PANEL_V66.csv,2924,2118900509,FRONTERA_CICLO_AJUSTE_V69_PUBLIC_BANK_SOURCE_PATH_AND_COVERAGE_PRIORITY(3).zip::BASE_V68.zip::BASE_V67.zip::BASE_V66.zip,zip,fourlegpasspanelv66csv,3
FRONTERA_CICLO_AJUSTE_V69_PUBLIC_BANK_SOURCE_PATH_AND_COVERAGE_PRIORITY(3).zip,FUENTES_V66.md,FUENTES_V66.md,2284,3900082931,FRONTERA_CICLO_AJUSTE_V69_PUBLIC_BANK_SOURCE_PATH_AND_COVERAGE_PRIORITY(3).zip::BASE_V68.zip::BASE_V67.zip::BASE_V66.zip,zip,fuentesv66md,3
FRONTERA_CICLO_AJUSTE_V69_PUBLIC_BANK_SOURCE_PATH_AND_COVERAGE_PRIORITY(3).zip,HANDOVER_CODEX_CICLO_AJUSTE_V66_A_V67.md,HANDOVER_CODEX_CICLO_AJUSTE_V66_A_V67.md,2288,292401005,FRONTERA_CICLO_AJUSTE_V69_PUBLIC_BANK_SOURCE_PATH_AND_COVERAGE_PRIORITY(3).zip::BASE_V68.zip::BASE_V67.zip::BASE_V66.zip,zip,handovercodexcicloajustev66av67md,3
FRONTERA_CICLO_AJUSTE_V69_PUBLIC_BANK_SOURCE_PATH_AND_COVERAGE_PRIORITY(3).zip,HOUSEHOLD_PRODUCT_PANEL_V66.csv,HOUSEHOLD_PRODUCT_PANEL_V66.csv,2274,12949392,FRONTERA_CICLO_AJUSTE_V69_PUBLIC_BANK_SOURCE_PATH_AND_COVERAGE_PRIORITY(3).zip::BASE_V68.zip::BASE_V67.zip::BASE_V66.zip,zip,householdproductpanelv66csv,3
FRONTERA_CICLO_AJUSTE_V69_PUBLIC_BANK_SOURCE_PATH_AND_COVERAGE_PRIORITY(3).zip,HOUSEHOLD_SECTOR_MAPPING_V66.csv,HOUSEHOLD_SECTOR_MAPPING_V66.csv,2021,1113598436,FRONTERA_CICLO_AJUSTE_V69_PUBLIC_BANK_SOURCE_PATH_AND_COVERAGE_PRIORITY(3).zip::BASE_V68.zip::BASE_V67.zip::BASE_V66.zip,zip,householdsectormappingv66csv,3
FRONTERA_CICLO_AJUSTE_V69_PUBLIC_BANK_SOURCE_PATH_AND_COVERAGE_PRIORITY(3).zip,IEF_PASS_RECONCILIATION_V66.csv,IEF_PASS_RECONCILIATION_V66.csv,1071,1431190865,FRONTERA_CICLO_AJUSTE_V69_PUBLIC_BANK_SOURCE_PATH_AND_COVERAGE_PRIORITY(3).zip::BASE_V68.zip::BASE_V67.zip::BASE_V66.zip,zip,iefpassreconciliationv66csv,3
FRONTERA_CICLO_AJUSTE_V69_PUBLIC_BANK_SOURCE_PATH_AND_COVERAGE_PRIORITY(3).zip,INDIVIDUAL_AQ_RETRIEVAL_V66.csv,INDIVIDUAL_AQ_RETRIEVAL_V66.csv,1868,1221593141,FRONTERA_CICLO_AJUSTE_V69_PUBLIC_BANK_SOURCE_PATH_AND_COVERAGE_PRIORITY(3).zip::BASE_V68.zip::BASE_V67.zip::BASE_V66.zip,zip,individualaqretrievalv66csv,3
FRONTERA_CICLO_AJUSTE_V69_PUBLIC_BANK_SOURCE_PATH_AND_COVERAGE_PRIORITY(3).zip,MANIFEST_V66.json,MANIFEST_V66.json,5359,4193261028,FRONTERA_CICLO_AJUSTE_V69_PUBLIC_BANK_SOURCE_PATH_AND_COVERAGE_PRIORITY(3).zip::BASE_V68.zip::BASE_V67.zip::BASE_V66.zip,zip,manifestv66json,3
FRONTERA_CICLO_AJUSTE_V69_PUBLIC_BANK_SOURCE_PATH_AND_COVERAGE_PRIORITY(3).zip,PASS_COUNTERPARTY_BOUNDS_V66.csv,PASS_COUNTERPARTY_BOUNDS_V66.csv,1797,46696940,FRONTERA_CICLO_AJUSTE_V69_PUBLIC_BANK_SOURCE_PATH_AND_COVERAGE_PRIORITY(3).zip::BASE_V68.zip::BASE_V67.zip::BASE_V66.zip,zip,passcounterpartyboundsv66csv,3
FRONTERA_CICLO_AJUSTE_V69_PUBLIC_BANK_SOURCE_PATH_AND_COVERAGE_PRIORITY(3).zip,PROMPT_CODEX_V67_LARGE_BANK_9M_RETRIEVAL_AND_COVERAGE_SCALEUP.md,PROMPT_CODEX_V67_LARGE_BANK_9M_RETRIEVAL_AND_COVERAGE_SCALEUP.md,2178,3353662819,FRONTERA_CICLO_AJUSTE_V69_PUBLIC_BANK_SOURCE_PATH_AND_COVERAGE_PRIORITY(3).zip::BASE_V68.zip::BASE_V67.zip::BASE_V66.zip,zip,promptcodexv67largebank9mretrievalandcoveragescaleupmd,3
FRONTERA_CICLO_AJUSTE_V69_PUBLIC_BANK_SOURCE_PATH_AND_COVERAGE_PRIORITY(3).zip,QA_RESULT_V66.txt,QA_RESULT_V66.txt,5,3256905966,FRONTERA_CICLO_AJUSTE_V69_PUBLIC_BANK_SOURCE_PATH_AND_COVERAGE_PRIORITY(3).zip::BASE_V68.zip::BASE_V67.zip::BASE_V66.zip,zip,qaresultv66txt,3
FRONTERA_CICLO_AJUSTE_V69_PUBLIC_BANK_SOURCE_PATH_AND_COVERAGE_PRIORITY(3).zip,README_V66.md,README_V66.md,575,2490030557,FRONTERA_CICLO_AJUSTE_V69_PUBLIC_BANK_SOURCE_PATH_AND_COVERAGE_PRIORITY(3).zip::BASE_V68.zip::BASE_V67.zip::BASE_V66.zip,zip,readmev66md,3
FRONTERA_CICLO_AJUSTE_V69_PUBLIC_BANK_SOURCE_PATH_AND_COVERAGE_PRIORITY(3).zip,SUPERVIELLE_Q4_PASS_BOUND_V66.csv,SUPERVIELLE_Q4_PASS_BOUND_V66.csv,1423,1900830964,FRONTERA_CICLO_AJUSTE_V69_PUBLIC_BANK_SOURCE_PATH_AND_COVERAGE_PRIORITY(3).zip::BASE_V68.zip::BASE_V67.zip::BASE_V66.zip,zip,supervielleq4passboundv66csv,3
FRONTERA_CICLO_AJUSTE_V69_PUBLIC_BANK_SOURCE_PATH_AND_COVERAGE_PRIORITY(3).zip,VEREDICTO_V66.md,VEREDICTO_V66.md,3305,343577189,FRONTERA_CICLO_AJUSTE_V69_PUBLIC_BANK_SOURCE_PATH_AND_COVERAGE_PRIORITY(3).zip::BASE_V68.zip::BASE_V67.zip::BASE_V66.zip,zip,veredictov66md,3
FRONTERA_CICLO_AJUSTE_V69_PUBLIC_BANK_SOURCE_PATH_AND_COVERAGE_PRIORITY(3).zip,qa_v66.py,qa_v66.py,3290,2536142287,FRONTERA_CICLO_AJUSTE_V69_PUBLIC_BANK_SOURCE_PATH_AND_COVERAGE_PRIORITY(3).zip::BASE_V68.zip::BASE_V67.zip::BASE_V66.zip,zip,qav66py,3
FRONTERA_CICLO_AJUSTE_V69_PUBLIC_BANK_SOURCE_PATH_AND_COVERAGE_PRIORITY(3).zip,BASIS_HARMONIZATION_V67.csv,BASIS_HARMONIZATION_V67.csv,1555,376296483,FRONTERA_CICLO_AJUSTE_V69_PUBLIC_BANK_SOURCE_PATH_AND_COVERAGE_PRIORITY(3).zip::BASE_V68.zip::BASE_V67.zip,zip,basisharmonizationv67csv,2
FRONTERA_CICLO_AJUSTE_V69_PUBLIC_BANK_SOURCE_PATH_AND_COVERAGE_PRIORITY(3).zip,BCRA_BANK_SYSTEM_COVERAGE_V67.csv,BCRA_BANK_SYSTEM_COVERAGE_V67.csv,1953,943611645,FRONTERA_CICLO_AJUSTE_V69_PUBLIC_BANK_SOURCE_PATH_AND_COVERAGE_PRIORITY(3).zip::BASE_V68.zip::BASE_V67.zip,zip,bcrabanksystemcoveragev67csv,2
FRONTERA_CICLO_AJUSTE_V69_PUBLIC_BANK_SOURCE_PATH_AND_COVERAGE_PRIORITY(3).zip,CLOSED_NETWORK_COVERAGE_V67.csv,CLOSED_NETWORK_COVERAGE_V67.csv,2266,1249331597,FRONTERA_CICLO_AJUSTE_V69_PUBLIC_BANK_SOURCE_PATH_AND_COVERAGE_PRIORITY(3).zip::BASE_V68.zip::BASE_V67.zip,zip,closednetworkcoveragev67csv,2
FRONTERA_CICLO_AJUSTE_V69_PUBLIC_BANK_SOURCE_PATH_AND_COVERAGE_PRIORITY(3).zip,CLOSED_NETWORK_NETTING_TEST_V67.csv,CLOSED_NETWORK_NETTING_TEST_V67.csv,1290,520219480,FRONTERA_CICLO_AJUSTE_V69_PUBLIC_BANK_SOURCE_PATH_AND_COVERAGE_PRIORITY(3).zip::BASE_V68.zip::BASE_V67.zip,zip,closednetworknettingtestv67csv,2
FRONTERA_CICLO_AJUSTE_V69_PUBLIC_BANK_SOURCE_PATH_AND_COVERAGE_PRIORITY(3).zip,COUNTERPARTY_UPDATE_V67.csv,COUNTERPARTY_UPDATE_V67.csv,2206,3228723356,FRONTERA_CICLO_AJUSTE_V69_PUBLIC_BANK_SOURCE_PATH_AND_COVERAGE_PRIORITY(3).zip::BASE_V68.zip::BASE_V67.zip,zip,counterpartyupdatev67csv,2
FRONTERA_CICLO_AJUSTE_V69_PUBLIC_BANK_SOURCE_PATH_AND_COVERAGE_PRIORITY(3).zip,CREDICOOP_FY_AQ_CONTROL_V67.csv,CREDICOOP_FY_AQ_CONTROL_V67.csv,646,1327492939,FRONTERA_CICLO_AJUSTE_V69_PUBLIC_BANK_SOURCE_PATH_AND_COVERAGE_PRIORITY(3).zip::BASE_V68.zip::BASE_V67.zip,zip,credicoopfyaqcontrolv67csv,2
FRONTERA_CICLO_AJUSTE_V69_PUBLIC_BANK_SOURCE_PATH_AND_COVERAGE_PRIORITY(3).zip,EVIDENCE_LEDGER_CICLO_AJUSTE_V67.csv,EVIDENCE_LEDGER_CICLO_AJUSTE_V67.csv,5641,1629457137,FRONTERA_CICLO_AJUSTE_V69_PUBLIC_BANK_SOURCE_PATH_AND_COVERAGE_PRIORITY(3).zip::BASE_V68.zip::BASE_V67.zip,zip,evidenceledgercicloajustev67csv,2
FRONTERA_CICLO_AJUSTE_V69_PUBLIC_BANK_SOURCE_PATH_AND_COVERAGE_PRIORITY(3).zip,FOUR_LEG_PASS_PANEL_V67.csv,FOUR_LEG_PASS_PANEL_V67.csv,3430,2124944684,FRONTERA_CICLO_AJUSTE_V69_PUBLIC_BANK_SOURCE_PATH_AND_COVERAGE_PRIORITY(3).zip::BASE_V68.zip::BASE_V67.zip,zip,fourlegpasspanelv67csv,2
FRONTERA_CICLO_AJUSTE_V69_PUBLIC_BANK_SOURCE_PATH_AND_COVERAGE_PRIORITY(3).zip,FUENTES_V67.md,FUENTES_V67.md,2220,215777119,FRONTERA_CICLO_AJUSTE_V69_PUBLIC_BANK_SOURCE_PATH_AND_COVERAGE_PRIORITY(3).zip::BASE_V68.zip::BASE_V67.zip,zip,fuentesv67md,2
FRONTERA_CICLO_AJUSTE_V69_PUBLIC_BANK_SOURCE_PATH_AND_COVERAGE_PRIORITY(3).zip,HANDOVER_CODEX_CICLO_AJUSTE_V67_A_V68.md,HANDOVER_CODEX_CICLO_AJUSTE_V67_A_V68.md,2790,1328205456,FRONTERA_CICLO_AJUSTE_V69_PUBLIC_BANK_SOURCE_PATH_AND_COVERAGE_PRIORITY(3).zip::BASE_V68.zip::BASE_V67.zip,zip,handovercodexcicloajustev67av68md,2
FRONTERA_CICLO_AJUSTE_V69_PUBLIC_BANK_SOURCE_PATH_AND_COVERAGE_PRIORITY(3).zip,HOUSEHOLD_PRODUCT_PANEL_V67.csv,HOUSEHOLD_PRODUCT_PANEL_V67.csv,2274,12949392,FRONTERA_CICLO_AJUSTE_V69_PUBLIC_BANK_SOURCE_PATH_AND_COVERAGE_PRIORITY(3).zip::BASE_V68.zip::BASE_V67.zip,zip,householdproductpanelv67csv,2
FRONTERA_CICLO_AJUSTE_V69_PUBLIC_BANK_SOURCE_PATH_AND_COVERAGE_PRIORITY(3).zip,HOUSEHOLD_SECTOR_MAPPING_V67.csv,HOUSEHOLD_SECTOR_MAPPING_V67.csv,2021,1113598436,FRONTERA_CICLO_AJUSTE_V69_PUBLIC_BANK_SOURCE_PATH_AND_COVERAGE_PRIORITY(3).zip::BASE_V68.zip::BASE_V67.zip,zip,householdsectormappingv67csv,2
FRONTERA_CICLO_AJUSTE_V69_PUBLIC_BANK_SOURCE_PATH_AND_COVERAGE_PRIORITY(3).zip,IEF_PASS_RECONCILIATION_V67.csv,IEF_PASS_RECONCILIATION_V67.csv,1070,643385172,FRONTERA_CICLO_AJUSTE_V69_PUBLIC_BANK_SOURCE_PATH_AND_COVERAGE_PRIORITY(3).zip::BASE_V68.zip::BASE_V67.zip,zip,iefpassreconciliationv67csv,2
FRONTERA_CICLO_AJUSTE_V69_PUBLIC_BANK_SOURCE_PATH_AND_COVERAGE_PRIORITY(3).zip,INDIVIDUAL_AQ_RETRIEVAL_V67.csv,INDIVIDUAL_AQ_RETRIEVAL_V67.csv,2349,2887612427,FRONTERA_CICLO_AJUSTE_V69_PUBLIC_BANK_SOURCE_PATH_AND_COVERAGE_PRIORITY(3).zip::BASE_V68.zip::BASE_V67.zip,zip,individualaqretrievalv67csv,2
FRONTERA_CICLO_AJUSTE_V69_PUBLIC_BANK_SOURCE_PATH_AND_COVERAGE_PRIORITY(3).zip,MACRO_Q4_AQ_BRIDGE_V67.csv,MACRO_Q4_AQ_BRIDGE_V67.csv,1068,2863222135,FRONTERA_CICLO_AJUSTE_V69_PUBLIC_BANK_SOURCE_PATH_AND_COVERAGE_PRIORITY(3).zip::BASE_V68.zip::BASE_V67.zip,zip,macroq4aqbridgev67csv,2
FRONTERA_CICLO_AJUSTE_V69_PUBLIC_BANK_SOURCE_PATH_AND_COVERAGE_PRIORITY(3).zip,MANIFEST_V67.json,MANIFEST_V67.json,4350,420749420,FRONTERA_CICLO_AJUSTE_V69_PUBLIC_BANK_SOURCE_PATH_AND_COVERAGE_PRIORITY(3).zip::BASE_V68.zip::BASE_V67.zip,zip,manifestv67json,2
FRONTERA_CICLO_AJUSTE_V69_PUBLIC_BANK_SOURCE_PATH_AND_COVERAGE_PRIORITY(3).zip,PASS_COUNTERPARTY_BOUNDS_V67.csv,PASS_COUNTERPARTY_BOUNDS_V67.csv,2077,2407315882,FRONTERA_CICLO_AJUSTE_V69_PUBLIC_BANK_SOURCE_PATH_AND_COVERAGE_PRIORITY(3).zip::BASE_V68.zip::BASE_V67.zip,zip,passcounterpartyboundsv67csv,2
FRONTERA_CICLO_AJUSTE_V69_PUBLIC_BANK_SOURCE_PATH_AND_COVERAGE_PRIORITY(3).zip,PROMPT_CODEX_V68_PRIMARY_BINARY_RECOVERY_AND_LARGE_BANK_COVERAGE.md,PROMPT_CODEX_V68_PRIMARY_BINARY_RECOVERY_AND_LARGE_BANK_COVERAGE.md,2051,3937866636,FRONTERA_CICLO_AJUSTE_V69_PUBLIC_BANK_SOURCE_PATH_AND_COVERAGE_PRIORITY(3).zip::BASE_V68.zip::BASE_V67.zip,zip,promptcodexv68primarybinaryrecoveryandlargebankcoveragemd,2
FRONTERA_CICLO_AJUSTE_V69_PUBLIC_BANK_SOURCE_PATH_AND_COVERAGE_PRIORITY(3).zip,QA_RESULT_V67.txt,QA_RESULT_V67.txt,8,3876089645,FRONTERA_CICLO_AJUSTE_V69_PUBLIC_BANK_SOURCE_PATH_AND_COVERAGE_PRIORITY(3).zip::BASE_V68.zip::BASE_V67.zip,zip,qaresultv67txt,2
FRONTERA_CICLO_AJUSTE_V69_PUBLIC_BANK_SOURCE_PATH_AND_COVERAGE_PRIORITY(3).zip,README_V67.md,README_V67.md,749,1064837456,FRONTERA_CICLO_AJUSTE_V69_PUBLIC_BANK_SOURCE_PATH_AND_COVERAGE_PRIORITY(3).zip::BASE_V68.zip::BASE_V67.zip,zip,readmev67md,2
FRONTERA_CICLO_AJUSTE_V69_PUBLIC_BANK_SOURCE_PATH_AND_COVERAGE_PRIORITY(3).zip,SUPERVIELLE_Q4_PASS_BOUND_V67.csv,SUPERVIELLE_Q4_PASS_BOUND_V67.csv,1423,1900830964,FRONTERA_CICLO_AJUSTE_V69_PUBLIC_BANK_SOURCE_PATH_AND_COVERAGE_PRIORITY(3).zip::BASE_V68.zip::BASE_V67.zip,zip,supervielleq4passboundv67csv,2
FRONTERA_CICLO_AJUSTE_V69_PUBLIC_BANK_SOURCE_PATH_AND_COVERAGE_PRIORITY(3).zip,VEREDICTO_V67.md,VEREDICTO_V67.md,3675,4178015754,FRONTERA_CICLO_AJUSTE_V69_PUBLIC_BANK_SOURCE_PATH_AND_COVERAGE_PRIORITY(3).zip::BASE_V68.zip::BASE_V67.zip,zip,veredictov67md,2
FRONTERA_CICLO_AJUSTE_V69_PUBLIC_BANK_SOURCE_PATH_AND_COVERAGE_PRIORITY(3).zip,qa_v67.py,qa_v67.py,2423,2190111867,FRONTERA_CICLO_AJUSTE_V69_PUBLIC_BANK_SOURCE_PATH_AND_COVERAGE_PRIORITY(3).zip::BASE_V68.zip::BASE_V67.zip,zip,qav67py,2
FRONTERA_CICLO_AJUSTE_V69_PUBLIC_BANK_SOURCE_PATH_AND_COVERAGE_PRIORITY(3).zip,BASIS_HARMONIZATION_V68.csv,BASIS_HARMONIZATION_V68.csv,1550,4023280717,FRONTERA_CICLO_AJUSTE_V69_PUBLIC_BANK_SOURCE_PATH_AND_COVERAGE_PRIORITY(3).zip::BASE_V68.zip,zip,basisharmonizationv68csv,1
FRONTERA_CICLO_AJUSTE_V69_PUBLIC_BANK_SOURCE_PATH_AND_COVERAGE_PRIORITY(3).zip,BCRA_BANK_SYSTEM_COVERAGE_V68.csv,BCRA_BANK_SYSTEM_COVERAGE_V68.csv,2447,1363191396,FRONTERA_CICLO_AJUSTE_V69_PUBLIC_BANK_SOURCE_PATH_AND_COVERAGE_PRIORITY(3).zip::BASE_V68.zip,zip,bcrabanksystemcoveragev68csv,1
FRONTERA_CICLO_AJUSTE_V69_PUBLIC_BANK_SOURCE_PATH_AND_COVERAGE_PRIORITY(3).zip,CLOSED_NETWORK_COVERAGE_V68.csv,CLOSED_NETWORK_COVERAGE_V68.csv,2685,1005467089,FRONTERA_CICLO_AJUSTE_V69_PUBLIC_BANK_SOURCE_PATH_AND_COVERAGE_PRIORITY(3).zip::BASE_V68.zip,zip,closednetworkcoveragev68csv,1
FRONTERA_CICLO_AJUSTE_V69_PUBLIC_BANK_SOURCE_PATH_AND_COVERAGE_PRIORITY(3).zip,CLOSED_NETWORK_NETTING_TEST_V68.csv,CLOSED_NETWORK_NETTING_TEST_V68.csv,1533,3302075545,FRONTERA_CICLO_AJUSTE_V69_PUBLIC_BANK_SOURCE_PATH_AND_COVERAGE_PRIORITY(3).zip::BASE_V68.zip,zip,closednetworknettingtestv68csv,1
FRONTERA_CICLO_AJUSTE_V69_PUBLIC_BANK_SOURCE_PATH_AND_COVERAGE_PRIORITY(3).zip,COUNTERPARTY_UPDATE_V68.csv,COUNTERPARTY_UPDATE_V68.csv,2568,470745647,FRONTERA_CICLO_AJUSTE_V69_PUBLIC_BANK_SOURCE_PATH_AND_COVERAGE_PRIORITY(3).zip::BASE_V68.zip,zip,counterpartyupdatev68csv,1
FRONTERA_CICLO_AJUSTE_V69_PUBLIC_BANK_SOURCE_PATH_AND_COVERAGE_PRIORITY(3).zip,CREDICOOP_FY_AQ_CONTROL_V68.csv,CREDICOOP_FY_AQ_CONTROL_V68.csv,644,2419508690,FRONTERA_CICLO_AJUSTE_V69_PUBLIC_BANK_SOURCE_PATH_AND_COVERAGE_PRIORITY(3).zip::BASE_V68.zip,zip,credicoopfyaqcontrolv68csv,1
FRONTERA_CICLO_AJUSTE_V69_PUBLIC_BANK_SOURCE_PATH_AND_COVERAGE_PRIORITY(3).zip,EVIDENCE_LEDGER_CICLO_AJUSTE_V68.csv,EVIDENCE_LEDGER_CICLO_AJUSTE_V68.csv,7182,2930518779,FRONTERA_CICLO_AJUSTE_V69_PUBLIC_BANK_SOURCE_PATH_AND_COVERAGE_PRIORITY(3).zip::BASE_V68.zip,zip,evidenceledgercicloajustev68csv,1
FRONTERA_CICLO_AJUSTE_V69_PUBLIC_BANK_SOURCE_PATH_AND_COVERAGE_PRIORITY(3).zip,FOUR_LEG_PASS_PANEL_V68.csv,FOUR_LEG_PASS_PANEL_V68.csv,3881,1726141292,FRONTERA_CICLO_AJUSTE_V69_PUBLIC_BANK_SOURCE_PATH_AND_COVERAGE_PRIORITY(3).zip::BASE_V68.zip,zip,fourlegpasspanelv68csv,1
FRONTERA_CICLO_AJUSTE_V69_PUBLIC_BANK_SOURCE_PATH_AND_COVERAGE_PRIORITY(3).zip,FUENTES_V68.md,FUENTES_V68.md,2359,4160056047,FRONTERA_CICLO_AJUSTE_V69_PUBLIC_BANK_SOURCE_PATH_AND_COVERAGE_PRIORITY(3).zip::BASE_V68.zip,zip,fuentesv68md,1
FRONTERA_CICLO_AJUSTE_V69_PUBLIC_BANK_SOURCE_PATH_AND_COVERAGE_PRIORITY(3).zip,HANDOVER_CODEX_CICLO_AJUSTE_V68_A_V69.md,HANDOVER_CODEX_CICLO_AJUSTE_V68_A_V69.md,2546,2154763391,FRONTERA_CICLO_AJUSTE_V69_PUBLIC_BANK_SOURCE_PATH_AND_COVERAGE_PRIORITY(3).zip::BASE_V68.zip,zip,handovercodexcicloajustev68av69md,1
FRONTERA_CICLO_AJUSTE_V69_PUBLIC_BANK_SOURCE_PATH_AND_COVERAGE_PRIORITY(3).zip,HOUSEHOLD_PRODUCT_PANEL_V68.csv,HOUSEHOLD_PRODUCT_PANEL_V68.csv,2265,4251071759,FRONTERA_CICLO_AJUSTE_V69_PUBLIC_BANK_SOURCE_PATH_AND_COVERAGE_PRIORITY(3).zip::BASE_V68.zip,zip,householdproductpanelv68csv,1
FRONTERA_CICLO_AJUSTE_V69_PUBLIC_BANK_SOURCE_PATH_AND_COVERAGE_PRIORITY(3).zip,HOUSEHOLD_SECTOR_MAPPING_V68.csv,HOUSEHOLD_SECTOR_MAPPING_V68.csv,2015,3659446790,FRONTERA_CICLO_AJUSTE_V69_PUBLIC_BANK_SOURCE_PATH_AND_COVERAGE_PRIORITY(3).zip::BASE_V68.zip,zip,householdsectormappingv68csv,1
FRONTERA_CICLO_AJUSTE_V69_PUBLIC_BANK_SOURCE_PATH_AND_COVERAGE_PRIORITY(3).zip,IEF_PASS_RECONCILIATION_V68.csv,IEF_PASS_RECONCILIATION_V68.csv,1191,2760382313,FRONTERA_CICLO_AJUSTE_V69_PUBLIC_BANK_SOURCE_PATH_AND_COVERAGE_PRIORITY(3).zip::BASE_V68.zip,zip,iefpassreconciliationv68csv,1
FRONTERA_CICLO_AJUSTE_V69_PUBLIC_BANK_SOURCE_PATH_AND_COVERAGE_PRIORITY(3).zip,INDIVIDUAL_AQ_RETRIEVAL_V68.csv,INDIVIDUAL_AQ_RETRIEVAL_V68.csv,2872,2980050878,FRONTERA_CICLO_AJUSTE_V69_PUBLIC_BANK_SOURCE_PATH_AND_COVERAGE_PRIORITY(3).zip::BASE_V68.zip,zip,individualaqretrievalv68csv,1
FRONTERA_CICLO_AJUSTE_V69_PUBLIC_BANK_SOURCE_PATH_AND_COVERAGE_PRIORITY(3).zip,MACRO_Q4_AQ_BRIDGE_V68.csv,MACRO_Q4_AQ_BRIDGE_V68.csv,1068,2863222135,FRONTERA_CICLO_AJUSTE_V69_PUBLIC_BANK_SOURCE_PATH_AND_COVERAGE_PRIORITY(3).zip::BASE_V68.zip,zip,macroq4aqbridgev68csv,1
FRONTERA_CICLO_AJUSTE_V69_PUBLIC_BANK_SOURCE_PATH_AND_COVERAGE_PRIORITY(3).zip,MANIFEST_V68.json,MANIFEST_V68.json,4859,3162956574,FRONTERA_CICLO_AJUSTE_V69_PUBLIC_BANK_SOURCE_PATH_AND_COVERAGE_PRIORITY(3).zip::BASE_V68.zip,zip,manifestv68json,1
FRONTERA_CICLO_AJUSTE_V69_PUBLIC_BANK_SOURCE_PATH_AND_COVERAGE_PRIORITY(3).zip,PASS_COUNTERPARTY_BOUNDS_V68.csv,PASS_COUNTERPARTY_BOUNDS_V68.csv,2993,3555953616,FRONTERA_CICLO_AJUSTE_V69_PUBLIC_BANK_SOURCE_PATH_AND_COVERAGE_PRIORITY(3).zip::BASE_V68.zip,zip,passcounterpartyboundsv68csv,1
FRONTERA_CICLO_AJUSTE_V69_PUBLIC_BANK_SOURCE_PATH_AND_COVERAGE_PRIORITY(3).zip,PROMPT_CODEX_V69_ALTERNATE_INTERIM_AQ_SOURCE_AND_PUBLIC_BANK_SCALEUP.md,PROMPT_CODEX_V69_ALTERNATE_INTERIM_AQ_SOURCE_AND_PUBLIC_BANK_SCALEUP.md,2121,2808307764,FRONTERA_CICLO_AJUSTE_V69_PUBLIC_BANK_SOURCE_PATH_AND_COVERAGE_PRIORITY(3).zip::BASE_V68.zip,zip,promptcodexv69alternateinterimaqsourceandpublicbankscaleupmd,1
FRONTERA_CICLO_AJUSTE_V69_PUBLIC_BANK_SOURCE_PATH_AND_COVERAGE_PRIORITY(3).zip,QA_RESULT_V68.txt,QA_RESULT_V68.txt,8,3876089645,FRONTERA_CICLO_AJUSTE_V69_PUBLIC_BANK_SOURCE_PATH_AND_COVERAGE_PRIORITY(3).zip::BASE_V68.zip,zip,qaresultv68txt,1
FRONTERA_CICLO_AJUSTE_V69_PUBLIC_BANK_SOURCE_PATH_AND_COVERAGE_PRIORITY(3).zip,README_V68.md,README_V68.md,713,2539250619,FRONTERA_CICLO_AJUSTE_V69_PUBLIC_BANK_SOURCE_PATH_AND_COVERAGE_PRIORITY(3).zip::BASE_V68.zip,zip,readmev68md,1
FRONTERA_CICLO_AJUSTE_V69_PUBLIC_BANK_SOURCE_PATH_AND_COVERAGE_PRIORITY(3).zip,SANTANDER_FY_AQ_CONTROL_V68.csv,SANTANDER_FY_AQ_CONTROL_V68.csv,915,1380545139,FRONTERA_CICLO_AJUSTE_V69_PUBLIC_BANK_SOURCE_PATH_AND_COVERAGE_PRIORITY(3).zip::BASE_V68.zip,zip,santanderfyaqcontrolv68csv,1
FRONTERA_CICLO_AJUSTE_V69_PUBLIC_BANK_SOURCE_PATH_AND_COVERAGE_PRIORITY(3).zip,SANTANDER_INTERIM_ANNEX_AUDIT_V68.md,SANTANDER_INTERIM_ANNEX_AUDIT_V68.md,1885,3355248733,FRONTERA_CICLO_AJUSTE_V69_PUBLIC_BANK_SOURCE_PATH_AND_COVERAGE_PRIORITY(3).zip::BASE_V68.zip,zip,santanderinterimannexauditv68md,1
FRONTERA_CICLO_AJUSTE_V69_PUBLIC_BANK_SOURCE_PATH_AND_COVERAGE_PRIORITY(3).zip,SANTANDER_PRIMARY_RECOVERY_V68.csv,SANTANDER_PRIMARY_RECOVERY_V68.csv,1660,1582198466,FRONTERA_CICLO_AJUSTE_V69_PUBLIC_BANK_SOURCE_PATH_AND_COVERAGE_PRIORITY(3).zip::BASE_V68.zip,zip,santanderprimaryrecoveryv68csv,1
FRONTERA_CICLO_AJUSTE_V69_PUBLIC_BANK_SOURCE_PATH_AND_COVERAGE_PRIORITY(3).zip,SUPERVIELLE_Q4_PASS_BOUND_V68.csv,SUPERVIELLE_Q4_PASS_BOUND_V68.csv,1415,1401335083,FRONTERA_CICLO_AJUSTE_V69_PUBLIC_BANK_SOURCE_PATH_AND_COVERAGE_PRIORITY(3).zip::BASE_V68.zip,zip,supervielleq4passboundv68csv,1
FRONTERA_CICLO_AJUSTE_V69_PUBLIC_BANK_SOURCE_PATH_AND_COVERAGE_PRIORITY(3).zip,VEREDICTO_V68.md,VEREDICTO_V68.md,2152,2434061285,FRONTERA_CICLO_AJUSTE_V69_PUBLIC_BANK_SOURCE_PATH_AND_COVERAGE_PRIORITY(3).zip::BASE_V68.zip,zip,veredictov68md,1
FRONTERA_CICLO_AJUSTE_V69_PUBLIC_BANK_SOURCE_PATH_AND_COVERAGE_PRIORITY(3).zip,qa_v68.py,qa_v68.py,4278,1135764913,FRONTERA_CICLO_AJUSTE_V69_PUBLIC_BANK_SOURCE_PATH_AND_COVERAGE_PRIORITY(3).zip::BASE_V68.zip,zip,qav68py,1
FRONTERA_CICLO_AJUSTE_V69_PUBLIC_BANK_SOURCE_PATH_AND_COVERAGE_PRIORITY(3).zip,BASIS_HARMONIZATION_V69.csv,BASIS_HARMONIZATION_V69.csv,2193,3633201702,FRONTERA_CICLO_AJUSTE_V69_PUBLIC_BANK_SOURCE_PATH_AND_COVERAGE_PRIORITY(3).zip,zip,basisharmonizationv69csv,0
FRONTERA_CICLO_AJUSTE_V69_PUBLIC_BANK_SOURCE_PATH_AND_COVERAGE_PRIORITY(3).zip,BCRA_BANK_SYSTEM_COVERAGE_V69.csv,BCRA_BANK_SYSTEM_COVERAGE_V69.csv,3477,101212686,FRONTERA_CICLO_AJUSTE_V69_PUBLIC_BANK_SOURCE_PATH_AND_COVERAGE_PRIORITY(3).zip,zip,bcrabanksystemcoveragev69csv,0
FRONTERA_CICLO_AJUSTE_V69_PUBLIC_BANK_SOURCE_PATH_AND_COVERAGE_PRIORITY(3).zip,BNA_FY_AQ_CONTROL_V69.csv,BNA_FY_AQ_CONTROL_V69.csv,817,677036201,FRONTERA_CICLO_AJUSTE_V69_PUBLIC_BANK_SOURCE_PATH_AND_COVERAGE_PRIORITY(3).zip,zip,bnafyaqcontrolv69csv,0
FRONTERA_CICLO_AJUSTE_V69_PUBLIC_BANK_SOURCE_PATH_AND_COVERAGE_PRIORITY(3).zip,CLOSED_NETWORK_COVERAGE_V69.csv,CLOSED_NETWORK_COVERAGE_V69.csv,2928,489030481,FRONTERA_CICLO_AJUSTE_V69_PUBLIC_BANK_SOURCE_PATH_AND_COVERAGE_PRIORITY(3).zip,zip,closednetworkcoveragev69csv,0
FRONTERA_CICLO_AJUSTE_V69_PUBLIC_BANK_SOURCE_PATH_AND_COVERAGE_PRIORITY(3).zip,CLOSED_NETWORK_NETTING_TEST_V69.csv,CLOSED_NETWORK_NETTING_TEST_V69.csv,1536,2408233625,FRONTERA_CICLO_AJUSTE_V69_PUBLIC_BANK_SOURCE_PATH_AND_COVERAGE_PRIORITY(3).zip,zip,closednetworknettingtestv69csv,0
FRONTERA_CICLO_AJUSTE_V69_PUBLIC_BANK_SOURCE_PATH_AND_COVERAGE_PRIORITY(3).zip,COUNTERPARTY_UPDATE_V69.csv,COUNTERPARTY_UPDATE_V69.csv,1936,885592920,FRONTERA_CICLO_AJUSTE_V69_PUBLIC_BANK_SOURCE_PATH_AND_COVERAGE_PRIORITY(3).zip,zip,counterpartyupdatev69csv,0
FRONTERA_CICLO_AJUSTE_V69_PUBLIC_BANK_SOURCE_PATH_AND_COVERAGE_PRIORITY(3).zip,CREDICOOP_FY_AQ_CONTROL_V69.csv,CREDICOOP_FY_AQ_CONTROL_V69.csv,644,2419508690,FRONTERA_CICLO_AJUSTE_V69_PUBLIC_BANK_SOURCE_PATH_AND_COVERAGE_PRIORITY(3).zip,zip,credicoopfyaqcontrolv69csv,0
FRONTERA_CICLO_AJUSTE_V69_PUBLIC_BANK_SOURCE_PATH_AND_COVERAGE_PRIORITY(3).zip,EVIDENCE_LEDGER_CICLO_AJUSTE_V69.csv,EVIDENCE_LEDGER_CICLO_AJUSTE_V69.csv,8512,4027077263,FRONTERA_CICLO_AJUSTE_V69_PUBLIC_BANK_SOURCE_PATH_AND_COVERAGE_PRIORITY(3).zip,zip,evidenceledgercicloajustev69csv,0
FRONTERA_CICLO_AJUSTE_V69_PUBLIC_BANK_SOURCE_PATH_AND_COVERAGE_PRIORITY(3).zip,FOUR_LEG_PASS_PANEL_V69.csv,FOUR_LEG_PASS_PANEL_V69.csv,4369,800014560,FRONTERA_CICLO_AJUSTE_V69_PUBLIC_BANK_SOURCE_PATH_AND_COVERAGE_PRIORITY(3).zip,zip,fourlegpasspanelv69csv,0
FRONTERA_CICLO_AJUSTE_V69_PUBLIC_BANK_SOURCE_PATH_AND_COVERAGE_PRIORITY(3).zip,FUENTES_V69.md,FUENTES_V69.md,3121,2646703565,FRONTERA_CICLO_AJUSTE_V69_PUBLIC_BANK_SOURCE_PATH_AND_COVERAGE_PRIORITY(3).zip,zip,fuentesv69md,0
FRONTERA_CICLO_AJUSTE_V69_PUBLIC_BANK_SOURCE_PATH_AND_COVERAGE_PRIORITY(3).zip,HANDOVER_CODEX_CICLO_AJUSTE_V69_A_V70.md,HANDOVER_CODEX_CICLO_AJUSTE_V69_A_V70.md,2731,1962932033,FRONTERA_CICLO_AJUSTE_V69_PUBLIC_BANK_SOURCE_PATH_AND_COVERAGE_PRIORITY(3).zip,zip,handovercodexcicloajustev69av70md,0
FRONTERA_CICLO_AJUSTE_V69_PUBLIC_BANK_SOURCE_PATH_AND_COVERAGE_PRIORITY(3).zip,HOUSEHOLD_PRODUCT_PANEL_V69.csv,HOUSEHOLD_PRODUCT_PANEL_V69.csv,2265,4251071759,FRONTERA_CICLO_AJUSTE_V69_PUBLIC_BANK_SOURCE_PATH_AND_COVERAGE_PRIORITY(3).zip,zip,householdproductpanelv69csv,0
FRONTERA_CICLO_AJUSTE_V69_PUBLIC_BANK_SOURCE_PATH_AND_COVERAGE_PRIORITY(3).zip,HOUSEHOLD_SECTOR_MAPPING_V69.csv,HOUSEHOLD_SECTOR_MAPPING_V69.csv,2015,3659446790,FRONTERA_CICLO_AJUSTE_V69_PUBLIC_BANK_SOURCE_PATH_AND_COVERAGE_PRIORITY(3).zip,zip,householdsectormappingv69csv,0
FRONTERA_CICLO_AJUSTE_V69_PUBLIC_BANK_SOURCE_PATH_AND_COVERAGE_PRIORITY(3).zip,IEF_PASS_RECONCILIATION_V69.csv,IEF_PASS_RECONCILIATION_V69.csv,1236,3093154755,FRONTERA_CICLO_AJUSTE_V69_PUBLIC_BANK_SOURCE_PATH_AND_COVERAGE_PRIORITY(3).zip,zip,iefpassreconciliationv69csv,0
FRONTERA_CICLO_AJUSTE_V69_PUBLIC_BANK_SOURCE_PATH_AND_COVERAGE_PRIORITY(3).zip,INDIVIDUAL_AQ_RETRIEVAL_V69.csv,INDIVIDUAL_AQ_RETRIEVAL_V69.csv,3093,4020461632,FRONTERA_CICLO_AJUSTE_V69_PUBLIC_BANK_SOURCE_PATH_AND_COVERAGE_PRIORITY(3).zip,zip,individualaqretrievalv69csv,0
FRONTERA_CICLO_AJUSTE_V69_PUBLIC_BANK_SOURCE_PATH_AND_COVERAGE_PRIORITY(3).zip,MACRO_Q4_AQ_BRIDGE_V69.csv,MACRO_Q4_AQ_BRIDGE_V69.csv,1068,2863222135,FRONTERA_CICLO_AJUSTE_V69_PUBLIC_BANK_SOURCE_PATH_AND_COVERAGE_PRIORITY(3).zip,zip,macroq4aqbridgev69csv,0
FRONTERA_CICLO_AJUSTE_V69_PUBLIC_BANK_SOURCE_PATH_AND_COVERAGE_PRIORITY(3).zip,MANIFEST_V69.json,MANIFEST_V69.json,5624,4045301809,FRONTERA_CICLO_AJUSTE_V69_PUBLIC_BANK_SOURCE_PATH_AND_COVERAGE_PRIORITY(3).zip,zip,manifestv69json,0
FRONTERA_CICLO_AJUSTE_V69_PUBLIC_BANK_SOURCE_PATH_AND_COVERAGE_PRIORITY(3).zip,PASS_COUNTERPARTY_BOUNDS_V69.csv,PASS_COUNTERPARTY_BOUNDS_V69.csv,2996,4152507203,FRONTERA_CICLO_AJUSTE_V69_PUBLIC_BANK_SOURCE_PATH_AND_COVERAGE_PRIORITY(3).zip,zip,passcounterpartyboundsv69csv,0
FRONTERA_CICLO_AJUSTE_V69_PUBLIC_BANK_SOURCE_PATH_AND_COVERAGE_PRIORITY(3).zip,PROMPT_CODEX_V70_BNA_9M_BINARY_RECOVERY_AND_PUBLIC_BANK_AQ_EXTRACTION.md,PROMPT_CODEX_V70_BNA_9M_BINARY_RECOVERY_AND_PUBLIC_BANK_AQ_EXTRACTION.md,1840,2817289755,FRONTERA_CICLO_AJUSTE_V69_PUBLIC_BANK_SOURCE_PATH_AND_COVERAGE_PRIORITY(3).zip,zip,promptcodexv70bna9mbinaryrecoveryandpublicbankaqextractionmd,0
FRONTERA_CICLO_AJUSTE_V69_PUBLIC_BANK_SOURCE_PATH_AND_COVERAGE_PRIORITY(3).zip,PUBLIC_BANK_COVERAGE_PRIORITY_V69.csv,PUBLIC_BANK_COVERAGE_PRIORITY_V69.csv,978,4011914187,FRONTERA_CICLO_AJUSTE_V69_PUBLIC_BANK_SOURCE_PATH_AND_COVERAGE_PRIORITY(3).zip,zip,publicbankcoveragepriorityv69csv,0
FRONTERA_CICLO_AJUSTE_V69_PUBLIC_BANK_SOURCE_PATH_AND_COVERAGE_PRIORITY(3).zip,PUBLIC_BANK_SOURCE_RECOVERY_V69.csv,PUBLIC_BANK_SOURCE_RECOVERY_V69.csv,2119,2249925711,FRONTERA_CICLO_AJUSTE_V69_PUBLIC_BANK_SOURCE_PATH_AND_COVERAGE_PRIORITY(3).zip,zip,publicbanksourcerecoveryv69csv,0
FRONTERA_CICLO_AJUSTE_V69_PUBLIC_BANK_SOURCE_PATH_AND_COVERAGE_PRIORITY(3).zip,QA_RESULT_V69.txt,QA_RESULT_V69.txt,8,494719033,FRONTERA_CICLO_AJUSTE_V69_PUBLIC_BANK_SOURCE_PATH_AND_COVERAGE_PRIORITY(3).zip,zip,qaresultv69txt,0
FRONTERA_CICLO_AJUSTE_V69_PUBLIC_BANK_SOURCE_PATH_AND_COVERAGE_PRIORITY(3).zip,README_V69.md,README_V69.md,649,4139807601,FRONTERA_CICLO_AJUSTE_V69_PUBLIC_BANK_SOURCE_PATH_AND_COVERAGE_PRIORITY(3).zip,zip,readmev69md,0
FRONTERA_CICLO_AJUSTE_V69_PUBLIC_BANK_SOURCE_PATH_AND_COVERAGE_PRIORITY(3).zip,SANTANDER_FY_AQ_CONTROL_V69.csv,SANTANDER_FY_AQ_CONTROL_V69.csv,915,1380545139,FRONTERA_CICLO_AJUSTE_V69_PUBLIC_BANK_SOURCE_PATH_AND_COVERAGE_PRIORITY(3).zip,zip,santanderfyaqcontrolv69csv,0
FRONTERA_CICLO_AJUSTE_V69_PUBLIC_BANK_SOURCE_PATH_AND_COVERAGE_PRIORITY(3).zip,SANTANDER_INTERIM_ANNEX_AUDIT_V69.md,SANTANDER_INTERIM_ANNEX_AUDIT_V69.md,1885,3355248733,FRONTERA_CICLO_AJUSTE_V69_PUBLIC_BANK_SOURCE_PATH_AND_COVERAGE_PRIORITY(3).zip,zip,santanderinterimannexauditv69md,0
FRONTERA_CICLO_AJUSTE_V69_PUBLIC_BANK_SOURCE_PATH_AND_COVERAGE_PRIORITY(3).zip,SANTANDER_PRIMARY_RECOVERY_V69.csv,SANTANDER_PRIMARY_RECOVERY_V69.csv,1660,1582198466,FRONTERA_CICLO_AJUSTE_V69_PUBLIC_BANK_SOURCE_PATH_AND_COVERAGE_PRIORITY(3).zip,zip,santanderprimaryrecoveryv69csv,0
FRONTERA_CICLO_AJUSTE_V69_PUBLIC_BANK_SOURCE_PATH_AND_COVERAGE_PRIORITY(3).zip,SUPERVIELLE_Q4_PASS_BOUND_V69.csv,SUPERVIELLE_Q4_PASS_BOUND_V69.csv,1415,1401335083,FRONTERA_CICLO_AJUSTE_V69_PUBLIC_BANK_SOURCE_PATH_AND_COVERAGE_PRIORITY(3).zip,zip,supervielleq4passboundv69csv,0
FRONTERA_CICLO_AJUSTE_V69_PUBLIC_BANK_SOURCE_PATH_AND_COVERAGE_PRIORITY(3).zip,VEREDICTO_V69.md,VEREDICTO_V69.md,2240,1659512235,FRONTERA_CICLO_AJUSTE_V69_PUBLIC_BANK_SOURCE_PATH_AND_COVERAGE_PRIORITY(3).zip,zip,veredictov69md,0
FRONTERA_CICLO_AJUSTE_V69_PUBLIC_BANK_SOURCE_PATH_AND_COVERAGE_PRIORITY(3).zip,qa_v69.py,qa_v69.py,2975,2139238022,FRONTERA_CICLO_AJUSTE_V69_PUBLIC_BANK_SOURCE_PATH_AND_COVERAGE_PRIORITY(3).zip,zip,qav69py,0
