persona_id,persona,nivel_cargo,cargo,jurisdiccion,partido_o_alianza,estado_ddjj_cargo_actual,fuente_ddjj_actual_url,oa_historial_estado,oa_historial_nombres,oa_anios,estado_busqueda_patrimonial,estado_investigacion,fecha_estado_investigacion,motivo_estado_investigacion,iteracion_sugerida,siguiente_accion
dip-aguirre-hilda,Hilda Aguirre,Diputados nacionales,Diputado/a nacional,La Rioja,UNIÓN POR LA PATRIA,presentacion_2025_2026_localizada,https://www.hcdn.gob.ar/institucional/transparencia/declaraciones_juradas/index.html,nombre_compatible_unico_en_oa,AGUIRRE HILDA CLELIA,2018|2019|2020|2021|2022|2023|2024,identidad_confirmada_cruce_oficial,cerrado_publicable,2026-09-02,Trayectoria publicada con controles reproducibles.,2,Serie normalizada y contrafactuales incorporados; actualizar con el consolidado 2025 cuando se publique.
dip-aguero-guillermo-cesar,Guillermo César Agüero,Diputados nacionales,Diputado/a nacional,Chaco,UCR - UNIÓN CÍVICA RADICAL,presentacion_2025_2026_localizada,https://www.hcdn.gob.ar/institucional/transparencia/declaraciones_juradas/index.html,sin_nombre_compatible_oa_2017_2024,,,sin_registro_oa_2017_2024,freezado,2026-09-02,"Expansión pausada para priorizar profundidad analítica en las trayectorias ya publicadas. El freeze no equivale a descarte, incumplimiento ni patrimonio cero.",5,"Buscar fuente del régimen actual y documentar publicado, reservado o no localizado."
dip-ajmechet-sabrina,Sabrina Ajmechet,Diputados nacionales,Diputado/a nacional,Ciudad De Buenos Aires,LA LIBERTAD AVANZA,presentacion_2025_2026_localizada,https://www.hcdn.gob.ar/institucional/transparencia/declaraciones_juradas/index.html,nombre_compatible_unico_en_oa,AJMECHET SABRINA CARLOTA,2021|2022|2023|2024,identidad_confirmada_cruce_oficial,cerrado_publicable,2026-09-02,Trayectoria publicada con controles reproducibles.,4,Serie normalizada y contrafactuales incorporados; actualizar con el consolidado 2025 cuando se publique.
dip-ali-ernesto-pipi,Ernesto Pipi Alí,Diputados nacionales,Diputado/a nacional,San Luis,UNIÓN POR LA PATRIA,sin_presentacion_localizada_en_listados_2025_2026,https://www.hcdn.gob.ar/institucional/transparencia/declaraciones_juradas/index.html,sin_nombre_compatible_oa_2017_2024,,,sin_registro_oa_2017_2024,freezado,2026-09-02,"Expansión pausada para priorizar profundidad analítica en las trayectorias ya publicadas. El freeze no equivale a descarte, incumplimiento ni patrimonio cero.",5,"Buscar fuente del régimen actual y documentar publicado, reservado o no localizado."
dip-almena-carlos-alberto,Carlos Alberto Almena,Diputados nacionales,Diputado/a nacional,San Luis,LA LIBERTAD AVANZA,presentacion_2025_2026_localizada,https://www.hcdn.gob.ar/institucional/transparencia/declaraciones_juradas/index.html,sin_nombre_compatible_oa_2017_2024,,,sin_registro_oa_2017_2024,freezado,2026-09-02,"Expansión pausada para priorizar profundidad analítica en las trayectorias ya publicadas. El freeze no equivale a descarte, incumplimiento ni patrimonio cero.",5,"Buscar fuente del régimen actual y documentar publicado, reservado o no localizado."
dip-almiron-lisandro,Lisandro Almirón,Diputados nacionales,Diputado/a nacional,Corrientes,LA LIBERTAD AVANZA,sin_presentacion_localizada_en_listados_2025_2026,https://www.hcdn.gob.ar/institucional/transparencia/declaraciones_juradas/index.html,sin_nombre_compatible_oa_2017_2024,,,sin_registro_oa_2017_2024,freezado,2026-09-02,"Expansión pausada para priorizar profundidad analítica en las trayectorias ya publicadas. El freeze no equivale a descarte, incumplimiento ni patrimonio cero.",5,"Buscar fuente del régimen actual y documentar publicado, reservado o no localizado."
dip-alvarez-claudio,Claudio Álvarez,Diputados nacionales,Diputado/a nacional,San Luis,ARGENTINA FEDERAL,presentacion_2025_2026_localizada,https://www.hcdn.gob.ar/institucional/transparencia/declaraciones_juradas/index.html,coincidencia_multiple_revisar_homonimia,ALVAREZ CLAUDIO ARIEL | ALVAREZ CLAUDIO DE JESUS | ALVAREZ CLAUDIO IVAN FERNANDO,2017|2018|2019|2020|2021|2022|2023,identidad_confirmada_cruce_oficial,cerrado_publicable,2026-09-02,Trayectoria publicada con controles reproducibles.,13,Serie normalizada y contrafactuales incorporados; actualizar con el consolidado 2025 cuando se publique.
dip-andino-cristian,Cristian Andino,Diputados nacionales,Diputado/a nacional,San Juan,UNIÓN POR LA PATRIA,presentacion_2025_2026_localizada,https://www.hcdn.gob.ar/institucional/transparencia/declaraciones_juradas/index.html,sin_nombre_compatible_oa_2017_2024,,,sin_registro_oa_2017_2024,freezado,2026-09-02,"Expansión pausada para priorizar profundidad analítica en las trayectorias ya publicadas. El freeze no equivale a descarte, incumplimiento ni patrimonio cero.",5,"Buscar fuente del régimen actual y documentar publicado, reservado o no localizado."
dip-andrade-javier,Javier Andrade,Diputados nacionales,Diputado/a nacional,Ciudad De Buenos Aires,UNIÓN POR LA PATRIA,presentacion_2025_2026_localizada,https://www.hcdn.gob.ar/institucional/transparencia/declaraciones_juradas/index.html,nombre_compatible_unico_en_oa,ANDRADE JAVIER,2022,revision_manual_identidad,freezado,2026-09-02,"Expansión pausada para priorizar profundidad analítica en las trayectorias ya publicadas. El freeze no equivale a descarte, incumplimiento ni patrimonio cero.",3,Resolver variaciones de nombre o identificador antes de usar importes.
dip-andreussi-barbara,Barbara Andreussi,Diputados nacionales,Diputado/a nacional,Jujuy,LA LIBERTAD AVANZA,presentacion_2025_2026_localizada,https://www.hcdn.gob.ar/institucional/transparencia/declaraciones_juradas/index.html,sin_nombre_compatible_oa_2017_2024,,,sin_registro_oa_2017_2024,freezado,2026-09-02,"Expansión pausada para priorizar profundidad analítica en las trayectorias ya publicadas. El freeze no equivale a descarte, incumplimiento ni patrimonio cero.",5,"Buscar fuente del régimen actual y documentar publicado, reservado o no localizado."
dip-ansaloni-pablo,Pablo Ansaloni,Diputados nacionales,Diputado/a nacional,Buenos Aires,LA LIBERTAD AVANZA,presentacion_2025_2026_localizada,https://www.hcdn.gob.ar/institucional/transparencia/declaraciones_juradas/index.html,nombre_compatible_unico_en_oa,ANSALONI PABLO MIGUEL,2017|2018|2020|2022|2023,identidad_confirmada_cruce_oficial,cerrado_publicable,2026-09-02,Trayectoria publicada con controles reproducibles.,3,Serie normalizada y contrafactuales incorporados; actualizar con el consolidado 2025 cuando se publique.
dip-arabia-damian,Damián Arabia,Diputados nacionales,Diputado/a nacional,Ciudad De Buenos Aires,LA LIBERTAD AVANZA,presentacion_2025_2026_localizada,https://www.hcdn.gob.ar/institucional/transparencia/declaraciones_juradas/index.html,nombre_compatible_unico_en_oa,ARABIA DAMIAN EDUARDO,2017|2018|2019|2022|2023|2024,identidad_confirmada_cruce_oficial,cerrado_publicable,2026-09-02,Trayectoria publicada con controles reproducibles.,1,Serie normalizada y contrafactuales incorporados; actualizar con el consolidado 2025 cuando se publique.
dip-araujo-hernandez-jorge-neri,Jorge Neri Araujo Hernández,Diputados nacionales,Diputado/a nacional,Tierra Del Fuego,UNIÓN POR LA PATRIA,presentacion_2025_2026_localizada,https://www.hcdn.gob.ar/institucional/transparencia/declaraciones_juradas/index.html,nombre_compatible_unico_en_oa,ARAUJO HERNANDEZ JORGE NERI,2023,identidad_confirmada_cruce_oficial,cerrado_publicable,2026-09-02,Trayectoria publicada con controles reproducibles.,2,Serie normalizada y contrafactuales incorporados; actualizar con el consolidado 2025 cuando se publique.
dip-ardohain-martin,Martín Ardohain,Diputados nacionales,Diputado/a nacional,La Pampa,PRO,presentacion_2025_2026_localizada,https://www.hcdn.gob.ar/institucional/transparencia/declaraciones_juradas/index.html,nombre_compatible_unico_en_oa,ARDOHAIN MARTIN MIGUEL,2022|2023|2024,identidad_confirmada_cruce_oficial,cerrado_publicable,2026-09-02,Trayectoria publicada con controles reproducibles.,3,Serie normalizada y contrafactuales incorporados; actualizar con el consolidado 2025 cuando se publique.
dip-arrieta-lourdes-micaela,Lourdes Micaela Arrieta,Diputados nacionales,Diputado/a nacional,Mendoza,PROVINCIAS UNIDAS,sin_presentacion_localizada_en_listados_2025_2026,https://www.hcdn.gob.ar/institucional/transparencia/declaraciones_juradas/index.html,nombre_compatible_unico_en_oa,ARRIETA LOURDES MICAELA,2022|2023|2024,revision_manual_identidad,freezado,2026-09-02,"Expansión pausada para priorizar profundidad analítica en las trayectorias ya publicadas. El freeze no equivale a descarte, incumplimiento ni patrimonio cero.",3,Resolver variaciones de nombre o identificador antes de usar importes.
dip-arrua-alberto,Alberto Arrúa,Diputados nacionales,Diputado/a nacional,Misiones,ARGENTINA FEDERAL,sin_presentacion_localizada_en_listados_2025_2026,https://www.hcdn.gob.ar/institucional/transparencia/declaraciones_juradas/index.html,sin_nombre_compatible_oa_2017_2024,,,sin_registro_oa_2017_2024,freezado,2026-09-02,"Expansión pausada para priorizar profundidad analítica en las trayectorias ya publicadas. El freeze no equivale a descarte, incumplimiento ni patrimonio cero.",5,"Buscar fuente del régimen actual y documentar publicado, reservado o no localizado."
dip-aveiro-martin,Martín Aveiro,Diputados nacionales,Diputado/a nacional,Mendoza,UNIÓN POR LA PATRIA,presentacion_2025_2026_localizada,https://www.hcdn.gob.ar/institucional/transparencia/declaraciones_juradas/index.html,nombre_compatible_unico_en_oa,AVEIRO MARTIN GUILLERMO,2022|2023|2024,identidad_confirmada_cruce_oficial,cerrado_publicable,2026-09-02,Trayectoria publicada con controles reproducibles.,3,Serie normalizada y contrafactuales incorporados; actualizar con el consolidado 2025 cuando se publique.
dip-avico-belen,Belén Avico,Diputados nacionales,Diputado/a nacional,Cordoba,LA LIBERTAD AVANZA,sin_presentacion_localizada_en_listados_2025_2026,https://www.hcdn.gob.ar/institucional/transparencia/declaraciones_juradas/index.html,sin_nombre_compatible_oa_2017_2024,,,sin_registro_oa_2017_2024,freezado,2026-09-02,"Expansión pausada para priorizar profundidad analítica en las trayectorias ya publicadas. El freeze no equivale a descarte, incumplimiento ni patrimonio cero.",5,"Buscar fuente del régimen actual y documentar publicado, reservado o no localizado."
dip-avila-jorge-antonio,Jorge Antonio Avila,Diputados nacionales,Diputado/a nacional,Chubut,PROVINCIAS UNIDAS,sin_presentacion_localizada_en_listados_2025_2026,https://www.hcdn.gob.ar/institucional/transparencia/declaraciones_juradas/index.html,nombre_compatible_unico_en_oa,AVILA JORGE ANTONIO,2023|2024,revision_manual_identidad,freezado,2026-09-02,"Expansión pausada para priorizar profundidad analítica en las trayectorias ya publicadas. El freeze no equivale a descarte, incumplimiento ni patrimonio cero.",3,Resolver variaciones de nombre o identificador antes de usar importes.
dip-avila-fernanda,Fernanda Avila,Diputados nacionales,Diputado/a nacional,Catamarca,ELIJO CATAMARCA,sin_presentacion_localizada_en_listados_2025_2026,https://www.hcdn.gob.ar/institucional/transparencia/declaraciones_juradas/index.html,sin_nombre_compatible_oa_2017_2024,,,sin_registro_oa_2017_2024,freezado,2026-09-02,"Expansión pausada para priorizar profundidad analítica en las trayectorias ya publicadas. El freeze no equivale a descarte, incumplimiento ni patrimonio cero.",5,"Buscar fuente del régimen actual y documentar publicado, reservado o no localizado."
dip-banfi-karina,Karina Banfi,Diputados nacionales,Diputado/a nacional,Buenos Aires,ADELANTE BUENOS AIRES,sin_presentacion_localizada_en_listados_2025_2026,https://www.hcdn.gob.ar/institucional/transparencia/declaraciones_juradas/index.html,nombre_compatible_unico_en_oa,BANFI KARINA VERONICA,2017|2018|2019|2020|2021|2022|2023|2024,revision_manual_identidad,freezado,2026-09-02,"Expansión pausada para priorizar profundidad analítica en las trayectorias ya publicadas. El freeze no equivale a descarte, incumplimiento ni patrimonio cero.",3,Resolver variaciones de nombre o identificador antes de usar importes.
dip-barbur-marcelo,Marcelo Barbur,Diputados nacionales,Diputado/a nacional,Santiago Del Estero,UNIÓN POR LA PATRIA,presentacion_2025_2026_localizada,https://www.hcdn.gob.ar/institucional/transparencia/declaraciones_juradas/index.html,sin_nombre_compatible_oa_2017_2024,,,sin_registro_oa_2017_2024,freezado,2026-09-02,"Expansión pausada para priorizar profundidad analítica en las trayectorias ya publicadas. El freeze no equivale a descarte, incumplimiento ni patrimonio cero.",5,"Buscar fuente del régimen actual y documentar publicado, reservado o no localizado."
dip-basterra-luis-eugenio,Luis Eugenio Basterra,Diputados nacionales,Diputado/a nacional,Formosa,UNIÓN POR LA PATRIA,presentacion_2025_2026_localizada,https://www.hcdn.gob.ar/institucional/transparencia/declaraciones_juradas/index.html,nombre_compatible_unico_en_oa,BASTERRA LUIS EUGENIO,2017|2018|2019|2020|2021|2022|2023|2024,identidad_confirmada_cruce_oficial,cerrado_publicable,2026-09-02,Trayectoria publicada con controles reproducibles.,2,Serie normalizada y contrafactuales incorporados; actualizar con el consolidado 2025 cuando se publique.
dip-basualdo-atilio,Atilio Basualdo,Diputados nacionales,Diputado/a nacional,Formosa,LA LIBERTAD AVANZA,presentacion_2025_2026_localizada,https://www.hcdn.gob.ar/institucional/transparencia/declaraciones_juradas/index.html,sin_nombre_compatible_oa_2017_2024,,,sin_registro_oa_2017_2024,freezado,2026-09-02,"Expansión pausada para priorizar profundidad analítica en las trayectorias ya publicadas. El freeze no equivale a descarte, incumplimiento ni patrimonio cero.",5,"Buscar fuente del régimen actual y documentar publicado, reservado o no localizado."
dip-basualdo-carolina,Carolina Basualdo,Diputados nacionales,Diputado/a nacional,Cordoba,PROVINCIAS UNIDAS,presentacion_2025_2026_localizada,https://www.hcdn.gob.ar/institucional/transparencia/declaraciones_juradas/index.html,nombre_compatible_unico_en_oa,BASUALDO CAROLINA DEL VALLE,2018,identidad_confirmada_cruce_oficial,cerrado_publicable,2026-09-02,Trayectoria publicada con controles reproducibles.,1,Serie normalizada y contrafactuales incorporados; actualizar con el consolidado 2025 cuando se publique.
dip-becerra-monica,Mónica Becerra,Diputados nacionales,Diputado/a nacional,San Luis,LA LIBERTAD AVANZA,presentacion_2025_2026_localizada,https://www.hcdn.gob.ar/institucional/transparencia/declaraciones_juradas/index.html,sin_nombre_compatible_oa_2017_2024,,,sin_registro_oa_2017_2024,freezado,2026-09-02,"Expansión pausada para priorizar profundidad analítica en las trayectorias ya publicadas. El freeze no equivale a descarte, incumplimiento ni patrimonio cero.",5,"Buscar fuente del régimen actual y documentar publicado, reservado o no localizado."
dip-benedit-beltran,Beltrán Benedit,Diputados nacionales,Diputado/a nacional,Entre Rios,LA LIBERTAD AVANZA,presentacion_2025_2026_localizada,https://www.hcdn.gob.ar/institucional/transparencia/declaraciones_juradas/index.html,nombre_compatible_unico_en_oa,BENEDIT BELTRAN,2023|2024,identidad_confirmada_cruce_oficial,cerrado_publicable,2026-09-02,Trayectoria publicada con controles reproducibles.,1,Serie normalizada y contrafactuales incorporados; actualizar con el consolidado 2025 cuando se publique.
dip-benegas-lynch-bertie,Bertie Benegas Lynch,Diputados nacionales,Diputado/a nacional,Buenos Aires,LA LIBERTAD AVANZA,sin_presentacion_localizada_en_listados_2025_2026,https://www.hcdn.gob.ar/institucional/transparencia/declaraciones_juradas/index.html,sin_nombre_compatible_oa_2017_2024,,,sin_registro_oa_2017_2024,freezado,2026-09-02,"Expansión pausada para priorizar profundidad analítica en las trayectorias ya publicadas. El freeze no equivale a descarte, incumplimiento ni patrimonio cero.",5,"Buscar fuente del régimen actual y documentar publicado, reservado o no localizado."
dip-bianchetti-emmanuel,Emmanuel Bianchetti,Diputados nacionales,Diputado/a nacional,Misiones,PRO,sin_presentacion_localizada_en_listados_2025_2026,https://www.hcdn.gob.ar/institucional/transparencia/declaraciones_juradas/index.html,sin_nombre_compatible_oa_2017_2024,,,sin_registro_oa_2017_2024,freezado,2026-09-02,"Expansión pausada para priorizar profundidad analítica en las trayectorias ya publicadas. El freeze no equivale a descarte, incumplimiento ni patrimonio cero.",5,"Buscar fuente del régimen actual y documentar publicado, reservado o no localizado."
dip-biella-bernardo,Bernardo Biella,Diputados nacionales,Diputado/a nacional,Salta,ARGENTINA FEDERAL,sin_presentacion_localizada_en_listados_2025_2026,https://www.hcdn.gob.ar/institucional/transparencia/declaraciones_juradas/index.html,sin_nombre_compatible_oa_2017_2024,,,sin_registro_oa_2017_2024,freezado,2026-09-02,"Expansión pausada para priorizar profundidad analítica en las trayectorias ya publicadas. El freeze no equivale a descarte, incumplimiento ni patrimonio cero.",5,"Buscar fuente del régimen actual y documentar publicado, reservado o no localizado."
dip-bonacci-rocio,Rocío Bonacci,Diputados nacionales,Diputado/a nacional,Santa Fe,LA LIBERTAD AVANZA,presentacion_2025_2026_localizada,https://www.hcdn.gob.ar/institucional/transparencia/declaraciones_juradas/index.html,nombre_compatible_unico_en_oa,BONACCI ROCIO BELEN,2022|2023|2024,identidad_confirmada_cruce_oficial,cerrado_publicable,2026-09-02,Trayectoria publicada con controles reproducibles.,4,Serie normalizada y contrafactuales incorporados; actualizar con el consolidado 2025 cuando se publique.
dip-bongiovanni-alejandro,Alejandro Bongiovanni,Diputados nacionales,Diputado/a nacional,Santa Fe,LA LIBERTAD AVANZA,presentacion_2025_2026_localizada,https://www.hcdn.gob.ar/institucional/transparencia/declaraciones_juradas/index.html,nombre_compatible_unico_en_oa,BONGIOVANNI ALEJANDRO,2017|2022|2023|2024,identidad_confirmada_cruce_oficial,cerrado_publicable,2026-09-02,Trayectoria publicada con controles reproducibles.,1,Serie normalizada y contrafactuales incorporados; actualizar con el consolidado 2025 cuando se publique.
dip-bordet-gustavo,Gustavo Bordet,Diputados nacionales,Diputado/a nacional,Entre Rios,UNIÓN POR LA PATRIA,presentacion_2025_2026_localizada,https://www.hcdn.gob.ar/institucional/transparencia/declaraciones_juradas/index.html,nombre_compatible_unico_en_oa,BORDET GUSTAVO EDUARDO,2023|2024,identidad_confirmada_cruce_oficial,cerrado_publicable,2026-09-02,Trayectoria publicada con controles reproducibles.,2,Serie normalizada y contrafactuales incorporados; actualizar con el consolidado 2025 cuando se publique.
dip-borgatta-alejandrina,Alejandrina Borgatta,Diputados nacionales,Diputado/a nacional,Santa Fe,UNIÓN POR LA PATRIA,presentacion_2025_2026_localizada,https://www.hcdn.gob.ar/institucional/transparencia/declaraciones_juradas/index.html,nombre_compatible_unico_en_oa,BORGATTA ALEJANDRINA BELEN,2024,identidad_confirmada_cruce_oficial,cerrado_publicable,2026-09-02,Trayectoria publicada con controles reproducibles.,1,Serie normalizada y contrafactuales incorporados; actualizar con el consolidado 2025 cuando se publique.
dip-bornoroni-gabriel,Gabriel Bornoroni,Diputados nacionales,Diputado/a nacional,Cordoba,LA LIBERTAD AVANZA,presentacion_2025_2026_localizada,https://www.hcdn.gob.ar/institucional/transparencia/declaraciones_juradas/index.html,nombre_compatible_unico_en_oa,BORNORONI GABRIEL MARCOS,2022|2023|2024,identidad_confirmada_cruce_oficial,cerrado_publicable,2026-09-02,Trayectoria publicada con controles reproducibles.,2,Serie normalizada y contrafactuales incorporados; actualizar con el consolidado 2025 cuando se publique.
dip-bregman-myriam,Myriam Bregman,Diputados nacionales,Diputado/a nacional,Ciudad De Buenos Aires,PTS-FRENTE DE IZQUIERDA Y DE TRABAJADORES UNIDAD,presentacion_2025_2026_localizada,https://www.hcdn.gob.ar/institucional/transparencia/declaraciones_juradas/index.html,nombre_compatible_unico_en_oa,BREGMAN MYRIAM TERESA,2018|2020|2021|2022|2024,identidad_confirmada_cruce_oficial,cerrado_publicable,2026-09-02,Trayectoria publicada con controles reproducibles.,3,Serie normalizada y contrafactuales incorporados; actualizar con el consolidado 2025 cuando se publique.
dip-brizuela-adrian,Adrián Brizuela,Diputados nacionales,Diputado/a nacional,Catamarca,LA LIBERTAD AVANZA,sin_presentacion_localizada_en_listados_2025_2026,https://www.hcdn.gob.ar/institucional/transparencia/declaraciones_juradas/index.html,sin_nombre_compatible_oa_2017_2024,,,sin_registro_oa_2017_2024,freezado,2026-09-02,"Expansión pausada para priorizar profundidad analítica en las trayectorias ya publicadas. El freeze no equivale a descarte, incumplimiento ni patrimonio cero.",5,"Buscar fuente del régimen actual y documentar publicado, reservado o no localizado."
dip-bruno-eliana,Eliana Bruno,Diputados nacionales,Diputado/a nacional,Salta,LA LIBERTAD AVANZA,presentacion_2025_2026_localizada,https://www.hcdn.gob.ar/institucional/transparencia/declaraciones_juradas/index.html,nombre_compatible_unico_en_oa,BRUNO ELIANA LORENA,2022|2024,revision_manual_identidad,freezado,2026-09-02,"Expansión pausada para priorizar profundidad analítica en las trayectorias ya publicadas. El freeze no equivale a descarte, incumplimiento ni patrimonio cero.",3,Resolver variaciones de nombre o identificador antes de usar importes.
dip-brugge-juan-fernando,Juan Fernando Brügge,Diputados nacionales,Diputado/a nacional,Cordoba,PROVINCIAS UNIDAS,presentacion_2025_2026_localizada,https://www.hcdn.gob.ar/institucional/transparencia/declaraciones_juradas/index.html,nombre_compatible_unico_en_oa,BRUGGE JUAN FERNANDO,2017|2018|2019|2022|2023|2024,identidad_confirmada_cruce_oficial,cerrado_publicable,2026-09-02,Trayectoria publicada con controles reproducibles.,2,Serie normalizada y contrafactuales incorporados; actualizar con el consolidado 2025 cuando se publique.
dip-cafiero-santiago,Santiago Cafiero,Diputados nacionales,Diputado/a nacional,Buenos Aires,UNIÓN POR LA PATRIA,presentacion_2025_2026_localizada,https://www.hcdn.gob.ar/institucional/transparencia/declaraciones_juradas/index.html,nombre_compatible_unico_en_oa,CAFIERO SANTIAGO ANDRES,2019|2020|2021|2022|2023|2024,identidad_confirmada_cruce_oficial,cerrado_publicable,2026-09-02,Trayectoria publicada con controles reproducibles.,4,Serie normalizada y contrafactuales incorporados; actualizar con el consolidado 2025 cuando se publique.
dip-campero-mariano,Mariano Campero,Diputados nacionales,Diputado/a nacional,Tucuman,LA LIBERTAD AVANZA,presentacion_2025_2026_localizada,https://www.hcdn.gob.ar/institucional/transparencia/declaraciones_juradas/index.html,nombre_compatible_unico_en_oa,CAMPERO MARIANO,2022|2023|2024,identidad_confirmada_cruce_oficial,cerrado_publicable,2026-09-02,Trayectoria publicada con controles reproducibles.,3,Serie normalizada y contrafactuales incorporados; actualizar con el consolidado 2025 cuando se publique.
dip-campitelli-celia,Celia Campitelli,Diputados nacionales,Diputado/a nacional,Santiago Del Estero,UNIÓN POR LA PATRIA,presentacion_2025_2026_localizada,https://www.hcdn.gob.ar/institucional/transparencia/declaraciones_juradas/index.html,nombre_compatible_unico_en_oa,CAMPITELLI CELIA MARIA,2023|2024,identidad_confirmada_cruce_oficial,cerrado_publicable,2026-09-02,Trayectoria publicada con controles reproducibles.,1,Serie normalizada y contrafactuales incorporados; actualizar con el consolidado 2025 cuando se publique.
dip-campo-julieta-marisol,Julieta Marisol Campo,Diputados nacionales,Diputado/a nacional,Chaco,UNIÓN POR LA PATRIA,presentacion_2025_2026_localizada,https://www.hcdn.gob.ar/institucional/transparencia/declaraciones_juradas/index.html,nombre_compatible_unico_en_oa,CAMPO JULIETA MARISOL,2022|2023,revision_manual_identidad,freezado,2026-09-02,"Expansión pausada para priorizar profundidad analítica en las trayectorias ya publicadas. El freeze no equivale a descarte, incumplimiento ni patrimonio cero.",3,Resolver variaciones de nombre o identificador antes de usar importes.
dip-campora-lucia,Lucía Cámpora,Diputados nacionales,Diputado/a nacional,Ciudad De Buenos Aires,UNIÓN POR LA PATRIA,presentacion_2025_2026_localizada,https://www.hcdn.gob.ar/institucional/transparencia/declaraciones_juradas/index.html,sin_nombre_compatible_oa_2017_2024,,,sin_registro_oa_2017_2024,freezado,2026-09-02,"Expansión pausada para priorizar profundidad analítica en las trayectorias ya publicadas. El freeze no equivale a descarte, incumplimiento ni patrimonio cero.",5,"Buscar fuente del régimen actual y documentar publicado, reservado o no localizado."
dip-capozzi-sergio-eduardo,Sergio Eduardo Capozzi,Diputados nacionales,Diputado/a nacional,Rio Negro,PROVINCIAS UNIDAS,sin_presentacion_localizada_en_listados_2025_2026,https://www.hcdn.gob.ar/institucional/transparencia/declaraciones_juradas/index.html,nombre_compatible_unico_en_oa,CAPOZZI SERGIO EDUARDO,2022|2023|2024,revision_manual_identidad,freezado,2026-09-02,"Expansión pausada para priorizar profundidad analítica en las trayectorias ya publicadas. El freeze no equivale a descarte, incumplimiento ni patrimonio cero.",3,Resolver variaciones de nombre o identificador antes de usar importes.
dip-carignano-florencia,Florencia Carignano,Diputados nacionales,Diputado/a nacional,Santa Fe,UNIÓN POR LA PATRIA,sin_presentacion_localizada_en_listados_2025_2026,https://www.hcdn.gob.ar/institucional/transparencia/declaraciones_juradas/index.html,sin_nombre_compatible_oa_2017_2024,,,sin_registro_oa_2017_2024,freezado,2026-09-02,"Expansión pausada para priorizar profundidad analítica en las trayectorias ya publicadas. El freeze no equivale a descarte, incumplimiento ni patrimonio cero.",5,"Buscar fuente del régimen actual y documentar publicado, reservado o no localizado."
dip-carrancio-alejandro,Alejandro Carrancio,Diputados nacionales,Diputado/a nacional,Buenos Aires,LA LIBERTAD AVANZA,presentacion_2025_2026_localizada,https://www.hcdn.gob.ar/institucional/transparencia/declaraciones_juradas/index.html,sin_nombre_compatible_oa_2017_2024,,,sin_registro_oa_2017_2024,freezado,2026-09-02,"Expansión pausada para priorizar profundidad analítica en las trayectorias ya publicadas. El freeze no equivale a descarte, incumplimiento ni patrimonio cero.",5,"Buscar fuente del régimen actual y documentar publicado, reservado o no localizado."
dip-casas-sergio-guillermo,Sergio Guillermo Casas,Diputados nacionales,Diputado/a nacional,La Rioja,UNIÓN POR LA PATRIA,sin_presentacion_localizada_en_listados_2025_2026,https://www.hcdn.gob.ar/institucional/transparencia/declaraciones_juradas/index.html,nombre_compatible_unico_en_oa,CASAS SERGIO GUILLERMO,2022,revision_manual_identidad,freezado,2026-09-02,"Expansión pausada para priorizar profundidad analítica en las trayectorias ya publicadas. El freeze no equivale a descarte, incumplimiento ni patrimonio cero.",3,Resolver variaciones de nombre o identificador antes de usar importes.
dip-castagneto-carlos-daniel,Carlos Daniel Castagneto,Diputados nacionales,Diputado/a nacional,Buenos Aires,UNIÓN POR LA PATRIA,presentacion_2025_2026_localizada,https://www.hcdn.gob.ar/institucional/transparencia/declaraciones_juradas/index.html,nombre_compatible_unico_en_oa,CASTAGNETO CARLOS DANIEL,2017|2018|2019|2020|2021|2022|2023|2024,identidad_confirmada_cruce_oficial,cerrado_publicable,2026-09-02,Trayectoria publicada con controles reproducibles.,1,Serie normalizada y contrafactuales incorporados; actualizar con el consolidado 2025 cuando se publique.
dip-castelnuovo-giselle,Giselle Castelnuovo,Diputados nacionales,Diputado/a nacional,Buenos Aires,LA LIBERTAD AVANZA,presentacion_2025_2026_localizada,https://www.hcdn.gob.ar/institucional/transparencia/declaraciones_juradas/index.html,nombre_compatible_unico_en_oa,CASTELNUOVO GISELLE,2017|2018|2019|2024,revision_manual_identidad,freezado,2026-09-02,"Expansión pausada para priorizar profundidad analítica en las trayectorias ya publicadas. El freeze no equivale a descarte, incumplimiento ni patrimonio cero.",3,Resolver variaciones de nombre o identificador antes de usar importes.
dip-chica-jorge,Jorge Chica,Diputados nacionales,Diputado/a nacional,San Juan,UNIÓN POR LA PATRIA,sin_presentacion_localizada_en_listados_2025_2026,https://www.hcdn.gob.ar/institucional/transparencia/declaraciones_juradas/index.html,sin_nombre_compatible_oa_2017_2024,,,sin_registro_oa_2017_2024,freezado,2026-09-02,"Expansión pausada para priorizar profundidad analítica en las trayectorias ya publicadas. El freeze no equivale a descarte, incumplimiento ni patrimonio cero.",5,"Buscar fuente del régimen actual y documentar publicado, reservado o no localizado."
dip-chiconi-abel,Abel Chiconi,Diputados nacionales,Diputado/a nacional,San Juan,LA LIBERTAD AVANZA,sin_presentacion_localizada_en_listados_2025_2026,https://www.hcdn.gob.ar/institucional/transparencia/declaraciones_juradas/index.html,sin_nombre_compatible_oa_2017_2024,,,sin_registro_oa_2017_2024,freezado,2026-09-02,"Expansión pausada para priorizar profundidad analítica en las trayectorias ya publicadas. El freeze no equivale a descarte, incumplimiento ni patrimonio cero.",5,"Buscar fuente del régimen actual y documentar publicado, reservado o no localizado."
dip-cipolini-gerardo,Gerardo Cipolini,Diputados nacionales,Diputado/a nacional,Chaco,UCR - UNIÓN CÍVICA RADICAL,sin_presentacion_localizada_en_listados_2025_2026,https://www.hcdn.gob.ar/institucional/transparencia/declaraciones_juradas/index.html,nombre_compatible_unico_en_oa,CIPOLINI GERARDO,2018|2019|2020|2021|2022,revision_manual_identidad,freezado,2026-09-02,"Expansión pausada para priorizar profundidad analítica en las trayectorias ya publicadas. El freeze no equivale a descarte, incumplimiento ni patrimonio cero.",3,Resolver variaciones de nombre o identificador antes de usar importes.
dip-cisneros-carlos,Carlos Cisneros,Diputados nacionales,Diputado/a nacional,Tucuman,UNIÓN POR LA PATRIA,presentacion_2025_2026_localizada,https://www.hcdn.gob.ar/institucional/transparencia/declaraciones_juradas/index.html,nombre_compatible_unico_en_oa,CISNEROS CARLOS ANIBAL,2019|2020|2021|2022|2023|2024,identidad_confirmada_cruce_oficial,cerrado_publicable,2026-09-02,Trayectoria publicada con controles reproducibles.,1,Serie normalizada y contrafactuales incorporados; actualizar con el consolidado 2025 cuando se publique.
dip-coletta-mariela,Mariela Coletta,Diputados nacionales,Diputado/a nacional,Ciudad De Buenos Aires,PROVINCIAS UNIDAS,sin_presentacion_localizada_en_listados_2025_2026,https://www.hcdn.gob.ar/institucional/transparencia/declaraciones_juradas/index.html,nombre_compatible_unico_en_oa,COLETTA MARIELA GISELLE,2022|2023|2024,revision_manual_identidad,freezado,2026-09-02,"Expansión pausada para priorizar profundidad analítica en las trayectorias ya publicadas. El freeze no equivale a descarte, incumplimiento ni patrimonio cero.",3,Resolver variaciones de nombre o identificador antes de usar importes.
dip-correa-llano-facundo,Facundo Correa Llano,Diputados nacionales,Diputado/a nacional,Mendoza,LA LIBERTAD AVANZA,presentacion_2025_2026_localizada,https://www.hcdn.gob.ar/institucional/transparencia/declaraciones_juradas/index.html,nombre_compatible_unico_en_oa,CORREA LLANO FACUNDO,2022|2023|2024,identidad_confirmada_cruce_oficial,cerrado_publicable,2026-09-02,Trayectoria publicada con controles reproducibles.,1,Serie normalizada y contrafactuales incorporados; actualizar con el consolidado 2025 cuando se publique.
dip-daives-ricardo,Ricardo Daives,Diputados nacionales,Diputado/a nacional,Santiago Del Estero,UNIÓN POR LA PATRIA,presentacion_2025_2026_localizada,https://www.hcdn.gob.ar/institucional/transparencia/declaraciones_juradas/index.html,nombre_compatible_unico_en_oa,DAIVES RICARDO DANIEL,2018|2019|2020|2021|2022|2023|2024,identidad_confirmada_cruce_oficial,cerrado_publicable,2026-09-02,Trayectoria publicada con controles reproducibles.,4,Serie normalizada y contrafactuales incorporados; actualizar con el consolidado 2025 cuando se publique.
dip-de-andreis-fernando,Fernando de Andreis,Diputados nacionales,Diputado/a nacional,Ciudad De Buenos Aires,PRO,presentacion_2025_2026_localizada,https://www.hcdn.gob.ar/institucional/transparencia/declaraciones_juradas/index.html,nombre_compatible_unico_en_oa,DE ANDREIS FERNANDO,2017|2018|2019|2024,identidad_confirmada_cruce_oficial,cerrado_publicable,2026-09-02,Trayectoria publicada con controles reproducibles.,2,Serie normalizada y contrafactuales incorporados; actualizar con el consolidado 2025 cuando se publique.
dip-de-la-rosa-maria-graciela,María Graciela de la Rosa,Diputados nacionales,Diputado/a nacional,Formosa,UNIÓN POR LA PATRIA,presentacion_2025_2026_localizada,https://www.hcdn.gob.ar/institucional/transparencia/declaraciones_juradas/index.html,nombre_compatible_unico_en_oa,DE LA ROSA MARIA GRACIELA,2017|2018|2019|2020|2021|2022|2023|2024,revision_manual_identidad,freezado,2026-09-02,"Expansión pausada para priorizar profundidad analítica en las trayectorias ya publicadas. El freeze no equivale a descarte, incumplimiento ni patrimonio cero.",3,Resolver variaciones de nombre o identificador antes de usar importes.
dip-de-la-sota-natalia,Natalia de la Sota,Diputados nacionales,Diputado/a nacional,Cordoba,DEFENDAMOS CÓRDOBA,presentacion_2025_2026_localizada,https://www.hcdn.gob.ar/institucional/transparencia/declaraciones_juradas/index.html,nombre_compatible_unico_en_oa,DE LA SOTA NATALIA,2021|2022|2023|2024,identidad_confirmada_cruce_oficial,cerrado_publicable,2026-09-02,Trayectoria publicada con controles reproducibles.,3,Serie normalizada y contrafactuales incorporados; actualizar con el consolidado 2025 cuando se publique.
dip-de-sensi-maria-florencia,María Florencia De Sensi,Diputados nacionales,Diputado/a nacional,Buenos Aires,PRO,presentacion_2025_2026_localizada,https://www.hcdn.gob.ar/institucional/transparencia/declaraciones_juradas/index.html,nombre_compatible_unico_en_oa,DE SENSI MARIA FLORENCIA,2018|2020|2023|2024,identidad_confirmada_cruce_oficial,cerrado_publicable,2026-09-02,Trayectoria publicada con controles reproducibles.,3,Serie normalizada y contrafactuales incorporados; actualizar con el consolidado 2025 cuando se publique.
dip-del-cano-nicolas,Nicolás del Caño,Diputados nacionales,Diputado/a nacional,Buenos Aires,PTS-FRENTE DE IZQUIERDA Y DE TRABAJADORES UNIDAD,presentacion_2025_2026_localizada,https://www.hcdn.gob.ar/institucional/transparencia/declaraciones_juradas/index.html,nombre_compatible_unico_en_oa,DEL CAÑO NICOLAS,2017|2018|2019|2020|2021|2022|2023|2024,identidad_confirmada_cruce_oficial,cerrado_publicable,2026-09-02,Trayectoria publicada con controles reproducibles.,3,Serie normalizada y contrafactuales incorporados; actualizar con el consolidado 2025 cuando se publique.
dip-del-pla-romina,Romina Del Plá,Diputados nacionales,Diputado/a nacional,Buenos Aires,PARTIDO OBRERO EN EL FRENTE DE IZQUIERDA Y DE TRABAJADORES-UNIDAD,presentacion_2025_2026_localizada,https://www.hcdn.gob.ar/institucional/transparencia/declaraciones_juradas/index.html,nombre_compatible_unico_en_oa,DEL PLA ROMINA,2017|2018|2019|2020|2021|2023|2024,identidad_confirmada_cruce_oficial,cerrado_publicable,2026-09-02,Trayectoria publicada con controles reproducibles.,4,Serie normalizada y contrafactuales incorporados; actualizar con el consolidado 2025 cuando se publique.
dip-diaz-fernanda,Fernanda Díaz,Diputados nacionales,Diputado/a nacional,Buenos Aires,UNIÓN POR LA PATRIA,presentacion_2025_2026_localizada,https://www.hcdn.gob.ar/institucional/transparencia/declaraciones_juradas/index.html,nombre_compatible_unico_en_oa,DIAZ FERNANDA,2024,identidad_confirmada_cruce_oficial,cerrado_publicable,2026-09-02,Trayectoria publicada con controles reproducibles.,2,Serie normalizada y contrafactuales incorporados; actualizar con el consolidado 2025 cuando se publique.
dip-diez-romina,Romina Diez,Diputados nacionales,Diputado/a nacional,Santa Fe,LA LIBERTAD AVANZA,sin_presentacion_localizada_en_listados_2025_2026,https://www.hcdn.gob.ar/institucional/transparencia/declaraciones_juradas/index.html,sin_nombre_compatible_oa_2017_2024,,,sin_registro_oa_2017_2024,freezado,2026-09-02,"Expansión pausada para priorizar profundidad analítica en las trayectorias ya publicadas. El freeze no equivale a descarte, incumplimiento ni patrimonio cero.",5,"Buscar fuente del régimen actual y documentar publicado, reservado o no localizado."
dip-dolce-sergio,Sergio Dolce,Diputados nacionales,Diputado/a nacional,Chaco,UNIÓN POR LA PATRIA,presentacion_2025_2026_localizada,https://www.hcdn.gob.ar/institucional/transparencia/declaraciones_juradas/index.html,sin_nombre_compatible_oa_2017_2024,,,sin_registro_oa_2017_2024,freezado,2026-09-02,"Expansión pausada para priorizar profundidad analítica en las trayectorias ya publicadas. El freeze no equivale a descarte, incumplimiento ni patrimonio cero.",5,"Buscar fuente del régimen actual y documentar publicado, reservado o no localizado."
dip-emma-nicolas,Nicolás Emma,Diputados nacionales,Diputado/a nacional,Ciudad De Buenos Aires,LA LIBERTAD AVANZA,presentacion_2025_2026_localizada,https://www.hcdn.gob.ar/institucional/transparencia/declaraciones_juradas/index.html,nombre_compatible_unico_en_oa,EMMA NICOLAS MARIO,2023|2024,identidad_confirmada_cruce_oficial,cerrado_publicable,2026-09-02,Trayectoria publicada con controles reproducibles.,3,Serie normalizada y contrafactuales incorporados; actualizar con el consolidado 2025 cuando se publique.
dip-estevez-gabriela-beatriz,Gabriela Beatriz Estévez,Diputados nacionales,Diputado/a nacional,Cordoba,UNIÓN POR LA PATRIA,presentacion_2025_2026_localizada,https://www.hcdn.gob.ar/institucional/transparencia/declaraciones_juradas/index.html,nombre_compatible_unico_en_oa,ESTEVEZ GABRIELA BEATRIZ,2017|2018|2019|2020|2021|2022|2023|2024,identidad_confirmada_cruce_oficial,cerrado_publicable,2026-09-02,Trayectoria publicada con controles reproducibles.,2,Serie normalizada y contrafactuales incorporados; actualizar con el consolidado 2025 cuando se publique.
dip-falcone-eduardo,Eduardo Falcone,Diputados nacionales,Diputado/a nacional,Buenos Aires,MID - MOVIMIENTO DE INTEGRACIÓN Y DESARROLLO,sin_presentacion_localizada_en_listados_2025_2026,https://www.hcdn.gob.ar/institucional/transparencia/declaraciones_juradas/index.html,nombre_compatible_unico_en_oa,FALCONE EDUARDO GABRIEL,2022|2023,revision_manual_identidad,freezado,2026-09-02,"Expansión pausada para priorizar profundidad analítica en las trayectorias ya publicadas. El freeze no equivale a descarte, incumplimiento ni patrimonio cero.",3,Resolver variaciones de nombre o identificador antes de usar importes.
dip-fargosi-alejandro,Alejandro Fargosi,Diputados nacionales,Diputado/a nacional,Ciudad De Buenos Aires,LA LIBERTAD AVANZA,presentacion_2025_2026_localizada,https://www.hcdn.gob.ar/institucional/transparencia/declaraciones_juradas/index.html,nombre_compatible_unico_en_oa,FARGOSI ALEJANDRO EDUARDO,2024,identidad_confirmada_cruce_oficial,cerrado_publicable,2026-09-02,Trayectoria publicada con controles reproducibles.,1,Serie normalizada y contrafactuales incorporados; actualizar con el consolidado 2025 cuando se publique.
dip-farias-pablo,Pablo Farías,Diputados nacionales,Diputado/a nacional,Santa Fe,PROVINCIAS UNIDAS,presentacion_2025_2026_localizada,https://www.hcdn.gob.ar/institucional/transparencia/declaraciones_juradas/index.html,coincidencia_multiple_revisar_homonimia,FARIAS PABLO ADRIAN | FARIAS PABLO ANDRES | FARIAS PABLO GUSTAVO,2017|2018|2019|2020|2021|2022|2023|2024,identidad_confirmada_cruce_oficial,cerrado_publicable,2026-09-02,Trayectoria publicada con controles reproducibles.,13,Serie normalizada y contrafactuales incorporados; actualizar con el consolidado 2025 cuando se publique.
dip-felix-emir,Emir Félix,Diputados nacionales,Diputado/a nacional,Mendoza,UNIÓN POR LA PATRIA,sin_presentacion_localizada_en_listados_2025_2026,https://www.hcdn.gob.ar/institucional/transparencia/declaraciones_juradas/index.html,nombre_compatible_unico_en_oa,FELIX EMIR ROBERTO,2024,revision_manual_identidad,freezado,2026-09-02,"Expansión pausada para priorizar profundidad analítica en las trayectorias ya publicadas. El freeze no equivale a descarte, incumplimiento ni patrimonio cero.",3,Resolver variaciones de nombre o identificador antes de usar importes.
dip-fernandez-jorge,Jorge Fernández,Diputados nacionales,Diputado/a nacional,San Luis,PRIMERO SAN LUIS,presentacion_2025_2026_localizada,https://www.hcdn.gob.ar/institucional/transparencia/declaraciones_juradas/index.html,coincidencia_multiple_revisar_homonimia,FERNANDEZ JORGE | FERNANDEZ JORGE ABEL | FERNANDEZ JORGE ADRIAN | FERNANDEZ JORGE ALBERTO | FERNANDEZ JORGE ALEJANDRO | FERNANDEZ JORGE ANDRES | FERNANDEZ JORGE DAMIAN | FERNANDEZ JORGE DANIEL | FERNANDEZ JORGE EDUARDO | FERNANDEZ JORGE OSCAR | FERNANDEZ JORGE RAFAEL | FERNANDEZ JORGE RAUL | FERNANDEZ JORGE RAUL FERNANDO | FERNANDEZ JORGE RENATO | FERNANDEZ JORGE RUBEN,2017|2018|2019|2020|2021|2022|2023|2024,sin_registro_oa_2017_2024_identidad_desambiguada,freezado,2026-09-02,"Expansión pausada para priorizar profundidad analítica en las trayectorias ya publicadas. El freeze no equivale a descarte, incumplimiento ni patrimonio cero.",16,"La identidad oficial descarta todas las claves OA nominales recuperadas; buscar la DDJJ del régimen actual sin atribuir cifras de homónimos. El registro electoral de San Luis identifica a Jorge Omar Fernández, Gato, con documento. La comparación reservada no coincide con ninguna de las 19 claves OA candidatas, incluida FERNANDEZ JORGE."
dip-fernandez-elia-marina,Elia Marina Fernández,Diputados nacionales,Diputado/a nacional,Tucuman,INDEPENDENCIA,presentacion_2025_2026_localizada,https://www.hcdn.gob.ar/institucional/transparencia/declaraciones_juradas/index.html,nombre_compatible_unico_en_oa,FERNANDEZ ELIA MARINA,2023|2024,identidad_confirmada_cruce_oficial,cerrado_publicable,2026-09-02,Trayectoria publicada con controles reproducibles.,1,Serie normalizada y contrafactuales incorporados; actualizar con el consolidado 2025 cuando se publique.
dip-fernandez-molero-daiana,Daiana Fernández Molero,Diputados nacionales,Diputado/a nacional,Ciudad De Buenos Aires,PRO,presentacion_2025_2026_localizada,https://www.hcdn.gob.ar/institucional/transparencia/declaraciones_juradas/index.html,nombre_compatible_unico_en_oa,FERNANDEZ MOLERO DAIANA,2017|2018|2019|2022|2023|2024,identidad_confirmada_cruce_oficial,cerrado_publicable,2026-09-02,Trayectoria publicada con controles reproducibles.,1,Serie normalizada y contrafactuales incorporados; actualizar con el consolidado 2025 cuando se publique.
dip-ferran-abelardo,Abelardo Ferrán,Diputados nacionales,Diputado/a nacional,La Pampa,UNIÓN POR LA PATRIA,presentacion_2025_2026_localizada,https://www.hcdn.gob.ar/institucional/transparencia/declaraciones_juradas/index.html,nombre_compatible_unico_en_oa,FERRAN ABELARDO MARIO,2017|2018|2019|2020|2021|2022|2023|2024,revision_manual_identidad,freezado,2026-09-02,"Expansión pausada para priorizar profundidad analítica en las trayectorias ya publicadas. El freeze no equivale a descarte, incumplimiento ni patrimonio cero.",3,Resolver variaciones de nombre o identificador antes de usar importes.
dip-ferraro-maximiliano,Maximiliano Ferraro,Diputados nacionales,Diputado/a nacional,Ciudad De Buenos Aires,COALICION CIVICA,presentacion_2025_2026_localizada,https://www.hcdn.gob.ar/institucional/transparencia/declaraciones_juradas/index.html,nombre_compatible_unico_en_oa,FERRARO MAXIMILIANO,2018|2019|2020|2021|2022|2023|2024,identidad_confirmada_cruce_oficial,cerrado_publicable,2026-09-02,Trayectoria publicada con controles reproducibles.,3,Serie normalizada y contrafactuales incorporados; actualizar con el consolidado 2025 cuando se publique.
dip-ferreyra-alida,Alida Ferreyra,Diputados nacionales,Diputado/a nacional,Ciudad De Buenos Aires,LA LIBERTAD AVANZA,sin_presentacion_localizada_en_listados_2025_2026,https://www.hcdn.gob.ar/institucional/transparencia/declaraciones_juradas/index.html,nombre_compatible_unico_en_oa,FERREYRA ALIDA MONICA,2022|2023|2024,revision_manual_identidad,freezado,2026-09-02,"Expansión pausada para priorizar profundidad analítica en las trayectorias ya publicadas. El freeze no equivale a descarte, incumplimiento ni patrimonio cero.",3,Resolver variaciones de nombre o identificador antes de usar importes.
dip-figliuolo-sergio,Sergio Figliuolo,Diputados nacionales,Diputado/a nacional,Buenos Aires,LA LIBERTAD AVANZA,presentacion_2025_2026_localizada,https://www.hcdn.gob.ar/institucional/transparencia/declaraciones_juradas/index.html,sin_nombre_compatible_oa_2017_2024,,,sin_registro_oa_2017_2024,freezado,2026-09-02,"Expansión pausada para priorizar profundidad analítica en las trayectorias ya publicadas. El freeze no equivale a descarte, incumplimiento ni patrimonio cero.",5,"Buscar fuente del régimen actual y documentar publicado, reservado o no localizado."
dip-finocchiaro-alejandro,Alejandro Finocchiaro,Diputados nacionales,Diputado/a nacional,Buenos Aires,PRO,presentacion_2025_2026_localizada,https://www.hcdn.gob.ar/institucional/transparencia/declaraciones_juradas/index.html,nombre_compatible_unico_en_oa,FINOCCHIARO ALEJANDRO OSCAR,2017|2018|2019|2020|2021|2022|2023|2024,identidad_confirmada_cruce_oficial,cerrado_publicable,2026-09-02,Trayectoria publicada con controles reproducibles.,1,Serie normalizada y contrafactuales incorporados; actualizar con el consolidado 2025 cuando se publique.
dip-flores-maria-gabriela,Maria Gabriela Flores,Diputados nacionales,Diputado/a nacional,Salta,LA LIBERTAD AVANZA,sin_presentacion_localizada_en_listados_2025_2026,https://www.hcdn.gob.ar/institucional/transparencia/declaraciones_juradas/index.html,sin_nombre_compatible_oa_2017_2024,,,sin_registro_oa_2017_2024,freezado,2026-09-02,"Expansión pausada para priorizar profundidad analítica en las trayectorias ya publicadas. El freeze no equivale a descarte, incumplimiento ni patrimonio cero.",5,"Buscar fuente del régimen actual y documentar publicado, reservado o no localizado."
dip-frade-monica,Mónica Frade,Diputados nacionales,Diputado/a nacional,Buenos Aires,COALICION CIVICA,presentacion_2025_2026_localizada,https://www.hcdn.gob.ar/institucional/transparencia/declaraciones_juradas/index.html,nombre_compatible_unico_en_oa,FRADE MONICA EDITH,2018|2019|2020|2021|2022|2023|2024,identidad_confirmada_cruce_oficial,cerrado_publicable,2026-09-02,Trayectoria publicada con controles reproducibles.,3,Serie normalizada y contrafactuales incorporados; actualizar con el consolidado 2025 cuando se publique.
dip-fregonese-alicia,Alicia Fregonese,Diputados nacionales,Diputado/a nacional,Entre Rios,PRO,presentacion_2025_2026_localizada,https://www.hcdn.gob.ar/institucional/transparencia/declaraciones_juradas/index.html,nombre_compatible_unico_en_oa,FREGONESE ALICIA MARIA,2017|2018|2019|2020|2021,identidad_confirmada_cruce_oficial,cerrado_publicable,2026-09-02,Trayectoria publicada con controles reproducibles.,1,Serie normalizada y contrafactuales incorporados; actualizar con el consolidado 2025 cuando se publique.
dip-freites-andrea,Andrea Freites,Diputados nacionales,Diputado/a nacional,Tierra Del Fuego,UNIÓN POR LA PATRIA,presentacion_2025_2026_localizada,https://www.hcdn.gob.ar/institucional/transparencia/declaraciones_juradas/index.html,nombre_compatible_unico_en_oa,FREITES ANDREA GRACIELA,2023,identidad_confirmada_cruce_oficial,cerrado_publicable,2026-09-02,Trayectoria publicada con controles reproducibles.,1,Serie normalizada y contrafactuales incorporados; actualizar con el consolidado 2025 cuando se publique.
dip-frias-maira,Maira Frias,Diputados nacionales,Diputado/a nacional,Chubut,LA LIBERTAD AVANZA,presentacion_2025_2026_localizada,https://www.hcdn.gob.ar/institucional/transparencia/declaraciones_juradas/index.html,nombre_compatible_unico_en_oa,FRIAS MAIRA RAQUEL,2018|2024,identidad_confirmada_cruce_oficial,cerrado_publicable,2026-09-02,Trayectoria publicada con controles reproducibles.,3,Serie normalizada y contrafactuales incorporados; actualizar con el consolidado 2025 cuando se publique.
dip-gallardo-maria-virginia,María Virginia Gallardo,Diputados nacionales,Diputado/a nacional,Corrientes,LA LIBERTAD AVANZA,sin_presentacion_localizada_en_listados_2025_2026,https://www.hcdn.gob.ar/institucional/transparencia/declaraciones_juradas/index.html,sin_nombre_compatible_oa_2017_2024,,,sin_registro_oa_2017_2024,freezado,2026-09-02,"Expansión pausada para priorizar profundidad analítica en las trayectorias ya publicadas. El freeze no equivale a descarte, incumplimiento ni patrimonio cero.",5,"Buscar fuente del régimen actual y documentar publicado, reservado o no localizado."
dip-galmarini-sebastian,Sebastián Galmarini,Diputados nacionales,Diputado/a nacional,Buenos Aires,UNIÓN POR LA PATRIA,presentacion_2025_2026_localizada,https://www.hcdn.gob.ar/institucional/transparencia/declaraciones_juradas/index.html,nombre_compatible_unico_en_oa,GALMARINI SEBASTIAN,2021|2024,identidad_confirmada_cruce_oficial,cerrado_publicable,2026-09-02,Trayectoria publicada con controles reproducibles.,4,Serie normalizada y contrafactuales incorporados; actualizar con el consolidado 2025 cuando se publique.
dip-garcia-carlos,Carlos García,Diputados nacionales,Diputado/a nacional,Chaco,LA LIBERTAD AVANZA,sin_presentacion_localizada_en_listados_2025_2026,https://www.hcdn.gob.ar/institucional/transparencia/declaraciones_juradas/index.html,coincidencia_multiple_revisar_homonimia,GARCIA CARLOS ALBERO | GARCIA CARLOS ALBERTO | GARCIA CARLOS CESAR | GARCIA CARLOS CRISTOBAL | GARCIA CARLOS DANIEL | GARCIA CARLOS ENRIQUE | GARCIA CARLOS ESTEBAN | GARCIA CARLOS FABIAN | GARCIA CARLOS FAUSTINO | GARCIA CARLOS JOSE JAVIER | GARCIA CARLOS MARIA | GARCIA CARLOS MAURICIO | GARCIA CARLOS NORBERTO | GARCIA CARLOS OSCAR | GARCIA CARLOS RAMON,2017|2018|2019|2020|2021|2022|2023|2024,identidad_confirmada_cruce_oficial,cerrado_publicable,2026-09-02,Trayectoria publicada con controles reproducibles.,14,Serie normalizada y contrafactuales incorporados; actualizar con el consolidado 2025 cuando se publique.
dip-garcia-maria-teresa,María Teresa García,Diputados nacionales,Diputado/a nacional,Buenos Aires,UNIÓN POR LA PATRIA,sin_presentacion_localizada_en_listados_2025_2026,https://www.hcdn.gob.ar/institucional/transparencia/declaraciones_juradas/index.html,nombre_compatible_unico_en_oa,GARCIA MARIA TERESA,2017|2018|2019|2020|2021|2022|2023|2024,revision_manual_identidad,freezado,2026-09-02,"Expansión pausada para priorizar profundidad analítica en las trayectorias ya publicadas. El freeze no equivale a descarte, incumplimiento ni patrimonio cero.",3,Resolver variaciones de nombre o identificador antes de usar importes.
dip-garcia-alvaro,Álvaro García,Diputados nacionales,Diputado/a nacional,Buenos Aires,LA LIBERTAD AVANZA,presentacion_2025_2026_localizada,https://www.hcdn.gob.ar/institucional/transparencia/declaraciones_juradas/index.html,coincidencia_multiple_revisar_homonimia,GARCIA ALVARO | GARCIA ALVARO MARCELO | GARCIA ALVARO RODRIGO,2017|2018|2019|2020|2021|2022|2023|2024,identidad_confirmada_cruce_oficial,cerrado_publicable,2026-09-02,Trayectoria publicada con controles reproducibles.,17,Serie normalizada y contrafactuales incorporados; actualizar con el consolidado 2025 cuando se publique.
dip-garcia-aresca-ignacio,Ignacio García Aresca,Diputados nacionales,Diputado/a nacional,Cordoba,PROVINCIAS UNIDAS,presentacion_2025_2026_localizada,https://www.hcdn.gob.ar/institucional/transparencia/declaraciones_juradas/index.html,nombre_compatible_unico_en_oa,GARCIA ARESCA IGNACIO JOSE,2021|2022|2023,identidad_confirmada_cruce_oficial,cerrado_publicable,2026-09-02,Trayectoria publicada con controles reproducibles.,2,Serie normalizada y contrafactuales incorporados; actualizar con el consolidado 2025 cuando se publique.
dip-garrido-jose-luis,José Luis Garrido,Diputados nacionales,Diputado/a nacional,Santa Cruz,POR SANTA CRUZ,presentacion_2025_2026_localizada,https://www.hcdn.gob.ar/institucional/transparencia/declaraciones_juradas/index.html,nombre_compatible_unico_en_oa,GARRIDO JOSE LUIS,2023|2024,identidad_confirmada_cruce_oficial,cerrado_publicable,2026-09-02,Trayectoria publicada con controles reproducibles.,2,Serie normalizada y contrafactuales incorporados; actualizar con el consolidado 2025 cuando se publique.
dip-giampieri-antonela,Antonela Giampieri,Diputados nacionales,Diputado/a nacional,Ciudad De Buenos Aires,PRO,presentacion_2025_2026_localizada,https://www.hcdn.gob.ar/institucional/transparencia/declaraciones_juradas/index.html,nombre_compatible_unico_en_oa,GIAMPIERI ANTONELA,2024,revision_manual_identidad,freezado,2026-09-02,"Expansión pausada para priorizar profundidad analítica en las trayectorias ya publicadas. El freeze no equivale a descarte, incumplimiento ni patrimonio cero.",3,Resolver variaciones de nombre o identificador antes de usar importes.
dip-giordano-juan-carlos,Juan Carlos Giordano,Diputados nacionales,Diputado/a nacional,Buenos Aires,IZQUIERDA SOCIALISTA - FRENTE DE IZQUIERDA UNIDAD,presentacion_2025_2026_localizada,https://www.hcdn.gob.ar/institucional/transparencia/declaraciones_juradas/index.html,nombre_compatible_unico_en_oa,GIORDANO JUAN CARLOS,2017|2018|2019|2020|2021|2022|2023|2024,revision_manual_identidad,freezado,2026-09-02,"Expansión pausada para priorizar profundidad analítica en las trayectorias ya publicadas. El freeze no equivale a descarte, incumplimiento ni patrimonio cero.",3,Resolver variaciones de nombre o identificador antes de usar importes.
dip-giudici-silvana,Silvana Giudici,Diputados nacionales,Diputado/a nacional,Ciudad De Buenos Aires,LA LIBERTAD AVANZA,presentacion_2025_2026_localizada,https://www.hcdn.gob.ar/institucional/transparencia/declaraciones_juradas/index.html,nombre_compatible_unico_en_oa,GIUDICI SILVANA MYRIAM,2017|2018|2019|2020|2021|2022|2023|2024,identidad_confirmada_cruce_oficial,cerrado_publicable,2026-09-02,Trayectoria publicada con controles reproducibles.,4,Serie normalizada y contrafactuales incorporados; actualizar con el consolidado 2025 cuando se publique.
dip-giuliano-diego-a,Diego A. Giuliano,Diputados nacionales,Diputado/a nacional,Santa Fe,UNIÓN POR LA PATRIA,sin_presentacion_localizada_en_listados_2025_2026,https://www.hcdn.gob.ar/institucional/transparencia/declaraciones_juradas/index.html,sin_nombre_compatible_oa_2017_2024,,,sin_registro_oa_2017_2024,freezado,2026-09-02,"Expansión pausada para priorizar profundidad analítica en las trayectorias ya publicadas. El freeze no equivale a descarte, incumplimiento ni patrimonio cero.",5,"Buscar fuente del régimen actual y documentar publicado, reservado o no localizado."
dip-glinski-jose,José Glinski,Diputados nacionales,Diputado/a nacional,Chubut,UNIÓN POR LA PATRIA,presentacion_2025_2026_localizada,https://www.hcdn.gob.ar/institucional/transparencia/declaraciones_juradas/index.html,nombre_compatible_unico_en_oa,GLINSKI JOSE ALEJANDRO,2020|2021|2022|2023|2024,identidad_confirmada_cruce_oficial,cerrado_publicable,2026-09-02,Trayectoria publicada con controles reproducibles.,2,Serie normalizada y contrafactuales incorporados; actualizar con el consolidado 2025 cuando se publique.
dip-goitia-rosario,Rosario Goitia,Diputados nacionales,Diputado/a nacional,Chaco,LA LIBERTAD AVANZA,sin_presentacion_localizada_en_listados_2025_2026,https://www.hcdn.gob.ar/institucional/transparencia/declaraciones_juradas/index.html,sin_nombre_compatible_oa_2017_2024,,,sin_registro_oa_2017_2024,freezado,2026-09-02,"Expansión pausada para priorizar profundidad analítica en las trayectorias ya publicadas. El freeze no equivale a descarte, incumplimiento ni patrimonio cero.",5,"Buscar fuente del régimen actual y documentar publicado, reservado o no localizado."
dip-gomez-jose,José Gomez,Diputados nacionales,Diputado/a nacional,Santiago Del Estero,UNIÓN POR LA PATRIA,sin_presentacion_localizada_en_listados_2025_2026,https://www.hcdn.gob.ar/institucional/transparencia/declaraciones_juradas/index.html,coincidencia_multiple_revisar_homonimia,GOMEZ JOSE ALEJANDRO | GOMEZ JOSE DARIO | GOMEZ JOSE EDGARDO | GOMEZ JOSE ELIAS | GOMEZ JOSE GABRIEL | GOMEZ JOSE LUIS | GOMEZ JOSE MANUEL | GOMEZ JOSE NICOLAS | GOMEZ JOSE RAUL ENRIQUE,2017|2018|2019|2020|2021|2022|2023|2024,identidad_confirmada_cruce_oficial,cerrado_publicable,2026-09-02,Trayectoria publicada con controles reproducibles.,14,Serie normalizada y contrafactuales incorporados; actualizar con el consolidado 2025 cuando se publique.
dip-gonzales-alfredo,Alfredo Gonzales,Diputados nacionales,Diputado/a nacional,Jujuy,LA LIBERTAD AVANZA,presentacion_2025_2026_localizada,https://www.hcdn.gob.ar/institucional/transparencia/declaraciones_juradas/index.html,sin_nombre_compatible_oa_2017_2024,,,sin_registro_oa_2017_2024,freezado,2026-09-02,"Expansión pausada para priorizar profundidad analítica en las trayectorias ya publicadas. El freeze no equivale a descarte, incumplimiento ni patrimonio cero.",5,"Buscar fuente del régimen actual y documentar publicado, reservado o no localizado."
dip-gonzalez-gerardo-gustavo,Gerardo Gustavo González,Diputados nacionales,Diputado/a nacional,Formosa,ARGENTINA FEDERAL,presentacion_2025_2026_localizada,https://www.hcdn.gob.ar/institucional/transparencia/declaraciones_juradas/index.html,nombre_compatible_unico_en_oa,GONZALEZ GERARDO GUSTAVO,2022|2023|2024,identidad_confirmada_cruce_oficial,cerrado_publicable,2026-09-02,Trayectoria publicada con controles reproducibles.,2,Serie normalizada y contrafactuales incorporados; actualizar con el consolidado 2025 cuando se publique.
dip-gonzalez-diogenes-ignacio,Diógenes Ignacio González,Diputados nacionales,Diputado/a nacional,Corrientes,UCR - UNIÓN CÍVICA RADICAL,presentacion_2025_2026_localizada,https://www.hcdn.gob.ar/institucional/transparencia/declaraciones_juradas/index.html,sin_nombre_compatible_oa_2017_2024,,,sin_registro_oa_2017_2024,freezado,2026-09-02,"Expansión pausada para priorizar profundidad analítica en las trayectorias ya publicadas. El freeze no equivale a descarte, incumplimiento ni patrimonio cero.",5,"Buscar fuente del régimen actual y documentar publicado, reservado o no localizado."
dip-gonzalez-alvaro,Álvaro González,Diputados nacionales,Diputado/a nacional,Ciudad De Buenos Aires,PRO,presentacion_2025_2026_localizada,https://www.hcdn.gob.ar/institucional/transparencia/declaraciones_juradas/index.html,coincidencia_multiple_revisar_homonimia,GONZALEZ ALVARO ERNESTO | GONZALEZ ALVARO GUSTAVO,2017|2018|2019|2020|2021|2022|2023|2024,identidad_confirmada_cruce_oficial,cerrado_publicable,2026-09-02,Trayectoria publicada con controles reproducibles.,13,Serie normalizada y contrafactuales incorporados; actualizar con el consolidado 2025 cuando se publique.
dip-gonzalez-estevarena-maria-luisa,María Luisa González Estevarena,Diputados nacionales,Diputado/a nacional,Buenos Aires,LA LIBERTAD AVANZA,presentacion_2025_2026_localizada,https://www.hcdn.gob.ar/institucional/transparencia/declaraciones_juradas/index.html,sin_nombre_compatible_oa_2017_2024,,,sin_registro_oa_2017_2024,freezado,2026-09-02,"Expansión pausada para priorizar profundidad analítica en las trayectorias ya publicadas. El freeze no equivale a descarte, incumplimiento ni patrimonio cero.",5,"Buscar fuente del régimen actual y documentar publicado, reservado o no localizado."
dip-grabois-juan,Juan Grabois,Diputados nacionales,Diputado/a nacional,Buenos Aires,UNIÓN POR LA PATRIA,presentacion_2025_2026_localizada,https://www.hcdn.gob.ar/institucional/transparencia/declaraciones_juradas/index.html,nombre_compatible_unico_en_oa,GRABOIS JUAN,2024,revision_manual_identidad,freezado,2026-09-02,"Expansión pausada para priorizar profundidad analítica en las trayectorias ya publicadas. El freeze no equivale a descarte, incumplimiento ni patrimonio cero.",3,Resolver variaciones de nombre o identificador antes de usar importes.
dip-gruber-maura,Maura Gruber,Diputados nacionales,Diputado/a nacional,Misiones,LA LIBERTAD AVANZA,presentacion_2025_2026_localizada,https://www.hcdn.gob.ar/institucional/transparencia/declaraciones_juradas/index.html,nombre_compatible_unico_en_oa,GRUBER MAURA ESTER,2024,identidad_confirmada_cruce_oficial,cerrado_publicable,2026-09-02,Trayectoria publicada con controles reproducibles.,3,Serie normalizada y contrafactuales incorporados; actualizar con el consolidado 2025 cuando se publique.
dip-gutierrez-ramiro,Ramiro Gutiérrez,Diputados nacionales,Diputado/a nacional,Buenos Aires,UNIÓN POR LA PATRIA,sin_presentacion_localizada_en_listados_2025_2026,https://www.hcdn.gob.ar/institucional/transparencia/declaraciones_juradas/index.html,sin_nombre_compatible_oa_2017_2024,,,sin_registro_oa_2017_2024,freezado,2026-09-02,"Expansión pausada para priorizar profundidad analítica en las trayectorias ya publicadas. El freeze no equivale a descarte, incumplimiento ni patrimonio cero.",5,"Buscar fuente del régimen actual y documentar publicado, reservado o no localizado."
dip-gutierrez-carlos,Carlos Gutiérrez,Diputados nacionales,Diputado/a nacional,Cordoba,PROVINCIAS UNIDAS,sin_presentacion_localizada_en_listados_2025_2026,https://www.hcdn.gob.ar/institucional/transparencia/declaraciones_juradas/index.html,coincidencia_multiple_revisar_homonimia,GUTIERREZ CARLOS ANIBAL | GUTIERREZ CARLOS FABIAN | GUTIERREZ CARLOS JESUS | GUTIERREZ CARLOS JOAQUIN | GUTIERREZ CARLOS MARIO | GUTIERREZ CARLOS RAMIRO,2017|2018|2019|2020|2021|2022|2023|2024,identidad_confirmada_cruce_oficial,cerrado_publicable,2026-09-02,Trayectoria publicada con controles reproducibles.,14,Serie normalizada y contrafactuales incorporados; actualizar con el consolidado 2025 cuando se publique.
dip-guzman-jairo,Jairo Guzmán,Diputados nacionales,Diputado/a nacional,Santa Cruz,LA LIBERTAD AVANZA,presentacion_2025_2026_localizada,https://www.hcdn.gob.ar/institucional/transparencia/declaraciones_juradas/index.html,nombre_compatible_unico_en_oa,GUZMAN JAIRO HENOCH,2024,revision_manual_identidad,freezado,2026-09-02,"Expansión pausada para priorizar profundidad analítica en las trayectorias ya publicadas. El freeze no equivale a descarte, incumplimiento ni patrimonio cero.",3,Resolver variaciones de nombre o identificador antes de usar importes.
dip-hadad-raul,Raúl Hadad,Diputados nacionales,Diputado/a nacional,Corrientes,UNIÓN POR LA PATRIA,presentacion_2025_2026_localizada,https://www.hcdn.gob.ar/institucional/transparencia/declaraciones_juradas/index.html,sin_nombre_compatible_oa_2017_2024,,,sin_registro_oa_2017_2024,freezado,2026-09-02,"Expansión pausada para priorizar profundidad analítica en las trayectorias ya publicadas. El freeze no equivale a descarte, incumplimiento ni patrimonio cero.",5,"Buscar fuente del régimen actual y documentar publicado, reservado o no localizado."
dip-hagman-itai,Itai Hagman,Diputados nacionales,Diputado/a nacional,Ciudad De Buenos Aires,UNIÓN POR LA PATRIA,presentacion_2025_2026_localizada,https://www.hcdn.gob.ar/institucional/transparencia/declaraciones_juradas/index.html,nombre_compatible_unico_en_oa,HAGMAN ITAI,2018|2019|2020|2021|2022|2023|2024,identidad_confirmada_cruce_oficial,cerrado_publicable,2026-09-02,Trayectoria publicada con controles reproducibles.,2,Serie normalizada y contrafactuales incorporados; actualizar con el consolidado 2025 cuando se publique.
dip-hartfield-diego,Diego Hartfield,Diputados nacionales,Diputado/a nacional,Misiones,LA LIBERTAD AVANZA,presentacion_2025_2026_localizada,https://www.hcdn.gob.ar/institucional/transparencia/declaraciones_juradas/index.html,nombre_compatible_unico_en_oa,HARTFIELD DIEGO GABRIEL,2024,identidad_confirmada_cruce_oficial,cerrado_publicable,2026-09-02,Trayectoria publicada con controles reproducibles.,1,Serie normalizada y contrafactuales incorporados; actualizar con el consolidado 2025 cuando se publique.
dip-herrera-ahuad-oscar-a,Oscar A. Herrera Ahuad,Diputados nacionales,Diputado/a nacional,Misiones,ARGENTINA FEDERAL,presentacion_2025_2026_localizada,https://www.hcdn.gob.ar/institucional/transparencia/declaraciones_juradas/index.html,sin_nombre_compatible_oa_2017_2024,,,sin_registro_oa_2017_2024,freezado,2026-09-02,"Expansión pausada para priorizar profundidad analítica en las trayectorias ya publicadas. El freeze no equivale a descarte, incumplimiento ni patrimonio cero.",5,"Buscar fuente del régimen actual y documentar publicado, reservado o no localizado."
dip-holzman-patricia,Patricia Holzman,Diputados nacionales,Diputado/a nacional,Ciudad De Buenos Aires,LA LIBERTAD AVANZA,presentacion_2025_2026_localizada,https://www.hcdn.gob.ar/institucional/transparencia/declaraciones_juradas/index.html,nombre_compatible_unico_en_oa,HOLZMAN PATRICIA NOEMI,2017|2018|2019|2024,identidad_confirmada_cruce_oficial,cerrado_publicable,2026-09-02,Trayectoria publicada con controles reproducibles.,4,Serie normalizada y contrafactuales incorporados; actualizar con el consolidado 2025 cuando se publique.
dip-huesen-gerardo,Gerardo Huesen,Diputados nacionales,Diputado/a nacional,Tucuman,LA LIBERTAD AVANZA,sin_presentacion_localizada_en_listados_2025_2026,https://www.hcdn.gob.ar/institucional/transparencia/declaraciones_juradas/index.html,sin_nombre_compatible_oa_2017_2024,,,sin_registro_oa_2017_2024,freezado,2026-09-02,"Expansión pausada para priorizar profundidad analítica en las trayectorias ya publicadas. El freeze no equivale a descarte, incumplimiento ni patrimonio cero.",5,"Buscar fuente del régimen actual y documentar publicado, reservado o no localizado."
dip-humenuk-gladys,Gladys Humenuk,Diputados nacionales,Diputado/a nacional,Buenos Aires,LA LIBERTAD AVANZA,presentacion_2025_2026_localizada,https://www.hcdn.gob.ar/institucional/transparencia/declaraciones_juradas/index.html,nombre_compatible_unico_en_oa,HUMENUK GLADYS NOEMI,2022|2024,revision_manual_identidad,freezado,2026-09-02,"Expansión pausada para priorizar profundidad analítica en las trayectorias ya publicadas. El freeze no equivale a descarte, incumplimiento ni patrimonio cero.",3,Resolver variaciones de nombre o identificador antes de usar importes.
dip-ianni-ana-maria,Ana María Ianni,Diputados nacionales,Diputado/a nacional,Santa Cruz,UNIÓN POR LA PATRIA,presentacion_2025_2026_localizada,https://www.hcdn.gob.ar/institucional/transparencia/declaraciones_juradas/index.html,nombre_compatible_unico_en_oa,IANNI ANA MARIA,2017|2018|2019|2020|2021|2022|2023|2024,identidad_confirmada_cruce_oficial,cerrado_publicable,2026-09-02,Trayectoria publicada con controles reproducibles.,1,Serie normalizada y contrafactuales incorporados; actualizar con el consolidado 2025 cuando se publique.
dip-ibanez-maria-cecilia,María Cecilia Ibañez,Diputados nacionales,Diputado/a nacional,Cordoba,LA LIBERTAD AVANZA,presentacion_2025_2026_localizada,https://www.hcdn.gob.ar/institucional/transparencia/declaraciones_juradas/index.html,nombre_compatible_unico_en_oa,IBAÑEZ MARIA CECILIA,2023|2024,identidad_confirmada_cruce_oficial,cerrado_publicable,2026-09-02,Trayectoria publicada con controles reproducibles.,3,Serie normalizada y contrafactuales incorporados; actualizar con el consolidado 2025 cuando se publique.
dip-jaime-quiroga-carlos-gustavo,Carlos Gustavo Jaime Quiroga,Diputados nacionales,Diputado/a nacional,San Juan,PRODUCCION Y TRABAJO,presentacion_2025_2026_localizada,https://www.hcdn.gob.ar/institucional/transparencia/declaraciones_juradas/index.html,sin_nombre_compatible_oa_2017_2024,,,sin_registro_oa_2017_2024,freezado,2026-09-02,"Expansión pausada para priorizar profundidad analítica en las trayectorias ya publicadas. El freeze no equivale a descarte, incumplimiento ni patrimonio cero.",5,"Buscar fuente del régimen actual y documentar publicado, reservado o no localizado."
dip-juliano-pablo,Pablo Juliano,Diputados nacionales,Diputado/a nacional,Buenos Aires,PROVINCIAS UNIDAS,presentacion_2025_2026_localizada,https://www.hcdn.gob.ar/institucional/transparencia/declaraciones_juradas/index.html,nombre_compatible_unico_en_oa,JULIANO PABLO ADRIAN,2020|2023|2024,identidad_confirmada_cruce_oficial,cerrado_publicable,2026-09-02,Trayectoria publicada con controles reproducibles.,3,Serie normalizada y contrafactuales incorporados; actualizar con el consolidado 2025 cuando se publique.
dip-kirchner-maximo-carlos,Máximo Carlos Kirchner,Diputados nacionales,Diputado/a nacional,Buenos Aires,UNIÓN POR LA PATRIA,presentacion_2025_2026_localizada,https://www.hcdn.gob.ar/institucional/transparencia/declaraciones_juradas/index.html,nombre_compatible_unico_en_oa,KIRCHNER MAXIMO CARLOS,2017|2018|2019|2020|2021|2022|2023|2024,serie_curada,cerrado_publicable,2026-09-02,Trayectoria publicada con controles reproducibles.,0,Actualizar y profundizar la serie existente.
dip-lanesan-sancho-moira,Moira Lanesan Sancho,Diputados nacionales,Diputado/a nacional,Santa Cruz,UNIÓN POR LA PATRIA,presentacion_2025_2026_localizada,https://www.hcdn.gob.ar/institucional/transparencia/declaraciones_juradas/index.html,sin_nombre_compatible_oa_2017_2024,,,sin_registro_oa_2017_2024,freezado,2026-09-02,"Expansión pausada para priorizar profundidad analítica en las trayectorias ya publicadas. El freeze no equivale a descarte, incumplimiento ni patrimonio cero.",5,"Buscar fuente del régimen actual y documentar publicado, reservado o no localizado."
dip-laumann-andres-ariel,Andrés Ariel Laumann,Diputados nacionales,Diputado/a nacional,Entre Rios,LA LIBERTAD AVANZA,presentacion_2025_2026_localizada,https://www.hcdn.gob.ar/institucional/transparencia/declaraciones_juradas/index.html,sin_nombre_compatible_oa_2017_2024,,,sin_registro_oa_2017_2024,freezado,2026-09-02,"Expansión pausada para priorizar profundidad analítica en las trayectorias ya publicadas. El freeze no equivale a descarte, incumplimiento ni patrimonio cero.",5,"Buscar fuente del régimen actual y documentar publicado, reservado o no localizado."
dip-leiva-aldo,Aldo Leiva,Diputados nacionales,Diputado/a nacional,Chaco,UNIÓN POR LA PATRIA,sin_presentacion_localizada_en_listados_2025_2026,https://www.hcdn.gob.ar/institucional/transparencia/declaraciones_juradas/index.html,nombre_compatible_unico_en_oa,LEIVA ALDO ADOLFO,2018|2019|2020|2021|2022|2023|2024,revision_manual_identidad,freezado,2026-09-02,"Expansión pausada para priorizar profundidad analítica en las trayectorias ya publicadas. El freeze no equivale a descarte, incumplimiento ni patrimonio cero.",3,Resolver variaciones de nombre o identificador antes de usar importes.
dip-lemoine-lilia,Lilia Lemoine,Diputados nacionales,Diputado/a nacional,Buenos Aires,LA LIBERTAD AVANZA,sin_presentacion_localizada_en_listados_2025_2026,https://www.hcdn.gob.ar/institucional/transparencia/declaraciones_juradas/index.html,sin_nombre_compatible_oa_2017_2024,,,sin_registro_oa_2017_2024,freezado,2026-09-02,"Expansión pausada para priorizar profundidad analítica en las trayectorias ya publicadas. El freeze no equivale a descarte, incumplimiento ni patrimonio cero.",5,"Buscar fuente del régimen actual y documentar publicado, reservado o no localizado."
dip-leone-andres,Andrés Leone,Diputados nacionales,Diputado/a nacional,Ciudad De Buenos Aires,LA LIBERTAD AVANZA,presentacion_2025_2026_localizada,https://www.hcdn.gob.ar/institucional/transparencia/declaraciones_juradas/index.html,nombre_compatible_unico_en_oa,LEONE ANDRES MARCELO,2022|2024,identidad_confirmada_cruce_oficial,cerrado_publicable,2026-09-02,Trayectoria publicada con controles reproducibles.,1,Serie normalizada y contrafactuales incorporados; actualizar con el consolidado 2025 cuando se publique.
dip-llano-mercedes,Mercedes Llano,Diputados nacionales,Diputado/a nacional,Mendoza,LA LIBERTAD AVANZA,sin_presentacion_localizada_en_listados_2025_2026,https://www.hcdn.gob.ar/institucional/transparencia/declaraciones_juradas/index.html,sin_nombre_compatible_oa_2017_2024,,,sin_registro_oa_2017_2024,freezado,2026-09-02,"Expansión pausada para priorizar profundidad analítica en las trayectorias ya publicadas. El freeze no equivale a descarte, incumplimiento ni patrimonio cero.",5,"Buscar fuente del régimen actual y documentar publicado, reservado o no localizado."
dip-lluch-enrique,Enrique Lluch,Diputados nacionales,Diputado/a nacional,Cordoba,LA LIBERTAD AVANZA,presentacion_2025_2026_localizada,https://www.hcdn.gob.ar/institucional/transparencia/declaraciones_juradas/index.html,nombre_compatible_unico_en_oa,LLUCH ENRIQUE,2024,revision_manual_identidad,freezado,2026-09-02,"Expansión pausada para priorizar profundidad analítica en las trayectorias ya publicadas. El freeze no equivale a descarte, incumplimiento ni patrimonio cero.",3,Resolver variaciones de nombre o identificador antes de usar importes.
dip-longo-johanna-sabrina,Johanna Sabrina Longo,Diputados nacionales,Diputado/a nacional,Buenos Aires,LA LIBERTAD AVANZA,presentacion_2025_2026_localizada,https://www.hcdn.gob.ar/institucional/transparencia/declaraciones_juradas/index.html,nombre_compatible_unico_en_oa,LONGO JOHANNA SABRINA,2022|2024,identidad_confirmada_cruce_oficial,cerrado_publicable,2026-09-02,Trayectoria publicada con controles reproducibles.,2,Serie normalizada y contrafactuales incorporados; actualizar con el consolidado 2025 cuando se publique.
dip-lopez-jimena,Jimena López,Diputados nacionales,Diputado/a nacional,Buenos Aires,UNIÓN POR LA PATRIA,sin_presentacion_localizada_en_listados_2025_2026,https://www.hcdn.gob.ar/institucional/transparencia/declaraciones_juradas/index.html,sin_nombre_compatible_oa_2017_2024,,,sin_registro_oa_2017_2024,freezado,2026-09-02,"Expansión pausada para priorizar profundidad analítica en las trayectorias ya publicadas. El freeze no equivale a descarte, incumplimiento ni patrimonio cero.",5,"Buscar fuente del régimen actual y documentar publicado, reservado o no localizado."
dip-lopez-pasquali-cecilia,Cecilia López Pasquali,Diputados nacionales,Diputado/a nacional,Santiago Del Estero,UNIÓN POR LA PATRIA,presentacion_2025_2026_localizada,https://www.hcdn.gob.ar/institucional/transparencia/declaraciones_juradas/index.html,sin_nombre_compatible_oa_2017_2024,,,sin_registro_oa_2017_2024,freezado,2026-09-02,"Expansión pausada para priorizar profundidad analítica en las trayectorias ya publicadas. El freeze no equivale a descarte, incumplimiento ni patrimonio cero.",5,"Buscar fuente del régimen actual y documentar publicado, reservado o no localizado."
dip-lousteau-martin,Martín Lousteau,Diputados nacionales,Diputado/a nacional,Ciudad De Buenos Aires,PROVINCIAS UNIDAS,sin_presentacion_localizada_en_listados_2025_2026,https://www.hcdn.gob.ar/institucional/transparencia/declaraciones_juradas/index.html,nombre_compatible_unico_en_oa,LOUSTEAU MARTIN,2017|2018|2019|2020|2021|2022|2023|2024,revision_manual_identidad,freezado,2026-09-02,"Expansión pausada para priorizar profundidad analítica en las trayectorias ya publicadas. El freeze no equivale a descarte, incumplimiento ni patrimonio cero.",3,Resolver variaciones de nombre o identificador antes de usar importes.
dip-luque-juan-pablo,Juan Pablo Luque,Diputados nacionales,Diputado/a nacional,Chubut,UNIÓN POR LA PATRIA,presentacion_2025_2026_localizada,https://www.hcdn.gob.ar/institucional/transparencia/declaraciones_juradas/index.html,nombre_compatible_unico_en_oa,LUQUE JUAN PABLO,2020|2021|2022|2023|2024,revision_manual_identidad,freezado,2026-09-02,"Expansión pausada para priorizar profundidad analítica en las trayectorias ya publicadas. El freeze no equivale a descarte, incumplimiento ni patrimonio cero.",3,Resolver variaciones de nombre o identificador antes de usar importes.
dip-macyszyn-lorena,Lorena Macyszyn,Diputados nacionales,Diputado/a nacional,Buenos Aires,LA LIBERTAD AVANZA,sin_presentacion_localizada_en_listados_2025_2026,https://www.hcdn.gob.ar/institucional/transparencia/declaraciones_juradas/index.html,sin_nombre_compatible_oa_2017_2024,,,sin_registro_oa_2017_2024,freezado,2026-09-02,"Expansión pausada para priorizar profundidad analítica en las trayectorias ya publicadas. El freeze no equivale a descarte, incumplimiento ni patrimonio cero.",5,"Buscar fuente del régimen actual y documentar publicado, reservado o no localizado."
dip-mango-marcelo,Marcelo Mango,Diputados nacionales,Diputado/a nacional,Rio Negro,UNIÓN POR LA PATRIA,sin_presentacion_localizada_en_listados_2025_2026,https://www.hcdn.gob.ar/institucional/transparencia/declaraciones_juradas/index.html,sin_nombre_compatible_oa_2017_2024,,,sin_registro_oa_2017_2024,freezado,2026-09-02,"Expansión pausada para priorizar profundidad analítica en las trayectorias ya publicadas. El freeze no equivale a descarte, incumplimiento ni patrimonio cero.",5,"Buscar fuente del régimen actual y documentar publicado, reservado o no localizado."
dip-manrique-mario,Mario Manrique,Diputados nacionales,Diputado/a nacional,Buenos Aires,UNIÓN POR LA PATRIA,presentacion_2025_2026_localizada,https://www.hcdn.gob.ar/institucional/transparencia/declaraciones_juradas/index.html,nombre_compatible_unico_en_oa,MANRIQUE MARIO ROBERTO,2022|2023|2024,identidad_confirmada_cruce_oficial,cerrado_publicable,2026-09-02,Trayectoria publicada con controles reproducibles.,3,Serie normalizada y contrafactuales incorporados; actualizar con el consolidado 2025 cuando se publique.
dip-marclay-marianela,Marianela Marclay,Diputados nacionales,Diputado/a nacional,Entre Rios,UNIÓN POR LA PATRIA,sin_presentacion_localizada_en_listados_2025_2026,https://www.hcdn.gob.ar/institucional/transparencia/declaraciones_juradas/index.html,sin_nombre_compatible_oa_2017_2024,,,sin_registro_oa_2017_2024,freezado,2026-09-02,"Expansión pausada para priorizar profundidad analítica en las trayectorias ya publicadas. El freeze no equivale a descarte, incumplimiento ni patrimonio cero.",5,"Buscar fuente del régimen actual y documentar publicado, reservado o no localizado."
dip-marin-varinia-lis,Varinia Lis Marín,Diputados nacionales,Diputado/a nacional,La Pampa,UNIÓN POR LA PATRIA,presentacion_2025_2026_localizada,https://www.hcdn.gob.ar/institucional/transparencia/declaraciones_juradas/index.html,nombre_compatible_unico_en_oa,MARIN VARINIA LIS,2021|2022|2023|2024,identidad_confirmada_cruce_oficial,cerrado_publicable,2026-09-02,Trayectoria publicada con controles reproducibles.,4,Serie normalizada y contrafactuales incorporados; actualizar con el consolidado 2025 cuando se publique.
dip-marino-juan,Juan Marino,Diputados nacionales,Diputado/a nacional,Buenos Aires,UNIÓN POR LA PATRIA,presentacion_2025_2026_localizada,https://www.hcdn.gob.ar/institucional/transparencia/declaraciones_juradas/index.html,coincidencia_multiple_revisar_homonimia,MARINO JUAN | MARINO JUAN ANTONIO | MARINO JUAN CARLOS,2017|2018|2019|2022|2023|2024,identidad_confirmada_cruce_oficial,cerrado_publicable,2026-09-02,Trayectoria publicada con controles reproducibles.,13,Serie normalizada y contrafactuales incorporados; actualizar con el consolidado 2025 cuando se publique.
dip-martinez-german-pedro,Germán Pedro Martínez,Diputados nacionales,Diputado/a nacional,Santa Fe,UNIÓN POR LA PATRIA,presentacion_2025_2026_localizada,https://www.hcdn.gob.ar/institucional/transparencia/declaraciones_juradas/index.html,nombre_compatible_unico_en_oa,MARTINEZ GERMAN PEDRO,2018|2019|2020|2021|2022|2023|2024,identidad_confirmada_cruce_oficial,cerrado_publicable,2026-09-02,Trayectoria publicada con controles reproducibles.,2,Serie normalizada y contrafactuales incorporados; actualizar con el consolidado 2025 cuando se publique.
dip-martinez-alvaro,Álvaro Martínez,Diputados nacionales,Diputado/a nacional,Mendoza,LA LIBERTAD AVANZA,presentacion_2025_2026_localizada,https://www.hcdn.gob.ar/institucional/transparencia/declaraciones_juradas/index.html,nombre_compatible_unico_en_oa,MARTINEZ ALVARO FERNANDO,2020|2021|2022|2023|2024,identidad_confirmada_cruce_oficial,cerrado_publicable,2026-09-02,Trayectoria publicada con controles reproducibles.,1,Serie normalizada y contrafactuales incorporados; actualizar con el consolidado 2025 cuando se publique.
dip-massot-nicolas,Nicolás Massot,Diputados nacionales,Diputado/a nacional,Buenos Aires,ENCUENTRO FEDERAL,presentacion_2025_2026_localizada,https://www.hcdn.gob.ar/institucional/transparencia/declaraciones_juradas/index.html,nombre_compatible_unico_en_oa,MASSOT NICOLAS MARIA,2017|2018|2019|2023|2024,identidad_confirmada_cruce_oficial,cerrado_publicable,2026-09-02,Trayectoria publicada con controles reproducibles.,3,Serie normalizada y contrafactuales incorporados; actualizar con el consolidado 2025 cuando se publique.
dip-matzkin-martin,Martín Matzkin,Diputados nacionales,Diputado/a nacional,La Pampa,LA LIBERTAD AVANZA,presentacion_2025_2026_localizada,https://www.hcdn.gob.ar/institucional/transparencia/declaraciones_juradas/index.html,nombre_compatible_unico_en_oa,MATZKIN MARTIN,2017|2018|2019|2020|2021|2022|2023|2024,revision_manual_identidad,freezado,2026-09-02,"Expansión pausada para priorizar profundidad analítica en las trayectorias ya publicadas. El freeze no equivale a descarte, incumplimiento ni patrimonio cero.",3,Resolver variaciones de nombre o identificador antes de usar importes.
dip-maureira-karina,Karina Maureira,Diputados nacionales,Diputado/a nacional,Neuquen,LA NEUQUINIDAD,presentacion_2025_2026_localizada,https://www.hcdn.gob.ar/institucional/transparencia/declaraciones_juradas/index.html,nombre_compatible_unico_en_oa,MAUREIRA KARINA ALEJANDRA,2024,identidad_confirmada_cruce_oficial,cerrado_publicable,2026-09-02,Trayectoria publicada con controles reproducibles.,2,Serie normalizada y contrafactuales incorporados; actualizar con el consolidado 2025 cuando se publique.
dip-mayoraz-nicolas,Nicolás Mayoraz,Diputados nacionales,Diputado/a nacional,Santa Fe,LA LIBERTAD AVANZA,presentacion_2025_2026_localizada,https://www.hcdn.gob.ar/institucional/transparencia/declaraciones_juradas/index.html,nombre_compatible_unico_en_oa,MAYORAZ NICOLAS FERNANDO,2022|2023|2024,identidad_confirmada_cruce_oficial,cerrado_publicable,2026-09-02,Trayectoria publicada con controles reproducibles.,3,Serie normalizada y contrafactuales incorporados; actualizar con el consolidado 2025 cuando se publique.
dip-medina-gladys,Gladys Medina,Diputados nacionales,Diputado/a nacional,Tucuman,INDEPENDENCIA,presentacion_2025_2026_localizada,https://www.hcdn.gob.ar/institucional/transparencia/declaraciones_juradas/index.html,nombre_compatible_unico_en_oa,MEDINA GLADYS DEL VALLE,2017|2018|2019|2020|2023|2024,identidad_confirmada_cruce_oficial,cerrado_publicable,2026-09-02,Trayectoria publicada con controles reproducibles.,2,Serie normalizada y contrafactuales incorporados; actualizar con el consolidado 2025 cuando se publique.
dip-menem-martin,Martín Menem,Diputados nacionales,Diputado/a nacional,La Rioja,LA LIBERTAD AVANZA,presentacion_2025_2026_localizada,https://www.hcdn.gob.ar/institucional/transparencia/declaraciones_juradas/index.html,nombre_compatible_unico_en_oa,MENEM MARTIN ALEXIS,2022|2023|2024,serie_curada,cerrado_publicable,2026-09-02,Trayectoria publicada con controles reproducibles.,0,Actualizar y profundizar la serie existente.
dip-metral-asensio-julieta,Julieta Metral Asensio,Diputados nacionales,Diputado/a nacional,Mendoza,LA LIBERTAD AVANZA,sin_presentacion_localizada_en_listados_2025_2026,https://www.hcdn.gob.ar/institucional/transparencia/declaraciones_juradas/index.html,sin_nombre_compatible_oa_2017_2024,,,sin_registro_oa_2017_2024,freezado,2026-09-02,"Expansión pausada para priorizar profundidad analítica en las trayectorias ya publicadas. El freeze no equivale a descarte, incumplimiento ni patrimonio cero.",5,"Buscar fuente del régimen actual y documentar publicado, reservado o no localizado."
dip-michel-guillermo,Guillermo Michel,Diputados nacionales,Diputado/a nacional,Entre Rios,UNIÓN POR LA PATRIA,presentacion_2025_2026_localizada,https://www.hcdn.gob.ar/institucional/transparencia/declaraciones_juradas/index.html,nombre_compatible_unico_en_oa,MICHEL GUILLERMO,2022|2023|2024,identidad_confirmada_cruce_oficial,cerrado_publicable,2026-09-02,Trayectoria publicada con controles reproducibles.,2,Serie normalizada y contrafactuales incorporados; actualizar con el consolidado 2025 cuando se publique.
dip-mino-fernanda,Fernanda Miño,Diputados nacionales,Diputado/a nacional,Buenos Aires,UNIÓN POR LA PATRIA,sin_presentacion_localizada_en_listados_2025_2026,https://www.hcdn.gob.ar/institucional/transparencia/declaraciones_juradas/index.html,sin_nombre_compatible_oa_2017_2024,,,sin_registro_oa_2017_2024,freezado,2026-09-02,"Expansión pausada para priorizar profundidad analítica en las trayectorias ya publicadas. El freeze no equivale a descarte, incumplimiento ni patrimonio cero.",5,"Buscar fuente del régimen actual y documentar publicado, reservado o no localizado."
dip-molina-juan-carlos,Juan Carlos Molina,Diputados nacionales,Diputado/a nacional,Santa Cruz,UNIÓN POR LA PATRIA,presentacion_2025_2026_localizada,https://www.hcdn.gob.ar/institucional/transparencia/declaraciones_juradas/index.html,nombre_compatible_unico_en_oa,MOLINA JUAN CARLOS,2022,revision_manual_identidad,freezado,2026-09-02,"Expansión pausada para priorizar profundidad analítica en las trayectorias ya publicadas. El freeze no equivale a descarte, incumplimiento ni patrimonio cero.",3,Resolver variaciones de nombre o identificador antes de usar importes.
dip-molinuevo-soledad,Soledad Molinuevo,Diputados nacionales,Diputado/a nacional,Tucuman,LA LIBERTAD AVANZA,sin_presentacion_localizada_en_listados_2025_2026,https://www.hcdn.gob.ar/institucional/transparencia/declaraciones_juradas/index.html,sin_nombre_compatible_oa_2017_2024,,,sin_registro_oa_2017_2024,freezado,2026-09-02,"Expansión pausada para priorizar profundidad analítica en las trayectorias ya publicadas. El freeze no equivale a descarte, incumplimiento ni patrimonio cero.",5,"Buscar fuente del régimen actual y documentar publicado, reservado o no localizado."
dip-molle-matias,Matías Molle,Diputados nacionales,Diputado/a nacional,Buenos Aires,UNIÓN POR LA PATRIA,presentacion_2025_2026_localizada,https://www.hcdn.gob.ar/institucional/transparencia/declaraciones_juradas/index.html,nombre_compatible_unico_en_oa,MOLLE MATIAS,2022,identidad_confirmada_cruce_oficial,cerrado_publicable,2026-09-02,Trayectoria publicada con controles reproducibles.,3,Serie normalizada y contrafactuales incorporados; actualizar con el consolidado 2025 cuando se publique.
dip-mondaca-soledad,Soledad Mondaca,Diputados nacionales,Diputado/a nacional,Neuquen,LA LIBERTAD AVANZA,sin_presentacion_localizada_en_listados_2025_2026,https://www.hcdn.gob.ar/institucional/transparencia/declaraciones_juradas/index.html,sin_nombre_compatible_oa_2017_2024,,,sin_registro_oa_2017_2024,freezado,2026-09-02,"Expansión pausada para priorizar profundidad analítica en las trayectorias ya publicadas. El freeze no equivale a descarte, incumplimiento ni patrimonio cero.",5,"Buscar fuente del régimen actual y documentar publicado, reservado o no localizado."
dip-monguillot-fernando,Fernando Monguillot,Diputados nacionales,Diputado/a nacional,Catamarca,ELIJO CATAMARCA,presentacion_2025_2026_localizada,https://www.hcdn.gob.ar/institucional/transparencia/declaraciones_juradas/index.html,sin_nombre_compatible_oa_2017_2024,,,sin_registro_oa_2017_2024,freezado,2026-09-02,"Expansión pausada para priorizar profundidad analítica en las trayectorias ya publicadas. El freeze no equivale a descarte, incumplimiento ni patrimonio cero.",5,"Buscar fuente del régimen actual y documentar publicado, reservado o no localizado."
dip-montenegro-juan-pablo,Juan Pablo Montenegro,Diputados nacionales,Diputado/a nacional,Santa Fe,LA LIBERTAD AVANZA,presentacion_2025_2026_localizada,https://www.hcdn.gob.ar/institucional/transparencia/declaraciones_juradas/index.html,nombre_compatible_unico_en_oa,MONTENEGRO JUAN PABLO,2022|2024,identidad_confirmada_cruce_oficial,cerrado_publicable,2026-09-02,Trayectoria publicada con controles reproducibles.,2,Serie normalizada y contrafactuales incorporados; actualizar con el consolidado 2025 cuando se publique.
dip-montenegro-guillermo,Guillermo Montenegro,Diputados nacionales,Diputado/a nacional,Buenos Aires,LA LIBERTAD AVANZA,sin_presentacion_localizada_en_listados_2025_2026,https://www.hcdn.gob.ar/institucional/transparencia/declaraciones_juradas/index.html,coincidencia_multiple_revisar_homonimia,MONTENEGRO GUILLERMO AGUEDO | MONTENEGRO GUILLERMO MAXIMILIANO | MONTENEGRO GUILLERMO TRISTAN,2017|2018|2019|2020|2021|2022|2023|2024,identidad_confirmada_cruce_oficial,cerrado_publicable,2026-09-02,Trayectoria publicada con controles reproducibles.,14,Serie normalizada y contrafactuales incorporados; actualizar con el consolidado 2025 cuando se publique.
dip-monzon-roxana,Roxana Monzón,Diputados nacionales,Diputado/a nacional,Buenos Aires,UNIÓN POR LA PATRIA,presentacion_2025_2026_localizada,https://www.hcdn.gob.ar/institucional/transparencia/declaraciones_juradas/index.html,coincidencia_multiple_revisar_homonimia,MONZON ROXANA ELIZABETH | MONZON ROXANA VALERIA,2017|2018|2019|2020|2021|2022|2023|2024,identidad_confirmada_cruce_oficial,cerrado_publicable,2026-09-02,Trayectoria publicada con controles reproducibles.,13,Serie normalizada y contrafactuales incorporados; actualizar con el consolidado 2025 cuando se publique.
dip-morchio-francisco,Francisco Morchio,Diputados nacionales,Diputado/a nacional,Entre Rios,LA LIBERTAD AVANZA,sin_presentacion_localizada_en_listados_2025_2026,https://www.hcdn.gob.ar/institucional/transparencia/declaraciones_juradas/index.html,nombre_compatible_unico_en_oa,MORCHIO FRANCISCO ALEJANDRO,2022|2023|2024,revision_manual_identidad,freezado,2026-09-02,"Expansión pausada para priorizar profundidad analítica en las trayectorias ya publicadas. El freeze no equivale a descarte, incumplimiento ni patrimonio cero.",3,Resolver variaciones de nombre o identificador antes de usar importes.
dip-moreau-cecilia,Cecilia Moreau,Diputados nacionales,Diputado/a nacional,Buenos Aires,UNIÓN POR LA PATRIA,presentacion_2025_2026_localizada,https://www.hcdn.gob.ar/institucional/transparencia/declaraciones_juradas/index.html,nombre_compatible_unico_en_oa,MOREAU CECILIA,2017|2018|2019|2020|2021|2022|2023|2024,identidad_confirmada_cruce_oficial,cerrado_publicable,2026-09-02,Trayectoria publicada con controles reproducibles.,1,Serie normalizada y contrafactuales incorporados; actualizar con el consolidado 2025 cuando se publique.
dip-moreno-ovalle-julio,Julio Moreno Ovalle,Diputados nacionales,Diputado/a nacional,Salta,LA LIBERTAD AVANZA,presentacion_2025_2026_localizada,https://www.hcdn.gob.ar/institucional/transparencia/declaraciones_juradas/index.html,sin_nombre_compatible_oa_2017_2024,,,sin_registro_oa_2017_2024,freezado,2026-09-02,"Expansión pausada para priorizar profundidad analítica en las trayectorias ya publicadas. El freeze no equivale a descarte, incumplimiento ni patrimonio cero.",5,"Buscar fuente del régimen actual y documentar publicado, reservado o no localizado."
dip-moyano-hugo-antonio,Hugo Antonio Moyano,Diputados nacionales,Diputado/a nacional,Buenos Aires,UNIÓN POR LA PATRIA,presentacion_2025_2026_localizada,https://www.hcdn.gob.ar/institucional/transparencia/declaraciones_juradas/index.html,nombre_compatible_unico_en_oa,MOYANO HUGO ANTONIO,2024,identidad_confirmada_cruce_oficial,cerrado_publicable,2026-09-02,Trayectoria publicada con controles reproducibles.,2,Serie normalizada y contrafactuales incorporados; actualizar con el consolidado 2025 cuando se publique.
dip-mukdise-jorge,Jorge Mukdise,Diputados nacionales,Diputado/a nacional,Santiago Del Estero,UNIÓN POR LA PATRIA,presentacion_2025_2026_localizada,https://www.hcdn.gob.ar/institucional/transparencia/declaraciones_juradas/index.html,sin_nombre_compatible_oa_2017_2024,,,sin_registro_oa_2017_2024,freezado,2026-09-02,"Expansión pausada para priorizar profundidad analítica en las trayectorias ya publicadas. El freeze no equivale a descarte, incumplimiento ni patrimonio cero.",5,"Buscar fuente del régimen actual y documentar publicado, reservado o no localizado."
dip-munoz-gabriela-luciana,Gabriela Luciana Muñoz,Diputados nacionales,Diputado/a nacional,Neuquen,LA LIBERTAD AVANZA,presentacion_2025_2026_localizada,https://www.hcdn.gob.ar/institucional/transparencia/declaraciones_juradas/index.html,nombre_compatible_unico_en_oa,MUÑOZ GABRIELA LUCIANA MABEL,2024,revision_manual_identidad,freezado,2026-09-02,"Expansión pausada para priorizar profundidad analítica en las trayectorias ya publicadas. El freeze no equivale a descarte, incumplimiento ni patrimonio cero.",3,Resolver variaciones de nombre o identificador antes de usar importes.
dip-neder-estela-mary,Estela Mary Neder,Diputados nacionales,Diputado/a nacional,Santiago Del Estero,UNIÓN POR LA PATRIA,sin_presentacion_localizada_en_listados_2025_2026,https://www.hcdn.gob.ar/institucional/transparencia/declaraciones_juradas/index.html,nombre_compatible_unico_en_oa,NEDER ESTELA MARY,2017|2018|2019|2020|2021|2022|2023,revision_manual_identidad,freezado,2026-09-02,"Expansión pausada para priorizar profundidad analítica en las trayectorias ya publicadas. El freeze no equivale a descarte, incumplimiento ni patrimonio cero.",3,Resolver variaciones de nombre o identificador antes de usar importes.
dip-nieri-lisandro,Lisandro Nieri,Diputados nacionales,Diputado/a nacional,Mendoza,UCR - UNIÓN CÍVICA RADICAL,sin_presentacion_localizada_en_listados_2025_2026,https://www.hcdn.gob.ar/institucional/transparencia/declaraciones_juradas/index.html,sin_nombre_compatible_oa_2017_2024,,,sin_registro_oa_2017_2024,freezado,2026-09-02,"Expansión pausada para priorizar profundidad analítica en las trayectorias ya publicadas. El freeze no equivale a descarte, incumplimiento ni patrimonio cero.",5,"Buscar fuente del régimen actual y documentar publicado, reservado o no localizado."
dip-niveyro-miriam,Miriam Niveyro,Diputados nacionales,Diputado/a nacional,Buenos Aires,LA LIBERTAD AVANZA,presentacion_2025_2026_localizada,https://www.hcdn.gob.ar/institucional/transparencia/declaraciones_juradas/index.html,nombre_compatible_unico_en_oa,NIVEYRO MIRIAM DEL CARMEN,2022|2024,revision_manual_identidad,freezado,2026-09-02,"Expansión pausada para priorizar profundidad analítica en las trayectorias ya publicadas. El freeze no equivale a descarte, incumplimiento ni patrimonio cero.",3,Resolver variaciones de nombre o identificador antes de usar importes.
dip-noblega-sebastian,Sebastián Nóblega,Diputados nacionales,Diputado/a nacional,Catamarca,ELIJO CATAMARCA,sin_presentacion_localizada_en_listados_2025_2026,https://www.hcdn.gob.ar/institucional/transparencia/declaraciones_juradas/index.html,sin_nombre_compatible_oa_2017_2024,,,sin_registro_oa_2017_2024,freezado,2026-09-02,"Expansión pausada para priorizar profundidad analítica en las trayectorias ya publicadas. El freeze no equivale a descarte, incumplimiento ni patrimonio cero.",5,"Buscar fuente del régimen actual y documentar publicado, reservado o no localizado."
dip-noguera-javier,Javier Noguera,Diputados nacionales,Diputado/a nacional,Tucuman,INDEPENDENCIA,sin_presentacion_localizada_en_listados_2025_2026,https://www.hcdn.gob.ar/institucional/transparencia/declaraciones_juradas/index.html,sin_nombre_compatible_oa_2017_2024,,,sin_registro_oa_2017_2024,freezado,2026-09-02,"Expansión pausada para priorizar profundidad analítica en las trayectorias ya publicadas. El freeze no equivale a descarte, incumplimiento ni patrimonio cero.",5,"Buscar fuente del régimen actual y documentar publicado, reservado o no localizado."
dip-nunez-jose,José Nuñez,Diputados nacionales,Diputado/a nacional,Santa Fe,PROVINCIAS UNIDAS,sin_presentacion_localizada_en_listados_2025_2026,https://www.hcdn.gob.ar/institucional/transparencia/declaraciones_juradas/index.html,coincidencia_multiple_revisar_homonimia,NUÑEZ JOSE CARLOS | NUÑEZ JOSE FELIX | NUÑEZ JOSE LITO | NUÑEZ JOSE MARIA | NUÑEZ JOSE MARTIN | NUÑEZ JOSE RAMON,2017|2018|2019|2020|2021|2022|2023|2024,identidad_confirmada_cruce_oficial,cerrado_publicable,2026-09-02,Trayectoria publicada con controles reproducibles.,14,Serie normalizada y contrafactuales incorporados; actualizar con el consolidado 2025 cuando se publique.
dip-ojeda-joaquin,Joaquín Ojeda,Diputados nacionales,Diputado/a nacional,Buenos Aires,LA LIBERTAD AVANZA,presentacion_2025_2026_localizada,https://www.hcdn.gob.ar/institucional/transparencia/declaraciones_juradas/index.html,sin_nombre_compatible_oa_2017_2024,,,sin_registro_oa_2017_2024,freezado,2026-09-02,"Expansión pausada para priorizar profundidad analítica en las trayectorias ya publicadas. El freeze no equivale a descarte, incumplimiento ni patrimonio cero.",5,"Buscar fuente del régimen actual y documentar publicado, reservado o no localizado."
dip-olmos-kelly,Kelly Olmos,Diputados nacionales,Diputado/a nacional,Ciudad De Buenos Aires,UNIÓN POR LA PATRIA,sin_presentacion_localizada_en_listados_2025_2026,https://www.hcdn.gob.ar/institucional/transparencia/declaraciones_juradas/index.html,sin_nombre_compatible_oa_2017_2024,,,sin_registro_oa_2017_2024,freezado,2026-09-02,"Expansión pausada para priorizar profundidad analítica en las trayectorias ya publicadas. El freeze no equivale a descarte, incumplimiento ni patrimonio cero.",5,"Buscar fuente del régimen actual y documentar publicado, reservado o no localizado."
dip-osuna-blanca-ines,Blanca Inés Osuna,Diputados nacionales,Diputado/a nacional,Entre Rios,UNIÓN POR LA PATRIA,sin_presentacion_localizada_en_listados_2025_2026,https://www.hcdn.gob.ar/institucional/transparencia/declaraciones_juradas/index.html,nombre_compatible_unico_en_oa,OSUNA BLANCA INES,2018|2019|2020|2021|2022|2023|2024,revision_manual_identidad,freezado,2026-09-02,"Expansión pausada para priorizar profundidad analítica en las trayectorias ya publicadas. El freeze no equivale a descarte, incumplimiento ni patrimonio cero.",3,Resolver variaciones de nombre o identificador antes de usar importes.
dip-outes-pablo,Pablo Outes,Diputados nacionales,Diputado/a nacional,Salta,ARGENTINA FEDERAL,sin_presentacion_localizada_en_listados_2025_2026,https://www.hcdn.gob.ar/institucional/transparencia/declaraciones_juradas/index.html,nombre_compatible_unico_en_oa,OUTES PABLO ISMAEL,2023|2024,revision_manual_identidad,freezado,2026-09-02,"Expansión pausada para priorizar profundidad analítica en las trayectorias ya publicadas. El freeze no equivale a descarte, incumplimiento ni patrimonio cero.",3,Resolver variaciones de nombre o identificador antes de usar importes.
dip-pagano-marcela-marina,Marcela Marina Pagano,Diputados nacionales,Diputado/a nacional,Buenos Aires,COHERENCIA,presentacion_2025_2026_localizada,https://www.hcdn.gob.ar/institucional/transparencia/declaraciones_juradas/index.html,nombre_compatible_unico_en_oa,PAGANO MARCELA MARINA,2022|2023|2024,identidad_confirmada_cruce_oficial,cerrado_publicable,2026-09-02,Trayectoria publicada con controles reproducibles.,3,Serie normalizada y contrafactuales incorporados; actualizar con el consolidado 2025 cuando se publique.
dip-palazzo-sergio-omar,Sergio Omar Palazzo,Diputados nacionales,Diputado/a nacional,Buenos Aires,UNIÓN POR LA PATRIA,presentacion_2025_2026_localizada,https://www.hcdn.gob.ar/institucional/transparencia/declaraciones_juradas/index.html,nombre_compatible_unico_en_oa,PALAZZO SERGIO OMAR,2020|2021|2022|2023|2024,identidad_confirmada_cruce_oficial,cerrado_publicable,2026-09-02,Trayectoria publicada con controles reproducibles.,4,Serie normalizada y contrafactuales incorporados; actualizar con el consolidado 2025 cuando se publique.
dip-palladino-claudia-maria,Claudia María Palladino,Diputados nacionales,Diputado/a nacional,Catamarca,UNIÓN POR LA PATRIA,presentacion_2025_2026_localizada,https://www.hcdn.gob.ar/institucional/transparencia/declaraciones_juradas/index.html,sin_nombre_compatible_oa_2017_2024,,,sin_registro_oa_2017_2024,freezado,2026-09-02,"Expansión pausada para priorizar profundidad analítica en las trayectorias ya publicadas. El freeze no equivale a descarte, incumplimiento ni patrimonio cero.",5,"Buscar fuente del régimen actual y documentar publicado, reservado o no localizado."
dip-pareja-sebastian,Sebastián Pareja,Diputados nacionales,Diputado/a nacional,Buenos Aires,LA LIBERTAD AVANZA,presentacion_2025_2026_localizada,https://www.hcdn.gob.ar/institucional/transparencia/declaraciones_juradas/index.html,nombre_compatible_unico_en_oa,PAREJA SEBASTIAN MIGUEL,2017|2018|2019|2023|2024,identidad_confirmada_cruce_oficial,cerrado_publicable,2026-09-02,Trayectoria publicada con controles reproducibles.,19,Serie normalizada y contrafactuales incorporados; actualizar con el consolidado 2025 cuando se publique.
dip-parola-maria-graciela,María Graciela Parola,Diputados nacionales,Diputado/a nacional,Formosa,UNIÓN POR LA PATRIA,presentacion_2025_2026_localizada,https://www.hcdn.gob.ar/institucional/transparencia/declaraciones_juradas/index.html,nombre_compatible_unico_en_oa,PAROLA MARIA GRACIELA,2018|2019|2020|2021|2022|2023|2024,identidad_confirmada_cruce_oficial,cerrado_publicable,2026-09-02,Trayectoria publicada con controles reproducibles.,3,Serie normalizada y contrafactuales incorporados; actualizar con el consolidado 2025 cuando se publique.
dip-patino-brizuela-marcos,Marcos Patiño Brizuela,Diputados nacionales,Diputado/a nacional,Cordoba,LA LIBERTAD AVANZA,presentacion_2025_2026_localizada,https://www.hcdn.gob.ar/institucional/transparencia/declaraciones_juradas/index.html,nombre_compatible_unico_en_oa,PATIÑO BRIZUELA MARCOS,2024,revision_manual_identidad,freezado,2026-09-02,"Expansión pausada para priorizar profundidad analítica en las trayectorias ya publicadas. El freeze no equivale a descarte, incumplimiento ni patrimonio cero.",3,Resolver variaciones de nombre o identificador antes de usar importes.
dip-pauli-santiago,Santiago Pauli,Diputados nacionales,Diputado/a nacional,Tierra Del Fuego,LA LIBERTAD AVANZA,sin_presentacion_localizada_en_listados_2025_2026,https://www.hcdn.gob.ar/institucional/transparencia/declaraciones_juradas/index.html,sin_nombre_compatible_oa_2017_2024,,,sin_registro_oa_2017_2024,freezado,2026-09-02,"Expansión pausada para priorizar profundidad analítica en las trayectorias ya publicadas. El freeze no equivale a descarte, incumplimiento ni patrimonio cero.",5,"Buscar fuente del régimen actual y documentar publicado, reservado o no localizado."
dip-paulon-esteban,Esteban Paulón,Diputados nacionales,Diputado/a nacional,Santa Fe,PROVINCIAS UNIDAS,presentacion_2025_2026_localizada,https://www.hcdn.gob.ar/institucional/transparencia/declaraciones_juradas/index.html,nombre_compatible_unico_en_oa,PAULON ESTEBAN,2022|2023|2024,identidad_confirmada_cruce_oficial,cerrado_publicable,2026-09-02,Trayectoria publicada con controles reproducibles.,1,Serie normalizada y contrafactuales incorporados; actualizar con el consolidado 2025 cuando se publique.
dip-pedrali-gabriela,Gabriela Pedrali,Diputados nacionales,Diputado/a nacional,La Rioja,UNIÓN POR LA PATRIA,presentacion_2025_2026_localizada,https://www.hcdn.gob.ar/institucional/transparencia/declaraciones_juradas/index.html,nombre_compatible_unico_en_oa,PEDRALI GABRIELA,2021|2022|2023|2024,revision_manual_identidad,freezado,2026-09-02,"Expansión pausada para priorizar profundidad analítica en las trayectorias ya publicadas. El freeze no equivale a descarte, incumplimiento ni patrimonio cero.",3,Resolver variaciones de nombre o identificador antes de usar importes.
dip-pellegrini-agustin,Agustín Pellegrini,Diputados nacionales,Diputado/a nacional,Santa Fe,LA LIBERTAD AVANZA,presentacion_2025_2026_localizada,https://www.hcdn.gob.ar/institucional/transparencia/declaraciones_juradas/index.html,sin_nombre_compatible_oa_2017_2024,,,sin_registro_oa_2017_2024,freezado,2026-09-02,"Expansión pausada para priorizar profundidad analítica en las trayectorias ya publicadas. El freeze no equivale a descarte, incumplimiento ni patrimonio cero.",5,"Buscar fuente del régimen actual y documentar publicado, reservado o no localizado."
dip-pelli-federico-agustin,Federico Agustín Pelli,Diputados nacionales,Diputado/a nacional,Tucuman,LA LIBERTAD AVANZA,presentacion_2025_2026_localizada,https://www.hcdn.gob.ar/institucional/transparencia/declaraciones_juradas/index.html,nombre_compatible_unico_en_oa,PELLI FEDERICO AGUSTIN,2024,revision_manual_identidad,freezado,2026-09-02,"Expansión pausada para priorizar profundidad analítica en las trayectorias ya publicadas. El freeze no equivale a descarte, incumplimiento ni patrimonio cero.",3,Resolver variaciones de nombre o identificador antes de usar importes.
dip-peluc-jose,José Peluc,Diputados nacionales,Diputado/a nacional,San Juan,LA LIBERTAD AVANZA,sin_presentacion_localizada_en_listados_2025_2026,https://www.hcdn.gob.ar/institucional/transparencia/declaraciones_juradas/index.html,nombre_compatible_unico_en_oa,PELUC JOSE ASAD,2017|2022|2023|2024,revision_manual_identidad,freezado,2026-09-02,"Expansión pausada para priorizar profundidad analítica en las trayectorias ya publicadas. El freeze no equivale a descarte, incumplimiento ni patrimonio cero.",3,Resolver variaciones de nombre o identificador antes de usar importes.
dip-penacca-paula-andrea,Paula Andrea Penacca,Diputados nacionales,Diputado/a nacional,Ciudad De Buenos Aires,UNIÓN POR LA PATRIA,sin_presentacion_localizada_en_listados_2025_2026,https://www.hcdn.gob.ar/institucional/transparencia/declaraciones_juradas/index.html,nombre_compatible_unico_en_oa,PENACCA PAULA ANDREA,2018|2019|2020|2021|2022|2023,revision_manual_identidad,freezado,2026-09-02,"Expansión pausada para priorizar profundidad analítica en las trayectorias ya publicadas. El freeze no equivale a descarte, incumplimiento ni patrimonio cero.",3,Resolver variaciones de nombre o identificador antes de usar importes.
dip-petri-luis,Luis Petri,Diputados nacionales,Diputado/a nacional,Mendoza,LA LIBERTAD AVANZA,presentacion_2025_2026_localizada,https://www.hcdn.gob.ar/institucional/transparencia/declaraciones_juradas/index.html,nombre_compatible_unico_en_oa,PETRI LUIS ALFONSO,2017|2018|2019|2020|2021|2022|2023|2024,identidad_confirmada_cruce_oficial,cerrado_publicable,2026-09-02,Trayectoria publicada con controles reproducibles.,3,Serie normalizada y contrafactuales incorporados; actualizar con el consolidado 2025 cuando se publique.
dip-petrovich-maria-lorena,María Lorena Petrovich,Diputados nacionales,Diputado/a nacional,Buenos Aires,LA LIBERTAD AVANZA,presentacion_2025_2026_localizada,https://www.hcdn.gob.ar/institucional/transparencia/declaraciones_juradas/index.html,nombre_compatible_unico_en_oa,PETROVICH MARIA LORENA,2022|2024,identidad_confirmada_cruce_oficial,cerrado_publicable,2026-09-02,Trayectoria publicada con controles reproducibles.,3,Serie normalizada y contrafactuales incorporados; actualizar con el consolidado 2025 cuando se publique.
dip-picat-luis-albino,Luis Albino Picat,Diputados nacionales,Diputado/a nacional,Cordoba,LA LIBERTAD AVANZA,presentacion_2025_2026_localizada,https://www.hcdn.gob.ar/institucional/transparencia/declaraciones_juradas/index.html,nombre_compatible_unico_en_oa,PICAT LUIS ALBINO,2022|2023|2024,identidad_confirmada_cruce_oficial,cerrado_publicable,2026-09-02,Trayectoria publicada con controles reproducibles.,2,Serie normalizada y contrafactuales incorporados; actualizar con el consolidado 2025 cuando se publique.
dip-pichetto-miguel-angel,Miguel Ángel Pichetto,Diputados nacionales,Diputado/a nacional,Buenos Aires,ENCUENTRO FEDERAL,presentacion_2025_2026_localizada,https://www.hcdn.gob.ar/institucional/transparencia/declaraciones_juradas/index.html,nombre_compatible_unico_en_oa,PICHETTO MIGUEL ANGEL,2017|2018|2019|2020|2021|2022|2023|2024,identidad_confirmada_cruce_oficial,cerrado_publicable,2026-09-02,Trayectoria publicada con controles reproducibles.,3,Serie normalizada y contrafactuales incorporados; actualizar con el consolidado 2025 cuando se publique.
dip-picon-martinez-nancy-viviana,Nancy Viviana Picón Martínez,Diputados nacionales,Diputado/a nacional,San Juan,PRODUCCION Y TRABAJO,presentacion_2025_2026_localizada,https://www.hcdn.gob.ar/institucional/transparencia/declaraciones_juradas/index.html,nombre_compatible_unico_en_oa,PICON MARTINEZ NANCY VIVIANA,2022|2023,identidad_confirmada_cruce_oficial,cerrado_publicable,2026-09-02,Trayectoria publicada con controles reproducibles.,3,Serie normalizada y contrafactuales incorporados; actualizar con el consolidado 2025 cuando se publique.
dip-pietragalla-corti-horacio,Horacio Pietragalla Corti,Diputados nacionales,Diputado/a nacional,Buenos Aires,UNIÓN POR LA PATRIA,presentacion_2025_2026_localizada,https://www.hcdn.gob.ar/institucional/transparencia/declaraciones_juradas/index.html,nombre_compatible_unico_en_oa,PIETRAGALLA CORTI HORACIO CESAR,2017|2018|2019|2020|2021|2022|2023|2024,identidad_confirmada_cruce_oficial,cerrado_publicable,2026-09-02,Trayectoria publicada con controles reproducibles.,2,Serie normalizada y contrafactuales incorporados; actualizar con el consolidado 2025 cuando se publique.
dip-pokoik-lorena,Lorena Pokoik,Diputados nacionales,Diputado/a nacional,Ciudad De Buenos Aires,UNIÓN POR LA PATRIA,sin_presentacion_localizada_en_listados_2025_2026,https://www.hcdn.gob.ar/institucional/transparencia/declaraciones_juradas/index.html,nombre_compatible_unico_en_oa,POKOIK LORENA I,2017|2018|2019|2020|2021|2022|2023|2024,revision_manual_identidad,freezado,2026-09-02,"Expansión pausada para priorizar profundidad analítica en las trayectorias ya publicadas. El freeze no equivale a descarte, incumplimiento ni patrimonio cero.",3,Resolver variaciones de nombre o identificador antes de usar importes.
dip-ponce-maria-celeste,María Celeste Ponce,Diputados nacionales,Diputado/a nacional,Cordoba,LA LIBERTAD AVANZA,sin_presentacion_localizada_en_listados_2025_2026,https://www.hcdn.gob.ar/institucional/transparencia/declaraciones_juradas/index.html,nombre_compatible_unico_en_oa,PONCE MARIA CELESTE,2022|2023,revision_manual_identidad,freezado,2026-09-02,"Expansión pausada para priorizar profundidad analítica en las trayectorias ya publicadas. El freeze no equivale a descarte, incumplimiento ni patrimonio cero.",3,Resolver variaciones de nombre o identificador antes de usar importes.
dip-potenza-luciana,Luciana Potenza,Diputados nacionales,Diputado/a nacional,Buenos Aires,UNIÓN POR LA PATRIA,presentacion_2025_2026_localizada,https://www.hcdn.gob.ar/institucional/transparencia/declaraciones_juradas/index.html,nombre_compatible_unico_en_oa,POTENZA LUCIANA,2021|2022|2023|2024,identidad_confirmada_cruce_oficial,cerrado_publicable,2026-09-02,Trayectoria publicada con controles reproducibles.,2,Serie normalizada y contrafactuales incorporados; actualizar con el consolidado 2025 cuando se publique.
dip-propato-agustina-lucrecia,Agustina Lucrecia Propato,Diputados nacionales,Diputado/a nacional,Buenos Aires,UNIÓN POR LA PATRIA,presentacion_2025_2026_localizada,https://www.hcdn.gob.ar/institucional/transparencia/declaraciones_juradas/index.html,nombre_compatible_unico_en_oa,PROPATO AGUSTINA LUCRECIA,2020|2021|2022|2023|2024,identidad_confirmada_cruce_oficial,cerrado_publicable,2026-09-02,Trayectoria publicada con controles reproducibles.,1,Serie normalizada y contrafactuales incorporados; actualizar con el consolidado 2025 cuando se publique.
dip-quintar-manuel,Manuel Quintar,Diputados nacionales,Diputado/a nacional,Jujuy,LA LIBERTAD AVANZA,presentacion_2025_2026_localizada,https://www.hcdn.gob.ar/institucional/transparencia/declaraciones_juradas/index.html,nombre_compatible_unico_en_oa,QUINTAR MANUEL,2023|2024,identidad_confirmada_cruce_oficial,cerrado_publicable,2026-09-02,Trayectoria publicada con controles reproducibles.,3,Serie normalizada y contrafactuales incorporados; actualizar con el consolidado 2025 cuando se publique.
dip-rauschenberger-ariel,Ariel Rauschenberger,Diputados nacionales,Diputado/a nacional,La Pampa,UNIÓN POR LA PATRIA,presentacion_2025_2026_localizada,https://www.hcdn.gob.ar/institucional/transparencia/declaraciones_juradas/index.html,nombre_compatible_unico_en_oa,RAUSCHENBERGER ARIEL,2017|2018|2019|2020|2021|2023|2024,identidad_confirmada_cruce_oficial,cerrado_publicable,2026-09-02,Trayectoria publicada con controles reproducibles.,1,Serie normalizada y contrafactuales incorporados; actualizar con el consolidado 2025 cuando se publique.
dip-ravera-valentina,Valentina Ravera,Diputados nacionales,Diputado/a nacional,Santa Fe,LA LIBERTAD AVANZA,presentacion_2025_2026_localizada,https://www.hcdn.gob.ar/institucional/transparencia/declaraciones_juradas/index.html,sin_nombre_compatible_oa_2017_2024,,,sin_registro_oa_2017_2024,freezado,2026-09-02,"Expansión pausada para priorizar profundidad analítica en las trayectorias ya publicadas. El freeze no equivale a descarte, incumplimiento ni patrimonio cero.",5,"Buscar fuente del régimen actual y documentar publicado, reservado o no localizado."
dip-razzini-veronica,Verónica Razzini,Diputados nacionales,Diputado/a nacional,Santa Fe,LA LIBERTAD AVANZA,sin_presentacion_localizada_en_listados_2025_2026,https://www.hcdn.gob.ar/institucional/transparencia/declaraciones_juradas/index.html,nombre_compatible_unico_en_oa,RAZZINI VERONICA GABRIELA,2022|2023,revision_manual_identidad,freezado,2026-09-02,"Expansión pausada para priorizar profundidad analítica en las trayectorias ya publicadas. El freeze no equivale a descarte, incumplimiento ni patrimonio cero.",3,Resolver variaciones de nombre o identificador antes de usar importes.
dip-reichardt-karen,Karen Reichardt,Diputados nacionales,Diputado/a nacional,Buenos Aires,LA LIBERTAD AVANZA,sin_presentacion_localizada_en_listados_2025_2026,https://www.hcdn.gob.ar/institucional/transparencia/declaraciones_juradas/index.html,sin_nombre_compatible_oa_2017_2024,,,sin_registro_oa_2017_2024,freezado,2026-09-02,"Expansión pausada para priorizar profundidad analítica en las trayectorias ya publicadas. El freeze no equivale a descarte, incumplimiento ni patrimonio cero.",5,"Buscar fuente del régimen actual y documentar publicado, reservado o no localizado."
dip-riesco-gaston,Gastón Riesco,Diputados nacionales,Diputado/a nacional,Neuquen,LA LIBERTAD AVANZA,presentacion_2025_2026_localizada,https://www.hcdn.gob.ar/institucional/transparencia/declaraciones_juradas/index.html,sin_nombre_compatible_oa_2017_2024,,,sin_registro_oa_2017_2024,freezado,2026-09-02,"Expansión pausada para priorizar profundidad analítica en las trayectorias ya publicadas. El freeze no equivale a descarte, incumplimiento ni patrimonio cero.",5,"Buscar fuente del régimen actual y documentar publicado, reservado o no localizado."
dip-ritondo-cristian-a,Cristian A. Ritondo,Diputados nacionales,Diputado/a nacional,Buenos Aires,PRO,presentacion_2025_2026_localizada,https://www.hcdn.gob.ar/institucional/transparencia/declaraciones_juradas/index.html,sin_nombre_compatible_oa_2017_2024,,,sin_registro_oa_2017_2024,freezado,2026-09-02,"Expansión pausada para priorizar profundidad analítica en las trayectorias ya publicadas. El freeze no equivale a descarte, incumplimiento ni patrimonio cero.",5,"Buscar fuente del régimen actual y documentar publicado, reservado o no localizado."
dip-rizzotti-jorge,Jorge Rizzotti,Diputados nacionales,Diputado/a nacional,Jujuy,PROVINCIAS UNIDAS,presentacion_2025_2026_localizada,https://www.hcdn.gob.ar/institucional/transparencia/declaraciones_juradas/index.html,nombre_compatible_unico_en_oa,RIZZOTTI JORGE RAUL,2019|2020|2021|2022|2023|2024,identidad_confirmada_cruce_oficial,cerrado_publicable,2026-09-02,Trayectoria publicada con controles reproducibles.,2,Serie normalizada y contrafactuales incorporados; actualizar con el consolidado 2025 cuando se publique.
dip-roberto-santiago-luis,Santiago Luis Roberto,Diputados nacionales,Diputado/a nacional,Ciudad De Buenos Aires,UNIÓN POR LA PATRIA,presentacion_2025_2026_localizada,https://www.hcdn.gob.ar/institucional/transparencia/declaraciones_juradas/index.html,sin_nombre_compatible_oa_2017_2024,,,sin_registro_oa_2017_2024,freezado,2026-09-02,"Expansión pausada para priorizar profundidad analítica en las trayectorias ya publicadas. El freeze no equivale a descarte, incumplimiento ni patrimonio cero.",5,"Buscar fuente del régimen actual y documentar publicado, reservado o no localizado."
dip-roca-gonzalo,Gonzalo Roca,Diputados nacionales,Diputado/a nacional,Cordoba,LA LIBERTAD AVANZA,presentacion_2025_2026_localizada,https://www.hcdn.gob.ar/institucional/transparencia/declaraciones_juradas/index.html,sin_nombre_compatible_oa_2017_2024,,,sin_registro_oa_2017_2024,freezado,2026-09-02,"Expansión pausada para priorizar profundidad analítica en las trayectorias ya publicadas. El freeze no equivale a descarte, incumplimiento ni patrimonio cero.",5,"Buscar fuente del régimen actual y documentar publicado, reservado o no localizado."
dip-rodriguez-miguel,Miguel Rodríguez,Diputados nacionales,Diputado/a nacional,Tierra Del Fuego,LA LIBERTAD AVANZA,sin_presentacion_localizada_en_listados_2025_2026,https://www.hcdn.gob.ar/institucional/transparencia/declaraciones_juradas/index.html,coincidencia_multiple_revisar_homonimia,RODRIGUEZ MIGUEL ALEJANDRO | RODRIGUEZ MIGUEL ANGEL | RODRIGUEZ MIGUEL MARCELO,2017|2018|2019|2020|2021|2022|2023|2024,sin_registro_oa_2017_2024_identidad_desambiguada,freezado,2026-09-02,"Expansión pausada para priorizar profundidad analítica en las trayectorias ya publicadas. El freeze no equivale a descarte, incumplimiento ni patrimonio cero.",15,"La identidad oficial descarta todas las claves OA nominales recuperadas; buscar la DDJJ del régimen actual sin atribuir cifras de homónimos. HCDN publica Luis Miguel Rodríguez. Ninguna clave candidata OA conserva esa identidad: todas agregan Ángel, Alejandro o Marcelo y omiten Luis."
dip-rodriguez-machado-laura-elena,Laura Elena Rodríguez Machado,Diputados nacionales,Diputado/a nacional,Cordoba,LA LIBERTAD AVANZA,presentacion_2025_2026_localizada,https://www.hcdn.gob.ar/institucional/transparencia/declaraciones_juradas/index.html,nombre_compatible_unico_en_oa,RODRIGUEZ MACHADO LAURA ELENA,2017|2018|2019|2020|2021|2023|2024,identidad_confirmada_cruce_oficial,cerrado_publicable,2026-09-02,Trayectoria publicada con controles reproducibles.,2,Serie normalizada y contrafactuales incorporados; actualizar con el consolidado 2025 cuando se publique.
dip-rossi-agustin-oscar,Agustín Oscar Rossi,Diputados nacionales,Diputado/a nacional,Santa Fe,UNIÓN POR LA PATRIA,presentacion_2025_2026_localizada,https://www.hcdn.gob.ar/institucional/transparencia/declaraciones_juradas/index.html,nombre_compatible_unico_en_oa,ROSSI AGUSTIN OSCAR,2017|2018|2019|2020|2021|2022|2023,identidad_confirmada_cruce_oficial,cerrado_publicable,2026-09-02,Trayectoria publicada con controles reproducibles.,1,Serie normalizada y contrafactuales incorporados; actualizar con el consolidado 2025 cuando se publique.
dip-ruiz-yamila,Yamila Ruíz,Diputados nacionales,Diputado/a nacional,Misiones,ARGENTINA FEDERAL,sin_presentacion_localizada_en_listados_2025_2026,https://www.hcdn.gob.ar/institucional/transparencia/declaraciones_juradas/index.html,nombre_compatible_unico_en_oa,RUIZ YAMILA LISETTE,2022|2023|2024,revision_manual_identidad,freezado,2026-09-02,"Expansión pausada para priorizar profundidad analítica en las trayectorias ya publicadas. El freeze no equivale a descarte, incumplimiento ni patrimonio cero.",3,Resolver variaciones de nombre o identificador antes de usar importes.
dip-salzmann-marina-dorotea,Marina Dorotea Salzmann,Diputados nacionales,Diputado/a nacional,Buenos Aires,UNIÓN POR LA PATRIA,presentacion_2025_2026_localizada,https://www.hcdn.gob.ar/institucional/transparencia/declaraciones_juradas/index.html,nombre_compatible_unico_en_oa,SALZMANN MARINA DOROTEA,2024,revision_manual_identidad,freezado,2026-09-02,"Expansión pausada para priorizar profundidad analítica en las trayectorias ya publicadas. El freeze no equivale a descarte, incumplimiento ni patrimonio cero.",3,Resolver variaciones de nombre o identificador antes de usar importes.
dip-sanchez-wrba-javier,Javier Sánchez Wrba,Diputados nacionales,Diputado/a nacional,Buenos Aires,PRO,sin_presentacion_localizada_en_listados_2025_2026,https://www.hcdn.gob.ar/institucional/transparencia/declaraciones_juradas/index.html,nombre_compatible_unico_en_oa,SANCHEZ WRBA JAVIER,2017|2018|2019|2020|2023|2024,revision_manual_identidad,freezado,2026-09-02,"Expansión pausada para priorizar profundidad analítica en las trayectorias ya publicadas. El freeze no equivale a descarte, incumplimiento ni patrimonio cero.",3,Resolver variaciones de nombre o identificador antes de usar importes.
dip-sand-nancy,Nancy Sand,Diputados nacionales,Diputado/a nacional,Corrientes,UNIÓN POR LA PATRIA,sin_presentacion_localizada_en_listados_2025_2026,https://www.hcdn.gob.ar/institucional/transparencia/declaraciones_juradas/index.html,sin_nombre_compatible_oa_2017_2024,,,sin_registro_oa_2017_2024,freezado,2026-09-02,"Expansión pausada para priorizar profundidad analítica en las trayectorias ya publicadas. El freeze no equivale a descarte, incumplimiento ni patrimonio cero.",5,"Buscar fuente del régimen actual y documentar publicado, reservado o no localizado."
dip-santillan-juarez-brahim-juliana,Juliana Santillán Juárez Brahim,Diputados nacionales,Diputado/a nacional,Buenos Aires,LA LIBERTAD AVANZA,sin_presentacion_localizada_en_listados_2025_2026,https://www.hcdn.gob.ar/institucional/transparencia/declaraciones_juradas/index.html,sin_nombre_compatible_oa_2017_2024,,,sin_registro_oa_2017_2024,freezado,2026-09-02,"Expansión pausada para priorizar profundidad analítica en las trayectorias ya publicadas. El freeze no equivale a descarte, incumplimiento ni patrimonio cero.",5,"Buscar fuente del régimen actual y documentar publicado, reservado o no localizado."
dip-santurio-santiago,Santiago Santurio,Diputados nacionales,Diputado/a nacional,Buenos Aires,LA LIBERTAD AVANZA,sin_presentacion_localizada_en_listados_2025_2026,https://www.hcdn.gob.ar/institucional/transparencia/declaraciones_juradas/index.html,sin_nombre_compatible_oa_2017_2024,,,sin_registro_oa_2017_2024,freezado,2026-09-02,"Expansión pausada para priorizar profundidad analítica en las trayectorias ya publicadas. El freeze no equivale a descarte, incumplimiento ni patrimonio cero.",5,"Buscar fuente del régimen actual y documentar publicado, reservado o no localizado."
dip-scaglia-gisela,Gisela Scaglia,Diputados nacionales,Diputado/a nacional,Santa Fe,PROVINCIAS UNIDAS,presentacion_2025_2026_localizada,https://www.hcdn.gob.ar/institucional/transparencia/declaraciones_juradas/index.html,nombre_compatible_unico_en_oa,SCAGLIA GISELA,2017|2018|2019|2020|2021|2024,identidad_confirmada_cruce_oficial,cerrado_publicable,2026-09-02,Trayectoria publicada con controles reproducibles.,2,Serie normalizada y contrafactuales incorporados; actualizar con el consolidado 2025 cuando se publique.
dip-schiaretti-juan,Juan Schiaretti,Diputados nacionales,Diputado/a nacional,Cordoba,PROVINCIAS UNIDAS,presentacion_2025_2026_localizada,https://www.hcdn.gob.ar/institucional/transparencia/declaraciones_juradas/index.html,nombre_compatible_unico_en_oa,SCHIARETTI JUAN,2022,revision_manual_identidad,freezado,2026-09-02,"Expansión pausada para priorizar profundidad analítica en las trayectorias ya publicadas. El freeze no equivale a descarte, incumplimiento ni patrimonio cero.",3,Resolver variaciones de nombre o identificador antes de usar importes.
dip-schneider-dario,Darío Schneider,Diputados nacionales,Diputado/a nacional,Entre Rios,UCR - UNIÓN CÍVICA RADICAL,sin_presentacion_localizada_en_listados_2025_2026,https://www.hcdn.gob.ar/institucional/transparencia/declaraciones_juradas/index.html,sin_nombre_compatible_oa_2017_2024,,,sin_registro_oa_2017_2024,freezado,2026-09-02,"Expansión pausada para priorizar profundidad analítica en las trayectorias ya publicadas. El freeze no equivale a descarte, incumplimiento ni patrimonio cero.",5,"Buscar fuente del régimen actual y documentar publicado, reservado o no localizado."
dip-selva-sabrina,Sabrina Selva,Diputados nacionales,Diputado/a nacional,Buenos Aires,UNIÓN POR LA PATRIA,presentacion_2025_2026_localizada,https://www.hcdn.gob.ar/institucional/transparencia/declaraciones_juradas/index.html,nombre_compatible_unico_en_oa,SELVA SABRINA,2022|2023|2024,identidad_confirmada_cruce_oficial,cerrado_publicable,2026-09-02,Trayectoria publicada con controles reproducibles.,4,Serie normalizada y contrafactuales incorporados; actualizar con el consolidado 2025 cuando se publique.
dip-serquis-adriana-cristina,Adriana Cristina Serquis,Diputados nacionales,Diputado/a nacional,Rio Negro,UNIÓN POR LA PATRIA,presentacion_2025_2026_localizada,https://www.hcdn.gob.ar/institucional/transparencia/declaraciones_juradas/index.html,nombre_compatible_unico_en_oa,SERQUIS ADRIANA CRISTINA,2021|2022|2023|2024,identidad_confirmada_cruce_oficial,cerrado_publicable,2026-09-02,Trayectoria publicada con controles reproducibles.,19,Serie normalizada y contrafactuales incorporados; actualizar con el consolidado 2025 cuando se publique.
dip-siley-vanesa-raquel,Vanesa Raquel Siley,Diputados nacionales,Diputado/a nacional,Buenos Aires,UNIÓN POR LA PATRIA,presentacion_2025_2026_localizada,https://www.hcdn.gob.ar/institucional/transparencia/declaraciones_juradas/index.html,nombre_compatible_unico_en_oa,SILEY VANESA RAQUEL,2017|2018|2019|2020|2021|2022|2023|2024,identidad_confirmada_cruce_oficial,cerrado_publicable,2026-09-02,Trayectoria publicada con controles reproducibles.,4,Serie normalizada y contrafactuales incorporados; actualizar con el consolidado 2025 cuando se publique.
dip-snopek-guillermo,Guillermo Snopek,Diputados nacionales,Diputado/a nacional,Jujuy,UNIÓN POR LA PATRIA,sin_presentacion_localizada_en_listados_2025_2026,https://www.hcdn.gob.ar/institucional/transparencia/declaraciones_juradas/index.html,nombre_compatible_unico_en_oa,SNOPEK GUILLERMO EUGENIO MA,2017|2018|2019|2020|2021|2022|2023|2024,revision_manual_identidad,freezado,2026-09-02,"Expansión pausada para priorizar profundidad analítica en las trayectorias ya publicadas. El freeze no equivale a descarte, incumplimiento ni patrimonio cero.",3,Resolver variaciones de nombre o identificador antes de usar importes.
dip-soldano-laura,Laura Soldano,Diputados nacionales,Diputado/a nacional,Cordoba,LA LIBERTAD AVANZA,sin_presentacion_localizada_en_listados_2025_2026,https://www.hcdn.gob.ar/institucional/transparencia/declaraciones_juradas/index.html,sin_nombre_compatible_oa_2017_2024,,,sin_registro_oa_2017_2024,freezado,2026-09-02,"Expansión pausada para priorizar profundidad analítica en las trayectorias ya publicadas. El freeze no equivale a descarte, incumplimiento ni patrimonio cero.",5,"Buscar fuente del régimen actual y documentar publicado, reservado o no localizado."
dip-strada-julia,Julia Strada,Diputados nacionales,Diputado/a nacional,Buenos Aires,UNIÓN POR LA PATRIA,sin_presentacion_localizada_en_listados_2025_2026,https://www.hcdn.gob.ar/institucional/transparencia/declaraciones_juradas/index.html,sin_nombre_compatible_oa_2017_2024,,,sin_registro_oa_2017_2024,freezado,2026-09-02,"Expansión pausada para priorizar profundidad analítica en las trayectorias ya publicadas. El freeze no equivale a descarte, incumplimiento ni patrimonio cero.",5,"Buscar fuente del régimen actual y documentar publicado, reservado o no localizado."
dip-taiana-jorge,Jorge Taiana,Diputados nacionales,Diputado/a nacional,Buenos Aires,UNIÓN POR LA PATRIA,presentacion_2025_2026_localizada,https://www.hcdn.gob.ar/institucional/transparencia/declaraciones_juradas/index.html,nombre_compatible_unico_en_oa,TAIANA JORGE ENRIQUE,2017|2018|2019|2020|2021|2022|2023|2024,identidad_confirmada_cruce_oficial,cerrado_publicable,2026-09-02,Trayectoria publicada con controles reproducibles.,2,Serie normalizada y contrafactuales incorporados; actualizar con el consolidado 2025 cuando se publique.
dip-tailhade-rodolfo,Rodolfo Tailhade,Diputados nacionales,Diputado/a nacional,Buenos Aires,UNIÓN POR LA PATRIA,sin_presentacion_localizada_en_listados_2025_2026,https://www.hcdn.gob.ar/institucional/transparencia/declaraciones_juradas/index.html,sin_nombre_compatible_oa_2017_2024,,,sin_registro_oa_2017_2024,freezado,2026-09-02,"Expansión pausada para priorizar profundidad analítica en las trayectorias ya publicadas. El freeze no equivale a descarte, incumplimiento ni patrimonio cero.",5,"Buscar fuente del régimen actual y documentar publicado, reservado o no localizado."
dip-tepp-caren,Caren Tepp,Diputados nacionales,Diputado/a nacional,Santa Fe,UNIÓN POR LA PATRIA,presentacion_2025_2026_localizada,https://www.hcdn.gob.ar/institucional/transparencia/declaraciones_juradas/index.html,nombre_compatible_unico_en_oa,TEPP CAREN ESTEFANIA,2024,identidad_confirmada_cruce_oficial,cerrado_publicable,2026-09-02,Trayectoria publicada con controles reproducibles.,1,Serie normalizada y contrafactuales incorporados; actualizar con el consolidado 2025 cuando se publique.
dip-tita-paulo-agustin,Paulo Agustín Tita,Diputados nacionales,Diputado/a nacional,Tierra Del Fuego,UNIÓN POR LA PATRIA,presentacion_2025_2026_localizada,https://www.hcdn.gob.ar/institucional/transparencia/declaraciones_juradas/index.html,nombre_compatible_unico_en_oa,TITA PAULO AGUSTIN,2024,identidad_confirmada_cruce_oficial,cerrado_publicable,2026-09-02,Trayectoria publicada con controles reproducibles.,4,Serie normalizada y contrafactuales incorporados; actualizar con el consolidado 2025 cuando se publique.
dip-todero-pablo,Pablo Todero,Diputados nacionales,Diputado/a nacional,Neuquen,UNIÓN POR LA PATRIA,presentacion_2025_2026_localizada,https://www.hcdn.gob.ar/institucional/transparencia/declaraciones_juradas/index.html,nombre_compatible_unico_en_oa,TODERO PABLO ALEJANDRO,2020|2021|2022|2023|2024,identidad_confirmada_cruce_oficial,cerrado_publicable,2026-09-02,Trayectoria publicada con controles reproducibles.,4,Serie normalizada y contrafactuales incorporados; actualizar con el consolidado 2025 cuando se publique.
dip-tolosa-paz-victoria,Victoria Tolosa Paz,Diputados nacionales,Diputado/a nacional,Buenos Aires,UNIÓN POR LA PATRIA,sin_presentacion_localizada_en_listados_2025_2026,https://www.hcdn.gob.ar/institucional/transparencia/declaraciones_juradas/index.html,nombre_compatible_unico_en_oa,TOLOSA PAZ VICTORIA,2019|2020|2021|2022|2023|2024,revision_manual_identidad,freezado,2026-09-02,"Expansión pausada para priorizar profundidad analítica en las trayectorias ya publicadas. El freeze no equivale a descarte, incumplimiento ni patrimonio cero.",3,Resolver variaciones de nombre o identificador antes de usar importes.
dip-tomassoni-yamile,Yamile Tomassoni,Diputados nacionales,Diputado/a nacional,Santa Fe,LA LIBERTAD AVANZA,presentacion_2025_2026_localizada,https://www.hcdn.gob.ar/institucional/transparencia/declaraciones_juradas/index.html,nombre_compatible_unico_en_oa,TOMASSONI YAMILE VANESA,2022|2024,identidad_confirmada_cruce_oficial,cerrado_publicable,2026-09-02,Trayectoria publicada con controles reproducibles.,4,Serie normalizada y contrafactuales incorporados; actualizar con el consolidado 2025 cuando se publique.
dip-torres-ruben-dario,Rubén Darío Torres,Diputados nacionales,Diputado/a nacional,Buenos Aires,LA LIBERTAD AVANZA,presentacion_2025_2026_localizada,https://www.hcdn.gob.ar/institucional/transparencia/declaraciones_juradas/index.html,sin_nombre_compatible_oa_2017_2024,,,sin_registro_oa_2017_2024,freezado,2026-09-02,"Expansión pausada para priorizar profundidad analítica en las trayectorias ya publicadas. El freeze no equivale a descarte, incumplimiento ni patrimonio cero.",5,"Buscar fuente del régimen actual y documentar publicado, reservado o no localizado."
dip-torres-alejandra,Alejandra Torres,Diputados nacionales,Diputado/a nacional,Cordoba,PROVINCIAS UNIDAS,sin_presentacion_localizada_en_listados_2025_2026,https://www.hcdn.gob.ar/institucional/transparencia/declaraciones_juradas/index.html,sin_nombre_compatible_oa_2017_2024,,,sin_registro_oa_2017_2024,freezado,2026-09-02,"Expansión pausada para priorizar profundidad analítica en las trayectorias ya publicadas. El freeze no equivale a descarte, incumplimiento ni patrimonio cero.",5,"Buscar fuente del régimen actual y documentar publicado, reservado o no localizado."
dip-tortoriello-anibal,Aníbal Tortoriello,Diputados nacionales,Diputado/a nacional,Rio Negro,LA LIBERTAD AVANZA,presentacion_2025_2026_localizada,https://www.hcdn.gob.ar/institucional/transparencia/declaraciones_juradas/index.html,nombre_compatible_unico_en_oa,TORTORIELLO ANIBAL ANTONIO,2021|2022|2023|2024,identidad_confirmada_cruce_oficial,cerrado_publicable,2026-09-02,Trayectoria publicada con controles reproducibles.,1,Serie normalizada y contrafactuales incorporados; actualizar con el consolidado 2025 cuando se publique.
dip-tournier-jose-federico,José Federico Tournier,Diputados nacionales,Diputado/a nacional,Corrientes,LA LIBERTAD AVANZA,sin_presentacion_localizada_en_listados_2025_2026,https://www.hcdn.gob.ar/institucional/transparencia/declaraciones_juradas/index.html,nombre_compatible_unico_en_oa,TOURNIER JOSE FEDERICO,2023,revision_manual_identidad,freezado,2026-09-02,"Expansión pausada para priorizar profundidad analítica en las trayectorias ya publicadas. El freeze no equivale a descarte, incumplimiento ni patrimonio cero.",3,Resolver variaciones de nombre o identificador antes de usar importes.
dip-treffinger-cesar,César Treffinger,Diputados nacionales,Diputado/a nacional,Chubut,LA LIBERTAD AVANZA,presentacion_2025_2026_localizada,https://www.hcdn.gob.ar/institucional/transparencia/declaraciones_juradas/index.html,nombre_compatible_unico_en_oa,TREFFINGER CESAR HERNAN,2022|2023|2024,identidad_confirmada_cruce_oficial,cerrado_publicable,2026-09-02,Trayectoria publicada con controles reproducibles.,1,Serie normalizada y contrafactuales incorporados; actualizar con el consolidado 2025 cuando se publique.
dip-trotta-nicolas-alfredo,Nicolás Alfredo Trotta,Diputados nacionales,Diputado/a nacional,Buenos Aires,UNIÓN POR LA PATRIA,presentacion_2025_2026_localizada,https://www.hcdn.gob.ar/institucional/transparencia/declaraciones_juradas/index.html,nombre_compatible_unico_en_oa,TROTTA NICOLAS ALFREDO,2019|2020|2021|2024,identidad_confirmada_cruce_oficial,cerrado_publicable,2026-09-02,Trayectoria publicada con controles reproducibles.,3,Serie normalizada y contrafactuales incorporados; actualizar con el consolidado 2025 cuando se publique.
dip-urien-hernan,Hernán Urien,Diputados nacionales,Diputado/a nacional,Buenos Aires,LA LIBERTAD AVANZA,presentacion_2025_2026_localizada,https://www.hcdn.gob.ar/institucional/transparencia/declaraciones_juradas/index.html,nombre_compatible_unico_en_oa,URIEN HERNAN,2024,revision_manual_identidad,freezado,2026-09-02,"Expansión pausada para priorizar profundidad analítica en las trayectorias ya publicadas. El freeze no equivale a descarte, incumplimiento ni patrimonio cero.",3,Resolver variaciones de nombre o identificador antes de usar importes.
dip-valdes-eduardo-felix,Eduardo Félix Valdés,Diputados nacionales,Diputado/a nacional,Ciudad De Buenos Aires,UNIÓN POR LA PATRIA,presentacion_2025_2026_localizada,https://www.hcdn.gob.ar/institucional/transparencia/declaraciones_juradas/index.html,nombre_compatible_unico_en_oa,VALDES EDUARDO FELIX,2017|2018|2019|2020|2021|2022|2023|2024,identidad_confirmada_cruce_oficial,cerrado_publicable,2026-09-02,Trayectoria publicada con controles reproducibles.,1,Serie normalizada y contrafactuales incorporados; actualizar con el consolidado 2025 cuando se publique.
dip-vancsik-daniel,Daniel Vancsik,Diputados nacionales,Diputado/a nacional,Misiones,ARGENTINA FEDERAL,presentacion_2025_2026_localizada,https://www.hcdn.gob.ar/institucional/transparencia/declaraciones_juradas/index.html,nombre_compatible_unico_en_oa,VANCSIK DANIEL ALFREDO,2022|2023|2024,identidad_confirmada_cruce_oficial,cerrado_publicable,2026-09-02,Trayectoria publicada con controles reproducibles.,1,Serie normalizada y contrafactuales incorporados; actualizar con el consolidado 2025 cuando se publique.
dip-vasquez-patricia,Patricia Vásquez,Diputados nacionales,Diputado/a nacional,Buenos Aires,LA LIBERTAD AVANZA,presentacion_2025_2026_localizada,https://www.hcdn.gob.ar/institucional/transparencia/declaraciones_juradas/index.html,nombre_compatible_unico_en_oa,VASQUEZ PATRICIA MARIA,2017|2018|2019|2020|2022|2023|2024,identidad_confirmada_cruce_oficial,cerrado_publicable,2026-09-02,Trayectoria publicada con controles reproducibles.,4,Serie normalizada y contrafactuales incorporados; actualizar con el consolidado 2025 cuando se publique.
dip-vega-yolanda,Yolanda Vega,Diputados nacionales,Diputado/a nacional,Salta,ARGENTINA FEDERAL,presentacion_2025_2026_localizada,https://www.hcdn.gob.ar/institucional/transparencia/declaraciones_juradas/index.html,nombre_compatible_unico_en_oa,VEGA YOLANDA GRACIELA,2023|2024,identidad_confirmada_cruce_oficial,cerrado_publicable,2026-09-02,Trayectoria publicada con controles reproducibles.,4,Serie normalizada y contrafactuales incorporados; actualizar con el consolidado 2025 cuando se publique.
dip-velazquez-m-elena,M. Elena Velázquez,Diputados nacionales,Diputado/a nacional,Buenos Aires,UNIÓN POR LA PATRIA,sin_presentacion_localizada_en_listados_2025_2026,https://www.hcdn.gob.ar/institucional/transparencia/declaraciones_juradas/index.html,sin_nombre_compatible_oa_2017_2024,,,sin_registro_oa_2017_2024,freezado,2026-09-02,"Expansión pausada para priorizar profundidad analítica en las trayectorias ya publicadas. El freeze no equivale a descarte, incumplimiento ni patrimonio cero.",5,"Buscar fuente del régimen actual y documentar publicado, reservado o no localizado."
dip-vera-andrea-fernanda,Andrea Fernanda Vera,Diputados nacionales,Diputado/a nacional,Buenos Aires,LA LIBERTAD AVANZA,presentacion_2025_2026_localizada,https://www.hcdn.gob.ar/institucional/transparencia/declaraciones_juradas/index.html,sin_nombre_compatible_oa_2017_2024,,,sin_registro_oa_2017_2024,freezado,2026-09-02,"Expansión pausada para priorizar profundidad analítica en las trayectorias ya publicadas. El freeze no equivale a descarte, incumplimiento ni patrimonio cero.",5,"Buscar fuente del régimen actual y documentar publicado, reservado o no localizado."
dip-verasay-pamela-fernanda,Pamela Fernanda Verasay,Diputados nacionales,Diputado/a nacional,Mendoza,UCR - UNIÓN CÍVICA RADICAL,presentacion_2025_2026_localizada,https://www.hcdn.gob.ar/institucional/transparencia/declaraciones_juradas/index.html,nombre_compatible_unico_en_oa,VERASAY PAMELA FERNANDA,2017|2018|2019|2020|2021|2022|2023|2024,identidad_confirmada_cruce_oficial,cerrado_publicable,2026-09-02,Trayectoria publicada con controles reproducibles.,4,Serie normalizada y contrafactuales incorporados; actualizar con el consolidado 2025 cuando se publique.
dip-villaverde-lorena,Lorena Villaverde,Diputados nacionales,Diputado/a nacional,Rio Negro,LA LIBERTAD AVANZA,sin_presentacion_localizada_en_listados_2025_2026,https://www.hcdn.gob.ar/institucional/transparencia/declaraciones_juradas/index.html,sin_nombre_compatible_oa_2017_2024,,,sin_registro_oa_2017_2024,freezado,2026-09-02,"Expansión pausada para priorizar profundidad analítica en las trayectorias ya publicadas. El freeze no equivale a descarte, incumplimiento ni patrimonio cero.",5,"Buscar fuente del régimen actual y documentar publicado, reservado o no localizado."
dip-visconti-gino,Gino Visconti,Diputados nacionales,Diputado/a nacional,La Rioja,LA LIBERTAD AVANZA,presentacion_2025_2026_localizada,https://www.hcdn.gob.ar/institucional/transparencia/declaraciones_juradas/index.html,sin_nombre_compatible_oa_2017_2024,,,sin_registro_oa_2017_2024,freezado,2026-09-02,"Expansión pausada para priorizar profundidad analítica en las trayectorias ya publicadas. El freeze no equivale a descarte, incumplimiento ni patrimonio cero.",5,"Buscar fuente del régimen actual y documentar publicado, reservado o no localizado."
dip-volnovich-luana,Luana Volnovich,Diputados nacionales,Diputado/a nacional,Buenos Aires,UNIÓN POR LA PATRIA,presentacion_2025_2026_localizada,https://www.hcdn.gob.ar/institucional/transparencia/declaraciones_juradas/index.html,nombre_compatible_unico_en_oa,VOLNOVICH LUANA,2017|2018|2019|2020|2021|2022|2023|2024,identidad_confirmada_cruce_oficial,cerrado_publicable,2026-09-02,Trayectoria publicada con controles reproducibles.,2,Serie normalizada y contrafactuales incorporados; actualizar con el consolidado 2025 cuando se publique.
dip-yasky-hugo,Hugo Yasky,Diputados nacionales,Diputado/a nacional,Buenos Aires,UNIÓN POR LA PATRIA,presentacion_2025_2026_localizada,https://www.hcdn.gob.ar/institucional/transparencia/declaraciones_juradas/index.html,nombre_compatible_unico_en_oa,YASKY HUGO RUBEN,2017|2018|2019|2020|2021|2022|2023|2024,identidad_confirmada_cruce_oficial,cerrado_publicable,2026-09-02,Trayectoria publicada con controles reproducibles.,2,Serie normalizada y contrafactuales incorporados; actualizar con el consolidado 2025 cuando se publique.
dip-yedlin-pablo-raul,Pablo Raúl Yedlin,Diputados nacionales,Diputado/a nacional,Tucuman,UNIÓN POR LA PATRIA,presentacion_2025_2026_localizada,https://www.hcdn.gob.ar/institucional/transparencia/declaraciones_juradas/index.html,nombre_compatible_unico_en_oa,YEDLIN PABLO RAUL,2017|2018|2019|2020|2021|2022|2023|2024,identidad_confirmada_cruce_oficial,cerrado_publicable,2026-09-02,Trayectoria publicada con controles reproducibles.,4,Serie normalizada y contrafactuales incorporados; actualizar con el consolidado 2025 cuando se publique.
dip-yeza-martin,Martín Yeza,Diputados nacionales,Diputado/a nacional,Buenos Aires,PRO,presentacion_2025_2026_localizada,https://www.hcdn.gob.ar/institucional/transparencia/declaraciones_juradas/index.html,nombre_compatible_unico_en_oa,YEZA MARTIN IVAN,2022|2023|2024,identidad_confirmada_cruce_oficial,cerrado_publicable,2026-09-02,Trayectoria publicada con controles reproducibles.,3,Serie normalizada y contrafactuales incorporados; actualizar con el consolidado 2025 cuando se publique.
dip-zago-oscar,Oscar Zago,Diputados nacionales,Diputado/a nacional,Ciudad De Buenos Aires,MID - MOVIMIENTO DE INTEGRACIÓN Y DESARROLLO,presentacion_2025_2026_localizada,https://www.hcdn.gob.ar/institucional/transparencia/declaraciones_juradas/index.html,nombre_compatible_unico_en_oa,ZAGO OSCAR ROBERTO,2022|2023|2024,identidad_confirmada_cruce_oficial,cerrado_publicable,2026-09-02,Trayectoria publicada con controles reproducibles.,3,Serie normalizada y contrafactuales incorporados; actualizar con el consolidado 2025 cuando se publique.
dip-zapata-carlos-raul,Carlos Raúl Zapata,Diputados nacionales,Diputado/a nacional,Salta,LA LIBERTAD AVANZA,sin_presentacion_localizada_en_listados_2025_2026,https://www.hcdn.gob.ar/institucional/transparencia/declaraciones_juradas/index.html,nombre_compatible_unico_en_oa,ZAPATA CARLOS RAUL,2017|2021|2022|2023|2024,revision_manual_identidad,freezado,2026-09-02,"Expansión pausada para priorizar profundidad analítica en las trayectorias ya publicadas. El freeze no equivale a descarte, incumplimiento ni patrimonio cero.",3,Resolver variaciones de nombre o identificador antes de usar importes.
dip-zaracho-natalia,Natalia Zaracho,Diputados nacionales,Diputado/a nacional,Buenos Aires,UNIÓN POR LA PATRIA,presentacion_2025_2026_localizada,https://www.hcdn.gob.ar/institucional/transparencia/declaraciones_juradas/index.html,nombre_compatible_unico_en_oa,ZARACHO NATALIA BEATRIZ,2018|2021|2022|2023|2024,identidad_confirmada_cruce_oficial,cerrado_publicable,2026-09-02,Trayectoria publicada con controles reproducibles.,3,Serie normalizada y contrafactuales incorporados; actualizar con el consolidado 2025 cuando se publique.
dip-zigaran-maria-ines,María Inés Zigarán,Diputados nacionales,Diputado/a nacional,Jujuy,PROVINCIAS UNIDAS,presentacion_2025_2026_localizada,https://www.hcdn.gob.ar/institucional/transparencia/declaraciones_juradas/index.html,sin_nombre_compatible_oa_2017_2024,,,sin_registro_oa_2017_2024,freezado,2026-09-02,"Expansión pausada para priorizar profundidad analítica en las trayectorias ya publicadas. El freeze no equivale a descarte, incumplimiento ni patrimonio cero.",5,"Buscar fuente del régimen actual y documentar publicado, reservado o no localizado."
dip-zulli-christian-alejandro,Christian Alejandro Zulli,Diputados nacionales,Diputado/a nacional,Corrientes,UNIÓN POR LA PATRIA,presentacion_2025_2026_localizada,https://www.hcdn.gob.ar/institucional/transparencia/declaraciones_juradas/index.html,nombre_compatible_unico_en_oa,ZULLI CHRISTIAN ALEJANDRO,2019|2020|2021|2022|2023|2024,identidad_confirmada_cruce_oficial,cerrado_publicable,2026-09-02,Trayectoria publicada con controles reproducibles.,1,Serie normalizada y contrafactuales incorporados; actualizar con el consolidado 2025 cuando se publique.
sen-abad-maximiliano,Maximiliano Abad,Senado nacional,Senador/a nacional,Buenos Aires,Juntos por el Cambio,presentacion_2025_localizada,https://www.senado.gob.ar/administrativo/ddjj/,nombre_compatible_unico_en_oa,ABAD MAXIMILIANO,2022|2023|2024,identidad_confirmada_cruce_oficial,cerrado_publicable,2026-09-02,Trayectoria publicada con controles reproducibles.,5,Serie normalizada y contrafactuales incorporados; actualizar con el consolidado 2025 cuando se publique.
sen-abdala-bartolome-esteban,Bartolomé Esteban Abdala,Senado nacional,Senador/a nacional,San Luis,Alianza la Libertad Avanza,presentacion_2025_localizada,https://www.senado.gob.ar/administrativo/ddjj/,nombre_compatible_unico_en_oa,ABDALA BARTOLOME ESTEBAN,2022|2023|2024,identidad_confirmada_cruce_oficial,cerrado_publicable,2026-09-02,Trayectoria publicada con controles reproducibles.,4,Serie normalizada y contrafactuales incorporados; actualizar con el consolidado 2025 cuando se publique.
sen-almeida-romina-maria,Romina María Almeida,Senado nacional,Senador/a nacional,Entre Ríos,Alianza la Libertad Avanza,presentacion_2025_localizada,https://www.senado.gob.ar/administrativo/ddjj/,nombre_compatible_unico_en_oa,ALMEIDA ROMINA MARIA,2024,identidad_confirmada_cruce_oficial,cerrado_publicable,2026-09-02,Trayectoria publicada con controles reproducibles.,5,Serie normalizada y contrafactuales incorporados; actualizar con el consolidado 2025 cuando se publique.
sen-alvarez-rivero-carmen,Carmen Alvarez Rivero,Senado nacional,Senador/a nacional,Córdoba,Juntos por el Cambio,presentacion_2025_localizada,https://www.senado.gob.ar/administrativo/ddjj/,sin_nombre_compatible_oa_2017_2024,,,sin_registro_oa_2017_2024,freezado,2026-09-02,"Expansión pausada para priorizar profundidad analítica en las trayectorias ya publicadas. El freeze no equivale a descarte, incumplimiento ni patrimonio cero.",5,"Buscar fuente del régimen actual y documentar publicado, reservado o no localizado."
sen-andrada-guillermo-eduardo,Guillermo Eduardo Andrada,Senado nacional,Senador/a nacional,Catamarca,Frente de Todos,presentacion_2025_localizada,https://www.senado.gob.ar/administrativo/ddjj/,nombre_compatible_unico_en_oa,ANDRADA GUILLERMO EDUARDO,2021|2022|2023|2024,identidad_confirmada_cruce_oficial,cerrado_publicable,2026-09-02,Trayectoria publicada con controles reproducibles.,5,Serie normalizada y contrafactuales incorporados; actualizar con el consolidado 2025 cuando se publique.
sen-arce-carlos-omar,Carlos Omar Arce,Senado nacional,Senador/a nacional,Misiones,Frente Renovador de la Concordia-Innovación Federal,presentacion_2025_localizada,https://www.senado.gob.ar/administrativo/ddjj/,nombre_compatible_unico_en_oa,ARCE CARLOS OMAR,2022|2023|2024,identidad_confirmada_cruce_oficial,cerrado_publicable,2026-09-02,Trayectoria publicada con controles reproducibles.,5,Serie normalizada y contrafactuales incorporados; actualizar con el consolidado 2025 cuando se publique.
sen-arrascaeta-ivanna-marcela,Ivanna Marcela Arrascaeta,Senado nacional,Senador/a nacional,San Luis,Alianza la Libertad Avanza,sin_presentacion_2025_localizada,https://www.senado.gob.ar/administrativo/ddjj/,nombre_compatible_unico_en_oa,ARRASCAETA IVANNA MARCELA,2022,revision_manual_identidad,freezado,2026-09-02,"Expansión pausada para priorizar profundidad analítica en las trayectorias ya publicadas. El freeze no equivale a descarte, incumplimiento ni patrimonio cero.",3,Resolver variaciones de nombre o identificador antes de usar importes.
sen-atauche-ezequiel,Ezequiel Atauche,Senado nacional,Senador/a nacional,Jujuy,Partido Renovador Federal,presentacion_2025_localizada,https://www.senado.gob.ar/administrativo/ddjj/,nombre_compatible_unico_en_oa,ATAUCHE EZEQUIEL,2022|2023|2024,identidad_confirmada_cruce_oficial,cerrado_publicable,2026-09-02,Trayectoria publicada con controles reproducibles.,5,Serie normalizada y contrafactuales incorporados; actualizar con el consolidado 2025 cuando se publique.
sen-avila-beatriz-luisa,Beatriz Luisa Avila,Senado nacional,Senador/a nacional,Tucumán,Juntos por el Cambio,presentacion_2025_localizada,https://www.senado.gob.ar/administrativo/ddjj/,nombre_compatible_unico_en_oa,AVILA BEATRIZ LUISA,2017|2018|2019|2020|2021|2022|2023|2024,identidad_confirmada_cruce_oficial,cerrado_publicable,2026-09-02,Trayectoria publicada con controles reproducibles.,4,Serie normalizada y contrafactuales incorporados; actualizar con el consolidado 2025 cuando se publique.
sen-bahl-adan-humberto,Adán Humberto Bahl,Senado nacional,Senador/a nacional,Entre Ríos,Fuerza Entre Ríos,presentacion_2025_localizada,https://www.senado.gob.ar/administrativo/ddjj/,nombre_compatible_unico_en_oa,BAHL ADAN HUMBERTO,2024,identidad_confirmada_cruce_oficial,cerrado_publicable,2026-09-02,Trayectoria publicada con controles reproducibles.,4,Serie normalizada y contrafactuales incorporados; actualizar con el consolidado 2025 cuando se publique.
sen-bedia-vilma-facunda,Vilma Facunda Bedia,Senado nacional,Senador/a nacional,Jujuy,Partido Renovador Federal,sin_presentacion_2025_localizada,https://www.senado.gob.ar/administrativo/ddjj/,nombre_compatible_unico_en_oa,BEDIA VILMA FACUNDA,2022|2023|2024,revision_manual_identidad,freezado,2026-09-02,"Expansión pausada para priorizar profundidad analítica en las trayectorias ya publicadas. El freeze no equivale a descarte, incumplimiento ni patrimonio cero.",3,Resolver variaciones de nombre o identificador antes de usar importes.
sen-benegas-lynch-joaquin-alberto,Joaquín Alberto Benegas Lynch,Senado nacional,Senador/a nacional,Entre Ríos,Alianza la Libertad Avanza,sin_presentacion_2025_localizada,https://www.senado.gob.ar/administrativo/ddjj/,sin_nombre_compatible_oa_2017_2024,,,sin_registro_oa_2017_2024,freezado,2026-09-02,"Expansión pausada para priorizar profundidad analítica en las trayectorias ya publicadas. El freeze no equivale a descarte, incumplimiento ni patrimonio cero.",5,"Buscar fuente del régimen actual y documentar publicado, reservado o no localizado."
sen-bensusan-daniel-pablo,Daniel Pablo Bensusán,Senado nacional,Senador/a nacional,La Pampa,Frente de Todos,presentacion_2025_localizada,https://www.senado.gob.ar/administrativo/ddjj/,nombre_compatible_unico_en_oa,BENSUSAN DANIEL PABLO,2021|2022|2023|2024,identidad_confirmada_cruce_oficial,cerrado_publicable,2026-09-02,Trayectoria publicada con controles reproducibles.,5,Serie normalizada y contrafactuales incorporados; actualizar con el consolidado 2025 cuando se publique.
sen-bullrich-patricia,Patricia Bullrich,Senado nacional,Senador/a nacional,Ciudad Autónoma de Buenos Aires,Alianza la Libertad Avanza,presentacion_2025_localizada,https://www.senado.gob.ar/administrativo/ddjj/,nombre_compatible_unico_en_oa,BULLRICH PATRICIA,2017|2018|2019|2022|2023|2024,identidad_confirmada_cruce_oficial,cerrado_publicable,2026-09-02,Trayectoria publicada con controles reproducibles.,19,Serie normalizada y contrafactuales incorporados; actualizar con el consolidado 2025 cuando se publique.
sen-capitanich-jorge-milton,Jorge Milton Capitanich,Senado nacional,Senador/a nacional,Chaco,Fuerza Patria,presentacion_2025_localizada,https://www.senado.gob.ar/administrativo/ddjj/,sin_nombre_compatible_oa_2017_2024,,,sin_registro_oa_2017_2024,freezado,2026-09-02,"Expansión pausada para priorizar profundidad analítica en las trayectorias ya publicadas. El freeze no equivale a descarte, incumplimiento ni patrimonio cero.",5,"Buscar fuente del régimen actual y documentar publicado, reservado o no localizado."
sen-carambia-jose-maria,José María Carambia,Senado nacional,Senador/a nacional,Santa Cruz,Alianza por Santa Cruz,sin_presentacion_2025_localizada,https://www.senado.gob.ar/administrativo/ddjj/,nombre_compatible_unico_en_oa,CARAMBIA JOSE MARIA,2023|2024,revision_manual_identidad,freezado,2026-09-02,"Expansión pausada para priorizar profundidad analítica en las trayectorias ya publicadas. El freeze no equivale a descarte, incumplimiento ni patrimonio cero.",3,Resolver variaciones de nombre o identificador antes de usar importes.
sen-cervi-mario-pablo,Mario Pablo Cervi,Senado nacional,Senador/a nacional,Neuquén,Alianza la Libertad Avanza,sin_presentacion_2025_localizada,https://www.senado.gob.ar/administrativo/ddjj/,nombre_compatible_unico_en_oa,CERVI MARIO PABLO,2018|2020|2021|2022|2023|2024,revision_manual_identidad,freezado,2026-09-02,"Expansión pausada para priorizar profundidad analítica en las trayectorias ya publicadas. El freeze no equivale a descarte, incumplimiento ni patrimonio cero.",3,Resolver variaciones de nombre o identificador antes de usar importes.
sen-corpacci-lucia-benigna,Lucía Benigna Corpacci,Senado nacional,Senador/a nacional,Catamarca,Frente de Todos,sin_presentacion_2025_localizada,https://www.senado.gob.ar/administrativo/ddjj/,nombre_compatible_unico_en_oa,CORPACCI LUCIA BENIGNA,2019|2020|2021|2022,revision_manual_identidad,freezado,2026-09-02,"Expansión pausada para priorizar profundidad analítica en las trayectorias ya publicadas. El freeze no equivale a descarte, incumplimiento ni patrimonio cero.",3,Resolver variaciones de nombre o identificador antes de usar importes.
sen-corroza-julieta,Julieta Corroza,Senado nacional,Senador/a nacional,Neuquén,La Neuquinidad,sin_presentacion_2025_localizada,https://www.senado.gob.ar/administrativo/ddjj/,nombre_compatible_unico_en_oa,CORROZA JULIETA,2024,revision_manual_identidad,freezado,2026-09-02,"Expansión pausada para priorizar profundidad analítica en las trayectorias ya publicadas. El freeze no equivale a descarte, incumplimiento ni patrimonio cero.",3,Resolver variaciones de nombre o identificador antes de usar importes.
sen-coto-agustin-pedro,Agustín Pedro Coto,Senado nacional,Senador/a nacional,"Tierra del Fuego, Antártida e Islas del Atlántico Sur",Alianza la Libertad Avanza,presentacion_2025_localizada,https://www.senado.gob.ar/administrativo/ddjj/,nombre_compatible_unico_en_oa,COTO AGUSTIN PEDRO,2024,identidad_confirmada_cruce_oficial,cerrado_publicable,2026-09-02,Trayectoria publicada con controles reproducibles.,4,Serie normalizada y contrafactuales incorporados; actualizar con el consolidado 2025 cuando se publique.
sen-cristina-andrea-marcela,Andrea Marcela Cristina,Senado nacional,Senador/a nacional,Chubut,Juntos por el Cambio Chubut,sin_presentacion_2025_localizada,https://www.senado.gob.ar/administrativo/ddjj/,nombre_compatible_unico_en_oa,CRISTINA ANDREA MARCELA,2021|2023,revision_manual_identidad,freezado,2026-09-02,"Expansión pausada para priorizar profundidad analítica en las trayectorias ya publicadas. El freeze no equivale a descarte, incumplimiento ni patrimonio cero.",3,Resolver variaciones de nombre o identificador antes de usar importes.
sen-de-pedro-eduardo-enrique,Eduardo Enrique de Pedro,Senado nacional,Senador/a nacional,Buenos Aires,Alianza Unión por la Patria,sin_presentacion_2025_localizada,https://www.senado.gob.ar/administrativo/ddjj/,nombre_compatible_unico_en_oa,DE PEDRO EDUARDO ENRIQUE,2017|2018|2019|2020|2021|2022|2023|2024,revision_manual_identidad,freezado,2026-09-02,"Expansión pausada para priorizar profundidad analítica en las trayectorias ya publicadas. El freeze no equivale a descarte, incumplimiento ni patrimonio cero.",3,Resolver variaciones de nombre o identificador antes de usar importes.
sen-di-tullio-juliana,Juliana di Tullio,Senado nacional,Senador/a nacional,Buenos Aires,Alianza Unión por la Patria,sin_presentacion_2025_localizada,https://www.senado.gob.ar/administrativo/ddjj/,nombre_compatible_unico_en_oa,DI TULLIO JULIANA,2017|2021|2022|2023|2024,revision_manual_identidad,freezado,2026-09-02,"Expansión pausada para priorizar profundidad analítica en las trayectorias ya publicadas. El freeze no equivale a descarte, incumplimiento ni patrimonio cero.",3,Resolver variaciones de nombre o identificador antes de usar importes.
sen-espinola-carlos-mauricio,Carlos Mauricio Espínola,Senado nacional,Senador/a nacional,Corrientes,Frente Todos,sin_presentacion_2025_localizada,https://www.senado.gob.ar/administrativo/ddjj/,nombre_compatible_unico_en_oa,ESPINOLA CARLOS MAURICIO,2017|2018|2019|2020|2021|2022,revision_manual_identidad,freezado,2026-09-02,"Expansión pausada para priorizar profundidad analítica en las trayectorias ya publicadas. El freeze no equivale a descarte, incumplimiento ni patrimonio cero.",3,Resolver variaciones de nombre o identificador antes de usar importes.
sen-fama-flavio-sergio,Flavio Sergio Fama,Senado nacional,Senador/a nacional,Catamarca,Juntos por el Cambio,presentacion_2025_localizada,https://www.senado.gob.ar/administrativo/ddjj/,nombre_compatible_unico_en_oa,FAMA FLAVIO SERGIO,2017|2018|2019|2020|2021|2022|2023|2024,identidad_confirmada_cruce_oficial,cerrado_publicable,2026-09-02,Trayectoria publicada con controles reproducibles.,5,Serie normalizada y contrafactuales incorporados; actualizar con el consolidado 2025 cuando se publique.
sen-fernandez-sagasti-anabel,Anabel Fernández Sagasti,Senado nacional,Senador/a nacional,Mendoza,Justicialista,presentacion_2025_localizada,https://www.senado.gob.ar/administrativo/ddjj/,nombre_compatible_unico_en_oa,FERNANDEZ SAGASTI ANABEL,2017|2018|2019|2020|2021|2022|2023|2024,identidad_confirmada_cruce_oficial,cerrado_publicable,2026-09-02,Trayectoria publicada con controles reproducibles.,4,Serie normalizada y contrafactuales incorporados; actualizar con el consolidado 2025 cuando se publique.
sen-fullone-enzo-paolo,Enzo Paolo Fullone,Senado nacional,Senador/a nacional,Río Negro,Alianza la Libertad Avanza,presentacion_2025_localizada,https://www.senado.gob.ar/administrativo/ddjj/,nombre_compatible_unico_en_oa,FULLONE ENZO PAOLO,2024,revision_manual_identidad,freezado,2026-09-02,"Expansión pausada para priorizar profundidad analítica en las trayectorias ya publicadas. El freeze no equivale a descarte, incumplimiento ni patrimonio cero.",3,Resolver variaciones de nombre o identificador antes de usar importes.
sen-gadano-natalia-elena,Natalia Elena Gadano,Senado nacional,Senador/a nacional,Santa Cruz,Alianza por Santa Cruz,presentacion_2025_localizada,https://www.senado.gob.ar/administrativo/ddjj/,nombre_compatible_unico_en_oa,GADANO NATALIA ELENA,2017|2018|2019|2020|2023|2024,identidad_confirmada_cruce_oficial,cerrado_publicable,2026-09-02,Trayectoria publicada con controles reproducibles.,5,Serie normalizada y contrafactuales incorporados; actualizar con el consolidado 2025 cuando se publique.
sen-galaretto-eduardo-horacio,Eduardo Horacio Galaretto,Senado nacional,Senador/a nacional,Santa Fe,Juntos por el Cambio,presentacion_2025_localizada,https://www.senado.gob.ar/administrativo/ddjj/,nombre_compatible_unico_en_oa,GALARETTO EDUARDO HORACIO,2020|2023|2024,identidad_confirmada_cruce_oficial,cerrado_publicable,2026-09-02,Trayectoria publicada con controles reproducibles.,5,Serie normalizada y contrafactuales incorporados; actualizar con el consolidado 2025 cuando se publique.
sen-gimenez-navarro-maria-celeste,María Celeste Giménez Navarro,Senado nacional,Senador/a nacional,San Juan,Alianza Unión por la Patria,presentacion_2025_localizada,https://www.senado.gob.ar/administrativo/ddjj/,nombre_compatible_unico_en_oa,GIMENEZ NAVARRO MARIA CELESTE,2023|2024,identidad_confirmada_cruce_oficial,cerrado_publicable,2026-09-02,Trayectoria publicada con controles reproducibles.,5,Serie normalizada y contrafactuales incorporados; actualizar con el consolidado 2025 cuando se publique.
sen-godoy-juan-cruz,Juan Cruz Godoy,Senado nacional,Senador/a nacional,Chaco,Alianza la Libertad Avanza,presentacion_2025_localizada,https://www.senado.gob.ar/administrativo/ddjj/,sin_nombre_compatible_oa_2017_2024,,,sin_registro_oa_2017_2024,freezado,2026-09-02,"Expansión pausada para priorizar profundidad analítica en las trayectorias ya publicadas. El freeze no equivale a descarte, incumplimiento ni patrimonio cero.",5,"Buscar fuente del régimen actual y documentar publicado, reservado o no localizado."
sen-goerling-lara-enrique-martin,Enrique Martín Goerling Lara,Senado nacional,Senador/a nacional,Misiones,Juntos por el Cambio,sin_presentacion_2025_localizada,https://www.senado.gob.ar/administrativo/ddjj/,nombre_compatible_unico_en_oa,GOERLING LARA ENRIQUE MARTIN,2017|2018|2022|2023|2024,revision_manual_identidad,freezado,2026-09-02,"Expansión pausada para priorizar profundidad analítica en las trayectorias ya publicadas. El freeze no equivale a descarte, incumplimiento ni patrimonio cero.",3,Resolver variaciones de nombre o identificador antes de usar importes.
sen-gonzalez-maria-teresa-margarita,María Teresa Margarita González,Senado nacional,Senador/a nacional,Formosa,Alianza Unión por la Patria,presentacion_2025_localizada,https://www.senado.gob.ar/administrativo/ddjj/,sin_nombre_compatible_oa_2017_2024,,,sin_registro_oa_2017_2024,freezado,2026-09-02,"Expansión pausada para priorizar profundidad analítica en las trayectorias ya publicadas. El freeze no equivale a descarte, incumplimiento ni patrimonio cero.",5,"Buscar fuente del régimen actual y documentar publicado, reservado o no localizado."
sen-guzman-coraita-gonzalo,Gonzalo Guzmán Coraita,Senado nacional,Senador/a nacional,Salta,Alianza la Libertad Avanza,sin_presentacion_2025_localizada,https://www.senado.gob.ar/administrativo/ddjj/,sin_nombre_compatible_oa_2017_2024,,,sin_registro_oa_2017_2024,freezado,2026-09-02,"Expansión pausada para priorizar profundidad analítica en las trayectorias ya publicadas. El freeze no equivale a descarte, incumplimiento ni patrimonio cero.",5,"Buscar fuente del régimen actual y documentar publicado, reservado o no localizado."
sen-huala-maria-victoria,María Victoria Huala,Senado nacional,Senador/a nacional,La Pampa,Juntos por el Cambio,presentacion_2025_localizada,https://www.senado.gob.ar/administrativo/ddjj/,nombre_compatible_unico_en_oa,HUALA MARIA VICTORIA,2020|2021|2022|2023|2024,identidad_confirmada_cruce_oficial,cerrado_publicable,2026-09-02,Trayectoria publicada con controles reproducibles.,5,Serie normalizada y contrafactuales incorporados; actualizar con el consolidado 2025 cuando se publique.
sen-juez-luis-alfredo,Luis Alfredo Juez,Senado nacional,Senador/a nacional,Córdoba,Juntos por el Cambio,presentacion_2025_localizada,https://www.senado.gob.ar/administrativo/ddjj/,nombre_compatible_unico_en_oa,JUEZ LUIS ALFREDO,2017|2018|2019|2020|2021|2022|2023|2024,identidad_confirmada_cruce_oficial,cerrado_publicable,2026-09-02,Trayectoria publicada con controles reproducibles.,5,Serie normalizada y contrafactuales incorporados; actualizar con el consolidado 2025 cuando se publique.
sen-juri-mariana,Mariana Juri,Senado nacional,Senador/a nacional,Mendoza,Frente Cambia Mendoza,presentacion_2025_localizada,https://www.senado.gob.ar/administrativo/ddjj/,nombre_compatible_unico_en_oa,JURI MARIANA,2020|2021|2022|2023|2024,identidad_confirmada_cruce_oficial,cerrado_publicable,2026-09-02,Trayectoria publicada con controles reproducibles.,5,Serie normalizada y contrafactuales incorporados; actualizar con el consolidado 2025 cuando se publique.
sen-kirchner-alicia-margarita-antonia,Alicia Margarita Antonia Kirchner,Senado nacional,Senador/a nacional,Santa Cruz,Alianza Unión por la Patria,presentacion_2025_localizada,https://www.senado.gob.ar/administrativo/ddjj/,nombre_compatible_unico_en_oa,KIRCHNER ALICIA MARGARITA ANTONIA,2023|2024,identidad_confirmada_cruce_oficial,cerrado_publicable,2026-09-02,Trayectoria publicada con controles reproducibles.,4,Serie normalizada y contrafactuales incorporados; actualizar con el consolidado 2025 cuando se publique.
sen-kroneberger-daniel-ricardo,Daniel Ricardo Kroneberger,Senado nacional,Senador/a nacional,La Pampa,Juntos por el Cambio,presentacion_2025_localizada,https://www.senado.gob.ar/administrativo/ddjj/,nombre_compatible_unico_en_oa,KRONEBERGER DANIEL RICARDO,2017|2018|2020|2021|2022|2023|2024,identidad_confirmada_cruce_oficial,cerrado_publicable,2026-09-02,Trayectoria publicada con controles reproducibles.,5,Serie normalizada y contrafactuales incorporados; actualizar con el consolidado 2025 cuando se publique.
sen-lewandowski-marcelo-nestor,Marcelo Néstor Lewandowski,Senado nacional,Senador/a nacional,Santa Fe,Frente de Todos,presentacion_2025_localizada,https://www.senado.gob.ar/administrativo/ddjj/,nombre_compatible_unico_en_oa,LEWANDOWSKI MARCELO NESTOR,2020|2021|2022|2023|2024,identidad_confirmada_cruce_oficial,cerrado_publicable,2026-09-02,Trayectoria publicada con controles reproducibles.,5,Serie normalizada y contrafactuales incorporados; actualizar con el consolidado 2025 cuando se publique.
sen-linares-carlos-alberto,Carlos Alberto Linares,Senado nacional,Senador/a nacional,Chubut,Frente de Todos,presentacion_2025_localizada,https://www.senado.gob.ar/administrativo/ddjj/,nombre_compatible_unico_en_oa,LINARES CARLOS ALBERTO,2021|2022|2023|2024,identidad_confirmada_cruce_oficial,cerrado_publicable,2026-09-02,Trayectoria publicada con controles reproducibles.,4,Serie normalizada y contrafactuales incorporados; actualizar con el consolidado 2025 cuando se publique.
sen-lopez-candida-cristina,Cándida Cristina López,Senado nacional,Senador/a nacional,"Tierra del Fuego, Antártida e Islas del Atlántico Sur",Alianza Frente de Todos,sin_presentacion_2025_localizada,https://www.senado.gob.ar/administrativo/ddjj/,nombre_compatible_unico_en_oa,LOPEZ CANDIDA CRISTINA,2018|2023|2024,revision_manual_identidad,freezado,2026-09-02,"Expansión pausada para priorizar profundidad analítica en las trayectorias ya publicadas. El freeze no equivale a descarte, incumplimiento ni patrimonio cero.",3,Resolver variaciones de nombre o identificador antes de usar importes.
sen-lopez-maria-florencia,María Florencia López,Senado nacional,Senador/a nacional,La Rioja,Alianza Unión por la Patria,presentacion_2025_localizada,https://www.senado.gob.ar/administrativo/ddjj/,nombre_compatible_unico_en_oa,LOPEZ MARIA FLORENCIA,2017|2022|2023,revision_manual_identidad,freezado,2026-09-02,"Expansión pausada para priorizar profundidad analítica en las trayectorias ya publicadas. El freeze no equivale a descarte, incumplimiento ni patrimonio cero.",3,Resolver variaciones de nombre o identificador antes de usar importes.
sen-losada-carolina,Carolina Losada,Senado nacional,Senador/a nacional,Santa Fe,Juntos por el Cambio,presentacion_2025_localizada,https://www.senado.gob.ar/administrativo/ddjj/,nombre_compatible_unico_en_oa,LOSADA CAROLINA,2020|2021|2022|2023|2024,identidad_confirmada_cruce_oficial,cerrado_publicable,2026-09-02,Trayectoria publicada con controles reproducibles.,5,Serie normalizada y contrafactuales incorporados; actualizar con el consolidado 2025 cuando se publique.
sen-manzur-juan-luis,Juan Luis Manzur,Senado nacional,Senador/a nacional,Tucumán,Alianza Frente de Todos,presentacion_2025_localizada,https://www.senado.gob.ar/administrativo/ddjj/,nombre_compatible_unico_en_oa,MANZUR JUAN LUIS,2021|2022|2023|2024,identidad_confirmada_cruce_oficial,cerrado_publicable,2026-09-02,Trayectoria publicada con controles reproducibles.,5,Serie normalizada y contrafactuales incorporados; actualizar con el consolidado 2025 cuando se publique.
sen-marks-ana-ines,Ana Inés Marks,Senado nacional,Senador/a nacional,Río Negro,Fuerza Patria,presentacion_2025_localizada,https://www.senado.gob.ar/administrativo/ddjj/,nombre_compatible_unico_en_oa,MARKS ANA INES,2020|2021|2022|2023|2024,identidad_confirmada_cruce_oficial,cerrado_publicable,2026-09-02,Trayectoria publicada con controles reproducibles.,4,Serie normalizada y contrafactuales incorporados; actualizar con el consolidado 2025 cuando se publique.
sen-marquez-nadia-judith,Nadia Judith Márquez,Senado nacional,Senador/a nacional,Neuquén,Alianza la Libertad Avanza,presentacion_2025_localizada,https://www.senado.gob.ar/administrativo/ddjj/,nombre_compatible_unico_en_oa,MARQUEZ NADIA JUDITH,2022|2023|2024,identidad_confirmada_cruce_oficial,cerrado_publicable,2026-09-02,Trayectoria publicada con controles reproducibles.,5,Serie normalizada y contrafactuales incorporados; actualizar con el consolidado 2025 cuando se publique.
sen-mayans-jose-miguel-angel,José Miguel Ángel Mayans,Senado nacional,Senador/a nacional,Formosa,Alianza Unión por la Patria,sin_presentacion_2025_localizada,https://www.senado.gob.ar/administrativo/ddjj/,nombre_compatible_unico_en_oa,MAYANS JOSE MIGUEL ANGEL,2017|2018|2019|2020|2021|2022|2023|2024,revision_manual_identidad,freezado,2026-09-02,"Expansión pausada para priorizar profundidad analítica en las trayectorias ya publicadas. El freeze no equivale a descarte, incumplimiento ni patrimonio cero.",3,Resolver variaciones de nombre o identificador antes de usar importes.
sen-mendoza-sandra-mariela,Sandra Mariela Mendoza,Senado nacional,Senador/a nacional,Tucumán,Frente de Todos,presentacion_2025_localizada,https://www.senado.gob.ar/administrativo/ddjj/,nombre_compatible_unico_en_oa,MENDOZA SANDRA MARIELA,2020|2021|2022|2023|2024,identidad_confirmada_cruce_oficial,cerrado_publicable,2026-09-02,Trayectoria publicada con controles reproducibles.,5,Serie normalizada y contrafactuales incorporados; actualizar con el consolidado 2025 cuando se publique.
sen-moises-maria-carolina,María Carolina Moises,Senado nacional,Senador/a nacional,Jujuy,Alianza Unión por la Patria,sin_presentacion_2025_localizada,https://www.senado.gob.ar/administrativo/ddjj/,nombre_compatible_unico_en_oa,MOISES MARIA CAROLINA,2017|2018|2023|2024,revision_manual_identidad,freezado,2026-09-02,"Expansión pausada para priorizar profundidad analítica en las trayectorias ya publicadas. El freeze no equivale a descarte, incumplimiento ni patrimonio cero.",3,Resolver variaciones de nombre o identificador antes de usar importes.
sen-monte-de-oca-maria-belen,María Belén Monte de Oca,Senado nacional,Senador/a nacional,"Tierra del Fuego, Antártida e Islas del Atlántico Sur",Alianza la Libertad Avanza,presentacion_2025_localizada,https://www.senado.gob.ar/administrativo/ddjj/,nombre_compatible_unico_en_oa,MONTE DE OCA MARIA BELEN,2018|2024,identidad_confirmada_cruce_oficial,cerrado_publicable,2026-09-02,Trayectoria publicada con controles reproducibles.,5,Serie normalizada y contrafactuales incorporados; actualizar con el consolidado 2025 cuando se publique.
sen-monteverde-agustin-anibal,Agustín Aníbal Monteverde,Senado nacional,Senador/a nacional,Ciudad Autónoma de Buenos Aires,Alianza la Libertad Avanza,presentacion_2025_localizada,https://www.senado.gob.ar/administrativo/ddjj/,nombre_compatible_unico_en_oa,MONTEVERDE AGUSTIN ANIBAL,2024,identidad_confirmada_cruce_oficial,cerrado_publicable,2026-09-02,Trayectoria publicada con controles reproducibles.,4,Serie normalizada y contrafactuales incorporados; actualizar con el consolidado 2025 cuando se publique.
sen-moreno-elia-esther-del-carmen,Elia Esther del Carmen Moreno,Senado nacional,Senador/a nacional,Santiago del Estero,Frente Cívico por Santiago,presentacion_2025_localizada,https://www.senado.gob.ar/administrativo/ddjj/,sin_nombre_compatible_oa_2017_2024,,,sin_registro_oa_2017_2024,freezado,2026-09-02,"Expansión pausada para priorizar profundidad analítica en las trayectorias ya publicadas. El freeze no equivale a descarte, incumplimiento ni patrimonio cero.",5,"Buscar fuente del régimen actual y documentar publicado, reservado o no localizado."
sen-neder-jose-emilio,José Emilio Neder,Senado nacional,Senador/a nacional,Santiago del Estero,Frente Fuerza Patria Peronista,presentacion_2025_localizada,https://www.senado.gob.ar/administrativo/ddjj/,nombre_compatible_unico_en_oa,NEDER JOSE EMILIO,2018|2019|2020|2021|2022|2023|2024,identidad_confirmada_cruce_oficial,cerrado_publicable,2026-09-02,Trayectoria publicada con controles reproducibles.,5,Serie normalizada y contrafactuales incorporados; actualizar con el consolidado 2025 cuando se publique.
sen-olivera-lucero-bruno-antonio,Bruno Antonio Olivera Lucero,Senado nacional,Senador/a nacional,San Juan,Alianza la Libertad Avanza,presentacion_2025_localizada,https://www.senado.gob.ar/administrativo/ddjj/,nombre_compatible_unico_en_oa,OLIVERA LUCERO BRUNO ANTONIO,2022|2023|2024,identidad_confirmada_cruce_oficial,cerrado_publicable,2026-09-02,Trayectoria publicada con controles reproducibles.,4,Serie normalizada y contrafactuales incorporados; actualizar con el consolidado 2025 cuando se publique.
sen-orozco-maria-emilia,María Emilia Orozco,Senado nacional,Senador/a nacional,Salta,Alianza la Libertad Avanza,presentacion_2025_localizada,https://www.senado.gob.ar/administrativo/ddjj/,nombre_compatible_unico_en_oa,OROZCO MARIA EMILIA,2022|2023|2024,revision_manual_identidad,freezado,2026-09-02,"Expansión pausada para priorizar profundidad analítica en las trayectorias ya publicadas. El freeze no equivale a descarte, incumplimiento ni patrimonio cero.",3,Resolver variaciones de nombre o identificador antes de usar importes.
sen-pagotto-juan-carlos,Juan Carlos Pagotto,Senado nacional,Senador/a nacional,La Rioja,Alianza la Libertad Avanza,sin_presentacion_2025_localizada,https://www.senado.gob.ar/administrativo/ddjj/,nombre_compatible_unico_en_oa,PAGOTTO JUAN CARLOS,2023,revision_manual_identidad,freezado,2026-09-02,"Expansión pausada para priorizar profundidad analítica en las trayectorias ya publicadas. El freeze no equivale a descarte, incumplimiento ni patrimonio cero.",3,Resolver variaciones de nombre o identificador antes de usar importes.
sen-paoltroni-francisco-manuel,Francisco Manuel Paoltroni,Senado nacional,Senador/a nacional,Formosa,Alianza la Libertad Avanza,presentacion_2025_localizada,https://www.senado.gob.ar/administrativo/ddjj/,nombre_compatible_unico_en_oa,PAOLTRONI FRANCISCO MANUEL,2022|2023|2024,identidad_confirmada_cruce_oficial,cerrado_publicable,2026-09-02,Trayectoria publicada con controles reproducibles.,5,Serie normalizada y contrafactuales incorporados; actualizar con el consolidado 2025 cuando se publique.
sen-recalde-mariano,Mariano Recalde,Senado nacional,Senador/a nacional,Ciudad Autónoma de Buenos Aires,Fuerza Patria,sin_presentacion_2025_localizada,https://www.senado.gob.ar/administrativo/ddjj/,coincidencia_multiple_revisar_homonimia,RECALDE MARIANO | RECALDE MARIANO RAUL,2018|2019|2020|2021|2022|2023|2024,identidad_confirmada_cruce_oficial,cerrado_publicable,2026-09-02,Trayectoria publicada con controles reproducibles.,13,Serie normalizada y contrafactuales incorporados; actualizar con el consolidado 2025 cuando se publique.
sen-rejal-jesus-fernando,Jesús Fernando Rejal,Senado nacional,Senador/a nacional,La Rioja,Alianza Unión por la Patria,presentacion_2025_localizada,https://www.senado.gob.ar/administrativo/ddjj/,nombre_compatible_unico_en_oa,REJAL JESUS FERNANDO,2022|2023|2024,identidad_confirmada_cruce_oficial,cerrado_publicable,2026-09-02,Trayectoria publicada con controles reproducibles.,5,Serie normalizada y contrafactuales incorporados; actualizar con el consolidado 2025 cuando se publique.
sen-rojas-decut-sonia-elizabeth,Sonia Elizabeth Rojas Decut,Senado nacional,Senador/a nacional,Misiones,Frente Renovador de la Concordia-Innovación Federal,presentacion_2025_localizada,https://www.senado.gob.ar/administrativo/ddjj/,nombre_compatible_unico_en_oa,ROJAS DECUT SONIA ELIZABETH,2023|2024,identidad_confirmada_cruce_oficial,cerrado_publicable,2026-09-02,Trayectoria publicada con controles reproducibles.,5,Serie normalizada y contrafactuales incorporados; actualizar con el consolidado 2025 cuando se publique.
sen-royon-flavia-gabriela,Flavia Gabriela Royon,Senado nacional,Senador/a nacional,Salta,Primero Los Salteños,sin_presentacion_2025_localizada,https://www.senado.gob.ar/administrativo/ddjj/,sin_nombre_compatible_oa_2017_2024,,,sin_registro_oa_2017_2024,freezado,2026-09-02,"Expansión pausada para priorizar profundidad analítica en las trayectorias ya publicadas. El freeze no equivale a descarte, incumplimiento ni patrimonio cero.",5,"Buscar fuente del régimen actual y documentar publicado, reservado o no localizado."
sen-salino-fernando-aldo,Fernando Aldo Salino,Senado nacional,Senador/a nacional,San Luis,Alianza Unión por la Patria,presentacion_2025_localizada,https://www.senado.gob.ar/administrativo/ddjj/,nombre_compatible_unico_en_oa,SALINO FERNANDO ALDO,2023|2024,identidad_confirmada_cruce_oficial,cerrado_publicable,2026-09-02,Trayectoria publicada con controles reproducibles.,5,Serie normalizada y contrafactuales incorporados; actualizar con el consolidado 2025 cuando se publique.
sen-schneider-silvana-lorena,Silvana Lorena Schneider,Senado nacional,Senador/a nacional,Chaco,Alianza la Libertad Avanza,presentacion_2025_localizada,https://www.senado.gob.ar/administrativo/ddjj/,sin_nombre_compatible_oa_2017_2024,,,sin_registro_oa_2017_2024,freezado,2026-09-02,"Expansión pausada para priorizar profundidad analítica en las trayectorias ya publicadas. El freeze no equivale a descarte, incumplimiento ni patrimonio cero.",5,"Buscar fuente del régimen actual y documentar publicado, reservado o no localizado."
sen-soria-martin-ignacio,Martin Ignacio Soria,Senado nacional,Senador/a nacional,Río Negro,Fuerza Patria,presentacion_2025_localizada,https://www.senado.gob.ar/administrativo/ddjj/,nombre_compatible_unico_en_oa,SORIA MARTIN IGNACIO,2019|2020|2021|2022|2023|2024,identidad_confirmada_cruce_oficial,cerrado_publicable,2026-09-02,Trayectoria publicada con controles reproducibles.,19,Serie normalizada y contrafactuales incorporados; actualizar con el consolidado 2025 cuando se publique.
sen-suarez-rodolfo-alejandro,Rodolfo Alejandro Suárez,Senado nacional,Senador/a nacional,Mendoza,Frente Cambia Mendoza,presentacion_2025_localizada,https://www.senado.gob.ar/administrativo/ddjj/,nombre_compatible_unico_en_oa,SUAREZ RODOLFO ALEJANDRO,2020|2023|2024,identidad_confirmada_cruce_oficial,cerrado_publicable,2026-09-02,Trayectoria publicada con controles reproducibles.,5,Serie normalizada y contrafactuales incorporados; actualizar con el consolidado 2025 cuando se publique.
sen-terenzi-edith-elizabeth,Edith Elizabeth Terenzi,Senado nacional,Senador/a nacional,Chubut,Juntos por el Cambio Chubut,presentacion_2025_localizada,https://www.senado.gob.ar/administrativo/ddjj/,nombre_compatible_unico_en_oa,TERENZI EDITH ELIZABETH,2021|2022|2023|2024,identidad_confirmada_cruce_oficial,cerrado_publicable,2026-09-02,Trayectoria publicada con controles reproducibles.,5,Serie normalizada y contrafactuales incorporados; actualizar con el consolidado 2025 cuando se publique.
sen-unac-sergio-mauricio,Sergio Mauricio Uñac,Senado nacional,Senador/a nacional,San Juan,Alianza Unión por la Patria,sin_presentacion_2025_localizada,https://www.senado.gob.ar/administrativo/ddjj/,nombre_compatible_unico_en_oa,UÑAC SERGIO MAURICIO,2023|2024,revision_manual_identidad,freezado,2026-09-02,"Expansión pausada para priorizar profundidad analítica en las trayectorias ya publicadas. El freeze no equivale a descarte, incumplimiento ni patrimonio cero.",3,Resolver variaciones de nombre o identificador antes de usar importes.
sen-valenzuela-mercedes-gabriela,Mercedes Gabriela Valenzuela,Senado nacional,Senador/a nacional,Corrientes,Eco + Vamos Corrientes,presentacion_2025_localizada,https://www.senado.gob.ar/administrativo/ddjj/,nombre_compatible_unico_en_oa,VALENZUELA MERCEDES GABRIELA,2021|2022|2023|2024,identidad_confirmada_cruce_oficial,cerrado_publicable,2026-09-02,Trayectoria publicada con controles reproducibles.,5,Serie normalizada y contrafactuales incorporados; actualizar con el consolidado 2025 cuando se publique.
sen-vigo-alejandra-maria,Alejandra María Vigo,Senado nacional,Senador/a nacional,Córdoba,Hacemos por Córdoba,presentacion_2025_localizada,https://www.senado.gob.ar/administrativo/ddjj/,nombre_compatible_unico_en_oa,VIGO ALEJANDRA MARIA,2017|2018|2019|2020|2021|2022|2023|2024,identidad_confirmada_cruce_oficial,cerrado_publicable,2026-09-02,Trayectoria publicada con controles reproducibles.,4,Serie normalizada y contrafactuales incorporados; actualizar con el consolidado 2025 cuando se publique.
sen-vischi-eduardo-alejandro,Eduardo Alejandro Vischi,Senado nacional,Senador/a nacional,Corrientes,Eco + Vamos Corrientes,sin_presentacion_2025_localizada,https://www.senado.gob.ar/administrativo/ddjj/,nombre_compatible_unico_en_oa,VISCHI EDUARDO ALEJANDRO,2021|2022|2023|2024,revision_manual_identidad,freezado,2026-09-02,"Expansión pausada para priorizar profundidad analítica en las trayectorias ya publicadas. El freeze no equivale a descarte, incumplimiento ni patrimonio cero.",3,Resolver variaciones de nombre o identificador antes de usar importes.
sen-zamora-gerardo,Gerardo Zamora,Senado nacional,Senador/a nacional,Santiago del Estero,Frente Cívico por Santiago,presentacion_2025_localizada,https://www.senado.gob.ar/administrativo/ddjj/,nombre_compatible_unico_en_oa,ZAMORA GERARDO,2017|2020|2021|2022,identidad_confirmada_cruce_oficial,cerrado_publicable,2026-09-02,Trayectoria publicada con controles reproducibles.,5,Serie normalizada y contrafactuales incorporados; actualizar con el consolidado 2025 cuando se publique.
pen-milei-javier-gerardo,Javier Gerardo Milei,Conducción superior PEN,Presidente de la Nación,Nación,La Libertad Avanza,verificacion_2025_2026_pendiente,https://datos.jus.gob.ar/dataset/declaraciones-juradas-patrimoniales-integrales,nombre_compatible_unico_en_oa,MILEI JAVIER GERARDO,2020|2021|2022|2023|2024,serie_curada,cerrado_publicable,2026-09-02,Trayectoria publicada con controles reproducibles.,0,Actualizar y profundizar la serie existente.
pen-villarruel-victoria-eugenia,Victoria Eugenia Villarruel,Conducción superior PEN,Vicepresidenta de la Nación,Nación,La Libertad Avanza,verificacion_2025_2026_pendiente,https://datos.jus.gob.ar/dataset/declaraciones-juradas-patrimoniales-integrales,nombre_compatible_unico_en_oa,VILLARRUEL VICTORIA EUGENIA,2020|2021|2022|2023|2024,identidad_confirmada_cruce_oficial,cerrado_publicable,2026-09-02,Trayectoria publicada con controles reproducibles.,18,Serie normalizada y contrafactuales incorporados; actualizar con el consolidado 2025 cuando se publique.
pen-santilli-diego-cesar,Diego César Santilli,Conducción superior PEN,Jefe de Gabinete de Ministros,Nación,Designación PEN,verificacion_2025_2026_pendiente,https://datos.jus.gob.ar/dataset/declaraciones-juradas-patrimoniales-integrales,nombre_compatible_unico_en_oa,SANTILLI DIEGO CESAR,2020|2021|2022|2023|2024,identidad_confirmada_cruce_oficial,cerrado_publicable,2026-09-02,Trayectoria publicada con controles reproducibles.,18,Serie normalizada y contrafactuales incorporados; actualizar con el consolidado 2025 cuando se publique.
pen-coria-gustavo-javier,Gustavo Javier Coria,Conducción superior PEN,Vicejefe de Gabinete del Interior,Nación,Designación PEN,verificacion_2025_2026_pendiente,https://datos.jus.gob.ar/dataset/declaraciones-juradas-patrimoniales-integrales,sin_nombre_compatible_oa_2017_2024,,,sin_registro_oa_2017_2024,freezado,2026-09-02,"Expansión pausada para priorizar profundidad analítica en las trayectorias ya publicadas. El freeze no equivale a descarte, incumplimiento ni patrimonio cero.",5,"Buscar fuente del régimen actual y documentar publicado, reservado o no localizado."
pen-milei-karina-elizabeth,Karina Elizabeth Milei,Conducción superior PEN,Secretaria General de la Presidencia,Nación,Designación PEN,verificacion_2025_2026_pendiente,https://datos.jus.gob.ar/dataset/declaraciones-juradas-patrimoniales-integrales,nombre_compatible_unico_en_oa,MILEI KARINA ELIZABETH,2023|2024,serie_curada,cerrado_publicable,2026-09-02,Trayectoria publicada con controles reproducibles.,0,Actualizar y profundizar la serie existente.
pen-quirno-pablo,Pablo Quirno,Conducción superior PEN,"Ministro de Relaciones Exteriores, Comercio Internacional y Culto",Nación,Designación PEN,verificacion_2025_2026_pendiente,https://datos.jus.gob.ar/dataset/declaraciones-juradas-patrimoniales-integrales,nombre_compatible_unico_en_oa,QUIRNO PABLO,2017|2018|2019|2023|2024,revision_manual_identidad,freezado,2026-09-02,"Expansión pausada para priorizar profundidad analítica en las trayectorias ya publicadas. El freeze no equivale a descarte, incumplimiento ni patrimonio cero.",3,Resolver variaciones de nombre o identificador antes de usar importes.
pen-presti-carlos-alberto,Carlos Alberto Presti,Conducción superior PEN,Ministro de Defensa,Nación,Designación PEN,verificacion_2025_2026_pendiente,https://datos.jus.gob.ar/dataset/declaraciones-juradas-patrimoniales-integrales,nombre_compatible_unico_en_oa,PRESTI CARLOS ALBERTO,2017|2018|2019|2020|2021|2022|2023,identidad_confirmada_cruce_oficial,cerrado_publicable,2026-09-02,Trayectoria publicada con controles reproducibles.,18,Serie normalizada y contrafactuales incorporados; actualizar con el consolidado 2025 cuando se publique.
pen-caputo-luis-andres,Luis Andrés Caputo,Conducción superior PEN,Ministro de Economía,Nación,Designación PEN,verificacion_2025_2026_pendiente,https://datos.jus.gob.ar/dataset/declaraciones-juradas-patrimoniales-integrales,nombre_compatible_unico_en_oa,CAPUTO LUIS ANDRES,2017|2018|2023|2024,serie_curada,cerrado_publicable,2026-09-02,Trayectoria publicada con controles reproducibles.,0,Actualizar y profundizar la serie existente.
pen-mahiques-juan-bautista,Juan Bautista Mahiques,Conducción superior PEN,Ministro de Justicia,Nación,Designación PEN,verificacion_2025_2026_pendiente,https://datos.jus.gob.ar/dataset/declaraciones-juradas-patrimoniales-integrales,nombre_compatible_unico_en_oa,MAHIQUES JUAN BAUTISTA,2017|2018|2019,identidad_confirmada_cruce_oficial,cerrado_publicable,2026-09-02,Trayectoria publicada con controles reproducibles.,18,Serie normalizada y contrafactuales incorporados; actualizar con el consolidado 2025 cuando se publique.
pen-monteoliva-alejandra-susana,Alejandra Susana Monteoliva,Conducción superior PEN,Ministra de Seguridad Nacional,Nación,Designación PEN,verificacion_2025_2026_pendiente,https://datos.jus.gob.ar/dataset/declaraciones-juradas-patrimoniales-integrales,nombre_compatible_unico_en_oa,MONTEOLIVA ALEJANDRA SUSANA,2017|2018|2019|2020|2024,identidad_confirmada_cruce_oficial,cerrado_publicable,2026-09-02,Trayectoria publicada con controles reproducibles.,18,Serie normalizada y contrafactuales incorporados; actualizar con el consolidado 2025 cuando se publique.
pen-lugones-mario-ivan,Mario Iván Lugones,Conducción superior PEN,Ministro de Salud,Nación,Designación PEN,verificacion_2025_2026_pendiente,https://datos.jus.gob.ar/dataset/declaraciones-juradas-patrimoniales-integrales,nombre_compatible_unico_en_oa,LUGONES MARIO IVAN,2023|2024,identidad_confirmada_cruce_oficial,cerrado_publicable,2026-09-02,Trayectoria publicada con controles reproducibles.,18,Serie normalizada y contrafactuales incorporados; actualizar con el consolidado 2025 cuando se publique.
pen-pettovello-sandra-viviana,Sandra Viviana Pettovello,Conducción superior PEN,Ministra de Capital Humano,Nación,Designación PEN,verificacion_2025_2026_pendiente,https://datos.jus.gob.ar/dataset/declaraciones-juradas-patrimoniales-integrales,nombre_compatible_unico_en_oa,PETTOVELLO SANDRA VIVIANA,2022|2023|2024,identidad_confirmada_cruce_oficial,cerrado_publicable,2026-09-02,Trayectoria publicada con controles reproducibles.,18,Serie normalizada y contrafactuales incorporados; actualizar con el consolidado 2025 cuando se publique.
pen-sturzenegger-federico-adolfo,Federico Adolfo Sturzenegger,Conducción superior PEN,Ministro de Desregulación y Transformación del Estado,Nación,Designación PEN,verificacion_2025_2026_pendiente,https://datos.jus.gob.ar/dataset/declaraciones-juradas-patrimoniales-integrales,nombre_compatible_unico_en_oa,STURZENEGGER FEDERICO ADOLFO,2017|2018|2024,identidad_confirmada_cruce_oficial,cerrado_publicable,2026-09-02,Trayectoria publicada con controles reproducibles.,18,Serie normalizada y contrafactuales incorporados; actualizar con el consolidado 2025 cuando se publique.
gov-kicillof-axel,Axel Kicillof,Gobernaciones,Gobernador/a,Buenos Aires,Fuerza Patria,ruta_provincial_por_relevar,,nombre_compatible_unico_en_oa,KICILLOF AXEL,2017|2018|2019,identidad_confirmada_cruce_oficial,cerrado_publicable,2026-09-02,Trayectoria publicada con controles reproducibles.,6,Serie normalizada y contrafactuales incorporados; actualizar con el consolidado 2025 cuando se publique.
gov-jalil-raul-alejandro,Raúl Alejandro Jalil,Gobernaciones,Gobernador/a,Catamarca,PJ,ruta_provincial_por_relevar,,sin_nombre_compatible_oa_2017_2024,,,sin_registro_oa_2017_2024,freezado,2026-09-02,"Expansión pausada para priorizar profundidad analítica en las trayectorias ya publicadas. El freeze no equivale a descarte, incumplimiento ni patrimonio cero.",6,"Buscar fuente del régimen actual y documentar publicado, reservado o no localizado."
gov-zdero-leandro-cesar,Leandro César Zdero,Gobernaciones,Gobernador/a,Chaco,Chaco Puede + LLA,ruta_provincial_por_relevar,,nombre_compatible_unico_en_oa,ZDERO LEANDRO CESAR,2017,identidad_confirmada_cruce_oficial,cerrado_publicable,2026-09-02,Trayectoria publicada con controles reproducibles.,6,Serie normalizada y contrafactuales incorporados; actualizar con el consolidado 2025 cuando se publique.
gov-torres-ignacio-agustin,Ignacio Agustín Torres,Gobernaciones,Gobernador/a,Chubut,Despierta Chubut,ruta_provincial_por_relevar,,nombre_compatible_unico_en_oa,TORRES IGNACIO AGUSTIN,2017|2018|2019|2020|2021|2022|2023,identidad_confirmada_cruce_oficial,cerrado_publicable,2026-09-02,Trayectoria publicada con controles reproducibles.,6,Serie normalizada y contrafactuales incorporados; actualizar con el consolidado 2025 cuando se publique.
gov-macri-jorge,Jorge Macri,Gobernaciones,Jefe de Gobierno,Ciudad Autónoma de Buenos Aires,Vamos por más,ruta_provincial_por_relevar,,sin_nombre_compatible_oa_2017_2024,,,sin_registro_oa_2017_2024,freezado,2026-09-02,"Expansión pausada para priorizar profundidad analítica en las trayectorias ya publicadas. El freeze no equivale a descarte, incumplimiento ni patrimonio cero.",6,"Buscar fuente del régimen actual y documentar publicado, reservado o no localizado."
gov-llaryora-martin-miguel,Martín Miguel Llaryora,Gobernaciones,Gobernador/a,Córdoba,Hacemos Unidos por Córdoba,ruta_provincial_por_relevar,,nombre_compatible_unico_en_oa,LLARYORA MARTIN MIGUEL,2017|2018|2019,identidad_confirmada_cruce_oficial,cerrado_publicable,2026-09-02,Trayectoria publicada con controles reproducibles.,6,Serie normalizada y contrafactuales incorporados; actualizar con el consolidado 2025 cuando se publique.
gov-valdes-juan-pablo,Juan Pablo Valdés,Gobernaciones,Gobernador/a,Corrientes,Vamos Corrientes,ruta_provincial_por_relevar,,sin_nombre_compatible_oa_2017_2024,,,sin_registro_oa_2017_2024,freezado,2026-09-02,"Expansión pausada para priorizar profundidad analítica en las trayectorias ya publicadas. El freeze no equivale a descarte, incumplimiento ni patrimonio cero.",6,"Buscar fuente del régimen actual y documentar publicado, reservado o no localizado."
gov-frigerio-rogelio,Rogelio Frigerio,Gobernaciones,Gobernador/a,Entre Ríos,Juntos + LLA,ruta_provincial_por_relevar,,nombre_compatible_unico_en_oa,FRIGERIO ROGELIO,2017|2018|2019|2021|2022,identidad_confirmada_cruce_oficial,cerrado_publicable,2026-09-02,Trayectoria publicada con controles reproducibles.,6,Serie normalizada y contrafactuales incorporados; actualizar con el consolidado 2025 cuando se publique.
gov-insfran-gildo,Gildo Insfrán,Gobernaciones,Gobernador/a,Formosa,PJ,ruta_provincial_por_relevar,,nombre_compatible_unico_en_oa,INSFRAN GILDO,2022,identidad_confirmada_cruce_oficial,cerrado_publicable,2026-09-02,Trayectoria publicada con controles reproducibles.,6,Serie normalizada y contrafactuales incorporados; actualizar con el consolidado 2025 cuando se publique.
gov-sadir-carlos-alberto,Carlos Alberto Sadir,Gobernaciones,Gobernador/a,Jujuy,Cambia Jujuy,ruta_provincial_por_relevar,,sin_nombre_compatible_oa_2017_2024,,,sin_registro_oa_2017_2024,freezado,2026-09-02,"Expansión pausada para priorizar profundidad analítica en las trayectorias ya publicadas. El freeze no equivale a descarte, incumplimiento ni patrimonio cero.",6,"Buscar fuente del régimen actual y documentar publicado, reservado o no localizado."
gov-ziliotto-sergio-raul,Sergio Raúl Ziliotto,Gobernaciones,Gobernador/a,La Pampa,PJ,ruta_provincial_por_relevar,,nombre_compatible_unico_en_oa,ZILIOTTO SERGIO RAUL,2017|2018|2019,identidad_confirmada_cruce_oficial,cerrado_publicable,2026-09-02,Trayectoria publicada con controles reproducibles.,6,Serie normalizada y contrafactuales incorporados; actualizar con el consolidado 2025 cuando se publique.
gov-jaldo-osvaldo-francisco,Osvaldo Francisco Jaldo,Gobernaciones,Gobernador/a,Tucumán,PJ,ruta_provincial_por_relevar,,sin_nombre_compatible_oa_2017_2024,,,sin_registro_oa_2017_2024,freezado,2026-09-02,"Expansión pausada para priorizar profundidad analítica en las trayectorias ya publicadas. El freeze no equivale a descarte, incumplimiento ni patrimonio cero.",6,"Buscar fuente del régimen actual y documentar publicado, reservado o no localizado."
gov-quintela-ricardo-clemente,Ricardo Clemente Quintela,Gobernaciones,Gobernador/a,La Rioja,Fuerza Patria,ruta_provincial_por_relevar,,sin_nombre_compatible_oa_2017_2024,,,sin_registro_oa_2017_2024,freezado,2026-09-02,"Expansión pausada para priorizar profundidad analítica en las trayectorias ya publicadas. El freeze no equivale a descarte, incumplimiento ni patrimonio cero.",6,"Buscar fuente del régimen actual y documentar publicado, reservado o no localizado."
gov-melella-gustavo-adrian,Gustavo Adrián Melella,Gobernaciones,Gobernador/a,Tierra del Fuego,Unidos Hacemos Futuro,ruta_provincial_por_relevar,,sin_nombre_compatible_oa_2017_2024,,,sin_registro_oa_2017_2024,freezado,2026-09-02,"Expansión pausada para priorizar profundidad analítica en las trayectorias ya publicadas. El freeze no equivale a descarte, incumplimiento ni patrimonio cero.",6,"Buscar fuente del régimen actual y documentar publicado, reservado o no localizado."
gov-cornejo-neila-alfredo-victor,Alfredo Víctor Cornejo Neila,Gobernaciones,Gobernador/a,Mendoza,Cambia Mendoza + LLA,ruta_provincial_por_relevar,,sin_nombre_compatible_oa_2017_2024,,,sin_registro_oa_2017_2024,freezado,2026-09-02,"Expansión pausada para priorizar profundidad analítica en las trayectorias ya publicadas. El freeze no equivale a descarte, incumplimiento ni patrimonio cero.",6,"Buscar fuente del régimen actual y documentar publicado, reservado o no localizado."
gov-suarez-elias,Elías Suárez,Gobernaciones,Gobernador/a,Santiago del Estero,Frente Cívico por Santiago,ruta_provincial_por_relevar,,sin_nombre_compatible_oa_2017_2024,,,sin_registro_oa_2017_2024,freezado,2026-09-02,"Expansión pausada para priorizar profundidad analítica en las trayectorias ya publicadas. El freeze no equivale a descarte, incumplimiento ni patrimonio cero.",6,"Buscar fuente del régimen actual y documentar publicado, reservado o no localizado."
gov-passalacqua-hugo-mario,Hugo Mario Passalacqua,Gobernaciones,Gobernador/a,Misiones,Frente Renovador de la Concordia,ruta_provincial_por_relevar,,sin_nombre_compatible_oa_2017_2024,,,sin_registro_oa_2017_2024,freezado,2026-09-02,"Expansión pausada para priorizar profundidad analítica en las trayectorias ya publicadas. El freeze no equivale a descarte, incumplimiento ni patrimonio cero.",6,"Buscar fuente del régimen actual y documentar publicado, reservado o no localizado."
gov-pullaro-maximiliano-nicolas,Maximiliano Nicolás Pullaro,Gobernaciones,Gobernador/a,Santa Fe,Unidos para Cambiar Santa Fe,ruta_provincial_por_relevar,,sin_nombre_compatible_oa_2017_2024,,,sin_registro_oa_2017_2024,freezado,2026-09-02,"Expansión pausada para priorizar profundidad analítica en las trayectorias ya publicadas. El freeze no equivale a descarte, incumplimiento ni patrimonio cero.",6,"Buscar fuente del régimen actual y documentar publicado, reservado o no localizado."
gov-figueroa-rolando-ceferino,Rolando Ceferino Figueroa,Gobernaciones,Gobernador/a,Neuquén,Comunidad,ruta_provincial_por_relevar,,nombre_compatible_unico_en_oa,FIGUEROA ROLANDO CEFERINO,2020|2021|2022,identidad_confirmada_cruce_oficial,cerrado_publicable,2026-09-02,Trayectoria publicada con controles reproducibles.,6,Serie normalizada y contrafactuales incorporados; actualizar con el consolidado 2025 cuando se publique.
gov-vidal-claudio-orlando,Claudio Orlando Vidal,Gobernaciones,Gobernador/a,Santa Cruz,Por Santa Cruz,ruta_provincial_por_relevar,,nombre_compatible_unico_en_oa,VIDAL CLAUDIO ORLANDO,2021|2022,identidad_confirmada_cruce_oficial,cerrado_publicable,2026-09-02,Trayectoria publicada con controles reproducibles.,6,Serie normalizada y contrafactuales incorporados; actualizar con el consolidado 2025 cuando se publique.
gov-poggi-claudio-javier,Claudio Javier Poggi,Gobernaciones,Gobernador/a,San Luis,Ahora San Luis,ruta_provincial_por_relevar,,nombre_compatible_unico_en_oa,POGGI CLAUDIO JAVIER,2017|2018|2019|2020|2021|2022|2023,identidad_confirmada_cruce_oficial,cerrado_publicable,2026-09-02,Trayectoria publicada con controles reproducibles.,6,Serie normalizada y contrafactuales incorporados; actualizar con el consolidado 2025 cuando se publique.
gov-orrego-marcelo-humberto,Marcelo Humberto Orrego,Gobernaciones,Gobernador/a,San Juan,Unidos por San Juan,ruta_provincial_por_relevar,,sin_nombre_compatible_oa_2017_2024,,,sin_registro_oa_2017_2024,freezado,2026-09-02,"Expansión pausada para priorizar profundidad analítica en las trayectorias ya publicadas. El freeze no equivale a descarte, incumplimiento ni patrimonio cero.",6,"Buscar fuente del régimen actual y documentar publicado, reservado o no localizado."
gov-weretilneck-alberto-edgardo,Alberto Edgardo Weretilneck,Gobernaciones,Gobernador/a,Río Negro,Juntos Somos Río Negro,ruta_provincial_por_relevar,,nombre_compatible_unico_en_oa,WERETILNECK ALBERTO EDGARDO,2018|2019|2020|2021|2022|2023,identidad_confirmada_cruce_oficial,cerrado_publicable,2026-09-02,Trayectoria publicada con controles reproducibles.,6,Serie normalizada y contrafactuales incorporados; actualizar con el consolidado 2025 cuando se publique.
gov-saenz-gustavo-adolfo,Gustavo Adolfo Sáenz,Gobernaciones,Gobernador/a,Salta,Identidad Salteña,ruta_provincial_por_relevar,,sin_nombre_compatible_oa_2017_2024,,,sin_registro_oa_2017_2024,freezado,2026-09-02,"Expansión pausada para priorizar profundidad analítica en las trayectorias ya publicadas. El freeze no equivale a descarte, incumplimiento ni patrimonio cero.",6,"Buscar fuente del régimen actual y documentar publicado, reservado o no localizado."
prov-ba-dip-abonjo-gaston-andres,Abonjo Gastón Andrés,Legislaturas provinciales,Diputado/a provincial,Buenos Aires,LA LIBERTAD AVANZA,ruta_provincial_por_relevar,,sin_nombre_compatible_oa_2017_2024,,,sin_registro_oa_2017_2024,freezado,2026-09-02,"Expansión pausada para priorizar profundidad analítica en las trayectorias ya publicadas. El freeze no equivale a descarte, incumplimiento ni patrimonio cero.",6,"Buscar fuente del régimen actual y documentar publicado, reservado o no localizado."
prov-ba-dip-acerbo-esteban-alejandro,Acerbo Esteban Alejandro,Legislaturas provinciales,Diputado/a provincial,Buenos Aires,UNIÓN POR LA PATRIA,ruta_provincial_por_relevar,,sin_nombre_compatible_oa_2017_2024,,,sin_registro_oa_2017_2024,freezado,2026-09-02,"Expansión pausada para priorizar profundidad analítica en las trayectorias ya publicadas. El freeze no equivale a descarte, incumplimiento ni patrimonio cero.",6,"Buscar fuente del régimen actual y documentar publicado, reservado o no localizado."
prov-ba-dip-adorni-francisco-jorge,Adorni Francisco Jorge,Legislaturas provinciales,Diputado/a provincial,Buenos Aires,LA LIBERTAD AVANZA,ruta_provincial_por_relevar,,nombre_compatible_unico_en_oa,ADORNI FRANCISCO JORGE,2024,identidad_confirmada_cruce_oficial,cerrado_publicable,2026-09-02,Trayectoria publicada con controles reproducibles.,8,Serie normalizada y contrafactuales incorporados; actualizar con el consolidado 2025 cuando se publique.
prov-ba-dip-alessi-blanca-elida,Alessi Blanca Elida,Legislaturas provinciales,Diputado/a provincial,Buenos Aires,UNIÓN Y LIBERTAD,ruta_provincial_por_relevar,,sin_nombre_compatible_oa_2017_2024,,,sin_registro_oa_2017_2024,freezado,2026-09-02,"Expansión pausada para priorizar profundidad analítica en las trayectorias ya publicadas. El freeze no equivale a descarte, incumplimiento ni patrimonio cero.",6,"Buscar fuente del régimen actual y documentar publicado, reservado o no localizado."
prov-ba-dip-alonso-soledad-antonia,Alonso Soledad Antonia,Legislaturas provinciales,Diputado/a provincial,Buenos Aires,UNIÓN POR LA PATRIA,ruta_provincial_por_relevar,,sin_nombre_compatible_oa_2017_2024,,,sin_registro_oa_2017_2024,freezado,2026-09-02,"Expansión pausada para priorizar profundidad analítica en las trayectorias ya publicadas. El freeze no equivale a descarte, incumplimiento ni patrimonio cero.",6,"Buscar fuente del régimen actual y documentar publicado, reservado o no localizado."
prov-ba-dip-alvado-maite-milagros,Alvado Maite Milagros,Legislaturas provinciales,Diputado/a provincial,Buenos Aires,UNIÓN POR LA PATRIA,ruta_provincial_por_relevar,,nombre_compatible_unico_en_oa,ALVADO MAITE MILAGROS,2018,identidad_confirmada_cruce_oficial,cerrado_publicable,2026-09-02,Trayectoria publicada con controles reproducibles.,8,Serie normalizada y contrafactuales incorporados; actualizar con el consolidado 2025 cuando se publique.
prov-ba-dip-archanco-juan-ariel,Archanco Juan Ariel,Legislaturas provinciales,Diputado/a provincial,Buenos Aires,UNIÓN POR LA PATRIA,ruta_provincial_por_relevar,,sin_nombre_compatible_oa_2017_2024,,,sin_registro_oa_2017_2024,freezado,2026-09-02,"Expansión pausada para priorizar profundidad analítica en las trayectorias ya publicadas. El freeze no equivale a descarte, incumplimiento ni patrimonio cero.",6,"Buscar fuente del régimen actual y documentar publicado, reservado o no localizado."
prov-ba-dip-balor-ana-luz,Balor Ana Luz,Legislaturas provinciales,Diputado/a provincial,Buenos Aires,UNIÓN POR LA PATRIA,ruta_provincial_por_relevar,,nombre_compatible_unico_en_oa,BALOR ANA LUZ,2022|2023|2024,identidad_confirmada_cruce_oficial,cerrado_publicable,2026-09-02,Trayectoria publicada con controles reproducibles.,8,Serie normalizada y contrafactuales incorporados; actualizar con el consolidado 2025 cuando se publique.
prov-ba-dip-barreiro-romina-melisa,Barreiro Romina Melisa,Legislaturas provinciales,Diputado/a provincial,Buenos Aires,UNIÓN POR LA PATRIA,ruta_provincial_por_relevar,,sin_nombre_compatible_oa_2017_2024,,,sin_registro_oa_2017_2024,freezado,2026-09-02,"Expansión pausada para priorizar profundidad analítica en las trayectorias ya publicadas. El freeze no equivale a descarte, incumplimiento ni patrimonio cero.",6,"Buscar fuente del régimen actual y documentar publicado, reservado o no localizado."
prov-ba-dip-basualdo-marcela-maria-amelia,Basualdo Marcela María Amelia,Legislaturas provinciales,Diputado/a provincial,Buenos Aires,UNIÓN POR LA PATRIA,ruta_provincial_por_relevar,,nombre_compatible_unico_en_oa,BASUALDO MARCELA MARIA AMELIA,2020|2021|2022|2023,identidad_confirmada_cruce_oficial,cerrado_publicable,2026-09-02,Trayectoria publicada con controles reproducibles.,8,Serie normalizada y contrafactuales incorporados; actualizar con el consolidado 2025 cuando se publique.
prov-ba-dip-blanco-natalia-miriam,Blanco Natalia Miriam,Legislaturas provinciales,Diputado/a provincial,Buenos Aires,PRO,ruta_provincial_por_relevar,,nombre_compatible_unico_en_oa,BLANCO NATALIA MIRIAM,2018|2019|2020|2021|2022|2023|2024,identidad_confirmada_cruce_oficial,cerrado_publicable,2026-09-02,Trayectoria publicada con controles reproducibles.,8,Serie normalizada y contrafactuales incorporados; actualizar con el consolidado 2025 cuando se publique.
prov-ba-dip-bondarenko-maximiliano-ivan,Bondarenko Maximiliano Iván,Legislaturas provinciales,Diputado/a provincial,Buenos Aires,LA LIBERTAD AVANZA,ruta_provincial_por_relevar,,sin_nombre_compatible_oa_2017_2024,,,sin_registro_oa_2017_2024,freezado,2026-09-02,"Expansión pausada para priorizar profundidad analítica en las trayectorias ya publicadas. El freeze no equivale a descarte, incumplimiento ni patrimonio cero.",6,"Buscar fuente del régimen actual y documentar publicado, reservado o no localizado."
prov-ba-dip-bontempo-leticia-ines,Bontempo Leticia Inés,Legislaturas provinciales,Diputado/a provincial,Buenos Aires,PRO,ruta_provincial_por_relevar,,nombre_compatible_unico_en_oa,BONTEMPO LETICIA INES,2017|2018|2020,identidad_confirmada_cruce_oficial,cerrado_publicable,2026-09-02,Trayectoria publicada con controles reproducibles.,8,Serie normalizada y contrafactuales incorporados; actualizar con el consolidado 2025 cuando se publique.
prov-ba-dip-braga-romina-natali,Braga Romina Natalí,Legislaturas provinciales,Diputado/a provincial,Buenos Aires,COALICION CIVICA,ruta_provincial_por_relevar,,sin_nombre_compatible_oa_2017_2024,,,sin_registro_oa_2017_2024,freezado,2026-09-02,"Expansión pausada para priorizar profundidad analítica en las trayectorias ya publicadas. El freeze no equivale a descarte, incumplimiento ni patrimonio cero.",6,"Buscar fuente del régimen actual y documentar publicado, reservado o no localizado."
prov-ba-dip-bugallo-di-prinzio-luciano-david,Bugallo Di Prinzio Luciano David,Legislaturas provinciales,Diputado/a provincial,Buenos Aires,COALICION CIVICA,ruta_provincial_por_relevar,,sin_nombre_compatible_oa_2017_2024,,,sin_registro_oa_2017_2024,freezado,2026-09-02,"Expansión pausada para priorizar profundidad analítica en las trayectorias ya publicadas. El freeze no equivale a descarte, incumplimiento ni patrimonio cero.",6,"Buscar fuente del régimen actual y documentar publicado, reservado o no localizado."
prov-ba-dip-bustos-maria-paula,Bustos María Paula,Legislaturas provinciales,Diputado/a provincial,Buenos Aires,PRO,ruta_provincial_por_relevar,,sin_nombre_compatible_oa_2017_2024,,,sin_registro_oa_2017_2024,freezado,2026-09-02,"Expansión pausada para priorizar profundidad analítica en las trayectorias ya publicadas. El freeze no equivale a descarte, incumplimiento ni patrimonio cero.",6,"Buscar fuente del régimen actual y documentar publicado, reservado o no localizado."
prov-ba-dip-calvella-geraldine,Calvella Geraldine,Legislaturas provinciales,Diputado/a provincial,Buenos Aires,LA LIBERTAD AVANZA,ruta_provincial_por_relevar,,sin_nombre_compatible_oa_2017_2024,,,sin_registro_oa_2017_2024,freezado,2026-09-02,"Expansión pausada para priorizar profundidad analítica en las trayectorias ya publicadas. El freeze no equivale a descarte, incumplimiento ni patrimonio cero.",6,"Buscar fuente del régimen actual y documentar publicado, reservado o no localizado."
prov-ba-dip-carrizo-jazmin-ailen,Carrizo Jazmín Ailén,Legislaturas provinciales,Diputado/a provincial,Buenos Aires,LA LIBERTAD AVANZA,ruta_provincial_por_relevar,,sin_nombre_compatible_oa_2017_2024,,,sin_registro_oa_2017_2024,freezado,2026-09-02,"Expansión pausada para priorizar profundidad analítica en las trayectorias ya publicadas. El freeze no equivale a descarte, incumplimiento ni patrimonio cero.",6,"Buscar fuente del régimen actual y documentar publicado, reservado o no localizado."
prov-ba-dip-cascallares-mariano,Cascallares Mariano,Legislaturas provinciales,Diputado/a provincial,Buenos Aires,UNIÓN POR LA PATRIA,ruta_provincial_por_relevar,,sin_nombre_compatible_oa_2017_2024,,,sin_registro_oa_2017_2024,freezado,2026-09-02,"Expansión pausada para priorizar profundidad analítica en las trayectorias ya publicadas. El freeze no equivale a descarte, incumplimiento ni patrimonio cero.",6,"Buscar fuente del régimen actual y documentar publicado, reservado o no localizado."
prov-ba-dip-castillo-christian-presidente-de-bloque,Castillo Christian Presidente De Bloque,Legislaturas provinciales,Diputado/a provincial,Buenos Aires,PTS - FIT,ruta_provincial_por_relevar,,sin_nombre_compatible_oa_2017_2024,,,sin_registro_oa_2017_2024,freezado,2026-09-02,"Expansión pausada para priorizar profundidad analítica en las trayectorias ya publicadas. El freeze no equivale a descarte, incumplimiento ni patrimonio cero.",6,"Buscar fuente del régimen actual y documentar publicado, reservado o no localizado."
prov-ba-dip-civale-matias-raul,Civale Matías Raúl,Legislaturas provinciales,Diputado/a provincial,Buenos Aires,UCR + CAMBIO FEDERAL,ruta_provincial_por_relevar,,sin_nombre_compatible_oa_2017_2024,,,sin_registro_oa_2017_2024,freezado,2026-09-02,"Expansión pausada para priorizar profundidad analítica en las trayectorias ya publicadas. El freeze no equivale a descarte, incumplimiento ni patrimonio cero.",6,"Buscar fuente del régimen actual y documentar publicado, reservado o no localizado."
prov-ba-dip-coitinho-maria-fernanda,Coitinho Maria Fernanda,Legislaturas provinciales,Diputado/a provincial,Buenos Aires,LA LIBERTAD AVANZA,ruta_provincial_por_relevar,,nombre_compatible_unico_en_oa,COITINHO MARIA FERNANDA,2024,identidad_confirmada_cruce_oficial,cerrado_publicable,2026-09-02,Trayectoria publicada con controles reproducibles.,8,Serie normalizada y contrafactuales incorporados; actualizar con el consolidado 2025 cuando se publique.
prov-ba-dip-colugnatti-oriana,Colugnatti Oriana,Legislaturas provinciales,Diputado/a provincial,Buenos Aires,LA LIBERTAD AVANZA,ruta_provincial_por_relevar,,sin_nombre_compatible_oa_2017_2024,,,sin_registro_oa_2017_2024,freezado,2026-09-02,"Expansión pausada para priorizar profundidad analítica en las trayectorias ya publicadas. El freeze no equivale a descarte, incumplimiento ni patrimonio cero.",6,"Buscar fuente del régimen actual y documentar publicado, reservado o no localizado."
prov-ba-dip-corvino-analia-ester,Corvino Analía Ester,Legislaturas provinciales,Diputado/a provincial,Buenos Aires,LA LIBERTAD AVANZA,ruta_provincial_por_relevar,,nombre_compatible_unico_en_oa,CORVINO ANALIA ESTER,2024,identidad_confirmada_cruce_oficial,cerrado_publicable,2026-09-02,Trayectoria publicada con controles reproducibles.,8,Serie normalizada y contrafactuales incorporados; actualizar con el consolidado 2025 cuando se publique.
prov-ba-dip-cuervo-gustavo-sergio-presidente-de-bloque,Cuervo Gustavo Sergio Presidente De Bloque,Legislaturas provinciales,Diputado/a provincial,Buenos Aires,NUEVOS AIRES,ruta_provincial_por_relevar,,sin_nombre_compatible_oa_2017_2024,,,sin_registro_oa_2017_2024,freezado,2026-09-02,"Expansión pausada para priorizar profundidad analítica en las trayectorias ya publicadas. El freeze no equivale a descarte, incumplimiento ni patrimonio cero.",6,"Buscar fuente del régimen actual y documentar publicado, reservado o no localizado."
prov-ba-dip-de-jesus-juan-pablo,De Jesus Juan Pablo,Legislaturas provinciales,Diputado/a provincial,Buenos Aires,UNIÓN POR LA PATRIA,ruta_provincial_por_relevar,,sin_nombre_compatible_oa_2017_2024,,,sin_registro_oa_2017_2024,freezado,2026-09-02,"Expansión pausada para priorizar profundidad analítica en las trayectorias ya publicadas. El freeze no equivale a descarte, incumplimiento ni patrimonio cero.",6,"Buscar fuente del régimen actual y documentar publicado, reservado o no localizado."
prov-ba-dip-de-leo-jose-andres-presidente-de-bloque,De Leo José Andrés Presidente De Bloque,Legislaturas provinciales,Diputado/a provincial,Buenos Aires,COALICION CIVICA,ruta_provincial_por_relevar,,sin_nombre_compatible_oa_2017_2024,,,sin_registro_oa_2017_2024,freezado,2026-09-02,"Expansión pausada para priorizar profundidad analítica en las trayectorias ya publicadas. El freeze no equivale a descarte, incumplimiento ni patrimonio cero.",6,"Buscar fuente del régimen actual y documentar publicado, reservado o no localizado."
prov-ba-dip-di-cesare-german,Di Cesare German,Legislaturas provinciales,Diputado/a provincial,Buenos Aires,UNIÓN POR LA PATRIA,ruta_provincial_por_relevar,,sin_nombre_compatible_oa_2017_2024,,,sin_registro_oa_2017_2024,freezado,2026-09-02,"Expansión pausada para priorizar profundidad analítica en las trayectorias ya publicadas. El freeze no equivale a descarte, incumplimiento ni patrimonio cero.",6,"Buscar fuente del régimen actual y documentar publicado, reservado o no localizado."
prov-ba-dip-dichiara-enrique-alejandro,Dichiara Enrique Alejandro,Legislaturas provinciales,Diputado/a provincial,Buenos Aires,UNIÓN POR LA PATRIA,ruta_provincial_por_relevar,,sin_nombre_compatible_oa_2017_2024,,,sin_registro_oa_2017_2024,freezado,2026-09-02,"Expansión pausada para priorizar profundidad analítica en las trayectorias ya publicadas. El freeze no equivale a descarte, incumplimiento ni patrimonio cero.",6,"Buscar fuente del régimen actual y documentar publicado, reservado o no localizado."
prov-ba-dip-endere-martin-julian,Endere Martín Julián,Legislaturas provinciales,Diputado/a provincial,Buenos Aires,PRO,ruta_provincial_por_relevar,,nombre_compatible_unico_en_oa,ENDERE MARTIN JULIAN,2017,identidad_confirmada_cruce_oficial,cerrado_publicable,2026-09-02,Trayectoria publicada con controles reproducibles.,8,Serie normalizada y contrafactuales incorporados; actualizar con el consolidado 2025 cuando se publique.
prov-ba-dip-eslaiman-hector-ruben,Eslaiman Hector Ruben,Legislaturas provinciales,Diputado/a provincial,Buenos Aires,UNIÓN POR LA PATRIA,ruta_provincial_por_relevar,,sin_nombre_compatible_oa_2017_2024,,,sin_registro_oa_2017_2024,freezado,2026-09-02,"Expansión pausada para priorizar profundidad analítica en las trayectorias ya publicadas. El freeze no equivale a descarte, incumplimiento ni patrimonio cero.",6,"Buscar fuente del régimen actual y documentar publicado, reservado o no localizado."
prov-ba-dip-esper-zamar-juan-jose-presidente-de-bloque,Esper Zamar Juan José Presidente De Bloque,Legislaturas provinciales,Diputado/a provincial,Buenos Aires,DERECHA POPULAR,ruta_provincial_por_relevar,,sin_nombre_compatible_oa_2017_2024,,,sin_registro_oa_2017_2024,freezado,2026-09-02,"Expansión pausada para priorizar profundidad analítica en las trayectorias ya publicadas. El freeze no equivale a descarte, incumplimiento ni patrimonio cero.",6,"Buscar fuente del régimen actual y documentar publicado, reservado o no localizado."
prov-ba-dip-fernandez-maria-laura,Fernández Maria Laura,Legislaturas provinciales,Diputado/a provincial,Buenos Aires,UNIÓN Y LIBERTAD,ruta_provincial_por_relevar,,nombre_compatible_unico_en_oa,FERNANDEZ MARIA LAURA,2017|2018|2019|2020|2021|2022|2023|2024,sin_registro_oa_2017_2024_identidad_desambiguada,freezado,2026-09-02,"Expansión pausada para priorizar profundidad analítica en las trayectorias ya publicadas. El freeze no equivale a descarte, incumplimiento ni patrimonio cero.",17,"La identidad oficial descarta todas las claves OA nominales recuperadas; buscar la DDJJ del régimen actual sin atribuir cifras de homónimos. La Cámara bonaerense vincula el perfil vigente de María Laura Fernández con su identificador de persona. Una nómina oficial de DDJJ que etiqueta DNI permite verificar, mediante un caso de control, que el sitio usa ese mismo esquema de identificadores. El cotejo reservado no coincide con ninguna de las tres claves OA homónimas."
prov-ba-dip-flores-yanz-evelyn-marlen,Flores Yanz Evelyn Marlen,Legislaturas provinciales,Diputado/a provincial,Buenos Aires,UNIÓN POR LA PATRIA,ruta_provincial_por_relevar,,sin_nombre_compatible_oa_2017_2024,,,sin_registro_oa_2017_2024,freezado,2026-09-02,"Expansión pausada para priorizar profundidad analítica en las trayectorias ya publicadas. El freeze no equivale a descarte, incumplimiento ni patrimonio cero.",6,"Buscar fuente del régimen actual y documentar publicado, reservado o no localizado."
prov-ba-dip-forchieri-agustin,Forchieri Agustín,Legislaturas provinciales,Diputado/a provincial,Buenos Aires,PRO,ruta_provincial_por_relevar,,sin_nombre_compatible_oa_2017_2024,,,sin_registro_oa_2017_2024,freezado,2026-09-02,"Expansión pausada para priorizar profundidad analítica en las trayectorias ya publicadas. El freeze no equivale a descarte, incumplimiento ni patrimonio cero.",6,"Buscar fuente del régimen actual y documentar publicado, reservado o no localizado."
prov-ba-dip-galvan-jose-renaldo,Galván José Renaldo,Legislaturas provinciales,Diputado/a provincial,Buenos Aires,UNIÓN POR LA PATRIA,ruta_provincial_por_relevar,,sin_nombre_compatible_oa_2017_2024,,,sin_registro_oa_2017_2024,freezado,2026-09-02,"Expansión pausada para priorizar profundidad analítica en las trayectorias ya publicadas. El freeze no equivale a descarte, incumplimiento ni patrimonio cero.",6,"Buscar fuente del régimen actual y documentar publicado, reservado o no localizado."
prov-ba-dip-garciarena-diego-raul-presidente-de-bloque,Garciarena Diego Raúl Presidente De Bloque,Legislaturas provinciales,Diputado/a provincial,Buenos Aires,UCR + CAMBIO FEDERAL,ruta_provincial_por_relevar,,sin_nombre_compatible_oa_2017_2024,,,sin_registro_oa_2017_2024,freezado,2026-09-02,"Expansión pausada para priorizar profundidad analítica en las trayectorias ya publicadas. El freeze no equivale a descarte, incumplimiento ni patrimonio cero.",6,"Buscar fuente del régimen actual y documentar publicado, reservado o no localizado."
prov-ba-dip-gay-hector-norberto,Gay Hector Norberto,Legislaturas provinciales,Diputado/a provincial,Buenos Aires,LA LIBERTAD AVANZA,ruta_provincial_por_relevar,,nombre_compatible_unico_en_oa,GAY HECTOR NORBERTO,2017|2018|2019|2020|2021|2022|2023,identidad_confirmada_cruce_oficial,cerrado_publicable,2026-09-02,Trayectoria publicada con controles reproducibles.,8,Serie normalizada y contrafactuales incorporados; actualizar con el consolidado 2025 cuando se publique.
prov-ba-dip-guerrera-alexis,Guerrera Alexis,Legislaturas provinciales,Diputado/a provincial,Buenos Aires,UNIÓN POR LA PATRIA,ruta_provincial_por_relevar,,sin_nombre_compatible_oa_2017_2024,,,sin_registro_oa_2017_2024,freezado,2026-09-02,"Expansión pausada para priorizar profundidad analítica en las trayectorias ya publicadas. El freeze no equivale a descarte, incumplimiento ni patrimonio cero.",6,"Buscar fuente del régimen actual y documentar publicado, reservado o no localizado."
prov-ba-dip-guzzo-viviana-raquel,Guzzo Viviana Raquel,Legislaturas provinciales,Diputado/a provincial,Buenos Aires,UNIÓN POR LA PATRIA,ruta_provincial_por_relevar,,sin_nombre_compatible_oa_2017_2024,,,sin_registro_oa_2017_2024,freezado,2026-09-02,"Expansión pausada para priorizar profundidad analítica en las trayectorias ya publicadas. El freeze no equivale a descarte, incumplimiento ni patrimonio cero.",6,"Buscar fuente del régimen actual y documentar publicado, reservado o no localizado."
prov-ba-dip-ianez-lucia,Iañez Lucía,Legislaturas provinciales,Diputado/a provincial,Buenos Aires,UNIÓN POR LA PATRIA,ruta_provincial_por_relevar,,sin_nombre_compatible_oa_2017_2024,,,sin_registro_oa_2017_2024,freezado,2026-09-02,"Expansión pausada para priorizar profundidad analítica en las trayectorias ya publicadas. El freeze no equivale a descarte, incumplimiento ni patrimonio cero.",6,"Buscar fuente del régimen actual y documentar publicado, reservado o no localizado."
prov-ba-dip-jalil-toledo-maria-salome,Jalil Toledo María Salomé,Legislaturas provinciales,Diputado/a provincial,Buenos Aires,UNIÓN Y LIBERTAD,ruta_provincial_por_relevar,,sin_nombre_compatible_oa_2017_2024,,,sin_registro_oa_2017_2024,freezado,2026-09-02,"Expansión pausada para priorizar profundidad analítica en las trayectorias ya publicadas. El freeze no equivale a descarte, incumplimiento ni patrimonio cero.",6,"Buscar fuente del régimen actual y documentar publicado, reservado o no localizado."
prov-ba-dip-landivar-maria-mercedes,Landivar María Mercedes,Legislaturas provinciales,Diputado/a provincial,Buenos Aires,UNIÓN POR LA PATRIA,ruta_provincial_por_relevar,,sin_nombre_compatible_oa_2017_2024,,,sin_registro_oa_2017_2024,freezado,2026-09-02,"Expansión pausada para priorizar profundidad analítica en las trayectorias ya publicadas. El freeze no equivale a descarte, incumplimiento ni patrimonio cero.",6,"Buscar fuente del régimen actual y documentar publicado, reservado o no localizado."
prov-ba-dip-liberman-oscar-eduardo,Liberman Oscar Eduardo,Legislaturas provinciales,Diputado/a provincial,Buenos Aires,LA LIBERTAD AVANZA,ruta_provincial_por_relevar,,sin_nombre_compatible_oa_2017_2024,,,sin_registro_oa_2017_2024,freezado,2026-09-02,"Expansión pausada para priorizar profundidad analítica en las trayectorias ya publicadas. El freeze no equivale a descarte, incumplimiento ni patrimonio cero.",6,"Buscar fuente del régimen actual y documentar publicado, reservado o no localizado."
prov-ba-dip-limone-maria-eva,Limone María Eva,Legislaturas provinciales,Diputado/a provincial,Buenos Aires,UNIÓN POR LA PATRIA,ruta_provincial_por_relevar,,sin_nombre_compatible_oa_2017_2024,,,sin_registro_oa_2017_2024,freezado,2026-09-02,"Expansión pausada para priorizar profundidad analítica en las trayectorias ya publicadas. El freeze no equivale a descarte, incumplimiento ni patrimonio cero.",6,"Buscar fuente del régimen actual y documentar publicado, reservado o no localizado."
prov-ba-dip-lissalde-ricardo,Lissalde Ricardo,Legislaturas provinciales,Diputado/a provincial,Buenos Aires,UNIÓN POR LA PATRIA,ruta_provincial_por_relevar,,nombre_compatible_unico_en_oa,LISSALDE RICARDO,2020,identidad_confirmada_cruce_oficial,cerrado_publicable,2026-09-02,Trayectoria publicada con controles reproducibles.,8,Serie normalizada y contrafactuales incorporados; actualizar con el consolidado 2025 cuando se publique.
prov-ba-dip-lorden-maria-alejandra-presidente-de-bloque,Lorden Maria Alejandra Presidente De Bloque,Legislaturas provinciales,Diputado/a provincial,Buenos Aires,UCR - UNIÓN CÍVICA RADICAL,ruta_provincial_por_relevar,,sin_nombre_compatible_oa_2017_2024,,,sin_registro_oa_2017_2024,freezado,2026-09-02,"Expansión pausada para priorizar profundidad analítica en las trayectorias ya publicadas. El freeze no equivale a descarte, incumplimiento ni patrimonio cero.",6,"Buscar fuente del régimen actual y documentar publicado, reservado o no localizado."
prov-ba-dip-luayza-troncozo-carlos-fabian,Luayza Troncozo Carlos Fabián,Legislaturas provinciales,Diputado/a provincial,Buenos Aires,NUEVOS AIRES,ruta_provincial_por_relevar,,sin_nombre_compatible_oa_2017_2024,,,sin_registro_oa_2017_2024,freezado,2026-09-02,"Expansión pausada para priorizar profundidad analítica en las trayectorias ya publicadas. El freeze no equivale a descarte, incumplimiento ni patrimonio cero.",6,"Buscar fuente del régimen actual y documentar publicado, reservado o no localizado."
prov-ba-dip-malpeli-juan-martin,Malpeli Juan Martín,Legislaturas provinciales,Diputado/a provincial,Buenos Aires,UNIÓN POR LA PATRIA,ruta_provincial_por_relevar,,nombre_compatible_unico_en_oa,MALPELI JUAN MARTIN,2019|2020|2021|2022,identidad_confirmada_cruce_oficial,cerrado_publicable,2026-09-02,Trayectoria publicada con controles reproducibles.,8,Serie normalizada y contrafactuales incorporados; actualizar con el consolidado 2025 cuando se publique.
prov-ba-dip-mateucci-ignacio-fernando,Mateucci Ignacio Fernando,Legislaturas provinciales,Diputado/a provincial,Buenos Aires,ESPACIO ABIERTO - HECHOS,ruta_provincial_por_relevar,,sin_nombre_compatible_oa_2017_2024,,,sin_registro_oa_2017_2024,freezado,2026-09-02,"Expansión pausada para priorizar profundidad analítica en las trayectorias ya publicadas. El freeze no equivale a descarte, incumplimiento ni patrimonio cero.",6,"Buscar fuente del régimen actual y documentar publicado, reservado o no localizado."
prov-ba-dip-mendoza-mayra-soledad,Mendoza Mayra Soledad,Legislaturas provinciales,Diputado/a provincial,Buenos Aires,UNIÓN POR LA PATRIA,ruta_provincial_por_relevar,,nombre_compatible_unico_en_oa,MENDOZA MAYRA SOLEDAD,2017|2018,identidad_confirmada_cruce_oficial,cerrado_publicable,2026-09-02,Trayectoria publicada con controles reproducibles.,8,Serie normalizada y contrafactuales incorporados; actualizar con el consolidado 2025 cuando se publique.
prov-ba-dip-minnaard-priscila,Minnaard Priscila,Legislaturas provinciales,Diputado/a provincial,Buenos Aires,UCR - UNIÓN CÍVICA RADICAL,ruta_provincial_por_relevar,,sin_nombre_compatible_oa_2017_2024,,,sin_registro_oa_2017_2024,freezado,2026-09-02,"Expansión pausada para priorizar profundidad analítica en las trayectorias ya publicadas. El freeze no equivale a descarte, incumplimiento ni patrimonio cero.",6,"Buscar fuente del régimen actual y documentar publicado, reservado o no localizado."
prov-ba-dip-miranda-valentin,Miranda Valentin,Legislaturas provinciales,Diputado/a provincial,Buenos Aires,UCR - UNIÓN CÍVICA RADICAL,ruta_provincial_por_relevar,,nombre_compatible_unico_en_oa,MIRANDA VALENTIN,2020,identidad_confirmada_cruce_oficial,cerrado_publicable,2026-09-02,Trayectoria publicada con controles reproducibles.,8,Serie normalizada y contrafactuales incorporados; actualizar con el consolidado 2025 cuando se publique.
prov-ba-dip-moreno-leonardo-jose,Moreno Leonardo José,Legislaturas provinciales,Diputado/a provincial,Buenos Aires,UNIÓN POR LA PATRIA,ruta_provincial_por_relevar,,nombre_compatible_unico_en_oa,MORENO LEONARDO JOSE,2020|2021|2022,identidad_confirmada_cruce_oficial,cerrado_publicable,2026-09-02,Trayectoria publicada con controles reproducibles.,8,Serie normalizada y contrafactuales incorporados; actualizar con el consolidado 2025 cuando se publique.
prov-ba-dip-morillo-pablo-ezequiel,Morillo Pablo Ezequiel,Legislaturas provinciales,Diputado/a provincial,Buenos Aires,LA LIBERTAD AVANZA,ruta_provincial_por_relevar,,nombre_compatible_unico_en_oa,MORILLO PABLO EZEQUIEL,2024,identidad_confirmada_cruce_oficial,cerrado_publicable,2026-09-02,Trayectoria publicada con controles reproducibles.,8,Serie normalizada y contrafactuales incorporados; actualizar con el consolidado 2025 cuando se publique.
prov-ba-dip-nanni-diego-eduardo,Nanni Diego Eduardo,Legislaturas provinciales,Diputado/a provincial,Buenos Aires,UNIÓN POR LA PATRIA,ruta_provincial_por_relevar,,sin_nombre_compatible_oa_2017_2024,,,sin_registro_oa_2017_2024,freezado,2026-09-02,"Expansión pausada para priorizar profundidad analítica en las trayectorias ya publicadas. El freeze no equivale a descarte, incumplimiento ni patrimonio cero.",6,"Buscar fuente del régimen actual y documentar publicado, reservado o no localizado."
prov-ba-dip-nardini-maria-silvina,Nardini Maria Silvina,Legislaturas provinciales,Diputado/a provincial,Buenos Aires,UNIÓN POR LA PATRIA,ruta_provincial_por_relevar,,sin_nombre_compatible_oa_2017_2024,,,sin_registro_oa_2017_2024,freezado,2026-09-02,"Expansión pausada para priorizar profundidad analítica en las trayectorias ya publicadas. El freeze no equivale a descarte, incumplimiento ni patrimonio cero.",6,"Buscar fuente del régimen actual y documentar publicado, reservado o no localizado."
prov-ba-dip-olivetto-micaela-edith,Olivetto Micaela Edith,Legislaturas provinciales,Diputado/a provincial,Buenos Aires,UNIÓN POR LA PATRIA,ruta_provincial_por_relevar,,sin_nombre_compatible_oa_2017_2024,,,sin_registro_oa_2017_2024,freezado,2026-09-02,"Expansión pausada para priorizar profundidad analítica en las trayectorias ya publicadas. El freeze no equivale a descarte, incumplimiento ni patrimonio cero.",6,"Buscar fuente del régimen actual y documentar publicado, reservado o no localizado."
prov-ba-dip-ontiveros-alberto-luis,Ontiveros Alberto Luis,Legislaturas provinciales,Diputado/a provincial,Buenos Aires,LA LIBERTAD AVANZA,ruta_provincial_por_relevar,,sin_nombre_compatible_oa_2017_2024,,,sin_registro_oa_2017_2024,freezado,2026-09-02,"Expansión pausada para priorizar profundidad analítica en las trayectorias ya publicadas. El freeze no equivale a descarte, incumplimiento ni patrimonio cero.",6,"Buscar fuente del régimen actual y documentar publicado, reservado o no localizado."
prov-ba-dip-osaba-juan-esteban,Osaba Juan Esteban,Legislaturas provinciales,Diputado/a provincial,Buenos Aires,LA LIBERTAD AVANZA,ruta_provincial_por_relevar,,nombre_compatible_unico_en_oa,OSABA JUAN ESTEBAN,2024,identidad_confirmada_cruce_oficial,cerrado_publicable,2026-09-02,Trayectoria publicada con controles reproducibles.,8,Serie normalizada y contrafactuales incorporados; actualizar con el consolidado 2025 cuando se publique.
prov-ba-dip-padulo-luciana,Padulo Luciana,Legislaturas provinciales,Diputado/a provincial,Buenos Aires,UNIÓN POR LA PATRIA,ruta_provincial_por_relevar,,sin_nombre_compatible_oa_2017_2024,,,sin_registro_oa_2017_2024,freezado,2026-09-02,"Expansión pausada para priorizar profundidad analítica en las trayectorias ya publicadas. El freeze no equivale a descarte, incumplimiento ni patrimonio cero.",6,"Buscar fuente del régimen actual y documentar publicado, reservado o no localizado."
prov-ba-dip-pannelli-carla,Pannelli Carla,Legislaturas provinciales,Diputado/a provincial,Buenos Aires,LA LIBERTAD AVANZA,ruta_provincial_por_relevar,,sin_nombre_compatible_oa_2017_2024,,,sin_registro_oa_2017_2024,freezado,2026-09-02,"Expansión pausada para priorizar profundidad analítica en las trayectorias ya publicadas. El freeze no equivale a descarte, incumplimiento ni patrimonio cero.",6,"Buscar fuente del régimen actual y documentar publicado, reservado o no localizado."
prov-ba-dip-passaglia-manuel,Passaglia Manuel,Legislaturas provinciales,Diputado/a provincial,Buenos Aires,ESPACIO ABIERTO - HECHOS,ruta_provincial_por_relevar,,sin_nombre_compatible_oa_2017_2024,,,sin_registro_oa_2017_2024,freezado,2026-09-02,"Expansión pausada para priorizar profundidad analítica en las trayectorias ya publicadas. El freeze no equivale a descarte, incumplimiento ni patrimonio cero.",6,"Buscar fuente del régimen actual y documentar publicado, reservado o no localizado."
prov-ba-dip-pomponio-sofia,Pomponio Sofía,Legislaturas provinciales,Diputado/a provincial,Buenos Aires,LA LIBERTAD AVANZA,ruta_provincial_por_relevar,,sin_nombre_compatible_oa_2017_2024,,,sin_registro_oa_2017_2024,freezado,2026-09-02,"Expansión pausada para priorizar profundidad analítica en las trayectorias ya publicadas. El freeze no equivale a descarte, incumplimiento ni patrimonio cero.",6,"Buscar fuente del régimen actual y documentar publicado, reservado o no localizado."
prov-ba-dip-puglelli-carlos-javier,Puglelli Carlos Javier,Legislaturas provinciales,Diputado/a provincial,Buenos Aires,UNIÓN POR LA PATRIA,ruta_provincial_por_relevar,,sin_nombre_compatible_oa_2017_2024,,,sin_registro_oa_2017_2024,freezado,2026-09-02,"Expansión pausada para priorizar profundidad analítica en las trayectorias ya publicadas. El freeze no equivale a descarte, incumplimiento ni patrimonio cero.",6,"Buscar fuente del régimen actual y documentar publicado, reservado o no localizado."
prov-ba-dip-quintero-chasman-julieta-elisabet,Quintero Chasman Julieta Elisabet,Legislaturas provinciales,Diputado/a provincial,Buenos Aires,PRO,ruta_provincial_por_relevar,,sin_nombre_compatible_oa_2017_2024,,,sin_registro_oa_2017_2024,freezado,2026-09-02,"Expansión pausada para priorizar profundidad analítica en las trayectorias ya publicadas. El freeze no equivale a descarte, incumplimiento ni patrimonio cero.",6,"Buscar fuente del régimen actual y documentar publicado, reservado o no localizado."
prov-ba-dip-rabinovich-alejandro-daniel-presidente-de-bloque,Rabinovich Alejandro Daniel Presidente De Bloque,Legislaturas provinciales,Diputado/a provincial,Buenos Aires,PRO,ruta_provincial_por_relevar,,sin_nombre_compatible_oa_2017_2024,,,sin_registro_oa_2017_2024,freezado,2026-09-02,"Expansión pausada para priorizar profundidad analítica en las trayectorias ya publicadas. El freeze no equivale a descarte, incumplimiento ni patrimonio cero.",6,"Buscar fuente del régimen actual y documentar publicado, reservado o no localizado."
prov-ba-dip-rasquetti-ayelen-itati,Rasquetti Ayelén Itatí,Legislaturas provinciales,Diputado/a provincial,Buenos Aires,UNIÓN POR LA PATRIA,ruta_provincial_por_relevar,,sin_nombre_compatible_oa_2017_2024,,,sin_registro_oa_2017_2024,freezado,2026-09-02,"Expansión pausada para priorizar profundidad analítica en las trayectorias ya publicadas. El freeze no equivale a descarte, incumplimiento ni patrimonio cero.",6,"Buscar fuente del régimen actual y documentar publicado, reservado o no localizado."
prov-ba-dip-recalde-margarita-alejandra,Recalde Margarita Alejandra,Legislaturas provinciales,Diputado/a provincial,Buenos Aires,UNIÓN POR LA PATRIA,ruta_provincial_por_relevar,,nombre_compatible_unico_en_oa,RECALDE MARGARITA ALEJANDRA,2020|2021|2022|2023,identidad_confirmada_cruce_oficial,cerrado_publicable,2026-09-02,Trayectoria publicada con controles reproducibles.,8,Serie normalizada y contrafactuales incorporados; actualizar con el consolidado 2025 cuando se publique.
prov-ba-dip-retamoso-maria-florencia,Retamoso María Florencia,Legislaturas provinciales,Diputado/a provincial,Buenos Aires,LA LIBERTAD AVANZA,ruta_provincial_por_relevar,,nombre_compatible_unico_en_oa,RETAMOSO MARIA FLORENCIA,2018,identidad_confirmada_cruce_oficial,cerrado_publicable,2026-09-02,Trayectoria publicada con controles reproducibles.,8,Serie normalizada y contrafactuales incorporados; actualizar con el consolidado 2025 cuando se publique.
prov-ba-dip-ricchini-maria-laura,Ricchini Maria Laura,Legislaturas provinciales,Diputado/a provincial,Buenos Aires,PRO,ruta_provincial_por_relevar,,sin_nombre_compatible_oa_2017_2024,,,sin_registro_oa_2017_2024,freezado,2026-09-02,"Expansión pausada para priorizar profundidad analítica en las trayectorias ya publicadas. El freeze no equivale a descarte, incumplimiento ni patrimonio cero.",6,"Buscar fuente del régimen actual y documentar publicado, reservado o no localizado."
prov-ba-dip-rodriguez-alberti-jorge-martin,Rodriguez Alberti Jorge Martín,Legislaturas provinciales,Diputado/a provincial,Buenos Aires,UNIÓN POR LA PATRIA,ruta_provincial_por_relevar,,nombre_compatible_unico_en_oa,RODRIGUEZ ALBERTI JORGE MARTIN,2019|2020|2021|2022|2023,identidad_confirmada_cruce_oficial,cerrado_publicable,2026-09-02,Trayectoria publicada con controles reproducibles.,8,Serie normalizada y contrafactuales incorporados; actualizar con el consolidado 2025 cuando se publique.
prov-ba-dip-romano-viviana-yolanda,Romano Viviana Yolanda,Legislaturas provinciales,Diputado/a provincial,Buenos Aires,NUEVOS AIRES,ruta_provincial_por_relevar,,sin_nombre_compatible_oa_2017_2024,,,sin_registro_oa_2017_2024,freezado,2026-09-02,"Expansión pausada para priorizar profundidad analítica en las trayectorias ya publicadas. El freeze no equivale a descarte, incumplimiento ni patrimonio cero.",6,"Buscar fuente del régimen actual y documentar publicado, reservado o no localizado."
prov-ba-dip-romero-cintia-veronica,Romero Cintia Veronica,Legislaturas provinciales,Diputado/a provincial,Buenos Aires,UNIÓN POR LA PATRIA,ruta_provincial_por_relevar,,sin_nombre_compatible_oa_2017_2024,,,sin_registro_oa_2017_2024,freezado,2026-09-02,"Expansión pausada para priorizar profundidad analítica en las trayectorias ya publicadas. El freeze no equivale a descarte, incumplimiento ni patrimonio cero.",6,"Buscar fuente del régimen actual y documentar publicado, reservado o no localizado."
prov-ba-dip-romo-agustin-presidente-de-bloque,Romo Agustín Presidente De Bloque,Legislaturas provinciales,Diputado/a provincial,Buenos Aires,LA LIBERTAD AVANZA,ruta_provincial_por_relevar,,sin_nombre_compatible_oa_2017_2024,,,sin_registro_oa_2017_2024,freezado,2026-09-02,"Expansión pausada para priorizar profundidad analítica en las trayectorias ya publicadas. El freeze no equivale a descarte, incumplimiento ni patrimonio cero.",6,"Buscar fuente del régimen actual y documentar publicado, reservado o no localizado."
prov-ba-dip-rossi-jose-ignacio,Rossi Jose Ignacio,Legislaturas provinciales,Diputado/a provincial,Buenos Aires,UNIÓN POR LA PATRIA,ruta_provincial_por_relevar,,sin_nombre_compatible_oa_2017_2024,,,sin_registro_oa_2017_2024,freezado,2026-09-02,"Expansión pausada para priorizar profundidad analítica en las trayectorias ya publicadas. El freeze no equivale a descarte, incumplimiento ni patrimonio cero.",6,"Buscar fuente del régimen actual y documentar publicado, reservado o no localizado."
prov-ba-dip-rovello-fernando,Rovello Fernando,Legislaturas provinciales,Diputado/a provincial,Buenos Aires,PRO,ruta_provincial_por_relevar,,sin_nombre_compatible_oa_2017_2024,,,sin_registro_oa_2017_2024,freezado,2026-09-02,"Expansión pausada para priorizar profundidad analítica en las trayectorias ya publicadas. El freeze no equivale a descarte, incumplimiento ni patrimonio cero.",6,"Buscar fuente del régimen actual y documentar publicado, reservado o no localizado."
prov-ba-dip-rozas-martin-adolfo-presidente-de-bloque,Rozas Martín Adolfo Presidente De Bloque,Legislaturas provinciales,Diputado/a provincial,Buenos Aires,UNIÓN Y LIBERTAD,ruta_provincial_por_relevar,,sin_nombre_compatible_oa_2017_2024,,,sin_registro_oa_2017_2024,freezado,2026-09-02,"Expansión pausada para priorizar profundidad analítica en las trayectorias ya publicadas. El freeze no equivale a descarte, incumplimiento ni patrimonio cero.",6,"Buscar fuente del régimen actual y documentar publicado, reservado o no localizado."
prov-ba-dip-saavedra-maria-noelia,Saavedra María Noelia,Legislaturas provinciales,Diputado/a provincial,Buenos Aires,UNIÓN POR LA PATRIA,ruta_provincial_por_relevar,,sin_nombre_compatible_oa_2017_2024,,,sin_registro_oa_2017_2024,freezado,2026-09-02,"Expansión pausada para priorizar profundidad analítica en las trayectorias ya publicadas. El freeze no equivale a descarte, incumplimiento ni patrimonio cero.",6,"Buscar fuente del régimen actual y documentar publicado, reservado o no localizado."
prov-ba-dip-sabat-sabrina-ines,Sabat Sabrina Inés,Legislaturas provinciales,Diputado/a provincial,Buenos Aires,UNIÓN Y LIBERTAD,ruta_provincial_por_relevar,,sin_nombre_compatible_oa_2017_2024,,,sin_registro_oa_2017_2024,freezado,2026-09-02,"Expansión pausada para priorizar profundidad analítica en las trayectorias ya publicadas. El freeze no equivale a descarte, incumplimiento ni patrimonio cero.",6,"Buscar fuente del régimen actual y documentar publicado, reservado o no localizado."
prov-ba-dip-sallaberry-ana-rita,Sallaberry Ana Rita,Legislaturas provinciales,Diputado/a provincial,Buenos Aires,PRO,ruta_provincial_por_relevar,,sin_nombre_compatible_oa_2017_2024,,,sin_registro_oa_2017_2024,freezado,2026-09-02,"Expansión pausada para priorizar profundidad analítica en las trayectorias ya publicadas. El freeze no equivale a descarte, incumplimiento ni patrimonio cero.",6,"Buscar fuente del régimen actual y documentar publicado, reservado o no localizado."
prov-ba-dip-schlotthauer-monica-leticia-presidente-de-bloque,Schlotthauer Monica Leticia Presidente De Bloque,Legislaturas provinciales,Diputado/a provincial,Buenos Aires,IZQUIERDA SOCIALISTA - FITU,ruta_provincial_por_relevar,,sin_nombre_compatible_oa_2017_2024,,,sin_registro_oa_2017_2024,freezado,2026-09-02,"Expansión pausada para priorizar profundidad analítica en las trayectorias ya publicadas. El freeze no equivale a descarte, incumplimiento ni patrimonio cero.",6,"Buscar fuente del régimen actual y documentar publicado, reservado o no localizado."
prov-ba-dip-sotelo-larcher-nahuel,Sotelo Larcher Nahuel,Legislaturas provinciales,Diputado/a provincial,Buenos Aires,LA LIBERTAD AVANZA,ruta_provincial_por_relevar,,nombre_compatible_unico_en_oa,SOTELO LARCHER NAHUEL,2024,identidad_confirmada_cruce_oficial,cerrado_publicable,2026-09-02,Trayectoria publicada con controles reproducibles.,8,Serie normalizada y contrafactuales incorporados; actualizar con el consolidado 2025 cuando se publique.
prov-ba-dip-sotolano-maria-angel,Sotolano María Angel,Legislaturas provinciales,Diputado/a provincial,Buenos Aires,PRO,ruta_provincial_por_relevar,,nombre_compatible_unico_en_oa,SOTOLANO MARIA ANGEL,2021|2022|2023,identidad_confirmada_cruce_oficial,cerrado_publicable,2026-09-02,Trayectoria publicada con controles reproducibles.,8,Serie normalizada y contrafactuales incorporados; actualizar con el consolidado 2025 cuando se publique.
prov-ba-dip-tignanelli-facundo-presidente-de-bloque,Tignanelli Facundo Presidente De Bloque,Legislaturas provinciales,Diputado/a provincial,Buenos Aires,UNIÓN POR LA PATRIA,ruta_provincial_por_relevar,,sin_nombre_compatible_oa_2017_2024,,,sin_registro_oa_2017_2024,freezado,2026-09-02,"Expansión pausada para priorizar profundidad analítica en las trayectorias ya publicadas. El freeze no equivale a descarte, incumplimiento ni patrimonio cero.",6,"Buscar fuente del régimen actual y documentar publicado, reservado o no localizado."
prov-ba-dip-vaccarezza-maria-silvina,Vaccarezza María Silvina,Legislaturas provinciales,Diputado/a provincial,Buenos Aires,UCR + CAMBIO FEDERAL,ruta_provincial_por_relevar,,sin_nombre_compatible_oa_2017_2024,,,sin_registro_oa_2017_2024,freezado,2026-09-02,"Expansión pausada para priorizar profundidad analítica en las trayectorias ya publicadas. El freeze no equivale a descarte, incumplimiento ni patrimonio cero.",6,"Buscar fuente del régimen actual y documentar publicado, reservado o no localizado."
prov-ba-dip-vannelli-sofia,Vannelli Sofía,Legislaturas provinciales,Diputado/a provincial,Buenos Aires,UNIÓN POR LA PATRIA,ruta_provincial_por_relevar,,nombre_compatible_unico_en_oa,VANNELLI SOFIA,2020|2021,identidad_confirmada_cruce_oficial,cerrado_publicable,2026-09-02,Trayectoria publicada con controles reproducibles.,8,Serie normalizada y contrafactuales incorporados; actualizar con el consolidado 2025 cuando se publique.
prov-ba-dip-vazquez-roberto-ramon,Vazquez Roberto Ramón,Legislaturas provinciales,Diputado/a provincial,Buenos Aires,UNIÓN POR LA PATRIA,ruta_provincial_por_relevar,,sin_nombre_compatible_oa_2017_2024,,,sin_registro_oa_2017_2024,freezado,2026-09-02,"Expansión pausada para priorizar profundidad analítica en las trayectorias ya publicadas. El freeze no equivale a descarte, incumplimiento ni patrimonio cero.",6,"Buscar fuente del régimen actual y documentar publicado, reservado o no localizado."
prov-ba-dip-vera-chavez-teodoro-ramon,Vera Chavez Teodoro Ramón,Legislaturas provinciales,Diputado/a provincial,Buenos Aires,LA LIBERTAD AVANZA,ruta_provincial_por_relevar,,sin_nombre_compatible_oa_2017_2024,,,sin_registro_oa_2017_2024,freezado,2026-09-02,"Expansión pausada para priorizar profundidad analítica en las trayectorias ya publicadas. El freeze no equivale a descarte, incumplimiento ni patrimonio cero.",6,"Buscar fuente del régimen actual y documentar publicado, reservado o no localizado."
prov-ba-dip-vitale-mariela-silvina,Vitale Mariela Silvina,Legislaturas provinciales,Diputado/a provincial,Buenos Aires,LA LIBERTAD AVANZA,ruta_provincial_por_relevar,,nombre_compatible_unico_en_oa,VITALE MARIELA SILVINA,2024,identidad_confirmada_cruce_oficial,cerrado_publicable,2026-09-02,Trayectoria publicada con controles reproducibles.,8,Serie normalizada y contrafactuales incorporados; actualizar con el consolidado 2025 cuando se publique.
prov-ba-dip-vivona-luis-omar,Vivona Luis Omar,Legislaturas provinciales,Diputado/a provincial,Buenos Aires,UNIÓN POR LA PATRIA,ruta_provincial_por_relevar,,sin_nombre_compatible_oa_2017_2024,,,sin_registro_oa_2017_2024,freezado,2026-09-02,"Expansión pausada para priorizar profundidad analítica en las trayectorias ya publicadas. El freeze no equivale a descarte, incumplimiento ni patrimonio cero.",6,"Buscar fuente del régimen actual y documentar publicado, reservado o no localizado."
prov-ba-dip-zurro-avelino-ricardo,Zurro Avelino Ricardo,Legislaturas provinciales,Diputado/a provincial,Buenos Aires,UNIÓN POR LA PATRIA,ruta_provincial_por_relevar,,nombre_compatible_unico_en_oa,ZURRO AVELINO RICARDO,2019|2020|2021|2022|2023,identidad_confirmada_cruce_oficial,cerrado_publicable,2026-09-02,Trayectoria publicada con controles reproducibles.,8,Serie normalizada y contrafactuales incorporados; actualizar con el consolidado 2025 cuando se publique.
prov-ba-sen-arata-valeria,Valeria Arata,Legislaturas provinciales,Senador/a provincial,Buenos Aires,Fuerza patria ,ruta_provincial_por_relevar,,sin_nombre_compatible_oa_2017_2024,,,sin_registro_oa_2017_2024,freezado,2026-09-02,"Expansión pausada para priorizar profundidad analítica en las trayectorias ya publicadas. El freeze no equivale a descarte, incumplimiento ni patrimonio cero.",6,"Buscar fuente del régimen actual y documentar publicado, reservado o no localizado."
prov-ba-sen-arietto-maria-florencia,Maria Florencia Arietto,Legislaturas provinciales,Senador/a provincial,Buenos Aires,La libertad avanza ,ruta_provincial_por_relevar,,nombre_compatible_unico_en_oa,ARIETTO MARIA FLORENCIA,2017|2018|2019,identidad_confirmada_cruce_oficial,cerrado_publicable,2026-09-02,Trayectoria publicada con controles reproducibles.,8,Serie normalizada y contrafactuales incorporados; actualizar con el consolidado 2025 cuando se publique.
prov-ba-sen-balaudo-analia,Analia Balaudo,Legislaturas provinciales,Senador/a provincial,Buenos Aires,La libertad avanza ,ruta_provincial_por_relevar,,nombre_compatible_unico_en_oa,BALAUDO ANALIA,2024,identidad_confirmada_cruce_oficial,cerrado_publicable,2026-09-02,Trayectoria publicada con controles reproducibles.,8,Serie normalizada y contrafactuales incorporados; actualizar con el consolidado 2025 cuando se publique.
prov-ba-sen-bambaci-maria-luz,Maria Luz Bambaci,Legislaturas provinciales,Senador/a provincial,Buenos Aires,La libertad avanza ,ruta_provincial_por_relevar,,nombre_compatible_unico_en_oa,BAMBACI MARIA LUZ,2017|2018|2019|2024,identidad_confirmada_cruce_oficial,cerrado_publicable,2026-09-02,Trayectoria publicada con controles reproducibles.,8,Serie normalizada y contrafactuales incorporados; actualizar con el consolidado 2025 cuando se publique.
prov-ba-sen-bastida-sabrina,Sabrina Bastida,Legislaturas provinciales,Senador/a provincial,Buenos Aires,Fuerza patria ,ruta_provincial_por_relevar,,sin_nombre_compatible_oa_2017_2024,,,sin_registro_oa_2017_2024,freezado,2026-09-02,"Expansión pausada para priorizar profundidad analítica en las trayectorias ya publicadas. El freeze no equivale a descarte, incumplimiento ni patrimonio cero.",6,"Buscar fuente del régimen actual y documentar publicado, reservado o no localizado."
prov-ba-sen-berni-sergio-alejandro,Sergio Alejandro Berni,Legislaturas provinciales,Senador/a provincial,Buenos Aires,Fuerza patria ,ruta_provincial_por_relevar,,sin_nombre_compatible_oa_2017_2024,,,sin_registro_oa_2017_2024,freezado,2026-09-02,"Expansión pausada para priorizar profundidad analítica en las trayectorias ya publicadas. El freeze no equivale a descarte, incumplimiento ni patrimonio cero.",6,"Buscar fuente del régimen actual y documentar publicado, reservado o no localizado."
prov-ba-sen-borgini-pedro-francisco,Pedro Francisco Borgini,Legislaturas provinciales,Senador/a provincial,Buenos Aires,Fuerza patria ,ruta_provincial_por_relevar,,sin_nombre_compatible_oa_2017_2024,,,sin_registro_oa_2017_2024,freezado,2026-09-02,"Expansión pausada para priorizar profundidad analítica en las trayectorias ya publicadas. El freeze no equivale a descarte, incumplimiento ni patrimonio cero.",6,"Buscar fuente del régimen actual y documentar publicado, reservado o no localizado."
prov-ba-sen-cabezas-gonzalo,Gonzalo Cabezas,Legislaturas provinciales,Senador/a provincial,Buenos Aires,La libertad avanza ,ruta_provincial_por_relevar,,nombre_compatible_unico_en_oa,CABEZAS GONZALO DARIO,2024,identidad_confirmada_cruce_oficial,cerrado_publicable,2026-09-02,Trayectoria publicada con controles reproducibles.,8,Serie normalizada y contrafactuales incorporados; actualizar con el consolidado 2025 cuando se publique.
prov-ba-sen-campbell-alex,Alex Campbell,Legislaturas provinciales,Senador/a provincial,Buenos Aires,Pro ,ruta_provincial_por_relevar,,sin_nombre_compatible_oa_2017_2024,,,sin_registro_oa_2017_2024,freezado,2026-09-02,"Expansión pausada para priorizar profundidad analítica en las trayectorias ya publicadas. El freeze no equivale a descarte, incumplimiento ni patrimonio cero.",6,"Buscar fuente del régimen actual y documentar publicado, reservado o no localizado."
prov-ba-sen-clark-laura-magdalena,Laura Magdalena Clark,Legislaturas provinciales,Senador/a provincial,Buenos Aires,Fuerza patria ,ruta_provincial_por_relevar,,sin_nombre_compatible_oa_2017_2024,,,sin_registro_oa_2017_2024,freezado,2026-09-02,"Expansión pausada para priorizar profundidad analítica en las trayectorias ya publicadas. El freeze no equivale a descarte, incumplimiento ni patrimonio cero.",6,"Buscar fuente del régimen actual y documentar publicado, reservado o no localizado."
prov-ba-sen-coronel-fernando-gabriel,Fernando Gabriel Coronel,Legislaturas provinciales,Senador/a provincial,Buenos Aires,Fuerza patria ,ruta_provincial_por_relevar,,sin_nombre_compatible_oa_2017_2024,,,sin_registro_oa_2017_2024,freezado,2026-09-02,"Expansión pausada para priorizar profundidad analítica en las trayectorias ya publicadas. El freeze no equivale a descarte, incumplimiento ni patrimonio cero.",6,"Buscar fuente del régimen actual y documentar publicado, reservado o no localizado."
prov-ba-sen-curestis-carlos-nicolas,Carlos Nicolas Curestis,Legislaturas provinciales,Senador/a provincial,Buenos Aires,La libertad avanza ,ruta_provincial_por_relevar,,sin_nombre_compatible_oa_2017_2024,,,sin_registro_oa_2017_2024,freezado,2026-09-02,"Expansión pausada para priorizar profundidad analítica en las trayectorias ya publicadas. El freeze no equivale a descarte, incumplimiento ni patrimonio cero.",6,"Buscar fuente del régimen actual y documentar publicado, reservado o no localizado."
prov-ba-sen-curi-amira,Amira Curi,Legislaturas provinciales,Senador/a provincial,Buenos Aires,Fuerza patria ,ruta_provincial_por_relevar,,sin_nombre_compatible_oa_2017_2024,,,sin_registro_oa_2017_2024,freezado,2026-09-02,"Expansión pausada para priorizar profundidad analítica en las trayectorias ya publicadas. El freeze no equivale a descarte, incumplimiento ni patrimonio cero.",6,"Buscar fuente del régimen actual y documentar publicado, reservado o no localizado."
prov-ba-sen-de-urraza-matias-miguel,Matias Miguel De Urraza,Legislaturas provinciales,Senador/a provincial,Buenos Aires,La libertad avanza ,ruta_provincial_por_relevar,,sin_nombre_compatible_oa_2017_2024,,,sin_registro_oa_2017_2024,freezado,2026-09-02,"Expansión pausada para priorizar profundidad analítica en las trayectorias ya publicadas. El freeze no equivale a descarte, incumplimiento ni patrimonio cero.",6,"Buscar fuente del régimen actual y documentar publicado, reservado o no localizado."
prov-ba-sen-diaz-evelyn,Evelyn Diaz,Legislaturas provinciales,Senador/a provincial,Buenos Aires,Fuerza patria ,ruta_provincial_por_relevar,,sin_nombre_compatible_oa_2017_2024,,,sin_registro_oa_2017_2024,freezado,2026-09-02,"Expansión pausada para priorizar profundidad analítica en las trayectorias ya publicadas. El freeze no equivale a descarte, incumplimiento ni patrimonio cero.",6,"Buscar fuente del régimen actual y documentar publicado, reservado o no localizado."
prov-ba-sen-duran-ayelen,Ayelén Durán,Legislaturas provinciales,Senador/a provincial,Buenos Aires,Fuerza patria ,ruta_provincial_por_relevar,,sin_nombre_compatible_oa_2017_2024,,,sin_registro_oa_2017_2024,freezado,2026-09-02,"Expansión pausada para priorizar profundidad analítica en las trayectorias ya publicadas. El freeze no equivale a descarte, incumplimiento ni patrimonio cero.",6,"Buscar fuente del régimen actual y documentar publicado, reservado o no localizado."
prov-ba-sen-fagioli-federico,Federico Fagioli,Legislaturas provinciales,Senador/a provincial,Buenos Aires,Fuerza patria ,ruta_provincial_por_relevar,,nombre_compatible_unico_en_oa,FAGIOLI FEDERICO,2018|2019|2020|2021|2022|2023,identidad_confirmada_cruce_oficial,cerrado_publicable,2026-09-02,Trayectoria publicada con controles reproducibles.,8,Serie normalizada y contrafactuales incorporados; actualizar con el consolidado 2025 cuando se publique.
prov-ba-sen-feliu-marcelo-enrique,Marcelo Enrique Feliú,Legislaturas provinciales,Senador/a provincial,Buenos Aires,Fuerza patria ,ruta_provincial_por_relevar,,sin_nombre_compatible_oa_2017_2024,,,sin_registro_oa_2017_2024,freezado,2026-09-02,"Expansión pausada para priorizar profundidad analítica en las trayectorias ya publicadas. El freeze no equivale a descarte, incumplimiento ni patrimonio cero.",6,"Buscar fuente del régimen actual y documentar publicado, reservado o no localizado."
prov-ba-sen-galmarini-malena,Malena Galmarini,Legislaturas provinciales,Senador/a provincial,Buenos Aires,Fuerza patria ,ruta_provincial_por_relevar,,nombre_compatible_unico_en_oa,GALMARINI MALENA,2019|2020|2021|2022|2023,identidad_confirmada_cruce_oficial,cerrado_publicable,2026-09-02,Trayectoria publicada con controles reproducibles.,8,Serie normalizada y contrafactuales incorporados; actualizar con el consolidado 2025 cuando se publique.
prov-ba-sen-gonzalez-santalla-emmanuel-severo,Emmanuel Severo González Santalla,Legislaturas provinciales,Senador/a provincial,Buenos Aires,Fuerza patria ,ruta_provincial_por_relevar,,nombre_compatible_unico_en_oa,GONZALEZ SANTALLA EMMANUEL SEVERO,2020,identidad_confirmada_cruce_oficial,cerrado_publicable,2026-09-02,Trayectoria publicada con controles reproducibles.,8,Serie normalizada y contrafactuales incorporados; actualizar con el consolidado 2025 cuando se publique.
prov-ba-sen-ishii-mario-alberto,Mario Alberto Ishii,Legislaturas provinciales,Senador/a provincial,Buenos Aires,Fuerza patria ,ruta_provincial_por_relevar,,sin_nombre_compatible_oa_2017_2024,,,sin_registro_oa_2017_2024,freezado,2026-09-02,"Expansión pausada para priorizar profundidad analítica en las trayectorias ya publicadas. El freeze no equivale a descarte, incumplimiento ni patrimonio cero.",6,"Buscar fuente del régimen actual y documentar publicado, reservado o no localizado."
prov-ba-sen-kikuchi-carlos-francisco,Carlos Francisco Kikuchi,Legislaturas provinciales,Senador/a provincial,Buenos Aires,Unión y libertad ,ruta_provincial_por_relevar,,sin_nombre_compatible_oa_2017_2024,,,sin_registro_oa_2017_2024,freezado,2026-09-02,"Expansión pausada para priorizar profundidad analítica en las trayectorias ya publicadas. El freeze no equivale a descarte, incumplimiento ni patrimonio cero.",6,"Buscar fuente del régimen actual y documentar publicado, reservado o no localizado."
prov-ba-sen-lago-german,German Lago,Legislaturas provinciales,Senador/a provincial,Buenos Aires,Fuerza patria ,ruta_provincial_por_relevar,,sin_nombre_compatible_oa_2017_2024,,,sin_registro_oa_2017_2024,freezado,2026-09-02,"Expansión pausada para priorizar profundidad analítica en las trayectorias ya publicadas. El freeze no equivale a descarte, incumplimiento ni patrimonio cero.",6,"Buscar fuente del régimen actual y documentar publicado, reservado o no localizado."
prov-ba-sen-laurini-maria-ines,María Inés Laurini,Legislaturas provinciales,Senador/a provincial,Buenos Aires,Fuerza patria ,ruta_provincial_por_relevar,,sin_nombre_compatible_oa_2017_2024,,,sin_registro_oa_2017_2024,freezado,2026-09-02,"Expansión pausada para priorizar profundidad analítica en las trayectorias ya publicadas. El freeze no equivale a descarte, incumplimiento ni patrimonio cero.",6,"Buscar fuente del régimen actual y documentar publicado, reservado o no localizado."
prov-ba-sen-leguizamon-brown-marcelo,Marcelo Leguizamón Brown,Legislaturas provinciales,Senador/a provincial,Buenos Aires,Hechos - ucr identidad ,ruta_provincial_por_relevar,,nombre_compatible_unico_en_oa,LEGUIZAMON BROWN MARCELO LEONEL,2017,identidad_confirmada_cruce_oficial,cerrado_publicable,2026-09-02,Trayectoria publicada con controles reproducibles.,8,Serie normalizada y contrafactuales incorporados; actualizar con el consolidado 2025 cuando se publique.
prov-ba-sen-lopez-roxana,Roxana Lopez,Legislaturas provinciales,Senador/a provincial,Buenos Aires,Fuerza patria ,ruta_provincial_por_relevar,,coincidencia_multiple_revisar_homonimia,LOPEZ ROXANA DEL VALLE | LOPEZ ROXANA JUDITH,2017|2018|2019|2020|2021|2022|2023|2024,sin_registro_oa_2017_2024_identidad_desambiguada,freezado,2026-09-02,"Expansión pausada para priorizar profundidad analítica en las trayectorias ya publicadas. El freeze no equivale a descarte, incumplimiento ni patrimonio cero.",15,La identidad oficial descarta todas las claves OA nominales recuperadas; buscar la DDJJ del régimen actual sin atribuir cifras de homónimos. El Senado bonaerense identifica a Roxana Alejandra López. Las dos claves OA candidatas corresponden a Roxana del Valle y Roxana Judith López.
prov-ba-sen-macha-monica-fernanda,Monica Fernanda Macha,Legislaturas provinciales,Senador/a provincial,Buenos Aires,Fuerza patria ,ruta_provincial_por_relevar,,nombre_compatible_unico_en_oa,MACHA MONICA FERNANDA,2017|2018|2019|2020|2021|2022|2023|2024,identidad_confirmada_cruce_oficial,cerrado_publicable,2026-09-02,Trayectoria publicada con controles reproducibles.,8,Serie normalizada y contrafactuales incorporados; actualizar con el consolidado 2025 cuando se publique.
prov-ba-sen-martinez-maria-cecilia,Maria Cecilia Martinez,Legislaturas provinciales,Senador/a provincial,Buenos Aires,La libertad avanza ,ruta_provincial_por_relevar,,nombre_compatible_unico_en_oa,MARTINEZ MARIA CECILIA,2017|2018|2019|2020|2021|2022|2023|2024,identidad_confirmada_cruce_oficial,cerrado_publicable,2026-09-02,Trayectoria publicada con controles reproducibles.,8,Serie normalizada y contrafactuales incorporados; actualizar con el consolidado 2025 cuando se publique.
prov-ba-sen-martinez-maria-rosa,Maria Rosa Martinez,Legislaturas provinciales,Senador/a provincial,Buenos Aires,Fuerza patria ,ruta_provincial_por_relevar,,nombre_compatible_unico_en_oa,MARTINEZ MARIA ROSA,2018|2019|2020|2021|2022|2023,identidad_confirmada_cruce_oficial,cerrado_publicable,2026-09-02,Trayectoria publicada con controles reproducibles.,8,Serie normalizada y contrafactuales incorporados; actualizar con el consolidado 2025 cuando se publique.
prov-ba-sen-montenegro-guillermo-tristan,Guillermo Tristan Montenegro,Legislaturas provinciales,Senador/a provincial,Buenos Aires,Pro ,ruta_provincial_por_relevar,,nombre_compatible_unico_en_oa,MONTENEGRO GUILLERMO TRISTAN,2017|2018|2019,identidad_confirmada_cruce_oficial,cerrado_publicable,2026-09-02,Trayectoria publicada con controles reproducibles.,8,Serie normalizada y contrafactuales incorporados; actualizar con el consolidado 2025 cuando se publique.
prov-ba-sen-neumann-nerina-daniela,Nerina Daniela Neumann,Legislaturas provinciales,Senador/a provincial,Buenos Aires,Ucr ,ruta_provincial_por_relevar,,sin_nombre_compatible_oa_2017_2024,,,sin_registro_oa_2017_2024,freezado,2026-09-02,"Expansión pausada para priorizar profundidad analítica en las trayectorias ya publicadas. El freeze no equivale a descarte, incumplimiento ni patrimonio cero.",6,"Buscar fuente del régimen actual y documentar publicado, reservado o no localizado."
prov-ba-sen-olivera-luciano-emanuel,Luciano Emanuel Olivera,Legislaturas provinciales,Senador/a provincial,Buenos Aires,La libertad avanza ,ruta_provincial_por_relevar,,nombre_compatible_unico_en_oa,OLIVERA LUCIANO EMANUEL,2024,identidad_confirmada_cruce_oficial,cerrado_publicable,2026-09-02,Trayectoria publicada con controles reproducibles.,8,Serie normalizada y contrafactuales incorporados; actualizar con el consolidado 2025 cuando se publique.
prov-ba-sen-paredi-jorge-alberto,Jorge Alberto Paredi,Legislaturas provinciales,Senador/a provincial,Buenos Aires,Fuerza patria ,ruta_provincial_por_relevar,,sin_nombre_compatible_oa_2017_2024,,,sin_registro_oa_2017_2024,freezado,2026-09-02,"Expansión pausada para priorizar profundidad analítica en las trayectorias ya publicadas. El freeze no equivale a descarte, incumplimiento ni patrimonio cero.",6,"Buscar fuente del régimen actual y documentar publicado, reservado o no localizado."
prov-ba-sen-petrecca-pablo-alexis,Pablo Alexis Petrecca,Legislaturas provinciales,Senador/a provincial,Buenos Aires,Pro ,ruta_provincial_por_relevar,,sin_nombre_compatible_oa_2017_2024,,,sin_registro_oa_2017_2024,freezado,2026-09-02,"Expansión pausada para priorizar profundidad analítica en las trayectorias ya publicadas. El freeze no equivale a descarte, incumplimiento ni patrimonio cero.",6,"Buscar fuente del régimen actual y documentar publicado, reservado o no localizado."
prov-ba-sen-pisano-marcos-emilio,Marcos Emilio Pisano,Legislaturas provinciales,Senador/a provincial,Buenos Aires,Fuerza patria ,ruta_provincial_por_relevar,,nombre_compatible_unico_en_oa,PISANO MARCOS EMILIO,2017|2018,identidad_confirmada_cruce_oficial,cerrado_publicable,2026-09-02,Trayectoria publicada con controles reproducibles.,8,Serie normalizada y contrafactuales incorporados; actualizar con el consolidado 2025 cuando se publique.
prov-ba-sen-quintana-natalia,Natalia Quintana,Legislaturas provinciales,Senador/a provincial,Buenos Aires,Hechos - ucr identidad ,ruta_provincial_por_relevar,,nombre_compatible_unico_en_oa,QUINTANA NATALIA SOLEDAD,2022|2023|2024,identidad_confirmada_cruce_oficial,cerrado_publicable,2026-09-02,Trayectoria publicada con controles reproducibles.,8,Serie normalizada y contrafactuales incorporados; actualizar con el consolidado 2025 cuando se publique.
prov-ba-sen-raverta-maria-fernanda,Maria Fernanda Raverta,Legislaturas provinciales,Senador/a provincial,Buenos Aires,Fuerza patria ,ruta_provincial_por_relevar,,nombre_compatible_unico_en_oa,RAVERTA MARIA FERNANDA,2017|2018|2019|2020|2021|2022|2023,identidad_confirmada_cruce_oficial,cerrado_publicable,2026-09-02,Trayectoria publicada con controles reproducibles.,8,Serie normalizada y contrafactuales incorporados; actualizar con el consolidado 2025 cuando se publique.
prov-ba-sen-rico-zini-juan-manuel,Juan Manuel Rico Zini,Legislaturas provinciales,Senador/a provincial,Buenos Aires,Pro ,ruta_provincial_por_relevar,,sin_nombre_compatible_oa_2017_2024,,,sin_registro_oa_2017_2024,freezado,2026-09-02,"Expansión pausada para priorizar profundidad analítica en las trayectorias ya publicadas. El freeze no equivale a descarte, incumplimiento ni patrimonio cero.",6,"Buscar fuente del régimen actual y documentar publicado, reservado o no localizado."
prov-ba-sen-riva-betina-clara,Betina Clara Riva,Legislaturas provinciales,Senador/a provincial,Buenos Aires,La libertad avanza ,ruta_provincial_por_relevar,,sin_nombre_compatible_oa_2017_2024,,,sin_registro_oa_2017_2024,freezado,2026-09-02,"Expansión pausada para priorizar profundidad analítica en las trayectorias ya publicadas. El freeze no equivale a descarte, incumplimiento ni patrimonio cero.",6,"Buscar fuente del régimen actual y documentar publicado, reservado o no localizado."
prov-ba-sen-santarelli-adrian-carlos,Adrián Carlos Santarelli,Legislaturas provinciales,Senador/a provincial,Buenos Aires,Fuerza patria ,ruta_provincial_por_relevar,,sin_nombre_compatible_oa_2017_2024,,,sin_registro_oa_2017_2024,freezado,2026-09-02,"Expansión pausada para priorizar profundidad analítica en las trayectorias ya publicadas. El freeze no equivale a descarte, incumplimiento ni patrimonio cero.",6,"Buscar fuente del régimen actual y documentar publicado, reservado o no localizado."
prov-ba-sen-schiavone-jorge,Jorge Schiavone,Legislaturas provinciales,Senador/a provincial,Buenos Aires,Pro ,ruta_provincial_por_relevar,,sin_nombre_compatible_oa_2017_2024,,,sin_registro_oa_2017_2024,freezado,2026-09-02,"Expansión pausada para priorizar profundidad analítica en las trayectorias ya publicadas. El freeze no equivale a descarte, incumplimiento ni patrimonio cero.",6,"Buscar fuente del régimen actual y documentar publicado, reservado o no localizado."
prov-ba-sen-subiza-maria-emilia,Maria Emilia Subiza,Legislaturas provinciales,Senador/a provincial,Buenos Aires,Hechos - ucr identidad ,ruta_provincial_por_relevar,,nombre_compatible_unico_en_oa,SUBIZA MARIA EMILIA,2017|2018|2023,identidad_confirmada_cruce_oficial,cerrado_publicable,2026-09-02,Trayectoria publicada con controles reproducibles.,8,Serie normalizada y contrafactuales incorporados; actualizar con el consolidado 2025 cuando se publique.
prov-ba-sen-valenzuela-diego,Diego Valenzuela,Legislaturas provinciales,Senador/a provincial,Buenos Aires,La libertad avanza ,ruta_provincial_por_relevar,,nombre_compatible_unico_en_oa,VALENZUELA DIEGO JAVIER,2017|2018|2019|2020,identidad_confirmada_cruce_oficial,cerrado_publicable,2026-09-02,Trayectoria publicada con controles reproducibles.,8,Serie normalizada y contrafactuales incorporados; actualizar con el consolidado 2025 cuando se publique.
prov-ba-sen-vargas-sergio-raul,Sergio Raul Vargas,Legislaturas provinciales,Senador/a provincial,Buenos Aires,Unión y libertad ,ruta_provincial_por_relevar,,nombre_compatible_unico_en_oa,VARGAS SERGIO RAUL,2023,identidad_confirmada_cruce_oficial,cerrado_publicable,2026-09-02,Trayectoria publicada con controles reproducibles.,8,Serie normalizada y contrafactuales incorporados; actualizar con el consolidado 2025 cuando se publique.
prov-ba-sen-ventura-silvana-paola,Silvana Paola Ventura,Legislaturas provinciales,Senador/a provincial,Buenos Aires,Unión y libertad ,ruta_provincial_por_relevar,,sin_nombre_compatible_oa_2017_2024,,,sin_registro_oa_2017_2024,freezado,2026-09-02,"Expansión pausada para priorizar profundidad analítica en las trayectorias ya publicadas. El freeze no equivale a descarte, incumplimiento ni patrimonio cero.",6,"Buscar fuente del régimen actual y documentar publicado, reservado o no localizado."
prov-ba-sen-videla-diego-alberto,Diego Alberto Videla,Legislaturas provinciales,Senador/a provincial,Buenos Aires,Fuerza patria ,ruta_provincial_por_relevar,,sin_nombre_compatible_oa_2017_2024,,,sin_registro_oa_2017_2024,freezado,2026-09-02,"Expansión pausada para priorizar profundidad analítica en las trayectorias ya publicadas. El freeze no equivale a descarte, incumplimiento ni patrimonio cero.",6,"Buscar fuente del régimen actual y documentar publicado, reservado o no localizado."
prov-caba-leg-biasi-vanina,Vanina Biasi,Legislaturas provinciales,Legislador/a de la Ciudad,Ciudad Autónoma de Buenos Aires,Frente de Izquierda de los Trabajadores / PO,listado_ddjj_2025_publicado_sin_cruce_nominal,https://www.legislatura.gob.ar/seccion/listado-diputados-djpi.html,nombre_compatible_unico_en_oa,BIASI VANINA NATALIA,2017|2018|2020|2024,identidad_confirmada_cruce_oficial,cerrado_publicable,2026-09-02,Trayectoria publicada con controles reproducibles.,7,Serie normalizada y contrafactuales incorporados; actualizar con el consolidado 2025 cuando se publique.
prov-caba-leg-lospennato-silvia,Silvia Lospennato,Legislaturas provinciales,Legislador/a de la Ciudad,Ciudad Autónoma de Buenos Aires,Vamos por más,listado_ddjj_2025_publicado_sin_cruce_nominal,https://www.legislatura.gob.ar/seccion/listado-diputados-djpi.html,nombre_compatible_unico_en_oa,LOSPENNATO SILVIA GABRIELA,2017|2018|2019|2020|2021|2022|2023|2024,identidad_confirmada_cruce_oficial,cerrado_publicable,2026-09-02,Trayectoria publicada con controles reproducibles.,7,Serie normalizada y contrafactuales incorporados; actualizar con el consolidado 2025 cuando se publique.
prov-caba-leg-casielles-eugenio,Eugenio Casielles,Legislaturas provinciales,Legislador/a de la Ciudad,Ciudad Autónoma de Buenos Aires,Transformación,listado_ddjj_2025_publicado_sin_cruce_nominal,https://www.legislatura.gob.ar/seccion/listado-diputados-djpi.html,sin_nombre_compatible_oa_2017_2024,,,sin_registro_oa_2017_2024,freezado,2026-09-02,"Expansión pausada para priorizar profundidad analítica en las trayectorias ya publicadas. El freeze no equivale a descarte, incumplimiento ni patrimonio cero.",6,"Buscar fuente del régimen actual y documentar publicado, reservado o no localizado."
prov-caba-leg-ferrario-emmanuel,Emmanuel Ferrario,Legislaturas provinciales,Legislador/a de la Ciudad,Ciudad Autónoma de Buenos Aires,Confianza y Desarrollo,listado_ddjj_2025_publicado_sin_cruce_nominal,https://www.legislatura.gob.ar/seccion/listado-diputados-djpi.html,nombre_compatible_unico_en_oa,FERRARIO EMMANUEL ALBERTO,2018|2021|2023|2024,identidad_confirmada_cruce_oficial,cerrado_publicable,2026-09-02,Trayectoria publicada con controles reproducibles.,7,Serie normalizada y contrafactuales incorporados; actualizar con el consolidado 2025 cuando se publique.
prov-caba-leg-thourte-manuela,Manuela Thourte,Legislaturas provinciales,Legislador/a de la Ciudad,Ciudad Autónoma de Buenos Aires,Ciudadanos Unidos / UCR,listado_ddjj_2025_publicado_sin_cruce_nominal,https://www.legislatura.gob.ar/seccion/listado-diputados-djpi.html,sin_nombre_compatible_oa_2017_2024,,,sin_registro_oa_2017_2024,freezado,2026-09-02,"Expansión pausada para priorizar profundidad analítica en las trayectorias ya publicadas. El freeze no equivale a descarte, incumplimiento ni patrimonio cero.",6,"Buscar fuente del régimen actual y documentar publicado, reservado o no localizado."
prov-caba-leg-neira-claudia,Claudia Neira,Legislaturas provinciales,Legislador/a de la Ciudad,Ciudad Autónoma de Buenos Aires,Fuerza por Buenos Aires,listado_ddjj_2025_publicado_sin_cruce_nominal,https://www.legislatura.gob.ar/seccion/listado-diputados-djpi.html,sin_nombre_compatible_oa_2017_2024,,,sin_registro_oa_2017_2024,freezado,2026-09-02,"Expansión pausada para priorizar profundidad analítica en las trayectorias ya publicadas. El freeze no equivale a descarte, incumplimiento ni patrimonio cero.",6,"Buscar fuente del régimen actual y documentar publicado, reservado o no localizado."
prov-caba-leg-ramirez-maria-del-pilar,María Del Pilar Ramírez,Legislaturas provinciales,Legislador/a de la Ciudad,Ciudad Autónoma de Buenos Aires,La Libertad avanza,listado_ddjj_2025_publicado_sin_cruce_nominal,https://www.legislatura.gob.ar/seccion/listado-diputados-djpi.html,nombre_compatible_unico_en_oa,RAMIREZ MARIA DEL PILAR,2024,identidad_confirmada_cruce_oficial,cerrado_publicable,2026-09-02,Trayectoria publicada con controles reproducibles.,7,Serie normalizada y contrafactuales incorporados; actualizar con el consolidado 2025 cuando se publique.
prov-caba-leg-alifraco-edgardo-nestor,Edgardo Nestor Alifraco,Legislaturas provinciales,Legislador/a de la Ciudad,Ciudad Autónoma de Buenos Aires,Confianza y Desarrollo,listado_ddjj_2025_publicado_sin_cruce_nominal,https://www.legislatura.gob.ar/seccion/listado-diputados-djpi.html,sin_nombre_compatible_oa_2017_2024,,,sin_registro_oa_2017_2024,freezado,2026-09-02,"Expansión pausada para priorizar profundidad analítica en las trayectorias ya publicadas. El freeze no equivale a descarte, incumplimiento ni patrimonio cero.",6,"Buscar fuente del régimen actual y documentar publicado, reservado o no localizado."
prov-caba-leg-alonso-laura,Laura Alonso,Legislaturas provinciales,Legislador/a de la Ciudad,Ciudad Autónoma de Buenos Aires,Vamos por más,listado_ddjj_2025_publicado_sin_cruce_nominal,https://www.legislatura.gob.ar/seccion/listado-diputados-djpi.html,coincidencia_multiple_revisar_homonimia,ALONSO LAURA | ALONSO LAURA CECILIA | ALONSO LAURA VALERIA | ALONSO LAURA VIRGINIA,2017|2018|2019|2020|2021|2022|2023|2024,identidad_confirmada_cruce_oficial,cerrado_publicable,2026-09-02,Trayectoria publicada con controles reproducibles.,15,Serie normalizada y contrafactuales incorporados; actualizar con el consolidado 2025 cuando se publique.
prov-caba-leg-arenaza-juan-pablo,Juan Pablo Arenaza,Legislaturas provinciales,Legislador/a de la Ciudad,Ciudad Autónoma de Buenos Aires,La Libertad avanza,listado_ddjj_2025_publicado_sin_cruce_nominal,https://www.legislatura.gob.ar/seccion/listado-diputados-djpi.html,sin_nombre_compatible_oa_2017_2024,,,sin_registro_oa_2017_2024,freezado,2026-09-02,"Expansión pausada para priorizar profundidad analítica en las trayectorias ya publicadas. El freeze no equivale a descarte, incumplimiento ni patrimonio cero.",6,"Buscar fuente del régimen actual y documentar publicado, reservado o no localizado."
prov-caba-leg-barroetavena-matias,Matías Barroetaveña,Legislaturas provinciales,Legislador/a de la Ciudad,Ciudad Autónoma de Buenos Aires,Fuerza por Buenos Aires,listado_ddjj_2025_publicado_sin_cruce_nominal,https://www.legislatura.gob.ar/seccion/listado-diputados-djpi.html,sin_nombre_compatible_oa_2017_2024,,,sin_registro_oa_2017_2024,freezado,2026-09-02,"Expansión pausada para priorizar profundidad analítica en las trayectorias ya publicadas. El freeze no equivale a descarte, incumplimiento ni patrimonio cero.",6,"Buscar fuente del régimen actual y documentar publicado, reservado o no localizado."
prov-caba-leg-bielli-maria,María Bielli,Legislaturas provinciales,Legislador/a de la Ciudad,Ciudad Autónoma de Buenos Aires,Fuerza por Buenos Aires,listado_ddjj_2025_publicado_sin_cruce_nominal,https://www.legislatura.gob.ar/seccion/listado-diputados-djpi.html,sin_nombre_compatible_oa_2017_2024,,,sin_registro_oa_2017_2024,freezado,2026-09-02,"Expansión pausada para priorizar profundidad analítica en las trayectorias ya publicadas. El freeze no equivale a descarte, incumplimiento ni patrimonio cero.",6,"Buscar fuente del régimen actual y documentar publicado, reservado o no localizado."
prov-caba-leg-caporiccio-francisco,Francisco Caporiccio,Legislaturas provinciales,Legislador/a de la Ciudad,Ciudad Autónoma de Buenos Aires,Fuerza por Buenos Aires,listado_ddjj_2025_publicado_sin_cruce_nominal,https://www.legislatura.gob.ar/seccion/listado-diputados-djpi.html,sin_nombre_compatible_oa_2017_2024,,,sin_registro_oa_2017_2024,freezado,2026-09-02,"Expansión pausada para priorizar profundidad analítica en las trayectorias ya publicadas. El freeze no equivale a descarte, incumplimiento ni patrimonio cero.",6,"Buscar fuente del régimen actual y documentar publicado, reservado o no localizado."
prov-caba-leg-crucitta-aldana-belen,Aldana Belén Crucitta,Legislaturas provinciales,Legislador/a de la Ciudad,Ciudad Autónoma de Buenos Aires,Ciudadanos Unidos / UCR,listado_ddjj_2025_publicado_sin_cruce_nominal,https://www.legislatura.gob.ar/seccion/listado-diputados-djpi.html,sin_nombre_compatible_oa_2017_2024,,,sin_registro_oa_2017_2024,freezado,2026-09-02,"Expansión pausada para priorizar profundidad analítica en las trayectorias ya publicadas. El freeze no equivale a descarte, incumplimiento ni patrimonio cero.",6,"Buscar fuente del régimen actual y documentar publicado, reservado o no localizado."
prov-caba-leg-del-gaiso-juan-facundo,Juan Facundo Del Gaiso,Legislaturas provinciales,Legislador/a de la Ciudad,Ciudad Autónoma de Buenos Aires,Vamos por más,listado_ddjj_2025_publicado_sin_cruce_nominal,https://www.legislatura.gob.ar/seccion/listado-diputados-djpi.html,nombre_compatible_unico_en_oa,DEL GAISO JUAN FACUNDO,2024,identidad_confirmada_cruce_oficial,cerrado_publicable,2026-09-02,Trayectoria publicada con controles reproducibles.,7,Serie normalizada y contrafactuales incorporados; actualizar con el consolidado 2025 cuando se publique.
prov-caba-leg-donati-pablo-alejandro,Pablo Alejandro Donati,Legislaturas provinciales,Legislador/a de la Ciudad,Ciudad Autónoma de Buenos Aires,Vamos por más,listado_ddjj_2025_publicado_sin_cruce_nominal,https://www.legislatura.gob.ar/seccion/listado-diputados-djpi.html,sin_nombre_compatible_oa_2017_2024,,,sin_registro_oa_2017_2024,freezado,2026-09-02,"Expansión pausada para priorizar profundidad analítica en las trayectorias ya publicadas. El freeze no equivale a descarte, incumplimiento ni patrimonio cero.",6,"Buscar fuente del régimen actual y documentar publicado, reservado o no localizado."
prov-caba-leg-ernst-marcelo-gregorio,Marcelo Gregorio Ernst,Legislaturas provinciales,Legislador/a de la Ciudad,Ciudad Autónoma de Buenos Aires,La Libertad avanza,listado_ddjj_2025_publicado_sin_cruce_nominal,https://www.legislatura.gob.ar/seccion/listado-diputados-djpi.html,sin_nombre_compatible_oa_2017_2024,,,sin_registro_oa_2017_2024,freezado,2026-09-02,"Expansión pausada para priorizar profundidad analítica en las trayectorias ya publicadas. El freeze no equivale a descarte, incumplimiento ni patrimonio cero.",6,"Buscar fuente del régimen actual y documentar publicado, reservado o no localizado."
prov-caba-leg-fernandez-juan-ignacio,Juan Ignacio Fernández,Legislaturas provinciales,Legislador/a de la Ciudad,Ciudad Autónoma de Buenos Aires,La Libertad avanza,listado_ddjj_2025_publicado_sin_cruce_nominal,https://www.legislatura.gob.ar/seccion/listado-diputados-djpi.html,sin_nombre_compatible_oa_2017_2024,,,sin_registro_oa_2017_2024,freezado,2026-09-02,"Expansión pausada para priorizar profundidad analítica en las trayectorias ya publicadas. El freeze no equivale a descarte, incumplimiento ni patrimonio cero.",6,"Buscar fuente del régimen actual y documentar publicado, reservado o no localizado."
prov-caba-leg-ferreno-claudio-americo,Claudio Américo Ferreño,Legislaturas provinciales,Legislador/a de la Ciudad,Ciudad Autónoma de Buenos Aires,Fuerza por Buenos Aires,listado_ddjj_2025_publicado_sin_cruce_nominal,https://www.legislatura.gob.ar/seccion/listado-diputados-djpi.html,sin_nombre_compatible_oa_2017_2024,,,sin_registro_oa_2017_2024,freezado,2026-09-02,"Expansión pausada para priorizar profundidad analítica en las trayectorias ya publicadas. El freeze no equivale a descarte, incumplimiento ni patrimonio cero.",6,"Buscar fuente del régimen actual y documentar publicado, reservado o no localizado."
prov-caba-leg-figueroa-rocio,Rocío Figueroa,Legislaturas provinciales,Legislador/a de la Ciudad,Ciudad Autónoma de Buenos Aires,Vamos por más,listado_ddjj_2025_publicado_sin_cruce_nominal,https://www.legislatura.gob.ar/seccion/listado-diputados-djpi.html,sin_nombre_compatible_oa_2017_2024,,,sin_registro_oa_2017_2024,freezado,2026-09-02,"Expansión pausada para priorizar profundidad analítica en las trayectorias ya publicadas. El freeze no equivale a descarte, incumplimiento ni patrimonio cero.",6,"Buscar fuente del régimen actual y documentar publicado, reservado o no localizado."
prov-caba-leg-fleitas-rebeca,Rebeca Fleitas,Legislaturas provinciales,Legislador/a de la Ciudad,Ciudad Autónoma de Buenos Aires,La Libertad avanza,listado_ddjj_2025_publicado_sin_cruce_nominal,https://www.legislatura.gob.ar/seccion/listado-diputados-djpi.html,sin_nombre_compatible_oa_2017_2024,,,sin_registro_oa_2017_2024,freezado,2026-09-02,"Expansión pausada para priorizar profundidad analítica en las trayectorias ya publicadas. El freeze no equivale a descarte, incumplimiento ni patrimonio cero.",6,"Buscar fuente del régimen actual y documentar publicado, reservado o no localizado."
prov-caba-leg-freguia-andrea,Andrea Freguia,Legislaturas provinciales,Legislador/a de la Ciudad,Ciudad Autónoma de Buenos Aires,La Libertad avanza,listado_ddjj_2025_publicado_sin_cruce_nominal,https://www.legislatura.gob.ar/seccion/listado-diputados-djpi.html,sin_nombre_compatible_oa_2017_2024,,,sin_registro_oa_2017_2024,freezado,2026-09-02,"Expansión pausada para priorizar profundidad analítica en las trayectorias ya publicadas. El freeze no equivale a descarte, incumplimiento ni patrimonio cero.",6,"Buscar fuente del régimen actual y documentar publicado, reservado o no localizado."
prov-caba-leg-freire-victoria,Victoria Freire,Legislaturas provinciales,Legislador/a de la Ciudad,Ciudad Autónoma de Buenos Aires,Fuerza por Buenos Aires,listado_ddjj_2025_publicado_sin_cruce_nominal,https://www.legislatura.gob.ar/seccion/listado-diputados-djpi.html,sin_nombre_compatible_oa_2017_2024,,,sin_registro_oa_2017_2024,freezado,2026-09-02,"Expansión pausada para priorizar profundidad analítica en las trayectorias ya publicadas. El freeze no equivale a descarte, incumplimiento ni patrimonio cero.",6,"Buscar fuente del régimen actual y documentar publicado, reservado o no localizado."
prov-caba-leg-geminiani-noemi,Noemí Geminiani,Legislaturas provinciales,Legislador/a de la Ciudad,Ciudad Autónoma de Buenos Aires,Fuerza por Buenos Aires,listado_ddjj_2025_publicado_sin_cruce_nominal,https://www.legislatura.gob.ar/seccion/listado-diputados-djpi.html,sin_nombre_compatible_oa_2017_2024,,,sin_registro_oa_2017_2024,freezado,2026-09-02,"Expansión pausada para priorizar profundidad analítica en las trayectorias ya publicadas. El freeze no equivale a descarte, incumplimiento ni patrimonio cero.",6,"Buscar fuente del régimen actual y documentar publicado, reservado o no localizado."
prov-caba-leg-glize-patricia-ines,Patricia Inés Glize,Legislaturas provinciales,Legislador/a de la Ciudad,Ciudad Autónoma de Buenos Aires,Vamos por más,listado_ddjj_2025_publicado_sin_cruce_nominal,https://www.legislatura.gob.ar/seccion/listado-diputados-djpi.html,sin_nombre_compatible_oa_2017_2024,,,sin_registro_oa_2017_2024,freezado,2026-09-02,"Expansión pausada para priorizar profundidad analítica en las trayectorias ya publicadas. El freeze no equivale a descarte, incumplimiento ni patrimonio cero.",6,"Buscar fuente del régimen actual y documentar publicado, reservado o no localizado."
prov-caba-leg-gonzalez-andrea-mariana,Andrea Mariana González,Legislaturas provinciales,Legislador/a de la Ciudad,Ciudad Autónoma de Buenos Aires,Fuerza por Buenos Aires,listado_ddjj_2025_publicado_sin_cruce_nominal,https://www.legislatura.gob.ar/seccion/listado-diputados-djpi.html,sin_nombre_compatible_oa_2017_2024,,,sin_registro_oa_2017_2024,freezado,2026-09-02,"Expansión pausada para priorizar profundidad analítica en las trayectorias ya publicadas. El freeze no equivale a descarte, incumplimiento ni patrimonio cero.",6,"Buscar fuente del régimen actual y documentar publicado, reservado o no localizado."
prov-caba-leg-grillo-alejandro-omar,Alejandro Omar Grillo,Legislaturas provinciales,Legislador/a de la Ciudad,Ciudad Autónoma de Buenos Aires,Fuerza por Buenos Aires,listado_ddjj_2025_publicado_sin_cruce_nominal,https://www.legislatura.gob.ar/seccion/listado-diputados-djpi.html,nombre_compatible_unico_en_oa,GRILLO ALEJANDRO OMAR,2017|2018|2019|2020|2021|2022|2023,identidad_confirmada_cruce_oficial,cerrado_publicable,2026-09-02,Trayectoria publicada con controles reproducibles.,7,Serie normalizada y contrafactuales incorporados; actualizar con el consolidado 2025 cuando se publique.
prov-caba-leg-ianez-berenice,Berenice Iañez,Legislaturas provinciales,Legislador/a de la Ciudad,Ciudad Autónoma de Buenos Aires,Fuerza por Buenos Aires,listado_ddjj_2025_publicado_sin_cruce_nominal,https://www.legislatura.gob.ar/seccion/listado-diputados-djpi.html,nombre_compatible_unico_en_oa,IAÑEZ BERENICE LIA,2023|2024,identidad_confirmada_cruce_oficial,cerrado_publicable,2026-09-02,Trayectoria publicada con controles reproducibles.,7,Serie normalizada y contrafactuales incorporados; actualizar con el consolidado 2025 cuando se publique.
prov-caba-leg-imas-silvia,Silvia Imas,Legislaturas provinciales,Legislador/a de la Ciudad,Ciudad Autónoma de Buenos Aires,La Libertad avanza,listado_ddjj_2025_publicado_sin_cruce_nominal,https://www.legislatura.gob.ar/seccion/listado-diputados-djpi.html,sin_nombre_compatible_oa_2017_2024,,,sin_registro_oa_2017_2024,freezado,2026-09-02,"Expansión pausada para priorizar profundidad analítica en las trayectorias ya publicadas. El freeze no equivale a descarte, incumplimiento ni patrimonio cero.",6,"Buscar fuente del régimen actual y documentar publicado, reservado o no localizado."
prov-caba-leg-kienast-marina,Marina Kienast,Legislaturas provinciales,Legislador/a de la Ciudad,Ciudad Autónoma de Buenos Aires,La Libertad avanza,listado_ddjj_2025_publicado_sin_cruce_nominal,https://www.legislatura.gob.ar/seccion/listado-diputados-djpi.html,sin_nombre_compatible_oa_2017_2024,,,sin_registro_oa_2017_2024,freezado,2026-09-02,"Expansión pausada para priorizar profundidad analítica en las trayectorias ya publicadas. El freeze no equivale a descarte, incumplimiento ni patrimonio cero.",6,"Buscar fuente del régimen actual y documentar publicado, reservado o no localizado."
prov-caba-leg-la-blunda-andres,Andrés La Blunda,Legislaturas provinciales,Legislador/a de la Ciudad,Ciudad Autónoma de Buenos Aires,Fuerza por Buenos Aires,listado_ddjj_2025_publicado_sin_cruce_nominal,https://www.legislatura.gob.ar/seccion/listado-diputados-djpi.html,sin_nombre_compatible_oa_2017_2024,,,sin_registro_oa_2017_2024,freezado,2026-09-02,"Expansión pausada para priorizar profundidad analítica en las trayectorias ya publicadas. El freeze no equivale a descarte, incumplimiento ni patrimonio cero.",6,"Buscar fuente del régimen actual y documentar publicado, reservado o no localizado."
prov-caba-leg-lammens-matias,Matías Lammens,Legislaturas provinciales,Legislador/a de la Ciudad,Ciudad Autónoma de Buenos Aires,Fuerza por Buenos Aires,listado_ddjj_2025_publicado_sin_cruce_nominal,https://www.legislatura.gob.ar/seccion/listado-diputados-djpi.html,sin_nombre_compatible_oa_2017_2024,,,sin_registro_oa_2017_2024,freezado,2026-09-02,"Expansión pausada para priorizar profundidad analítica en las trayectorias ya publicadas. El freeze no equivale a descarte, incumplimiento ni patrimonio cero.",6,"Buscar fuente del régimen actual y documentar publicado, reservado o no localizado."
prov-caba-leg-lopez-matias-damian,Matías Damián López,Legislaturas provinciales,Legislador/a de la Ciudad,Ciudad Autónoma de Buenos Aires,Vamos por más,listado_ddjj_2025_publicado_sin_cruce_nominal,https://www.legislatura.gob.ar/seccion/listado-diputados-djpi.html,sin_nombre_compatible_oa_2017_2024,,,sin_registro_oa_2017_2024,freezado,2026-09-02,"Expansión pausada para priorizar profundidad analítica en las trayectorias ya publicadas. El freeze no equivale a descarte, incumplimiento ni patrimonio cero.",6,"Buscar fuente del régimen actual y documentar publicado, reservado o no localizado."
prov-caba-leg-loupias-francisco,Francisco Loupias,Legislaturas provinciales,Legislador/a de la Ciudad,Ciudad Autónoma de Buenos Aires,Ciudadanos Unidos / UCR,listado_ddjj_2025_publicado_sin_cruce_nominal,https://www.legislatura.gob.ar/seccion/listado-diputados-djpi.html,sin_nombre_compatible_oa_2017_2024,,,sin_registro_oa_2017_2024,freezado,2026-09-02,"Expansión pausada para priorizar profundidad analítica en las trayectorias ya publicadas. El freeze no equivale a descarte, incumplimiento ni patrimonio cero.",6,"Buscar fuente del régimen actual y documentar publicado, reservado o no localizado."
prov-caba-leg-martin-amanda,Amanda Martín,Legislaturas provinciales,Legislador/a de la Ciudad,Ciudad Autónoma de Buenos Aires,Frente de Izquierda de los Trabajadores / PO,listado_ddjj_2025_publicado_sin_cruce_nominal,https://www.legislatura.gob.ar/seccion/listado-diputados-djpi.html,nombre_compatible_unico_en_oa,MARTIN AMANDA,2020|2021,identidad_confirmada_cruce_oficial,cerrado_publicable,2026-09-02,Trayectoria publicada con controles reproducibles.,7,Serie normalizada y contrafactuales incorporados; actualizar con el consolidado 2025 cuando se publique.
prov-caba-leg-mochi-federico,Federico Mochi,Legislaturas provinciales,Legislador/a de la Ciudad,Ciudad Autónoma de Buenos Aires,Fuerza por Buenos Aires,listado_ddjj_2025_publicado_sin_cruce_nominal,https://www.legislatura.gob.ar/seccion/listado-diputados-djpi.html,nombre_compatible_unico_en_oa,MOCHI FEDERICO PATRICIO,2023,identidad_confirmada_cruce_oficial,cerrado_publicable,2026-09-02,Trayectoria publicada con controles reproducibles.,7,Serie normalizada y contrafactuales incorporados; actualizar con el consolidado 2025 cuando se publique.
prov-caba-leg-modarelli-juan-pablo,Juan Pablo Modarelli,Legislaturas provinciales,Legislador/a de la Ciudad,Ciudad Autónoma de Buenos Aires,Fuerza por Buenos Aires,listado_ddjj_2025_publicado_sin_cruce_nominal,https://www.legislatura.gob.ar/seccion/listado-diputados-djpi.html,nombre_compatible_unico_en_oa,MODARELLI JUAN PABLO,2019|2020|2021|2022|2023,identidad_confirmada_cruce_oficial,cerrado_publicable,2026-09-02,Trayectoria publicada con controles reproducibles.,7,Serie normalizada y contrafactuales incorporados; actualizar con el consolidado 2025 cuando se publique.
prov-caba-leg-mollard-maria-fernanda,María Fernanda Mollard,Legislaturas provinciales,Legislador/a de la Ciudad,Ciudad Autónoma de Buenos Aires,Ciudadanos Unidos / UCR,listado_ddjj_2025_publicado_sin_cruce_nominal,https://www.legislatura.gob.ar/seccion/listado-diputados-djpi.html,sin_nombre_compatible_oa_2017_2024,,,sin_registro_oa_2017_2024,freezado,2026-09-02,"Expansión pausada para priorizar profundidad analítica en las trayectorias ya publicadas. El freeze no equivale a descarte, incumplimiento ni patrimonio cero.",6,"Buscar fuente del régimen actual y documentar publicado, reservado o no localizado."
prov-caba-leg-montenegro-lucia,Lucía Montenegro,Legislaturas provinciales,Legislador/a de la Ciudad,Ciudad Autónoma de Buenos Aires,La Libertad avanza,listado_ddjj_2025_publicado_sin_cruce_nominal,https://www.legislatura.gob.ar/seccion/listado-diputados-djpi.html,sin_nombre_compatible_oa_2017_2024,,,sin_registro_oa_2017_2024,freezado,2026-09-02,"Expansión pausada para priorizar profundidad analítica en las trayectorias ya publicadas. El freeze no equivale a descarte, incumplimiento ni patrimonio cero.",6,"Buscar fuente del régimen actual y documentar publicado, reservado o no localizado."
prov-caba-leg-nagata-sebastian,Sebastián Nagata,Legislaturas provinciales,Legislador/a de la Ciudad,Ciudad Autónoma de Buenos Aires,Confianza y Desarrollo,listado_ddjj_2025_publicado_sin_cruce_nominal,https://www.legislatura.gob.ar/seccion/listado-diputados-djpi.html,sin_nombre_compatible_oa_2017_2024,,,sin_registro_oa_2017_2024,freezado,2026-09-02,"Expansión pausada para priorizar profundidad analítica en las trayectorias ya publicadas. El freeze no equivale a descarte, incumplimiento ni patrimonio cero.",6,"Buscar fuente del régimen actual y documentar publicado, reservado o no localizado."
prov-caba-leg-negri-claudia,Claudia Negri,Legislaturas provinciales,Legislador/a de la Ciudad,Ciudad Autónoma de Buenos Aires,Fuerza por Buenos Aires,listado_ddjj_2025_publicado_sin_cruce_nominal,https://www.legislatura.gob.ar/seccion/listado-diputados-djpi.html,nombre_compatible_unico_en_oa,NEGRI CLAUDIA VIVIANA,2022|2023|2024,identidad_confirmada_cruce_oficial,cerrado_publicable,2026-09-02,Trayectoria publicada con controles reproducibles.,7,Serie normalizada y contrafactuales incorporados; actualizar con el consolidado 2025 cuando se publique.
prov-caba-leg-nieto-dario-hugo,Darío Hugo Nieto,Legislaturas provinciales,Legislador/a de la Ciudad,Ciudad Autónoma de Buenos Aires,Vamos por más,listado_ddjj_2025_publicado_sin_cruce_nominal,https://www.legislatura.gob.ar/seccion/listado-diputados-djpi.html,nombre_compatible_unico_en_oa,NIETO DARIO HUGO,2017|2018|2019|2021|2022,identidad_confirmada_cruce_oficial,cerrado_publicable,2026-09-02,Trayectoria publicada con controles reproducibles.,7,Serie normalizada y contrafactuales incorporados; actualizar con el consolidado 2025 cuando se publique.
prov-caba-leg-ocana-maria-graciela,María Graciela Ocaña,Legislaturas provinciales,Legislador/a de la Ciudad,Ciudad Autónoma de Buenos Aires,Confianza y Desarrollo,listado_ddjj_2025_publicado_sin_cruce_nominal,https://www.legislatura.gob.ar/seccion/listado-diputados-djpi.html,nombre_compatible_unico_en_oa,OCAÑA MARIA GRACIELA,2017|2018|2019|2020|2021|2022|2024,identidad_confirmada_cruce_oficial,cerrado_publicable,2026-09-02,Trayectoria publicada con controles reproducibles.,7,Serie normalizada y contrafactuales incorporados; actualizar con el consolidado 2025 cuando se publique.
prov-caba-leg-pakgojz-nicolas,Nicolás Pakgojz,Legislaturas provinciales,Legislador/a de la Ciudad,Ciudad Autónoma de Buenos Aires,La Libertad avanza,listado_ddjj_2025_publicado_sin_cruce_nominal,https://www.legislatura.gob.ar/seccion/listado-diputados-djpi.html,nombre_compatible_unico_en_oa,PAKGOJZ NICOLAS ALBERTO,2023|2024,identidad_confirmada_cruce_oficial,cerrado_publicable,2026-09-02,Trayectoria publicada con controles reproducibles.,7,Serie normalizada y contrafactuales incorporados; actualizar con el consolidado 2025 cuando se publique.
prov-caba-leg-parera-ignacio-jose,Ignacio José Parera,Legislaturas provinciales,Legislador/a de la Ciudad,Ciudad Autónoma de Buenos Aires,Vamos por más,listado_ddjj_2025_publicado_sin_cruce_nominal,https://www.legislatura.gob.ar/seccion/listado-diputados-djpi.html,sin_nombre_compatible_oa_2017_2024,,,sin_registro_oa_2017_2024,freezado,2026-09-02,"Expansión pausada para priorizar profundidad analítica en las trayectorias ya publicadas. El freeze no equivale a descarte, incumplimiento ni patrimonio cero.",6,"Buscar fuente del régimen actual y documentar publicado, reservado o no localizado."
prov-caba-leg-pelayo-solana,Solana Pelayo,Legislaturas provinciales,Legislador/a de la Ciudad,Ciudad Autónoma de Buenos Aires,La Libertad avanza,listado_ddjj_2025_publicado_sin_cruce_nominal,https://www.legislatura.gob.ar/seccion/listado-diputados-djpi.html,nombre_compatible_unico_en_oa,PELAYO SOLANA AGUSTINA,2024,identidad_confirmada_cruce_oficial,cerrado_publicable,2026-09-02,Trayectoria publicada con controles reproducibles.,7,Serie normalizada y contrafactuales incorporados; actualizar con el consolidado 2025 cuando se publique.
prov-caba-leg-penafort-graciana,Graciana Peñafort,Legislaturas provinciales,Legislador/a de la Ciudad,Ciudad Autónoma de Buenos Aires,Fuerza por Buenos Aires,listado_ddjj_2025_publicado_sin_cruce_nominal,https://www.legislatura.gob.ar/seccion/listado-diputados-djpi.html,sin_nombre_compatible_oa_2017_2024,,,sin_registro_oa_2017_2024,freezado,2026-09-02,"Expansión pausada para priorizar profundidad analítica en las trayectorias ya publicadas. El freeze no equivale a descarte, incumplimiento ni patrimonio cero.",6,"Buscar fuente del régimen actual y documentar publicado, reservado o no localizado."
prov-caba-leg-rey-sandra-monica,Sandra Mónica Rey,Legislaturas provinciales,Legislador/a de la Ciudad,Ciudad Autónoma de Buenos Aires,La Libertad avanza,listado_ddjj_2025_publicado_sin_cruce_nominal,https://www.legislatura.gob.ar/seccion/listado-diputados-djpi.html,sin_nombre_compatible_oa_2017_2024,,,sin_registro_oa_2017_2024,freezado,2026-09-02,"Expansión pausada para priorizar profundidad analítica en las trayectorias ya publicadas. El freeze no equivale a descarte, incumplimiento ni patrimonio cero.",6,"Buscar fuente del régimen actual y documentar publicado, reservado o no localizado."
prov-caba-leg-rodriguez-larreta-horacio,Horacio Rodríguez Larreta,Legislaturas provinciales,Legislador/a de la Ciudad,Ciudad Autónoma de Buenos Aires,Confianza y Desarrollo,listado_ddjj_2025_publicado_sin_cruce_nominal,https://www.legislatura.gob.ar/seccion/listado-diputados-djpi.html,sin_nombre_compatible_oa_2017_2024,,,sin_registro_oa_2017_2024,freezado,2026-09-02,"Expansión pausada para priorizar profundidad analítica en las trayectorias ya publicadas. El freeze no equivale a descarte, incumplimiento ni patrimonio cero.",6,"Buscar fuente del régimen actual y documentar publicado, reservado o no localizado."
prov-caba-leg-rossen-barbara,Bárbara Rossen,Legislaturas provinciales,Legislador/a de la Ciudad,Ciudad Autónoma de Buenos Aires,Fuerza por Buenos Aires,listado_ddjj_2025_publicado_sin_cruce_nominal,https://www.legislatura.gob.ar/seccion/listado-diputados-djpi.html,nombre_compatible_unico_en_oa,ROSSEN BARBARA LAURA,2017|2018,identidad_confirmada_cruce_oficial,cerrado_publicable,2026-09-02,Trayectoria publicada con controles reproducibles.,7,Serie normalizada y contrafactuales incorporados; actualizar con el consolidado 2025 cuando se publique.
prov-caba-leg-saifert-leonardo,Leonardo Saifert,Legislaturas provinciales,Legislador/a de la Ciudad,Ciudad Autónoma de Buenos Aires,La Libertad avanza,listado_ddjj_2025_publicado_sin_cruce_nominal,https://www.legislatura.gob.ar/seccion/listado-diputados-djpi.html,sin_nombre_compatible_oa_2017_2024,,,sin_registro_oa_2017_2024,freezado,2026-09-02,"Expansión pausada para priorizar profundidad analítica en las trayectorias ya publicadas. El freeze no equivale a descarte, incumplimiento ni patrimonio cero.",6,"Buscar fuente del régimen actual y documentar publicado, reservado o no localizado."
prov-caba-leg-salvatierra-alejandro,Alejandro Salvatierra,Legislaturas provinciales,Legislador/a de la Ciudad,Ciudad Autónoma de Buenos Aires,Fuerza por Buenos Aires,listado_ddjj_2025_publicado_sin_cruce_nominal,https://www.legislatura.gob.ar/seccion/listado-diputados-djpi.html,sin_nombre_compatible_oa_2017_2024,,,sin_registro_oa_2017_2024,freezado,2026-09-02,"Expansión pausada para priorizar profundidad analítica en las trayectorias ya publicadas. El freeze no equivale a descarte, incumplimiento ni patrimonio cero.",6,"Buscar fuente del régimen actual y documentar publicado, reservado o no localizado."
prov-caba-leg-santoro-leandro,Leandro Santoro,Legislaturas provinciales,Legislador/a de la Ciudad,Ciudad Autónoma de Buenos Aires,Fuerza por Buenos Aires,listado_ddjj_2025_publicado_sin_cruce_nominal,https://www.legislatura.gob.ar/seccion/listado-diputados-djpi.html,nombre_compatible_unico_en_oa,SANTORO LEANDRO JORGE,2017|2018|2019|2020|2021|2022|2023|2024,identidad_confirmada_cruce_oficial,cerrado_publicable,2026-09-02,Trayectoria publicada con controles reproducibles.,7,Serie normalizada y contrafactuales incorporados; actualizar con el consolidado 2025 cuando se publique.
prov-caba-leg-siciliano-sergio-hernan,Sergio Hernán Siciliano,Legislaturas provinciales,Legislador/a de la Ciudad,Ciudad Autónoma de Buenos Aires,Vamos por más,listado_ddjj_2025_publicado_sin_cruce_nominal,https://www.legislatura.gob.ar/seccion/listado-diputados-djpi.html,sin_nombre_compatible_oa_2017_2024,,,sin_registro_oa_2017_2024,freezado,2026-09-02,"Expansión pausada para priorizar profundidad analítica en las trayectorias ya publicadas. El freeze no equivale a descarte, incumplimiento ni patrimonio cero.",6,"Buscar fuente del régimen actual y documentar publicado, reservado o no localizado."
prov-caba-leg-suarez-guillermo,Guillermo Suárez,Legislaturas provinciales,Legislador/a de la Ciudad,Ciudad Autónoma de Buenos Aires,Ciudadanos Unidos / UCR,listado_ddjj_2025_publicado_sin_cruce_nominal,https://www.legislatura.gob.ar/seccion/listado-diputados-djpi.html,nombre_compatible_unico_en_oa,SUAREZ GUILLERMO MANUEL,2020,identidad_confirmada_cruce_oficial,cerrado_publicable,2026-09-02,Trayectoria publicada con controles reproducibles.,7,Serie normalizada y contrafactuales incorporados; actualizar con el consolidado 2025 cuando se publique.
prov-caba-leg-tagliaferri-guadalupe,Guadalupe Tagliaferri,Legislaturas provinciales,Legislador/a de la Ciudad,Ciudad Autónoma de Buenos Aires,Confianza y Desarrollo,listado_ddjj_2025_publicado_sin_cruce_nominal,https://www.legislatura.gob.ar/seccion/listado-diputados-djpi.html,nombre_compatible_unico_en_oa,TAGLIAFERRI GUADALUPE,2018|2019|2020|2021|2022|2023|2024,identidad_confirmada_cruce_oficial,cerrado_publicable,2026-09-02,Trayectoria publicada con controles reproducibles.,7,Serie normalizada y contrafactuales incorporados; actualizar con el consolidado 2025 cuando se publique.
prov-caba-leg-vartabedian-diego,Diego Vartabedian,Legislaturas provinciales,Legislador/a de la Ciudad,Ciudad Autónoma de Buenos Aires,La Libertad avanza,listado_ddjj_2025_publicado_sin_cruce_nominal,https://www.legislatura.gob.ar/seccion/listado-diputados-djpi.html,nombre_compatible_unico_en_oa,VARTABEDIAN DIEGO MANUEL,2024,identidad_confirmada_cruce_oficial,cerrado_publicable,2026-09-02,Trayectoria publicada con controles reproducibles.,7,Serie normalizada y contrafactuales incorporados; actualizar con el consolidado 2025 cuando se publique.
prov-caba-leg-velazquez-delfina,Delfina Velázquez,Legislaturas provinciales,Legislador/a de la Ciudad,Ciudad Autónoma de Buenos Aires,Fuerza por Buenos Aires,listado_ddjj_2025_publicado_sin_cruce_nominal,https://www.legislatura.gob.ar/seccion/listado-diputados-djpi.html,sin_nombre_compatible_oa_2017_2024,,,sin_registro_oa_2017_2024,freezado,2026-09-02,"Expansión pausada para priorizar profundidad analítica en las trayectorias ya publicadas. El freeze no equivale a descarte, incumplimiento ni patrimonio cero.",6,"Buscar fuente del régimen actual y documentar publicado, reservado o no localizado."
prov-caba-leg-villafruela-gimena,Gimena Villafruela,Legislaturas provinciales,Legislador/a de la Ciudad,Ciudad Autónoma de Buenos Aires,Vamos por más,listado_ddjj_2025_publicado_sin_cruce_nominal,https://www.legislatura.gob.ar/seccion/listado-diputados-djpi.html,sin_nombre_compatible_oa_2017_2024,,,sin_registro_oa_2017_2024,freezado,2026-09-02,"Expansión pausada para priorizar profundidad analítica en las trayectorias ya publicadas. El freeze no equivale a descarte, incumplimiento ni patrimonio cero.",6,"Buscar fuente del régimen actual y documentar publicado, reservado o no localizado."
prov-caba-leg-wolff-waldo,Waldo Wolff,Legislaturas provinciales,Legislador/a de la Ciudad,Ciudad Autónoma de Buenos Aires,Vamos por más,listado_ddjj_2025_publicado_sin_cruce_nominal,https://www.legislatura.gob.ar/seccion/listado-diputados-djpi.html,nombre_compatible_unico_en_oa,WOLFF WALDO EZEQUIEL,2017|2018|2019|2020|2021,identidad_confirmada_cruce_oficial,cerrado_publicable,2026-09-02,Trayectoria publicada con controles reproducibles.,7,Serie normalizada y contrafactuales incorporados; actualizar con el consolidado 2025 cuando se publique.
prov-cba-leg-quaglino-ileana,Ileana Quaglino,Legislaturas provinciales,Legislador/a provincial,Córdoba,Hacemos Unidos por Córdoba,ruta_provincial_localizada_sin_cruce_nominal,https://legislaturacba.gob.ar/declaraciones-juradas/,sin_nombre_compatible_oa_2017_2024,,,sin_registro_oa_2017_2024,freezado,2026-09-02,"Expansión pausada para priorizar profundidad analítica en las trayectorias ya publicadas. El freeze no equivale a descarte, incumplimiento ni patrimonio cero.",6,"Buscar fuente del régimen actual y documentar publicado, reservado o no localizado."
prov-cba-leg-suarez-carmen-esther,Carmen Esther Suárez,Legislaturas provinciales,Legislador/a provincial,Córdoba,Hacemos Unidos por Córdoba,ruta_provincial_localizada_sin_cruce_nominal,https://legislaturacba.gob.ar/declaraciones-juradas/,sin_nombre_compatible_oa_2017_2024,,,sin_registro_oa_2017_2024,freezado,2026-09-02,"Expansión pausada para priorizar profundidad analítica en las trayectorias ya publicadas. El freeze no equivale a descarte, incumplimiento ni patrimonio cero.",6,"Buscar fuente del régimen actual y documentar publicado, reservado o no localizado."
prov-cba-leg-navarro-alegre-veronica,Verónica Navarro Alegre,Legislaturas provinciales,Legislador/a provincial,Córdoba,Hacemos Unidos por Córdoba,ruta_provincial_localizada_sin_cruce_nominal,https://legislaturacba.gob.ar/declaraciones-juradas/,sin_nombre_compatible_oa_2017_2024,,,sin_registro_oa_2017_2024,freezado,2026-09-02,"Expansión pausada para priorizar profundidad analítica en las trayectorias ya publicadas. El freeze no equivale a descarte, incumplimiento ni patrimonio cero.",6,"Buscar fuente del régimen actual y documentar publicado, reservado o no localizado."
prov-cba-leg-acuna-karen-belen,Karen Belén Acuña,Legislaturas provinciales,Legislador/a provincial,Córdoba,Hacemos Unidos por Córdoba,ruta_provincial_localizada_sin_cruce_nominal,https://legislaturacba.gob.ar/declaraciones-juradas/,sin_nombre_compatible_oa_2017_2024,,,sin_registro_oa_2017_2024,freezado,2026-09-02,"Expansión pausada para priorizar profundidad analítica en las trayectorias ya publicadas. El freeze no equivale a descarte, incumplimiento ni patrimonio cero.",6,"Buscar fuente del régimen actual y documentar publicado, reservado o no localizado."
prov-cba-leg-pereyra-cristina-alicia,Cristina Alicia Pereyra,Legislaturas provinciales,Legislador/a provincial,Córdoba,Hacemos Unidos por Córdoba,ruta_provincial_localizada_sin_cruce_nominal,https://legislaturacba.gob.ar/declaraciones-juradas/,sin_nombre_compatible_oa_2017_2024,,,sin_registro_oa_2017_2024,freezado,2026-09-02,"Expansión pausada para priorizar profundidad analítica en las trayectorias ya publicadas. El freeze no equivale a descarte, incumplimiento ni patrimonio cero.",6,"Buscar fuente del régimen actual y documentar publicado, reservado o no localizado."
prov-cba-leg-lorenzo-carlos-mariano,Carlos Mariano Lorenzo,Legislaturas provinciales,Legislador/a provincial,Córdoba,Hacemos Unidos por Córdoba,ruta_provincial_localizada_sin_cruce_nominal,https://legislaturacba.gob.ar/declaraciones-juradas/,sin_nombre_compatible_oa_2017_2024,,,sin_registro_oa_2017_2024,freezado,2026-09-02,"Expansión pausada para priorizar profundidad analítica en las trayectorias ya publicadas. El freeze no equivale a descarte, incumplimiento ni patrimonio cero.",6,"Buscar fuente del régimen actual y documentar publicado, reservado o no localizado."
prov-cba-leg-chamorro-matias-ezequiel,Matías Ezequiel Chamorro,Legislaturas provinciales,Legislador/a provincial,Córdoba,Hacemos Unidos por Córdoba,ruta_provincial_localizada_sin_cruce_nominal,https://legislaturacba.gob.ar/declaraciones-juradas/,sin_nombre_compatible_oa_2017_2024,,,sin_registro_oa_2017_2024,freezado,2026-09-02,"Expansión pausada para priorizar profundidad analítica en las trayectorias ya publicadas. El freeze no equivale a descarte, incumplimiento ni patrimonio cero.",6,"Buscar fuente del régimen actual y documentar publicado, reservado o no localizado."
prov-cba-leg-nostrala-nestor-walter,Nestór Walter Nostrala,Legislaturas provinciales,Legislador/a provincial,Córdoba,Frente Cívico de Córdoba,ruta_provincial_localizada_sin_cruce_nominal,https://legislaturacba.gob.ar/declaraciones-juradas/,sin_nombre_compatible_oa_2017_2024,,,sin_registro_oa_2017_2024,freezado,2026-09-02,"Expansión pausada para priorizar profundidad analítica en las trayectorias ya publicadas. El freeze no equivale a descarte, incumplimiento ni patrimonio cero.",6,"Buscar fuente del régimen actual y documentar publicado, reservado o no localizado."
prov-cba-leg-juez-daniel-alejandro,Daniel Alejandro Juez,Legislaturas provinciales,Legislador/a provincial,Córdoba,Frente Cívico de Córdoba,ruta_provincial_localizada_sin_cruce_nominal,https://legislaturacba.gob.ar/declaraciones-juradas/,sin_nombre_compatible_oa_2017_2024,,,sin_registro_oa_2017_2024,freezado,2026-09-02,"Expansión pausada para priorizar profundidad analítica en las trayectorias ya publicadas. El freeze no equivale a descarte, incumplimiento ni patrimonio cero.",6,"Buscar fuente del régimen actual y documentar publicado, reservado o no localizado."
prov-cba-leg-martoccia-viviana-raquel,Viviana Raquel Martoccia,Legislaturas provinciales,Legislador/a provincial,Córdoba,Frente Cívico de Córdoba,ruta_provincial_localizada_sin_cruce_nominal,https://legislaturacba.gob.ar/declaraciones-juradas/,nombre_compatible_unico_en_oa,MARTOCCIA VIVIANA RAQUEL DEL VALLE,2017|2018|2019|2020,identidad_confirmada_cruce_oficial,cerrado_publicable,2026-09-02,Trayectoria publicada con controles reproducibles.,11,Serie normalizada y contrafactuales incorporados; actualizar con el consolidado 2025 cuando se publique.
prov-cba-leg-almada-nancy-edith,Nancy Edith Almada,Legislaturas provinciales,Legislador/a provincial,Córdoba,Frente Cívico de Córdoba,ruta_provincial_localizada_sin_cruce_nominal,https://legislaturacba.gob.ar/declaraciones-juradas/,sin_nombre_compatible_oa_2017_2024,,,sin_registro_oa_2017_2024,freezado,2026-09-02,"Expansión pausada para priorizar profundidad analítica en las trayectorias ya publicadas. El freeze no equivale a descarte, incumplimiento ni patrimonio cero.",6,"Buscar fuente del régimen actual y documentar publicado, reservado o no localizado."
prov-cba-leg-gispert-walter-oscar,Walter Oscar Gispert,Legislaturas provinciales,Legislador/a provincial,Córdoba,Frente Cívico de Córdoba,ruta_provincial_localizada_sin_cruce_nominal,https://legislaturacba.gob.ar/declaraciones-juradas/,sin_nombre_compatible_oa_2017_2024,,,sin_registro_oa_2017_2024,freezado,2026-09-02,"Expansión pausada para priorizar profundidad analítica en las trayectorias ya publicadas. El freeze no equivale a descarte, incumplimiento ni patrimonio cero.",6,"Buscar fuente del régimen actual y documentar publicado, reservado o no localizado."
prov-cba-leg-peirone-juan-pablo,Juan Pablo Peirone,Legislaturas provinciales,Legislador/a provincial,Córdoba,Frente Cívico de Córdoba,ruta_provincial_localizada_sin_cruce_nominal,https://legislaturacba.gob.ar/declaraciones-juradas/,sin_nombre_compatible_oa_2017_2024,,,sin_registro_oa_2017_2024,freezado,2026-09-02,"Expansión pausada para priorizar profundidad analítica en las trayectorias ya publicadas. El freeze no equivale a descarte, incumplimiento ni patrimonio cero.",6,"Buscar fuente del régimen actual y documentar publicado, reservado o no localizado."
prov-cba-leg-pereyra-carmen-gloria,Carmen Gloria Pereyra,Legislaturas provinciales,Legislador/a provincial,Córdoba,Frente Cívico de Córdoba,ruta_provincial_localizada_sin_cruce_nominal,https://legislaturacba.gob.ar/declaraciones-juradas/,sin_nombre_compatible_oa_2017_2024,,,sin_registro_oa_2017_2024,freezado,2026-09-02,"Expansión pausada para priorizar profundidad analítica en las trayectorias ya publicadas. El freeze no equivale a descarte, incumplimiento ni patrimonio cero.",6,"Buscar fuente del régimen actual y documentar publicado, reservado o no localizado."
prov-cba-leg-frias-cristian-adrian,Cristian Adrián Frías,Legislaturas provinciales,Legislador/a provincial,Córdoba,Hacemos Unidos por Córdoba,ruta_provincial_localizada_sin_cruce_nominal,https://legislaturacba.gob.ar/declaraciones-juradas/,sin_nombre_compatible_oa_2017_2024,,,sin_registro_oa_2017_2024,freezado,2026-09-02,"Expansión pausada para priorizar profundidad analítica en las trayectorias ya publicadas. El freeze no equivale a descarte, incumplimiento ni patrimonio cero.",6,"Buscar fuente del régimen actual y documentar publicado, reservado o no localizado."
prov-cba-leg-figueroa-raul-alberto,Raúl Alberto Figueroa,Legislaturas provinciales,Legislador/a provincial,Córdoba,Hacemos Unidos por Córdoba,ruta_provincial_localizada_sin_cruce_nominal,https://legislaturacba.gob.ar/declaraciones-juradas/,sin_nombre_compatible_oa_2017_2024,,,sin_registro_oa_2017_2024,freezado,2026-09-02,"Expansión pausada para priorizar profundidad analítica en las trayectorias ya publicadas. El freeze no equivale a descarte, incumplimiento ni patrimonio cero.",6,"Buscar fuente del régimen actual y documentar publicado, reservado o no localizado."
prov-cba-leg-knipscheer-reyna-carlos-bernardo,Carlos Bernardo Knipscheer Reyna,Legislaturas provinciales,Legislador/a provincial,Córdoba,Hacemos Unidos por Córdoba,ruta_provincial_localizada_sin_cruce_nominal,https://legislaturacba.gob.ar/declaraciones-juradas/,sin_nombre_compatible_oa_2017_2024,,,sin_registro_oa_2017_2024,freezado,2026-09-02,"Expansión pausada para priorizar profundidad analítica en las trayectorias ya publicadas. El freeze no equivale a descarte, incumplimiento ni patrimonio cero.",6,"Buscar fuente del régimen actual y documentar publicado, reservado o no localizado."
prov-cba-leg-acevedo-maria-del-rosario,María del Rosario Acevedo,Legislaturas provinciales,Legislador/a provincial,Córdoba,Hacemos Unidos por Córdoba,ruta_provincial_localizada_sin_cruce_nominal,https://legislaturacba.gob.ar/declaraciones-juradas/,sin_nombre_compatible_oa_2017_2024,,,sin_registro_oa_2017_2024,freezado,2026-09-02,"Expansión pausada para priorizar profundidad analítica en las trayectorias ya publicadas. El freeze no equivale a descarte, incumplimiento ni patrimonio cero.",6,"Buscar fuente del régimen actual y documentar publicado, reservado o no localizado."
prov-cba-leg-eslava-marcelo-alejandro,Marcelo Alejandro Eslava,Legislaturas provinciales,Legislador/a provincial,Córdoba,Hacemos Unidos por Córdoba,ruta_provincial_localizada_sin_cruce_nominal,https://legislaturacba.gob.ar/declaraciones-juradas/,sin_nombre_compatible_oa_2017_2024,,,sin_registro_oa_2017_2024,freezado,2026-09-02,"Expansión pausada para priorizar profundidad analítica en las trayectorias ya publicadas. El freeze no equivale a descarte, incumplimiento ni patrimonio cero.",6,"Buscar fuente del régimen actual y documentar publicado, reservado o no localizado."
prov-cba-leg-flores-ernesto-ramon,Ernesto Ramón Flores,Legislaturas provinciales,Legislador/a provincial,Córdoba,Hacemos Unidos por Córdoba,ruta_provincial_localizada_sin_cruce_nominal,https://legislaturacba.gob.ar/declaraciones-juradas/,sin_nombre_compatible_oa_2017_2024,,,sin_registro_oa_2017_2024,freezado,2026-09-02,"Expansión pausada para priorizar profundidad analítica en las trayectorias ya publicadas. El freeze no equivale a descarte, incumplimiento ni patrimonio cero.",6,"Buscar fuente del régimen actual y documentar publicado, reservado o no localizado."
prov-cba-leg-tevez-gustavo-alejandro,Gustavo Alejandro Tevéz,Legislaturas provinciales,Legislador/a provincial,Córdoba,Hacemos Unidos por Córdoba,ruta_provincial_localizada_sin_cruce_nominal,https://legislaturacba.gob.ar/declaraciones-juradas/,nombre_compatible_unico_en_oa,TEVEZ GUSTAVO ALEJANDRO,2018,identidad_confirmada_cruce_oficial,cerrado_publicable,2026-09-02,Trayectoria publicada con controles reproducibles.,11,Serie normalizada y contrafactuales incorporados; actualizar con el consolidado 2025 cuando se publique.
prov-cba-leg-presas-luciana-maria,Luciana María Presas,Legislaturas provinciales,Legislador/a provincial,Córdoba,Hacemos Unidos por Córdoba,ruta_provincial_localizada_sin_cruce_nominal,https://legislaturacba.gob.ar/declaraciones-juradas/,sin_nombre_compatible_oa_2017_2024,,,sin_registro_oa_2017_2024,freezado,2026-09-02,"Expansión pausada para priorizar profundidad analítica en las trayectorias ya publicadas. El freeze no equivale a descarte, incumplimiento ni patrimonio cero.",6,"Buscar fuente del régimen actual y documentar publicado, reservado o no localizado."
prov-cba-leg-valiente-lucas-german,Lucas Germán Valiente,Legislaturas provinciales,Legislador/a provincial,Córdoba,Unión Cívica Radical,ruta_provincial_localizada_sin_cruce_nominal,https://legislaturacba.gob.ar/declaraciones-juradas/,sin_nombre_compatible_oa_2017_2024,,,sin_registro_oa_2017_2024,freezado,2026-09-02,"Expansión pausada para priorizar profundidad analítica en las trayectorias ya publicadas. El freeze no equivale a descarte, incumplimiento ni patrimonio cero.",6,"Buscar fuente del régimen actual y documentar publicado, reservado o no localizado."
prov-cba-leg-szpanin-ariela-yanina,Ariela Yanina Szpanin,Legislaturas provinciales,Legislador/a provincial,Córdoba,Unión Cívica Radical,ruta_provincial_localizada_sin_cruce_nominal,https://legislaturacba.gob.ar/declaraciones-juradas/,sin_nombre_compatible_oa_2017_2024,,,sin_registro_oa_2017_2024,freezado,2026-09-02,"Expansión pausada para priorizar profundidad analítica en las trayectorias ya publicadas. El freeze no equivale a descarte, incumplimiento ni patrimonio cero.",6,"Buscar fuente del régimen actual y documentar publicado, reservado o no localizado."
prov-cba-leg-nigro-alfredo-mariano,Alfredo Mariano Nigro,Legislaturas provinciales,Legislador/a provincial,Córdoba,Unión Cívica Radical,ruta_provincial_localizada_sin_cruce_nominal,https://legislaturacba.gob.ar/declaraciones-juradas/,sin_nombre_compatible_oa_2017_2024,,,sin_registro_oa_2017_2024,freezado,2026-09-02,"Expansión pausada para priorizar profundidad analítica en las trayectorias ya publicadas. El freeze no equivale a descarte, incumplimiento ni patrimonio cero.",6,"Buscar fuente del régimen actual y documentar publicado, reservado o no localizado."
prov-cba-leg-austin-brenda-lis,Brenda Lís Austin,Legislaturas provinciales,Legislador/a provincial,Córdoba,Unión Cívica Radical,ruta_provincial_localizada_sin_cruce_nominal,https://legislaturacba.gob.ar/declaraciones-juradas/,nombre_compatible_unico_en_oa,AUSTIN BRENDA LIS,2017|2018|2019|2020|2021|2023,identidad_confirmada_cruce_oficial,cerrado_publicable,2026-09-02,Trayectoria publicada con controles reproducibles.,11,Serie normalizada y contrafactuales incorporados; actualizar con el consolidado 2025 cuando se publique.
prov-cba-leg-gvozdenovich-matias-pablo,Matías Pablo Gvozdenovich,Legislaturas provinciales,Legislador/a provincial,Córdoba,Unión Cívica Radical,ruta_provincial_localizada_sin_cruce_nominal,https://legislaturacba.gob.ar/declaraciones-juradas/,nombre_compatible_unico_en_oa,GVOZDENOVICH MATIAS PABLO,2018,identidad_confirmada_cruce_oficial,cerrado_publicable,2026-09-02,Trayectoria publicada con controles reproducibles.,11,Serie normalizada y contrafactuales incorporados; actualizar con el consolidado 2025 cuando se publique.
prov-cba-leg-ferrero-alejandra,Alejandra Ferrero,Legislaturas provinciales,Legislador/a provincial,Córdoba,Unión Cívica Radical,ruta_provincial_localizada_sin_cruce_nominal,https://legislaturacba.gob.ar/declaraciones-juradas/,sin_nombre_compatible_oa_2017_2024,,,sin_registro_oa_2017_2024,freezado,2026-09-02,"Expansión pausada para priorizar profundidad analítica en las trayectorias ya publicadas. El freeze no equivale a descarte, incumplimiento ni patrimonio cero.",6,"Buscar fuente del régimen actual y documentar publicado, reservado o no localizado."
prov-cba-leg-nicolas-miguel-osvaldo,Miguel Osvaldo Nicolás,Legislaturas provinciales,Legislador/a provincial,Córdoba,Unión Cívica Radical,ruta_provincial_localizada_sin_cruce_nominal,https://legislaturacba.gob.ar/declaraciones-juradas/,sin_nombre_compatible_oa_2017_2024,,,sin_registro_oa_2017_2024,freezado,2026-09-02,"Expansión pausada para priorizar profundidad analítica en las trayectorias ya publicadas. El freeze no equivale a descarte, incumplimiento ni patrimonio cero.",6,"Buscar fuente del régimen actual y documentar publicado, reservado o no localizado."
prov-cba-leg-gudino-daniela-soledad,Daniela Soledad Gudiño,Legislaturas provinciales,Legislador/a provincial,Córdoba,Unión Cívica Radical,ruta_provincial_localizada_sin_cruce_nominal,https://legislaturacba.gob.ar/declaraciones-juradas/,sin_nombre_compatible_oa_2017_2024,,,sin_registro_oa_2017_2024,freezado,2026-09-02,"Expansión pausada para priorizar profundidad analítica en las trayectorias ya publicadas. El freeze no equivale a descarte, incumplimiento ni patrimonio cero.",6,"Buscar fuente del régimen actual y documentar publicado, reservado o no localizado."
prov-cba-leg-blangino-juan-jose,Juan José Blangino,Legislaturas provinciales,Legislador/a provincial,Córdoba,Hacemos Unidos por Córdoba,ruta_provincial_localizada_sin_cruce_nominal,https://legislaturacba.gob.ar/declaraciones-juradas/,sin_nombre_compatible_oa_2017_2024,,,sin_registro_oa_2017_2024,freezado,2026-09-02,"Expansión pausada para priorizar profundidad analítica en las trayectorias ya publicadas. El freeze no equivale a descarte, incumplimiento ni patrimonio cero.",6,"Buscar fuente del régimen actual y documentar publicado, reservado o no localizado."
prov-cba-leg-rinaldi-julieta,Julieta Rinaldi,Legislaturas provinciales,Legislador/a provincial,Córdoba,Hacemos Unidos por Córdoba,ruta_provincial_localizada_sin_cruce_nominal,https://legislaturacba.gob.ar/declaraciones-juradas/,sin_nombre_compatible_oa_2017_2024,,,sin_registro_oa_2017_2024,freezado,2026-09-02,"Expansión pausada para priorizar profundidad analítica en las trayectorias ya publicadas. El freeze no equivale a descarte, incumplimiento ni patrimonio cero.",6,"Buscar fuente del régimen actual y documentar publicado, reservado o no localizado."
prov-cba-leg-busso-maria-victoria,María Victoria Busso,Legislaturas provinciales,Legislador/a provincial,Córdoba,Hacemos Unidos por Córdoba,ruta_provincial_localizada_sin_cruce_nominal,https://legislaturacba.gob.ar/declaraciones-juradas/,sin_nombre_compatible_oa_2017_2024,,,sin_registro_oa_2017_2024,freezado,2026-09-02,"Expansión pausada para priorizar profundidad analítica en las trayectorias ya publicadas. El freeze no equivale a descarte, incumplimiento ni patrimonio cero.",6,"Buscar fuente del régimen actual y documentar publicado, reservado o no localizado."
prov-cba-leg-galo-abraham,Abraham Galo,Legislaturas provinciales,Legislador/a provincial,Córdoba,Hacemos Unidos por Córdoba,ruta_provincial_localizada_sin_cruce_nominal,https://legislaturacba.gob.ar/declaraciones-juradas/,sin_nombre_compatible_oa_2017_2024,,,sin_registro_oa_2017_2024,freezado,2026-09-02,"Expansión pausada para priorizar profundidad analítica en las trayectorias ya publicadas. El freeze no equivale a descarte, incumplimiento ni patrimonio cero.",6,"Buscar fuente del régimen actual y documentar publicado, reservado o no localizado."
prov-cba-leg-llamosas-juan-manuel,Juan Manuel Llamosas,Legislaturas provinciales,Legislador/a provincial,Córdoba,Hacemos Unidos por Córdoba,ruta_provincial_localizada_sin_cruce_nominal,https://legislaturacba.gob.ar/declaraciones-juradas/,sin_nombre_compatible_oa_2017_2024,,,sin_registro_oa_2017_2024,freezado,2026-09-02,"Expansión pausada para priorizar profundidad analítica en las trayectorias ya publicadas. El freeze no equivale a descarte, incumplimiento ni patrimonio cero.",6,"Buscar fuente del régimen actual y documentar publicado, reservado o no localizado."
prov-cba-leg-torres-lima-facundo,Facundo Torres Lima,Legislaturas provinciales,Legislador/a provincial,Córdoba,Hacemos Unidos por Córdoba,ruta_provincial_localizada_sin_cruce_nominal,https://legislaturacba.gob.ar/declaraciones-juradas/,sin_nombre_compatible_oa_2017_2024,,,sin_registro_oa_2017_2024,freezado,2026-09-02,"Expansión pausada para priorizar profundidad analítica en las trayectorias ya publicadas. El freeze no equivale a descarte, incumplimiento ni patrimonio cero.",6,"Buscar fuente del régimen actual y documentar publicado, reservado o no localizado."
prov-cba-leg-fernandez-nadia-vanesa,Nadia Vanesa Fernandez,Legislaturas provinciales,Legislador/a provincial,Córdoba,Hacemos Unidos por Córdoba,ruta_provincial_localizada_sin_cruce_nominal,https://legislaturacba.gob.ar/declaraciones-juradas/,sin_nombre_compatible_oa_2017_2024,,,sin_registro_oa_2017_2024,freezado,2026-09-02,"Expansión pausada para priorizar profundidad analítica en las trayectorias ya publicadas. El freeze no equivale a descarte, incumplimiento ni patrimonio cero.",6,"Buscar fuente del régimen actual y documentar publicado, reservado o no localizado."
prov-cba-leg-sosa-ricardo-roberto,Ricardo Roberto Sosa,Legislaturas provinciales,Legislador/a provincial,Córdoba,Hacemos Unidos por Córdoba,ruta_provincial_localizada_sin_cruce_nominal,https://legislaturacba.gob.ar/declaraciones-juradas/,sin_nombre_compatible_oa_2017_2024,,,sin_registro_oa_2017_2024,freezado,2026-09-02,"Expansión pausada para priorizar profundidad analítica en las trayectorias ya publicadas. El freeze no equivale a descarte, incumplimiento ni patrimonio cero.",6,"Buscar fuente del régimen actual y documentar publicado, reservado o no localizado."
prov-cba-leg-limia-luis-leonardo,Luis Leonardo Limia,Legislaturas provinciales,Legislador/a provincial,Córdoba,Hacemos Unidos por Córdoba,ruta_provincial_localizada_sin_cruce_nominal,https://legislaturacba.gob.ar/declaraciones-juradas/,sin_nombre_compatible_oa_2017_2024,,,sin_registro_oa_2017_2024,freezado,2026-09-02,"Expansión pausada para priorizar profundidad analítica en las trayectorias ya publicadas. El freeze no equivale a descarte, incumplimiento ni patrimonio cero.",6,"Buscar fuente del régimen actual y documentar publicado, reservado o no localizado."
prov-cba-leg-bisotto-graciela-maria,Graciela María Bisotto,Legislaturas provinciales,Legislador/a provincial,Córdoba,Juntos Por El Interior,ruta_provincial_localizada_sin_cruce_nominal,https://legislaturacba.gob.ar/declaraciones-juradas/,sin_nombre_compatible_oa_2017_2024,,,sin_registro_oa_2017_2024,freezado,2026-09-02,"Expansión pausada para priorizar profundidad analítica en las trayectorias ya publicadas. El freeze no equivale a descarte, incumplimiento ni patrimonio cero.",6,"Buscar fuente del régimen actual y documentar publicado, reservado o no localizado."
prov-cba-leg-jaimes-mauricio-sebastian,Mauricio Sebastián Jaimes,Legislaturas provinciales,Legislador/a provincial,Córdoba,Unión Cívica Radical,ruta_provincial_localizada_sin_cruce_nominal,https://legislaturacba.gob.ar/declaraciones-juradas/,sin_nombre_compatible_oa_2017_2024,,,sin_registro_oa_2017_2024,freezado,2026-09-02,"Expansión pausada para priorizar profundidad analítica en las trayectorias ya publicadas. El freeze no equivale a descarte, incumplimiento ni patrimonio cero.",6,"Buscar fuente del régimen actual y documentar publicado, reservado o no localizado."
prov-cba-leg-luna-fernando-javier,Fernando Javier Luna,Legislaturas provinciales,Legislador/a provincial,Córdoba,Unión Cívica Radical,ruta_provincial_localizada_sin_cruce_nominal,https://legislaturacba.gob.ar/declaraciones-juradas/,sin_nombre_compatible_oa_2017_2024,,,sin_registro_oa_2017_2024,freezado,2026-09-02,"Expansión pausada para priorizar profundidad analítica en las trayectorias ya publicadas. El freeze no equivale a descarte, incumplimiento ni patrimonio cero.",6,"Buscar fuente del régimen actual y documentar publicado, reservado o no localizado."
prov-cba-leg-saliba-oscar-elias,Oscar Elias Saliba,Legislaturas provinciales,Legislador/a provincial,Córdoba,Unión Cívica Radical,ruta_provincial_localizada_sin_cruce_nominal,https://legislaturacba.gob.ar/declaraciones-juradas/,sin_nombre_compatible_oa_2017_2024,,,sin_registro_oa_2017_2024,freezado,2026-09-02,"Expansión pausada para priorizar profundidad analítica en las trayectorias ya publicadas. El freeze no equivale a descarte, incumplimiento ni patrimonio cero.",6,"Buscar fuente del régimen actual y documentar publicado, reservado o no localizado."
prov-cba-leg-grisch-ariel-denis,Ariel Denís Grisch,Legislaturas provinciales,Legislador/a provincial,Córdoba,Unión Cívica Radical,ruta_provincial_localizada_sin_cruce_nominal,https://legislaturacba.gob.ar/declaraciones-juradas/,sin_nombre_compatible_oa_2017_2024,,,sin_registro_oa_2017_2024,freezado,2026-09-02,"Expansión pausada para priorizar profundidad analítica en las trayectorias ya publicadas. El freeze no equivale a descarte, incumplimiento ni patrimonio cero.",6,"Buscar fuente del régimen actual y documentar publicado, reservado o no localizado."
prov-cba-leg-briner-carlos-edgardo,Carlos Edgardo Briner,Legislaturas provinciales,Legislador/a provincial,Córdoba,Unión Cívica Radical,ruta_provincial_localizada_sin_cruce_nominal,https://legislaturacba.gob.ar/declaraciones-juradas/,sin_nombre_compatible_oa_2017_2024,,,sin_registro_oa_2017_2024,freezado,2026-09-02,"Expansión pausada para priorizar profundidad analítica en las trayectorias ya publicadas. El freeze no equivale a descarte, incumplimiento ni patrimonio cero.",6,"Buscar fuente del régimen actual y documentar publicado, reservado o no localizado."
prov-cba-leg-bottasso-gustavo-armando,Gustavo Armando Bottasso,Legislaturas provinciales,Legislador/a provincial,Córdoba,Unión Cívica Radical,ruta_provincial_localizada_sin_cruce_nominal,https://legislaturacba.gob.ar/declaraciones-juradas/,sin_nombre_compatible_oa_2017_2024,,,sin_registro_oa_2017_2024,freezado,2026-09-02,"Expansión pausada para priorizar profundidad analítica en las trayectorias ya publicadas. El freeze no equivale a descarte, incumplimiento ni patrimonio cero.",6,"Buscar fuente del régimen actual y documentar publicado, reservado o no localizado."
prov-cba-leg-bria-jose-alberto,José Alberto Bría,Legislaturas provinciales,Legislador/a provincial,Córdoba,Unión Cívica Radical,ruta_provincial_localizada_sin_cruce_nominal,https://legislaturacba.gob.ar/declaraciones-juradas/,sin_nombre_compatible_oa_2017_2024,,,sin_registro_oa_2017_2024,freezado,2026-09-02,"Expansión pausada para priorizar profundidad analítica en las trayectorias ya publicadas. El freeze no equivale a descarte, incumplimiento ni patrimonio cero.",6,"Buscar fuente del régimen actual y documentar publicado, reservado o no localizado."
prov-cba-leg-molina-victor-eduardo,Víctor Eduardo Molina,Legislaturas provinciales,Legislador/a provincial,Córdoba,Unión Cívica Radical,ruta_provincial_localizada_sin_cruce_nominal,https://legislaturacba.gob.ar/declaraciones-juradas/,sin_nombre_compatible_oa_2017_2024,,,sin_registro_oa_2017_2024,freezado,2026-09-02,"Expansión pausada para priorizar profundidad analítica en las trayectorias ya publicadas. El freeze no equivale a descarte, incumplimiento ni patrimonio cero.",6,"Buscar fuente del régimen actual y documentar publicado, reservado o no localizado."
prov-cba-leg-ovejeros-pablo-cesar,Pablo César Ovejeros,Legislaturas provinciales,Legislador/a provincial,Córdoba,Hacemos Unidos por Córdoba,ruta_provincial_localizada_sin_cruce_nominal,https://legislaturacba.gob.ar/declaraciones-juradas/,sin_nombre_compatible_oa_2017_2024,,,sin_registro_oa_2017_2024,freezado,2026-09-02,"Expansión pausada para priorizar profundidad analítica en las trayectorias ya publicadas. El freeze no equivale a descarte, incumplimiento ni patrimonio cero.",6,"Buscar fuente del régimen actual y documentar publicado, reservado o no localizado."
prov-cba-leg-rebora-enrique-rodolfo,Enrique Rodolfo Rébora,Legislaturas provinciales,Legislador/a provincial,Córdoba,Hacemos Unidos por Córdoba,ruta_provincial_localizada_sin_cruce_nominal,https://legislaturacba.gob.ar/declaraciones-juradas/,sin_nombre_compatible_oa_2017_2024,,,sin_registro_oa_2017_2024,freezado,2026-09-02,"Expansión pausada para priorizar profundidad analítica en las trayectorias ya publicadas. El freeze no equivale a descarte, incumplimiento ni patrimonio cero.",6,"Buscar fuente del régimen actual y documentar publicado, reservado o no localizado."
prov-cba-leg-peralta-stella-maris,Stella Maris Peralta,Legislaturas provinciales,Legislador/a provincial,Córdoba,Hacemos Unidos por Córdoba,ruta_provincial_localizada_sin_cruce_nominal,https://legislaturacba.gob.ar/declaraciones-juradas/,sin_nombre_compatible_oa_2017_2024,,,sin_registro_oa_2017_2024,freezado,2026-09-02,"Expansión pausada para priorizar profundidad analítica en las trayectorias ya publicadas. El freeze no equivale a descarte, incumplimiento ni patrimonio cero.",6,"Buscar fuente del régimen actual y documentar publicado, reservado o no localizado."
prov-cba-leg-romero-delia-dolores,Delia Dolores Romero,Legislaturas provinciales,Legislador/a provincial,Córdoba,Hacemos Unidos por Córdoba,ruta_provincial_localizada_sin_cruce_nominal,https://legislaturacba.gob.ar/declaraciones-juradas/,sin_nombre_compatible_oa_2017_2024,,,sin_registro_oa_2017_2024,freezado,2026-09-02,"Expansión pausada para priorizar profundidad analítica en las trayectorias ya publicadas. El freeze no equivale a descarte, incumplimiento ni patrimonio cero.",6,"Buscar fuente del régimen actual y documentar publicado, reservado o no localizado."
prov-cba-leg-heredia-jorge-edberto,Jorge Edberto Heredia,Legislaturas provinciales,Legislador/a provincial,Córdoba,Hacemos Unidos por Córdoba,ruta_provincial_localizada_sin_cruce_nominal,https://legislaturacba.gob.ar/declaraciones-juradas/,sin_nombre_compatible_oa_2017_2024,,,sin_registro_oa_2017_2024,freezado,2026-09-02,"Expansión pausada para priorizar profundidad analítica en las trayectorias ya publicadas. El freeze no equivale a descarte, incumplimiento ni patrimonio cero.",6,"Buscar fuente del régimen actual y documentar publicado, reservado o no localizado."
prov-cba-leg-jurich-silvina-dolores,Silvina Dolores Jurich,Legislaturas provinciales,Legislador/a provincial,Córdoba,Hacemos Unidos por Córdoba,ruta_provincial_localizada_sin_cruce_nominal,https://legislaturacba.gob.ar/declaraciones-juradas/,sin_nombre_compatible_oa_2017_2024,,,sin_registro_oa_2017_2024,freezado,2026-09-02,"Expansión pausada para priorizar profundidad analítica en las trayectorias ya publicadas. El freeze no equivale a descarte, incumplimiento ni patrimonio cero.",6,"Buscar fuente del régimen actual y documentar publicado, reservado o no localizado."
prov-cba-leg-russo-antonio-edgardo,Antonio Edgardo Russo,Legislaturas provinciales,Legislador/a provincial,Córdoba,Hacemos Unidos por Córdoba,ruta_provincial_localizada_sin_cruce_nominal,https://legislaturacba.gob.ar/declaraciones-juradas/,sin_nombre_compatible_oa_2017_2024,,,sin_registro_oa_2017_2024,freezado,2026-09-02,"Expansión pausada para priorizar profundidad analítica en las trayectorias ya publicadas. El freeze no equivale a descarte, incumplimiento ni patrimonio cero.",6,"Buscar fuente del régimen actual y documentar publicado, reservado o no localizado."
prov-cba-leg-ceballos-recalde-mariano,Mariano Ceballos Recalde,Legislaturas provinciales,Legislador/a provincial,Córdoba,Hacemos Unidos por Córdoba,ruta_provincial_localizada_sin_cruce_nominal,https://legislaturacba.gob.ar/declaraciones-juradas/,sin_nombre_compatible_oa_2017_2024,,,sin_registro_oa_2017_2024,freezado,2026-09-02,"Expansión pausada para priorizar profundidad analítica en las trayectorias ya publicadas. El freeze no equivale a descarte, incumplimiento ni patrimonio cero.",6,"Buscar fuente del régimen actual y documentar publicado, reservado o no localizado."
prov-cba-leg-rufeil-rodrigo-miguel,Rodrigo Miguel Rufeil,Legislaturas provinciales,Legislador/a provincial,Córdoba,Hacemos Unidos por Córdoba,ruta_provincial_localizada_sin_cruce_nominal,https://legislaturacba.gob.ar/declaraciones-juradas/,sin_nombre_compatible_oa_2017_2024,,,sin_registro_oa_2017_2024,freezado,2026-09-02,"Expansión pausada para priorizar profundidad analítica en las trayectorias ya publicadas. El freeze no equivale a descarte, incumplimiento ni patrimonio cero.",6,"Buscar fuente del régimen actual y documentar publicado, reservado o no localizado."
prov-cba-leg-alesandri-carlos-federico,Carlos Federico Alesandri,Legislaturas provinciales,Legislador/a provincial,Córdoba,Hacemos Unidos por Córdoba,ruta_provincial_localizada_sin_cruce_nominal,https://legislaturacba.gob.ar/declaraciones-juradas/,sin_nombre_compatible_oa_2017_2024,,,sin_registro_oa_2017_2024,freezado,2026-09-02,"Expansión pausada para priorizar profundidad analítica en las trayectorias ya publicadas. El freeze no equivale a descarte, incumplimiento ni patrimonio cero.",6,"Buscar fuente del régimen actual y documentar publicado, reservado o no localizado."
prov-cba-leg-bruno-karina-gabriela,Karina Gabriela Bruno,Legislaturas provinciales,Legislador/a provincial,Córdoba,Córdoba,ruta_provincial_localizada_sin_cruce_nominal,https://legislaturacba.gob.ar/declaraciones-juradas/,sin_nombre_compatible_oa_2017_2024,,,sin_registro_oa_2017_2024,freezado,2026-09-02,"Expansión pausada para priorizar profundidad analítica en las trayectorias ya publicadas. El freeze no equivale a descarte, incumplimiento ni patrimonio cero.",6,"Buscar fuente del régimen actual y documentar publicado, reservado o no localizado."
prov-cba-leg-agost-carreno-oscar,Oscar Agost Carreño,Legislaturas provinciales,Legislador/a provincial,Córdoba,Pro,ruta_provincial_localizada_sin_cruce_nominal,https://legislaturacba.gob.ar/declaraciones-juradas/,nombre_compatible_unico_en_oa,AGOST CARREÑO OSCAR,2017|2018|2019|2021|2023|2024,identidad_confirmada_cruce_oficial,cerrado_publicable,2026-09-02,Trayectoria publicada con controles reproducibles.,11,Serie normalizada y contrafactuales incorporados; actualizar con el consolidado 2025 cuando se publique.
prov-cba-leg-sala-ignacio-antonio,Ignacio Antonio Sala,Legislaturas provinciales,Legislador/a provincial,Córdoba,Pro,ruta_provincial_localizada_sin_cruce_nominal,https://legislaturacba.gob.ar/declaraciones-juradas/,sin_nombre_compatible_oa_2017_2024,,,sin_registro_oa_2017_2024,freezado,2026-09-02,"Expansión pausada para priorizar profundidad analítica en las trayectorias ya publicadas. El freeze no equivale a descarte, incumplimiento ni patrimonio cero.",6,"Buscar fuente del régimen actual y documentar publicado, reservado o no localizado."
prov-cba-leg-botta-patricia-isabel,Patricia Isabel Botta,Legislaturas provinciales,Legislador/a provincial,Córdoba,Pro,ruta_provincial_localizada_sin_cruce_nominal,https://legislaturacba.gob.ar/declaraciones-juradas/,sin_nombre_compatible_oa_2017_2024,,,sin_registro_oa_2017_2024,freezado,2026-09-02,"Expansión pausada para priorizar profundidad analítica en las trayectorias ya publicadas. El freeze no equivale a descarte, incumplimiento ni patrimonio cero.",6,"Buscar fuente del régimen actual y documentar publicado, reservado o no localizado."
prov-cba-leg-contrera-ines-mercedes,Inés Mercedes Contrera,Legislaturas provinciales,Legislador/a provincial,Córdoba,Unión Cívica Radical,ruta_provincial_localizada_sin_cruce_nominal,https://legislaturacba.gob.ar/declaraciones-juradas/,sin_nombre_compatible_oa_2017_2024,,,sin_registro_oa_2017_2024,freezado,2026-09-02,"Expansión pausada para priorizar profundidad analítica en las trayectorias ya publicadas. El freeze no equivale a descarte, incumplimiento ni patrimonio cero.",6,"Buscar fuente del régimen actual y documentar publicado, reservado o no localizado."
prov-cba-leg-carignano-carlos-atilio,Carlos Atilio Carignano,Legislaturas provinciales,Legislador/a provincial,Córdoba,Unión Cívica Radical,ruta_provincial_localizada_sin_cruce_nominal,https://legislaturacba.gob.ar/declaraciones-juradas/,sin_nombre_compatible_oa_2017_2024,,,sin_registro_oa_2017_2024,freezado,2026-09-02,"Expansión pausada para priorizar profundidad analítica en las trayectorias ya publicadas. El freeze no equivale a descarte, incumplimiento ni patrimonio cero.",6,"Buscar fuente del régimen actual y documentar publicado, reservado o no localizado."
prov-cba-leg-rossi-dante-valentin,Dante Valentín Rossi,Legislaturas provinciales,Legislador/a provincial,Córdoba,Construyendo Córdoba,ruta_provincial_localizada_sin_cruce_nominal,https://legislaturacba.gob.ar/declaraciones-juradas/,sin_nombre_compatible_oa_2017_2024,,,sin_registro_oa_2017_2024,freezado,2026-09-02,"Expansión pausada para priorizar profundidad analítica en las trayectorias ya publicadas. El freeze no equivale a descarte, incumplimiento ni patrimonio cero.",6,"Buscar fuente del régimen actual y documentar publicado, reservado o no localizado."
prov-cba-leg-peralta-sebastian-amadeo,Sebastián Amadeo Peralta,Legislaturas provinciales,Legislador/a provincial,Córdoba,Construyendo Córdoba,ruta_provincial_localizada_sin_cruce_nominal,https://legislaturacba.gob.ar/declaraciones-juradas/,sin_nombre_compatible_oa_2017_2024,,,sin_registro_oa_2017_2024,freezado,2026-09-02,"Expansión pausada para priorizar profundidad analítica en las trayectorias ya publicadas. El freeze no equivale a descarte, incumplimiento ni patrimonio cero.",6,"Buscar fuente del régimen actual y documentar publicado, reservado o no localizado."
prov-cba-leg-spaccesi-agustin-alejandro,Agustín Alejandro Spaccesi,Legislaturas provinciales,Legislador/a provincial,Córdoba,La Libertad Avanza,ruta_provincial_localizada_sin_cruce_nominal,https://legislaturacba.gob.ar/declaraciones-juradas/,sin_nombre_compatible_oa_2017_2024,,,sin_registro_oa_2017_2024,freezado,2026-09-02,"Expansión pausada para priorizar profundidad analítica en las trayectorias ya publicadas. El freeze no equivale a descarte, incumplimiento ni patrimonio cero.",6,"Buscar fuente del régimen actual y documentar publicado, reservado o no localizado."
prov-cba-leg-grosso-gerardo-jose,Gerardo José Grosso,Legislaturas provinciales,Legislador/a provincial,Córdoba,Encuentro Vecinal Córdoba,ruta_provincial_localizada_sin_cruce_nominal,https://legislaturacba.gob.ar/declaraciones-juradas/,nombre_compatible_unico_en_oa,GROSSO GERARDO JOSE,2018|2020,identidad_confirmada_cruce_oficial,cerrado_publicable,2026-09-02,Trayectoria publicada con controles reproducibles.,11,Serie normalizada y contrafactuales incorporados; actualizar con el consolidado 2025 cuando se publique.
prov-cba-leg-echevarria-luciana,Luciana Echevarría,Legislaturas provinciales,Legislador/a provincial,Córdoba,MST en el FIT Unidad,ruta_provincial_localizada_sin_cruce_nominal,https://legislaturacba.gob.ar/declaraciones-juradas/,nombre_compatible_unico_en_oa,ECHEVARRIA LUCIANA GABRIELA,2017|2020,identidad_confirmada_cruce_oficial,cerrado_publicable,2026-09-02,Trayectoria publicada con controles reproducibles.,11,Serie normalizada y contrafactuales incorporados; actualizar con el consolidado 2025 cuando se publique.
prov-cba-leg-hernandez-maqueda-gregorio,Gregorio Hernández Maqueda,Legislaturas provinciales,Legislador/a provincial,Córdoba,Mejor Futuro,ruta_provincial_localizada_sin_cruce_nominal,https://legislaturacba.gob.ar/declaraciones-juradas/,sin_nombre_compatible_oa_2017_2024,,,sin_registro_oa_2017_2024,freezado,2026-09-02,"Expansión pausada para priorizar profundidad analítica en las trayectorias ya publicadas. El freeze no equivale a descarte, incumplimiento ni patrimonio cero.",6,"Buscar fuente del régimen actual y documentar publicado, reservado o no localizado."
prov-sf-dip-agosto-walter,Walter AGOSTO,Legislaturas provinciales,Diputado/a provincial,Santa Fe,HACEMOS SANTA FE,ruta_provincial_por_relevar,,nombre_compatible_unico_en_oa,AGOSTO WALTER ALFREDO,2018|2019,identidad_confirmada_cruce_oficial,cerrado_publicable,2026-09-02,Trayectoria publicada con controles reproducibles.,9,Serie normalizada y contrafactuales incorporados; actualizar con el consolidado 2025 cuando se publique.
prov-sf-dip-arena-celia,Celia ARENA,Legislaturas provinciales,Diputado/a provincial,Santa Fe,HACEMOS SANTA FE,ruta_provincial_por_relevar,,nombre_compatible_unico_en_oa,ARENA CELIA ISABEL,2017,identidad_confirmada_cruce_oficial,cerrado_publicable,2026-09-02,Trayectoria publicada con controles reproducibles.,9,Serie normalizada y contrafactuales incorporados; actualizar con el consolidado 2025 cuando se publique.
prov-sf-dip-arganaraz-juan-domingo,Juan Domingo ARGAÑARÁZ,Legislaturas provinciales,Diputado/a provincial,Santa Fe,INSPIRAR,ruta_provincial_por_relevar,,nombre_compatible_unico_en_oa,ARGAÑARAZ JUAN DOMINGO,2020,identidad_confirmada_cruce_oficial,cerrado_publicable,2026-09-02,Trayectoria publicada con controles reproducibles.,9,Serie normalizada y contrafactuales incorporados; actualizar con el consolidado 2025 cuando se publique.
prov-sf-dip-armas-belavi-natalia,Natalia ARMAS BELAVI,Legislaturas provinciales,Diputado/a provincial,Santa Fe,VIDA Y FAMILIA,ruta_provincial_por_relevar,,sin_nombre_compatible_oa_2017_2024,,,sin_registro_oa_2017_2024,freezado,2026-09-02,"Expansión pausada para priorizar profundidad analítica en las trayectorias ya publicadas. El freeze no equivale a descarte, incumplimiento ni patrimonio cero.",6,"Buscar fuente del régimen actual y documentar publicado, reservado o no localizado."
prov-sf-dip-azanza-alicia,Alicia AZANZA,Legislaturas provinciales,Diputado/a provincial,Santa Fe,SOMOS VIDA,ruta_provincial_por_relevar,,sin_nombre_compatible_oa_2017_2024,,,sin_registro_oa_2017_2024,freezado,2026-09-02,"Expansión pausada para priorizar profundidad analítica en las trayectorias ya publicadas. El freeze no equivale a descarte, incumplimiento ni patrimonio cero.",6,"Buscar fuente del régimen actual y documentar publicado, reservado o no localizado."
prov-sf-dip-balague-claudia,Claudia BALAGUÉ,Legislaturas provinciales,Diputado/a provincial,Santa Fe,FRENTE AMPLIO POR LA SOBERANÍA,ruta_provincial_por_relevar,,sin_nombre_compatible_oa_2017_2024,,,sin_registro_oa_2017_2024,freezado,2026-09-02,"Expansión pausada para priorizar profundidad analítica en las trayectorias ya publicadas. El freeze no equivale a descarte, incumplimiento ni patrimonio cero.",6,"Buscar fuente del régimen actual y documentar publicado, reservado o no localizado."
prov-sf-dip-bellatti-rosana,Rosana BELLATTI,Legislaturas provinciales,Diputado/a provincial,Santa Fe,SOCIALISTA,ruta_provincial_por_relevar,,sin_nombre_compatible_oa_2017_2024,,,sin_registro_oa_2017_2024,freezado,2026-09-02,"Expansión pausada para priorizar profundidad analítica en las trayectorias ya publicadas. El freeze no equivale a descarte, incumplimiento ni patrimonio cero.",6,"Buscar fuente del régimen actual y documentar publicado, reservado o no localizado."
prov-sf-dip-bermudez-ariel,Ariel BERMÚDEZ,Legislaturas provinciales,Diputado/a provincial,Santa Fe,CREO,ruta_provincial_por_relevar,,nombre_compatible_unico_en_oa,BERMUDEZ ARIEL EDUARDO,2017|2018,identidad_confirmada_cruce_oficial,cerrado_publicable,2026-09-02,Trayectoria publicada con controles reproducibles.,9,Serie normalizada y contrafactuales incorporados; actualizar con el consolidado 2025 cuando se publique.
prov-sf-dip-blanco-joaquin-andres,Joaquín Andrés BLANCO,Legislaturas provinciales,Diputado/a provincial,Santa Fe,SOCIALISTA,ruta_provincial_por_relevar,,sin_nombre_compatible_oa_2017_2024,,,sin_registro_oa_2017_2024,freezado,2026-09-02,"Expansión pausada para priorizar profundidad analítica en las trayectorias ya publicadas. El freeze no equivale a descarte, incumplimiento ni patrimonio cero.",6,"Buscar fuente del régimen actual y documentar publicado, reservado o no localizado."
prov-sf-dip-bonfatti-antonio,Antonio BONFATTI,Legislaturas provinciales,Diputado/a provincial,Santa Fe,SOCIALISTA,ruta_provincial_por_relevar,,sin_nombre_compatible_oa_2017_2024,,,sin_registro_oa_2017_2024,freezado,2026-09-02,"Expansión pausada para priorizar profundidad analítica en las trayectorias ya publicadas. El freeze no equivale a descarte, incumplimiento ni patrimonio cero.",6,"Buscar fuente del régimen actual y documentar publicado, reservado o no localizado."
prov-sf-dip-brouwer-beatriz,Beatriz BROUWER,Legislaturas provinciales,Diputado/a provincial,Santa Fe,UNITE,ruta_provincial_por_relevar,,sin_nombre_compatible_oa_2017_2024,,,sin_registro_oa_2017_2024,freezado,2026-09-02,"Expansión pausada para priorizar profundidad analítica en las trayectorias ya publicadas. El freeze no equivale a descarte, incumplimiento ni patrimonio cero.",6,"Buscar fuente del régimen actual y documentar publicado, reservado o no localizado."
prov-sf-dip-calaianov-leonardo,Leonardo CALAIANOV,Legislaturas provinciales,Diputado/a provincial,Santa Fe,SOCIALISTA,ruta_provincial_por_relevar,,sin_nombre_compatible_oa_2017_2024,,,sin_registro_oa_2017_2024,freezado,2026-09-02,"Expansión pausada para priorizar profundidad analítica en las trayectorias ya publicadas. El freeze no equivale a descarte, incumplimiento ni patrimonio cero.",6,"Buscar fuente del régimen actual y documentar publicado, reservado o no localizado."
prov-sf-dip-castellani-maria-fernanda,María Fernanda CASTELLANI,Legislaturas provinciales,Diputado/a provincial,Santa Fe,PRO,ruta_provincial_por_relevar,,nombre_compatible_unico_en_oa,CASTELLANI MARIA FERNANDA,2020,identidad_confirmada_cruce_oficial,cerrado_publicable,2026-09-02,Trayectoria publicada con controles reproducibles.,9,Serie normalizada y contrafactuales incorporados; actualizar con el consolidado 2025 cuando se publique.
prov-sf-dip-cattalini-lionella,Lionella CATTALINI,Legislaturas provinciales,Diputado/a provincial,Santa Fe,SOCIALISTA,ruta_provincial_por_relevar,,sin_nombre_compatible_oa_2017_2024,,,sin_registro_oa_2017_2024,freezado,2026-09-02,"Expansión pausada para priorizar profundidad analítica en las trayectorias ya publicadas. El freeze no equivale a descarte, incumplimiento ni patrimonio cero.",6,"Buscar fuente del régimen actual y documentar publicado, reservado o no localizado."
prov-sf-dip-cejas-fabian,Fabian Cejas,Legislaturas provinciales,Diputado/a provincial,Santa Fe,SOCIALISTA,ruta_provincial_por_relevar,,sin_nombre_compatible_oa_2017_2024,,,sin_registro_oa_2017_2024,freezado,2026-09-02,"Expansión pausada para priorizar profundidad analítica en las trayectorias ya publicadas. El freeze no equivale a descarte, incumplimiento ni patrimonio cero.",6,"Buscar fuente del régimen actual y documentar publicado, reservado o no localizado."
prov-sf-dip-corach-marcos,Marcos CORACH,Legislaturas provinciales,Diputado/a provincial,Santa Fe,HACEMOS SANTA FE,ruta_provincial_por_relevar,,sin_nombre_compatible_oa_2017_2024,,,sin_registro_oa_2017_2024,freezado,2026-09-02,"Expansión pausada para priorizar profundidad analítica en las trayectorias ya publicadas. El freeze no equivale a descarte, incumplimiento ni patrimonio cero.",6,"Buscar fuente del régimen actual y documentar publicado, reservado o no localizado."
prov-sf-dip-corral-jose,José CORRAL,Legislaturas provinciales,Diputado/a provincial,Santa Fe,UCR,ruta_provincial_por_relevar,,nombre_compatible_unico_en_oa,CORRAL JOSE MANUEL,2021|2022|2023,identidad_confirmada_cruce_oficial,cerrado_publicable,2026-09-02,Trayectoria publicada con controles reproducibles.,9,Serie normalizada y contrafactuales incorporados; actualizar con el consolidado 2025 cuando se publique.
prov-sf-dip-cuvertino-mariano,Mariano CUVERTINO,Legislaturas provinciales,Diputado/a provincial,Santa Fe,SOCIALISTA,ruta_provincial_por_relevar,,sin_nombre_compatible_oa_2017_2024,,,sin_registro_oa_2017_2024,freezado,2026-09-02,"Expansión pausada para priorizar profundidad analítica en las trayectorias ya publicadas. El freeze no equivale a descarte, incumplimiento ni patrimonio cero.",6,"Buscar fuente del régimen actual y documentar publicado, reservado o no localizado."
prov-sf-dip-de-ponti-lucila,Lucila DE PONTI,Legislaturas provinciales,Diputado/a provincial,Santa Fe,BLOQUE PERONISTA,ruta_provincial_por_relevar,,nombre_compatible_unico_en_oa,DE PONTI LUCILA MARIA,2017|2018|2019|2020,identidad_confirmada_cruce_oficial,cerrado_publicable,2026-09-02,Trayectoria publicada con controles reproducibles.,9,Serie normalizada y contrafactuales incorporados; actualizar con el consolidado 2025 cuando se publique.
prov-sf-dip-del-frade-carlos-alfredo,Carlos Alfredo DEL FRADE,Legislaturas provinciales,Diputado/a provincial,Santa Fe,FRENTE AMPLIO POR LA SOBERANÍA,ruta_provincial_por_relevar,,sin_nombre_compatible_oa_2017_2024,,,sin_registro_oa_2017_2024,freezado,2026-09-02,"Expansión pausada para priorizar profundidad analítica en las trayectorias ya publicadas. El freeze no equivale a descarte, incumplimiento ni patrimonio cero.",6,"Buscar fuente del régimen actual y documentar publicado, reservado o no localizado."
prov-sf-dip-di-stefano-silvana,Silvana DI STEFANO,Legislaturas provinciales,Diputado/a provincial,Santa Fe,UCR,ruta_provincial_por_relevar,,sin_nombre_compatible_oa_2017_2024,,,sin_registro_oa_2017_2024,freezado,2026-09-02,"Expansión pausada para priorizar profundidad analítica en las trayectorias ya publicadas. El freeze no equivale a descarte, incumplimiento ni patrimonio cero.",6,"Buscar fuente del régimen actual y documentar publicado, reservado o no localizado."
prov-sf-dip-drisun-varinia-luciana,Varinia Luciana DRISUN,Legislaturas provinciales,Diputado/a provincial,Santa Fe,SOCIALISTA,ruta_provincial_por_relevar,,sin_nombre_compatible_oa_2017_2024,,,sin_registro_oa_2017_2024,freezado,2026-09-02,"Expansión pausada para priorizar profundidad analítica en las trayectorias ya publicadas. El freeze no equivale a descarte, incumplimiento ni patrimonio cero.",6,"Buscar fuente del régimen actual y documentar publicado, reservado o no localizado."
prov-sf-dip-galassi-ruben,Rubén GALASSI,Legislaturas provinciales,Diputado/a provincial,Santa Fe,SOCIALISTA,ruta_provincial_por_relevar,,sin_nombre_compatible_oa_2017_2024,,,sin_registro_oa_2017_2024,freezado,2026-09-02,"Expansión pausada para priorizar profundidad analítica en las trayectorias ya publicadas. El freeze no equivale a descarte, incumplimiento ni patrimonio cero.",6,"Buscar fuente del régimen actual y documentar publicado, reservado o no localizado."
prov-sf-dip-galnares-sofia,Sofía GALNARES,Legislaturas provinciales,Diputado/a provincial,Santa Fe,UCR,ruta_provincial_por_relevar,,sin_nombre_compatible_oa_2017_2024,,,sin_registro_oa_2017_2024,freezado,2026-09-02,"Expansión pausada para priorizar profundidad analítica en las trayectorias ya publicadas. El freeze no equivale a descarte, incumplimiento ni patrimonio cero.",6,"Buscar fuente del régimen actual y documentar publicado, reservado o no localizado."
prov-sf-dip-garcia-clara-rut,Clara Rut GARCÍA,Legislaturas provinciales,Diputado/a provincial,Santa Fe,SOCIALISTA,ruta_provincial_por_relevar,,nombre_compatible_unico_en_oa,GARCIA CLARA RUT,2020,identidad_confirmada_cruce_oficial,cerrado_publicable,2026-09-02,Trayectoria publicada con controles reproducibles.,9,Serie normalizada y contrafactuales incorporados; actualizar con el consolidado 2025 cuando se publique.
prov-sf-dip-garcia-ximena,Ximena GARCÍA,Legislaturas provinciales,Diputado/a provincial,Santa Fe,UCR,ruta_provincial_por_relevar,,nombre_compatible_unico_en_oa,GARCIA XIMENA,2018|2019|2020|2021|2022|2023|2024,identidad_confirmada_cruce_oficial,cerrado_publicable,2026-09-02,Trayectoria publicada con controles reproducibles.,9,Serie normalizada y contrafactuales incorporados; actualizar con el consolidado 2025 cuando se publique.
prov-sf-dip-ghione-arnaldo-walter,Arnaldo Walter GHIONE,Legislaturas provinciales,Diputado/a provincial,Santa Fe,UNO,ruta_provincial_por_relevar,,sin_nombre_compatible_oa_2017_2024,,,sin_registro_oa_2017_2024,freezado,2026-09-02,"Expansión pausada para priorizar profundidad analítica en las trayectorias ya publicadas. El freeze no equivale a descarte, incumplimiento ni patrimonio cero.",6,"Buscar fuente del régimen actual y documentar publicado, reservado o no localizado."
prov-sf-dip-gonzalez-marcelo,Marcelo GONZÁLEZ,Legislaturas provinciales,Diputado/a provincial,Santa Fe,UCR,ruta_provincial_por_relevar,,coincidencia_multiple_revisar_homonimia,GONZALEZ MARCELO | GONZALEZ MARCELO ADRIAN | GONZALEZ MARCELO DANIEL | GONZALEZ MARCELO EDUARDO | GONZALEZ MARCELO ESTEBAN | GONZALEZ MARCELO FABIAN | GONZALEZ MARCELO HECTOR | GONZALEZ MARCELO JOSE | GONZALEZ MARCELO RAMON | GONZALEZ MARCELO RAMON ADRIAN | GONZALEZ MARCELO RICARDO,2017|2018|2019|2020|2021|2022|2023|2024,sin_registro_oa_2017_2024_identidad_desambiguada,freezado,2026-09-02,"Expansión pausada para priorizar profundidad analítica en las trayectorias ya publicadas. El freeze no equivale a descarte, incumplimiento ni patrimonio cero.",16,"La identidad oficial descarta todas las claves OA nominales recuperadas; buscar la DDJJ del régimen actual sin atribuir cifras de homónimos. Fuentes oficiales santafesinas conectan a Marcelo Omar González con San Cristóbal y conservan un documento en el antecedente educativo. El cotejo reservado no coincide con ninguna de las 12 claves OA, incluida GONZALEZ MARCELO."
prov-sf-dip-granata-amalia,Amalia GRANATA,Legislaturas provinciales,Diputado/a provincial,Santa Fe,SOMOS VIDA,ruta_provincial_por_relevar,,sin_nombre_compatible_oa_2017_2024,,,sin_registro_oa_2017_2024,freezado,2026-09-02,"Expansión pausada para priorizar profundidad analítica en las trayectorias ya publicadas. El freeze no equivale a descarte, incumplimiento ni patrimonio cero.",6,"Buscar fuente del régimen actual y documentar publicado, reservado o no localizado."
prov-sf-dip-hummel-astrid,Astrid HUMMEL,Legislaturas provinciales,Diputado/a provincial,Santa Fe,PRO,ruta_provincial_por_relevar,,nombre_compatible_unico_en_oa,HUMMEL ASTRID CAROLINA ANDREA,2017|2018|2019,identidad_confirmada_cruce_oficial,cerrado_publicable,2026-09-02,Trayectoria publicada con controles reproducibles.,9,Serie normalizada y contrafactuales incorporados; actualizar con el consolidado 2025 cuando se publique.
prov-sf-dip-mahmud-gisel,Gisel MAHMUD,Legislaturas provinciales,Diputado/a provincial,Santa Fe,SOCIALISTA,ruta_provincial_por_relevar,,sin_nombre_compatible_oa_2017_2024,,,sin_registro_oa_2017_2024,freezado,2026-09-02,"Expansión pausada para priorizar profundidad analítica en las trayectorias ya publicadas. El freeze no equivale a descarte, incumplimiento ni patrimonio cero.",6,"Buscar fuente del régimen actual y documentar publicado, reservado o no localizado."
prov-sf-dip-malfesi-silvia,Silvia MALFESI,Legislaturas provinciales,Diputado/a provincial,Santa Fe,SOMOS VIDA,ruta_provincial_por_relevar,,sin_nombre_compatible_oa_2017_2024,,,sin_registro_oa_2017_2024,freezado,2026-09-02,"Expansión pausada para priorizar profundidad analítica en las trayectorias ya publicadas. El freeze no equivale a descarte, incumplimiento ni patrimonio cero.",6,"Buscar fuente del régimen actual y documentar publicado, reservado o no localizado."
prov-sf-dip-mancini-maria-del-rosario,María del Rosario MANCINI,Legislaturas provinciales,Diputado/a provincial,Santa Fe,SOCIALISTA,ruta_provincial_por_relevar,,sin_nombre_compatible_oa_2017_2024,,,sin_registro_oa_2017_2024,freezado,2026-09-02,"Expansión pausada para priorizar profundidad analítica en las trayectorias ya publicadas. El freeze no equivale a descarte, incumplimiento ni patrimonio cero.",6,"Buscar fuente del régimen actual y documentar publicado, reservado o no localizado."
prov-sf-dip-martorano-sonia,Sonia MARTORANO,Legislaturas provinciales,Diputado/a provincial,Santa Fe,HACEMOS SANTA FE,ruta_provincial_por_relevar,,sin_nombre_compatible_oa_2017_2024,,,sin_registro_oa_2017_2024,freezado,2026-09-02,"Expansión pausada para priorizar profundidad analítica en las trayectorias ya publicadas. El freeze no equivale a descarte, incumplimiento ni patrimonio cero.",6,"Buscar fuente del régimen actual y documentar publicado, reservado o no localizado."
prov-sf-dip-masutti-sofia,Sofía MASUTTI,Legislaturas provinciales,Diputado/a provincial,Santa Fe,SOCIALISTA,ruta_provincial_por_relevar,,sin_nombre_compatible_oa_2017_2024,,,sin_registro_oa_2017_2024,freezado,2026-09-02,"Expansión pausada para priorizar profundidad analítica en las trayectorias ya publicadas. El freeze no equivale a descarte, incumplimiento ni patrimonio cero.",6,"Buscar fuente del régimen actual y documentar publicado, reservado o no localizado."
prov-sf-dip-palo-oliver-claudio-fabian,Claudio Fabián PALO OLIVER,Legislaturas provinciales,Diputado/a provincial,Santa Fe,FRENTE AMPLIO POR LA SOBERANÍA,ruta_provincial_por_relevar,,nombre_compatible_unico_en_oa,PALO OLIVER CLAUDIO FABIAN,2020,identidad_confirmada_cruce_oficial,cerrado_publicable,2026-09-02,Trayectoria publicada con controles reproducibles.,9,Serie normalizada y contrafactuales incorporados; actualizar con el consolidado 2025 cuando se publique.
prov-sf-dip-paredes-omar,Omar PAREDES,Legislaturas provinciales,Diputado/a provincial,Santa Fe,UNIDAD POR SANTA FE,ruta_provincial_por_relevar,,sin_nombre_compatible_oa_2017_2024,,,sin_registro_oa_2017_2024,freezado,2026-09-02,"Expansión pausada para priorizar profundidad analítica en las trayectorias ya publicadas. El freeze no equivale a descarte, incumplimiento ni patrimonio cero.",6,"Buscar fuente del régimen actual y documentar publicado, reservado o no localizado."
prov-sf-dip-peralta-emiliano,Emiliano PERALTA,Legislaturas provinciales,Diputado/a provincial,Santa Fe,SOMOS VIDA,ruta_provincial_por_relevar,,nombre_compatible_unico_en_oa,PERALTA EMILIANO,2018|2019|2020|2021|2022|2023|2024,identidad_confirmada_cruce_oficial,cerrado_publicable,2026-09-02,Trayectoria publicada con controles reproducibles.,9,Serie normalizada y contrafactuales incorporados; actualizar con el consolidado 2025 cuando se publique.
prov-sf-dip-perotti-omar,Omar PEROTTI,Legislaturas provinciales,Diputado/a provincial,Santa Fe,HACEMOS SANTA FE,ruta_provincial_por_relevar,,nombre_compatible_unico_en_oa,PEROTTI OMAR ANGEL,2017|2018|2019|2020|2021,identidad_confirmada_cruce_oficial,cerrado_publicable,2026-09-02,Trayectoria publicada con controles reproducibles.,9,Serie normalizada y contrafactuales incorporados; actualizar con el consolidado 2025 cuando se publique.
prov-sf-dip-piedrabuena-juan-jose,Juan José PIEDRABUENA,Legislaturas provinciales,Diputado/a provincial,Santa Fe,DEL BARRIO PARA LA GENTE,ruta_provincial_por_relevar,,sin_nombre_compatible_oa_2017_2024,,,sin_registro_oa_2017_2024,freezado,2026-09-02,"Expansión pausada para priorizar profundidad analítica en las trayectorias ya publicadas. El freeze no equivale a descarte, incumplimiento ni patrimonio cero.",6,"Buscar fuente del régimen actual y documentar publicado, reservado o no localizado."
prov-sf-dip-porcelli-baro-graf-veronica,Verónica PORCELLI BARÓ GRAF,Legislaturas provinciales,Diputado/a provincial,Santa Fe,FRENTE RENOVADOR 100% SANTAFESINO,ruta_provincial_por_relevar,,sin_nombre_compatible_oa_2017_2024,,,sin_registro_oa_2017_2024,freezado,2026-09-02,"Expansión pausada para priorizar profundidad analítica en las trayectorias ya publicadas. El freeze no equivale a descarte, incumplimiento ni patrimonio cero.",6,"Buscar fuente del régimen actual y documentar publicado, reservado o no localizado."
prov-sf-dip-porfiri-edgardo,Edgardo PORFIRI,Legislaturas provinciales,Diputado/a provincial,Santa Fe,UNIDAD POR SANTA FE,ruta_provincial_por_relevar,,sin_nombre_compatible_oa_2017_2024,,,sin_registro_oa_2017_2024,freezado,2026-09-02,"Expansión pausada para priorizar profundidad analítica en las trayectorias ya publicadas. El freeze no equivale a descarte, incumplimiento ni patrimonio cero.",6,"Buscar fuente del régimen actual y documentar publicado, reservado o no localizado."
prov-sf-dip-rabbia-miguel,Miguel RABBIA,Legislaturas provinciales,Diputado/a provincial,Santa Fe,CONSTRUYENDO FUTURO,ruta_provincial_por_relevar,,sin_nombre_compatible_oa_2017_2024,,,sin_registro_oa_2017_2024,freezado,2026-09-02,"Expansión pausada para priorizar profundidad analítica en las trayectorias ya publicadas. El freeze no equivale a descarte, incumplimiento ni patrimonio cero.",6,"Buscar fuente del régimen actual y documentar publicado, reservado o no localizado."
prov-sf-dip-rodenas-alejandra,Alejandra RODENAS,Legislaturas provinciales,Diputado/a provincial,Santa Fe,COMPROMISO JUSTICIALISTA,ruta_provincial_por_relevar,,nombre_compatible_unico_en_oa,RODENAS ALEJANDRA SILVANA,2017|2018|2021|2022,identidad_confirmada_cruce_oficial,cerrado_publicable,2026-09-02,Trayectoria publicada con controles reproducibles.,9,Serie normalizada y contrafactuales incorporados; actualizar con el consolidado 2025 cuando se publique.
prov-sf-dip-rojas-sergio,Sergio ROJAS,Legislaturas provinciales,Diputado/a provincial,Santa Fe,SOCIALISTA,ruta_provincial_por_relevar,,coincidencia_multiple_revisar_homonimia,ROJAS SERGIO DAVID | ROJAS SERGIO EDUARDO,2017|2018|2019|2020|2021,sin_registro_oa_2017_2024_identidad_desambiguada,freezado,2026-09-02,"Expansión pausada para priorizar profundidad analítica en las trayectorias ya publicadas. El freeze no equivale a descarte, incumplimiento ni patrimonio cero.",15,La identidad oficial descarta todas las claves OA nominales recuperadas; buscar la DDJJ del régimen actual sin atribuir cifras de homónimos. La Cámara santafesina publica Sergio Javier Rojas. Las claves OA candidatas corresponden a Sergio David y Sergio Eduardo Rojas.
prov-sf-dip-rosua-martin,Martín ROSÚA,Legislaturas provinciales,Diputado/a provincial,Santa Fe,UCR,ruta_provincial_por_relevar,,sin_nombre_compatible_oa_2017_2024,,,sin_registro_oa_2017_2024,freezado,2026-09-02,"Expansión pausada para priorizar profundidad analítica en las trayectorias ya publicadas. El freeze no equivale a descarte, incumplimiento ni patrimonio cero.",6,"Buscar fuente del régimen actual y documentar publicado, reservado o no localizado."
prov-sf-dip-scarpin-dionisio,Dionisio SCARPÍN,Legislaturas provinciales,Diputado/a provincial,Santa Fe,UCR,ruta_provincial_por_relevar,,nombre_compatible_unico_en_oa,SCARPIN DIONISIO FERNANDO,2020|2021|2022,identidad_confirmada_cruce_oficial,cerrado_publicable,2026-09-02,Trayectoria publicada con controles reproducibles.,9,Serie normalizada y contrafactuales incorporados; actualizar con el consolidado 2025 cuando se publique.
prov-sf-dip-scavuzzo-german,Germán SCAVUZZO,Legislaturas provinciales,Diputado/a provincial,Santa Fe,UCR,ruta_provincial_por_relevar,,sin_nombre_compatible_oa_2017_2024,,,sin_registro_oa_2017_2024,freezado,2026-09-02,"Expansión pausada para priorizar profundidad analítica en las trayectorias ya publicadas. El freeze no equivale a descarte, incumplimiento ni patrimonio cero.",6,"Buscar fuente del régimen actual y documentar publicado, reservado o no localizado."
prov-sf-dip-senn-jimena,Jimena SENN,Legislaturas provinciales,Diputado/a provincial,Santa Fe,UCR,ruta_provincial_por_relevar,,sin_nombre_compatible_oa_2017_2024,,,sin_registro_oa_2017_2024,freezado,2026-09-02,"Expansión pausada para priorizar profundidad analítica en las trayectorias ya publicadas. El freeze no equivale a descarte, incumplimiento ni patrimonio cero.",6,"Buscar fuente del régimen actual y documentar publicado, reservado o no localizado."
prov-sf-dip-sola-maria-ximena,María Ximena SOLA,Legislaturas provinciales,Diputado/a provincial,Santa Fe,PRO,ruta_provincial_por_relevar,,sin_nombre_compatible_oa_2017_2024,,,sin_registro_oa_2017_2024,freezado,2026-09-02,"Expansión pausada para priorizar profundidad analítica en las trayectorias ya publicadas. El freeze no equivale a descarte, incumplimiento ni patrimonio cero.",6,"Buscar fuente del régimen actual y documentar publicado, reservado o no localizado."
prov-sf-sen-gramajo-joaquin-raul,Joaquín Raúl Gramajo,Legislaturas provinciales,Senador/a provincial,Santa Fe,Unite,ruta_provincial_por_relevar,,sin_nombre_compatible_oa_2017_2024,,,sin_registro_oa_2017_2024,freezado,2026-09-02,"Expansión pausada para priorizar profundidad analítica en las trayectorias ya publicadas. El freeze no equivale a descarte, incumplimiento ni patrimonio cero.",6,"Buscar fuente del régimen actual y documentar publicado, reservado o no localizado."
prov-sf-sen-verdecchia-pablo-horacio,Pablo Horacio Verdecchia,Legislaturas provinciales,Senador/a provincial,Santa Fe,Unidos para Cambiar Santa Fe,ruta_provincial_por_relevar,,sin_nombre_compatible_oa_2017_2024,,,sin_registro_oa_2017_2024,freezado,2026-09-02,"Expansión pausada para priorizar profundidad analítica en las trayectorias ya publicadas. El freeze no equivale a descarte, incumplimiento ni patrimonio cero.",6,"Buscar fuente del régimen actual y documentar publicado, reservado o no localizado."
prov-sf-sen-rosconi-eduardo-daniel,Eduardo Daniel Rosconi,Legislaturas provinciales,Senador/a provincial,Santa Fe,Partido Justicialista BPJ,ruta_provincial_por_relevar,,sin_nombre_compatible_oa_2017_2024,,,sin_registro_oa_2017_2024,freezado,2026-09-02,"Expansión pausada para priorizar profundidad analítica en las trayectorias ya publicadas. El freeze no equivale a descarte, incumplimiento ni patrimonio cero.",6,"Buscar fuente del régimen actual y documentar publicado, reservado o no localizado."
prov-sf-sen-calvo-alcides-lorenzo,Alcides Lorenzo Calvo,Legislaturas provinciales,Senador/a provincial,Santa Fe,Partido Justicialista BPJ,ruta_provincial_por_relevar,,sin_nombre_compatible_oa_2017_2024,,,sin_registro_oa_2017_2024,freezado,2026-09-02,"Expansión pausada para priorizar profundidad analítica en las trayectorias ya publicadas. El freeze no equivale a descarte, incumplimiento ni patrimonio cero.",6,"Buscar fuente del régimen actual y documentar publicado, reservado o no localizado."
prov-sf-sen-giacomino-german-eduardo,Germán Eduardo Giacomino,Legislaturas provinciales,Senador/a provincial,Santa Fe,Unidos para Cambiar Santa Fe,ruta_provincial_por_relevar,,sin_nombre_compatible_oa_2017_2024,,,sin_registro_oa_2017_2024,freezado,2026-09-02,"Expansión pausada para priorizar profundidad analítica en las trayectorias ya publicadas. El freeze no equivale a descarte, incumplimiento ni patrimonio cero.",6,"Buscar fuente del régimen actual y documentar publicado, reservado o no localizado."
prov-sf-sen-baumgartner-german-ariel,Germán Ariel Baumgartner,Legislaturas provinciales,Senador/a provincial,Santa Fe,Unidos para Cambiar Santa Fe,ruta_provincial_por_relevar,,sin_nombre_compatible_oa_2017_2024,,,sin_registro_oa_2017_2024,freezado,2026-09-02,"Expansión pausada para priorizar profundidad analítica en las trayectorias ya publicadas. El freeze no equivale a descarte, incumplimiento ni patrimonio cero.",6,"Buscar fuente del régimen actual y documentar publicado, reservado o no localizado."
prov-sf-sen-di-gregorio-leticia,Leticia Di Gregorio,Legislaturas provinciales,Senador/a provincial,Santa Fe,Unidos para Cambiar Santa Fe,ruta_provincial_por_relevar,,sin_nombre_compatible_oa_2017_2024,,,sin_registro_oa_2017_2024,freezado,2026-09-02,"Expansión pausada para priorizar profundidad analítica en las trayectorias ya publicadas. El freeze no equivale a descarte, incumplimiento ni patrimonio cero.",6,"Buscar fuente del régimen actual y documentar publicado, reservado o no localizado."
prov-sf-sen-marcon-orfilio-eliseo-jose,Orfilio Eliseo José Marcón,Legislaturas provinciales,Senador/a provincial,Santa Fe,Unidos para Cambiar Santa Fe,ruta_provincial_por_relevar,,sin_nombre_compatible_oa_2017_2024,,,sin_registro_oa_2017_2024,freezado,2026-09-02,"Expansión pausada para priorizar profundidad analítica en las trayectorias ya publicadas. El freeze no equivale a descarte, incumplimiento ni patrimonio cero.",6,"Buscar fuente del régimen actual y documentar publicado, reservado o no localizado."
prov-sf-sen-rasetto-hugo-jesus,Hugo Jesús Rasetto,Legislaturas provinciales,Senador/a provincial,Santa Fe,Unidos para Cambiar Santa Fe,ruta_provincial_por_relevar,,sin_nombre_compatible_oa_2017_2024,,,sin_registro_oa_2017_2024,freezado,2026-09-02,"Expansión pausada para priorizar profundidad analítica en las trayectorias ya publicadas. El freeze no equivale a descarte, incumplimiento ni patrimonio cero.",6,"Buscar fuente del régimen actual y documentar publicado, reservado o no localizado."
prov-sf-sen-garibaldi-julio-francisco,Julio Francisco Garibaldi,Legislaturas provinciales,Senador/a provincial,Santa Fe,Unidos para Cambiar Santa Fe,ruta_provincial_por_relevar,,nombre_compatible_unico_en_oa,GARIBALDI JULIO FRANCISCO,2020,identidad_confirmada_cruce_oficial,cerrado_publicable,2026-09-02,Trayectoria publicada con controles reproducibles.,9,Serie normalizada y contrafactuales incorporados; actualizar con el consolidado 2025 cuando se publique.
prov-sf-sen-pirola-ruben-regis,Rubén Regis Pirola,Legislaturas provinciales,Senador/a provincial,Santa Fe,Partido Justicialista BPJ,ruta_provincial_por_relevar,,sin_nombre_compatible_oa_2017_2024,,,sin_registro_oa_2017_2024,freezado,2026-09-02,"Expansión pausada para priorizar profundidad analítica en las trayectorias ya publicadas. El freeze no equivale a descarte, incumplimiento ni patrimonio cero.",6,"Buscar fuente del régimen actual y documentar publicado, reservado o no localizado."
prov-sf-sen-seisas-ciro-ruperto,Ciro Ruperto Seisas,Legislaturas provinciales,Senador/a provincial,Santa Fe,Unidos para Cambiar Santa Fe,ruta_provincial_por_relevar,,sin_nombre_compatible_oa_2017_2024,,,sin_registro_oa_2017_2024,freezado,2026-09-02,"Expansión pausada para priorizar profundidad analítica en las trayectorias ya publicadas. El freeze no equivale a descarte, incumplimiento ni patrimonio cero.",6,"Buscar fuente del régimen actual y documentar publicado, reservado o no localizado."
prov-sf-sen-michlig-felipe-enrique,Felipe Enrique Michlig,Legislaturas provinciales,Senador/a provincial,Santa Fe,Unidos para Cambiar Santa Fe,ruta_provincial_por_relevar,,sin_nombre_compatible_oa_2017_2024,,,sin_registro_oa_2017_2024,freezado,2026-09-02,"Expansión pausada para priorizar profundidad analítica en las trayectorias ya publicadas. El freeze no equivale a descarte, incumplimiento ni patrimonio cero.",6,"Buscar fuente del régimen actual y documentar publicado, reservado o no localizado."
prov-sf-sen-dolzani-oscar-alfredo,Oscar Alfredo Dolzani,Legislaturas provinciales,Senador/a provincial,Santa Fe,Unidos para Cambiar Santa Fe,ruta_provincial_por_relevar,,sin_nombre_compatible_oa_2017_2024,,,sin_registro_oa_2017_2024,freezado,2026-09-02,"Expansión pausada para priorizar profundidad analítica en las trayectorias ya publicadas. El freeze no equivale a descarte, incumplimiento ni patrimonio cero.",6,"Buscar fuente del régimen actual y documentar publicado, reservado o no localizado."
prov-sf-sen-diana-leonardo-andres,Leonardo Andrés Diana,Legislaturas provinciales,Senador/a provincial,Santa Fe,Unidos para Cambiar Santa Fe,ruta_provincial_por_relevar,,sin_nombre_compatible_oa_2017_2024,,,sin_registro_oa_2017_2024,freezado,2026-09-02,"Expansión pausada para priorizar profundidad analítica en las trayectorias ya publicadas. El freeze no equivale a descarte, incumplimiento ni patrimonio cero.",6,"Buscar fuente del régimen actual y documentar publicado, reservado o no localizado."
prov-sf-sen-borla-rodrigo-leandro,Rodrigo Leandro Borla,Legislaturas provinciales,Senador/a provincial,Santa Fe,Unidos para Cambiar Santa Fe,ruta_provincial_por_relevar,,sin_nombre_compatible_oa_2017_2024,,,sin_registro_oa_2017_2024,freezado,2026-09-02,"Expansión pausada para priorizar profundidad analítica en las trayectorias ya publicadas. El freeze no equivale a descarte, incumplimiento ni patrimonio cero.",6,"Buscar fuente del régimen actual y documentar publicado, reservado o no localizado."
prov-sf-sen-traferri-armando,Armando Traferri,Legislaturas provinciales,Senador/a provincial,Santa Fe,Partido Justicialista BPJ,ruta_provincial_por_relevar,,sin_nombre_compatible_oa_2017_2024,,,sin_registro_oa_2017_2024,freezado,2026-09-02,"Expansión pausada para priorizar profundidad analítica en las trayectorias ya publicadas. El freeze no equivale a descarte, incumplimiento ni patrimonio cero.",6,"Buscar fuente del régimen actual y documentar publicado, reservado o no localizado."
prov-sf-sen-motta-esteban-federico,Esteban Federico Motta,Legislaturas provinciales,Senador/a provincial,Santa Fe,Unidos para Cambiar Santa Fe,ruta_provincial_por_relevar,,sin_nombre_compatible_oa_2017_2024,,,sin_registro_oa_2017_2024,freezado,2026-09-02,"Expansión pausada para priorizar profundidad analítica en las trayectorias ya publicadas. El freeze no equivale a descarte, incumplimiento ni patrimonio cero.",6,"Buscar fuente del régimen actual y documentar publicado, reservado o no localizado."
prov-sf-sen-sosa-osvaldo-hugo-segundo,Osvaldo Hugo Segundo Sosa,Legislaturas provinciales,Senador/a provincial,Santa Fe,Partido Justicialista BPJ,ruta_provincial_por_relevar,,sin_nombre_compatible_oa_2017_2024,,,sin_registro_oa_2017_2024,freezado,2026-09-02,"Expansión pausada para priorizar profundidad analítica en las trayectorias ya publicadas. El freeze no equivale a descarte, incumplimiento ni patrimonio cero.",6,"Buscar fuente del régimen actual y documentar publicado, reservado o no localizado."
prov-rn-leg-bernatene-ariel-roberto,Ariel Roberto BERNATENE,Legislaturas provinciales,Legislador/a provincial,Río Negro,BLOQUE UNIÓN CÍVICA RADICAL,ruta_provincial_por_relevar,,sin_nombre_compatible_oa_2017_2024,,,sin_registro_oa_2017_2024,freezado,2026-09-02,"Expansión pausada para priorizar profundidad analítica en las trayectorias ya publicadas. El freeze no equivale a descarte, incumplimiento ni patrimonio cero.",6,"Buscar fuente del régimen actual y documentar publicado, reservado o no localizado."
prov-rn-leg-matzen-lorena-maria-matilde,Lorena María Matilde MATZEN,Legislaturas provinciales,Legislador/a provincial,Río Negro,BLOQUE UNIÓN CÍVICA RADICAL,ruta_provincial_por_relevar,,nombre_compatible_unico_en_oa,MATZEN LORENA MARIA MATILDE,2017,identidad_confirmada_cruce_oficial,cerrado_publicable,2026-09-02,Trayectoria publicada con controles reproducibles.,10,Serie normalizada y contrafactuales incorporados; actualizar con el consolidado 2025 cuando se publique.
prov-rn-leg-acevedo-javier-edue,Javier Edue ACEVEDO,Legislaturas provinciales,Legislador/a provincial,Río Negro,BLOQUE COALICIÓN CÍVICA ARI - CAMBIEMOS,ruta_provincial_por_relevar,,nombre_compatible_unico_en_oa,ACEVEDO JAVIER EDUE,2017,identidad_confirmada_cruce_oficial,cerrado_publicable,2026-09-02,Trayectoria publicada con controles reproducibles.,10,Serie normalizada y contrafactuales incorporados; actualizar con el consolidado 2025 cuando se publique.
prov-rn-leg-agostino-daniela-beatriz,Daniela Beatriz AGOSTINO,Legislaturas provinciales,Legislador/a provincial,Río Negro,BLOQUE COALICIÓN CÍVICA ARI - CAMBIEMOS,ruta_provincial_por_relevar,,nombre_compatible_unico_en_oa,AGOSTINO DANIELA BEATRIZ,2018,identidad_confirmada_cruce_oficial,cerrado_publicable,2026-09-02,Trayectoria publicada con controles reproducibles.,10,Serie normalizada y contrafactuales incorporados; actualizar con el consolidado 2025 cuando se publique.
prov-rn-leg-frugoni-fernando-g,Fernando G. FRUGONI,Legislaturas provinciales,Legislador/a provincial,Río Negro,BLOQUE COALICIÓN CÍVICA ARI - CAMBIEMOS,ruta_provincial_por_relevar,,sin_nombre_compatible_oa_2017_2024,,,sin_registro_oa_2017_2024,freezado,2026-09-02,"Expansión pausada para priorizar profundidad analítica en las trayectorias ya publicadas. El freeze no equivale a descarte, incumplimiento ni patrimonio cero.",6,"Buscar fuente del régimen actual y documentar publicado, reservado o no localizado."
prov-rn-leg-scavo-roberta,Roberta SCAVO,Legislaturas provinciales,Legislador/a provincial,Río Negro,BLOQUE COALICIÓN CÍVICA ARI - CAMBIEMOS,ruta_provincial_por_relevar,,nombre_compatible_unico_en_oa,SCAVO ROBERTA,2018,identidad_confirmada_cruce_oficial,cerrado_publicable,2026-09-02,Trayectoria publicada con controles reproducibles.,10,Serie normalizada y contrafactuales incorporados; actualizar con el consolidado 2025 cuando se publique.
prov-rn-leg-dominguez-cesar-rafael,César Rafael DOMÍNGUEZ,Legislaturas provinciales,Legislador/a provincial,Río Negro,BLOQUE PRIMERO RÍO NEGRO,ruta_provincial_por_relevar,,sin_nombre_compatible_oa_2017_2024,,,sin_registro_oa_2017_2024,freezado,2026-09-02,"Expansión pausada para priorizar profundidad analítica en las trayectorias ya publicadas. El freeze no equivale a descarte, incumplimiento ni patrimonio cero.",6,"Buscar fuente del régimen actual y documentar publicado, reservado o no localizado."
prov-rn-leg-mansilla-elba-yolanda,Elba Yolanda MANSILLA,Legislaturas provinciales,Legislador/a provincial,Río Negro,BLOQUE PRIMERO RÍO NEGRO,ruta_provincial_por_relevar,,sin_nombre_compatible_oa_2017_2024,,,sin_registro_oa_2017_2024,freezado,2026-09-02,"Expansión pausada para priorizar profundidad analítica en las trayectorias ya publicadas. El freeze no equivale a descarte, incumplimiento ni patrimonio cero.",6,"Buscar fuente del régimen actual y documentar publicado, reservado o no localizado."
prov-rn-leg-cevoli-maria-celia,María Celia CÉVOLI,Legislaturas provinciales,Legislador/a provincial,Río Negro,BLOQUE ALIANZA JUNTOS SOMOS RÍO NEGRO,ruta_provincial_por_relevar,,sin_nombre_compatible_oa_2017_2024,,,sin_registro_oa_2017_2024,freezado,2026-09-02,"Expansión pausada para priorizar profundidad analítica en las trayectorias ya publicadas. El freeze no equivale a descarte, incumplimiento ni patrimonio cero.",6,"Buscar fuente del régimen actual y documentar publicado, reservado o no localizado."
prov-rn-leg-cides-juan-elbi,Juan Elbi CIDES,Legislaturas provinciales,Legislador/a provincial,Río Negro,BLOQUE ALIANZA JUNTOS SOMOS RÍO NEGRO,ruta_provincial_por_relevar,,sin_nombre_compatible_oa_2017_2024,,,sin_registro_oa_2017_2024,freezado,2026-09-02,"Expansión pausada para priorizar profundidad analítica en las trayectorias ya publicadas. El freeze no equivale a descarte, incumplimiento ni patrimonio cero.",6,"Buscar fuente del régimen actual y documentar publicado, reservado o no localizado."
prov-rn-leg-escudero-maria-andrea,María Andrea ESCUDERO,Legislaturas provinciales,Legislador/a provincial,Río Negro,BLOQUE ALIANZA JUNTOS SOMOS RÍO NEGRO,ruta_provincial_por_relevar,,sin_nombre_compatible_oa_2017_2024,,,sin_registro_oa_2017_2024,freezado,2026-09-02,"Expansión pausada para priorizar profundidad analítica en las trayectorias ya publicadas. El freeze no equivale a descarte, incumplimiento ni patrimonio cero.",6,"Buscar fuente del régimen actual y documentar publicado, reservado o no localizado."
prov-rn-leg-gonzalez-abdala-marcela-haydee,Marcela Haydeé GONZÁLEZ ABDALA,Legislaturas provinciales,Legislador/a provincial,Río Negro,BLOQUE ALIANZA JUNTOS SOMOS RÍO NEGRO,ruta_provincial_por_relevar,,sin_nombre_compatible_oa_2017_2024,,,sin_registro_oa_2017_2024,freezado,2026-09-02,"Expansión pausada para priorizar profundidad analítica en las trayectorias ya publicadas. El freeze no equivale a descarte, incumplimiento ni patrimonio cero.",6,"Buscar fuente del régimen actual y documentar publicado, reservado o no localizado."
prov-rn-leg-kircher-castanarez-aime-manuela,Aime Manuela KIRCHER CASTAÑAREZ,Legislaturas provinciales,Legislador/a provincial,Río Negro,BLOQUE ALIANZA JUNTOS SOMOS RÍO NEGRO,ruta_provincial_por_relevar,,sin_nombre_compatible_oa_2017_2024,,,sin_registro_oa_2017_2024,freezado,2026-09-02,"Expansión pausada para priorizar profundidad analítica en las trayectorias ya publicadas. El freeze no equivale a descarte, incumplimiento ni patrimonio cero.",6,"Buscar fuente del régimen actual y documentar publicado, reservado o no localizado."
prov-rn-leg-lopez-facundo-manuel,Facundo Manuel LÓPEZ,Legislaturas provinciales,Legislador/a provincial,Río Negro,BLOQUE ALIANZA JUNTOS SOMOS RÍO NEGRO,ruta_provincial_por_relevar,,nombre_compatible_unico_en_oa,LOPEZ FACUNDO MANUEL,2020|2021|2022|2023,identidad_confirmada_cruce_oficial,cerrado_publicable,2026-09-02,Trayectoria publicada con controles reproducibles.,10,Serie normalizada y contrafactuales incorporados; actualizar con el consolidado 2025 cuando se publique.
prov-rn-leg-morales-silvia-beatriz,Silvia Beatriz MORALES,Legislaturas provinciales,Legislador/a provincial,Río Negro,BLOQUE ALIANZA JUNTOS SOMOS RÍO NEGRO,ruta_provincial_por_relevar,,sin_nombre_compatible_oa_2017_2024,,,sin_registro_oa_2017_2024,freezado,2026-09-02,"Expansión pausada para priorizar profundidad analítica en las trayectorias ya publicadas. El freeze no equivale a descarte, incumplimiento ni patrimonio cero.",6,"Buscar fuente del régimen actual y documentar publicado, reservado o no localizado."
prov-rn-leg-moreno-norberto-emanuel,Norberto Emanuel MORENO,Legislaturas provinciales,Legislador/a provincial,Río Negro,BLOQUE ALIANZA JUNTOS SOMOS RÍO NEGRO,ruta_provincial_por_relevar,,sin_nombre_compatible_oa_2017_2024,,,sin_registro_oa_2017_2024,freezado,2026-09-02,"Expansión pausada para priorizar profundidad analítica en las trayectorias ya publicadas. El freeze no equivale a descarte, incumplimiento ni patrimonio cero.",6,"Buscar fuente del régimen actual y documentar publicado, reservado o no localizado."
prov-rn-leg-noale-luis-angel,Luis Ángel NOALE,Legislaturas provinciales,Legislador/a provincial,Río Negro,BLOQUE ALIANZA JUNTOS SOMOS RÍO NEGRO,ruta_provincial_por_relevar,,sin_nombre_compatible_oa_2017_2024,,,sin_registro_oa_2017_2024,freezado,2026-09-02,"Expansión pausada para priorizar profundidad analítica en las trayectorias ya publicadas. El freeze no equivale a descarte, incumplimiento ni patrimonio cero.",6,"Buscar fuente del régimen actual y documentar publicado, reservado o no localizado."
prov-rn-leg-pica-lucas-romeo,Lucas Romeo PICA,Legislaturas provinciales,Legislador/a provincial,Río Negro,BLOQUE ALIANZA JUNTOS SOMOS RÍO NEGRO,ruta_provincial_por_relevar,,sin_nombre_compatible_oa_2017_2024,,,sin_registro_oa_2017_2024,freezado,2026-09-02,"Expansión pausada para priorizar profundidad analítica en las trayectorias ya publicadas. El freeze no equivale a descarte, incumplimiento ni patrimonio cero.",6,"Buscar fuente del régimen actual y documentar publicado, reservado o no localizado."
prov-rn-leg-reynoso-natalia-emilia,Natalia Emilia REYNOSO,Legislaturas provinciales,Legislador/a provincial,Río Negro,BLOQUE ALIANZA JUNTOS SOMOS RÍO NEGRO,ruta_provincial_por_relevar,,sin_nombre_compatible_oa_2017_2024,,,sin_registro_oa_2017_2024,freezado,2026-09-02,"Expansión pausada para priorizar profundidad analítica en las trayectorias ya publicadas. El freeze no equivale a descarte, incumplimiento ni patrimonio cero.",6,"Buscar fuente del régimen actual y documentar publicado, reservado o no localizado."
prov-rn-leg-rossio-maria-marcela,María Marcela ROSSIO,Legislaturas provinciales,Legislador/a provincial,Río Negro,BLOQUE ALIANZA JUNTOS SOMOS RÍO NEGRO,ruta_provincial_por_relevar,,sin_nombre_compatible_oa_2017_2024,,,sin_registro_oa_2017_2024,freezado,2026-09-02,"Expansión pausada para priorizar profundidad analítica en las trayectorias ya publicadas. El freeze no equivale a descarte, incumplimiento ni patrimonio cero.",6,"Buscar fuente del régimen actual y documentar publicado, reservado o no localizado."
prov-rn-leg-san-roman-gustavo-modesto,Gustavo Modesto SAN ROMÁN,Legislaturas provinciales,Legislador/a provincial,Río Negro,BLOQUE ALIANZA JUNTOS SOMOS RÍO NEGRO,ruta_provincial_por_relevar,,sin_nombre_compatible_oa_2017_2024,,,sin_registro_oa_2017_2024,freezado,2026-09-02,"Expansión pausada para priorizar profundidad analítica en las trayectorias ya publicadas. El freeze no equivale a descarte, incumplimiento ni patrimonio cero.",6,"Buscar fuente del régimen actual y documentar publicado, reservado o no localizado."
prov-rn-leg-sanguinetti-daniel-horacio,Daniel Horacio SANGUINETTI,Legislaturas provinciales,Legislador/a provincial,Río Negro,BLOQUE ALIANZA JUNTOS SOMOS RÍO NEGRO,ruta_provincial_por_relevar,,sin_nombre_compatible_oa_2017_2024,,,sin_registro_oa_2017_2024,freezado,2026-09-02,"Expansión pausada para priorizar profundidad analítica en las trayectorias ya publicadas. El freeze no equivale a descarte, incumplimiento ni patrimonio cero.",6,"Buscar fuente del régimen actual y documentar publicado, reservado o no localizado."
prov-rn-leg-szczygol-marcelo-fabian,Marcelo Fabián SZCZYGOL,Legislaturas provinciales,Legislador/a provincial,Río Negro,BLOQUE ALIANZA JUNTOS SOMOS RÍO NEGRO,ruta_provincial_por_relevar,,sin_nombre_compatible_oa_2017_2024,,,sin_registro_oa_2017_2024,freezado,2026-09-02,"Expansión pausada para priorizar profundidad analítica en las trayectorias ya publicadas. El freeze no equivale a descarte, incumplimiento ni patrimonio cero.",6,"Buscar fuente del régimen actual y documentar publicado, reservado o no localizado."
prov-rn-leg-valeri-carlos-alfredo,Carlos Alfredo VALERI,Legislaturas provinciales,Legislador/a provincial,Río Negro,BLOQUE ALIANZA JUNTOS SOMOS RÍO NEGRO,ruta_provincial_por_relevar,,sin_nombre_compatible_oa_2017_2024,,,sin_registro_oa_2017_2024,freezado,2026-09-02,"Expansión pausada para priorizar profundidad analítica en las trayectorias ya publicadas. El freeze no equivale a descarte, incumplimiento ni patrimonio cero.",6,"Buscar fuente del régimen actual y documentar publicado, reservado o no localizado."
prov-rn-leg-yauhar-soraya-elisandra-iris,Soraya Elisandra Iris YAUHAR,Legislaturas provinciales,Legislador/a provincial,Río Negro,BLOQUE ALIANZA JUNTOS SOMOS RÍO NEGRO,ruta_provincial_por_relevar,,sin_nombre_compatible_oa_2017_2024,,,sin_registro_oa_2017_2024,freezado,2026-09-02,"Expansión pausada para priorizar profundidad analítica en las trayectorias ya publicadas. El freeze no equivale a descarte, incumplimiento ni patrimonio cero.",6,"Buscar fuente del régimen actual y documentar publicado, reservado o no localizado."
prov-rn-leg-yensen-lorena-rosana,Lorena Rosana YENSEN,Legislaturas provinciales,Legislador/a provincial,Río Negro,BLOQUE ALIANZA JUNTOS SOMOS RÍO NEGRO,ruta_provincial_por_relevar,,sin_nombre_compatible_oa_2017_2024,,,sin_registro_oa_2017_2024,freezado,2026-09-02,"Expansión pausada para priorizar profundidad analítica en las trayectorias ya publicadas. El freeze no equivale a descarte, incumplimiento ni patrimonio cero.",6,"Buscar fuente del régimen actual y documentar publicado, reservado o no localizado."
prov-rn-leg-zgaib-luis-fabian,Luis Fabián ZGAIB,Legislaturas provinciales,Legislador/a provincial,Río Negro,BLOQUE ALIANZA JUNTOS SOMOS RÍO NEGRO,ruta_provincial_por_relevar,,sin_nombre_compatible_oa_2017_2024,,,sin_registro_oa_2017_2024,freezado,2026-09-02,"Expansión pausada para priorizar profundidad analítica en las trayectorias ya publicadas. El freeze no equivale a descarte, incumplimiento ni patrimonio cero.",6,"Buscar fuente del régimen actual y documentar publicado, reservado o no localizado."
prov-rn-leg-belloso-daniel-ruben,Daniel Rubén BELLOSO,Legislaturas provinciales,Legislador/a provincial,Río Negro,BLOQUE PARTIDO JUSTICIALISTA - NUEVO ENCUENTRO,ruta_provincial_por_relevar,,sin_nombre_compatible_oa_2017_2024,,,sin_registro_oa_2017_2024,freezado,2026-09-02,"Expansión pausada para priorizar profundidad analítica en las trayectorias ya publicadas. El freeze no equivale a descarte, incumplimiento ni patrimonio cero.",6,"Buscar fuente del régimen actual y documentar publicado, reservado o no localizado."
prov-rn-leg-dantas-pedro-cristian,Pedro Cristian DANTAS,Legislaturas provinciales,Legislador/a provincial,Río Negro,BLOQUE PARTIDO JUSTICIALISTA - NUEVO ENCUENTRO,ruta_provincial_por_relevar,,nombre_compatible_unico_en_oa,DANTAS PEDRO CRISTIAN,2020|2021|2022,identidad_confirmada_cruce_oficial,cerrado_publicable,2026-09-02,Trayectoria publicada con controles reproducibles.,10,Serie normalizada y contrafactuales incorporados; actualizar con el consolidado 2025 cuando se publique.
prov-rn-leg-garcia-leandro-gaston,Leandro Gastón GARCÍA,Legislaturas provinciales,Legislador/a provincial,Río Negro,BLOQUE PARTIDO JUSTICIALISTA - NUEVO ENCUENTRO,ruta_provincial_por_relevar,,nombre_compatible_unico_en_oa,GARCIA LEANDRO GASTON,2020|2021|2022,identidad_confirmada_cruce_oficial,cerrado_publicable,2026-09-02,Trayectoria publicada con controles reproducibles.,10,Serie normalizada y contrafactuales incorporados; actualizar con el consolidado 2025 cuando se publique.
prov-rn-leg-ivancich-luis-angel,Luis Ángel IVANCICH,Legislaturas provinciales,Legislador/a provincial,Río Negro,BLOQUE PARTIDO JUSTICIALISTA - NUEVO ENCUENTRO,ruta_provincial_por_relevar,,sin_nombre_compatible_oa_2017_2024,,,sin_registro_oa_2017_2024,freezado,2026-09-02,"Expansión pausada para priorizar profundidad analítica en las trayectorias ya publicadas. El freeze no equivale a descarte, incumplimiento ni patrimonio cero.",6,"Buscar fuente del régimen actual y documentar publicado, reservado o no localizado."
prov-rn-leg-mas-maria-alejandra,María Alejandra MAS,Legislaturas provinciales,Legislador/a provincial,Río Negro,BLOQUE PARTIDO JUSTICIALISTA - NUEVO ENCUENTRO,ruta_provincial_por_relevar,,sin_nombre_compatible_oa_2017_2024,,,sin_registro_oa_2017_2024,freezado,2026-09-02,"Expansión pausada para priorizar profundidad analítica en las trayectorias ya publicadas. El freeze no equivale a descarte, incumplimiento ni patrimonio cero.",6,"Buscar fuente del régimen actual y documentar publicado, reservado o no localizado."
prov-rn-leg-berros-jose-luis,José Luis BERROS,Legislaturas provinciales,Legislador/a provincial,Río Negro,BLOQUE VAMOS CON TODOS,ruta_provincial_por_relevar,,sin_nombre_compatible_oa_2017_2024,,,sin_registro_oa_2017_2024,freezado,2026-09-02,"Expansión pausada para priorizar profundidad analítica en las trayectorias ya publicadas. El freeze no equivale a descarte, incumplimiento ni patrimonio cero.",6,"Buscar fuente del régimen actual y documentar publicado, reservado o no localizado."
prov-rn-leg-delgado-sempe-luciano-jesus,Luciano Jesús DELGADO SEMPÉ,Legislaturas provinciales,Legislador/a provincial,Río Negro,BLOQUE VAMOS CON TODOS,ruta_provincial_por_relevar,,nombre_compatible_unico_en_oa,DELGADO SEMPE LUCIANO JESUS,2019|2020|2021|2022,identidad_confirmada_cruce_oficial,cerrado_publicable,2026-09-02,Trayectoria publicada con controles reproducibles.,10,Serie normalizada y contrafactuales incorporados; actualizar con el consolidado 2025 cuando se publique.
prov-rn-leg-odarda-maria-magdalena,María Magdalena ODARDA,Legislaturas provinciales,Legislador/a provincial,Río Negro,BLOQUE VAMOS CON TODOS,ruta_provincial_por_relevar,,nombre_compatible_unico_en_oa,ODARDA MARIA MAGDALENA,2017|2018|2019|2020|2021|2022,identidad_confirmada_cruce_oficial,cerrado_publicable,2026-09-02,Trayectoria publicada con controles reproducibles.,10,Serie normalizada y contrafactuales incorporados; actualizar con el consolidado 2025 cuando se publique.
prov-rn-leg-pilquinao-carmelio-fabian,Carmelio Fabián PILQUINAO,Legislaturas provinciales,Legislador/a provincial,Río Negro,BLOQUE VAMOS CON TODOS,ruta_provincial_por_relevar,,sin_nombre_compatible_oa_2017_2024,,,sin_registro_oa_2017_2024,freezado,2026-09-02,"Expansión pausada para priorizar profundidad analítica en las trayectorias ya publicadas. El freeze no equivale a descarte, incumplimiento ni patrimonio cero.",6,"Buscar fuente del régimen actual y documentar publicado, reservado o no localizado."
prov-rn-leg-sposito-ayelen,Ayelén SPÓSITO,Legislaturas provinciales,Legislador/a provincial,Río Negro,BLOQUE VAMOS CON TODOS,ruta_provincial_por_relevar,,nombre_compatible_unico_en_oa,SPOSITO AYELEN,2019|2020,identidad_confirmada_cruce_oficial,cerrado_publicable,2026-09-02,Trayectoria publicada con controles reproducibles.,10,Serie normalizada y contrafactuales incorporados; actualizar con el consolidado 2025 cuando se publique.
prov-rn-leg-frei-maria-laura,María Laura FREI,Legislaturas provinciales,Legislador/a provincial,Río Negro,BLOQUE PRO UNIÓN REPUBLICANA,ruta_provincial_por_relevar,,sin_nombre_compatible_oa_2017_2024,,,sin_registro_oa_2017_2024,freezado,2026-09-02,"Expansión pausada para priorizar profundidad analítica en las trayectorias ya publicadas. El freeze no equivale a descarte, incumplimiento ni patrimonio cero.",6,"Buscar fuente del régimen actual y documentar publicado, reservado o no localizado."
prov-rn-leg-lacour-martina-valeria,Martina Valeria LACOUR,Legislaturas provinciales,Legislador/a provincial,Río Negro,BLOQUE PRO UNIÓN REPUBLICANA,ruta_provincial_por_relevar,,nombre_compatible_unico_en_oa,LACOUR MARTINA VALERIA,2024,identidad_confirmada_cruce_oficial,cerrado_publicable,2026-09-02,Trayectoria publicada con controles reproducibles.,10,Serie normalizada y contrafactuales incorporados; actualizar con el consolidado 2025 cuando se publique.
prov-rn-leg-martin-juan-carlos,Juan Carlos MARTIN,Legislaturas provinciales,Legislador/a provincial,Río Negro,BLOQUE PRO UNIÓN REPUBLICANA,ruta_provincial_por_relevar,,nombre_compatible_unico_en_oa,MARTIN JUAN CARLOS,2017|2018|2019|2020|2024,identidad_confirmada_cruce_oficial,cerrado_publicable,2026-09-02,Trayectoria publicada con controles reproducibles.,13,Serie normalizada y contrafactuales incorporados; actualizar con el consolidado 2025 cuando se publique.
prov-rn-leg-murillo-ongaro-juan-sebastian,Juan Sebastián MURILLO ONGARO,Legislaturas provinciales,Legislador/a provincial,Río Negro,BLOQUE PRO UNIÓN REPUBLICANA,ruta_provincial_por_relevar,,nombre_compatible_unico_en_oa,MURILLO ONGARO JUAN SEBASTIAN,2024,identidad_confirmada_cruce_oficial,cerrado_publicable,2026-09-02,Trayectoria publicada con controles reproducibles.,10,Serie normalizada y contrafactuales incorporados; actualizar con el consolidado 2025 cuando se publique.
prov-rn-leg-stupenengo-ofelia-irene,Ofelia Irene STUPENENGO,Legislaturas provinciales,Legislador/a provincial,Río Negro,BLOQUE PRO UNIÓN REPUBLICANA,ruta_provincial_por_relevar,,nombre_compatible_unico_en_oa,STUPENENGO OFELIA IRENE,2017|2018|2019|2020,identidad_confirmada_cruce_oficial,cerrado_publicable,2026-09-02,Trayectoria publicada con controles reproducibles.,10,Serie normalizada y contrafactuales incorporados; actualizar con el consolidado 2025 cuando se publique.
prov-rn-leg-doctorovich-claudio-alejandro,Claudio Alejandro DOCTOROVICH,Legislaturas provinciales,Legislador/a provincial,Río Negro,Bloque Cambia Río Negro (en suspenso),ruta_provincial_por_relevar,,sin_nombre_compatible_oa_2017_2024,,,sin_registro_oa_2017_2024,freezado,2026-09-02,"Expansión pausada para priorizar profundidad analítica en las trayectorias ya publicadas. El freeze no equivale a descarte, incumplimiento ni patrimonio cero.",6,"Buscar fuente del régimen actual y documentar publicado, reservado o no localizado."
prov-rn-leg-ibarrolaza-santiago,Santiago IBARROLAZA,Legislaturas provinciales,Legislador/a provincial,Río Negro,Bloque Cambia Río Negro (en suspenso),ruta_provincial_por_relevar,,sin_nombre_compatible_oa_2017_2024,,,sin_registro_oa_2017_2024,freezado,2026-09-02,"Expansión pausada para priorizar profundidad analítica en las trayectorias ya publicadas. El freeze no equivale a descarte, incumplimiento ni patrimonio cero.",6,"Buscar fuente del régimen actual y documentar publicado, reservado o no localizado."
prov-rn-leg-mc-kidd-maria-patricia,María Patricia MC KIDD,Legislaturas provinciales,Legislador/a provincial,Río Negro,Bloque Cambia Río Negro (en suspenso),ruta_provincial_por_relevar,,sin_nombre_compatible_oa_2017_2024,,,sin_registro_oa_2017_2024,freezado,2026-09-02,"Expansión pausada para priorizar profundidad analítica en las trayectorias ya publicadas. El freeze no equivale a descarte, incumplimiento ni patrimonio cero.",6,"Buscar fuente del régimen actual y documentar publicado, reservado o no localizado."
prov-rn-leg-picotti-gabriela-alejandra,Gabriela Alejandra PICOTTI,Legislaturas provinciales,Legislador/a provincial,Río Negro,Bloque Cambia Río Negro (en suspenso),ruta_provincial_por_relevar,,sin_nombre_compatible_oa_2017_2024,,,sin_registro_oa_2017_2024,freezado,2026-09-02,"Expansión pausada para priorizar profundidad analítica en las trayectorias ya publicadas. El freeze no equivale a descarte, incumplimiento ni patrimonio cero.",6,"Buscar fuente del régimen actual y documentar publicado, reservado o no localizado."
prov-mis-leg-ahumada-juan-alberto,Juan Alberto Ahumada,Legislaturas provinciales,Representante provincial,Misiones,Bloque Movimiento por lo que Viene,ruta_provincial_por_relevar,,sin_nombre_compatible_oa_2017_2024,,,sin_registro_oa_2017_2024,freezado,2026-09-02,"Expansión pausada para priorizar profundidad analítica en las trayectorias ya publicadas. El freeze no equivale a descarte, incumplimiento ni patrimonio cero.",6,"Buscar fuente del régimen actual y documentar publicado, reservado o no localizado."
prov-mis-leg-amarilla-ramon-oscar,Ramon Oscar Amarilla,Legislaturas provinciales,Representante provincial,Misiones,Algo Nuevo por los Trabajadores,ruta_provincial_por_relevar,,sin_nombre_compatible_oa_2017_2024,,,sin_registro_oa_2017_2024,freezado,2026-09-02,"Expansión pausada para priorizar profundidad analítica en las trayectorias ya publicadas. El freeze no equivale a descarte, incumplimiento ni patrimonio cero.",6,"Buscar fuente del régimen actual y documentar publicado, reservado o no localizado."
prov-mis-leg-arjol-martin-alfredo,Martin Alfredo Arjol,Legislaturas provinciales,Representante provincial,Misiones,Bloque Partido Libertario,ruta_provincial_por_relevar,,sin_nombre_compatible_oa_2017_2024,,,sin_registro_oa_2017_2024,freezado,2026-09-02,"Expansión pausada para priorizar profundidad analítica en las trayectorias ya publicadas. El freeze no equivale a descarte, incumplimiento ni patrimonio cero.",6,"Buscar fuente del régimen actual y documentar publicado, reservado o no localizado."
prov-mis-leg-arnhold-alejandro-fabian,Alejandro Fabian Arnhold,Legislaturas provinciales,Representante provincial,Misiones,Bloque Movimiento por lo que Viene,ruta_provincial_por_relevar,,sin_nombre_compatible_oa_2017_2024,,,sin_registro_oa_2017_2024,freezado,2026-09-02,"Expansión pausada para priorizar profundidad analítica en las trayectorias ya publicadas. El freeze no equivale a descarte, incumplimiento ni patrimonio cero.",6,"Buscar fuente del régimen actual y documentar publicado, reservado o no localizado."
prov-mis-leg-baez-walter-fabio,Walter Fabio Baez,Legislaturas provinciales,Representante provincial,Misiones,La Libertad Avanza (L.L.A),ruta_provincial_por_relevar,,sin_nombre_compatible_oa_2017_2024,,,sin_registro_oa_2017_2024,freezado,2026-09-02,"Expansión pausada para priorizar profundidad analítica en las trayectorias ya publicadas. El freeze no equivale a descarte, incumplimiento ni patrimonio cero.",6,"Buscar fuente del régimen actual y documentar publicado, reservado o no localizado."
prov-mis-leg-bahr-aryhatne-nicold,Aryhatne Nicold Bahr,Legislaturas provinciales,Representante provincial,Misiones,Bloque Movimiento por lo que Viene,ruta_provincial_por_relevar,,sin_nombre_compatible_oa_2017_2024,,,sin_registro_oa_2017_2024,freezado,2026-09-02,"Expansión pausada para priorizar profundidad analítica en las trayectorias ya publicadas. El freeze no equivale a descarte, incumplimiento ni patrimonio cero.",6,"Buscar fuente del régimen actual y documentar publicado, reservado o no localizado."
prov-mis-leg-ba-rbaro-hector-orlando,Hector Orlando BÃ¡rbaro,Legislaturas provinciales,Representante provincial,Misiones,Bloque Agrario y Social,ruta_provincial_por_relevar,,sin_nombre_compatible_oa_2017_2024,,,sin_registro_oa_2017_2024,freezado,2026-09-02,"Expansión pausada para priorizar profundidad analítica en las trayectorias ya publicadas. El freeze no equivale a descarte, incumplimiento ni patrimonio cero.",6,"Buscar fuente del régimen actual y documentar publicado, reservado o no localizado."
prov-mis-leg-benitez-roberto-hugo,Roberto Hugo Benitez,Legislaturas provinciales,Representante provincial,Misiones,Bloque Movimiento por lo que Viene,ruta_provincial_por_relevar,,sin_nombre_compatible_oa_2017_2024,,,sin_registro_oa_2017_2024,freezado,2026-09-02,"Expansión pausada para priorizar profundidad analítica en las trayectorias ya publicadas. El freeze no equivale a descarte, incumplimiento ni patrimonio cero.",6,"Buscar fuente del régimen actual y documentar publicado, reservado o no localizado."
prov-mis-leg-bundziak-rudi-samuel,Rudi Samuel Bundziak,Legislaturas provinciales,Representante provincial,Misiones,Bloque Movimiento por lo que Viene,ruta_provincial_por_relevar,,sin_nombre_compatible_oa_2017_2024,,,sin_registro_oa_2017_2024,freezado,2026-09-02,"Expansión pausada para priorizar profundidad analítica en las trayectorias ya publicadas. El freeze no equivale a descarte, incumplimiento ni patrimonio cero.",6,"Buscar fuente del régimen actual y documentar publicado, reservado o no localizado."
prov-mis-leg-butvilofsky-sara-carolina,Sara Carolina Butvilofsky,Legislaturas provinciales,Representante provincial,Misiones,Bloque Movimiento por lo que Viene,ruta_provincial_por_relevar,,sin_nombre_compatible_oa_2017_2024,,,sin_registro_oa_2017_2024,freezado,2026-09-02,"Expansión pausada para priorizar profundidad analítica en las trayectorias ya publicadas. El freeze no equivale a descarte, incumplimiento ni patrimonio cero.",6,"Buscar fuente del régimen actual y documentar publicado, reservado o no localizado."
prov-mis-leg-castro-cristian-gabriel,Cristian Gabriel Castro,Legislaturas provinciales,Representante provincial,Misiones,Bloque Agrario y Social,ruta_provincial_por_relevar,,nombre_compatible_unico_en_oa,CASTRO CRISTIAN GABRIEL,2021|2022|2023,identidad_confirmada_cruce_oficial,cerrado_publicable,2026-09-02,Trayectoria publicada con controles reproducibles.,12,Serie normalizada y contrafactuales incorporados; actualizar con el consolidado 2025 cuando se publique.
prov-mis-leg-centeno-anazul,Anazul Centeno,Legislaturas provinciales,Representante provincial,Misiones,Bloque Movimiento por lo que Viene,ruta_provincial_por_relevar,,sin_nombre_compatible_oa_2017_2024,,,sin_registro_oa_2017_2024,freezado,2026-09-02,"Expansión pausada para priorizar profundidad analítica en las trayectorias ya publicadas. El freeze no equivale a descarte, incumplimiento ni patrimonio cero.",6,"Buscar fuente del régimen actual y documentar publicado, reservado o no localizado."
prov-mis-leg-flores-rita-marina,Rita Marina Flores,Legislaturas provinciales,Representante provincial,Misiones,Bloque Movimiento por lo que Viene,ruta_provincial_por_relevar,,sin_nombre_compatible_oa_2017_2024,,,sin_registro_oa_2017_2024,freezado,2026-09-02,"Expansión pausada para priorizar profundidad analítica en las trayectorias ya publicadas. El freeze no equivale a descarte, incumplimiento ni patrimonio cero.",6,"Buscar fuente del régimen actual y documentar publicado, reservado o no localizado."
prov-mis-leg-fonseca-francisco,Francisco Fonseca,Legislaturas provinciales,Representante provincial,Misiones,UniÃ³n CÃ­vica Radical (UCR),ruta_provincial_por_relevar,,sin_nombre_compatible_oa_2017_2024,,,sin_registro_oa_2017_2024,freezado,2026-09-02,"Expansión pausada para priorizar profundidad analítica en las trayectorias ya publicadas. El freeze no equivale a descarte, incumplimiento ni patrimonio cero.",6,"Buscar fuente del régimen actual y documentar publicado, reservado o no localizado."
prov-mis-leg-franco-paula-virginia,Paula Virginia Franco,Legislaturas provinciales,Representante provincial,Misiones,Bloque Encuentro Misionero,ruta_provincial_por_relevar,,sin_nombre_compatible_oa_2017_2024,,,sin_registro_oa_2017_2024,freezado,2026-09-02,"Expansión pausada para priorizar profundidad analítica en las trayectorias ya publicadas. El freeze no equivale a descarte, incumplimiento ni patrimonio cero.",6,"Buscar fuente del régimen actual y documentar publicado, reservado o no localizado."
prov-mis-leg-goring-elvani-elisa,Elvani Elisa Goring,Legislaturas provinciales,Representante provincial,Misiones,Bloque Agrario y Social,ruta_provincial_por_relevar,,nombre_compatible_unico_en_oa,GÖRING ELVANI ELISA,2023,identidad_confirmada_cruce_oficial,cerrado_publicable,2026-09-02,Trayectoria publicada con controles reproducibles.,12,Serie normalizada y contrafactuales incorporados; actualizar con el consolidado 2025 cuando se publique.
prov-mis-leg-guerrero-nelli-beatriz,Nelli Beatriz Guerrero,Legislaturas provinciales,Representante provincial,Misiones,Bloque Por Misiones y la Libertad,ruta_provincial_por_relevar,,nombre_compatible_unico_en_oa,GUERRERO NELLI BEATRIZ,2024,identidad_confirmada_cruce_oficial,cerrado_publicable,2026-09-02,Trayectoria publicada con controles reproducibles.,12,Serie normalizada y contrafactuales incorporados; actualizar con el consolidado 2025 cuando se publique.
prov-mis-leg-koch-santiago-nicolas,Santiago Nicolas Koch,Legislaturas provinciales,Representante provincial,Misiones,UniÃ³n CÃ­vica Radical (UCR),ruta_provincial_por_relevar,,nombre_compatible_unico_en_oa,KOCH SANTIAGO NICOLAS,2019,identidad_confirmada_cruce_oficial,cerrado_publicable,2026-09-02,Trayectoria publicada con controles reproducibles.,12,Serie normalizada y contrafactuales incorporados; actualizar con el consolidado 2025 cuando se publique.
prov-mis-leg-kurtz-rosa-margarita,Rosa Margarita Kurtz,Legislaturas provinciales,Representante provincial,Misiones,UniÃ³n CÃ­vica Radical (UCR),ruta_provincial_por_relevar,,sin_nombre_compatible_oa_2017_2024,,,sin_registro_oa_2017_2024,freezado,2026-09-02,"Expansión pausada para priorizar profundidad analítica en las trayectorias ya publicadas. El freeze no equivale a descarte, incumplimiento ni patrimonio cero.",6,"Buscar fuente del régimen actual y documentar publicado, reservado o no localizado."
prov-mis-leg-labandoczka-analia-bibiana,Analia Bibiana Labandoczka,Legislaturas provinciales,Representante provincial,Misiones,Bloque PRO,ruta_provincial_por_relevar,,sin_nombre_compatible_oa_2017_2024,,,sin_registro_oa_2017_2024,freezado,2026-09-02,"Expansión pausada para priorizar profundidad analítica en las trayectorias ya publicadas. El freeze no equivale a descarte, incumplimiento ni patrimonio cero.",6,"Buscar fuente del régimen actual y documentar publicado, reservado o no localizado."
prov-mis-leg-lemes-waldovino-enio,Waldovino Enio Lemes,Legislaturas provinciales,Representante provincial,Misiones,Bloque Movimiento por lo que Viene,ruta_provincial_por_relevar,,sin_nombre_compatible_oa_2017_2024,,,sin_registro_oa_2017_2024,freezado,2026-09-02,"Expansión pausada para priorizar profundidad analítica en las trayectorias ya publicadas. El freeze no equivale a descarte, incumplimiento ni patrimonio cero.",6,"Buscar fuente del régimen actual y documentar publicado, reservado o no localizado."
prov-mis-leg-maca-as-sebastian-horacio,Sebastian Horacio MacÃ­as,Legislaturas provinciales,Representante provincial,Misiones,Bloque Encuentro Misionero,ruta_provincial_por_relevar,,sin_nombre_compatible_oa_2017_2024,,,sin_registro_oa_2017_2024,freezado,2026-09-02,"Expansión pausada para priorizar profundidad analítica en las trayectorias ya publicadas. El freeze no equivale a descarte, incumplimiento ni patrimonio cero.",6,"Buscar fuente del régimen actual y documentar publicado, reservado o no localizado."
prov-mis-leg-mangone-debora-solange,Debora Solange Mangone,Legislaturas provinciales,Representante provincial,Misiones,Por la Vida y los Valores,ruta_provincial_por_relevar,,sin_nombre_compatible_oa_2017_2024,,,sin_registro_oa_2017_2024,freezado,2026-09-02,"Expansión pausada para priorizar profundidad analítica en las trayectorias ya publicadas. El freeze no equivale a descarte, incumplimiento ni patrimonio cero.",6,"Buscar fuente del régimen actual y documentar publicado, reservado o no localizado."
prov-mis-leg-manzoni-osvaldo-hector,Osvaldo Hector Manzoni,Legislaturas provinciales,Representante provincial,Misiones,La Libertad Avanza (L.L.A),ruta_provincial_por_relevar,,sin_nombre_compatible_oa_2017_2024,,,sin_registro_oa_2017_2024,freezado,2026-09-02,"Expansión pausada para priorizar profundidad analítica en las trayectorias ya publicadas. El freeze no equivale a descarte, incumplimiento ni patrimonio cero.",6,"Buscar fuente del régimen actual y documentar publicado, reservado o no localizado."
prov-mis-leg-martinez-carlos-horacio,Carlos Horacio Martinez,Legislaturas provinciales,Representante provincial,Misiones,Bloque Movimiento por lo que Viene,ruta_provincial_por_relevar,,sin_nombre_compatible_oa_2017_2024,,,sin_registro_oa_2017_2024,freezado,2026-09-02,"Expansión pausada para priorizar profundidad analítica en las trayectorias ya publicadas. El freeze no equivale a descarte, incumplimiento ni patrimonio cero.",6,"Buscar fuente del régimen actual y documentar publicado, reservado o no localizado."
prov-mis-leg-mendez-ason-maria-del-carmen,Maria del Carmen Mendez Ason,Legislaturas provinciales,Representante provincial,Misiones,Bloque Movimiento por lo que Viene,ruta_provincial_por_relevar,,nombre_compatible_unico_en_oa,MENDEZ ASON MARIA DEL CARMEN,2020,identidad_confirmada_cruce_oficial,cerrado_publicable,2026-09-02,Trayectoria publicada con controles reproducibles.,12,Serie normalizada y contrafactuales incorporados; actualizar con el consolidado 2025 cuando se publique.
prov-mis-leg-nua-ez-blanca-raquel,Blanca Raquel NuÃ±ez,Legislaturas provinciales,Representante provincial,Misiones,Bloque Movimiento por lo que Viene,ruta_provincial_por_relevar,,sin_nombre_compatible_oa_2017_2024,,,sin_registro_oa_2017_2024,freezado,2026-09-02,"Expansión pausada para priorizar profundidad analítica en las trayectorias ya publicadas. El freeze no equivale a descarte, incumplimiento ni patrimonio cero.",6,"Buscar fuente del régimen actual y documentar publicado, reservado o no localizado."
prov-mis-leg-nua-ez-carlos-adrian,Carlos Adrian NuÃ±ez,Legislaturas provinciales,Representante provincial,Misiones,La Libertad Avanza (L.L.A),ruta_provincial_por_relevar,,sin_nombre_compatible_oa_2017_2024,,,sin_registro_oa_2017_2024,freezado,2026-09-02,"Expansión pausada para priorizar profundidad analítica en las trayectorias ya publicadas. El freeze no equivale a descarte, incumplimiento ni patrimonio cero.",6,"Buscar fuente del régimen actual y documentar publicado, reservado o no localizado."
prov-mis-leg-nua-ez-miguel-orlando,Miguel Orlando NuÃ±ez,Legislaturas provinciales,Representante provincial,Misiones,Algo Nuevo por los Trabajadores,ruta_provincial_por_relevar,,sin_nombre_compatible_oa_2017_2024,,,sin_registro_oa_2017_2024,freezado,2026-09-02,"Expansión pausada para priorizar profundidad analítica en las trayectorias ya publicadas. El freeze no equivale a descarte, incumplimiento ni patrimonio cero.",6,"Buscar fuente del régimen actual y documentar publicado, reservado o no localizado."
prov-mis-leg-pastori-jose-luis,Jose Luis Pastori,Legislaturas provinciales,Representante provincial,Misiones,Bloque Movimiento por lo que Viene,ruta_provincial_por_relevar,,sin_nombre_compatible_oa_2017_2024,,,sin_registro_oa_2017_2024,freezado,2026-09-02,"Expansión pausada para priorizar profundidad analítica en las trayectorias ya publicadas. El freeze no equivale a descarte, incumplimiento ni patrimonio cero.",6,"Buscar fuente del régimen actual y documentar publicado, reservado o no localizado."
prov-mis-leg-rios-walter-roque,Walter Roque Rios,Legislaturas provinciales,Representante provincial,Misiones,Por la Vida y los Valores,ruta_provincial_por_relevar,,sin_nombre_compatible_oa_2017_2024,,,sin_registro_oa_2017_2024,freezado,2026-09-02,"Expansión pausada para priorizar profundidad analítica en las trayectorias ya publicadas. El freeze no equivale a descarte, incumplimiento ni patrimonio cero.",6,"Buscar fuente del régimen actual y documentar publicado, reservado o no localizado."
prov-mis-leg-rodriguez-juan-manuel,Juan Manuel Rodriguez,Legislaturas provinciales,Representante provincial,Misiones,Bloque Movimiento por lo que Viene,ruta_provincial_por_relevar,,nombre_compatible_unico_en_oa,RODRIGUEZ JUAN MANUEL,2017|2018|2019|2020|2021|2022|2023|2024,sin_registro_oa_2017_2024_identidad_desambiguada,freezado,2026-09-02,"Expansión pausada para priorizar profundidad analítica en las trayectorias ya publicadas. El freeze no equivale a descarte, incumplimiento ni patrimonio cero.",16,La identidad oficial descarta todas las claves OA nominales recuperadas; buscar la DDJJ del régimen actual sin atribuir cifras de homónimos. La lista oficializada del Tribunal Electoral de Misiones publica el documento del candidato electo Juan Manuel Rodríguez. El cotejo reservado no coincide con ninguna de las tres claves OA homónimas.
prov-mis-leg-rovira-carlos-eduardo,Carlos Eduardo Rovira,Legislaturas provinciales,Representante provincial,Misiones,,ruta_provincial_por_relevar,,sin_nombre_compatible_oa_2017_2024,,,sin_registro_oa_2017_2024,freezado,2026-09-02,"Expansión pausada para priorizar profundidad analítica en las trayectorias ya publicadas. El freeze no equivale a descarte, incumplimiento ni patrimonio cero.",6,"Buscar fuente del régimen actual y documentar publicado, reservado o no localizado."
prov-mis-leg-schierse-maria-heidy,Maria Heidy Schierse,Legislaturas provinciales,Representante provincial,Misiones,Bloque Encuentro Misionero,ruta_provincial_por_relevar,,sin_nombre_compatible_oa_2017_2024,,,sin_registro_oa_2017_2024,freezado,2026-09-02,"Expansión pausada para priorizar profundidad analítica en las trayectorias ya publicadas. El freeze no equivale a descarte, incumplimiento ni patrimonio cero.",6,"Buscar fuente del régimen actual y documentar publicado, reservado o no localizado."
prov-mis-leg-soboczinski-roque,Roque Soboczinski,Legislaturas provinciales,Representante provincial,Misiones,Bloque Movimiento por lo que Viene,ruta_provincial_por_relevar,,sin_nombre_compatible_oa_2017_2024,,,sin_registro_oa_2017_2024,freezado,2026-09-02,"Expansión pausada para priorizar profundidad analítica en las trayectorias ya publicadas. El freeze no equivale a descarte, incumplimiento ni patrimonio cero.",6,"Buscar fuente del régimen actual y documentar publicado, reservado o no localizado."
prov-mis-leg-soler-arabela-azul-maria,Arabela Azul Maria Soler,Legislaturas provinciales,Representante provincial,Misiones,Bloque Movimiento por lo que Viene,ruta_provincial_por_relevar,,sin_nombre_compatible_oa_2017_2024,,,sin_registro_oa_2017_2024,freezado,2026-09-02,"Expansión pausada para priorizar profundidad analítica en las trayectorias ya publicadas. El freeze no equivale a descarte, incumplimiento ni patrimonio cero.",6,"Buscar fuente del régimen actual y documentar publicado, reservado o no localizado."
prov-mis-leg-stekler-barbara-samantha,Barbara Samantha Stekler,Legislaturas provinciales,Representante provincial,Misiones,La Libertad Avanza (L.L.A),ruta_provincial_por_relevar,,nombre_compatible_unico_en_oa,STEKLER BARBARA SAMANTHA,2024,identidad_confirmada_cruce_oficial,cerrado_publicable,2026-09-02,Trayectoria publicada con controles reproducibles.,12,Serie normalizada y contrafactuales incorporados; actualizar con el consolidado 2025 cuando se publique.
prov-mis-leg-szychowski-juan-jose,Juan Jose Szychowski,Legislaturas provinciales,Representante provincial,Misiones,Bloque Movimiento por lo que Viene,ruta_provincial_por_relevar,,sin_nombre_compatible_oa_2017_2024,,,sin_registro_oa_2017_2024,freezado,2026-09-02,"Expansión pausada para priorizar profundidad analítica en las trayectorias ya publicadas. El freeze no equivale a descarte, incumplimiento ni patrimonio cero.",6,"Buscar fuente del régimen actual y documentar publicado, reservado o no localizado."
prov-mis-leg-tartaglino-lilian-catalina,Lilian Catalina Tartaglino,Legislaturas provinciales,Representante provincial,Misiones,Bloque Encuentro Misionero,ruta_provincial_por_relevar,,sin_nombre_compatible_oa_2017_2024,,,sin_registro_oa_2017_2024,freezado,2026-09-02,"Expansión pausada para priorizar profundidad analítica en las trayectorias ya publicadas. El freeze no equivale a descarte, incumplimiento ni patrimonio cero.",6,"Buscar fuente del régimen actual y documentar publicado, reservado o no localizado."
prov-mis-leg-zalesak-alicia-beatriz,Alicia Beatriz Zalesak,Legislaturas provinciales,Representante provincial,Misiones,Bloque Movimiento por lo que Viene,ruta_provincial_por_relevar,,sin_nombre_compatible_oa_2017_2024,,,sin_registro_oa_2017_2024,freezado,2026-09-02,"Expansión pausada para priorizar profundidad analítica en las trayectorias ya publicadas. El freeze no equivale a descarte, incumplimiento ni patrimonio cero.",6,"Buscar fuente del régimen actual y documentar publicado, reservado o no localizado."
