persona_id,persona,anio,tipo_ddjj,rectificativa,dj_id,periodo_controlado,bienes_resumen_ars,bienes_detalle_ars,bienes_ratio_resumen_detalle,bienes_estado,deudas_resumen_ars,deudas_detalle_ars,deudas_ratio_resumen_detalle,deudas_estado,calidad_fuente,fuente_url
dip-aguirre-hilda,Hilda Aguirre,2022,Anual,0,676924,cierre,8897764.81,8897764.81,1.0,concilia,10055190.0,1005519.0,10.0,resumen_10x_detalle,quiebre_escala_decimal,https://datos.jus.gob.ar/dataset/declaraciones-juradas-patrimoniales-integrales
dip-aguirre-hilda,Hilda Aguirre,2023,Anual,0,826768,cierre,247704800.0,24770480.0,10.0,resumen_10x_detalle,421815.2,421815.2,1.0,concilia,quiebre_escala_decimal,https://datos.jus.gob.ar/dataset/declaraciones-juradas-patrimoniales-integrales
dip-aguirre-hilda,Hilda Aguirre,2024,Anual,0,826916,cierre,459773790.0,45977379.0,10.0,resumen_10x_detalle,0.0,0.0,,concilia_cero,quiebre_escala_decimal,https://datos.jus.gob.ar/dataset/declaraciones-juradas-patrimoniales-integrales
dip-ajmechet-sabrina,Sabrina Ajmechet,2022,Anual,0,672844,cierre,22094136.95,22094136.95,1.0,concilia,0.0,0.0,,concilia_cero,concilia,https://datos.jus.gob.ar/dataset/declaraciones-juradas-patrimoniales-integrales
dip-ajmechet-sabrina,Sabrina Ajmechet,2023,Anual,0,742424,cierre,78432747.35,78432747.35,1.0,concilia,3567420.23,3567420.23,1.0,concilia,concilia,https://datos.jus.gob.ar/dataset/declaraciones-juradas-patrimoniales-integrales
dip-ajmechet-sabrina,Sabrina Ajmechet,2024,Anual,0,792365,cierre,150224669.49,150224669.49,1.0,concilia,8461698.36,0.0,,detalle_ausente,detalle_ausente_o_cero,https://datos.jus.gob.ar/dataset/declaraciones-juradas-patrimoniales-integrales
dip-alvarez-claudio,Claudio Álvarez,2023,Inicial,0,677352,inicio,295334400.0,29533440.0,10.0,resumen_10x_detalle,0.0,0.0,,concilia_cero,quiebre_escala_decimal,https://datos.jus.gob.ar/dataset/declaraciones-juradas-patrimoniales-integrales
dip-ansaloni-pablo,Pablo Ansaloni,2022,Anual,0,677377,cierre,31917309.09,31917309.09,1.0,concilia,0.0,0.0,,concilia_cero,concilia,https://datos.jus.gob.ar/dataset/declaraciones-juradas-patrimoniales-integrales
dip-ansaloni-pablo,Pablo Ansaloni,2023,Anual,0,753464,cierre,91632892.68,91632892.68,1.0,concilia,5380000.0,538000.0,10.0,resumen_10x_detalle,quiebre_escala_decimal,https://datos.jus.gob.ar/dataset/declaraciones-juradas-patrimoniales-integrales
dip-arabia-damian,Damián Arabia,2022,Anual,0,676899,cierre,503039450.0,50303945.0,10.0,resumen_10x_detalle,7140000.0,714000.0,10.0,resumen_10x_detalle,quiebre_escala_decimal,https://datos.jus.gob.ar/dataset/declaraciones-juradas-patrimoniales-integrales
dip-arabia-damian,Damián Arabia,2023,Anual,0,744365,cierre,1405773000.0,140577300.0,10.0,resumen_10x_detalle,2520000.0,252000.0,10.0,resumen_10x_detalle,quiebre_escala_decimal,https://datos.jus.gob.ar/dataset/declaraciones-juradas-patrimoniales-integrales
dip-arabia-damian,Damián Arabia,2024,Anual,0,795430,cierre,206455482.86,206455482.86,1.0,concilia,0.0,0.0,,concilia_cero,concilia,https://datos.jus.gob.ar/dataset/declaraciones-juradas-patrimoniales-integrales
dip-araujo-hernandez-jorge-neri,Jorge Neri Araujo Hernández,2023,Inicial,0,687657,inicio,550000000.0,55000000.0,10.0,resumen_10x_detalle,0.0,0.0,,concilia_cero,quiebre_escala_decimal,https://datos.jus.gob.ar/dataset/declaraciones-juradas-patrimoniales-integrales
dip-ardohain-martin,Martín Ardohain,2022,Anual,0,676933,cierre,12527456.72,12527456.72,1.0,concilia,0.0,0.0,,concilia_cero,concilia,https://datos.jus.gob.ar/dataset/declaraciones-juradas-patrimoniales-integrales
dip-ardohain-martin,Martín Ardohain,2023,Inicial,0,685111,inicio,47711370.0,4771137.0,10.0,resumen_10x_detalle,0.0,0.0,,concilia_cero,quiebre_escala_decimal,https://datos.jus.gob.ar/dataset/declaraciones-juradas-patrimoniales-integrales
dip-ardohain-martin,Martín Ardohain,2024,Anual,0,783363,cierre,45978632.14,45978632.14,1.0,concilia,0.0,0.0,,concilia_cero,concilia,https://datos.jus.gob.ar/dataset/declaraciones-juradas-patrimoniales-integrales
dip-aveiro-martin,Martín Aveiro,2022,Anual,0,677349,cierre,12162711.53,12162711.53,1.0,concilia,8420000.0,842000.0,10.0,resumen_10x_detalle,quiebre_escala_decimal,https://datos.jus.gob.ar/dataset/declaraciones-juradas-patrimoniales-integrales
dip-aveiro-martin,Martín Aveiro,2023,Inicial,0,688076,inicio,708699980.0,70869998.0,10.0,resumen_10x_detalle,0.0,14029100.0,0.0,no_concilia_otro,quiebre_escala_decimal,https://datos.jus.gob.ar/dataset/declaraciones-juradas-patrimoniales-integrales
dip-aveiro-martin,Martín Aveiro,2024,Anual,0,812638,cierre,106868987.32,106868987.32,1.0,concilia,233909460.0,0.0,,detalle_ausente,detalle_ausente_o_cero,https://datos.jus.gob.ar/dataset/declaraciones-juradas-patrimoniales-integrales
dip-basterra-luis-eugenio,Luis Eugenio Basterra,2022,Anual,0,628389,cierre,11374252.04,11374252.04,1.0,concilia,0.0,0.0,,concilia_cero,concilia,https://datos.jus.gob.ar/dataset/declaraciones-juradas-patrimoniales-integrales
dip-basterra-luis-eugenio,Luis Eugenio Basterra,2023,Anual,0,706963,cierre,41338636.4,41338636.4,1.0,concilia,0.0,0.0,,concilia_cero,concilia,https://datos.jus.gob.ar/dataset/declaraciones-juradas-patrimoniales-integrales
dip-basterra-luis-eugenio,Luis Eugenio Basterra,2024,Anual,0,786928,cierre,80861718.35,80861718.35,1.0,concilia,0.0,0.0,,concilia_cero,concilia,https://datos.jus.gob.ar/dataset/declaraciones-juradas-patrimoniales-integrales
dip-benedit-beltran,Beltrán Benedit,2023,Anual,0,723489,cierre,326093750.0,32609375.0,10.0,resumen_10x_detalle,0.0,0.0,,concilia_cero,quiebre_escala_decimal,https://datos.jus.gob.ar/dataset/declaraciones-juradas-patrimoniales-integrales
dip-benedit-beltran,Beltrán Benedit,2024,Anual,0,804639,cierre,430951520.0,43095152.0,10.0,resumen_10x_detalle,0.0,0.0,,concilia_cero,quiebre_escala_decimal,https://datos.jus.gob.ar/dataset/declaraciones-juradas-patrimoniales-integrales
dip-bonacci-rocio,Rocío Bonacci,2022,Anual,0,677504,cierre,0.0,0.0,,concilia_cero,0.0,0.0,,concilia_cero,concilia,https://datos.jus.gob.ar/dataset/declaraciones-juradas-patrimoniales-integrales
dip-bonacci-rocio,Rocío Bonacci,2023,Inicial,0,686918,inicio,0.0,0.0,,concilia_cero,0.0,0.0,,concilia_cero,concilia,https://datos.jus.gob.ar/dataset/declaraciones-juradas-patrimoniales-integrales
dip-bonacci-rocio,Rocío Bonacci,2024,Anual,0,826621,cierre,124930099.42,124930099.42,1.0,concilia,0.0,0.0,,concilia_cero,concilia,https://datos.jus.gob.ar/dataset/declaraciones-juradas-patrimoniales-integrales
dip-bongiovanni-alejandro,Alejandro Bongiovanni,2022,Inicial,0,677664,inicio,0.0,0.0,,concilia_cero,0.0,0.0,,concilia_cero,concilia,https://datos.jus.gob.ar/dataset/declaraciones-juradas-patrimoniales-integrales
dip-bongiovanni-alejandro,Alejandro Bongiovanni,2023,Anual,1,800114,cierre,1628606.59,1628606.59,1.0,concilia,0.0,0.0,,concilia_cero,concilia,https://datos.jus.gob.ar/dataset/declaraciones-juradas-patrimoniales-integrales
dip-bongiovanni-alejandro,Alejandro Bongiovanni,2024,Anual,1,802146,cierre,23895873.88,23895873.88,1.0,concilia,240031.48,0.0,,detalle_ausente,detalle_ausente_o_cero,https://datos.jus.gob.ar/dataset/declaraciones-juradas-patrimoniales-integrales
dip-bordet-gustavo,Gustavo Bordet,2023,Anual,0,717713,cierre,202780443.21,202780443.21,1.0,concilia,1035984.64,1035984.64,1.0,concilia,concilia,https://datos.jus.gob.ar/dataset/declaraciones-juradas-patrimoniales-integrales
dip-bordet-gustavo,Gustavo Bordet,2024,Anual,0,817859,cierre,395809334.04,395809334.04,1.0,concilia,222387.78,0.0,,detalle_ausente,detalle_ausente_o_cero,https://datos.jus.gob.ar/dataset/declaraciones-juradas-patrimoniales-integrales
dip-borgatta-alejandrina,Alejandrina Borgatta,2024,Anual,0,822269,cierre,303093000.0,30309300.0,10.0,resumen_10x_detalle,0.0,0.0,,concilia_cero,quiebre_escala_decimal,https://datos.jus.gob.ar/dataset/declaraciones-juradas-patrimoniales-integrales
dip-bornoroni-gabriel,Gabriel Bornoroni,2022,Anual,1,683230,cierre,79457938.13,79457938.13,1.0,concilia,23327081.19,23327081.19,1.0,concilia,concilia,https://datos.jus.gob.ar/dataset/declaraciones-juradas-patrimoniales-integrales
dip-bornoroni-gabriel,Gabriel Bornoroni,2023,Anual,0,732721,cierre,2907665950.0,290766595.0,10.0,resumen_10x_detalle,19843751.67,19843751.67,1.0,concilia,quiebre_escala_decimal,https://datos.jus.gob.ar/dataset/declaraciones-juradas-patrimoniales-integrales
dip-bornoroni-gabriel,Gabriel Bornoroni,2024,Anual,0,784811,cierre,504784358.67,504784358.67,1.0,concilia,65330311.83,65330311.83,1.0,concilia,concilia,https://datos.jus.gob.ar/dataset/declaraciones-juradas-patrimoniales-integrales
dip-bregman-myriam,Myriam Bregman,2022,Anual,2,668022,cierre,887739.28,887739.28,1.0,concilia,0.0,0.0,,concilia_cero,concilia,https://datos.jus.gob.ar/dataset/declaraciones-juradas-patrimoniales-integrales
dip-bregman-myriam,Myriam Bregman,2024,Anual,0,821031,cierre,3324896.81,3324896.81,1.0,concilia,0.0,0.0,,concilia_cero,concilia,https://datos.jus.gob.ar/dataset/declaraciones-juradas-patrimoniales-integrales
dip-brugge-juan-fernando,Juan Fernando Brügge,2022,Anual,0,676057,cierre,23435492.05,23435492.05,1.0,concilia,7901765.97,7901765.98,1.0,concilia,concilia,https://datos.jus.gob.ar/dataset/declaraciones-juradas-patrimoniales-integrales
dip-brugge-juan-fernando,Juan Fernando Brügge,2023,Anual,0,710748,cierre,56802358.11,56802358.11,1.0,concilia,17009574.76,17009574.76,1.0,concilia,concilia,https://datos.jus.gob.ar/dataset/declaraciones-juradas-patrimoniales-integrales
dip-brugge-juan-fernando,Juan Fernando Brügge,2024,Anual,1,824821,cierre,104030846.68,104030846.68,1.0,concilia,237245610.0,0.0,,detalle_ausente,detalle_ausente_o_cero,https://datos.jus.gob.ar/dataset/declaraciones-juradas-patrimoniales-integrales
dip-cafiero-santiago,Santiago Cafiero,2022,Anual,0,655028,cierre,15449899.22,15449899.22,1.0,concilia,407880.06,407880.06,1.0,concilia,concilia,https://datos.jus.gob.ar/dataset/declaraciones-juradas-patrimoniales-integrales
dip-cafiero-santiago,Santiago Cafiero,2023,Anual,1,747348,cierre,57675643.23,57675643.23,1.0,concilia,0.0,0.0,,concilia_cero,concilia,https://datos.jus.gob.ar/dataset/declaraciones-juradas-patrimoniales-integrales
dip-cafiero-santiago,Santiago Cafiero,2024,Anual,0,806605,cierre,110974631.12,110974631.12,1.0,concilia,0.0,0.0,,concilia_cero,concilia,https://datos.jus.gob.ar/dataset/declaraciones-juradas-patrimoniales-integrales
dip-campero-mariano,Mariano Campero,2022,Anual,0,688123,cierre,58251740.0,5825174.0,10.0,resumen_10x_detalle,77336.72,77336.72,1.0,concilia,quiebre_escala_decimal,https://datos.jus.gob.ar/dataset/declaraciones-juradas-patrimoniales-integrales
dip-campero-mariano,Mariano Campero,2023,Anual,0,753115,cierre,21435414.59,21435414.59,1.0,concilia,363262.69,363262.69,1.0,concilia,concilia,https://datos.jus.gob.ar/dataset/declaraciones-juradas-patrimoniales-integrales
dip-campero-mariano,Mariano Campero,2024,Anual,0,771502,cierre,538909960.0,53890996.0,10.0,resumen_10x_detalle,0.0,0.0,,concilia_cero,quiebre_escala_decimal,https://datos.jus.gob.ar/dataset/declaraciones-juradas-patrimoniales-integrales
dip-campitelli-celia,Celia Campitelli,2023,Anual,0,714775,cierre,232799320.0,23279932.0,10.0,resumen_10x_detalle,0.0,0.0,,concilia_cero,quiebre_escala_decimal,https://datos.jus.gob.ar/dataset/declaraciones-juradas-patrimoniales-integrales
dip-campitelli-celia,Celia Campitelli,2024,Anual,0,781783,cierre,71771615.51,71771615.51,1.0,concilia,0.0,0.0,,concilia_cero,concilia,https://datos.jus.gob.ar/dataset/declaraciones-juradas-patrimoniales-integrales
dip-castagneto-carlos-daniel,Carlos Daniel Castagneto,2022,Anual,0,626248,cierre,74482908.92,74482908.92,1.0,concilia,0.0,0.0,,concilia_cero,concilia,https://datos.jus.gob.ar/dataset/declaraciones-juradas-patrimoniales-integrales
dip-castagneto-carlos-daniel,Carlos Daniel Castagneto,2023,Anual,0,717740,cierre,298695593.04,298695593.04,1.0,concilia,0.0,0.0,,concilia_cero,concilia,https://datos.jus.gob.ar/dataset/declaraciones-juradas-patrimoniales-integrales
dip-castagneto-carlos-daniel,Carlos Daniel Castagneto,2024,Anual,0,777199,cierre,447882984.88,447882984.88,1.0,concilia,0.0,0.0,,concilia_cero,concilia,https://datos.jus.gob.ar/dataset/declaraciones-juradas-patrimoniales-integrales
dip-cisneros-carlos,Carlos Cisneros,2022,Anual,0,652604,cierre,125937964.25,125937964.25,1.0,concilia,200210000.0,20021000.0,10.0,resumen_10x_detalle,quiebre_escala_decimal,https://datos.jus.gob.ar/dataset/declaraciones-juradas-patrimoniales-integrales
dip-cisneros-carlos,Carlos Cisneros,2023,Anual,0,739939,cierre,176331397.48,176331397.48,1.0,concilia,800000.0,80000.0,10.0,resumen_10x_detalle,quiebre_escala_decimal,https://datos.jus.gob.ar/dataset/declaraciones-juradas-patrimoniales-integrales
dip-cisneros-carlos,Carlos Cisneros,2024,Anual,0,805694,cierre,465711724.16,465711724.16,1.0,concilia,5379680.0,0.0,,detalle_ausente,detalle_ausente_o_cero,https://datos.jus.gob.ar/dataset/declaraciones-juradas-patrimoniales-integrales
dip-correa-llano-facundo,Facundo Correa Llano,2022,Anual,0,687510,cierre,7412277.39,7412277.39,1.0,concilia,1854928.78,1854928.78,1.0,concilia,concilia,https://datos.jus.gob.ar/dataset/declaraciones-juradas-patrimoniales-integrales
dip-correa-llano-facundo,Facundo Correa Llano,2023,Anual,0,734662,cierre,12959378.41,12959378.41,1.0,concilia,14191545.26,14191545.26,1.0,concilia,concilia,https://datos.jus.gob.ar/dataset/declaraciones-juradas-patrimoniales-integrales
dip-correa-llano-facundo,Facundo Correa Llano,2024,Anual,0,789410,cierre,166580777.68,166580777.68,1.0,concilia,5628503.3,0.0,,detalle_ausente,detalle_ausente_o_cero,https://datos.jus.gob.ar/dataset/declaraciones-juradas-patrimoniales-integrales
dip-daives-ricardo,Ricardo Daives,2022,Anual,0,645578,cierre,12896392.56,12896392.56,1.0,concilia,0.0,0.0,,concilia_cero,concilia,https://datos.jus.gob.ar/dataset/declaraciones-juradas-patrimoniales-integrales
dip-daives-ricardo,Ricardo Daives,2023,Anual,0,709566,cierre,46081387.5,46081387.5,1.0,concilia,0.0,0.0,,concilia_cero,concilia,https://datos.jus.gob.ar/dataset/declaraciones-juradas-patrimoniales-integrales
dip-daives-ricardo,Ricardo Daives,2024,Anual,0,792791,cierre,113925603.47,113925603.47,1.0,concilia,0.0,0.0,,concilia_cero,concilia,https://datos.jus.gob.ar/dataset/declaraciones-juradas-patrimoniales-integrales
dip-de-andreis-fernando,Fernando de Andreis,2024,Anual,0,826811,cierre,2144695973.8,2144695973.8,1.0,concilia,42993338.48,0.0,,detalle_ausente,detalle_ausente_o_cero,https://datos.jus.gob.ar/dataset/declaraciones-juradas-patrimoniales-integrales
dip-de-la-sota-natalia,Natalia de la Sota,2022,Anual,0,631912,cierre,121809838.54,121809838.54,1.0,concilia,3533498.33,3533498.33,1.0,concilia,concilia,https://datos.jus.gob.ar/dataset/declaraciones-juradas-patrimoniales-integrales
dip-de-la-sota-natalia,Natalia de la Sota,2023,Anual,0,708656,cierre,535151479.71,535151479.71,1.0,concilia,8193537.32,8193537.32,1.0,concilia,concilia,https://datos.jus.gob.ar/dataset/declaraciones-juradas-patrimoniales-integrales
dip-de-la-sota-natalia,Natalia de la Sota,2024,Anual,0,800434,cierre,716427375.69,716427375.69,1.0,concilia,7923319.5,0.0,,detalle_ausente,detalle_ausente_o_cero,https://datos.jus.gob.ar/dataset/declaraciones-juradas-patrimoniales-integrales
dip-de-sensi-maria-florencia,María Florencia De Sensi,2023,Anual,0,737789,cierre,62756281.26,62756281.26,1.0,concilia,0.0,0.0,,concilia_cero,concilia,https://datos.jus.gob.ar/dataset/declaraciones-juradas-patrimoniales-integrales
dip-de-sensi-maria-florencia,María Florencia De Sensi,2024,Anual,0,801105,cierre,65475489.55,65475489.55,1.0,concilia,12975621.48,0.0,,detalle_ausente,detalle_ausente_o_cero,https://datos.jus.gob.ar/dataset/declaraciones-juradas-patrimoniales-integrales
dip-del-cano-nicolas,Nicolás del Caño,2022,Anual,2,667840,cierre,2486113.15,2486113.15,1.0,concilia,0.0,0.0,,concilia_cero,concilia,https://datos.jus.gob.ar/dataset/declaraciones-juradas-patrimoniales-integrales
dip-del-cano-nicolas,Nicolás del Caño,2023,Anual,0,741184,cierre,5525909.96,5525909.96,1.0,concilia,0.0,0.0,,concilia_cero,concilia,https://datos.jus.gob.ar/dataset/declaraciones-juradas-patrimoniales-integrales
dip-del-cano-nicolas,Nicolás del Caño,2024,Anual,0,811919,cierre,5874188.09,5874188.09,1.0,concilia,0.0,0.0,,concilia_cero,concilia,https://datos.jus.gob.ar/dataset/declaraciones-juradas-patrimoniales-integrales
dip-del-pla-romina,Romina Del Plá,2023,Baja,0,700411,cierre,6434480.92,6434480.92,1.0,concilia,0.0,0.0,,concilia_cero,concilia,https://datos.jus.gob.ar/dataset/declaraciones-juradas-patrimoniales-integrales
dip-del-pla-romina,Romina Del Plá,2024,Anual,0,820747,cierre,599620000.0,59962000.0,10.0,resumen_10x_detalle,0.0,0.0,,concilia_cero,quiebre_escala_decimal,https://datos.jus.gob.ar/dataset/declaraciones-juradas-patrimoniales-integrales
dip-diaz-fernanda,Fernanda Díaz,2024,Anual,0,824504,cierre,14883620.49,14883620.49,1.0,concilia,16213507.5,0.0,,detalle_ausente,detalle_ausente_o_cero,https://datos.jus.gob.ar/dataset/declaraciones-juradas-patrimoniales-integrales
dip-emma-nicolas,Nicolás Emma,2023,Anual,0,743881,cierre,4884281.82,4884281.82,1.0,concilia,2018329.44,2018329.44,1.0,concilia,concilia,https://datos.jus.gob.ar/dataset/declaraciones-juradas-patrimoniales-integrales
dip-emma-nicolas,Nicolás Emma,2024,Anual,0,784464,cierre,36333890.74,36333890.74,1.0,concilia,245000000.0,24500000.0,10.0,resumen_10x_detalle,quiebre_escala_decimal,https://datos.jus.gob.ar/dataset/declaraciones-juradas-patrimoniales-integrales
dip-estevez-gabriela-beatriz,Gabriela Beatriz Estévez,2022,Anual,0,661294,cierre,4207867.65,4207867.65,1.0,concilia,5020000.0,502000.0,10.0,resumen_10x_detalle,quiebre_escala_decimal,https://datos.jus.gob.ar/dataset/declaraciones-juradas-patrimoniales-integrales
dip-estevez-gabriela-beatriz,Gabriela Beatriz Estévez,2023,Anual,0,718182,cierre,314262300.0,31426230.0,10.0,resumen_10x_detalle,2940000.0,294000.0,10.0,resumen_10x_detalle,quiebre_escala_decimal,https://datos.jus.gob.ar/dataset/declaraciones-juradas-patrimoniales-integrales
dip-estevez-gabriela-beatriz,Gabriela Beatriz Estévez,2024,Anual,0,805974,cierre,398423100.0,39842310.0,10.0,resumen_10x_detalle,18476349.42,0.0,,detalle_ausente,quiebre_escala_decimal,https://datos.jus.gob.ar/dataset/declaraciones-juradas-patrimoniales-integrales
dip-fargosi-alejandro,Alejandro Fargosi,2024,Anual,0,823124,cierre,347467502.61,347467502.61,1.0,concilia,58171888.22,0.0,,detalle_ausente,detalle_ausente_o_cero,https://datos.jus.gob.ar/dataset/declaraciones-juradas-patrimoniales-integrales
dip-farias-pablo,Pablo Farías,2024,Anual,0,828387,cierre,68312135.72,68312135.72,1.0,concilia,84010000.0,0.0,,detalle_ausente,detalle_ausente_o_cero,https://datos.jus.gob.ar/dataset/declaraciones-juradas-patrimoniales-integrales
dip-fernandez-elia-marina,Elia Marina Fernández,2023,Anual,0,708388,cierre,56674030.91,56674030.91,1.0,concilia,0.0,0.0,,concilia_cero,concilia,https://datos.jus.gob.ar/dataset/declaraciones-juradas-patrimoniales-integrales
dip-fernandez-elia-marina,Elia Marina Fernández,2024,Anual,0,787296,cierre,107477936.63,107477936.63,1.0,concilia,14220967.26,14220967.26,1.0,concilia,concilia,https://datos.jus.gob.ar/dataset/declaraciones-juradas-patrimoniales-integrales
dip-fernandez-molero-daiana,Daiana Fernández Molero,2022,Anual,0,677138,cierre,11656328.8,11656328.8,1.0,concilia,0.0,0.0,,concilia_cero,concilia,https://datos.jus.gob.ar/dataset/declaraciones-juradas-patrimoniales-integrales
dip-fernandez-molero-daiana,Daiana Fernández Molero,2023,Anual,0,728451,cierre,108928656.84,108928656.84,1.0,concilia,0.0,0.0,,concilia_cero,concilia,https://datos.jus.gob.ar/dataset/declaraciones-juradas-patrimoniales-integrales
dip-fernandez-molero-daiana,Daiana Fernández Molero,2024,Anual,0,803118,cierre,146063942.45,146063942.45,1.0,concilia,0.0,0.0,,concilia_cero,concilia,https://datos.jus.gob.ar/dataset/declaraciones-juradas-patrimoniales-integrales
dip-ferraro-maximiliano,Maximiliano Ferraro,2022,Anual,0,659066,cierre,2596945.78,2596945.78,1.0,concilia,232317.07,232317.07,1.0,concilia,concilia,https://datos.jus.gob.ar/dataset/declaraciones-juradas-patrimoniales-integrales
dip-ferraro-maximiliano,Maximiliano Ferraro,2023,Anual,0,740076,cierre,5942925.69,5942925.69,1.0,concilia,926002.1,926002.1,1.0,concilia,concilia,https://datos.jus.gob.ar/dataset/declaraciones-juradas-patrimoniales-integrales
dip-ferraro-maximiliano,Maximiliano Ferraro,2024,Anual,0,812591,cierre,12538985.92,12538985.92,1.0,concilia,2264584.62,0.0,,detalle_ausente,detalle_ausente_o_cero,https://datos.jus.gob.ar/dataset/declaraciones-juradas-patrimoniales-integrales
dip-finocchiaro-alejandro,Alejandro Finocchiaro,2022,Anual,1,667170,cierre,86880872.18,86880872.18,1.0,concilia,3407500.0,340750.0,10.0,resumen_10x_detalle,quiebre_escala_decimal,https://datos.jus.gob.ar/dataset/declaraciones-juradas-patrimoniales-integrales
dip-finocchiaro-alejandro,Alejandro Finocchiaro,2023,Anual,0,733772,cierre,138076741.04,138076741.04,1.0,concilia,1978070.0,197807.0,10.0,resumen_10x_detalle,quiebre_escala_decimal,https://datos.jus.gob.ar/dataset/declaraciones-juradas-patrimoniales-integrales
dip-finocchiaro-alejandro,Alejandro Finocchiaro,2024,Anual,0,787036,cierre,277791960.4,277791960.4,1.0,concilia,0.0,0.0,,concilia_cero,concilia,https://datos.jus.gob.ar/dataset/declaraciones-juradas-patrimoniales-integrales
dip-frade-monica,Mónica Frade,2022,Anual,0,643954,cierre,10033115.72,10033115.72,1.0,concilia,0.0,0.0,,concilia_cero,concilia,https://datos.jus.gob.ar/dataset/declaraciones-juradas-patrimoniales-integrales
dip-frade-monica,Mónica Frade,2023,Anual,0,707715,cierre,55556746.7,55556746.7,1.0,concilia,0.0,0.0,,concilia_cero,concilia,https://datos.jus.gob.ar/dataset/declaraciones-juradas-patrimoniales-integrales
dip-frade-monica,Mónica Frade,2024,Anual,0,797853,cierre,87585548.96,87585548.96,1.0,concilia,0.0,0.0,,concilia_cero,concilia,https://datos.jus.gob.ar/dataset/declaraciones-juradas-patrimoniales-integrales
dip-freites-andrea,Andrea Freites,2023,Anual,0,753307,cierre,30781370.36,30781370.36,1.0,concilia,8233089.19,8233089.19,1.0,concilia,concilia,https://datos.jus.gob.ar/dataset/declaraciones-juradas-patrimoniales-integrales
dip-frias-maira,Maira Frias,2024,Anual,0,791382,cierre,81121970.0,8112197.0,10.0,resumen_10x_detalle,0.0,0.0,,concilia_cero,quiebre_escala_decimal,https://datos.jus.gob.ar/dataset/declaraciones-juradas-patrimoniales-integrales
dip-galmarini-sebastian,Sebastián Galmarini,2024,Anual,0,824600,cierre,467294286.86,467294286.86,1.0,concilia,0.0,0.0,,concilia_cero,concilia,https://datos.jus.gob.ar/dataset/declaraciones-juradas-patrimoniales-integrales
dip-garcia-carlos,Carlos García,2022,Inicial,0,677635,inicio,42306000.0,4230600.0,10.0,resumen_10x_detalle,0.0,0.0,,concilia_cero,quiebre_escala_decimal,https://datos.jus.gob.ar/dataset/declaraciones-juradas-patrimoniales-integrales
dip-garcia-carlos,Carlos García,2024,Inicial,0,690570,inicio,42306000.0,4230600.0,10.0,resumen_10x_detalle,0.0,0.0,,concilia_cero,quiebre_escala_decimal,https://datos.jus.gob.ar/dataset/declaraciones-juradas-patrimoniales-integrales
dip-garcia-alvaro,Álvaro García,2022,Baja,0,604731,cierre,152099010.3,152099010.3,1.0,concilia,1500000.0,150000.0,10.0,resumen_10x_detalle,quiebre_escala_decimal,https://datos.jus.gob.ar/dataset/declaraciones-juradas-patrimoniales-integrales
dip-garcia-aresca-ignacio,Ignacio García Aresca,2022,Anual,0,663765,cierre,110817646.39,110817646.39,1.0,concilia,40000000.0,4000000.0,10.0,resumen_10x_detalle,quiebre_escala_decimal,https://datos.jus.gob.ar/dataset/declaraciones-juradas-patrimoniales-integrales
dip-garcia-aresca-ignacio,Ignacio García Aresca,2023,Anual,0,729773,cierre,355440581.61,355440581.61,1.0,concilia,25000000.0,2500000.0,10.0,resumen_10x_detalle,quiebre_escala_decimal,https://datos.jus.gob.ar/dataset/declaraciones-juradas-patrimoniales-integrales
dip-garrido-jose-luis,José Luis Garrido,2023,Inicial,0,687973,inicio,106121691.81,106121691.81,1.0,concilia,0.0,5696510.97,0.0,no_concilia_otro,inconsistencia_otro,https://datos.jus.gob.ar/dataset/declaraciones-juradas-patrimoniales-integrales
dip-garrido-jose-luis,José Luis Garrido,2024,Anual,0,798630,cierre,152217676.54,152217676.54,1.0,concilia,2853401.75,0.0,,detalle_ausente,detalle_ausente_o_cero,https://datos.jus.gob.ar/dataset/declaraciones-juradas-patrimoniales-integrales
dip-giudici-silvana,Silvana Giudici,2022,Anual,2,675835,cierre,18737516.06,18737516.06,1.0,concilia,0.0,0.0,,concilia_cero,concilia,https://datos.jus.gob.ar/dataset/declaraciones-juradas-patrimoniales-integrales
dip-giudici-silvana,Silvana Giudici,2023,Anual,0,725977,cierre,50158297.68,50158297.68,1.0,concilia,12609020.0,1260902.0,10.0,resumen_10x_detalle,quiebre_escala_decimal,https://datos.jus.gob.ar/dataset/declaraciones-juradas-patrimoniales-integrales
dip-giudici-silvana,Silvana Giudici,2024,Anual,0,785360,cierre,101905165.53,101905165.53,1.0,concilia,0.0,0.0,,concilia_cero,concilia,https://datos.jus.gob.ar/dataset/declaraciones-juradas-patrimoniales-integrales
dip-glinski-jose,José Glinski,2022,Anual,0,682044,cierre,7687164.3,7687164.3,1.0,concilia,2575993.2,2575993.2,1.0,concilia,concilia,https://datos.jus.gob.ar/dataset/declaraciones-juradas-patrimoniales-integrales
dip-glinski-jose,José Glinski,2023,Anual,0,736253,cierre,15016937.61,15016937.61,1.0,concilia,2402060.03,2402060.03,1.0,concilia,concilia,https://datos.jus.gob.ar/dataset/declaraciones-juradas-patrimoniales-integrales
dip-glinski-jose,José Glinski,2024,Anual,0,787314,cierre,32949239.97,32949239.97,1.0,concilia,24364226.43,24364226.43,1.0,concilia,concilia,https://datos.jus.gob.ar/dataset/declaraciones-juradas-patrimoniales-integrales
dip-gomez-jose,José Gomez,2022,Inicial,0,676675,inicio,300000000.0,30000000.0,10.0,resumen_10x_detalle,0.0,0.0,,concilia_cero,quiebre_escala_decimal,https://datos.jus.gob.ar/dataset/declaraciones-juradas-patrimoniales-integrales
dip-gomez-jose,José Gomez,2023,Anual,0,709956,cierre,846491110.0,84649111.0,10.0,resumen_10x_detalle,0.0,0.0,,concilia_cero,quiebre_escala_decimal,https://datos.jus.gob.ar/dataset/declaraciones-juradas-patrimoniales-integrales
dip-gomez-jose,José Gomez,2024,Anual,0,771756,cierre,1294359290.0,129435929.0,10.0,resumen_10x_detalle,0.0,0.0,,concilia_cero,quiebre_escala_decimal,https://datos.jus.gob.ar/dataset/declaraciones-juradas-patrimoniales-integrales
dip-gonzalez-gerardo-gustavo,Gerardo Gustavo González,2022,Anual,0,677165,cierre,40000000.0,4000000.0,10.0,resumen_10x_detalle,0.0,0.0,,concilia_cero,quiebre_escala_decimal,https://datos.jus.gob.ar/dataset/declaraciones-juradas-patrimoniales-integrales
dip-gonzalez-gerardo-gustavo,Gerardo Gustavo González,2023,Inicial,0,687906,inicio,180671350.0,18067135.0,10.0,resumen_10x_detalle,0.0,0.0,,concilia_cero,quiebre_escala_decimal,https://datos.jus.gob.ar/dataset/declaraciones-juradas-patrimoniales-integrales
dip-gonzalez-gerardo-gustavo,Gerardo Gustavo González,2024,Anual,0,804772,cierre,24069078.86,24069078.86,1.0,concilia,0.0,0.0,,concilia_cero,concilia,https://datos.jus.gob.ar/dataset/declaraciones-juradas-patrimoniales-integrales
dip-gonzalez-alvaro,Álvaro González,2022,Anual,0,637309,cierre,208828156.98,208828156.98,1.0,concilia,27627926.8,27627926.8,1.0,concilia,concilia,https://datos.jus.gob.ar/dataset/declaraciones-juradas-patrimoniales-integrales
dip-gonzalez-alvaro,Álvaro González,2023,Anual,0,724764,cierre,617478884.21,617478884.21,1.0,concilia,49061546.83,49061546.83,1.0,concilia,concilia,https://datos.jus.gob.ar/dataset/declaraciones-juradas-patrimoniales-integrales
dip-gonzalez-alvaro,Álvaro González,2024,Anual,0,795789,cierre,1186847243.98,1186847243.98,1.0,concilia,116908416.6,0.0,,detalle_ausente,detalle_ausente_o_cero,https://datos.jus.gob.ar/dataset/declaraciones-juradas-patrimoniales-integrales
dip-gruber-maura,Maura Gruber,2024,Anual,0,821704,cierre,60500000.0,6050000.0,10.0,resumen_10x_detalle,0.0,0.0,,concilia_cero,quiebre_escala_decimal,https://datos.jus.gob.ar/dataset/declaraciones-juradas-patrimoniales-integrales
dip-gutierrez-carlos,Carlos Gutiérrez,2022,Anual,0,656407,cierre,39303710.49,39303710.49,1.0,concilia,0.0,0.0,,concilia_cero,concilia,https://datos.jus.gob.ar/dataset/declaraciones-juradas-patrimoniales-integrales
dip-gutierrez-carlos,Carlos Gutiérrez,2023,Anual,0,713677,cierre,133506952.09,133506952.09,1.0,concilia,0.0,0.0,,concilia_cero,concilia,https://datos.jus.gob.ar/dataset/declaraciones-juradas-patrimoniales-integrales
dip-gutierrez-carlos,Carlos Gutiérrez,2024,Anual,0,795216,cierre,284096461.09,284096461.09,1.0,concilia,8898809.1,0.0,,detalle_ausente,detalle_ausente_o_cero,https://datos.jus.gob.ar/dataset/declaraciones-juradas-patrimoniales-integrales
dip-hagman-itai,Itai Hagman,2022,Anual,0,673113,cierre,13792261.84,13792261.84,1.0,concilia,0.0,0.0,,concilia_cero,concilia,https://datos.jus.gob.ar/dataset/declaraciones-juradas-patrimoniales-integrales
dip-hagman-itai,Itai Hagman,2023,Anual,0,715103,cierre,42647865.48,42647865.48,1.0,concilia,0.0,0.0,,concilia_cero,concilia,https://datos.jus.gob.ar/dataset/declaraciones-juradas-patrimoniales-integrales
dip-hagman-itai,Itai Hagman,2024,Anual,0,805464,cierre,149068010.95,149068010.95,1.0,concilia,630000000.0,0.0,,detalle_ausente,detalle_ausente_o_cero,https://datos.jus.gob.ar/dataset/declaraciones-juradas-patrimoniales-integrales
dip-hartfield-diego,Diego Hartfield,2024,Anual,0,821447,cierre,256694397.97,256694397.97,1.0,concilia,18563674.27,0.0,,detalle_ausente,detalle_ausente_o_cero,https://datos.jus.gob.ar/dataset/declaraciones-juradas-patrimoniales-integrales
dip-holzman-patricia,Patricia Holzman,2024,Anual,0,826985,cierre,513190577.77,513190577.77,1.0,concilia,56706828.93,0.0,,detalle_ausente,detalle_ausente_o_cero,https://datos.jus.gob.ar/dataset/declaraciones-juradas-patrimoniales-integrales
dip-ianni-ana-maria,Ana María Ianni,2022,Anual,0,641440,cierre,26898946.42,26898946.42,1.0,concilia,1220055.84,1220055.84,1.0,concilia,concilia,https://datos.jus.gob.ar/dataset/declaraciones-juradas-patrimoniales-integrales
dip-ianni-ana-maria,Ana María Ianni,2023,Anual,0,728153,cierre,73007455.14,73007455.14,1.0,concilia,1743565.05,1743565.05,1.0,concilia,concilia,https://datos.jus.gob.ar/dataset/declaraciones-juradas-patrimoniales-integrales
dip-ianni-ana-maria,Ana María Ianni,2024,Anual,0,791863,cierre,159304673.65,159304673.65,1.0,concilia,13046933.33,0.0,,detalle_ausente,detalle_ausente_o_cero,https://datos.jus.gob.ar/dataset/declaraciones-juradas-patrimoniales-integrales
dip-ibanez-maria-cecilia,María Cecilia Ibañez,2023,Anual,0,748934,cierre,155066000.0,15506600.0,10.0,resumen_10x_detalle,0.0,0.0,,concilia_cero,quiebre_escala_decimal,https://datos.jus.gob.ar/dataset/declaraciones-juradas-patrimoniales-integrales
dip-ibanez-maria-cecilia,María Cecilia Ibañez,2024,Anual,0,773496,cierre,335570440.0,33557044.0,10.0,resumen_10x_detalle,0.0,0.0,,concilia_cero,quiebre_escala_decimal,https://datos.jus.gob.ar/dataset/declaraciones-juradas-patrimoniales-integrales
dip-juliano-pablo,Pablo Juliano,2023,Anual,0,757849,cierre,4750000.0,475000.0,10.0,resumen_10x_detalle,0.0,0.0,,concilia_cero,quiebre_escala_decimal,https://datos.jus.gob.ar/dataset/declaraciones-juradas-patrimoniales-integrales
dip-juliano-pablo,Pablo Juliano,2024,Anual,1,794082,cierre,39711093.5,39711093.5,1.0,concilia,168400000.0,0.0,,detalle_ausente,detalle_ausente_o_cero,https://datos.jus.gob.ar/dataset/declaraciones-juradas-patrimoniales-integrales
dip-kirchner-maximo-carlos,Máximo Carlos Kirchner,2022,Anual,0,650311,cierre,1099930211.99,1099930211.99,1.0,concilia,20122538.3,20122538.3,1.0,concilia,concilia,https://datos.jus.gob.ar/dataset/declaraciones-juradas-patrimoniales-integrales
dip-kirchner-maximo-carlos,Máximo Carlos Kirchner,2023,Anual,0,735140,cierre,4719066772.97,4719066772.97,1.0,concilia,56260297.44,56260297.44,1.0,concilia,concilia,https://datos.jus.gob.ar/dataset/declaraciones-juradas-patrimoniales-integrales
dip-kirchner-maximo-carlos,Máximo Carlos Kirchner,2024,Anual,0,788672,cierre,8311567011.23,8311567011.23,1.0,concilia,86963957.66,0.0,,detalle_ausente,detalle_ausente_o_cero,https://datos.jus.gob.ar/dataset/declaraciones-juradas-patrimoniales-integrales
dip-leone-andres,Andrés Leone,2022,Anual,0,676842,cierre,270000000.0,27000000.0,10.0,resumen_10x_detalle,752200.0,75220.0,10.0,resumen_10x_detalle,quiebre_escala_decimal,https://datos.jus.gob.ar/dataset/declaraciones-juradas-patrimoniales-integrales
dip-leone-andres,Andrés Leone,2024,Anual,0,822532,cierre,995000000.0,99500000.0,10.0,resumen_10x_detalle,672000.0,0.0,,detalle_ausente,quiebre_escala_decimal,https://datos.jus.gob.ar/dataset/declaraciones-juradas-patrimoniales-integrales
dip-longo-johanna-sabrina,Johanna Sabrina Longo,2022,Anual,0,676490,cierre,5602358.5,5602358.5,1.0,concilia,0.0,0.0,,concilia_cero,concilia,https://datos.jus.gob.ar/dataset/declaraciones-juradas-patrimoniales-integrales
dip-longo-johanna-sabrina,Johanna Sabrina Longo,2024,Anual,0,823065,cierre,18072031.27,18072031.27,1.0,concilia,0.0,0.0,,concilia_cero,concilia,https://datos.jus.gob.ar/dataset/declaraciones-juradas-patrimoniales-integrales
dip-manrique-mario,Mario Manrique,2022,Anual,0,675895,cierre,24414768.23,24414768.23,1.0,concilia,0.0,0.0,,concilia_cero,concilia,https://datos.jus.gob.ar/dataset/declaraciones-juradas-patrimoniales-integrales
dip-manrique-mario,Mario Manrique,2023,Anual,0,717568,cierre,87269906.52,87269906.52,1.0,concilia,435191.57,435191.57,1.0,concilia,concilia,https://datos.jus.gob.ar/dataset/declaraciones-juradas-patrimoniales-integrales
dip-manrique-mario,Mario Manrique,2024,Anual,0,792341,cierre,176175760.24,176175760.24,1.0,concilia,0.0,0.0,,concilia_cero,concilia,https://datos.jus.gob.ar/dataset/declaraciones-juradas-patrimoniales-integrales
dip-marin-varinia-lis,Varinia Lis Marín,2022,Anual,0,633859,cierre,21640720.65,21640720.65,1.0,concilia,0.0,0.0,,concilia_cero,concilia,https://datos.jus.gob.ar/dataset/declaraciones-juradas-patrimoniales-integrales
dip-marin-varinia-lis,Varinia Lis Marín,2023,Anual,0,730989,cierre,82402680.66,82402680.66,1.0,concilia,0.0,0.0,,concilia_cero,concilia,https://datos.jus.gob.ar/dataset/declaraciones-juradas-patrimoniales-integrales
dip-marin-varinia-lis,Varinia Lis Marín,2024,Anual,0,786897,cierre,123639765.4,123639765.4,1.0,concilia,0.0,0.0,,concilia_cero,concilia,https://datos.jus.gob.ar/dataset/declaraciones-juradas-patrimoniales-integrales
dip-marino-juan,Juan Marino,2022,Anual,0,652256,cierre,4400041.95,4400041.95,1.0,concilia,0.0,0.0,,concilia_cero,concilia,https://datos.jus.gob.ar/dataset/declaraciones-juradas-patrimoniales-integrales
dip-marino-juan,Juan Marino,2023,Anual,0,719022,cierre,11526526.42,11526526.42,1.0,concilia,0.0,0.0,,concilia_cero,concilia,https://datos.jus.gob.ar/dataset/declaraciones-juradas-patrimoniales-integrales
dip-marino-juan,Juan Marino,2024,Anual,0,784461,cierre,6306905.52,6306905.52,1.0,concilia,0.0,0.0,,concilia_cero,concilia,https://datos.jus.gob.ar/dataset/declaraciones-juradas-patrimoniales-integrales
dip-martinez-german-pedro,Germán Pedro Martínez,2022,Anual,0,644667,cierre,9456144.51,9456144.51,1.0,concilia,0.0,0.0,,concilia_cero,concilia,https://datos.jus.gob.ar/dataset/declaraciones-juradas-patrimoniales-integrales
dip-martinez-german-pedro,Germán Pedro Martínez,2023,Inicial,0,690087,inicio,18697277.2,18697277.2,1.0,concilia,0.0,0.0,,concilia_cero,concilia,https://datos.jus.gob.ar/dataset/declaraciones-juradas-patrimoniales-integrales
dip-martinez-german-pedro,Germán Pedro Martínez,2024,Anual,0,799135,cierre,45719036.54,45719036.54,1.0,concilia,0.0,0.0,,concilia_cero,concilia,https://datos.jus.gob.ar/dataset/declaraciones-juradas-patrimoniales-integrales
dip-martinez-alvaro,Álvaro Martínez,2022,Anual,0,672212,cierre,5733775.11,5733775.11,1.0,concilia,0.0,0.0,,concilia_cero,concilia,https://datos.jus.gob.ar/dataset/declaraciones-juradas-patrimoniales-integrales
dip-martinez-alvaro,Álvaro Martínez,2023,Anual,0,754597,cierre,23236259.85,23236259.85,1.0,concilia,25800000.0,2580000.0,10.0,resumen_10x_detalle,quiebre_escala_decimal,https://datos.jus.gob.ar/dataset/declaraciones-juradas-patrimoniales-integrales
dip-martinez-alvaro,Álvaro Martínez,2024,Anual,0,818053,cierre,88037911.6,88037911.6,1.0,concilia,47340000.0,0.0,,detalle_ausente,detalle_ausente_o_cero,https://datos.jus.gob.ar/dataset/declaraciones-juradas-patrimoniales-integrales
dip-massot-nicolas,Nicolás Massot,2023,Anual,0,716302,cierre,692029678.4,692029678.4,1.0,concilia,82245712.64,82245712.64,1.0,concilia,concilia,https://datos.jus.gob.ar/dataset/declaraciones-juradas-patrimoniales-integrales
dip-massot-nicolas,Nicolás Massot,2024,Anual,0,812885,cierre,1889124762.42,1889124762.42,1.0,concilia,259863080.29,0.0,,detalle_ausente,detalle_ausente_o_cero,https://datos.jus.gob.ar/dataset/declaraciones-juradas-patrimoniales-integrales
dip-maureira-karina,Karina Maureira,2024,Anual,0,820254,cierre,16303880.01,16303880.01,1.0,concilia,78860.53,0.0,,detalle_ausente,detalle_ausente_o_cero,https://datos.jus.gob.ar/dataset/declaraciones-juradas-patrimoniales-integrales
dip-mayoraz-nicolas,Nicolás Mayoraz,2022,Anual,0,678232,cierre,24459504.51,24459504.51,1.0,concilia,0.0,0.0,,concilia_cero,concilia,https://datos.jus.gob.ar/dataset/declaraciones-juradas-patrimoniales-integrales
dip-mayoraz-nicolas,Nicolás Mayoraz,2023,Anual,0,746622,cierre,92839410.7,92839410.7,1.0,concilia,0.0,0.0,,concilia_cero,concilia,https://datos.jus.gob.ar/dataset/declaraciones-juradas-patrimoniales-integrales
dip-mayoraz-nicolas,Nicolás Mayoraz,2024,Anual,0,803956,cierre,172517332.28,172517332.28,1.0,concilia,0.0,0.0,,concilia_cero,concilia,https://datos.jus.gob.ar/dataset/declaraciones-juradas-patrimoniales-integrales
dip-medina-gladys,Gladys Medina,2023,Anual,0,747540,cierre,24154334.36,24154334.36,1.0,concilia,0.0,0.0,,concilia_cero,concilia,https://datos.jus.gob.ar/dataset/declaraciones-juradas-patrimoniales-integrales
dip-medina-gladys,Gladys Medina,2024,Anual,0,821491,cierre,54748623.7,54748623.7,1.0,concilia,0.0,0.0,,concilia_cero,concilia,https://datos.jus.gob.ar/dataset/declaraciones-juradas-patrimoniales-integrales
dip-menem-martin,Martín Menem,2022,Anual,0,677410,cierre,295650916.27,295650916.27,1.0,concilia,12907917.26,12907917.26,1.0,concilia,concilia,https://datos.jus.gob.ar/dataset/declaraciones-juradas-patrimoniales-integrales
dip-menem-martin,Martín Menem,2023,Anual,0,749142,cierre,605015973.68,605015973.68,1.0,concilia,34079632.28,34079632.28,1.0,concilia,concilia,https://datos.jus.gob.ar/dataset/declaraciones-juradas-patrimoniales-integrales
dip-menem-martin,Martín Menem,2024,Anual,1,819664,cierre,1524442619.27,1524442619.27,1.0,concilia,131214876.26,0.0,,detalle_ausente,detalle_ausente_o_cero,https://datos.jus.gob.ar/dataset/declaraciones-juradas-patrimoniales-integrales
dip-michel-guillermo,Guillermo Michel,2022,Anual,0,661399,cierre,59826932.45,59826932.45,1.0,concilia,2403098.67,2403098.68,1.0,concilia,concilia,https://datos.jus.gob.ar/dataset/declaraciones-juradas-patrimoniales-integrales
dip-michel-guillermo,Guillermo Michel,2023,Baja,0,689633,cierre,94110379.34,94110379.34,1.0,concilia,1935821.71,1935821.71,1.0,concilia,concilia,https://datos.jus.gob.ar/dataset/declaraciones-juradas-patrimoniales-integrales
dip-michel-guillermo,Guillermo Michel,2024,Anual,0,823749,cierre,420742158.42,420742158.42,1.0,concilia,8316166.02,0.0,,detalle_ausente,detalle_ausente_o_cero,https://datos.jus.gob.ar/dataset/declaraciones-juradas-patrimoniales-integrales
dip-molle-matias,Matías Molle,2022,Anual,0,677722,cierre,124493800.0,12449380.0,10.0,resumen_10x_detalle,0.0,0.0,,concilia_cero,quiebre_escala_decimal,https://datos.jus.gob.ar/dataset/declaraciones-juradas-patrimoniales-integrales
dip-montenegro-juan-pablo,Juan Pablo Montenegro,2022,Anual,0,677213,cierre,71000000.0,7100000.0,10.0,resumen_10x_detalle,0.0,0.0,,concilia_cero,quiebre_escala_decimal,https://datos.jus.gob.ar/dataset/declaraciones-juradas-patrimoniales-integrales
dip-montenegro-juan-pablo,Juan Pablo Montenegro,2024,Anual,0,795215,cierre,889913620.0,88991362.0,10.0,resumen_10x_detalle,0.0,0.0,,concilia_cero,quiebre_escala_decimal,https://datos.jus.gob.ar/dataset/declaraciones-juradas-patrimoniales-integrales
dip-montenegro-guillermo,Guillermo Montenegro,2022,Anual,0,677736,cierre,15927436.5,15927436.5,1.0,concilia,2658500.0,265850.0,10.0,resumen_10x_detalle,quiebre_escala_decimal,https://datos.jus.gob.ar/dataset/declaraciones-juradas-patrimoniales-integrales
dip-montenegro-guillermo,Guillermo Montenegro,2023,Anual,0,745290,cierre,1450000000.0,145000000.0,10.0,resumen_10x_detalle,0.0,0.0,,concilia_cero,quiebre_escala_decimal,https://datos.jus.gob.ar/dataset/declaraciones-juradas-patrimoniales-integrales
dip-monzon-roxana,Roxana Monzón,2022,Inicial,2,684873,inicio,32800000.0,3280000.0,10.0,resumen_10x_detalle,0.0,0.0,,concilia_cero,quiebre_escala_decimal,https://datos.jus.gob.ar/dataset/declaraciones-juradas-patrimoniales-integrales
dip-monzon-roxana,Roxana Monzón,2023,Anual,1,820834,cierre,11528952.18,11528952.18,1.0,concilia,0.0,0.0,,concilia_cero,concilia,https://datos.jus.gob.ar/dataset/declaraciones-juradas-patrimoniales-integrales
dip-monzon-roxana,Roxana Monzón,2024,Anual,2,820838,cierre,26495101.14,26495101.14,1.0,concilia,0.0,0.0,,concilia_cero,concilia,https://datos.jus.gob.ar/dataset/declaraciones-juradas-patrimoniales-integrales
dip-moreau-cecilia,Cecilia Moreau,2022,Anual,0,654641,cierre,12640406.34,12640406.34,1.0,concilia,162803200.0,16280320.0,10.0,resumen_10x_detalle,quiebre_escala_decimal,https://datos.jus.gob.ar/dataset/declaraciones-juradas-patrimoniales-integrales
dip-moreau-cecilia,Cecilia Moreau,2023,Anual,0,729198,cierre,30717719.38,30717719.38,1.0,concilia,725190000.0,72519000.0,10.0,resumen_10x_detalle,quiebre_escala_decimal,https://datos.jus.gob.ar/dataset/declaraciones-juradas-patrimoniales-integrales
dip-moreau-cecilia,Cecilia Moreau,2024,Anual,0,793150,cierre,122022480.96,122022480.96,1.0,concilia,968300000.0,0.0,,detalle_ausente,detalle_ausente_o_cero,https://datos.jus.gob.ar/dataset/declaraciones-juradas-patrimoniales-integrales
dip-moyano-hugo-antonio,Hugo Antonio Moyano,2024,Anual,1,824065,cierre,255760304.34,255760304.34,1.0,concilia,0.0,0.0,,concilia_cero,concilia,https://datos.jus.gob.ar/dataset/declaraciones-juradas-patrimoniales-integrales
dip-nunez-jose,José Nuñez,2022,Anual,0,652982,cierre,51909955.9,51909955.9,1.0,concilia,285600000.0,28560000.0,10.0,resumen_10x_detalle,quiebre_escala_decimal,https://datos.jus.gob.ar/dataset/declaraciones-juradas-patrimoniales-integrales
dip-nunez-jose,José Nuñez,2023,Anual,0,803740,cierre,76081506.84,76081506.84,1.0,concilia,10075799.87,10075799.87,1.0,concilia,concilia,https://datos.jus.gob.ar/dataset/declaraciones-juradas-patrimoniales-integrales
dip-nunez-jose,José Nuñez,2024,Anual,0,803967,cierre,110473646.44,110473646.44,1.0,concilia,8132227.72,0.0,,detalle_ausente,detalle_ausente_o_cero,https://datos.jus.gob.ar/dataset/declaraciones-juradas-patrimoniales-integrales
dip-pagano-marcela-marina,Marcela Marina Pagano,2022,Anual,0,676851,cierre,29220000.72,29220000.72,1.0,concilia,989728.64,989728.64,1.0,concilia,concilia,https://datos.jus.gob.ar/dataset/declaraciones-juradas-patrimoniales-integrales
dip-pagano-marcela-marina,Marcela Marina Pagano,2023,Anual,0,733320,cierre,88059990.97,88059990.97,1.0,concilia,0.0,0.0,,concilia_cero,concilia,https://datos.jus.gob.ar/dataset/declaraciones-juradas-patrimoniales-integrales
dip-pagano-marcela-marina,Marcela Marina Pagano,2024,Anual,0,773520,cierre,129001393.52,129001393.52,1.0,concilia,0.0,0.0,,concilia_cero,concilia,https://datos.jus.gob.ar/dataset/declaraciones-juradas-patrimoniales-integrales
dip-palazzo-sergio-omar,Sergio Omar Palazzo,2022,Anual,0,660209,cierre,16761671.93,16761671.93,1.0,concilia,771813.86,771813.86,1.0,concilia,concilia,https://datos.jus.gob.ar/dataset/declaraciones-juradas-patrimoniales-integrales
dip-palazzo-sergio-omar,Sergio Omar Palazzo,2023,Anual,0,734844,cierre,47867105.88,47867105.88,1.0,concilia,316447.88,316447.88,1.0,concilia,concilia,https://datos.jus.gob.ar/dataset/declaraciones-juradas-patrimoniales-integrales
dip-palazzo-sergio-omar,Sergio Omar Palazzo,2024,Anual,0,795749,cierre,130932342.31,130932342.31,1.0,concilia,0.0,0.0,,concilia_cero,concilia,https://datos.jus.gob.ar/dataset/declaraciones-juradas-patrimoniales-integrales
dip-pareja-sebastian,Sebastián Pareja,2023,Anual,0,741199,cierre,82753812.79,82753812.79,1.0,concilia,213251.83,213251.83,1.0,concilia,concilia,https://datos.jus.gob.ar/dataset/declaraciones-juradas-patrimoniales-integrales
dip-pareja-sebastian,Sebastián Pareja,2024,Anual,0,799809,cierre,130417981.54,130417981.54,1.0,concilia,89883.58,0.0,,detalle_ausente,detalle_ausente_o_cero,https://datos.jus.gob.ar/dataset/declaraciones-juradas-patrimoniales-integrales
dip-parola-maria-graciela,María Graciela Parola,2022,Anual,0,630983,cierre,0.0,0.0,,concilia_cero,0.0,0.0,,concilia_cero,concilia,https://datos.jus.gob.ar/dataset/declaraciones-juradas-patrimoniales-integrales
dip-parola-maria-graciela,María Graciela Parola,2023,Inicial,0,701394,inicio,0.0,0.0,,concilia_cero,0.0,0.0,,concilia_cero,concilia,https://datos.jus.gob.ar/dataset/declaraciones-juradas-patrimoniales-integrales
dip-parola-maria-graciela,María Graciela Parola,2024,Anual,0,826403,cierre,5965603.73,5965603.73,1.0,concilia,0.0,0.0,,concilia_cero,concilia,https://datos.jus.gob.ar/dataset/declaraciones-juradas-patrimoniales-integrales
dip-paulon-esteban,Esteban Paulón,2022,Anual,0,677450,cierre,20168750.0,2016875.0,10.0,resumen_10x_detalle,0.0,0.0,,concilia_cero,quiebre_escala_decimal,https://datos.jus.gob.ar/dataset/declaraciones-juradas-patrimoniales-integrales
dip-paulon-esteban,Esteban Paulón,2023,Anual,0,723879,cierre,14811121.98,14811121.98,1.0,concilia,0.0,0.0,,concilia_cero,concilia,https://datos.jus.gob.ar/dataset/declaraciones-juradas-patrimoniales-integrales
dip-paulon-esteban,Esteban Paulón,2024,Anual,0,822460,cierre,22475211.28,22475211.28,1.0,concilia,0.0,0.0,,concilia_cero,concilia,https://datos.jus.gob.ar/dataset/declaraciones-juradas-patrimoniales-integrales
dip-petri-luis,Luis Petri,2022,Anual,0,679162,cierre,14045771.35,14045771.35,1.0,concilia,0.0,0.0,,concilia_cero,concilia,https://datos.jus.gob.ar/dataset/declaraciones-juradas-patrimoniales-integrales
dip-petri-luis,Luis Petri,2023,Anual,1,794184,cierre,38788089.12,38788089.12,1.0,concilia,86527.81,86527.81,1.0,concilia,concilia,https://datos.jus.gob.ar/dataset/declaraciones-juradas-patrimoniales-integrales
dip-petri-luis,Luis Petri,2024,Anual,1,812687,cierre,79622037.65,79622037.65,1.0,concilia,177000000.0,0.0,,detalle_ausente,detalle_ausente_o_cero,https://datos.jus.gob.ar/dataset/declaraciones-juradas-patrimoniales-integrales
dip-petrovich-maria-lorena,María Lorena Petrovich,2022,Anual,0,677608,cierre,21601569.57,21601569.57,1.0,concilia,46953.65,46953.65,1.0,concilia,concilia,https://datos.jus.gob.ar/dataset/declaraciones-juradas-patrimoniales-integrales
dip-petrovich-maria-lorena,María Lorena Petrovich,2024,Anual,0,823727,cierre,0.0,0.0,,concilia_cero,0.0,0.0,,concilia_cero,concilia,https://datos.jus.gob.ar/dataset/declaraciones-juradas-patrimoniales-integrales
dip-picat-luis-albino,Luis Albino Picat,2022,Anual,0,676380,cierre,80857403.12,80857403.12,1.0,concilia,0.0,0.0,,concilia_cero,concilia,https://datos.jus.gob.ar/dataset/declaraciones-juradas-patrimoniales-integrales
dip-picat-luis-albino,Luis Albino Picat,2023,Anual,0,751538,cierre,367479478.04,367479478.04,1.0,concilia,0.0,0.0,,concilia_cero,concilia,https://datos.jus.gob.ar/dataset/declaraciones-juradas-patrimoniales-integrales
dip-picat-luis-albino,Luis Albino Picat,2024,Anual,0,769700,cierre,611168731.62,611168731.62,1.0,concilia,19518306.24,19518306.24,1.0,concilia,concilia,https://datos.jus.gob.ar/dataset/declaraciones-juradas-patrimoniales-integrales
dip-pichetto-miguel-angel,Miguel Ángel Pichetto,2022,Anual,0,665365,cierre,57018364.2,57018364.2,1.0,concilia,2875531.57,2875531.57,1.0,concilia,concilia,https://datos.jus.gob.ar/dataset/declaraciones-juradas-patrimoniales-integrales
dip-pichetto-miguel-angel,Miguel Ángel Pichetto,2023,Anual,0,728297,cierre,183671395.22,183671395.22,1.0,concilia,1793486.2,1793486.2,1.0,concilia,concilia,https://datos.jus.gob.ar/dataset/declaraciones-juradas-patrimoniales-integrales
dip-pichetto-miguel-angel,Miguel Ángel Pichetto,2024,Anual,0,793396,cierre,366447371.27,366447371.27,1.0,concilia,2447920.15,0.0,,detalle_ausente,detalle_ausente_o_cero,https://datos.jus.gob.ar/dataset/declaraciones-juradas-patrimoniales-integrales
dip-picon-martinez-nancy-viviana,Nancy Viviana Picón Martínez,2022,Anual,1,677639,cierre,42810780.0,4281078.0,10.0,resumen_10x_detalle,0.0,0.0,,concilia_cero,quiebre_escala_decimal,https://datos.jus.gob.ar/dataset/declaraciones-juradas-patrimoniales-integrales
dip-picon-martinez-nancy-viviana,Nancy Viviana Picón Martínez,2023,Inicial,0,685506,inicio,82035000.0,8203500.0,10.0,resumen_10x_detalle,0.0,0.0,,concilia_cero,quiebre_escala_decimal,https://datos.jus.gob.ar/dataset/declaraciones-juradas-patrimoniales-integrales
dip-pietragalla-corti-horacio,Horacio Pietragalla Corti,2022,Anual,0,666224,cierre,178264520.0,17826452.0,10.0,resumen_10x_detalle,20040000.0,2004000.0,10.0,resumen_10x_detalle,quiebre_escala_decimal,https://datos.jus.gob.ar/dataset/declaraciones-juradas-patrimoniales-integrales
dip-pietragalla-corti-horacio,Horacio Pietragalla Corti,2023,Baja,0,689147,cierre,39488709.01,39488709.01,1.0,concilia,14110000.0,1411000.0,10.0,resumen_10x_detalle,quiebre_escala_decimal,https://datos.jus.gob.ar/dataset/declaraciones-juradas-patrimoniales-integrales
dip-pietragalla-corti-horacio,Horacio Pietragalla Corti,2024,Anual,0,824282,cierre,72587293.1,72587293.1,1.0,concilia,245440000.0,0.0,,detalle_ausente,detalle_ausente_o_cero,https://datos.jus.gob.ar/dataset/declaraciones-juradas-patrimoniales-integrales
dip-potenza-luciana,Luciana Potenza,2022,Anual,1,676660,cierre,3288398.44,3288398.44,1.0,concilia,0.0,0.0,,concilia_cero,concilia,https://datos.jus.gob.ar/dataset/declaraciones-juradas-patrimoniales-integrales
dip-potenza-luciana,Luciana Potenza,2023,Anual,1,738496,cierre,14165489.46,14165489.46,1.0,concilia,0.0,0.0,,concilia_cero,concilia,https://datos.jus.gob.ar/dataset/declaraciones-juradas-patrimoniales-integrales
dip-potenza-luciana,Luciana Potenza,2024,Anual,0,788063,cierre,29709842.01,29709842.01,1.0,concilia,0.0,0.0,,concilia_cero,concilia,https://datos.jus.gob.ar/dataset/declaraciones-juradas-patrimoniales-integrales
dip-propato-agustina-lucrecia,Agustina Lucrecia Propato,2022,Anual,0,655540,cierre,26367572.22,26367572.22,1.0,concilia,6452330.0,645233.0,10.0,resumen_10x_detalle,quiebre_escala_decimal,https://datos.jus.gob.ar/dataset/declaraciones-juradas-patrimoniales-integrales
dip-propato-agustina-lucrecia,Agustina Lucrecia Propato,2023,Anual,0,758505,cierre,86196311.13,86196311.13,1.0,concilia,0.0,0.0,,concilia_cero,concilia,https://datos.jus.gob.ar/dataset/declaraciones-juradas-patrimoniales-integrales
dip-propato-agustina-lucrecia,Agustina Lucrecia Propato,2024,Anual,0,779570,cierre,171308394.68,171308394.68,1.0,concilia,0.0,0.0,,concilia_cero,concilia,https://datos.jus.gob.ar/dataset/declaraciones-juradas-patrimoniales-integrales
dip-quintar-manuel,Manuel Quintar,2023,Anual,0,751695,cierre,252255203.64,252255203.64,1.0,concilia,0.0,0.0,,concilia_cero,concilia,https://datos.jus.gob.ar/dataset/declaraciones-juradas-patrimoniales-integrales
dip-quintar-manuel,Manuel Quintar,2024,Anual,0,825553,cierre,231635753.22,231635753.22,1.0,concilia,0.0,0.0,,concilia_cero,concilia,https://datos.jus.gob.ar/dataset/declaraciones-juradas-patrimoniales-integrales
dip-rauschenberger-ariel,Ariel Rauschenberger,2023,Anual,1,744154,cierre,127433783.01,127433783.01,1.0,concilia,230061.86,230061.86,1.0,concilia,concilia,https://datos.jus.gob.ar/dataset/declaraciones-juradas-patrimoniales-integrales
dip-rauschenberger-ariel,Ariel Rauschenberger,2024,Anual,0,791491,cierre,252990623.92,252990623.92,1.0,concilia,454509.06,0.0,,detalle_ausente,detalle_ausente_o_cero,https://datos.jus.gob.ar/dataset/declaraciones-juradas-patrimoniales-integrales
dip-rizzotti-jorge,Jorge Rizzotti,2022,Anual,0,679968,cierre,28736958.42,28736958.42,1.0,concilia,472730.92,472730.92,1.0,concilia,concilia,https://datos.jus.gob.ar/dataset/declaraciones-juradas-patrimoniales-integrales
dip-rizzotti-jorge,Jorge Rizzotti,2023,Anual,0,754909,cierre,60042502.99,60042502.99,1.0,concilia,2903577.09,2903577.09,1.0,concilia,concilia,https://datos.jus.gob.ar/dataset/declaraciones-juradas-patrimoniales-integrales
dip-rizzotti-jorge,Jorge Rizzotti,2024,Anual,0,823670,cierre,167528553.6,167528553.6,1.0,concilia,6093329.15,0.0,,detalle_ausente,detalle_ausente_o_cero,https://datos.jus.gob.ar/dataset/declaraciones-juradas-patrimoniales-integrales
dip-rodriguez-machado-laura-elena,Laura Elena Rodríguez Machado,2023,Anual,0,716625,cierre,103968574.62,103968574.62,1.0,concilia,0.0,0.0,,concilia_cero,concilia,https://datos.jus.gob.ar/dataset/declaraciones-juradas-patrimoniales-integrales
dip-rodriguez-machado-laura-elena,Laura Elena Rodríguez Machado,2024,Anual,0,786665,cierre,219362859.35,219362859.35,1.0,concilia,0.0,0.0,,concilia_cero,concilia,https://datos.jus.gob.ar/dataset/declaraciones-juradas-patrimoniales-integrales
dip-rossi-agustin-oscar,Agustín Oscar Rossi,2022,Anual,1,668186,cierre,16108223.86,16108223.86,1.0,concilia,40003.32,40003.32,1.0,concilia,concilia,https://datos.jus.gob.ar/dataset/declaraciones-juradas-patrimoniales-integrales
dip-rossi-agustin-oscar,Agustín Oscar Rossi,2023,Baja,0,688451,cierre,26142227.78,26142227.78,1.0,concilia,0.0,0.0,,concilia_cero,concilia,https://datos.jus.gob.ar/dataset/declaraciones-juradas-patrimoniales-integrales
dip-scaglia-gisela,Gisela Scaglia,2024,Anual,2,822298,cierre,58142090.72,58142090.72,1.0,concilia,0.0,0.0,,concilia_cero,concilia,https://datos.jus.gob.ar/dataset/declaraciones-juradas-patrimoniales-integrales
dip-selva-sabrina,Sabrina Selva,2022,Anual,0,669168,cierre,18000000.0,1800000.0,10.0,resumen_10x_detalle,0.0,0.0,,concilia_cero,quiebre_escala_decimal,https://datos.jus.gob.ar/dataset/declaraciones-juradas-patrimoniales-integrales
dip-selva-sabrina,Sabrina Selva,2023,Anual,0,714466,cierre,9361410.07,9361410.07,1.0,concilia,877794.36,877794.36,1.0,concilia,concilia,https://datos.jus.gob.ar/dataset/declaraciones-juradas-patrimoniales-integrales
dip-selva-sabrina,Sabrina Selva,2024,Anual,0,786947,cierre,16840973.08,16840973.08,1.0,concilia,3263791.16,3263791.16,1.0,concilia,concilia,https://datos.jus.gob.ar/dataset/declaraciones-juradas-patrimoniales-integrales
dip-serquis-adriana-cristina,Adriana Cristina Serquis,2022,Anual,2,751920,cierre,27460321.51,27460321.51,1.0,concilia,0.0,0.0,,concilia_cero,concilia,https://datos.jus.gob.ar/dataset/declaraciones-juradas-patrimoniales-integrales
dip-serquis-adriana-cristina,Adriana Cristina Serquis,2023,Anual,1,750191,cierre,77625596.16,77625596.16,1.0,concilia,1690078.18,1690078.18,1.0,concilia,concilia,https://datos.jus.gob.ar/dataset/declaraciones-juradas-patrimoniales-integrales
dip-serquis-adriana-cristina,Adriana Cristina Serquis,2024,Anual,0,787838,cierre,176139773.01,176139773.01,1.0,concilia,2809337.08,2809337.08,1.0,concilia,concilia,https://datos.jus.gob.ar/dataset/declaraciones-juradas-patrimoniales-integrales
dip-siley-vanesa-raquel,Vanesa Raquel Siley,2022,Anual,0,627857,cierre,8911902.31,8911902.31,1.0,concilia,332919.7,332919.7,1.0,concilia,concilia,https://datos.jus.gob.ar/dataset/declaraciones-juradas-patrimoniales-integrales
dip-siley-vanesa-raquel,Vanesa Raquel Siley,2023,Anual,0,705311,cierre,13388542.56,13388542.56,1.0,concilia,873585.66,873585.66,1.0,concilia,concilia,https://datos.jus.gob.ar/dataset/declaraciones-juradas-patrimoniales-integrales
dip-siley-vanesa-raquel,Vanesa Raquel Siley,2024,Anual,0,772678,cierre,24511237.23,24511237.23,1.0,concilia,3249706.57,3249706.57,1.0,concilia,concilia,https://datos.jus.gob.ar/dataset/declaraciones-juradas-patrimoniales-integrales
dip-taiana-jorge,Jorge Taiana,2022,Anual,0,658131,cierre,58877373.38,58877373.38,1.0,concilia,0.0,0.0,,concilia_cero,concilia,https://datos.jus.gob.ar/dataset/declaraciones-juradas-patrimoniales-integrales
dip-taiana-jorge,Jorge Taiana,2023,Baja,0,687068,cierre,77988581.25,77988581.25,1.0,concilia,0.0,0.0,,concilia_cero,concilia,https://datos.jus.gob.ar/dataset/declaraciones-juradas-patrimoniales-integrales
dip-taiana-jorge,Jorge Taiana,2024,Anual,0,824913,cierre,214858726.03,214858726.03,1.0,concilia,0.0,0.0,,concilia_cero,concilia,https://datos.jus.gob.ar/dataset/declaraciones-juradas-patrimoniales-integrales
dip-tepp-caren,Caren Tepp,2024,Anual,0,821669,cierre,11373748.33,11373748.33,1.0,concilia,0.0,0.0,,concilia_cero,concilia,https://datos.jus.gob.ar/dataset/declaraciones-juradas-patrimoniales-integrales
dip-tita-paulo-agustin,Paulo Agustín Tita,2024,Anual,0,822582,cierre,207750161.34,207750161.34,1.0,concilia,4440092.05,0.0,,detalle_ausente,detalle_ausente_o_cero,https://datos.jus.gob.ar/dataset/declaraciones-juradas-patrimoniales-integrales
dip-todero-pablo,Pablo Todero,2022,Anual,0,664107,cierre,22541079.52,22541079.52,1.0,concilia,0.0,0.0,,concilia_cero,concilia,https://datos.jus.gob.ar/dataset/declaraciones-juradas-patrimoniales-integrales
dip-todero-pablo,Pablo Todero,2023,Anual,0,713407,cierre,99286396.55,99286396.55,1.0,concilia,0.0,0.0,,concilia_cero,concilia,https://datos.jus.gob.ar/dataset/declaraciones-juradas-patrimoniales-integrales
dip-todero-pablo,Pablo Todero,2024,Anual,0,771514,cierre,214429303.69,214429303.69,1.0,concilia,0.0,0.0,,concilia_cero,concilia,https://datos.jus.gob.ar/dataset/declaraciones-juradas-patrimoniales-integrales
dip-tomassoni-yamile,Yamile Tomassoni,2022,Anual,0,676975,cierre,27500000.0,2750000.0,10.0,resumen_10x_detalle,0.0,0.0,,concilia_cero,quiebre_escala_decimal,https://datos.jus.gob.ar/dataset/declaraciones-juradas-patrimoniales-integrales
dip-tomassoni-yamile,Yamile Tomassoni,2024,Anual,0,789931,cierre,250000000.0,25000000.0,10.0,resumen_10x_detalle,0.0,0.0,,concilia_cero,quiebre_escala_decimal,https://datos.jus.gob.ar/dataset/declaraciones-juradas-patrimoniales-integrales
dip-tortoriello-anibal,Aníbal Tortoriello,2022,Anual,0,663799,cierre,131635526.99,131635526.99,1.0,concilia,55254511.22,55254511.22,1.0,concilia,concilia,https://datos.jus.gob.ar/dataset/declaraciones-juradas-patrimoniales-integrales
dip-tortoriello-anibal,Aníbal Tortoriello,2023,Anual,0,735203,cierre,406521759.36,406521759.36,1.0,concilia,94340143.13,94340143.13,1.0,concilia,concilia,https://datos.jus.gob.ar/dataset/declaraciones-juradas-patrimoniales-integrales
dip-tortoriello-anibal,Aníbal Tortoriello,2024,Anual,0,787563,cierre,878610061.12,878610061.12,1.0,concilia,2049866.87,2049866.87,1.0,concilia,concilia,https://datos.jus.gob.ar/dataset/declaraciones-juradas-patrimoniales-integrales
dip-treffinger-cesar,César Treffinger,2022,Anual,0,677205,cierre,45250876.43,45250876.43,1.0,concilia,0.0,0.0,,concilia_cero,concilia,https://datos.jus.gob.ar/dataset/declaraciones-juradas-patrimoniales-integrales
dip-treffinger-cesar,César Treffinger,2023,Anual,0,736008,cierre,114008123.05,114008123.05,1.0,concilia,0.0,0.0,,concilia_cero,concilia,https://datos.jus.gob.ar/dataset/declaraciones-juradas-patrimoniales-integrales
dip-treffinger-cesar,César Treffinger,2024,Anual,0,802239,cierre,195014633.23,195014633.23,1.0,concilia,0.0,0.0,,concilia_cero,concilia,https://datos.jus.gob.ar/dataset/declaraciones-juradas-patrimoniales-integrales
dip-trotta-nicolas-alfredo,Nicolás Alfredo Trotta,2024,Anual,0,824889,cierre,251845328.13,251845328.13,1.0,concilia,0.0,0.0,,concilia_cero,concilia,https://datos.jus.gob.ar/dataset/declaraciones-juradas-patrimoniales-integrales
dip-valdes-eduardo-felix,Eduardo Félix Valdés,2022,Anual,0,639456,cierre,44795487.6,44795487.6,1.0,concilia,0.0,0.0,,concilia_cero,concilia,https://datos.jus.gob.ar/dataset/declaraciones-juradas-patrimoniales-integrales
dip-valdes-eduardo-felix,Eduardo Félix Valdés,2023,Anual,0,718437,cierre,153235424.83,153235424.83,1.0,concilia,0.0,0.0,,concilia_cero,concilia,https://datos.jus.gob.ar/dataset/declaraciones-juradas-patrimoniales-integrales
dip-valdes-eduardo-felix,Eduardo Félix Valdés,2024,Anual,0,825331,cierre,235946274.31,235946274.31,1.0,concilia,67900000.0,0.0,,detalle_ausente,detalle_ausente_o_cero,https://datos.jus.gob.ar/dataset/declaraciones-juradas-patrimoniales-integrales
dip-vancsik-daniel,Daniel Vancsik,2022,Inicial,0,675162,inicio,4690478.57,4690478.57,1.0,concilia,0.0,921059.91,0.0,no_concilia_otro,inconsistencia_otro,https://datos.jus.gob.ar/dataset/declaraciones-juradas-patrimoniales-integrales
dip-vancsik-daniel,Daniel Vancsik,2023,Anual,0,716277,cierre,49794500.0,4979450.0,10.0,resumen_10x_detalle,50680000.0,5068000.0,10.0,resumen_10x_detalle,quiebre_escala_decimal,https://datos.jus.gob.ar/dataset/declaraciones-juradas-patrimoniales-integrales
dip-vancsik-daniel,Daniel Vancsik,2024,Anual,0,793236,cierre,186269080.0,18626908.0,10.0,resumen_10x_detalle,60020000.0,0.0,,detalle_ausente,quiebre_escala_decimal,https://datos.jus.gob.ar/dataset/declaraciones-juradas-patrimoniales-integrales
dip-vasquez-patricia,Patricia Vásquez,2022,Anual,0,678077,cierre,20176279.76,20176279.76,1.0,concilia,0.0,0.0,,concilia_cero,concilia,https://datos.jus.gob.ar/dataset/declaraciones-juradas-patrimoniales-integrales
dip-vasquez-patricia,Patricia Vásquez,2023,Anual,1,732253,cierre,33786521.76,33786521.76,1.0,concilia,0.0,0.0,,concilia_cero,concilia,https://datos.jus.gob.ar/dataset/declaraciones-juradas-patrimoniales-integrales
dip-vasquez-patricia,Patricia Vásquez,2024,Anual,0,793321,cierre,312586191.47,312586191.47,1.0,concilia,0.0,0.0,,concilia_cero,concilia,https://datos.jus.gob.ar/dataset/declaraciones-juradas-patrimoniales-integrales
dip-vega-yolanda,Yolanda Vega,2023,Inicial,1,687371,inicio,2222259.09,2222259.09,1.0,concilia,0.0,0.0,,concilia_cero,concilia,https://datos.jus.gob.ar/dataset/declaraciones-juradas-patrimoniales-integrales
dip-vega-yolanda,Yolanda Vega,2024,Anual,0,809852,cierre,73054692.09,73054692.09,1.0,concilia,149210000.0,0.0,,detalle_ausente,detalle_ausente_o_cero,https://datos.jus.gob.ar/dataset/declaraciones-juradas-patrimoniales-integrales
dip-verasay-pamela-fernanda,Pamela Fernanda Verasay,2022,Anual,0,636738,cierre,15807236.16,15807236.16,1.0,concilia,16421836.21,16421836.21,1.0,concilia,concilia,https://datos.jus.gob.ar/dataset/declaraciones-juradas-patrimoniales-integrales
dip-verasay-pamela-fernanda,Pamela Fernanda Verasay,2023,Anual,0,705562,cierre,44990673.91,44990673.91,1.0,concilia,38766148.1,38766148.11,1.0,concilia,concilia,https://datos.jus.gob.ar/dataset/declaraciones-juradas-patrimoniales-integrales
dip-verasay-pamela-fernanda,Pamela Fernanda Verasay,2024,Anual,1,821513,cierre,83292260.44,83292260.44,1.0,concilia,96169190.22,0.0,,detalle_ausente,detalle_ausente_o_cero,https://datos.jus.gob.ar/dataset/declaraciones-juradas-patrimoniales-integrales
dip-volnovich-luana,Luana Volnovich,2022,Anual,0,657160,cierre,23072273.77,23072273.77,1.0,concilia,40000000.0,4000000.0,10.0,resumen_10x_detalle,quiebre_escala_decimal,https://datos.jus.gob.ar/dataset/declaraciones-juradas-patrimoniales-integrales
dip-volnovich-luana,Luana Volnovich,2023,Anual,0,711851,cierre,48018075.09,48018075.09,1.0,concilia,3993860.84,3993860.84,1.0,concilia,concilia,https://datos.jus.gob.ar/dataset/declaraciones-juradas-patrimoniales-integrales
dip-volnovich-luana,Luana Volnovich,2024,Anual,0,800015,cierre,85737709.25,85737709.25,1.0,concilia,3538523.57,0.0,,detalle_ausente,detalle_ausente_o_cero,https://datos.jus.gob.ar/dataset/declaraciones-juradas-patrimoniales-integrales
dip-yasky-hugo,Hugo Yasky,2022,Anual,0,624529,cierre,4208303.62,4208303.62,1.0,concilia,0.0,0.0,,concilia_cero,concilia,https://datos.jus.gob.ar/dataset/declaraciones-juradas-patrimoniales-integrales
dip-yasky-hugo,Hugo Yasky,2023,Anual,1,708359,cierre,18696631.5,18696631.5,1.0,concilia,0.0,0.0,,concilia_cero,concilia,https://datos.jus.gob.ar/dataset/declaraciones-juradas-patrimoniales-integrales
dip-yasky-hugo,Hugo Yasky,2024,Anual,0,789216,cierre,37780588.52,37780588.52,1.0,concilia,0.0,0.0,,concilia_cero,concilia,https://datos.jus.gob.ar/dataset/declaraciones-juradas-patrimoniales-integrales
dip-yedlin-pablo-raul,Pablo Raúl Yedlin,2022,Anual,0,642507,cierre,48123975.36,48123975.36,1.0,concilia,22603.78,22603.78,1.0,concilia,concilia,https://datos.jus.gob.ar/dataset/declaraciones-juradas-patrimoniales-integrales
dip-yedlin-pablo-raul,Pablo Raúl Yedlin,2023,Anual,0,742999,cierre,149807110.93,149807110.93,1.0,concilia,35865.45,35865.45,1.0,concilia,concilia,https://datos.jus.gob.ar/dataset/declaraciones-juradas-patrimoniales-integrales
dip-yedlin-pablo-raul,Pablo Raúl Yedlin,2024,Anual,0,782905,cierre,480242582.41,480242582.41,1.0,concilia,220253.91,220253.92,1.0,concilia,concilia,https://datos.jus.gob.ar/dataset/declaraciones-juradas-patrimoniales-integrales
dip-yeza-martin,Martín Yeza,2022,Anual,2,677499,cierre,4885107.02,4885107.02,1.0,concilia,0.0,0.0,,concilia_cero,concilia,https://datos.jus.gob.ar/dataset/declaraciones-juradas-patrimoniales-integrales
dip-yeza-martin,Martín Yeza,2023,Anual,0,758647,cierre,10656000.66,10656000.66,1.0,concilia,0.0,0.0,,concilia_cero,concilia,https://datos.jus.gob.ar/dataset/declaraciones-juradas-patrimoniales-integrales
dip-yeza-martin,Martín Yeza,2024,Anual,0,771703,cierre,24686094.2,24686094.2,1.0,concilia,0.0,0.0,,concilia_cero,concilia,https://datos.jus.gob.ar/dataset/declaraciones-juradas-patrimoniales-integrales
dip-zago-oscar,Oscar Zago,2022,Inicial,0,677397,inicio,251465990.0,25146599.0,10.0,resumen_10x_detalle,0.0,0.0,,concilia_cero,quiebre_escala_decimal,https://datos.jus.gob.ar/dataset/declaraciones-juradas-patrimoniales-integrales
dip-zago-oscar,Oscar Zago,2023,Anual,0,751806,cierre,44987763.48,44987763.48,1.0,concilia,0.0,0.0,,concilia_cero,concilia,https://datos.jus.gob.ar/dataset/declaraciones-juradas-patrimoniales-integrales
dip-zago-oscar,Oscar Zago,2024,Anual,0,817670,cierre,86587875.83,86587875.83,1.0,concilia,0.0,0.0,,concilia_cero,concilia,https://datos.jus.gob.ar/dataset/declaraciones-juradas-patrimoniales-integrales
dip-zaracho-natalia,Natalia Zaracho,2022,Anual,0,674262,cierre,1680733.57,1680733.57,1.0,concilia,0.0,0.0,,concilia_cero,concilia,https://datos.jus.gob.ar/dataset/declaraciones-juradas-patrimoniales-integrales
dip-zaracho-natalia,Natalia Zaracho,2023,Anual,0,759438,cierre,48039680.0,4803968.0,10.0,resumen_10x_detalle,589959.6,589959.6,1.0,concilia,quiebre_escala_decimal,https://datos.jus.gob.ar/dataset/declaraciones-juradas-patrimoniales-integrales
dip-zaracho-natalia,Natalia Zaracho,2024,Anual,0,769789,cierre,83662080.0,8366208.0,10.0,resumen_10x_detalle,1149771.69,1149771.69,1.0,concilia,quiebre_escala_decimal,https://datos.jus.gob.ar/dataset/declaraciones-juradas-patrimoniales-integrales
dip-zulli-christian-alejandro,Christian Alejandro Zulli,2022,Anual,0,666590,cierre,20234620.0,2023462.0,10.0,resumen_10x_detalle,2600000.0,260000.0,10.0,resumen_10x_detalle,quiebre_escala_decimal,https://datos.jus.gob.ar/dataset/declaraciones-juradas-patrimoniales-integrales
dip-zulli-christian-alejandro,Christian Alejandro Zulli,2023,Anual,0,737119,cierre,93887400.0,9388740.0,10.0,resumen_10x_detalle,5660000.0,566000.0,10.0,resumen_10x_detalle,quiebre_escala_decimal,https://datos.jus.gob.ar/dataset/declaraciones-juradas-patrimoniales-integrales
dip-zulli-christian-alejandro,Christian Alejandro Zulli,2024,Anual,0,804507,cierre,288557910.0,28855791.0,10.0,resumen_10x_detalle,286743800.0,0.0,,detalle_ausente,quiebre_escala_decimal,https://datos.jus.gob.ar/dataset/declaraciones-juradas-patrimoniales-integrales
sen-abad-maximiliano,Maximiliano Abad,2022,Anual,0,679722,cierre,33721340.49,33721340.49,1.0,concilia,0.0,0.0,,concilia_cero,concilia,https://datos.jus.gob.ar/dataset/declaraciones-juradas-patrimoniales-integrales
sen-abad-maximiliano,Maximiliano Abad,2023,Inicial,0,693266,inicio,28217118.96,28217118.96,1.0,concilia,0.0,0.0,,concilia_cero,concilia,https://datos.jus.gob.ar/dataset/declaraciones-juradas-patrimoniales-integrales
sen-abad-maximiliano,Maximiliano Abad,2024,Anual,0,821429,cierre,207344565.45,207344565.45,1.0,concilia,0.0,0.0,,concilia_cero,concilia,https://datos.jus.gob.ar/dataset/declaraciones-juradas-patrimoniales-integrales
sen-abdala-bartolome-esteban,Bartolomé Esteban Abdala,2022,Anual,0,677121,cierre,58387164.53,58387164.53,1.0,concilia,7500000.0,750000.0,10.0,resumen_10x_detalle,quiebre_escala_decimal,https://datos.jus.gob.ar/dataset/declaraciones-juradas-patrimoniales-integrales
sen-abdala-bartolome-esteban,Bartolomé Esteban Abdala,2023,Anual,0,818157,cierre,110703314.95,110703314.95,1.0,concilia,0.0,0.0,,concilia_cero,concilia,https://datos.jus.gob.ar/dataset/declaraciones-juradas-patrimoniales-integrales
sen-abdala-bartolome-esteban,Bartolomé Esteban Abdala,2024,Anual,0,818193,cierre,197910994.26,197910994.26,1.0,concilia,0.0,0.0,,concilia_cero,concilia,https://datos.jus.gob.ar/dataset/declaraciones-juradas-patrimoniales-integrales
sen-almeida-romina-maria,Romina María Almeida,2024,Anual,0,822755,cierre,7651677.34,7651677.34,1.0,concilia,0.0,0.0,,concilia_cero,concilia,https://datos.jus.gob.ar/dataset/declaraciones-juradas-patrimoniales-integrales
sen-andrada-guillermo-eduardo,Guillermo Eduardo Andrada,2022,Anual,0,649856,cierre,31310818.23,31310818.23,1.0,concilia,2223950.0,222395.0,10.0,resumen_10x_detalle,quiebre_escala_decimal,https://datos.jus.gob.ar/dataset/declaraciones-juradas-patrimoniales-integrales
sen-andrada-guillermo-eduardo,Guillermo Eduardo Andrada,2023,Anual,0,736576,cierre,102847251.54,102847251.54,1.0,concilia,6707732.05,6707732.05,1.0,concilia,concilia,https://datos.jus.gob.ar/dataset/declaraciones-juradas-patrimoniales-integrales
sen-andrada-guillermo-eduardo,Guillermo Eduardo Andrada,2024,Anual,0,787128,cierre,158533790.02,158533790.02,1.0,concilia,1089637.94,1089637.94,1.0,concilia,concilia,https://datos.jus.gob.ar/dataset/declaraciones-juradas-patrimoniales-integrales
sen-arce-carlos-omar,Carlos Omar Arce,2022,Anual,0,675047,cierre,53592850.0,5359285.0,10.0,resumen_10x_detalle,0.0,0.0,,concilia_cero,quiebre_escala_decimal,https://datos.jus.gob.ar/dataset/declaraciones-juradas-patrimoniales-integrales
sen-arce-carlos-omar,Carlos Omar Arce,2023,Anual,0,757731,cierre,12498406.14,12498406.14,1.0,concilia,0.0,0.0,,concilia_cero,concilia,https://datos.jus.gob.ar/dataset/declaraciones-juradas-patrimoniales-integrales
sen-arce-carlos-omar,Carlos Omar Arce,2024,Anual,0,772010,cierre,26686865.15,26686865.15,1.0,concilia,0.0,0.0,,concilia_cero,concilia,https://datos.jus.gob.ar/dataset/declaraciones-juradas-patrimoniales-integrales
sen-atauche-ezequiel,Ezequiel Atauche,2022,Anual,0,677181,cierre,197508280.97,197508280.97,1.0,concilia,4339297.99,4339297.99,1.0,concilia,concilia,https://datos.jus.gob.ar/dataset/declaraciones-juradas-patrimoniales-integrales
sen-atauche-ezequiel,Ezequiel Atauche,2023,Anual,0,748891,cierre,593194831.91,593194831.91,1.0,concilia,5625000.0,562500.0,10.0,resumen_10x_detalle,quiebre_escala_decimal,https://datos.jus.gob.ar/dataset/declaraciones-juradas-patrimoniales-integrales
sen-atauche-ezequiel,Ezequiel Atauche,2024,Anual,0,790765,cierre,1091510958.61,1091510958.61,1.0,concilia,38353038.67,0.0,,detalle_ausente,detalle_ausente_o_cero,https://datos.jus.gob.ar/dataset/declaraciones-juradas-patrimoniales-integrales
sen-avila-beatriz-luisa,Beatriz Luisa Avila,2022,Anual,0,656962,cierre,15351523.79,15351523.79,1.0,concilia,2472015.05,2472015.05,1.0,concilia,concilia,https://datos.jus.gob.ar/dataset/declaraciones-juradas-patrimoniales-integrales
sen-avila-beatriz-luisa,Beatriz Luisa Avila,2023,Anual,0,733713,cierre,30649030.89,30649030.89,1.0,concilia,27270000.0,2727000.0,10.0,resumen_10x_detalle,quiebre_escala_decimal,https://datos.jus.gob.ar/dataset/declaraciones-juradas-patrimoniales-integrales
sen-avila-beatriz-luisa,Beatriz Luisa Avila,2024,Anual,0,796438,cierre,138184401.9,138184401.9,1.0,concilia,175530000.0,0.0,,detalle_ausente,detalle_ausente_o_cero,https://datos.jus.gob.ar/dataset/declaraciones-juradas-patrimoniales-integrales
sen-bahl-adan-humberto,Adán Humberto Bahl,2024,Anual,0,823516,cierre,583407622.53,583407622.53,1.0,concilia,0.0,0.0,,concilia_cero,concilia,https://datos.jus.gob.ar/dataset/declaraciones-juradas-patrimoniales-integrales
sen-bensusan-daniel-pablo,Daniel Pablo Bensusán,2022,Anual,0,638362,cierre,31205428.21,31205428.21,1.0,concilia,713174.73,713174.73,1.0,concilia,concilia,https://datos.jus.gob.ar/dataset/declaraciones-juradas-patrimoniales-integrales
sen-bensusan-daniel-pablo,Daniel Pablo Bensusán,2023,Anual,0,710430,cierre,131197981.84,131197981.84,1.0,concilia,1025073.19,1025073.19,1.0,concilia,concilia,https://datos.jus.gob.ar/dataset/declaraciones-juradas-patrimoniales-integrales
sen-bensusan-daniel-pablo,Daniel Pablo Bensusán,2024,Anual,0,777440,cierre,187838136.86,187838136.86,1.0,concilia,4874352.33,4874352.33,1.0,concilia,concilia,https://datos.jus.gob.ar/dataset/declaraciones-juradas-patrimoniales-integrales
sen-bullrich-patricia,Patricia Bullrich,2022,Anual,0,676249,cierre,24621661.28,24621661.28,1.0,concilia,0.0,0.0,,concilia_cero,concilia,https://datos.jus.gob.ar/dataset/declaraciones-juradas-patrimoniales-integrales
sen-bullrich-patricia,Patricia Bullrich,2023,Anual,0,707707,cierre,60700542.63,60700542.63,1.0,concilia,0.0,0.0,,concilia_cero,concilia,https://datos.jus.gob.ar/dataset/declaraciones-juradas-patrimoniales-integrales
sen-bullrich-patricia,Patricia Bullrich,2024,Anual,0,781994,cierre,188341118.24,188341118.24,1.0,concilia,0.0,0.0,,concilia_cero,concilia,https://datos.jus.gob.ar/dataset/declaraciones-juradas-patrimoniales-integrales
sen-coto-agustin-pedro,Agustín Pedro Coto,2024,Anual,0,822384,cierre,70662872.87,70662872.87,1.0,concilia,2162.03,0.0,,detalle_ausente,detalle_ausente_o_cero,https://datos.jus.gob.ar/dataset/declaraciones-juradas-patrimoniales-integrales
sen-fama-flavio-sergio,Flavio Sergio Fama,2022,Anual,0,653138,cierre,25816381.61,25816381.61,1.0,concilia,0.0,0.0,,concilia_cero,concilia,https://datos.jus.gob.ar/dataset/declaraciones-juradas-patrimoniales-integrales
sen-fama-flavio-sergio,Flavio Sergio Fama,2023,Anual,0,758261,cierre,112704459.69,112704459.69,1.0,concilia,0.0,0.0,,concilia_cero,concilia,https://datos.jus.gob.ar/dataset/declaraciones-juradas-patrimoniales-integrales
sen-fama-flavio-sergio,Flavio Sergio Fama,2024,Anual,0,769601,cierre,133822007.4,133822007.4,1.0,concilia,0.0,0.0,,concilia_cero,concilia,https://datos.jus.gob.ar/dataset/declaraciones-juradas-patrimoniales-integrales
sen-fernandez-sagasti-anabel,Anabel Fernández Sagasti,2022,Anual,0,658359,cierre,23765349.42,23765349.42,1.0,concilia,2517393.05,2517393.05,1.0,concilia,concilia,https://datos.jus.gob.ar/dataset/declaraciones-juradas-patrimoniales-integrales
sen-fernandez-sagasti-anabel,Anabel Fernández Sagasti,2023,Anual,0,742369,cierre,52207460.67,52207460.67,1.0,concilia,1929660.51,1929660.51,1.0,concilia,concilia,https://datos.jus.gob.ar/dataset/declaraciones-juradas-patrimoniales-integrales
sen-fernandez-sagasti-anabel,Anabel Fernández Sagasti,2024,Anual,0,809530,cierre,104686434.25,104686434.25,1.0,concilia,12439767.89,0.0,,detalle_ausente,detalle_ausente_o_cero,https://datos.jus.gob.ar/dataset/declaraciones-juradas-patrimoniales-integrales
sen-gadano-natalia-elena,Natalia Elena Gadano,2023,Inicial,1,757003,inicio,6701845.01,6701845.01,1.0,concilia,0.0,0.0,,concilia_cero,concilia,https://datos.jus.gob.ar/dataset/declaraciones-juradas-patrimoniales-integrales
sen-gadano-natalia-elena,Natalia Elena Gadano,2024,Anual,0,793922,cierre,667993160.0,66799316.0,10.0,resumen_10x_detalle,0.0,0.0,,concilia_cero,quiebre_escala_decimal,https://datos.jus.gob.ar/dataset/declaraciones-juradas-patrimoniales-integrales
sen-galaretto-eduardo-horacio,Eduardo Horacio Galaretto,2023,Anual,0,711899,cierre,128555282.95,128555282.95,1.0,concilia,0.0,0.0,,concilia_cero,concilia,https://datos.jus.gob.ar/dataset/declaraciones-juradas-patrimoniales-integrales
sen-galaretto-eduardo-horacio,Eduardo Horacio Galaretto,2024,Anual,0,800772,cierre,342772463.85,342772463.85,1.0,concilia,0.0,0.0,,concilia_cero,concilia,https://datos.jus.gob.ar/dataset/declaraciones-juradas-patrimoniales-integrales
sen-gimenez-navarro-maria-celeste,María Celeste Giménez Navarro,2023,Anual,0,717054,cierre,5873936.35,5873936.35,1.0,concilia,0.0,0.0,,concilia_cero,concilia,https://datos.jus.gob.ar/dataset/declaraciones-juradas-patrimoniales-integrales
sen-gimenez-navarro-maria-celeste,María Celeste Giménez Navarro,2024,Anual,0,797676,cierre,37509216.42,37509216.42,1.0,concilia,0.0,0.0,,concilia_cero,concilia,https://datos.jus.gob.ar/dataset/declaraciones-juradas-patrimoniales-integrales
sen-huala-maria-victoria,María Victoria Huala,2022,Anual,0,662238,cierre,6827140.0,682714.0,10.0,resumen_10x_detalle,1768518.84,1768518.84,1.0,concilia,quiebre_escala_decimal,https://datos.jus.gob.ar/dataset/declaraciones-juradas-patrimoniales-integrales
sen-huala-maria-victoria,María Victoria Huala,2023,Anual,1,744119,cierre,11780447.54,11780447.54,1.0,concilia,20819807.86,20819807.86,1.0,concilia,concilia,https://datos.jus.gob.ar/dataset/declaraciones-juradas-patrimoniales-integrales
sen-huala-maria-victoria,María Victoria Huala,2024,Anual,0,799792,cierre,29027389.06,29027389.06,1.0,concilia,14552092.39,0.0,,detalle_ausente,detalle_ausente_o_cero,https://datos.jus.gob.ar/dataset/declaraciones-juradas-patrimoniales-integrales
sen-juez-luis-alfredo,Luis Alfredo Juez,2022,Anual,0,661696,cierre,30744067.5,30744067.5,1.0,concilia,0.0,0.0,,concilia_cero,concilia,https://datos.jus.gob.ar/dataset/declaraciones-juradas-patrimoniales-integrales
sen-juez-luis-alfredo,Luis Alfredo Juez,2023,Anual,1,727247,cierre,491468310.0,49146831.0,10.0,resumen_10x_detalle,0.0,0.0,,concilia_cero,quiebre_escala_decimal,https://datos.jus.gob.ar/dataset/declaraciones-juradas-patrimoniales-integrales
sen-juez-luis-alfredo,Luis Alfredo Juez,2024,Anual,0,806422,cierre,92530033.5,92530033.5,1.0,concilia,0.0,0.0,,concilia_cero,concilia,https://datos.jus.gob.ar/dataset/declaraciones-juradas-patrimoniales-integrales
sen-juri-mariana,Mariana Juri,2022,Anual,0,672128,cierre,78804510.0,7880451.0,10.0,resumen_10x_detalle,0.0,0.0,,concilia_cero,quiebre_escala_decimal,https://datos.jus.gob.ar/dataset/declaraciones-juradas-patrimoniales-integrales
sen-juri-mariana,Mariana Juri,2023,Anual,0,746120,cierre,212022600.0,21202260.0,10.0,resumen_10x_detalle,2266666.69,2266666.69,1.0,concilia,quiebre_escala_decimal,https://datos.jus.gob.ar/dataset/declaraciones-juradas-patrimoniales-integrales
sen-juri-mariana,Mariana Juri,2024,Anual,0,801160,cierre,28611799.74,28611799.74,1.0,concilia,12666660.0,0.0,,detalle_ausente,detalle_ausente_o_cero,https://datos.jus.gob.ar/dataset/declaraciones-juradas-patrimoniales-integrales
sen-kirchner-alicia-margarita-antonia,Alicia Margarita Antonia Kirchner,2023,Anual,0,757437,cierre,43626664.46,43626664.46,1.0,concilia,0.0,0.0,,concilia_cero,concilia,https://datos.jus.gob.ar/dataset/declaraciones-juradas-patrimoniales-integrales
sen-kirchner-alicia-margarita-antonia,Alicia Margarita Antonia Kirchner,2024,Anual,0,779847,cierre,123327181.48,123327181.48,1.0,concilia,0.0,0.0,,concilia_cero,concilia,https://datos.jus.gob.ar/dataset/declaraciones-juradas-patrimoniales-integrales
sen-kroneberger-daniel-ricardo,Daniel Ricardo Kroneberger,2022,Anual,0,647266,cierre,33256822.49,33256822.49,1.0,concilia,16000080.0,1600008.0,10.0,resumen_10x_detalle,quiebre_escala_decimal,https://datos.jus.gob.ar/dataset/declaraciones-juradas-patrimoniales-integrales
sen-kroneberger-daniel-ricardo,Daniel Ricardo Kroneberger,2023,Anual,0,713091,cierre,38678302.02,38678302.02,1.0,concilia,16000080.0,1600008.0,10.0,resumen_10x_detalle,quiebre_escala_decimal,https://datos.jus.gob.ar/dataset/declaraciones-juradas-patrimoniales-integrales
sen-kroneberger-daniel-ricardo,Daniel Ricardo Kroneberger,2024,Anual,0,787164,cierre,135811406.1,135811406.1,1.0,concilia,0.0,0.0,,concilia_cero,concilia,https://datos.jus.gob.ar/dataset/declaraciones-juradas-patrimoniales-integrales
sen-lewandowski-marcelo-nestor,Marcelo Néstor Lewandowski,2022,Anual,0,637032,cierre,15791724.23,15791724.23,1.0,concilia,3850000.0,385000.0,10.0,resumen_10x_detalle,quiebre_escala_decimal,https://datos.jus.gob.ar/dataset/declaraciones-juradas-patrimoniales-integrales
sen-lewandowski-marcelo-nestor,Marcelo Néstor Lewandowski,2023,Anual,0,712625,cierre,42041772.89,42041772.89,1.0,concilia,8440000.0,844000.0,10.0,resumen_10x_detalle,quiebre_escala_decimal,https://datos.jus.gob.ar/dataset/declaraciones-juradas-patrimoniales-integrales
sen-lewandowski-marcelo-nestor,Marcelo Néstor Lewandowski,2024,Anual,0,788706,cierre,115292096.84,115292096.84,1.0,concilia,91060000.0,0.0,,detalle_ausente,detalle_ausente_o_cero,https://datos.jus.gob.ar/dataset/declaraciones-juradas-patrimoniales-integrales
sen-linares-carlos-alberto,Carlos Alberto Linares,2022,Anual,0,640206,cierre,49181879.47,49181879.47,1.0,concilia,0.0,0.0,,concilia_cero,concilia,https://datos.jus.gob.ar/dataset/declaraciones-juradas-patrimoniales-integrales
sen-linares-carlos-alberto,Carlos Alberto Linares,2023,Anual,0,705890,cierre,191068879.98,191068879.98,1.0,concilia,0.0,0.0,,concilia_cero,concilia,https://datos.jus.gob.ar/dataset/declaraciones-juradas-patrimoniales-integrales
sen-linares-carlos-alberto,Carlos Alberto Linares,2024,Anual,0,793006,cierre,291950266.42,291950266.42,1.0,concilia,0.0,0.0,,concilia_cero,concilia,https://datos.jus.gob.ar/dataset/declaraciones-juradas-patrimoniales-integrales
sen-losada-carolina,Carolina Losada,2022,Anual,0,673896,cierre,32456263.28,32456263.28,1.0,concilia,0.0,0.0,,concilia_cero,concilia,https://datos.jus.gob.ar/dataset/declaraciones-juradas-patrimoniales-integrales
sen-losada-carolina,Carolina Losada,2023,Anual,0,741505,cierre,75926199.77,75926199.77,1.0,concilia,5309225.89,5309225.89,1.0,concilia,concilia,https://datos.jus.gob.ar/dataset/declaraciones-juradas-patrimoniales-integrales
sen-losada-carolina,Carolina Losada,2024,Anual,0,807001,cierre,168026421.86,168026421.86,1.0,concilia,6290686.56,0.0,,detalle_ausente,detalle_ausente_o_cero,https://datos.jus.gob.ar/dataset/declaraciones-juradas-patrimoniales-integrales
sen-manzur-juan-luis,Juan Luis Manzur,2022,Anual,0,644743,cierre,86506304.08,86506304.08,1.0,concilia,384459.2,384459.2,1.0,concilia,concilia,https://datos.jus.gob.ar/dataset/declaraciones-juradas-patrimoniales-integrales
sen-manzur-juan-luis,Juan Luis Manzur,2023,Anual,0,740084,cierre,135771728.6,135771728.6,1.0,concilia,5546332.3,5546332.3,1.0,concilia,concilia,https://datos.jus.gob.ar/dataset/declaraciones-juradas-patrimoniales-integrales
sen-manzur-juan-luis,Juan Luis Manzur,2024,Anual,0,780154,cierre,418544621.79,418544621.79,1.0,concilia,3158330.66,3158330.66,1.0,concilia,concilia,https://datos.jus.gob.ar/dataset/declaraciones-juradas-patrimoniales-integrales
sen-marks-ana-ines,Ana Inés Marks,2022,Anual,0,622899,cierre,15000000.0,1500000.0,10.0,resumen_10x_detalle,7805000.0,780500.0,10.0,resumen_10x_detalle,quiebre_escala_decimal,https://datos.jus.gob.ar/dataset/declaraciones-juradas-patrimoniales-integrales
sen-marks-ana-ines,Ana Inés Marks,2023,Baja,0,685516,cierre,16000000.0,1600000.0,10.0,resumen_10x_detalle,741594.88,741594.88,1.0,concilia,quiebre_escala_decimal,https://datos.jus.gob.ar/dataset/declaraciones-juradas-patrimoniales-integrales
sen-marks-ana-ines,Ana Inés Marks,2024,Anual,0,822235,cierre,171804681.05,171804681.05,1.0,concilia,728428.87,0.0,,detalle_ausente,detalle_ausente_o_cero,https://datos.jus.gob.ar/dataset/declaraciones-juradas-patrimoniales-integrales
sen-marquez-nadia-judith,Nadia Judith Márquez,2022,Anual,0,677698,cierre,91800740.0,9180074.0,10.0,resumen_10x_detalle,0.0,0.0,,concilia_cero,quiebre_escala_decimal,https://datos.jus.gob.ar/dataset/declaraciones-juradas-patrimoniales-integrales
sen-marquez-nadia-judith,Nadia Judith Márquez,2023,Anual,0,745788,cierre,21107180.33,21107180.33,1.0,concilia,0.0,0.0,,concilia_cero,concilia,https://datos.jus.gob.ar/dataset/declaraciones-juradas-patrimoniales-integrales
sen-marquez-nadia-judith,Nadia Judith Márquez,2024,Anual,1,821706,cierre,35632796.33,35632796.33,1.0,concilia,0.0,0.0,,concilia_cero,concilia,https://datos.jus.gob.ar/dataset/declaraciones-juradas-patrimoniales-integrales
sen-mendoza-sandra-mariela,Sandra Mariela Mendoza,2022,Anual,0,632285,cierre,23057022.14,23057022.14,1.0,concilia,0.0,0.0,,concilia_cero,concilia,https://datos.jus.gob.ar/dataset/declaraciones-juradas-patrimoniales-integrales
sen-mendoza-sandra-mariela,Sandra Mariela Mendoza,2023,Anual,0,723243,cierre,114350744.84,114350744.84,1.0,concilia,186500000.0,18650000.0,10.0,resumen_10x_detalle,quiebre_escala_decimal,https://datos.jus.gob.ar/dataset/declaraciones-juradas-patrimoniales-integrales
sen-mendoza-sandra-mariela,Sandra Mariela Mendoza,2024,Anual,0,814201,cierre,197068569.39,197068569.39,1.0,concilia,0.0,0.0,,concilia_cero,concilia,https://datos.jus.gob.ar/dataset/declaraciones-juradas-patrimoniales-integrales
sen-monte-de-oca-maria-belen,María Belén Monte de Oca,2024,Anual,0,822444,cierre,46885000.0,4688500.0,10.0,resumen_10x_detalle,0.0,0.0,,concilia_cero,quiebre_escala_decimal,https://datos.jus.gob.ar/dataset/declaraciones-juradas-patrimoniales-integrales
sen-monteverde-agustin-anibal,Agustín Aníbal Monteverde,2024,Anual,0,822535,cierre,357984920.54,357984920.54,1.0,concilia,10177415.32,0.0,,detalle_ausente,detalle_ausente_o_cero,https://datos.jus.gob.ar/dataset/declaraciones-juradas-patrimoniales-integrales
sen-neder-jose-emilio,José Emilio Neder,2022,Anual,0,626314,cierre,12467811.07,12467811.07,1.0,concilia,131172.17,131172.17,1.0,concilia,concilia,https://datos.jus.gob.ar/dataset/declaraciones-juradas-patrimoniales-integrales
sen-neder-jose-emilio,José Emilio Neder,2023,Anual,0,710673,cierre,30108517.28,30108517.28,1.0,concilia,215945.03,215945.03,1.0,concilia,concilia,https://datos.jus.gob.ar/dataset/declaraciones-juradas-patrimoniales-integrales
sen-neder-jose-emilio,José Emilio Neder,2024,Anual,0,773048,cierre,70059364.04,70059364.04,1.0,concilia,2915290.0,291529.0,10.0,resumen_10x_detalle,quiebre_escala_decimal,https://datos.jus.gob.ar/dataset/declaraciones-juradas-patrimoniales-integrales
sen-olivera-lucero-bruno-antonio,Bruno Antonio Olivera Lucero,2022,Anual,0,676741,cierre,66757830.0,6675783.0,10.0,resumen_10x_detalle,0.0,0.0,,concilia_cero,quiebre_escala_decimal,https://datos.jus.gob.ar/dataset/declaraciones-juradas-patrimoniales-integrales
sen-olivera-lucero-bruno-antonio,Bruno Antonio Olivera Lucero,2023,Anual,0,711627,cierre,142119560.0,14211956.0,10.0,resumen_10x_detalle,0.0,0.0,,concilia_cero,quiebre_escala_decimal,https://datos.jus.gob.ar/dataset/declaraciones-juradas-patrimoniales-integrales
sen-olivera-lucero-bruno-antonio,Bruno Antonio Olivera Lucero,2024,Anual,0,816670,cierre,260171000.0,26017100.0,10.0,resumen_10x_detalle,0.0,0.0,,concilia_cero,quiebre_escala_decimal,https://datos.jus.gob.ar/dataset/declaraciones-juradas-patrimoniales-integrales
sen-paoltroni-francisco-manuel,Francisco Manuel Paoltroni,2022,Anual,1,677483,cierre,283612992.78,283612992.78,1.0,concilia,15311783.33,15311783.33,1.0,concilia,concilia,https://datos.jus.gob.ar/dataset/declaraciones-juradas-patrimoniales-integrales
sen-paoltroni-francisco-manuel,Francisco Manuel Paoltroni,2023,Anual,0,754127,cierre,320977385.22,320977385.22,1.0,concilia,84349495.42,84349495.42,1.0,concilia,concilia,https://datos.jus.gob.ar/dataset/declaraciones-juradas-patrimoniales-integrales
sen-paoltroni-francisco-manuel,Francisco Manuel Paoltroni,2024,Anual,1,826903,cierre,1428457142.01,1428457142.01,1.0,concilia,317189226.27,0.0,,detalle_ausente,detalle_ausente_o_cero,https://datos.jus.gob.ar/dataset/declaraciones-juradas-patrimoniales-integrales
sen-recalde-mariano,Mariano Recalde,2022,Anual,0,676022,cierre,102021811.5,102021811.5,1.0,concilia,2760000.0,276000.0,10.0,resumen_10x_detalle,quiebre_escala_decimal,https://datos.jus.gob.ar/dataset/declaraciones-juradas-patrimoniales-integrales
sen-recalde-mariano,Mariano Recalde,2023,Anual,0,761374,cierre,390145810.6,390145810.6,1.0,concilia,7356795.09,7356795.09,1.0,concilia,concilia,https://datos.jus.gob.ar/dataset/declaraciones-juradas-patrimoniales-integrales
sen-recalde-mariano,Mariano Recalde,2024,Anual,0,826749,cierre,982380851.65,982380851.65,1.0,concilia,1656457.36,0.0,,detalle_ausente,detalle_ausente_o_cero,https://datos.jus.gob.ar/dataset/declaraciones-juradas-patrimoniales-integrales
sen-rejal-jesus-fernando,Jesús Fernando Rejal,2022,Anual,0,677019,cierre,662238000.0,66223800.0,10.0,resumen_10x_detalle,0.0,0.0,,concilia_cero,quiebre_escala_decimal,https://datos.jus.gob.ar/dataset/declaraciones-juradas-patrimoniales-integrales
sen-rejal-jesus-fernando,Jesús Fernando Rejal,2023,Anual,0,713545,cierre,295725611.06,295725611.06,1.0,concilia,0.0,0.0,,concilia_cero,concilia,https://datos.jus.gob.ar/dataset/declaraciones-juradas-patrimoniales-integrales
sen-rejal-jesus-fernando,Jesús Fernando Rejal,2024,Anual,1,773364,cierre,61982788.05,61982788.05,1.0,concilia,0.0,0.0,,concilia_cero,concilia,https://datos.jus.gob.ar/dataset/declaraciones-juradas-patrimoniales-integrales
sen-rojas-decut-sonia-elizabeth,Sonia Elizabeth Rojas Decut,2023,Anual,0,757901,cierre,29421580.53,29421580.53,1.0,concilia,2011492.64,2011492.64,1.0,concilia,concilia,https://datos.jus.gob.ar/dataset/declaraciones-juradas-patrimoniales-integrales
sen-rojas-decut-sonia-elizabeth,Sonia Elizabeth Rojas Decut,2024,Anual,0,774570,cierre,73303007.86,73303007.86,1.0,concilia,6860663.56,6860663.56,1.0,concilia,concilia,https://datos.jus.gob.ar/dataset/declaraciones-juradas-patrimoniales-integrales
sen-salino-fernando-aldo,Fernando Aldo Salino,2023,Anual,0,707822,cierre,29668005.51,29668005.51,1.0,concilia,0.0,0.0,,concilia_cero,concilia,https://datos.jus.gob.ar/dataset/declaraciones-juradas-patrimoniales-integrales
sen-salino-fernando-aldo,Fernando Aldo Salino,2024,Anual,1,777380,cierre,49271852.57,49271852.57,1.0,concilia,0.0,0.0,,concilia_cero,concilia,https://datos.jus.gob.ar/dataset/declaraciones-juradas-patrimoniales-integrales
sen-soria-martin-ignacio,Martin Ignacio Soria,2022,Anual,1,655434,cierre,26631574.44,26631574.44,1.0,concilia,1504140.0,150414.0,10.0,resumen_10x_detalle,quiebre_escala_decimal,https://datos.jus.gob.ar/dataset/declaraciones-juradas-patrimoniales-integrales
sen-soria-martin-ignacio,Martin Ignacio Soria,2023,Anual,0,745162,cierre,82189266.66,82189266.66,1.0,concilia,5025960.0,502596.0,10.0,resumen_10x_detalle,quiebre_escala_decimal,https://datos.jus.gob.ar/dataset/declaraciones-juradas-patrimoniales-integrales
sen-soria-martin-ignacio,Martin Ignacio Soria,2024,Anual,0,795325,cierre,183868586.69,183868586.69,1.0,concilia,166323470.0,0.0,,detalle_ausente,detalle_ausente_o_cero,https://datos.jus.gob.ar/dataset/declaraciones-juradas-patrimoniales-integrales
sen-suarez-rodolfo-alejandro,Rodolfo Alejandro Suárez,2023,Anual,0,739603,cierre,164876796.46,164876796.46,1.0,concilia,0.0,0.0,,concilia_cero,concilia,https://datos.jus.gob.ar/dataset/declaraciones-juradas-patrimoniales-integrales
sen-suarez-rodolfo-alejandro,Rodolfo Alejandro Suárez,2024,Anual,2,827231,cierre,525760448.49,525760448.49,1.0,concilia,0.0,0.0,,concilia_cero,concilia,https://datos.jus.gob.ar/dataset/declaraciones-juradas-patrimoniales-integrales
sen-terenzi-edith-elizabeth,Edith Elizabeth Terenzi,2022,Anual,0,627993,cierre,13128206.65,13128206.65,1.0,concilia,0.0,0.0,,concilia_cero,concilia,https://datos.jus.gob.ar/dataset/declaraciones-juradas-patrimoniales-integrales
sen-terenzi-edith-elizabeth,Edith Elizabeth Terenzi,2023,Anual,0,718001,cierre,30531801.25,30531801.25,1.0,concilia,0.0,0.0,,concilia_cero,concilia,https://datos.jus.gob.ar/dataset/declaraciones-juradas-patrimoniales-integrales
sen-terenzi-edith-elizabeth,Edith Elizabeth Terenzi,2024,Anual,0,802532,cierre,65779477.58,65779477.58,1.0,concilia,0.0,0.0,,concilia_cero,concilia,https://datos.jus.gob.ar/dataset/declaraciones-juradas-patrimoniales-integrales
sen-valenzuela-mercedes-gabriela,Mercedes Gabriela Valenzuela,2022,Anual,0,646378,cierre,447262850.0,44726285.0,10.0,resumen_10x_detalle,0.0,0.0,,concilia_cero,quiebre_escala_decimal,https://datos.jus.gob.ar/dataset/declaraciones-juradas-patrimoniales-integrales
sen-valenzuela-mercedes-gabriela,Mercedes Gabriela Valenzuela,2023,Anual,0,705453,cierre,407310000.0,40731000.0,10.0,resumen_10x_detalle,0.0,0.0,,concilia_cero,quiebre_escala_decimal,https://datos.jus.gob.ar/dataset/declaraciones-juradas-patrimoniales-integrales
sen-valenzuela-mercedes-gabriela,Mercedes Gabriela Valenzuela,2024,Anual,0,801726,cierre,499777360.0,49977736.0,10.0,resumen_10x_detalle,0.0,0.0,,concilia_cero,quiebre_escala_decimal,https://datos.jus.gob.ar/dataset/declaraciones-juradas-patrimoniales-integrales
sen-vigo-alejandra-maria,Alejandra María Vigo,2022,Anual,0,628402,cierre,53360017.91,53360017.91,1.0,concilia,684615.86,684615.86,1.0,concilia,concilia,https://datos.jus.gob.ar/dataset/declaraciones-juradas-patrimoniales-integrales
sen-vigo-alejandra-maria,Alejandra María Vigo,2023,Anual,0,707492,cierre,178964782.35,178964782.35,1.0,concilia,1935911.53,1935911.53,1.0,concilia,concilia,https://datos.jus.gob.ar/dataset/declaraciones-juradas-patrimoniales-integrales
sen-vigo-alejandra-maria,Alejandra María Vigo,2024,Anual,0,772576,cierre,362301090.87,362301090.87,1.0,concilia,3192123.9,3192123.9,1.0,concilia,concilia,https://datos.jus.gob.ar/dataset/declaraciones-juradas-patrimoniales-integrales
sen-zamora-gerardo,Gerardo Zamora,2022,Inicial,0,676743,inicio,26521595.52,26521595.52,1.0,concilia,0.0,0.0,,concilia_cero,concilia,https://datos.jus.gob.ar/dataset/declaraciones-juradas-patrimoniales-integrales
pen-milei-javier-gerardo,Javier Gerardo Milei,2022,Anual,0,666955,cierre,21101634.54,21101634.54,1.0,concilia,0.0,0.0,,concilia_cero,concilia,https://datos.jus.gob.ar/dataset/declaraciones-juradas-patrimoniales-integrales
pen-milei-javier-gerardo,Javier Gerardo Milei,2023,Anual,0,749085,cierre,125640891.45,125640891.45,1.0,concilia,0.0,0.0,,concilia_cero,concilia,https://datos.jus.gob.ar/dataset/declaraciones-juradas-patrimoniales-integrales
pen-milei-javier-gerardo,Javier Gerardo Milei,2024,Anual,0,797241,cierre,206046375.48,206046375.48,1.0,concilia,0.0,0.0,,concilia_cero,concilia,https://datos.jus.gob.ar/dataset/declaraciones-juradas-patrimoniales-integrales
pen-villarruel-victoria-eugenia,Victoria Eugenia Villarruel,2022,Anual,1,757056,cierre,4405137.81,4405137.81,1.0,concilia,0.0,0.0,,concilia_cero,concilia,https://datos.jus.gob.ar/dataset/declaraciones-juradas-patrimoniales-integrales
pen-villarruel-victoria-eugenia,Victoria Eugenia Villarruel,2023,Anual,1,757099,cierre,36880425.47,36880425.47,1.0,concilia,0.0,0.0,,concilia_cero,concilia,https://datos.jus.gob.ar/dataset/declaraciones-juradas-patrimoniales-integrales
pen-villarruel-victoria-eugenia,Victoria Eugenia Villarruel,2024,Anual,0,808969,cierre,80223743.06,80223743.06,1.0,concilia,8967440.0,0.0,,detalle_ausente,detalle_ausente_o_cero,https://datos.jus.gob.ar/dataset/declaraciones-juradas-patrimoniales-integrales
pen-santilli-diego-cesar,Diego César Santilli,2022,Anual,0,632094,cierre,109183552.96,109183552.96,1.0,concilia,8350000.0,835000.0,10.0,resumen_10x_detalle,quiebre_escala_decimal,https://datos.jus.gob.ar/dataset/declaraciones-juradas-patrimoniales-integrales
pen-santilli-diego-cesar,Diego César Santilli,2023,Anual,0,725653,cierre,314897257.49,314897257.49,1.0,concilia,11430000.0,1143000.0,10.0,resumen_10x_detalle,quiebre_escala_decimal,https://datos.jus.gob.ar/dataset/declaraciones-juradas-patrimoniales-integrales
pen-santilli-diego-cesar,Diego César Santilli,2024,Anual,0,785850,cierre,691124004.17,691124004.17,1.0,concilia,4610000.0,461000.0,10.0,resumen_10x_detalle,quiebre_escala_decimal,https://datos.jus.gob.ar/dataset/declaraciones-juradas-patrimoniales-integrales
pen-milei-karina-elizabeth,Karina Elizabeth Milei,2023,Anual,0,748973,cierre,3548270.42,3548270.42,1.0,concilia,10908660.0,1090866.0,10.0,resumen_10x_detalle,quiebre_escala_decimal,https://datos.jus.gob.ar/dataset/declaraciones-juradas-patrimoniales-integrales
pen-milei-karina-elizabeth,Karina Elizabeth Milei,2024,Anual,0,795500,cierre,11401021.93,11401021.93,1.0,concilia,8419610.0,0.0,,detalle_ausente,detalle_ausente_o_cero,https://datos.jus.gob.ar/dataset/declaraciones-juradas-patrimoniales-integrales
pen-presti-carlos-alberto,Carlos Alberto Presti,2022,Anual,0,661174,cierre,8017111.51,8017111.51,1.0,concilia,0.0,0.0,,concilia_cero,concilia,https://datos.jus.gob.ar/dataset/declaraciones-juradas-patrimoniales-integrales
pen-presti-carlos-alberto,Carlos Alberto Presti,2023,Anual,0,751888,cierre,59607451.51,59607451.51,1.0,concilia,0.0,0.0,,concilia_cero,concilia,https://datos.jus.gob.ar/dataset/declaraciones-juradas-patrimoniales-integrales
pen-caputo-luis-andres,Luis Andrés Caputo,2023,Anual,1,754853,cierre,4996083558.32,4996083558.32,1.0,concilia,10844968.1,10844968.1,1.0,concilia,concilia,https://datos.jus.gob.ar/dataset/declaraciones-juradas-patrimoniales-integrales
pen-caputo-luis-andres,Luis Andrés Caputo,2024,Anual,0,804505,cierre,11851166833.39,11851166833.39,1.0,concilia,195687299.53,0.0,,detalle_ausente,detalle_ausente_o_cero,https://datos.jus.gob.ar/dataset/declaraciones-juradas-patrimoniales-integrales
pen-monteoliva-alejandra-susana,Alejandra Susana Monteoliva,2024,Anual,0,815087,cierre,59134409.58,59134409.58,1.0,concilia,0.0,0.0,,concilia_cero,concilia,https://datos.jus.gob.ar/dataset/declaraciones-juradas-patrimoniales-integrales
pen-lugones-mario-ivan,Mario Iván Lugones,2023,Anual,0,752253,cierre,63168807.11,63168807.11,1.0,concilia,2351418.39,2351418.39,1.0,concilia,concilia,https://datos.jus.gob.ar/dataset/declaraciones-juradas-patrimoniales-integrales
pen-lugones-mario-ivan,Mario Iván Lugones,2024,Anual,0,807657,cierre,282086796.17,282086796.17,1.0,concilia,1019895.16,0.0,,detalle_ausente,detalle_ausente_o_cero,https://datos.jus.gob.ar/dataset/declaraciones-juradas-patrimoniales-integrales
pen-pettovello-sandra-viviana,Sandra Viviana Pettovello,2022,Anual,0,677040,cierre,18254349.04,18254349.04,1.0,concilia,0.0,0.0,,concilia_cero,concilia,https://datos.jus.gob.ar/dataset/declaraciones-juradas-patrimoniales-integrales
pen-pettovello-sandra-viviana,Sandra Viviana Pettovello,2023,Anual,1,753661,cierre,60159721.82,60159721.82,1.0,concilia,0.0,0.0,,concilia_cero,concilia,https://datos.jus.gob.ar/dataset/declaraciones-juradas-patrimoniales-integrales
pen-pettovello-sandra-viviana,Sandra Viviana Pettovello,2024,Anual,1,819791,cierre,130704785.27,130704785.27,1.0,concilia,0.0,0.0,,concilia_cero,concilia,https://datos.jus.gob.ar/dataset/declaraciones-juradas-patrimoniales-integrales
pen-sturzenegger-federico-adolfo,Federico Adolfo Sturzenegger,2024,Anual,0,812847,cierre,2371733030.08,2371733030.08,1.0,concilia,6864732.07,0.0,,detalle_ausente,detalle_ausente_o_cero,https://datos.jus.gob.ar/dataset/declaraciones-juradas-patrimoniales-integrales
gov-torres-ignacio-agustin,Ignacio Agustín Torres,2022,Anual,0,672052,cierre,93573649.24,93573649.24,1.0,concilia,1605010.25,1605010.25,1.0,concilia,concilia,https://datos.jus.gob.ar/dataset/declaraciones-juradas-patrimoniales-integrales
gov-torres-ignacio-agustin,Ignacio Agustín Torres,2023,Baja,0,686423,cierre,257225285.11,257225285.11,1.0,concilia,15166180.62,15166180.62,1.0,concilia,concilia,https://datos.jus.gob.ar/dataset/declaraciones-juradas-patrimoniales-integrales
gov-frigerio-rogelio,Rogelio Frigerio,2022,Anual,0,638979,cierre,182251913.76,182251913.76,1.0,concilia,9822463.8,9822463.8,1.0,concilia,concilia,https://datos.jus.gob.ar/dataset/declaraciones-juradas-patrimoniales-integrales
gov-insfran-gildo,Gildo Insfrán,2022,Anual,0,675104,cierre,134723223.29,134723223.29,1.0,concilia,1123570.0,112357.0,10.0,resumen_10x_detalle,quiebre_escala_decimal,https://datos.jus.gob.ar/dataset/declaraciones-juradas-patrimoniales-integrales
gov-figueroa-rolando-ceferino,Rolando Ceferino Figueroa,2022,Anual,0,664306,cierre,26430167.24,26430167.24,1.0,concilia,85272.91,85272.91,1.0,concilia,concilia,https://datos.jus.gob.ar/dataset/declaraciones-juradas-patrimoniales-integrales
gov-vidal-claudio-orlando,Claudio Orlando Vidal,2022,Anual,0,617814,cierre,147618890.0,14761889.0,10.0,resumen_10x_detalle,0.0,0.0,,concilia_cero,quiebre_escala_decimal,https://datos.jus.gob.ar/dataset/declaraciones-juradas-patrimoniales-integrales
gov-poggi-claudio-javier,Claudio Javier Poggi,2022,Anual,0,659216,cierre,79586045.1,79586045.1,1.0,concilia,0.0,0.0,,concilia_cero,concilia,https://datos.jus.gob.ar/dataset/declaraciones-juradas-patrimoniales-integrales
gov-poggi-claudio-javier,Claudio Javier Poggi,2023,Baja,0,684402,cierre,79586045.11,79586045.11,1.0,concilia,0.0,0.0,,concilia_cero,concilia,https://datos.jus.gob.ar/dataset/declaraciones-juradas-patrimoniales-integrales
gov-weretilneck-alberto-edgardo,Alberto Edgardo Weretilneck,2022,Anual,0,659519,cierre,20157953.67,20157953.67,1.0,concilia,0.0,0.0,,concilia_cero,concilia,https://datos.jus.gob.ar/dataset/declaraciones-juradas-patrimoniales-integrales
gov-weretilneck-alberto-edgardo,Alberto Edgardo Weretilneck,2023,Baja,0,707395,cierre,66175353.41,66175353.41,1.0,concilia,0.0,0.0,,concilia_cero,concilia,https://datos.jus.gob.ar/dataset/declaraciones-juradas-patrimoniales-integrales
prov-ba-dip-adorni-francisco-jorge,Adorni Francisco Jorge,2024,Anual,0,802502,cierre,710000000.0,71000000.0,10.0,resumen_10x_detalle,600000000.0,0.0,,detalle_ausente,quiebre_escala_decimal,https://datos.jus.gob.ar/dataset/declaraciones-juradas-patrimoniales-integrales
prov-ba-dip-balor-ana-luz,Balor Ana Luz,2022,Anual,0,637205,cierre,4629192.74,4629192.74,1.0,concilia,0.0,0.0,,concilia_cero,concilia,https://datos.jus.gob.ar/dataset/declaraciones-juradas-patrimoniales-integrales
prov-ba-dip-balor-ana-luz,Balor Ana Luz,2023,Baja,0,686349,cierre,10834830.73,10834830.73,1.0,concilia,0.0,0.0,,concilia_cero,concilia,https://datos.jus.gob.ar/dataset/declaraciones-juradas-patrimoniales-integrales
prov-ba-dip-balor-ana-luz,Balor Ana Luz,2024,Inicial,0,702808,inicio,15687083.72,15687083.72,1.0,concilia,0.0,0.0,,concilia_cero,concilia,https://datos.jus.gob.ar/dataset/declaraciones-juradas-patrimoniales-integrales
prov-ba-dip-basualdo-marcela-maria-amelia,Basualdo Marcela María Amelia,2022,Anual,0,632203,cierre,2899007.02,2899007.02,1.0,concilia,0.0,0.0,,concilia_cero,concilia,https://datos.jus.gob.ar/dataset/declaraciones-juradas-patrimoniales-integrales
prov-ba-dip-basualdo-marcela-maria-amelia,Basualdo Marcela María Amelia,2023,Baja,0,687944,cierre,47851250.0,4785125.0,10.0,resumen_10x_detalle,0.0,0.0,,concilia_cero,quiebre_escala_decimal,https://datos.jus.gob.ar/dataset/declaraciones-juradas-patrimoniales-integrales
prov-ba-dip-blanco-natalia-miriam,Blanco Natalia Miriam,2022,Anual,0,820619,cierre,15231335.4,15231335.4,1.0,concilia,0.0,0.0,,concilia_cero,concilia,https://datos.jus.gob.ar/dataset/declaraciones-juradas-patrimoniales-integrales
prov-ba-dip-blanco-natalia-miriam,Blanco Natalia Miriam,2023,Anual,1,820889,cierre,47460564.84,47460564.84,1.0,concilia,0.0,0.0,,concilia_cero,concilia,https://datos.jus.gob.ar/dataset/declaraciones-juradas-patrimoniales-integrales
prov-ba-dip-blanco-natalia-miriam,Blanco Natalia Miriam,2024,Anual,0,820896,cierre,97002341.28,97002341.28,1.0,concilia,66500000.0,0.0,,detalle_ausente,detalle_ausente_o_cero,https://datos.jus.gob.ar/dataset/declaraciones-juradas-patrimoniales-integrales
prov-ba-dip-coitinho-maria-fernanda,Coitinho Maria Fernanda,2024,Anual,0,808676,cierre,187475000.0,18747500.0,10.0,resumen_10x_detalle,12857.14,0.0,,detalle_ausente,quiebre_escala_decimal,https://datos.jus.gob.ar/dataset/declaraciones-juradas-patrimoniales-integrales
prov-ba-dip-corvino-analia-ester,Corvino Analía Ester,2024,Anual,0,796521,cierre,588687160.0,58868716.0,10.0,resumen_10x_detalle,200000000.0,0.0,,detalle_ausente,quiebre_escala_decimal,https://datos.jus.gob.ar/dataset/declaraciones-juradas-patrimoniales-integrales
prov-ba-dip-gay-hector-norberto,Gay Hector Norberto,2022,Anual,0,632418,cierre,49084674.25,49084674.25,1.0,concilia,0.0,0.0,,concilia_cero,concilia,https://datos.jus.gob.ar/dataset/declaraciones-juradas-patrimoniales-integrales
prov-ba-dip-gay-hector-norberto,Gay Hector Norberto,2023,Baja,0,689767,cierre,155840228.43,155840228.43,1.0,concilia,0.0,0.0,,concilia_cero,concilia,https://datos.jus.gob.ar/dataset/declaraciones-juradas-patrimoniales-integrales
prov-ba-dip-malpeli-juan-martin,Malpeli Juan Martín,2022,Anual,1,679629,cierre,11681116.25,11681116.25,1.0,concilia,0.0,0.0,,concilia_cero,concilia,https://datos.jus.gob.ar/dataset/declaraciones-juradas-patrimoniales-integrales
prov-ba-dip-moreno-leonardo-jose,Moreno Leonardo José,2022,Baja,0,552050,cierre,10000000.0,1000000.0,10.0,resumen_10x_detalle,0.0,0.0,,concilia_cero,quiebre_escala_decimal,https://datos.jus.gob.ar/dataset/declaraciones-juradas-patrimoniales-integrales
prov-ba-dip-morillo-pablo-ezequiel,Morillo Pablo Ezequiel,2024,Anual,0,807615,cierre,16945985.86,16945985.86,1.0,concilia,482310.6,0.0,,detalle_ausente,detalle_ausente_o_cero,https://datos.jus.gob.ar/dataset/declaraciones-juradas-patrimoniales-integrales
prov-ba-dip-osaba-juan-esteban,Osaba Juan Esteban,2024,Anual,0,803767,cierre,0.0,0.0,,concilia_cero,0.0,0.0,,concilia_cero,concilia,https://datos.jus.gob.ar/dataset/declaraciones-juradas-patrimoniales-integrales
prov-ba-dip-recalde-margarita-alejandra,Recalde Margarita Alejandra,2022,Anual,0,651505,cierre,0.0,0.0,,concilia_cero,0.0,0.0,,concilia_cero,concilia,https://datos.jus.gob.ar/dataset/declaraciones-juradas-patrimoniales-integrales
prov-ba-dip-recalde-margarita-alejandra,Recalde Margarita Alejandra,2023,Inicial,0,680801,inicio,0.0,0.0,,concilia_cero,0.0,0.0,,concilia_cero,concilia,https://datos.jus.gob.ar/dataset/declaraciones-juradas-patrimoniales-integrales
prov-ba-dip-rodriguez-alberti-jorge-martin,Rodriguez Alberti Jorge Martín,2022,Anual,1,670508,cierre,22778718.16,22778718.16,1.0,concilia,40000000.0,4000000.0,10.0,resumen_10x_detalle,quiebre_escala_decimal,https://datos.jus.gob.ar/dataset/declaraciones-juradas-patrimoniales-integrales
prov-ba-dip-rodriguez-alberti-jorge-martin,Rodriguez Alberti Jorge Martín,2023,Baja,1,688397,cierre,45114746.3,45114746.3,1.0,concilia,3652880.58,3652880.58,1.0,concilia,concilia,https://datos.jus.gob.ar/dataset/declaraciones-juradas-patrimoniales-integrales
prov-ba-dip-sotelo-larcher-nahuel,Sotelo Larcher Nahuel,2024,Anual,0,809677,cierre,55498184.15,55498184.15,1.0,concilia,0.0,0.0,,concilia_cero,concilia,https://datos.jus.gob.ar/dataset/declaraciones-juradas-patrimoniales-integrales
prov-ba-dip-sotolano-maria-angel,Sotolano María Angel,2022,Inicial,0,590671,inicio,20000000.0,2000000.0,10.0,resumen_10x_detalle,0.0,0.0,,concilia_cero,quiebre_escala_decimal,https://datos.jus.gob.ar/dataset/declaraciones-juradas-patrimoniales-integrales
prov-ba-dip-sotolano-maria-angel,Sotolano María Angel,2023,Anual,0,753911,cierre,165180130.0,16518013.0,10.0,resumen_10x_detalle,0.0,0.0,,concilia_cero,quiebre_escala_decimal,https://datos.jus.gob.ar/dataset/declaraciones-juradas-patrimoniales-integrales
prov-ba-dip-vitale-mariela-silvina,Vitale Mariela Silvina,2024,Inicial,0,809577,inicio,61774339.9,61774339.9,1.0,concilia,0.0,0.0,,concilia_cero,concilia,https://datos.jus.gob.ar/dataset/declaraciones-juradas-patrimoniales-integrales
prov-ba-dip-zurro-avelino-ricardo,Zurro Avelino Ricardo,2022,Anual,1,674654,cierre,9483504.15,9483504.15,1.0,concilia,2055231.27,2055231.27,1.0,concilia,concilia,https://datos.jus.gob.ar/dataset/declaraciones-juradas-patrimoniales-integrales
prov-ba-dip-zurro-avelino-ricardo,Zurro Avelino Ricardo,2023,Anual,0,744055,cierre,23365255.86,23365255.86,1.0,concilia,1306918.39,1306918.39,1.0,concilia,concilia,https://datos.jus.gob.ar/dataset/declaraciones-juradas-patrimoniales-integrales
prov-ba-sen-balaudo-analia,Analia Balaudo,2024,Anual,0,802244,cierre,913341.38,913341.38,1.0,concilia,2460239.67,0.0,,detalle_ausente,detalle_ausente_o_cero,https://datos.jus.gob.ar/dataset/declaraciones-juradas-patrimoniales-integrales
prov-ba-sen-bambaci-maria-luz,Maria Luz Bambaci,2024,Anual,0,823347,cierre,10309764.35,10309764.35,1.0,concilia,0.0,0.0,,concilia_cero,concilia,https://datos.jus.gob.ar/dataset/declaraciones-juradas-patrimoniales-integrales
prov-ba-sen-cabezas-gonzalo,Gonzalo Cabezas,2024,Anual,0,799984,cierre,40000000.0,4000000.0,10.0,resumen_10x_detalle,0.0,0.0,,concilia_cero,quiebre_escala_decimal,https://datos.jus.gob.ar/dataset/declaraciones-juradas-patrimoniales-integrales
prov-ba-sen-fagioli-federico,Federico Fagioli,2022,Anual,0,630468,cierre,13691890.0,1369189.0,10.0,resumen_10x_detalle,0.0,0.0,,concilia_cero,quiebre_escala_decimal,https://datos.jus.gob.ar/dataset/declaraciones-juradas-patrimoniales-integrales
prov-ba-sen-fagioli-federico,Federico Fagioli,2023,Baja,0,688252,cierre,2908700.87,2908700.87,1.0,concilia,0.0,0.0,,concilia_cero,concilia,https://datos.jus.gob.ar/dataset/declaraciones-juradas-patrimoniales-integrales
prov-ba-sen-galmarini-malena,Malena Galmarini,2022,Anual,0,648822,cierre,21873605.44,21873605.44,1.0,concilia,39615.3,39615.3,1.0,concilia,concilia,https://datos.jus.gob.ar/dataset/declaraciones-juradas-patrimoniales-integrales
prov-ba-sen-galmarini-malena,Malena Galmarini,2023,Baja,0,689591,cierre,67351629.66,67351629.66,1.0,concilia,0.0,0.0,,concilia_cero,concilia,https://datos.jus.gob.ar/dataset/declaraciones-juradas-patrimoniales-integrales
prov-ba-sen-macha-monica-fernanda,Monica Fernanda Macha,2022,Anual,0,659549,cierre,16547907.83,16547907.83,1.0,concilia,258277.52,258277.52,1.0,concilia,concilia,https://datos.jus.gob.ar/dataset/declaraciones-juradas-patrimoniales-integrales
prov-ba-sen-macha-monica-fernanda,Monica Fernanda Macha,2023,Anual,0,739005,cierre,36432231.03,36432231.03,1.0,concilia,631000.14,631000.14,1.0,concilia,concilia,https://datos.jus.gob.ar/dataset/declaraciones-juradas-patrimoniales-integrales
prov-ba-sen-macha-monica-fernanda,Monica Fernanda Macha,2024,Anual,0,805274,cierre,493099550.0,49309955.0,10.0,resumen_10x_detalle,94678270.0,0.0,,detalle_ausente,quiebre_escala_decimal,https://datos.jus.gob.ar/dataset/declaraciones-juradas-patrimoniales-integrales
prov-ba-sen-martinez-maria-cecilia,Maria Cecilia Martinez,2022,Anual,0,633268,cierre,38040000.0,3804000.0,10.0,resumen_10x_detalle,1800000.0,180000.0,10.0,resumen_10x_detalle,quiebre_escala_decimal,https://datos.jus.gob.ar/dataset/declaraciones-juradas-patrimoniales-integrales
prov-ba-sen-martinez-maria-cecilia,Maria Cecilia Martinez,2023,Anual,0,728250,cierre,395000000.0,39500000.0,10.0,resumen_10x_detalle,8500000.0,850000.0,10.0,resumen_10x_detalle,quiebre_escala_decimal,https://datos.jus.gob.ar/dataset/declaraciones-juradas-patrimoniales-integrales
prov-ba-sen-martinez-maria-cecilia,Maria Cecilia Martinez,2024,Anual,0,770768,cierre,555000000.0,55500000.0,10.0,resumen_10x_detalle,0.0,0.0,,concilia_cero,quiebre_escala_decimal,https://datos.jus.gob.ar/dataset/declaraciones-juradas-patrimoniales-integrales
prov-ba-sen-martinez-maria-rosa,Maria Rosa Martinez,2022,Anual,0,657657,cierre,16052607.5,16052607.5,1.0,concilia,0.0,0.0,,concilia_cero,concilia,https://datos.jus.gob.ar/dataset/declaraciones-juradas-patrimoniales-integrales
prov-ba-sen-martinez-maria-rosa,Maria Rosa Martinez,2023,Baja,0,685483,cierre,14706223.5,14706223.5,1.0,concilia,0.0,0.0,,concilia_cero,concilia,https://datos.jus.gob.ar/dataset/declaraciones-juradas-patrimoniales-integrales
prov-ba-sen-olivera-luciano-emanuel,Luciano Emanuel Olivera,2024,Inicial,0,766270,inicio,215000000.0,21500000.0,10.0,resumen_10x_detalle,0.0,0.0,,concilia_cero,quiebre_escala_decimal,https://datos.jus.gob.ar/dataset/declaraciones-juradas-patrimoniales-integrales
prov-ba-sen-quintana-natalia,Natalia Quintana,2022,Anual,0,660206,cierre,5330000.0,533000.0,10.0,resumen_10x_detalle,0.0,0.0,,concilia_cero,quiebre_escala_decimal,https://datos.jus.gob.ar/dataset/declaraciones-juradas-patrimoniales-integrales
prov-ba-sen-quintana-natalia,Natalia Quintana,2023,Anual,0,732405,cierre,0.0,0.0,,concilia_cero,0.0,0.0,,concilia_cero,concilia,https://datos.jus.gob.ar/dataset/declaraciones-juradas-patrimoniales-integrales
prov-ba-sen-quintana-natalia,Natalia Quintana,2024,Anual,0,817837,cierre,0.0,0.0,,concilia_cero,0.0,0.0,,concilia_cero,concilia,https://datos.jus.gob.ar/dataset/declaraciones-juradas-patrimoniales-integrales
prov-ba-sen-raverta-maria-fernanda,Maria Fernanda Raverta,2022,Anual,0,649574,cierre,7717375.25,7717375.25,1.0,concilia,0.0,0.0,,concilia_cero,concilia,https://datos.jus.gob.ar/dataset/declaraciones-juradas-patrimoniales-integrales
prov-ba-sen-raverta-maria-fernanda,Maria Fernanda Raverta,2023,Baja,0,685724,cierre,9690009.63,9690009.63,1.0,concilia,0.0,0.0,,concilia_cero,concilia,https://datos.jus.gob.ar/dataset/declaraciones-juradas-patrimoniales-integrales
prov-ba-sen-subiza-maria-emilia,Maria Emilia Subiza,2023,Anual,0,715946,cierre,23774029.06,23774029.06,1.0,concilia,0.0,0.0,,concilia_cero,concilia,https://datos.jus.gob.ar/dataset/declaraciones-juradas-patrimoniales-integrales
prov-ba-sen-vargas-sergio-raul,Sergio Raul Vargas,2023,Baja,0,827621,cierre,427624348.97,427624348.97,1.0,concilia,2122419.24,2122419.24,1.0,concilia,concilia,https://datos.jus.gob.ar/dataset/declaraciones-juradas-patrimoniales-integrales
prov-caba-leg-biasi-vanina,Vanina Biasi,2024,Anual,1,821739,cierre,27834132.77,27834132.77,1.0,concilia,0.0,0.0,,concilia_cero,concilia,https://datos.jus.gob.ar/dataset/declaraciones-juradas-patrimoniales-integrales
prov-caba-leg-lospennato-silvia,Silvia Lospennato,2022,Anual,0,642745,cierre,26116019.5,26116019.5,1.0,concilia,0.0,0.0,,concilia_cero,concilia,https://datos.jus.gob.ar/dataset/declaraciones-juradas-patrimoniales-integrales
prov-caba-leg-lospennato-silvia,Silvia Lospennato,2023,Anual,0,711224,cierre,83510807.32,83510807.32,1.0,concilia,0.0,0.0,,concilia_cero,concilia,https://datos.jus.gob.ar/dataset/declaraciones-juradas-patrimoniales-integrales
prov-caba-leg-lospennato-silvia,Silvia Lospennato,2024,Anual,0,782501,cierre,1863597860.0,186359786.0,10.0,resumen_10x_detalle,5234392.37,5234392.37,1.0,concilia,quiebre_escala_decimal,https://datos.jus.gob.ar/dataset/declaraciones-juradas-patrimoniales-integrales
prov-caba-leg-ferrario-emmanuel,Emmanuel Ferrario,2023,Anual,1,710152,cierre,17638571.8,17638571.8,1.0,concilia,614478.82,614478.82,1.0,concilia,concilia,https://datos.jus.gob.ar/dataset/declaraciones-juradas-patrimoniales-integrales
prov-caba-leg-ferrario-emmanuel,Emmanuel Ferrario,2024,Anual,0,773121,cierre,36422839.15,36422839.15,1.0,concilia,1692318.15,1692318.15,1.0,concilia,concilia,https://datos.jus.gob.ar/dataset/declaraciones-juradas-patrimoniales-integrales
prov-caba-leg-ramirez-maria-del-pilar,María Del Pilar Ramírez,2024,Anual,0,822963,cierre,3641553164.72,3641553164.72,1.0,concilia,53120360.11,0.0,,detalle_ausente,detalle_ausente_o_cero,https://datos.jus.gob.ar/dataset/declaraciones-juradas-patrimoniales-integrales
prov-caba-leg-del-gaiso-juan-facundo,Juan Facundo Del Gaiso,2024,Anual,0,822648,cierre,219442500.02,219442500.02,1.0,concilia,129251520.87,0.0,,detalle_ausente,detalle_ausente_o_cero,https://datos.jus.gob.ar/dataset/declaraciones-juradas-patrimoniales-integrales
prov-caba-leg-grillo-alejandro-omar,Alejandro Omar Grillo,2022,Anual,1,680993,cierre,6196682.06,6196682.06,1.0,concilia,24051.14,24051.14,1.0,concilia,concilia,https://datos.jus.gob.ar/dataset/declaraciones-juradas-patrimoniales-integrales
prov-caba-leg-grillo-alejandro-omar,Alejandro Omar Grillo,2023,Baja,3,701693,cierre,12405458.99,12405458.99,1.0,concilia,0.0,0.0,,concilia_cero,concilia,https://datos.jus.gob.ar/dataset/declaraciones-juradas-patrimoniales-integrales
prov-caba-leg-ianez-berenice,Berenice Iañez,2023,Anual,0,756321,cierre,0.0,0.0,,concilia_cero,982374.08,982374.08,1.0,concilia,concilia,https://datos.jus.gob.ar/dataset/declaraciones-juradas-patrimoniales-integrales
prov-caba-leg-ianez-berenice,Berenice Iañez,2024,Anual,0,820489,cierre,0.0,0.0,,concilia_cero,17303472.61,0.0,,detalle_ausente,detalle_ausente_o_cero,https://datos.jus.gob.ar/dataset/declaraciones-juradas-patrimoniales-integrales
prov-caba-leg-mochi-federico,Federico Mochi,2023,Baja,0,686456,cierre,12836964.51,12836964.51,1.0,concilia,0.0,0.0,,concilia_cero,concilia,https://datos.jus.gob.ar/dataset/declaraciones-juradas-patrimoniales-integrales
prov-caba-leg-modarelli-juan-pablo,Juan Pablo Modarelli,2022,Anual,1,669473,cierre,8955421.13,8955421.13,1.0,concilia,17079788.27,17079788.28,1.0,concilia,concilia,https://datos.jus.gob.ar/dataset/declaraciones-juradas-patrimoniales-integrales
prov-caba-leg-modarelli-juan-pablo,Juan Pablo Modarelli,2023,Anual,0,733579,cierre,22365432.85,22365432.85,1.0,concilia,41057333.94,41057333.94,1.0,concilia,concilia,https://datos.jus.gob.ar/dataset/declaraciones-juradas-patrimoniales-integrales
prov-caba-leg-negri-claudia,Claudia Negri,2022,Anual,0,673096,cierre,202263580.05,202263580.05,1.0,concilia,0.0,0.0,,concilia_cero,concilia,https://datos.jus.gob.ar/dataset/declaraciones-juradas-patrimoniales-integrales
prov-caba-leg-negri-claudia,Claudia Negri,2023,Anual,0,718948,cierre,317786943.15,317786943.15,1.0,concilia,0.0,0.0,,concilia_cero,concilia,https://datos.jus.gob.ar/dataset/declaraciones-juradas-patrimoniales-integrales
prov-caba-leg-negri-claudia,Claudia Negri,2024,Anual,0,813503,cierre,604931489.29,604931489.29,1.0,concilia,0.0,0.0,,concilia_cero,concilia,https://datos.jus.gob.ar/dataset/declaraciones-juradas-patrimoniales-integrales
prov-caba-leg-nieto-dario-hugo,Darío Hugo Nieto,2022,Anual,0,632354,cierre,9179100.36,9179100.36,1.0,concilia,2654254.62,2654254.62,1.0,concilia,concilia,https://datos.jus.gob.ar/dataset/declaraciones-juradas-patrimoniales-integrales
prov-caba-leg-ocana-maria-graciela,María Graciela Ocaña,2022,Anual,0,669640,cierre,22182419.19,22182419.19,1.0,concilia,1715000.0,171500.0,10.0,resumen_10x_detalle,quiebre_escala_decimal,https://datos.jus.gob.ar/dataset/declaraciones-juradas-patrimoniales-integrales
prov-caba-leg-ocana-maria-graciela,María Graciela Ocaña,2024,Anual,0,826114,cierre,171298701.48,171298701.48,1.0,concilia,1071600000.0,0.0,,detalle_ausente,detalle_ausente_o_cero,https://datos.jus.gob.ar/dataset/declaraciones-juradas-patrimoniales-integrales
prov-caba-leg-pakgojz-nicolas,Nicolás Pakgojz,2023,Anual,2,750641,cierre,68543713.49,68543713.49,1.0,concilia,0.0,0.0,,concilia_cero,concilia,https://datos.jus.gob.ar/dataset/declaraciones-juradas-patrimoniales-integrales
prov-caba-leg-pakgojz-nicolas,Nicolás Pakgojz,2024,Anual,0,812478,cierre,362835187.65,362835187.65,1.0,concilia,0.0,0.0,,concilia_cero,concilia,https://datos.jus.gob.ar/dataset/declaraciones-juradas-patrimoniales-integrales
prov-caba-leg-pelayo-solana,Solana Pelayo,2024,Anual,0,807679,cierre,27794030.72,27794030.72,1.0,concilia,0.0,0.0,,concilia_cero,concilia,https://datos.jus.gob.ar/dataset/declaraciones-juradas-patrimoniales-integrales
prov-caba-leg-santoro-leandro,Leandro Santoro,2022,Anual,1,670315,cierre,23788770.44,23788770.44,1.0,concilia,0.0,0.0,,concilia_cero,concilia,https://datos.jus.gob.ar/dataset/declaraciones-juradas-patrimoniales-integrales
prov-caba-leg-santoro-leandro,Leandro Santoro,2023,Anual,0,722022,cierre,37974570.17,37974570.17,1.0,concilia,0.0,0.0,,concilia_cero,concilia,https://datos.jus.gob.ar/dataset/declaraciones-juradas-patrimoniales-integrales
prov-caba-leg-santoro-leandro,Leandro Santoro,2024,Anual,0,794006,cierre,86075365.55,86075365.55,1.0,concilia,0.0,0.0,,concilia_cero,concilia,https://datos.jus.gob.ar/dataset/declaraciones-juradas-patrimoniales-integrales
prov-caba-leg-tagliaferri-guadalupe,Guadalupe Tagliaferri,2022,Anual,0,652060,cierre,27688734.04,27688734.04,1.0,concilia,12447846.99,12447846.99,1.0,concilia,concilia,https://datos.jus.gob.ar/dataset/declaraciones-juradas-patrimoniales-integrales
prov-caba-leg-tagliaferri-guadalupe,Guadalupe Tagliaferri,2023,Anual,0,738210,cierre,116363852.05,116363852.05,1.0,concilia,22747846.99,22747846.99,1.0,concilia,concilia,https://datos.jus.gob.ar/dataset/declaraciones-juradas-patrimoniales-integrales
prov-caba-leg-tagliaferri-guadalupe,Guadalupe Tagliaferri,2024,Anual,0,800337,cierre,253663185.39,253663185.39,1.0,concilia,76407846.99,0.0,,detalle_ausente,detalle_ausente_o_cero,https://datos.jus.gob.ar/dataset/declaraciones-juradas-patrimoniales-integrales
prov-caba-leg-vartabedian-diego,Diego Vartabedian,2024,Anual,0,803991,cierre,43720823.97,43720823.97,1.0,concilia,0.0,0.0,,concilia_cero,concilia,https://datos.jus.gob.ar/dataset/declaraciones-juradas-patrimoniales-integrales
prov-cba-leg-austin-brenda-lis,Brenda Lís Austin,2023,Inicial,1,688355,inicio,48475308.07,48475308.07,1.0,concilia,0.0,0.0,,concilia_cero,concilia,https://datos.jus.gob.ar/dataset/declaraciones-juradas-patrimoniales-integrales
prov-cba-leg-agost-carreno-oscar,Oscar Agost Carreño,2023,Anual,0,708712,cierre,76472330.34,76472330.34,1.0,concilia,451055.17,451055.17,1.0,concilia,concilia,https://datos.jus.gob.ar/dataset/declaraciones-juradas-patrimoniales-integrales
prov-cba-leg-agost-carreno-oscar,Oscar Agost Carreño,2024,Anual,0,770686,cierre,187109140.29,187109140.29,1.0,concilia,535724.08,535724.08,1.0,concilia,concilia,https://datos.jus.gob.ar/dataset/declaraciones-juradas-patrimoniales-integrales
prov-sf-dip-corral-jose,José CORRAL,2022,Anual,0,650232,cierre,15564131.82,15564131.82,1.0,concilia,4865933.45,4865933.45,1.0,concilia,concilia,https://datos.jus.gob.ar/dataset/declaraciones-juradas-patrimoniales-integrales
prov-sf-dip-corral-jose,José CORRAL,2023,Baja,0,689529,cierre,32197310.2,32197310.2,1.0,concilia,8735980.67,8735980.67,1.0,concilia,concilia,https://datos.jus.gob.ar/dataset/declaraciones-juradas-patrimoniales-integrales
prov-sf-dip-garcia-ximena,Ximena GARCÍA,2022,Anual,0,631287,cierre,1336928.91,1336928.91,1.0,concilia,301899.8,301899.8,1.0,concilia,concilia,https://datos.jus.gob.ar/dataset/declaraciones-juradas-patrimoniales-integrales
prov-sf-dip-garcia-ximena,Ximena GARCÍA,2023,Anual,0,715288,cierre,7692810.58,7692810.58,1.0,concilia,1506037.35,1506037.35,1.0,concilia,concilia,https://datos.jus.gob.ar/dataset/declaraciones-juradas-patrimoniales-integrales
prov-sf-dip-garcia-ximena,Ximena GARCÍA,2024,Anual,0,778737,cierre,67183347.2,67183347.2,1.0,concilia,3226376.03,3226376.03,1.0,concilia,concilia,https://datos.jus.gob.ar/dataset/declaraciones-juradas-patrimoniales-integrales
prov-sf-dip-peralta-emiliano,Emiliano PERALTA,2022,Anual,0,629689,cierre,9142850.2,9142850.2,1.0,concilia,0.0,0.0,,concilia_cero,concilia,https://datos.jus.gob.ar/dataset/declaraciones-juradas-patrimoniales-integrales
prov-sf-dip-peralta-emiliano,Emiliano PERALTA,2023,Anual,0,713559,cierre,22433172.37,22433172.37,1.0,concilia,0.0,0.0,,concilia_cero,concilia,https://datos.jus.gob.ar/dataset/declaraciones-juradas-patrimoniales-integrales
prov-sf-dip-peralta-emiliano,Emiliano PERALTA,2024,Baja,0,715933,cierre,7688223.37,7688223.37,1.0,concilia,0.0,0.0,,concilia_cero,concilia,https://datos.jus.gob.ar/dataset/declaraciones-juradas-patrimoniales-integrales
prov-sf-dip-rodenas-alejandra,Alejandra RODENAS,2022,Anual,0,629454,cierre,12634901.75,12634901.75,1.0,concilia,0.0,0.0,,concilia_cero,concilia,https://datos.jus.gob.ar/dataset/declaraciones-juradas-patrimoniales-integrales
prov-sf-dip-scarpin-dionisio,Dionisio SCARPÍN,2022,Anual,0,668373,cierre,14106103.56,14106103.56,1.0,concilia,0.0,0.0,,concilia_cero,concilia,https://datos.jus.gob.ar/dataset/declaraciones-juradas-patrimoniales-integrales
prov-rn-leg-lopez-facundo-manuel,Facundo Manuel LÓPEZ,2022,Anual,0,641749,cierre,13311134.58,13311134.58,1.0,concilia,1450000.0,145000.0,10.0,resumen_10x_detalle,quiebre_escala_decimal,https://datos.jus.gob.ar/dataset/declaraciones-juradas-patrimoniales-integrales
prov-rn-leg-lopez-facundo-manuel,Facundo Manuel LÓPEZ,2023,Baja,0,688003,cierre,25056973.89,25056973.89,1.0,concilia,131011390.0,13101139.0,10.0,resumen_10x_detalle,quiebre_escala_decimal,https://datos.jus.gob.ar/dataset/declaraciones-juradas-patrimoniales-integrales
prov-rn-leg-dantas-pedro-cristian,Pedro Cristian DANTAS,2022,Anual,1,675338,cierre,2788529.64,2788529.64,1.0,concilia,152279.85,152279.85,1.0,concilia,concilia,https://datos.jus.gob.ar/dataset/declaraciones-juradas-patrimoniales-integrales
prov-rn-leg-garcia-leandro-gaston,Leandro Gastón GARCÍA,2022,Inicial,0,645116,inicio,63380000.0,6338000.0,10.0,resumen_10x_detalle,0.0,0.0,,concilia_cero,quiebre_escala_decimal,https://datos.jus.gob.ar/dataset/declaraciones-juradas-patrimoniales-integrales
prov-rn-leg-delgado-sempe-luciano-jesus,Luciano Jesús DELGADO SEMPÉ,2022,Anual,0,671636,cierre,3434920.0,343492.0,10.0,resumen_10x_detalle,0.0,0.0,,concilia_cero,quiebre_escala_decimal,https://datos.jus.gob.ar/dataset/declaraciones-juradas-patrimoniales-integrales
prov-rn-leg-odarda-maria-magdalena,María Magdalena ODARDA,2022,Baja,0,611911,cierre,10657471.91,10657471.91,1.0,concilia,1778010.0,177801.0,10.0,resumen_10x_detalle,quiebre_escala_decimal,https://datos.jus.gob.ar/dataset/declaraciones-juradas-patrimoniales-integrales
prov-rn-leg-lacour-martina-valeria,Martina Valeria LACOUR,2024,Anual,0,822148,cierre,230767611.31,230767611.31,1.0,concilia,0.0,0.0,,concilia_cero,concilia,https://datos.jus.gob.ar/dataset/declaraciones-juradas-patrimoniales-integrales
prov-rn-leg-martin-juan-carlos,Juan Carlos MARTIN,2024,Anual,0,822420,cierre,2095000000.0,209500000.0,10.0,resumen_10x_detalle,0.0,0.0,,concilia_cero,quiebre_escala_decimal,https://datos.jus.gob.ar/dataset/declaraciones-juradas-patrimoniales-integrales
prov-rn-leg-murillo-ongaro-juan-sebastian,Juan Sebastián MURILLO ONGARO,2024,Anual,0,822354,cierre,15735500.0,1573550.0,10.0,resumen_10x_detalle,0.0,0.0,,concilia_cero,quiebre_escala_decimal,https://datos.jus.gob.ar/dataset/declaraciones-juradas-patrimoniales-integrales
prov-mis-leg-castro-cristian-gabriel,Cristian Gabriel Castro,2022,Anual,0,619216,cierre,16631020.0,1663102.0,10.0,resumen_10x_detalle,374162.27,374162.27,1.0,concilia,quiebre_escala_decimal,https://datos.jus.gob.ar/dataset/declaraciones-juradas-patrimoniales-integrales
prov-mis-leg-castro-cristian-gabriel,Cristian Gabriel Castro,2023,Baja,0,682659,cierre,1569843.63,1569843.63,1.0,concilia,1000000.0,100000.0,10.0,resumen_10x_detalle,quiebre_escala_decimal,https://datos.jus.gob.ar/dataset/declaraciones-juradas-patrimoniales-integrales
prov-mis-leg-goring-elvani-elisa,Elvani Elisa Goring,2023,Inicial,0,676317,inicio,0.0,0.0,,concilia_cero,0.0,0.0,,concilia_cero,concilia,https://datos.jus.gob.ar/dataset/declaraciones-juradas-patrimoniales-integrales
prov-mis-leg-guerrero-nelli-beatriz,Nelli Beatriz Guerrero,2024,Inicial,0,799255,inicio,123077344.77,123077344.77,1.0,concilia,0.0,0.0,,concilia_cero,concilia,https://datos.jus.gob.ar/dataset/declaraciones-juradas-patrimoniales-integrales
prov-mis-leg-stekler-barbara-samantha,Barbara Samantha Stekler,2024,Anual,0,775568,cierre,62238718.71,62238718.71,1.0,concilia,0.0,0.0,,concilia_cero,concilia,https://datos.jus.gob.ar/dataset/declaraciones-juradas-patrimoniales-integrales
