persona_id,persona,nivel_cargo,cargo_actual,jurisdiccion,oa_nombre,nombre_normalizado_exacto,oa_personas_por_cuit,oa_person_key,oa_anios_seleccionados,evidencia_misma_institucion_anios,presentacion_cargo_actual_localizada,ultimo_anio_oa,ultimo_organismo_oa,ultimo_cargo_oa,estado_revision_identidad,siguiente_accion
dip-aguirre-hilda,Hilda Aguirre,Diputados nacionales,Diputado/a nacional,La Rioja,AGUIRRE HILDA CLELIA,no,1,ce66cf1896514e23,2018|2019|2020|2021|2022|2023|2024,2018|2019|2020|2021|2022|2023|2024,sí,2024,HONORABLE CAMARA DE DIPUTADOS DE LA NACION,DIPUTADA DE LA NACION ARGENTINA,identidad_confirmada_cruce_oficial,Serie normalizada y contrafactuales incorporados; actualizar con el consolidado 2025 cuando se publique.
dip-ajmechet-sabrina,Sabrina Ajmechet,Diputados nacionales,Diputado/a nacional,Ciudad De Buenos Aires,AJMECHET SABRINA CARLOTA,no,1,2d776c6b3c5e7b71,2021|2022|2023|2024,2021|2022|2023|2024,sí,2024,HONORABLE CAMARA DE DIPUTADOS DE LA NACION,DIPUTADA NACIONAL,identidad_confirmada_cruce_oficial,Serie normalizada y contrafactuales incorporados; actualizar con el consolidado 2025 cuando se publique.
dip-andrade-javier,Javier Andrade,Diputados nacionales,Diputado/a nacional,Ciudad De Buenos Aires,ANDRADE JAVIER,no,1,f41ae687572ccd17,2022,,sí,2022,,Legislador CABA,revision_manual_identidad,Resolver variaciones de nombre o identificador antes de usar importes.
dip-ansaloni-pablo,Pablo Ansaloni,Diputados nacionales,Diputado/a nacional,Buenos Aires,ANSALONI PABLO MIGUEL,no,1,e73e4d9ee3f39bc8,2017|2018|2020|2022|2023,2017|2018|2020|2022|2023,sí,2023,,DIPUTADO NACIONAL,identidad_confirmada_cruce_oficial,Serie normalizada y contrafactuales incorporados; actualizar con el consolidado 2025 cuando se publique.
dip-arabia-damian,Damián Arabia,Diputados nacionales,Diputado/a nacional,Ciudad De Buenos Aires,ARABIA DAMIAN EDUARDO,no,1,c4ec4a53c792b6aa,2017|2018|2019|2022|2023|2024,2022|2023|2024,sí,2024,HONORABLE CAMARA DE DIPUTADOS DE LA NACION,Diputado Nacional,identidad_confirmada_cruce_oficial,Serie normalizada y contrafactuales incorporados; actualizar con el consolidado 2025 cuando se publique.
dip-araujo-hernandez-jorge-neri,Jorge Neri Araujo Hernández,Diputados nacionales,Diputado/a nacional,Tierra Del Fuego,ARAUJO HERNANDEZ JORGE NERI,no,1,2a4db95745cb3fa5,2023,2023,sí,2023,,DIPUTADO,identidad_confirmada_cruce_oficial,Serie normalizada y contrafactuales incorporados; actualizar con el consolidado 2025 cuando se publique.
dip-ardohain-martin,Martín Ardohain,Diputados nacionales,Diputado/a nacional,La Pampa,ARDOHAIN MARTIN MIGUEL,no,1,90ed3e6268339457,2022|2023|2024,2022|2023|2024,sí,2024,,DIPUTADO NACIONAL,identidad_confirmada_cruce_oficial,Serie normalizada y contrafactuales incorporados; actualizar con el consolidado 2025 cuando se publique.
dip-arrieta-lourdes-micaela,Lourdes Micaela Arrieta,Diputados nacionales,Diputado/a nacional,Mendoza,ARRIETA LOURDES MICAELA,no,1,403abfc408976ede,2022|2023|2024,2022|2023|2024,no,2024,,DIPUTADA DE LA NACION,revision_manual_identidad,Resolver variaciones de nombre o identificador antes de usar importes.
dip-aveiro-martin,Martín Aveiro,Diputados nacionales,Diputado/a nacional,Mendoza,AVEIRO MARTIN GUILLERMO,no,1,c5b583006ccfecbd,2022|2023|2024,2022|2023|2024,sí,2024,,DIPUTADO NACIONAL,identidad_confirmada_cruce_oficial,Serie normalizada y contrafactuales incorporados; actualizar con el consolidado 2025 cuando se publique.
dip-avila-jorge-antonio,Jorge Antonio Avila,Diputados nacionales,Diputado/a nacional,Chubut,AVILA JORGE ANTONIO,no,1,635304183a8845ad,2023|2024,2023|2024,no,2024,,diputado nacional,revision_manual_identidad,Resolver variaciones de nombre o identificador antes de usar importes.
dip-banfi-karina,Karina Banfi,Diputados nacionales,Diputado/a nacional,Buenos Aires,BANFI KARINA VERONICA,no,1,1c1f7427c8030784,2017|2018|2019|2020|2021|2022|2023|2024,2017|2018|2019|2020|2021|2022|2023|2024,no,2024,HONORABLE CAMARA DE DIPUTADOS DE LA NACION,Diputada Nacional,revision_manual_identidad,Resolver variaciones de nombre o identificador antes de usar importes.
dip-basterra-luis-eugenio,Luis Eugenio Basterra,Diputados nacionales,Diputado/a nacional,Formosa,BASTERRA LUIS EUGENIO,no,1,4fa411946c1dc5f9,2017|2018|2019|2020|2021|2022|2023|2024,2017|2018|2023|2024,sí,2024,HONORABLE CAMARA DE DIPUTADOS DE LA NACION,DIPUTADO NACIONAL,identidad_confirmada_cruce_oficial,Serie normalizada y contrafactuales incorporados; actualizar con el consolidado 2025 cuando se publique.
dip-basualdo-carolina,Carolina Basualdo,Diputados nacionales,Diputado/a nacional,Cordoba,BASUALDO CAROLINA DEL VALLE,no,1,5a8a68765abdfcf8,2018,2018,sí,2018,,DIPUTADA NACIONAL,identidad_confirmada_cruce_oficial,Serie normalizada y contrafactuales incorporados; actualizar con el consolidado 2025 cuando se publique.
dip-benedit-beltran,Beltrán Benedit,Diputados nacionales,Diputado/a nacional,Entre Rios,BENEDIT BELTRAN,no,1,0672b89337d40b66,2023|2024,2023|2024,sí,2024,HONORABLE CAMARA DE DIPUTADOS DE LA NACION,DIPUTADO NACIONAL,identidad_confirmada_cruce_oficial,Serie normalizada y contrafactuales incorporados; actualizar con el consolidado 2025 cuando se publique.
dip-bonacci-rocio,Rocío Bonacci,Diputados nacionales,Diputado/a nacional,Santa Fe,BONACCI ROCIO BELEN,no,1,9f56429d790be72b,2022|2023|2024,2022|2023|2024,sí,2024,HONORABLE CAMARA DE DIPUTADOS DE LA NACION,DIPUTADO NACIONAL,identidad_confirmada_cruce_oficial,Serie normalizada y contrafactuales incorporados; actualizar con el consolidado 2025 cuando se publique.
dip-bongiovanni-alejandro,Alejandro Bongiovanni,Diputados nacionales,Diputado/a nacional,Santa Fe,BONGIOVANNI ALEJANDRO,no,1,8b67c4f8d340b781,2017|2022|2023|2024,2022|2023|2024,sí,2024,FUNDACION DEL ORDEN SOCIAL DE LA LIBERTAD,DIPUTADO NACIONAL,identidad_confirmada_cruce_oficial,Serie normalizada y contrafactuales incorporados; actualizar con el consolidado 2025 cuando se publique.
dip-bordet-gustavo,Gustavo Bordet,Diputados nacionales,Diputado/a nacional,Entre Rios,BORDET GUSTAVO EDUARDO,no,1,8053174f88f34498,2023|2024,2023|2024,sí,2024,HONORABLE CAMARA DE DIPUTADOS DE LA NACION,DIPUTADO NACIONAL POR ENTRE RIOS,identidad_confirmada_cruce_oficial,Serie normalizada y contrafactuales incorporados; actualizar con el consolidado 2025 cuando se publique.
dip-borgatta-alejandrina,Alejandrina Borgatta,Diputados nacionales,Diputado/a nacional,Santa Fe,BORGATTA ALEJANDRINA BELEN,no,1,be9b101950203f17,2024,2024,sí,2024,,DIPUTADA NACIONAL,identidad_confirmada_cruce_oficial,Serie normalizada y contrafactuales incorporados; actualizar con el consolidado 2025 cuando se publique.
dip-bornoroni-gabriel,Gabriel Bornoroni,Diputados nacionales,Diputado/a nacional,Cordoba,BORNORONI GABRIEL MARCOS,no,1,92d1171357f63701,2022|2023|2024,2022|2023|2024,sí,2024,,DIPUTADO NACIONAL,identidad_confirmada_cruce_oficial,Serie normalizada y contrafactuales incorporados; actualizar con el consolidado 2025 cuando se publique.
dip-bregman-myriam,Myriam Bregman,Diputados nacionales,Diputado/a nacional,Ciudad De Buenos Aires,BREGMAN MYRIAM TERESA,no,1,c501f7ad6b598dda,2018|2020|2021|2022|2024,2018|2020|2021|2022|2024,sí,2024,,CANDIDATA A DIPUTADA NACIONAL,identidad_confirmada_cruce_oficial,Serie normalizada y contrafactuales incorporados; actualizar con el consolidado 2025 cuando se publique.
dip-bruno-eliana,Eliana Bruno,Diputados nacionales,Diputado/a nacional,Salta,BRUNO ELIANA LORENA,no,1,61a15be9cf0090e5,2022|2024,,sí,2024,ADMINISTRACION NACIONAL DE LA SEGURIDAD SOCIAL ANS,JEFATURA OFICINA ORAN,revision_manual_identidad,Resolver variaciones de nombre o identificador antes de usar importes.
dip-brugge-juan-fernando,Juan Fernando Brügge,Diputados nacionales,Diputado/a nacional,Cordoba,BRUGGE JUAN FERNANDO,no,1,a1c15e99de8b8ed9,2017|2018|2019|2022|2023|2024,2017|2018|2019|2022|2023|2024,sí,2024,HONORABLE CAMARA DE DIPUTADOS DE LA NACION,DIPUTADO NACIONAL,identidad_confirmada_cruce_oficial,Serie normalizada y contrafactuales incorporados; actualizar con el consolidado 2025 cuando se publique.
dip-cafiero-santiago,Santiago Cafiero,Diputados nacionales,Diputado/a nacional,Buenos Aires,CAFIERO SANTIAGO ANDRES,no,1,3864a16581d86a6c,2019|2020|2021|2022|2023|2024,2023|2024,sí,2024,HONORABLE CAMARA DE DIPUTADOS DE LA NACION,DIPUTADO NACIONAL POR LA PROV DE BS AS,identidad_confirmada_cruce_oficial,Serie normalizada y contrafactuales incorporados; actualizar con el consolidado 2025 cuando se publique.
dip-campero-mariano,Mariano Campero,Diputados nacionales,Diputado/a nacional,Tucuman,CAMPERO MARIANO,no,1,4f2c50c68e3195c7,2022|2023|2024,2024,sí,2024,HONORABLE CAMARA DE DIPUTADOS DE LA NACION,DIPUTADO NACIONAL,identidad_confirmada_cruce_oficial,Serie normalizada y contrafactuales incorporados; actualizar con el consolidado 2025 cuando se publique.
dip-campitelli-celia,Celia Campitelli,Diputados nacionales,Diputado/a nacional,Santiago Del Estero,CAMPITELLI CELIA MARIA,no,1,200d5116e36badec,2023|2024,2023|2024,sí,2024,,DIPUTADA NACIONAL,identidad_confirmada_cruce_oficial,Serie normalizada y contrafactuales incorporados; actualizar con el consolidado 2025 cuando se publique.
dip-campo-julieta-marisol,Julieta Marisol Campo,Diputados nacionales,Diputado/a nacional,Chaco,CAMPO JULIETA MARISOL,no,1,d94b26a252bab907,2022|2023,,sí,2023,MINISTERIO DE DESARROLLO HUMANO,SUBSECRETARIA DE JUVENTUDES Y DIVERSIDADES,revision_manual_identidad,Resolver variaciones de nombre o identificador antes de usar importes.
dip-capozzi-sergio-eduardo,Sergio Eduardo Capozzi,Diputados nacionales,Diputado/a nacional,Rio Negro,CAPOZZI SERGIO EDUARDO,no,1,9e8364fc1e5f6917,2022|2023|2024,2022|2023|2024,no,2024,,DIPUTADO NACIONAL,revision_manual_identidad,Resolver variaciones de nombre o identificador antes de usar importes.
dip-casas-sergio-guillermo,Sergio Guillermo Casas,Diputados nacionales,Diputado/a nacional,La Rioja,CASAS SERGIO GUILLERMO,no,1,daea432c6d57b9e1,2022,2022,no,2022,,DIPUTADO NACIONAL,revision_manual_identidad,Resolver variaciones de nombre o identificador antes de usar importes.
dip-castagneto-carlos-daniel,Carlos Daniel Castagneto,Diputados nacionales,Diputado/a nacional,Buenos Aires,CASTAGNETO CARLOS DANIEL,no,1,fae95ffca18db386,2017|2018|2019|2020|2021|2022|2023|2024,2017|2018|2019|2023|2024,sí,2024,HONORABLE CAMARA DE DIPUTADOS DE LA NACION,DIPUTADO NACIONAL,identidad_confirmada_cruce_oficial,Serie normalizada y contrafactuales incorporados; actualizar con el consolidado 2025 cuando se publique.
dip-castelnuovo-giselle,Giselle Castelnuovo,Diputados nacionales,Diputado/a nacional,Buenos Aires,CASTELNUOVO GISELLE,no,1,5426f958d973bc06,2017|2018|2019|2024,,sí,2024,VICEJEFATURA DE GABINETE DEL INTERIOR,SUBSECRETARIA DE AUSNTOS POLITICOS,revision_manual_identidad,Resolver variaciones de nombre o identificador antes de usar importes.
dip-cipolini-gerardo,Gerardo Cipolini,Diputados nacionales,Diputado/a nacional,Chaco,CIPOLINI GERARDO,no,1,512bfb6fb6f7764b,2018|2019|2020|2021|2022,2019|2020|2021|2022,no,2022,,DIPUTADO NACIONAL,revision_manual_identidad,Resolver variaciones de nombre o identificador antes de usar importes.
dip-cisneros-carlos,Carlos Cisneros,Diputados nacionales,Diputado/a nacional,Tucuman,CISNEROS CARLOS ANIBAL,no,1,5a6a4ff8d519aa19,2019|2020|2021|2022|2023|2024,2019|2020|2021|2022|2023|2024,sí,2024,HONORABLE CAMARA DE DIPUTADOS DE LA NACION,DIPUTADO NACIONAL,identidad_confirmada_cruce_oficial,Serie normalizada y contrafactuales incorporados; actualizar con el consolidado 2025 cuando se publique.
dip-coletta-mariela,Mariela Coletta,Diputados nacionales,Diputado/a nacional,Ciudad De Buenos Aires,COLETTA MARIELA GISELLE,no,1,6fe79a1eef21bd8b,2022|2023|2024,2022|2023|2024,no,2024,,DIPUTADA NACIONAL,revision_manual_identidad,Resolver variaciones de nombre o identificador antes de usar importes.
dip-correa-llano-facundo,Facundo Correa Llano,Diputados nacionales,Diputado/a nacional,Mendoza,CORREA LLANO FACUNDO,no,1,73e839b8b11df8b9,2022|2023|2024,2022|2023|2024,sí,2024,HONORABLE CAMARA DE DIPUTADOS DE LA NACION,DIPUTADO DE LA NACION,identidad_confirmada_cruce_oficial,Serie normalizada y contrafactuales incorporados; actualizar con el consolidado 2025 cuando se publique.
dip-daives-ricardo,Ricardo Daives,Diputados nacionales,Diputado/a nacional,Santiago Del Estero,DAIVES RICARDO DANIEL,no,1,23b0f916081d778c,2018|2019|2020|2021|2022|2023|2024,2019|2020|2021|2022|2023|2024,sí,2024,HONORABLE CAMARA DE DIPUTADOS DE LA NACION,DIPUTADO NACIONAL,identidad_confirmada_cruce_oficial,Serie normalizada y contrafactuales incorporados; actualizar con el consolidado 2025 cuando se publique.
dip-de-andreis-fernando,Fernando de Andreis,Diputados nacionales,Diputado/a nacional,Ciudad De Buenos Aires,DE ANDREIS FERNANDO,no,1,dac1191b482d0566,2017|2018|2019|2024,2024,sí,2024,,Diputado nacional,identidad_confirmada_cruce_oficial,Serie normalizada y contrafactuales incorporados; actualizar con el consolidado 2025 cuando se publique.
dip-de-la-rosa-maria-graciela,María Graciela de la Rosa,Diputados nacionales,Diputado/a nacional,Formosa,DE LA ROSA MARIA GRACIELA,no,1,0550e327655e12e2,2017|2018|2019|2020|2021|2022|2023|2024,,sí,2024,AUDITORIA GENERAL DE LA NACION,AUDITORA DE LA NACION,revision_manual_identidad,Resolver variaciones de nombre o identificador antes de usar importes.
dip-de-la-sota-natalia,Natalia de la Sota,Diputados nacionales,Diputado/a nacional,Cordoba,DE LA SOTA NATALIA,no,1,96e841cf59a65c1f,2021|2022|2023|2024,2021|2022|2023|2024,sí,2024,,DIPUTADA,identidad_confirmada_cruce_oficial,Serie normalizada y contrafactuales incorporados; actualizar con el consolidado 2025 cuando se publique.
dip-de-sensi-maria-florencia,María Florencia De Sensi,Diputados nacionales,Diputado/a nacional,Buenos Aires,DE SENSI MARIA FLORENCIA,no,1,b47eca6f1dfa5821,2018|2020|2023|2024,2018|2020|2024,sí,2024,,DIPUTADA DE LA NACION,identidad_confirmada_cruce_oficial,Serie normalizada y contrafactuales incorporados; actualizar con el consolidado 2025 cuando se publique.
dip-del-cano-nicolas,Nicolás del Caño,Diputados nacionales,Diputado/a nacional,Buenos Aires,DEL CAÑO NICOLAS,no,1,f30792fb93440493,2017|2018|2019|2020|2021|2022|2023|2024,2017|2018|2019|2020|2021|2022|2023|2024,sí,2024,,DIPUTADO NACIONAL,identidad_confirmada_cruce_oficial,Serie normalizada y contrafactuales incorporados; actualizar con el consolidado 2025 cuando se publique.
dip-del-pla-romina,Romina Del Plá,Diputados nacionales,Diputado/a nacional,Buenos Aires,DEL PLA ROMINA,no,1,e79e78e9f03e5e85,2017|2018|2019|2020|2021|2023|2024,2017|2018|2019|2020|2021|2023|2024,sí,2024,,Diputada Nacional,identidad_confirmada_cruce_oficial,Serie normalizada y contrafactuales incorporados; actualizar con el consolidado 2025 cuando se publique.
dip-diaz-fernanda,Fernanda Díaz,Diputados nacionales,Diputado/a nacional,Buenos Aires,DIAZ FERNANDA,no,1,8267bfbd7a3936f6,2024,2024,sí,2024,,DIPUTADA NACIONAL,identidad_confirmada_cruce_oficial,Serie normalizada y contrafactuales incorporados; actualizar con el consolidado 2025 cuando se publique.
dip-emma-nicolas,Nicolás Emma,Diputados nacionales,Diputado/a nacional,Ciudad De Buenos Aires,EMMA NICOLAS MARIO,no,1,e2a7399827e94af9,2023|2024,2023|2024,sí,2024,HONORABLE CAMARA DE DIPUTADOS DE LA NACION,DIPUTADO NACIONAL POR LA CIUDAD DE BUENOS AIRES,identidad_confirmada_cruce_oficial,Serie normalizada y contrafactuales incorporados; actualizar con el consolidado 2025 cuando se publique.
dip-estevez-gabriela-beatriz,Gabriela Beatriz Estévez,Diputados nacionales,Diputado/a nacional,Cordoba,ESTEVEZ GABRIELA BEATRIZ,no,1,eab9b3bc5eef63bc,2017|2018|2019|2020|2021|2022|2023|2024,2017|2018|2019|2020|2021|2022|2023|2024,sí,2024,HONORABLE CAMARA DE DIPUTADOS DE LA NACION,DIPUTADA NACIONAL,identidad_confirmada_cruce_oficial,Serie normalizada y contrafactuales incorporados; actualizar con el consolidado 2025 cuando se publique.
dip-falcone-eduardo,Eduardo Falcone,Diputados nacionales,Diputado/a nacional,Buenos Aires,FALCONE EDUARDO GABRIEL,no,1,f4d533b2d78f6cb9,2022|2023,2023,no,2023,SOCIEDAD ARGENTINA DE AUTORES Y COMPOSITORES DE MU,DIPUTADO NACIONAL,revision_manual_identidad,Resolver variaciones de nombre o identificador antes de usar importes.
dip-fargosi-alejandro,Alejandro Fargosi,Diputados nacionales,Diputado/a nacional,Ciudad De Buenos Aires,FARGOSI ALEJANDRO EDUARDO,no,1,4cdff9e6be5c3210,2024,2024,sí,2024,,DIPUTADO NACIONAL,identidad_confirmada_cruce_oficial,Serie normalizada y contrafactuales incorporados; actualizar con el consolidado 2025 cuando se publique.
dip-felix-emir,Emir Félix,Diputados nacionales,Diputado/a nacional,Mendoza,FELIX EMIR ROBERTO,no,1,945216c0a75aeea6,2024,2024,no,2024,,DIPUTADO NACIONAL,revision_manual_identidad,Resolver variaciones de nombre o identificador antes de usar importes.
dip-fernandez-elia-marina,Elia Marina Fernández,Diputados nacionales,Diputado/a nacional,Tucuman,FERNANDEZ ELIA MARINA,no,1,851046cd291ed104,2023|2024,2023|2024,sí,2024,,DIPUTADA NACIONAL,identidad_confirmada_cruce_oficial,Serie normalizada y contrafactuales incorporados; actualizar con el consolidado 2025 cuando se publique.
dip-fernandez-molero-daiana,Daiana Fernández Molero,Diputados nacionales,Diputado/a nacional,Ciudad De Buenos Aires,FERNANDEZ MOLERO DAIANA,no,1,007dae953540d2a7,2017|2018|2019|2022|2023|2024,2023|2024,sí,2024,LEGISLATURA DE LA CIUDAD AUTONOMA DE BUENOS AIRES,DIPUTADO NACIONAL POR LA CIUDAD DE BUENOS AIRES,identidad_confirmada_cruce_oficial,Serie normalizada y contrafactuales incorporados; actualizar con el consolidado 2025 cuando se publique.
dip-ferran-abelardo,Abelardo Ferrán,Diputados nacionales,Diputado/a nacional,La Pampa,FERRAN ABELARDO MARIO,no,1,a97a1cc2a56a441e,2017|2018|2019|2020|2021|2022|2023|2024,,sí,2024,UNIVERSIDAD NACIONAL DE LA PAMPA O. P.,DECANO,revision_manual_identidad,Resolver variaciones de nombre o identificador antes de usar importes.
dip-ferraro-maximiliano,Maximiliano Ferraro,Diputados nacionales,Diputado/a nacional,Ciudad De Buenos Aires,FERRARO MAXIMILIANO,no,1,729cbca664d3e171,2018|2019|2020|2021|2022|2023|2024,2019|2020|2021|2022|2023|2024,sí,2024,,diputado nacional,identidad_confirmada_cruce_oficial,Serie normalizada y contrafactuales incorporados; actualizar con el consolidado 2025 cuando se publique.
dip-ferreyra-alida,Alida Ferreyra,Diputados nacionales,Diputado/a nacional,Ciudad De Buenos Aires,FERREYRA ALIDA MONICA,no,1,e887a4e479d2e351,2022|2023|2024,2022|2023|2024,no,2024,FERREYRA ALIDA MONICA,DIPUTADA DE LA NACION (CARGO ACTUAL),revision_manual_identidad,Resolver variaciones de nombre o identificador antes de usar importes.
dip-finocchiaro-alejandro,Alejandro Finocchiaro,Diputados nacionales,Diputado/a nacional,Buenos Aires,FINOCCHIARO ALEJANDRO OSCAR,no,1,0cd159cd7e746afe,2017|2018|2019|2020|2021|2022|2023|2024,2020|2021|2022|2023|2024,sí,2024,HONORABLE CAMARA DE DIPUTADOS DE LA NACION,DIPUTADO NACIONAL,identidad_confirmada_cruce_oficial,Serie normalizada y contrafactuales incorporados; actualizar con el consolidado 2025 cuando se publique.
dip-frade-monica,Mónica Frade,Diputados nacionales,Diputado/a nacional,Buenos Aires,FRADE MONICA EDITH,no,1,bc2ef5b8f4a9ee49,2018|2019|2020|2021|2022|2023|2024,2021|2022|2023|2024,sí,2024,HONORABLE CAMARA DE DIPUTADOS DE LA NACION,DIPUTADA NACION,identidad_confirmada_cruce_oficial,Serie normalizada y contrafactuales incorporados; actualizar con el consolidado 2025 cuando se publique.
dip-fregonese-alicia,Alicia Fregonese,Diputados nacionales,Diputado/a nacional,Entre Rios,FREGONESE ALICIA MARIA,no,1,ab9b00ebd58ca640,2017|2018|2019|2020|2021,2017|2018|2020,sí,2021,,,identidad_confirmada_cruce_oficial,Serie normalizada y contrafactuales incorporados; actualizar con el consolidado 2025 cuando se publique.
dip-freites-andrea,Andrea Freites,Diputados nacionales,Diputado/a nacional,Tierra Del Fuego,FREITES ANDREA GRACIELA,no,1,41464f21e8979a10,2023,2023,sí,2023,HONORABLE CAMARA DE DIPUTADOS DE LA NACION,Diputado Nacional,identidad_confirmada_cruce_oficial,Serie normalizada y contrafactuales incorporados; actualizar con el consolidado 2025 cuando se publique.
dip-frias-maira,Maira Frias,Diputados nacionales,Diputado/a nacional,Chubut,FRIAS MAIRA RAQUEL,no,1,8a0d0d30dcdb1b4f,2018|2024,2018,sí,2024,ADMINISTRACION NACIONAL DE LA SEGURIDAD SOCIAL ANS,jefa de oficina,identidad_confirmada_cruce_oficial,Serie normalizada y contrafactuales incorporados; actualizar con el consolidado 2025 cuando se publique.
dip-galmarini-sebastian,Sebastián Galmarini,Diputados nacionales,Diputado/a nacional,Buenos Aires,GALMARINI SEBASTIAN,no,1,065e23421025743f,2021|2024,2024,sí,2024,BANCO DE LA PROVINCIA DE BUENOS AIRES,DIPUTADO NACIONAL,identidad_confirmada_cruce_oficial,Serie normalizada y contrafactuales incorporados; actualizar con el consolidado 2025 cuando se publique.
dip-garcia-maria-teresa,María Teresa García,Diputados nacionales,Diputado/a nacional,Buenos Aires,GARCIA MARIA TERESA,no,1,c2df9aac1695ec55,2017|2018|2019|2020|2021|2022|2023|2024,,no,2024,HONORABLE CAMARA DE SENADORES PCIA BS AS,SENADORA POR LA PROVINCIA DE BUENOS AIRES,revision_manual_identidad,Resolver variaciones de nombre o identificador antes de usar importes.
dip-garcia-aresca-ignacio,Ignacio García Aresca,Diputados nacionales,Diputado/a nacional,Cordoba,GARCIA ARESCA IGNACIO JOSE,no,1,aa659cf476c022ff,2021|2022|2023,2021|2022|2023,sí,2023,GARCIA ARESCA IGNACIO JOSE,DIPUTADO NACIONAL,identidad_confirmada_cruce_oficial,Serie normalizada y contrafactuales incorporados; actualizar con el consolidado 2025 cuando se publique.
dip-garrido-jose-luis,José Luis Garrido,Diputados nacionales,Diputado/a nacional,Santa Cruz,GARRIDO JOSE LUIS,no,1,5a57ab293748e90e,2023|2024,2023|2024,sí,2024,HONORABLE CAMARA DE DIPUTADOS DE LA NACION,DIPUTADO NACIONAL,identidad_confirmada_cruce_oficial,Serie normalizada y contrafactuales incorporados; actualizar con el consolidado 2025 cuando se publique.
dip-giampieri-antonela,Antonela Giampieri,Diputados nacionales,Diputado/a nacional,Ciudad De Buenos Aires,GIAMPIERI ANTONELA,no,1,0475183257f27009,2024,,sí,2024,,,revision_manual_identidad,Resolver variaciones de nombre o identificador antes de usar importes.
dip-giordano-juan-carlos,Juan Carlos Giordano,Diputados nacionales,Diputado/a nacional,Buenos Aires,GIORDANO JUAN CARLOS,no,2,,2017|2018|2019|2020|2021|2022|2023|2024,2018|2022|2024,sí,2024,,DIPUTADO NACIONAL,revision_manual_identidad,Resolver variaciones de nombre o identificador antes de usar importes.
dip-giudici-silvana,Silvana Giudici,Diputados nacionales,Diputado/a nacional,Ciudad De Buenos Aires,GIUDICI SILVANA MYRIAM,no,1,1b88aa5e26d137bd,2017|2018|2019|2020|2021|2022|2023|2024,2024,sí,2024,HONORABLE CAMARA DE DIPUTADOS DE LA NACION,Diputada nacional,identidad_confirmada_cruce_oficial,Serie normalizada y contrafactuales incorporados; actualizar con el consolidado 2025 cuando se publique.
dip-glinski-jose,José Glinski,Diputados nacionales,Diputado/a nacional,Chubut,GLINSKI JOSE ALEJANDRO,no,1,be9972a4598d8ceb,2020|2021|2022|2023|2024,2023|2024,sí,2024,HONORABLE CAMARA DE DIPUTADOS DE LA NACION,DIPUTADO NACIONAL,identidad_confirmada_cruce_oficial,Serie normalizada y contrafactuales incorporados; actualizar con el consolidado 2025 cuando se publique.
dip-gonzalez-gerardo-gustavo,Gerardo Gustavo González,Diputados nacionales,Diputado/a nacional,Formosa,GONZALEZ GERARDO GUSTAVO,no,1,9d38ef6592d40c77,2022|2023|2024,2022,sí,2024,,,identidad_confirmada_cruce_oficial,Serie normalizada y contrafactuales incorporados; actualizar con el consolidado 2025 cuando se publique.
dip-grabois-juan,Juan Grabois,Diputados nacionales,Diputado/a nacional,Buenos Aires,GRABOIS JUAN,no,1,002d428d158ef0c2,2024,,sí,2024,,,revision_manual_identidad,Resolver variaciones de nombre o identificador antes de usar importes.
dip-gruber-maura,Maura Gruber,Diputados nacionales,Diputado/a nacional,Misiones,GRUBER MAURA ESTER,no,1,ffaa9223c0512667,2024,2024,sí,2024,,DIPUTADO NACIONAL,identidad_confirmada_cruce_oficial,Serie normalizada y contrafactuales incorporados; actualizar con el consolidado 2025 cuando se publique.
dip-guzman-jairo,Jairo Guzmán,Diputados nacionales,Diputado/a nacional,Santa Cruz,GUZMAN JAIRO HENOCH,no,1,3921b2448e356a14,2024,,sí,2024,,,revision_manual_identidad,Resolver variaciones de nombre o identificador antes de usar importes.
dip-hagman-itai,Itai Hagman,Diputados nacionales,Diputado/a nacional,Ciudad De Buenos Aires,HAGMAN ITAI,no,1,9f14c4c0df5e3e88,2018|2019|2020|2021|2022|2023|2024,2022|2023|2024,sí,2024,HONORABLE CAMARA DE DIPUTADOS DE LA NACION,Diputado de la Nación,identidad_confirmada_cruce_oficial,Serie normalizada y contrafactuales incorporados; actualizar con el consolidado 2025 cuando se publique.
dip-hartfield-diego,Diego Hartfield,Diputados nacionales,Diputado/a nacional,Misiones,HARTFIELD DIEGO GABRIEL,no,1,b52414cf91f21dcb,2024,2024,sí,2024,,DIPUTADO,identidad_confirmada_cruce_oficial,Serie normalizada y contrafactuales incorporados; actualizar con el consolidado 2025 cuando se publique.
dip-holzman-patricia,Patricia Holzman,Diputados nacionales,Diputado/a nacional,Ciudad De Buenos Aires,HOLZMAN PATRICIA NOEMI,no,1,d2b71dc23e7f5f42,2017|2018|2019|2024,2024,sí,2024,,DIPUTADA NACIONAL,identidad_confirmada_cruce_oficial,Serie normalizada y contrafactuales incorporados; actualizar con el consolidado 2025 cuando se publique.
dip-humenuk-gladys,Gladys Humenuk,Diputados nacionales,Diputado/a nacional,Buenos Aires,HUMENUK GLADYS NOEMI,no,1,070b241946fae885,2022|2024,,sí,2024,CORREO OFICIAL DE LA REPUBLICA ARGENTINA SOCIEDAD,DIRECTORA en Correo Argentino,revision_manual_identidad,Resolver variaciones de nombre o identificador antes de usar importes.
dip-ianni-ana-maria,Ana María Ianni,Diputados nacionales,Diputado/a nacional,Santa Cruz,IANNI ANA MARIA,no,1,2771f2b249ea9448,2017|2018|2019|2020|2021|2022|2023|2024,2023|2024,sí,2024,HONORABLE CAMARA DE DIPUTADOS DE LA NACION,DIPUTADA NACIONAL,identidad_confirmada_cruce_oficial,Serie normalizada y contrafactuales incorporados; actualizar con el consolidado 2025 cuando se publique.
dip-ibanez-maria-cecilia,María Cecilia Ibañez,Diputados nacionales,Diputado/a nacional,Cordoba,IBAÑEZ MARIA CECILIA,no,1,33dcc55b8268f703,2023|2024,2023|2024,sí,2024,HONORABLE CAMARA DE DIPUTADOS DE LA NACION,DIPUTADA NACIONAL,identidad_confirmada_cruce_oficial,Serie normalizada y contrafactuales incorporados; actualizar con el consolidado 2025 cuando se publique.
dip-juliano-pablo,Pablo Juliano,Diputados nacionales,Diputado/a nacional,Buenos Aires,JULIANO PABLO ADRIAN,no,1,82e9e6cf7804aab3,2020|2023|2024,2020|2023|2024,sí,2024,,Diputado Nacional,identidad_confirmada_cruce_oficial,Serie normalizada y contrafactuales incorporados; actualizar con el consolidado 2025 cuando se publique.
dip-kirchner-maximo-carlos,Máximo Carlos Kirchner,Diputados nacionales,Diputado/a nacional,Buenos Aires,KIRCHNER MAXIMO CARLOS,no,1,8400b7e378d944f9,2017|2018|2019|2020|2021|2022|2023|2024,2017|2018|2019|2020|2021|2022|2023|2024,sí,2024,HONORABLE CAMARA DE DIPUTADOS DE LA NACION,DIPUTADO NACIONAL,serie_curada,Mantener auditoría persona-año y sumar el ejercicio 2025 cuando exista fuente primaria.
dip-leiva-aldo,Aldo Leiva,Diputados nacionales,Diputado/a nacional,Chaco,LEIVA ALDO ADOLFO,no,1,deb2310d0fa82d45,2018|2019|2020|2021|2022|2023|2024,2019|2020|2021|2022|2023|2024,no,2024,,DIPUTADO NACIONAL,revision_manual_identidad,Resolver variaciones de nombre o identificador antes de usar importes.
dip-leone-andres,Andrés Leone,Diputados nacionales,Diputado/a nacional,Ciudad De Buenos Aires,LEONE ANDRES MARCELO,no,1,bfc44805b3df4b1f,2022|2024,2022|2024,sí,2024,SECRETARIA DE INDUSTRIA Y DESARROLLO PRODUCTIVO,DIPUTADO NACIONAL,identidad_confirmada_cruce_oficial,Serie normalizada y contrafactuales incorporados; actualizar con el consolidado 2025 cuando se publique.
dip-lluch-enrique,Enrique Lluch,Diputados nacionales,Diputado/a nacional,Cordoba,LLUCH ENRIQUE,no,1,cc6d2eb79f442e67,2024,,sí,2024,DIRECCION NACIONAL DE VIALIDAD,JEFE DE DISTRITO,revision_manual_identidad,Resolver variaciones de nombre o identificador antes de usar importes.
dip-longo-johanna-sabrina,Johanna Sabrina Longo,Diputados nacionales,Diputado/a nacional,Buenos Aires,LONGO JOHANNA SABRINA,no,1,465a8eca3fed0c50,2022|2024,2022|2024,sí,2024,CORREO OFICIAL DE LA REPUBLICA ARGENTINA SOCIEDAD,CANDIDATA DIPUTADA NACIONAL,identidad_confirmada_cruce_oficial,Serie normalizada y contrafactuales incorporados; actualizar con el consolidado 2025 cuando se publique.
dip-lousteau-martin,Martín Lousteau,Diputados nacionales,Diputado/a nacional,Ciudad De Buenos Aires,LOUSTEAU MARTIN,no,1,49960983526375d2,2017|2018|2019|2020|2021|2022|2023|2024,2017|2018,no,2024,HONORABLE SENADO DE LA NACION,SENADOR NACIONAL,revision_manual_identidad,Resolver variaciones de nombre o identificador antes de usar importes.
dip-luque-juan-pablo,Juan Pablo Luque,Diputados nacionales,Diputado/a nacional,Chubut,LUQUE JUAN PABLO,no,1,3fecf885a1398e89,2020|2021|2022|2023|2024,,sí,2024,MINISTERIO DE RELACIONES EXTERIORES Y CULTO,CONSEJERO EN EMBAJADA ARGENTINA EN MADRID,revision_manual_identidad,Resolver variaciones de nombre o identificador antes de usar importes.
dip-manrique-mario,Mario Manrique,Diputados nacionales,Diputado/a nacional,Buenos Aires,MANRIQUE MARIO ROBERTO,no,1,53b32e4764d0ec95,2022|2023|2024,2022|2023|2024,sí,2024,SINDICATO DE MECANICOS Y AFINES DEL TRANSPORTE AUT,diputado nacional,identidad_confirmada_cruce_oficial,Serie normalizada y contrafactuales incorporados; actualizar con el consolidado 2025 cuando se publique.
dip-marin-varinia-lis,Varinia Lis Marín,Diputados nacionales,Diputado/a nacional,La Pampa,MARIN VARINIA LIS,no,1,b9a8ca19fb9740ab,2021|2022|2023|2024,2021|2022|2023|2024,sí,2024,,Diputada,identidad_confirmada_cruce_oficial,Serie normalizada y contrafactuales incorporados; actualizar con el consolidado 2025 cuando se publique.
dip-martinez-german-pedro,Germán Pedro Martínez,Diputados nacionales,Diputado/a nacional,Santa Fe,MARTINEZ GERMAN PEDRO,no,1,da87e12dc3a85c0c,2018|2019|2020|2021|2022|2023|2024,2018|2019|2020|2021|2022|2023|2024,sí,2024,HONORABLE CAMARA DE DIPUTADOS DE LA NACION,DIPUTADO NACIONAL,identidad_confirmada_cruce_oficial,Serie normalizada y contrafactuales incorporados; actualizar con el consolidado 2025 cuando se publique.
dip-martinez-alvaro,Álvaro Martínez,Diputados nacionales,Diputado/a nacional,Mendoza,MARTINEZ ALVARO FERNANDO,no,1,fa7c08fc2ec6efea,2020|2021|2022|2023|2024,2020|2021|2022|2023|2024,sí,2024,HONORABLE CAMARA DE DIPUTADOS DE LA NACION,DIPUTADO DE LA NACION,identidad_confirmada_cruce_oficial,Serie normalizada y contrafactuales incorporados; actualizar con el consolidado 2025 cuando se publique.
dip-massot-nicolas,Nicolás Massot,Diputados nacionales,Diputado/a nacional,Buenos Aires,MASSOT NICOLAS MARIA,no,1,65ab0888dbd0327e,2017|2018|2019|2023|2024,2017|2018|2019|2023|2024,sí,2024,HONORABLE CAMARA DE DIPUTADOS DE LA NACION,DIPUTADO,identidad_confirmada_cruce_oficial,Serie normalizada y contrafactuales incorporados; actualizar con el consolidado 2025 cuando se publique.
dip-matzkin-martin,Martín Matzkin,Diputados nacionales,Diputado/a nacional,La Pampa,MATZKIN MARTIN,no,1,2a0b4e8df069eab5,2017|2018|2019|2020|2021|2022|2023|2024,,sí,2024,PCIAS BS AS LA PAMPA Y RIO NEGRO ENTE EJECUTIVO PR,REPRESENTANTE,revision_manual_identidad,Resolver variaciones de nombre o identificador antes de usar importes.
dip-maureira-karina,Karina Maureira,Diputados nacionales,Diputado/a nacional,Neuquen,MAUREIRA KARINA ALEJANDRA,no,1,35a024ef3cac0a50,2024,2024,sí,2024,,DIPUTADA NACIONAL,identidad_confirmada_cruce_oficial,Serie normalizada y contrafactuales incorporados; actualizar con el consolidado 2025 cuando se publique.
dip-mayoraz-nicolas,Nicolás Mayoraz,Diputados nacionales,Diputado/a nacional,Santa Fe,MAYORAZ NICOLAS FERNANDO,no,1,37c67f2ee31b7aeb,2022|2023|2024,2022|2023|2024,sí,2024,,DIPUTADO NACIONAL,identidad_confirmada_cruce_oficial,Serie normalizada y contrafactuales incorporados; actualizar con el consolidado 2025 cuando se publique.
dip-medina-gladys,Gladys Medina,Diputados nacionales,Diputado/a nacional,Tucuman,MEDINA GLADYS DEL VALLE,no,1,5836a729ff7262e8,2017|2018|2019|2020|2023|2024,2017|2018|2019|2020|2023|2024,sí,2024,HONORABLE CAMARA DE DIPUTADOS DE LA NACION,DIPUTADA DE LA NACION,identidad_confirmada_cruce_oficial,Serie normalizada y contrafactuales incorporados; actualizar con el consolidado 2025 cuando se publique.
dip-menem-martin,Martín Menem,Diputados nacionales,Diputado/a nacional,La Rioja,MENEM MARTIN ALEXIS,no,1,1a15f926c7d53963,2022|2023|2024,2022|2023,sí,2024,,,serie_curada,Mantener auditoría persona-año y sumar el ejercicio 2025 cuando exista fuente primaria.
dip-michel-guillermo,Guillermo Michel,Diputados nacionales,Diputado/a nacional,Entre Rios,MICHEL GUILLERMO,no,1,05d218b5fecf3549,2022|2023|2024,2024,sí,2024,,DIPUTADO NACIONAL,identidad_confirmada_cruce_oficial,Serie normalizada y contrafactuales incorporados; actualizar con el consolidado 2025 cuando se publique.
dip-molina-juan-carlos,Juan Carlos Molina,Diputados nacionales,Diputado/a nacional,Santa Cruz,MOLINA JUAN CARLOS,no,1,cca8eee22b6a48ab,2022,,sí,2022,SECRETARIA NACIONAL DE NIÑEZ -ADOLESCENCIA Y FAMIL,ASESOR AD HONOREM,revision_manual_identidad,Resolver variaciones de nombre o identificador antes de usar importes.
dip-molle-matias,Matías Molle,Diputados nacionales,Diputado/a nacional,Buenos Aires,MOLLE MATIAS,no,1,9dd54e4a1516da27,2022,2022,sí,2022,,DIPUTADO NACIONAL,identidad_confirmada_cruce_oficial,Serie normalizada y contrafactuales incorporados; actualizar con el consolidado 2025 cuando se publique.
dip-montenegro-juan-pablo,Juan Pablo Montenegro,Diputados nacionales,Diputado/a nacional,Santa Fe,MONTENEGRO JUAN PABLO,no,1,bcb80dea879dd266,2022|2024,2022,sí,2024,ADMINISTRACION NACIONAL DE LA SEGURIDAD SOCIAL ANS,JEFE REGIONAL DEL LITORAL,identidad_confirmada_cruce_oficial,Serie normalizada y contrafactuales incorporados; actualizar con el consolidado 2025 cuando se publique.
dip-morchio-francisco,Francisco Morchio,Diputados nacionales,Diputado/a nacional,Entre Rios,MORCHIO FRANCISCO ALEJANDRO,no,1,165a8eb47319df73,2022|2023|2024,2022|2023|2024,no,2024,HONORABLE CAMARA DE DIPUTADOS DE LA NACION,DIPUTADO NACIONAL,revision_manual_identidad,Resolver variaciones de nombre o identificador antes de usar importes.
dip-moreau-cecilia,Cecilia Moreau,Diputados nacionales,Diputado/a nacional,Buenos Aires,MOREAU CECILIA,no,1,1f783b9fa576fa15,2017|2018|2019|2020|2021|2022|2023|2024,2017|2018|2019|2020|2021|2022|2023|2024,sí,2024,HONORABLE CAMARA DE DIPUTADOS DE LA NACION,DIPUTADA NACIONAL,identidad_confirmada_cruce_oficial,Serie normalizada y contrafactuales incorporados; actualizar con el consolidado 2025 cuando se publique.
dip-moyano-hugo-antonio,Hugo Antonio Moyano,Diputados nacionales,Diputado/a nacional,Buenos Aires,MOYANO HUGO ANTONIO,no,1,97b029d8e1f78c97,2024,2024,sí,2024,ESTUDIO JURIDICO DR. HUGO MOYANO & ASOCIADOS S.R.L,DIPUTADO NACIONAL,identidad_confirmada_cruce_oficial,Serie normalizada y contrafactuales incorporados; actualizar con el consolidado 2025 cuando se publique.
dip-munoz-gabriela-luciana,Gabriela Luciana Muñoz,Diputados nacionales,Diputado/a nacional,Neuquen,MUÑOZ GABRIELA LUCIANA MABEL,no,1,fac54e84f608d0e1,2024,,sí,2024,ADMINISTRACION NACIONAL DE LA SEGURIDAD SOCIAL ANS,JEFE DE OFICINA ANSES NEUQUEN,revision_manual_identidad,Resolver variaciones de nombre o identificador antes de usar importes.
dip-neder-estela-mary,Estela Mary Neder,Diputados nacionales,Diputado/a nacional,Santiago Del Estero,NEDER ESTELA MARY,no,1,e4c8386997bd42bb,2017|2018|2019|2020|2021|2022|2023,2017|2018|2019|2020|2021|2022|2023,no,2023,HONORABLE CAMARA DE DIPUTADOS DE LA NACION,DIPUTADO NACIONAL,revision_manual_identidad,Resolver variaciones de nombre o identificador antes de usar importes.
dip-niveyro-miriam,Miriam Niveyro,Diputados nacionales,Diputado/a nacional,Buenos Aires,NIVEYRO MIRIAM DEL CARMEN,no,1,d55f03bea7836817,2022|2024,,sí,2024,,DIRECTORA DE ACCESO AL SUELO URBANO,revision_manual_identidad,Resolver variaciones de nombre o identificador antes de usar importes.
dip-osuna-blanca-ines,Blanca Inés Osuna,Diputados nacionales,Diputado/a nacional,Entre Rios,OSUNA BLANCA INES,no,1,90a8f3176dc06369,2018|2019|2020|2021|2022|2023|2024,2018|2019|2020|2021|2022|2023|2024,no,2024,HONORABLE CAMARA DE DIPUTADOS DE LA NACION,Diputada Nacional,revision_manual_identidad,Resolver variaciones de nombre o identificador antes de usar importes.
dip-outes-pablo,Pablo Outes,Diputados nacionales,Diputado/a nacional,Salta,OUTES PABLO ISMAEL,no,1,d532c14cc20293b5,2023|2024,2023|2024,no,2024,,DIPUTADO NACIONAL,revision_manual_identidad,Resolver variaciones de nombre o identificador antes de usar importes.
dip-pagano-marcela-marina,Marcela Marina Pagano,Diputados nacionales,Diputado/a nacional,Buenos Aires,PAGANO MARCELA MARINA,no,1,3d0f7e46232e2cee,2022|2023|2024,2022|2023|2024,sí,2024,AMERICA T.V. SA,DIPUTADA NACIONAL,identidad_confirmada_cruce_oficial,Serie normalizada y contrafactuales incorporados; actualizar con el consolidado 2025 cuando se publique.
dip-palazzo-sergio-omar,Sergio Omar Palazzo,Diputados nacionales,Diputado/a nacional,Buenos Aires,PALAZZO SERGIO OMAR,no,1,7036ece7e08ec96f,2020|2021|2022|2023|2024,2020|2021|2022|2023|2024,sí,2024,HONORABLE CAMARA DE DIPUTADOS DE LA NACION,DIPUTADO NACIONAL,identidad_confirmada_cruce_oficial,Serie normalizada y contrafactuales incorporados; actualizar con el consolidado 2025 cuando se publique.
dip-pareja-sebastian,Sebastián Pareja,Diputados nacionales,Diputado/a nacional,Buenos Aires,PAREJA SEBASTIAN MIGUEL,no,1,d9ee4d21f00136c3,2017|2018|2019|2023|2024,,sí,2024,HONORABLE SENADO DE LA NACION,SUBSECRETARIO DE INTEGRACION SOCIO URBANA,identidad_confirmada_cruce_oficial,Serie normalizada y contrafactuales incorporados; actualizar con el consolidado 2025 cuando se publique.
dip-parola-maria-graciela,María Graciela Parola,Diputados nacionales,Diputado/a nacional,Formosa,PAROLA MARIA GRACIELA,no,1,c3bbc9b0a108b526,2018|2019|2020|2021|2022|2023|2024,2018|2019|2020|2021|2022|2023|2024,sí,2024,HONORABLE CAMARA DE DIPUTADOS DE LA NACION,DIPUTADA NACIONAL,identidad_confirmada_cruce_oficial,Serie normalizada y contrafactuales incorporados; actualizar con el consolidado 2025 cuando se publique.
dip-patino-brizuela-marcos,Marcos Patiño Brizuela,Diputados nacionales,Diputado/a nacional,Cordoba,PATIÑO BRIZUELA MARCOS,no,1,6d35786c23228b2e,2024,,sí,2024,INSTITUTO NACIONAL DE SERVICIOS SOCIALES PARA JUBI,Director Ejecutivo UGL III,revision_manual_identidad,Resolver variaciones de nombre o identificador antes de usar importes.
dip-paulon-esteban,Esteban Paulón,Diputados nacionales,Diputado/a nacional,Santa Fe,PAULON ESTEBAN,no,1,483e5ca585b9cd63,2022|2023|2024,2022|2023|2024,sí,2024,HONORABLE CAMARA DE DIPUTADOS DE LA NACION,DIPUTADO NACIONAL,identidad_confirmada_cruce_oficial,Serie normalizada y contrafactuales incorporados; actualizar con el consolidado 2025 cuando se publique.
dip-pedrali-gabriela,Gabriela Pedrali,Diputados nacionales,Diputado/a nacional,La Rioja,PEDRALI GABRIELA,no,1,320e1db059bbc6e6,2021|2022|2023|2024,,sí,2024,,,revision_manual_identidad,Resolver variaciones de nombre o identificador antes de usar importes.
dip-pelli-federico-agustin,Federico Agustín Pelli,Diputados nacionales,Diputado/a nacional,Tucuman,PELLI FEDERICO AGUSTIN,no,1,e97067d8209d38fe,2024,,sí,2024,,,revision_manual_identidad,Resolver variaciones de nombre o identificador antes de usar importes.
dip-peluc-jose,José Peluc,Diputados nacionales,Diputado/a nacional,San Juan,PELUC JOSE ASAD,no,1,a33a981165168dca,2017|2022|2023|2024,2022|2023|2024,no,2024,,DIPUTADO NACIONAL,revision_manual_identidad,Resolver variaciones de nombre o identificador antes de usar importes.
dip-penacca-paula-andrea,Paula Andrea Penacca,Diputados nacionales,Diputado/a nacional,Ciudad De Buenos Aires,PENACCA PAULA ANDREA,no,1,8325f36c5bc710a0,2018|2019|2020|2021|2022|2023,2018|2020|2021|2022|2023,no,2023,HONORABLE CAMARA DE DIPUTADOS DE LA NACION,Diputada,revision_manual_identidad,Resolver variaciones de nombre o identificador antes de usar importes.
dip-petri-luis,Luis Petri,Diputados nacionales,Diputado/a nacional,Mendoza,PETRI LUIS ALFONSO,no,1,fc5982095c4972cc,2017|2018|2019|2020|2021|2022|2023|2024,2017|2018|2019|2020|2021|2022|2023|2024,sí,2024,,DIPUTADO NACIONAL,identidad_confirmada_cruce_oficial,Serie normalizada y contrafactuales incorporados; actualizar con el consolidado 2025 cuando se publique.
dip-petrovich-maria-lorena,María Lorena Petrovich,Diputados nacionales,Diputado/a nacional,Buenos Aires,PETROVICH MARIA LORENA,no,1,53ea3e9dfe4d6fb4,2022|2024,2022,sí,2024,MINISTERIO DE SEGURIDAD,Directora Nacional de Bienestar,identidad_confirmada_cruce_oficial,Serie normalizada y contrafactuales incorporados; actualizar con el consolidado 2025 cuando se publique.
dip-picat-luis-albino,Luis Albino Picat,Diputados nacionales,Diputado/a nacional,Cordoba,PICAT LUIS ALBINO,no,1,b45cc800f6967209,2022|2023|2024,2023|2024,sí,2024,HONORABLE CAMARA DE DIPUTADOS DE LA NACION,Diputado Nacional,identidad_confirmada_cruce_oficial,Serie normalizada y contrafactuales incorporados; actualizar con el consolidado 2025 cuando se publique.
dip-pichetto-miguel-angel,Miguel Ángel Pichetto,Diputados nacionales,Diputado/a nacional,Buenos Aires,PICHETTO MIGUEL ANGEL,no,1,1045af7ec60f7a23,2017|2018|2019|2020|2021|2022|2023|2024,2023|2024,sí,2024,HONORABLE CAMARA DE DIPUTADOS DE LA NACION,DIPUTADO NACIONAL,identidad_confirmada_cruce_oficial,Serie normalizada y contrafactuales incorporados; actualizar con el consolidado 2025 cuando se publique.
dip-picon-martinez-nancy-viviana,Nancy Viviana Picón Martínez,Diputados nacionales,Diputado/a nacional,San Juan,PICON MARTINEZ NANCY VIVIANA,no,1,4879c0d07159fa64,2022|2023,2022|2023,sí,2023,,DIPUTADA NACIONAL TITULAR EN PRIMER TERMINO,identidad_confirmada_cruce_oficial,Serie normalizada y contrafactuales incorporados; actualizar con el consolidado 2025 cuando se publique.
dip-pietragalla-corti-horacio,Horacio Pietragalla Corti,Diputados nacionales,Diputado/a nacional,Buenos Aires,PIETRAGALLA CORTI HORACIO CESAR,no,1,4aeef3c2e853b570,2017|2018|2019|2020|2021|2022|2023|2024,2017|2018|2024,sí,2024,,DIPUTADO NACIONAL,identidad_confirmada_cruce_oficial,Serie normalizada y contrafactuales incorporados; actualizar con el consolidado 2025 cuando se publique.
dip-pokoik-lorena,Lorena Pokoik,Diputados nacionales,Diputado/a nacional,Ciudad De Buenos Aires,POKOIK LORENA I,no,1,8309acfbf02371f8,2017|2018|2019|2020|2021|2022|2023|2024,2023|2024,no,2024,HONORABLE CAMARA DE DIPUTADOS DE LA NACION,DIPUTADA NACIONAL,revision_manual_identidad,Resolver variaciones de nombre o identificador antes de usar importes.
dip-ponce-maria-celeste,María Celeste Ponce,Diputados nacionales,Diputado/a nacional,Cordoba,PONCE MARIA CELESTE,no,1,bce48e23d16765c4,2022|2023,2022|2023,no,2023,HONORABLE CAMARA DE DIPUTADOS DE LA NACION,Diputada Nacional,revision_manual_identidad,Resolver variaciones de nombre o identificador antes de usar importes.
dip-potenza-luciana,Luciana Potenza,Diputados nacionales,Diputado/a nacional,Buenos Aires,POTENZA LUCIANA,no,1,bc043dc3a8a5f54f,2021|2022|2023|2024,2023|2024,sí,2024,HONORABLE CAMARA DE DIPUTADOS DE LA NACION,DIPUTADA NACIONAL,identidad_confirmada_cruce_oficial,Serie normalizada y contrafactuales incorporados; actualizar con el consolidado 2025 cuando se publique.
dip-propato-agustina-lucrecia,Agustina Lucrecia Propato,Diputados nacionales,Diputado/a nacional,Buenos Aires,PROPATO AGUSTINA LUCRECIA,no,1,cbce746a23646175,2020|2021|2022|2023|2024,2020|2021|2022|2023|2024,sí,2024,,DIPUTADA NACIONAL,identidad_confirmada_cruce_oficial,Serie normalizada y contrafactuales incorporados; actualizar con el consolidado 2025 cuando se publique.
dip-quintar-manuel,Manuel Quintar,Diputados nacionales,Diputado/a nacional,Jujuy,QUINTAR MANUEL,no,1,5ed57882b503d671,2023|2024,2023|2024,sí,2024,HONORABLE CAMARA DE DIPUTADOS DE LA NACION,DIPUTADO NACIONAL,identidad_confirmada_cruce_oficial,Serie normalizada y contrafactuales incorporados; actualizar con el consolidado 2025 cuando se publique.
dip-rauschenberger-ariel,Ariel Rauschenberger,Diputados nacionales,Diputado/a nacional,La Pampa,RAUSCHENBERGER ARIEL,no,1,6bea597fb4e29583,2017|2018|2019|2020|2021|2023|2024,2017|2018|2019|2020|2021|2023|2024,sí,2024,HONORABLE CAMARA DE DIPUTADOS DE LA NACION,Diputado Nacional,identidad_confirmada_cruce_oficial,Serie normalizada y contrafactuales incorporados; actualizar con el consolidado 2025 cuando se publique.
dip-razzini-veronica,Verónica Razzini,Diputados nacionales,Diputado/a nacional,Santa Fe,RAZZINI VERONICA GABRIELA,no,1,63ecebbf83f648a5,2022|2023,2022|2023,no,2023,,DIPUTADA NACIONAL,revision_manual_identidad,Resolver variaciones de nombre o identificador antes de usar importes.
dip-rizzotti-jorge,Jorge Rizzotti,Diputados nacionales,Diputado/a nacional,Jujuy,RIZZOTTI JORGE RAUL,no,1,0d2a10d239987f03,2019|2020|2021|2022|2023|2024,2022|2023|2024,sí,2024,HONORABLE CAMARA DE DIPUTADOS DE LA NACION,DIPUTADO NACIONAL,identidad_confirmada_cruce_oficial,Serie normalizada y contrafactuales incorporados; actualizar con el consolidado 2025 cuando se publique.
dip-rodriguez-machado-laura-elena,Laura Elena Rodríguez Machado,Diputados nacionales,Diputado/a nacional,Cordoba,RODRIGUEZ MACHADO LAURA ELENA,no,1,30a2f39836dd84c8,2017|2018|2019|2020|2021|2023|2024,2021|2023|2024,sí,2024,,DIPUTADA NACIONAL,identidad_confirmada_cruce_oficial,Serie normalizada y contrafactuales incorporados; actualizar con el consolidado 2025 cuando se publique.
dip-rossi-agustin-oscar,Agustín Oscar Rossi,Diputados nacionales,Diputado/a nacional,Santa Fe,ROSSI AGUSTIN OSCAR,no,1,dd3b0846f5de54c0,2017|2018|2019|2020|2021|2022|2023,2017|2018,sí,2023,JEFATURA DE GABINETE DE MINISTROS,JEFE DE GABINETE DE MINISTROS DE LA NACIÓN,identidad_confirmada_cruce_oficial,Serie normalizada y contrafactuales incorporados; actualizar con el consolidado 2025 cuando se publique.
dip-ruiz-yamila,Yamila Ruíz,Diputados nacionales,Diputado/a nacional,Misiones,RUIZ YAMILA LISETTE,no,1,c2a65e5fe2045b05,2022|2023|2024,2022|2023|2024,no,2024,HONORABLE CAMARA DE DIPUTADOS DE LA NACION,DIPUTADA NACIONAL,revision_manual_identidad,Resolver variaciones de nombre o identificador antes de usar importes.
dip-salzmann-marina-dorotea,Marina Dorotea Salzmann,Diputados nacionales,Diputado/a nacional,Buenos Aires,SALZMANN MARINA DOROTEA,no,1,05c7d7fdce55404b,2024,,sí,2024,MUNICIPALIDAD DE MARCOS PAZ,CONCEJAL MUNICIPALIDAD MARCOS PAZ,revision_manual_identidad,Resolver variaciones de nombre o identificador antes de usar importes.
dip-sanchez-wrba-javier,Javier Sánchez Wrba,Diputados nacionales,Diputado/a nacional,Buenos Aires,SANCHEZ WRBA JAVIER,no,1,896127c0618fe88b,2017|2018|2019|2020|2023|2024,2020,no,2024,HONORABLE SENADO DE LA NACION,Prosecretario Parlamentario de Bloque en el Senado,revision_manual_identidad,Resolver variaciones de nombre o identificador antes de usar importes.
dip-scaglia-gisela,Gisela Scaglia,Diputados nacionales,Diputado/a nacional,Santa Fe,SCAGLIA GISELA,no,1,a26fa0aadbab7350,2017|2018|2019|2020|2021|2024,2017|2018|2019|2020|2021|2024,sí,2024,,DIPUTADA NACIONAL,identidad_confirmada_cruce_oficial,Serie normalizada y contrafactuales incorporados; actualizar con el consolidado 2025 cuando se publique.
dip-schiaretti-juan,Juan Schiaretti,Diputados nacionales,Diputado/a nacional,Cordoba,SCHIARETTI JUAN,no,1,ff1a986c69df41aa,2022,,sí,2022,,PRESIDENTE DE LA NACION,revision_manual_identidad,Resolver variaciones de nombre o identificador antes de usar importes.
dip-selva-sabrina,Sabrina Selva,Diputados nacionales,Diputado/a nacional,Buenos Aires,SELVA SABRINA,no,1,d472d0056b2da275,2022|2023|2024,2023|2024,sí,2024,HONORABLE CAMARA DE DIPUTADOS DE LA NACION,DIPUTADA NACIONAL,identidad_confirmada_cruce_oficial,Serie normalizada y contrafactuales incorporados; actualizar con el consolidado 2025 cuando se publique.
dip-serquis-adriana-cristina,Adriana Cristina Serquis,Diputados nacionales,Diputado/a nacional,Rio Negro,SERQUIS ADRIANA CRISTINA,no,1,ccd1c5aff583d17a,2021|2022|2023|2024,,sí,2024,,,identidad_confirmada_cruce_oficial,Serie normalizada y contrafactuales incorporados; actualizar con el consolidado 2025 cuando se publique.
dip-siley-vanesa-raquel,Vanesa Raquel Siley,Diputados nacionales,Diputado/a nacional,Buenos Aires,SILEY VANESA RAQUEL,no,1,9307405adc08c952,2017|2018|2019|2020|2021|2022|2023|2024,2017|2018|2019|2020|2021|2022|2023|2024,sí,2024,HONORABLE CAMARA DE DIPUTADOS DE LA NACION,DIPUTADA NACIONAL DISTRITO OCIA BS AS,identidad_confirmada_cruce_oficial,Serie normalizada y contrafactuales incorporados; actualizar con el consolidado 2025 cuando se publique.
dip-snopek-guillermo,Guillermo Snopek,Diputados nacionales,Diputado/a nacional,Jujuy,SNOPEK GUILLERMO EUGENIO MA,no,1,f39d9cca739ca071,2017|2018|2019|2020|2021|2022|2023|2024,2017|2023|2024,no,2024,HONORABLE CAMARA DE DIPUTADOS DE LA NACION,DIPUTADO NACIONAL,revision_manual_identidad,Resolver variaciones de nombre o identificador antes de usar importes.
dip-taiana-jorge,Jorge Taiana,Diputados nacionales,Diputado/a nacional,Buenos Aires,TAIANA JORGE ENRIQUE,no,1,cc92349857337e63,2017|2018|2019|2020|2021|2022|2023|2024,2024,sí,2024,,CANDIDATO A DIPUTADO NACIONAL,identidad_confirmada_cruce_oficial,Serie normalizada y contrafactuales incorporados; actualizar con el consolidado 2025 cuando se publique.
dip-tepp-caren,Caren Tepp,Diputados nacionales,Diputado/a nacional,Santa Fe,TEPP CAREN ESTEFANIA,no,1,f32b52210919c2b9,2024,2024,sí,2024,,Diputados/as Nacionales- Distrito Santa Fe,identidad_confirmada_cruce_oficial,Serie normalizada y contrafactuales incorporados; actualizar con el consolidado 2025 cuando se publique.
dip-tita-paulo-agustin,Paulo Agustín Tita,Diputados nacionales,Diputado/a nacional,Tierra Del Fuego,TITA PAULO AGUSTIN,no,1,4b87a331a6892734,2024,2024,sí,2024,,DIPUTADO NACIONAL,identidad_confirmada_cruce_oficial,Serie normalizada y contrafactuales incorporados; actualizar con el consolidado 2025 cuando se publique.
dip-todero-pablo,Pablo Todero,Diputados nacionales,Diputado/a nacional,Neuquen,TODERO PABLO ALEJANDRO,no,1,2061dc2fde05cca3,2020|2021|2022|2023|2024,2023|2024,sí,2024,HONORABLE CAMARA DE DIPUTADOS DE LA NACION,DIPUTADO NACIONAL,identidad_confirmada_cruce_oficial,Serie normalizada y contrafactuales incorporados; actualizar con el consolidado 2025 cuando se publique.
dip-tolosa-paz-victoria,Victoria Tolosa Paz,Diputados nacionales,Diputado/a nacional,Buenos Aires,TOLOSA PAZ VICTORIA,no,1,1a37f479907083ea,2019|2020|2021|2022|2023|2024,2021|2023|2024,no,2024,HONORABLE CAMARA DE DIPUTADOS DE LA NACION,diputada nacional,revision_manual_identidad,Resolver variaciones de nombre o identificador antes de usar importes.
dip-tomassoni-yamile,Yamile Tomassoni,Diputados nacionales,Diputado/a nacional,Santa Fe,TOMASSONI YAMILE VANESA,no,1,56b412cde83bd55a,2022|2024,2022,sí,2024,ADMINISTRACION NACIONAL DE LA SEGURIDAD SOCIAL ANS,Jefe de Oficina,identidad_confirmada_cruce_oficial,Serie normalizada y contrafactuales incorporados; actualizar con el consolidado 2025 cuando se publique.
dip-tortoriello-anibal,Aníbal Tortoriello,Diputados nacionales,Diputado/a nacional,Rio Negro,TORTORIELLO ANIBAL ANTONIO,no,1,674c6c5c4552bc1f,2021|2022|2023|2024,2021|2022|2023|2024,sí,2024,HONORABLE CAMARA DE DIPUTADOS DE LA NACION,DIPUTADO NACIONAL,identidad_confirmada_cruce_oficial,Serie normalizada y contrafactuales incorporados; actualizar con el consolidado 2025 cuando se publique.
dip-tournier-jose-federico,José Federico Tournier,Diputados nacionales,Diputado/a nacional,Corrientes,TOURNIER JOSE FEDERICO,no,1,943065d9c20d5425,2023,,no,2023,MUNICIPALIDAD DE GOYA,CONSEJAL MUNICIPAL,revision_manual_identidad,Resolver variaciones de nombre o identificador antes de usar importes.
dip-treffinger-cesar,César Treffinger,Diputados nacionales,Diputado/a nacional,Chubut,TREFFINGER CESAR HERNAN,no,1,060a552be0219afd,2022|2023|2024,2022|2023|2024,sí,2024,HONORABLE CAMARA DE DIPUTADOS DE LA NACION,DIPUTADO NACIONAL,identidad_confirmada_cruce_oficial,Serie normalizada y contrafactuales incorporados; actualizar con el consolidado 2025 cuando se publique.
dip-trotta-nicolas-alfredo,Nicolás Alfredo Trotta,Diputados nacionales,Diputado/a nacional,Buenos Aires,TROTTA NICOLAS ALFREDO,no,1,bddfb43d8ed5bdf5,2019|2020|2021|2024,2024,sí,2024,,Candidato Diputado Nacional,identidad_confirmada_cruce_oficial,Serie normalizada y contrafactuales incorporados; actualizar con el consolidado 2025 cuando se publique.
dip-urien-hernan,Hernán Urien,Diputados nacionales,Diputado/a nacional,Buenos Aires,URIEN HERNAN,no,1,805432631feea0be,2024,,sí,2024,SECRETARIA GENERAL DE LA PRESIDENCIA DE LA NACION,DIRECTOR GENERAL DE PROGRAMAS DE GOBIERNOO,revision_manual_identidad,Resolver variaciones de nombre o identificador antes de usar importes.
dip-valdes-eduardo-felix,Eduardo Félix Valdés,Diputados nacionales,Diputado/a nacional,Ciudad De Buenos Aires,VALDES EDUARDO FELIX,no,1,158b6bc080014a6e,2017|2018|2019|2020|2021|2022|2023|2024,2019|2020|2021|2022|2023|2024,sí,2024,HONORABLE CAMARA DE DIPUTADOS DE LA NACION,DIPUTADO NACIONAL,identidad_confirmada_cruce_oficial,Serie normalizada y contrafactuales incorporados; actualizar con el consolidado 2025 cuando se publique.
dip-vancsik-daniel,Daniel Vancsik,Diputados nacionales,Diputado/a nacional,Misiones,VANCSIK DANIEL ALFREDO,no,1,7774e6b16cc70954,2022|2023|2024,2022|2023|2024,sí,2024,HONORABLE CAMARA DE DIPUTADOS DE LA NACION,DIPUTADO NACIONAL,identidad_confirmada_cruce_oficial,Serie normalizada y contrafactuales incorporados; actualizar con el consolidado 2025 cuando se publique.
dip-vasquez-patricia,Patricia Vásquez,Diputados nacionales,Diputado/a nacional,Buenos Aires,VASQUEZ PATRICIA MARIA,no,1,edcb67e6371d839a,2017|2018|2019|2020|2022|2023|2024,2020|2022|2023|2024,sí,2024,,DIPUTADA NACIONAL POR LA PROVINCIA DE BUENOS AIRES,identidad_confirmada_cruce_oficial,Serie normalizada y contrafactuales incorporados; actualizar con el consolidado 2025 cuando se publique.
dip-vega-yolanda,Yolanda Vega,Diputados nacionales,Diputado/a nacional,Salta,VEGA YOLANDA GRACIELA,no,1,ad6f39a53b285707,2023|2024,2023|2024,sí,2024,HONORABLE CAMARA DE DIPUTADOS DE LA NACION,diputada nacional,identidad_confirmada_cruce_oficial,Serie normalizada y contrafactuales incorporados; actualizar con el consolidado 2025 cuando se publique.
dip-verasay-pamela-fernanda,Pamela Fernanda Verasay,Diputados nacionales,Diputado/a nacional,Mendoza,VERASAY PAMELA FERNANDA,no,1,f225f97268117aa0,2017|2018|2019|2020|2021|2022|2023|2024,2021|2022|2023|2024,sí,2024,HONORABLE CAMARA DE DIPUTADOS DE LA NACION,DIPUTADA NACIONAL,identidad_confirmada_cruce_oficial,Serie normalizada y contrafactuales incorporados; actualizar con el consolidado 2025 cuando se publique.
dip-volnovich-luana,Luana Volnovich,Diputados nacionales,Diputado/a nacional,Buenos Aires,VOLNOVICH LUANA,no,1,239ba194ce53cd90,2017|2018|2019|2020|2021|2022|2023|2024,2017|2018|2023|2024,sí,2024,HONORABLE CAMARA DE DIPUTADOS DE LA NACION,DIPUTADA NACIONAL,identidad_confirmada_cruce_oficial,Serie normalizada y contrafactuales incorporados; actualizar con el consolidado 2025 cuando se publique.
dip-yasky-hugo,Hugo Yasky,Diputados nacionales,Diputado/a nacional,Buenos Aires,YASKY HUGO RUBEN,no,1,6f15e9264e5f3f90,2017|2018|2019|2020|2021|2022|2023|2024,2017|2018|2019|2020|2021|2022|2023|2024,sí,2024,,DIPUTADO,identidad_confirmada_cruce_oficial,Serie normalizada y contrafactuales incorporados; actualizar con el consolidado 2025 cuando se publique.
dip-yedlin-pablo-raul,Pablo Raúl Yedlin,Diputados nacionales,Diputado/a nacional,Tucuman,YEDLIN PABLO RAUL,no,1,2149cd596936f14d,2017|2018|2019|2020|2021|2022|2023|2024,2017|2018|2019|2020|2023|2024,sí,2024,,Diputado Nacional,identidad_confirmada_cruce_oficial,Serie normalizada y contrafactuales incorporados; actualizar con el consolidado 2025 cuando se publique.
dip-yeza-martin,Martín Yeza,Diputados nacionales,Diputado/a nacional,Buenos Aires,YEZA MARTIN IVAN,no,1,efc4a3785dda1311,2022|2023|2024,2022|2023|2024,sí,2024,,DIPUTADO NACIONAL,identidad_confirmada_cruce_oficial,Serie normalizada y contrafactuales incorporados; actualizar con el consolidado 2025 cuando se publique.
dip-zago-oscar,Oscar Zago,Diputados nacionales,Diputado/a nacional,Ciudad De Buenos Aires,ZAGO OSCAR ROBERTO,no,1,4167e224941b1b28,2022|2023|2024,2022|2023,sí,2024,,dipurado nacional,identidad_confirmada_cruce_oficial,Serie normalizada y contrafactuales incorporados; actualizar con el consolidado 2025 cuando se publique.
dip-zapata-carlos-raul,Carlos Raúl Zapata,Diputados nacionales,Diputado/a nacional,Salta,ZAPATA CARLOS RAUL,no,1,dadede8afd3ac7e2,2017|2021|2022|2023|2024,2017|2021|2022|2023|2024,no,2024,HONORABLE CAMARA DE DIPUTADOS DE LA NACION,diputado nacional,revision_manual_identidad,Resolver variaciones de nombre o identificador antes de usar importes.
dip-zaracho-natalia,Natalia Zaracho,Diputados nacionales,Diputado/a nacional,Buenos Aires,ZARACHO NATALIA BEATRIZ,no,1,4203aed87aecc976,2018|2021|2022|2023|2024,2018|2021|2022|2023|2024,sí,2024,HONORABLE CAMARA DE DIPUTADOS DE LA NACION,DIPUTADA NACIONAL,identidad_confirmada_cruce_oficial,Serie normalizada y contrafactuales incorporados; actualizar con el consolidado 2025 cuando se publique.
dip-zulli-christian-alejandro,Christian Alejandro Zulli,Diputados nacionales,Diputado/a nacional,Corrientes,ZULLI CHRISTIAN ALEJANDRO,no,1,1ed824a4ede0837f,2019|2020|2021|2022|2023|2024,2023|2024,sí,2024,HONORABLE CAMARA DE DIPUTADOS DE LA NACION,DIPUTADO NACIONAL,identidad_confirmada_cruce_oficial,Serie normalizada y contrafactuales incorporados; actualizar con el consolidado 2025 cuando se publique.
sen-abad-maximiliano,Maximiliano Abad,Senado nacional,Senador/a nacional,Buenos Aires,ABAD MAXIMILIANO,no,1,2858a9ec7c88116f,2022|2023|2024,2023|2024,sí,2024,HONORABLE SENADO DE LA NACION,SENADOR NACIONAL,identidad_confirmada_cruce_oficial,Serie normalizada y contrafactuales incorporados; actualizar con el consolidado 2025 cuando se publique.
sen-abdala-bartolome-esteban,Bartolomé Esteban Abdala,Senado nacional,Senador/a nacional,San Luis,ABDALA BARTOLOME ESTEBAN,no,1,62726d2f16a94d67,2022|2023|2024,2022,sí,2024,,,identidad_confirmada_cruce_oficial,Serie normalizada y contrafactuales incorporados; actualizar con el consolidado 2025 cuando se publique.
sen-almeida-romina-maria,Romina María Almeida,Senado nacional,Senador/a nacional,Entre Ríos,ALMEIDA ROMINA MARIA,no,1,da9f6d2d0c7d4f4b,2024,2024,sí,2024,,Candidata a Senadora Nacional,identidad_confirmada_cruce_oficial,Serie normalizada y contrafactuales incorporados; actualizar con el consolidado 2025 cuando se publique.
sen-andrada-guillermo-eduardo,Guillermo Eduardo Andrada,Senado nacional,Senador/a nacional,Catamarca,ANDRADA GUILLERMO EDUARDO,no,1,11327925c401fab3,2021|2022|2023|2024,2021|2022|2023|2024,sí,2024,,SENADOR NACIONAL,identidad_confirmada_cruce_oficial,Serie normalizada y contrafactuales incorporados; actualizar con el consolidado 2025 cuando se publique.
sen-arce-carlos-omar,Carlos Omar Arce,Senado nacional,Senador/a nacional,Misiones,ARCE CARLOS OMAR,no,1,8c89b310ab1e8b7f,2022|2023|2024,2022|2023|2024,sí,2024,,senador nacional,identidad_confirmada_cruce_oficial,Serie normalizada y contrafactuales incorporados; actualizar con el consolidado 2025 cuando se publique.
sen-arrascaeta-ivanna-marcela,Ivanna Marcela Arrascaeta,Senado nacional,Senador/a nacional,San Luis,ARRASCAETA IVANNA MARCELA,no,1,776d4fdf330645aa,2022,2022,no,2022,,SEGUNDO TITULAR SENADOR NACIONAL,revision_manual_identidad,Resolver variaciones de nombre o identificador antes de usar importes.
sen-atauche-ezequiel,Ezequiel Atauche,Senado nacional,Senador/a nacional,Jujuy,ATAUCHE EZEQUIEL,no,1,8fbf19a9adc33b90,2022|2023|2024,2022|2023|2024,sí,2024,ATAUCHE EZEQUIEL,senador nacional,identidad_confirmada_cruce_oficial,Serie normalizada y contrafactuales incorporados; actualizar con el consolidado 2025 cuando se publique.
sen-avila-beatriz-luisa,Beatriz Luisa Avila,Senado nacional,Senador/a nacional,Tucumán,AVILA BEATRIZ LUISA,no,1,0858e0d4da9b41ba,2017|2018|2019|2020|2021|2022|2023|2024,2021|2022|2023|2024,sí,2024,,SENADORA NACIONAL,identidad_confirmada_cruce_oficial,Serie normalizada y contrafactuales incorporados; actualizar con el consolidado 2025 cuando se publique.
sen-bahl-adan-humberto,Adán Humberto Bahl,Senado nacional,Senador/a nacional,Entre Ríos,BAHL ADAN HUMBERTO,no,1,75d4b411fc6b9614,2024,2024,sí,2024,,Senador Nacional,identidad_confirmada_cruce_oficial,Serie normalizada y contrafactuales incorporados; actualizar con el consolidado 2025 cuando se publique.
sen-bedia-vilma-facunda,Vilma Facunda Bedia,Senado nacional,Senador/a nacional,Jujuy,BEDIA VILMA FACUNDA,no,1,2094e5e659a1dbe0,2022|2023|2024,2022|2023|2024,no,2024,,senadora nacional,revision_manual_identidad,Resolver variaciones de nombre o identificador antes de usar importes.
sen-bensusan-daniel-pablo,Daniel Pablo Bensusán,Senado nacional,Senador/a nacional,La Pampa,BENSUSAN DANIEL PABLO,no,1,332919b272837e84,2021|2022|2023|2024,2021|2022|2023|2024,sí,2024,,SENADOR NACIONAL,identidad_confirmada_cruce_oficial,Serie normalizada y contrafactuales incorporados; actualizar con el consolidado 2025 cuando se publique.
sen-bullrich-patricia,Patricia Bullrich,Senado nacional,Senador/a nacional,Ciudad Autónoma de Buenos Aires,BULLRICH PATRICIA,no,1,838b7c96a37ef4de,2017|2018|2019|2022|2023|2024,,sí,2024,MINISTERIO DE SEGURIDAD,MINISTRA DE SEGURIDAD NACIONAL,identidad_confirmada_cruce_oficial,Serie normalizada y contrafactuales incorporados; actualizar con el consolidado 2025 cuando se publique.
sen-carambia-jose-maria,José María Carambia,Senado nacional,Senador/a nacional,Santa Cruz,CARAMBIA JOSE MARIA,no,1,9acb05aa1961709a,2023|2024,2023|2024,no,2024,,SENADOR NACIONAL,revision_manual_identidad,Resolver variaciones de nombre o identificador antes de usar importes.
sen-cervi-mario-pablo,Mario Pablo Cervi,Senado nacional,Senador/a nacional,Neuquén,CERVI MARIO PABLO,no,1,232fae47bee16dc1,2018|2020|2021|2022|2023|2024,2018,no,2024,,Diputado Nacional,revision_manual_identidad,Resolver variaciones de nombre o identificador antes de usar importes.
sen-corpacci-lucia-benigna,Lucía Benigna Corpacci,Senado nacional,Senador/a nacional,Catamarca,CORPACCI LUCIA BENIGNA,no,1,78e58326324aa38e,2019|2020|2021|2022,2021|2022,no,2022,,SENADORA NACIONAL,revision_manual_identidad,Resolver variaciones de nombre o identificador antes de usar importes.
sen-corroza-julieta,Julieta Corroza,Senado nacional,Senador/a nacional,Neuquén,CORROZA JULIETA,no,1,3805efbdb4222a39,2024,2024,no,2024,,Senadora Nacional,revision_manual_identidad,Resolver variaciones de nombre o identificador antes de usar importes.
sen-coto-agustin-pedro,Agustín Pedro Coto,Senado nacional,Senador/a nacional,"Tierra del Fuego, Antártida e Islas del Atlántico Sur",COTO AGUSTIN PEDRO,no,1,2823d5a5e167ce60,2024,2024,sí,2024,PODER LEGISLATIVO DE LA PROVINCIA DE TIERRA DEL FU,SENADOR NACIONAL POR TIERRA DEL FUEGO,identidad_confirmada_cruce_oficial,Serie normalizada y contrafactuales incorporados; actualizar con el consolidado 2025 cuando se publique.
sen-cristina-andrea-marcela,Andrea Marcela Cristina,Senado nacional,Senador/a nacional,Chubut,CRISTINA ANDREA MARCELA,no,1,07ea09d468342a98,2021|2023,2021|2023,no,2023,,Senadora Nacional,revision_manual_identidad,Resolver variaciones de nombre o identificador antes de usar importes.
sen-de-pedro-eduardo-enrique,Eduardo Enrique de Pedro,Senado nacional,Senador/a nacional,Buenos Aires,DE PEDRO EDUARDO ENRIQUE,no,1,de91fb69c61557a8,2017|2018|2019|2020|2021|2022|2023|2024,2024,no,2024,HONORABLE SENADO DE LA NACION,SENADOR,revision_manual_identidad,Resolver variaciones de nombre o identificador antes de usar importes.
sen-di-tullio-juliana,Juliana di Tullio,Senado nacional,Senador/a nacional,Buenos Aires,DI TULLIO JULIANA,no,1,1621bab562b03ebe,2017|2021|2022|2023|2024,2021|2022|2023|2024,no,2024,,SENADORA NACIONAL,revision_manual_identidad,Resolver variaciones de nombre o identificador antes de usar importes.
sen-espinola-carlos-mauricio,Carlos Mauricio Espínola,Senado nacional,Senador/a nacional,Corrientes,ESPINOLA CARLOS MAURICIO,no,1,10d522f1283e30e5,2017|2018|2019|2020|2021|2022,2017|2018|2019|2020|2021|2022,no,2022,HONORABLE SENADO DE LA NACION,SENADOR NACIONAL,revision_manual_identidad,Resolver variaciones de nombre o identificador antes de usar importes.
sen-fama-flavio-sergio,Flavio Sergio Fama,Senado nacional,Senador/a nacional,Catamarca,FAMA FLAVIO SERGIO,no,1,a85c4eea30caa67e,2017|2018|2019|2020|2021|2022|2023|2024,2021|2022|2023|2024,sí,2024,HONORABLE SENADO DE LA NACION,SENADOR NACIONAL,identidad_confirmada_cruce_oficial,Serie normalizada y contrafactuales incorporados; actualizar con el consolidado 2025 cuando se publique.
sen-fernandez-sagasti-anabel,Anabel Fernández Sagasti,Senado nacional,Senador/a nacional,Mendoza,FERNANDEZ SAGASTI ANABEL,no,1,014d410c3a7688b2,2017|2018|2019|2020|2021|2022|2023|2024,2017|2018|2019|2020|2021|2022|2023|2024,sí,2024,HONORABLE SENADO DE LA NACION,SENADORA DE LA NACION,identidad_confirmada_cruce_oficial,Serie normalizada y contrafactuales incorporados; actualizar con el consolidado 2025 cuando se publique.
sen-fullone-enzo-paolo,Enzo Paolo Fullone,Senado nacional,Senador/a nacional,Río Negro,FULLONE ENZO PAOLO,no,1,982147b00fef6450,2024,,sí,2024,DIRECCION NACIONAL DE VIALIDAD,jefe 20 distrito rio negro vn,revision_manual_identidad,Resolver variaciones de nombre o identificador antes de usar importes.
sen-gadano-natalia-elena,Natalia Elena Gadano,Senado nacional,Senador/a nacional,Santa Cruz,GADANO NATALIA ELENA,no,1,6b3f41806d6aedb5,2017|2018|2019|2020|2023|2024,2023|2024,sí,2024,,SENADORA NACIONAL,identidad_confirmada_cruce_oficial,Serie normalizada y contrafactuales incorporados; actualizar con el consolidado 2025 cuando se publique.
sen-galaretto-eduardo-horacio,Eduardo Horacio Galaretto,Senado nacional,Senador/a nacional,Santa Fe,GALARETTO EDUARDO HORACIO,no,1,e86b11671a3febda,2020|2023|2024,2020|2023|2024,sí,2024,HONORABLE SENADO DE LA NACION,SENADOR NACIONAL,identidad_confirmada_cruce_oficial,Serie normalizada y contrafactuales incorporados; actualizar con el consolidado 2025 cuando se publique.
sen-gimenez-navarro-maria-celeste,María Celeste Giménez Navarro,Senado nacional,Senador/a nacional,San Juan,GIMENEZ NAVARRO MARIA CELESTE,no,1,9e7272f7ee2d3e47,2023|2024,2023|2024,sí,2024,,SENADORA DE LA NACION,identidad_confirmada_cruce_oficial,Serie normalizada y contrafactuales incorporados; actualizar con el consolidado 2025 cuando se publique.
sen-goerling-lara-enrique-martin,Enrique Martín Goerling Lara,Senado nacional,Senador/a nacional,Misiones,GOERLING LARA ENRIQUE MARTIN,no,1,b9232c0fa5728854,2017|2018|2022|2023|2024,2022|2023|2024,no,2024,HONORABLE SENADO DE LA NACION,Senador Provincia de Misiones,revision_manual_identidad,Resolver variaciones de nombre o identificador antes de usar importes.
sen-huala-maria-victoria,María Victoria Huala,Senado nacional,Senador/a nacional,La Pampa,HUALA MARIA VICTORIA,no,1,f55946e92407cad3,2020|2021|2022|2023|2024,2020|2021|2022|2023|2024,sí,2024,HONORABLE SENADO DE LA NACION,SENADORA,identidad_confirmada_cruce_oficial,Serie normalizada y contrafactuales incorporados; actualizar con el consolidado 2025 cuando se publique.
sen-juez-luis-alfredo,Luis Alfredo Juez,Senado nacional,Senador/a nacional,Córdoba,JUEZ LUIS ALFREDO,no,1,bb07a1c53cc9888d,2017|2018|2019|2020|2021|2022|2023|2024,2021|2022|2023,sí,2024,,,identidad_confirmada_cruce_oficial,Serie normalizada y contrafactuales incorporados; actualizar con el consolidado 2025 cuando se publique.
sen-juri-mariana,Mariana Juri,Senado nacional,Senador/a nacional,Mendoza,JURI MARIANA,no,1,0cfa59e93e80880a,2020|2021|2022|2023|2024,2021|2022|2023|2024,sí,2024,HONORABLE SENADO DE LA NACION,SENADORA NACIONAL,identidad_confirmada_cruce_oficial,Serie normalizada y contrafactuales incorporados; actualizar con el consolidado 2025 cuando se publique.
sen-kirchner-alicia-margarita-antonia,Alicia Margarita Antonia Kirchner,Senado nacional,Senador/a nacional,Santa Cruz,KIRCHNER ALICIA MARGARITA ANTONIA,no,1,52a9d09a423ec615,2023|2024,2023|2024,sí,2024,HONORABLE SENADO DE LA NACION,01/12/2023,identidad_confirmada_cruce_oficial,Serie normalizada y contrafactuales incorporados; actualizar con el consolidado 2025 cuando se publique.
sen-kroneberger-daniel-ricardo,Daniel Ricardo Kroneberger,Senado nacional,Senador/a nacional,La Pampa,KRONEBERGER DANIEL RICARDO,no,1,9cc54c2829a2e471,2017|2018|2020|2021|2022|2023|2024,2020|2021|2022|2023|2024,sí,2024,,SENADOR,identidad_confirmada_cruce_oficial,Serie normalizada y contrafactuales incorporados; actualizar con el consolidado 2025 cuando se publique.
sen-lewandowski-marcelo-nestor,Marcelo Néstor Lewandowski,Senado nacional,Senador/a nacional,Santa Fe,LEWANDOWSKI MARCELO NESTOR,no,1,72fd6173c13cf3bd,2020|2021|2022|2023|2024,2020|2021|2022|2023|2024,sí,2024,HONORABLE SENADO DE LA NACION,SENADOR NACIONAL,identidad_confirmada_cruce_oficial,Serie normalizada y contrafactuales incorporados; actualizar con el consolidado 2025 cuando se publique.
sen-linares-carlos-alberto,Carlos Alberto Linares,Senado nacional,Senador/a nacional,Chubut,LINARES CARLOS ALBERTO,no,1,bb426675bb166733,2021|2022|2023|2024,2021|2022|2023|2024,sí,2024,,SENADOR NACIONAL,identidad_confirmada_cruce_oficial,Serie normalizada y contrafactuales incorporados; actualizar con el consolidado 2025 cuando se publique.
sen-lopez-candida-cristina,Cándida Cristina López,Senado nacional,Senador/a nacional,"Tierra del Fuego, Antártida e Islas del Atlántico Sur",LOPEZ CANDIDA CRISTINA,no,1,8205364da9ffd5b4,2018|2023|2024,2018|2023|2024,no,2024,HONORABLE SENADO DE LA NACION,SENADORA,revision_manual_identidad,Resolver variaciones de nombre o identificador antes de usar importes.
sen-lopez-maria-florencia,María Florencia López,Senado nacional,Senador/a nacional,La Rioja,LOPEZ MARIA FLORENCIA,no,3,,2017|2022|2023,2017|2022,sí,2023,FUERZA AEREA ARGENTINA,COMISION EVALUADORA,revision_manual_identidad,Resolver variaciones de nombre o identificador antes de usar importes.
sen-losada-carolina,Carolina Losada,Senado nacional,Senador/a nacional,Santa Fe,LOSADA CAROLINA,no,1,53ca39568305dae0,2020|2021|2022|2023|2024,2020|2021|2022|2023|2024,sí,2024,,Senadora Nacional,identidad_confirmada_cruce_oficial,Serie normalizada y contrafactuales incorporados; actualizar con el consolidado 2025 cuando se publique.
sen-manzur-juan-luis,Juan Luis Manzur,Senado nacional,Senador/a nacional,Tucumán,MANZUR JUAN LUIS,no,1,d9535eb372676475,2021|2022|2023|2024,2023|2024,sí,2024,,Senador Nacional,identidad_confirmada_cruce_oficial,Serie normalizada y contrafactuales incorporados; actualizar con el consolidado 2025 cuando se publique.
sen-marks-ana-ines,Ana Inés Marks,Senado nacional,Senador/a nacional,Río Negro,MARKS ANA INES,no,1,ea15de9266112d1c,2020|2021|2022|2023|2024,2024,sí,2024,,SENADORA NACIONAL,identidad_confirmada_cruce_oficial,Serie normalizada y contrafactuales incorporados; actualizar con el consolidado 2025 cuando se publique.
sen-marquez-nadia-judith,Nadia Judith Márquez,Senado nacional,Senador/a nacional,Neuquén,MARQUEZ NADIA JUDITH,no,1,a364fd9d2ed1d5b4,2022|2023|2024,2024,sí,2024,,SENADOR NACIONAL,identidad_confirmada_cruce_oficial,Serie normalizada y contrafactuales incorporados; actualizar con el consolidado 2025 cuando se publique.
sen-mayans-jose-miguel-angel,José Miguel Ángel Mayans,Senado nacional,Senador/a nacional,Formosa,MAYANS JOSE MIGUEL ANGEL,no,1,808570ecd0663363,2017|2018|2019|2020|2021|2022|2023|2024,2017|2018|2019|2020|2021|2022|2023|2024,no,2024,,SENADOR NACIONAL,revision_manual_identidad,Resolver variaciones de nombre o identificador antes de usar importes.
sen-mendoza-sandra-mariela,Sandra Mariela Mendoza,Senado nacional,Senador/a nacional,Tucumán,MENDOZA SANDRA MARIELA,no,1,9257f2995842db35,2020|2021|2022|2023|2024,2020|2021|2022|2023|2024,sí,2024,,SENADORA NACIONAL,identidad_confirmada_cruce_oficial,Serie normalizada y contrafactuales incorporados; actualizar con el consolidado 2025 cuando se publique.
sen-moises-maria-carolina,María Carolina Moises,Senado nacional,Senador/a nacional,Jujuy,MOISES MARIA CAROLINA,no,1,e6eb754010300227,2017|2018|2023|2024,2024,no,2024,,SENADORA NACIONAL,revision_manual_identidad,Resolver variaciones de nombre o identificador antes de usar importes.
sen-monte-de-oca-maria-belen,María Belén Monte de Oca,Senado nacional,Senador/a nacional,"Tierra del Fuego, Antártida e Islas del Atlántico Sur",MONTE DE OCA MARIA BELEN,no,1,1bb7b6de90521ee1,2018|2024,2024,sí,2024,,senador nacional,identidad_confirmada_cruce_oficial,Serie normalizada y contrafactuales incorporados; actualizar con el consolidado 2025 cuando se publique.
sen-monteverde-agustin-anibal,Agustín Aníbal Monteverde,Senado nacional,Senador/a nacional,Ciudad Autónoma de Buenos Aires,MONTEVERDE AGUSTIN ANIBAL,no,1,9361325354fe29de,2024,2024,sí,2024,,SENADOR NACIONAL,identidad_confirmada_cruce_oficial,Serie normalizada y contrafactuales incorporados; actualizar con el consolidado 2025 cuando se publique.
sen-neder-jose-emilio,José Emilio Neder,Senado nacional,Senador/a nacional,Santiago del Estero,NEDER JOSE EMILIO,no,1,a3a85baa8a2c0ca5,2018|2019|2020|2021|2022|2023|2024,2018|2019|2020|2021|2022|2023|2024,sí,2024,HONORABLE SENADO DE LA NACION,SENADOR NACIONAL,identidad_confirmada_cruce_oficial,Serie normalizada y contrafactuales incorporados; actualizar con el consolidado 2025 cuando se publique.
sen-olivera-lucero-bruno-antonio,Bruno Antonio Olivera Lucero,Senado nacional,Senador/a nacional,San Juan,OLIVERA LUCERO BRUNO ANTONIO,no,1,159ef50ebf33948b,2022|2023|2024,2022|2023|2024,sí,2024,,SENADOR NACIONAL,identidad_confirmada_cruce_oficial,Serie normalizada y contrafactuales incorporados; actualizar con el consolidado 2025 cuando se publique.
sen-orozco-maria-emilia,María Emilia Orozco,Senado nacional,Senador/a nacional,Salta,OROZCO MARIA EMILIA,no,1,ad1e3a473d26b5bd,2022|2023|2024,,sí,2024,HONORABLE CAMARA DE DIPUTADOS DE LA NACION,Diputada Nacional,revision_manual_identidad,Resolver variaciones de nombre o identificador antes de usar importes.
sen-pagotto-juan-carlos,Juan Carlos Pagotto,Senado nacional,Senador/a nacional,La Rioja,PAGOTTO JUAN CARLOS,no,1,a53ce84af251e0c6,2023,2023,no,2023,,SENADOR NACIONAL,revision_manual_identidad,Resolver variaciones de nombre o identificador antes de usar importes.
sen-paoltroni-francisco-manuel,Francisco Manuel Paoltroni,Senado nacional,Senador/a nacional,Formosa,PAOLTRONI FRANCISCO MANUEL,no,1,4a024a87df8f7917,2022|2023|2024,2022|2023|2024,sí,2024,,SENADOR NACIONAL,identidad_confirmada_cruce_oficial,Serie normalizada y contrafactuales incorporados; actualizar con el consolidado 2025 cuando se publique.
sen-rejal-jesus-fernando,Jesús Fernando Rejal,Senado nacional,Senador/a nacional,La Rioja,REJAL JESUS FERNANDO,no,1,673de87b233892bc,2022|2023|2024,2022|2023|2024,sí,2024,HONORABLE SENADO DE LA NACION,SENADOR NACIONAL,identidad_confirmada_cruce_oficial,Serie normalizada y contrafactuales incorporados; actualizar con el consolidado 2025 cuando se publique.
sen-rojas-decut-sonia-elizabeth,Sonia Elizabeth Rojas Decut,Senado nacional,Senador/a nacional,Misiones,ROJAS DECUT SONIA ELIZABETH,no,1,3e26af4235bd5af4,2023|2024,2023|2024,sí,2024,HONORABLE SENADO DE LA NACION,SENADORA NACIONAL,identidad_confirmada_cruce_oficial,Serie normalizada y contrafactuales incorporados; actualizar con el consolidado 2025 cuando se publique.
sen-salino-fernando-aldo,Fernando Aldo Salino,Senado nacional,Senador/a nacional,San Luis,SALINO FERNANDO ALDO,no,1,48d020c035193b83,2023|2024,2023|2024,sí,2024,,SENADOR NACIONAL,identidad_confirmada_cruce_oficial,Serie normalizada y contrafactuales incorporados; actualizar con el consolidado 2025 cuando se publique.
sen-soria-martin-ignacio,Martin Ignacio Soria,Senado nacional,Senador/a nacional,Río Negro,SORIA MARTIN IGNACIO,no,1,ddd6f04da2d3ed98,2019|2020|2021|2022|2023|2024,,sí,2024,MINISTERIO DE JUSTICIA,Ministro de Justicia y Derechos Humanos,identidad_confirmada_cruce_oficial,Serie normalizada y contrafactuales incorporados; actualizar con el consolidado 2025 cuando se publique.
sen-suarez-rodolfo-alejandro,Rodolfo Alejandro Suárez,Senado nacional,Senador/a nacional,Mendoza,SUAREZ RODOLFO ALEJANDRO,no,1,62b9e4deb962e3a6,2020|2023|2024,2023|2024,sí,2024,,SENADOR NACIONAL,identidad_confirmada_cruce_oficial,Serie normalizada y contrafactuales incorporados; actualizar con el consolidado 2025 cuando se publique.
sen-terenzi-edith-elizabeth,Edith Elizabeth Terenzi,Senado nacional,Senador/a nacional,Chubut,TERENZI EDITH ELIZABETH,no,1,4b2587d9235b5cd7,2021|2022|2023|2024,2021|2022|2023|2024,sí,2024,HONORABLE SENADO DE LA NACION,SENADORA NACIONAL,identidad_confirmada_cruce_oficial,Serie normalizada y contrafactuales incorporados; actualizar con el consolidado 2025 cuando se publique.
sen-unac-sergio-mauricio,Sergio Mauricio Uñac,Senado nacional,Senador/a nacional,San Juan,UÑAC SERGIO MAURICIO,no,1,efcc978822bc0b3d,2023|2024,2023|2024,no,2024,HONORABLE SENADO DE LA NACION,SENADOR NACIONAL,revision_manual_identidad,Resolver variaciones de nombre o identificador antes de usar importes.
sen-valenzuela-mercedes-gabriela,Mercedes Gabriela Valenzuela,Senado nacional,Senador/a nacional,Corrientes,VALENZUELA MERCEDES GABRIELA,no,1,b62c046b4fd70390,2021|2022|2023|2024,2021|2022|2023|2024,sí,2024,HONORABLE SENADO DE LA NACION,SENADOR NACIONAL,identidad_confirmada_cruce_oficial,Serie normalizada y contrafactuales incorporados; actualizar con el consolidado 2025 cuando se publique.
sen-vigo-alejandra-maria,Alejandra María Vigo,Senado nacional,Senador/a nacional,Córdoba,VIGO ALEJANDRA MARIA,no,1,abd193f2f3c096eb,2017|2018|2019|2020|2021|2022|2023|2024,2021|2022|2023|2024,sí,2024,,SENADOR NACIONAL,identidad_confirmada_cruce_oficial,Serie normalizada y contrafactuales incorporados; actualizar con el consolidado 2025 cuando se publique.
sen-vischi-eduardo-alejandro,Eduardo Alejandro Vischi,Senado nacional,Senador/a nacional,Corrientes,VISCHI EDUARDO ALEJANDRO,no,1,5bc2576aa1c113ed,2021|2022|2023|2024,2021|2022|2023|2024,no,2024,,SENADOR NACIONAL,revision_manual_identidad,Resolver variaciones de nombre o identificador antes de usar importes.
sen-zamora-gerardo,Gerardo Zamora,Senado nacional,Senador/a nacional,Santiago del Estero,ZAMORA GERARDO,no,1,46b547691d146b83,2017|2020|2021|2022,2017,sí,2022,,CANDIDATO PARLAMENTARIO DEL MERCOSUR,identidad_confirmada_cruce_oficial,Serie normalizada y contrafactuales incorporados; actualizar con el consolidado 2025 cuando se publique.
pen-milei-javier-gerardo,Javier Gerardo Milei,Conducción superior PEN,Presidente de la Nación,Nación,MILEI JAVIER GERARDO,no,1,7bf5c8b9890b2217,2020|2021|2022|2023|2024,,no,2024,,Presidente de la Nación,serie_curada,Mantener auditoría persona-año y sumar el ejercicio 2025 cuando exista fuente primaria.
pen-villarruel-victoria-eugenia,Victoria Eugenia Villarruel,Conducción superior PEN,Vicepresidenta de la Nación,Nación,VILLARRUEL VICTORIA EUGENIA,no,1,6c13111292b8757d,2020|2021|2022|2023|2024,2023|2024,no,2024,SECRETARIA GENERAL DE LA PRESIDENCIA DE LA NACION,VICEPRESIDENTE DE LA NACION,identidad_confirmada_cruce_oficial,Serie normalizada y contrafactuales incorporados; actualizar con el consolidado 2025 cuando se publique.
pen-santilli-diego-cesar,Diego César Santilli,Conducción superior PEN,Jefe de Gabinete de Ministros,Nación,SANTILLI DIEGO CESAR,no,1,14b3d91da1830389,2020|2021|2022|2023|2024,,no,2024,,Diputado Nacional,identidad_confirmada_cruce_oficial,Serie normalizada y contrafactuales incorporados; actualizar con el consolidado 2025 cuando se publique.
pen-milei-karina-elizabeth,Karina Elizabeth Milei,Conducción superior PEN,Secretaria General de la Presidencia,Nación,MILEI KARINA ELIZABETH,no,1,77f63443f9a429a5,2023|2024,2023|2024,no,2024,,Secretaria General de Presidencia,serie_curada,Mantener auditoría persona-año y sumar el ejercicio 2025 cuando exista fuente primaria.
pen-quirno-pablo,Pablo Quirno,Conducción superior PEN,"Ministro de Relaciones Exteriores, Comercio Internacional y Culto",Nación,QUIRNO PABLO,no,2,,2017|2018|2019|2023|2024,2017|2018|2019|2024,no,2024,MINISTERIO DE ECONOMIA,SECRETARIO DE FINANZAS,revision_manual_identidad,Resolver variaciones de nombre o identificador antes de usar importes.
pen-presti-carlos-alberto,Carlos Alberto Presti,Conducción superior PEN,Ministro de Defensa,Nación,PRESTI CARLOS ALBERTO,no,1,e8410c8ad6c3958b,2017|2018|2019|2020|2021|2022|2023,,no,2023,CONTADURIA GENERAL DEL EJERCITO,COMANDANTE IV BRIGADA AEROTRANSPORTADA,identidad_confirmada_cruce_oficial,Serie normalizada y contrafactuales incorporados; actualizar con el consolidado 2025 cuando se publique.
pen-caputo-luis-andres,Luis Andrés Caputo,Conducción superior PEN,Ministro de Economía,Nación,CAPUTO LUIS ANDRES,no,1,490930fe00b26264,2017|2018|2023|2024,2017,no,2024,,Ministro de Economia,serie_curada,Mantener auditoría persona-año y sumar el ejercicio 2025 cuando exista fuente primaria.
pen-mahiques-juan-bautista,Juan Bautista Mahiques,Conducción superior PEN,Ministro de Justicia,Nación,MAHIQUES JUAN BAUTISTA,no,1,1b6cef381da5fc67,2017|2018|2019,2017|2018|2019,no,2019,MINISTERIO DE JUSTICIA Y DERECHOS HUMANOS,Subsecretario Asuntos Penitenciarios y Rel,identidad_confirmada_cruce_oficial,Serie normalizada y contrafactuales incorporados; actualizar con el consolidado 2025 cuando se publique.
pen-monteoliva-alejandra-susana,Alejandra Susana Monteoliva,Conducción superior PEN,Ministra de Seguridad Nacional,Nación,MONTEOLIVA ALEJANDRA SUSANA,no,1,e67aee9884e78150,2017|2018|2019|2020|2024,2017|2018|2019|2020|2024,no,2024,MINISTERIO DE SEGURIDAD,Secretaria de seguridad de la Nacion,identidad_confirmada_cruce_oficial,Serie normalizada y contrafactuales incorporados; actualizar con el consolidado 2025 cuando se publique.
pen-lugones-mario-ivan,Mario Iván Lugones,Conducción superior PEN,Ministro de Salud,Nación,LUGONES MARIO IVAN,no,1,1b20f522bf95ef9d,2023|2024,,no,2024,,MINISTRO,identidad_confirmada_cruce_oficial,Serie normalizada y contrafactuales incorporados; actualizar con el consolidado 2025 cuando se publique.
pen-pettovello-sandra-viviana,Sandra Viviana Pettovello,Conducción superior PEN,Ministra de Capital Humano,Nación,PETTOVELLO SANDRA VIVIANA,no,1,826e010918541718,2022|2023|2024,,no,2024,,MINISTRA DE CAPITAL HUMANO,identidad_confirmada_cruce_oficial,Serie normalizada y contrafactuales incorporados; actualizar con el consolidado 2025 cuando se publique.
pen-sturzenegger-federico-adolfo,Federico Adolfo Sturzenegger,Conducción superior PEN,Ministro de Desregulación y Transformación del Estado,Nación,STURZENEGGER FEDERICO ADOLFO,no,1,3e30172cf6b6470f,2017|2018|2024,2024,no,2024,MINISTERIO DE DESREGULACION Y TRANSFORMACION DEL E,Ministro Desregulación y Transformación del Estado,identidad_confirmada_cruce_oficial,Serie normalizada y contrafactuales incorporados; actualizar con el consolidado 2025 cuando se publique.
gov-kicillof-axel,Axel Kicillof,Gobernaciones,Gobernador/a,Buenos Aires,KICILLOF AXEL,no,1,fa3f52bf9b67b870,2017|2018|2019,,no,2019,HONORABLE CAMARA DE DIPUTADOS DE LA NACION,DIPUTADO NACIONAL POR LA CUDAD DE BUENOS AIRES,identidad_confirmada_cruce_oficial,Serie normalizada y contrafactuales incorporados; actualizar con el consolidado 2025 cuando se publique.
gov-zdero-leandro-cesar,Leandro César Zdero,Gobernaciones,Gobernador/a,Chaco,ZDERO LEANDRO CESAR,no,1,b08904a364c50928,2017,,no,2017,ADMINISTRACION NACIONAL DE LA SEGURIDAD SOCIAL ANS,Jefe Regional Noroeste ANSES,identidad_confirmada_cruce_oficial,Serie normalizada y contrafactuales incorporados; actualizar con el consolidado 2025 cuando se publique.
gov-torres-ignacio-agustin,Ignacio Agustín Torres,Gobernaciones,Gobernador/a,Chubut,TORRES IGNACIO AGUSTIN,no,1,a686a6b00f6a81b1,2017|2018|2019|2020|2021|2022|2023,,no,2023,HONORABLE SENADO DE LA NACION,Senador de la Nación Argentina,identidad_confirmada_cruce_oficial,Serie normalizada y contrafactuales incorporados; actualizar con el consolidado 2025 cuando se publique.
gov-llaryora-martin-miguel,Martín Miguel Llaryora,Gobernaciones,Gobernador/a,Córdoba,LLARYORA MARTIN MIGUEL,no,1,f2c3fe6deaa63a00,2017|2018|2019,,no,2019,,DIPUTADO NACIONAL,identidad_confirmada_cruce_oficial,Serie normalizada y contrafactuales incorporados; actualizar con el consolidado 2025 cuando se publique.
gov-frigerio-rogelio,Rogelio Frigerio,Gobernaciones,Gobernador/a,Entre Ríos,FRIGERIO ROGELIO,no,1,88f4403502f47196,2017|2018|2019|2021|2022,,no,2022,HONORABLE CAMARA DE DIPUTADOS DE LA NACION,DIPUTADO,identidad_confirmada_cruce_oficial,Serie normalizada y contrafactuales incorporados; actualizar con el consolidado 2025 cuando se publique.
gov-insfran-gildo,Gildo Insfrán,Gobernaciones,Gobernador/a,Formosa,INSFRAN GILDO,no,1,06326902132ce874,2022,,no,2022,,Senador Suplente,identidad_confirmada_cruce_oficial,Serie normalizada y contrafactuales incorporados; actualizar con el consolidado 2025 cuando se publique.
gov-ziliotto-sergio-raul,Sergio Raúl Ziliotto,Gobernaciones,Gobernador/a,La Pampa,ZILIOTTO SERGIO RAUL,no,1,7c60a8c1e4c88039,2017|2018|2019,,no,2019,HONORABLE CAMARA DE DIPUTADOS DE LA NACION,DIPUTADO NACIONAL,identidad_confirmada_cruce_oficial,Serie normalizada y contrafactuales incorporados; actualizar con el consolidado 2025 cuando se publique.
gov-figueroa-rolando-ceferino,Rolando Ceferino Figueroa,Gobernaciones,Gobernador/a,Neuquén,FIGUEROA ROLANDO CEFERINO,no,1,0e17a5c72e050bd0,2020|2021|2022,,no,2022,,DIPUTADO NACIONAL,identidad_confirmada_cruce_oficial,Serie normalizada y contrafactuales incorporados; actualizar con el consolidado 2025 cuando se publique.
gov-vidal-claudio-orlando,Claudio Orlando Vidal,Gobernaciones,Gobernador/a,Santa Cruz,VIDAL CLAUDIO ORLANDO,no,1,94bfdab50f34843a,2021|2022,,no,2022,,DIPUTADO NACIONAL,identidad_confirmada_cruce_oficial,Serie normalizada y contrafactuales incorporados; actualizar con el consolidado 2025 cuando se publique.
gov-poggi-claudio-javier,Claudio Javier Poggi,Gobernaciones,Gobernador/a,San Luis,POGGI CLAUDIO JAVIER,no,1,c0a4b917ab4c2949,2017|2018|2019|2020|2021|2022|2023,,no,2023,HONORABLE CAMARA DE DIPUTADOS DE LA NACION,DIPUTADO NACIONAL,identidad_confirmada_cruce_oficial,Serie normalizada y contrafactuales incorporados; actualizar con el consolidado 2025 cuando se publique.
gov-weretilneck-alberto-edgardo,Alberto Edgardo Weretilneck,Gobernaciones,Gobernador/a,Río Negro,WERETILNECK ALBERTO EDGARDO,no,1,84caf47fa9ee6612,2018|2019|2020|2021|2022|2023,,no,2023,HONORABLE SENADO DE LA NACION,SENADOR NACIONAL,identidad_confirmada_cruce_oficial,Serie normalizada y contrafactuales incorporados; actualizar con el consolidado 2025 cuando se publique.
prov-ba-dip-adorni-francisco-jorge,Adorni Francisco Jorge,Legislaturas provinciales,Diputado/a provincial,Buenos Aires,ADORNI FRANCISCO JORGE,sí,1,d578de2f45f4d98c,2024,,no,2024,MINISTERIO DE DEFENSA,AUDITOR INTERNO,identidad_confirmada_cruce_oficial,Serie normalizada y contrafactuales incorporados; actualizar con el consolidado 2025 cuando se publique.
prov-ba-dip-alvado-maite-milagros,Alvado Maite Milagros,Legislaturas provinciales,Diputado/a provincial,Buenos Aires,ALVADO MAITE MILAGROS,sí,1,679d67ba032b2496,2018,,no,2018,H CAMARA DE DIPUTADOS PCIA BS AS,Diputada Nacional,identidad_confirmada_cruce_oficial,Serie normalizada y contrafactuales incorporados; actualizar con el consolidado 2025 cuando se publique.
prov-ba-dip-balor-ana-luz,Balor Ana Luz,Legislaturas provinciales,Diputado/a provincial,Buenos Aires,BALOR ANA LUZ,sí,1,76594d0129bc86df,2022|2023|2024,,no,2024,H CAMARA DE DIPUTADOS PCIA BS AS,LEGISLADORA DE LA PROVINCIA DE BS AS,identidad_confirmada_cruce_oficial,Serie normalizada y contrafactuales incorporados; actualizar con el consolidado 2025 cuando se publique.
prov-ba-dip-basualdo-marcela-maria-amelia,Basualdo Marcela María Amelia,Legislaturas provinciales,Diputado/a provincial,Buenos Aires,BASUALDO MARCELA MARIA AMELIA,sí,1,5c28f9f849dc9645,2020|2021|2022|2023,,no,2023,ADMINISTRACION NACIONAL DE LA SEGURIDAD SOCIAL ANS,ANSES,identidad_confirmada_cruce_oficial,Serie normalizada y contrafactuales incorporados; actualizar con el consolidado 2025 cuando se publique.
prov-ba-dip-blanco-natalia-miriam,Blanco Natalia Miriam,Legislaturas provinciales,Diputado/a provincial,Buenos Aires,BLANCO NATALIA MIRIAM,sí,1,93f66835061d7c6d,2018|2019|2020|2021|2022|2023|2024,,no,2024,MUNICIPALIDAD DE ZARATE,CONCEJAL,identidad_confirmada_cruce_oficial,Serie normalizada y contrafactuales incorporados; actualizar con el consolidado 2025 cuando se publique.
prov-ba-dip-bontempo-leticia-ines,Bontempo Leticia Inés,Legislaturas provinciales,Diputado/a provincial,Buenos Aires,BONTEMPO LETICIA INES,sí,1,ebff4e450f83e180,2017|2018|2020,,no,2020,MUNICIPALIDAD DE ALMIRANTE BROWN,CONCEJAL,identidad_confirmada_cruce_oficial,Serie normalizada y contrafactuales incorporados; actualizar con el consolidado 2025 cuando se publique.
prov-ba-dip-coitinho-maria-fernanda,Coitinho Maria Fernanda,Legislaturas provinciales,Diputado/a provincial,Buenos Aires,COITINHO MARIA FERNANDA,sí,1,a9091b6f5618ebfa,2024,,no,2024,ADMINISTRACION NACIONAL DE LA SEGURIDAD SOCIAL ANS,JEFE DE AGENCIA,identidad_confirmada_cruce_oficial,Serie normalizada y contrafactuales incorporados; actualizar con el consolidado 2025 cuando se publique.
prov-ba-dip-corvino-analia-ester,Corvino Analía Ester,Legislaturas provinciales,Diputado/a provincial,Buenos Aires,CORVINO ANALIA ESTER,sí,1,987205bfd817100b,2024,,no,2024,ADMINISTRACION NACIONAL DE LA SEGURIDAD SOCIAL ANS,Jefa de Oficna en ANSES San Pedro -Buenos Aires,identidad_confirmada_cruce_oficial,Serie normalizada y contrafactuales incorporados; actualizar con el consolidado 2025 cuando se publique.
prov-ba-dip-endere-martin-julian,Endere Martín Julián,Legislaturas provinciales,Diputado/a provincial,Buenos Aires,ENDERE MARTIN JULIAN,sí,1,0a719deb8ebffdf6,2017,,no,2017,SUPERINTENDENCIA DE SEGUROS DE LA NACION,SUBGERENTE DE REASEGUROS,identidad_confirmada_cruce_oficial,Serie normalizada y contrafactuales incorporados; actualizar con el consolidado 2025 cuando se publique.
prov-ba-dip-fernandez-maria-laura,Fernández Maria Laura,Legislaturas provinciales,Diputado/a provincial,Buenos Aires,FERNANDEZ MARIA LAURA,sí,3,,2017|2018|2019|2020|2021|2022|2023|2024,,no,2024,OPERADORA FERROVIARIA S.A.,Comisión Evaluadora,historial_oa_posible_cargo_nacional_previo,No atribuir al cargo provincial actual: localizar primero el régimen y la DDJJ provincial.
prov-ba-dip-gay-hector-norberto,Gay Hector Norberto,Legislaturas provinciales,Diputado/a provincial,Buenos Aires,GAY HECTOR NORBERTO,sí,1,d317040bb6bef62e,2017|2018|2019|2020|2021|2022|2023,,no,2023,MUNICIPALIDAD DE BAHIA BLANCA,INTENDENTE MUNICIPAL,identidad_confirmada_cruce_oficial,Serie normalizada y contrafactuales incorporados; actualizar con el consolidado 2025 cuando se publique.
prov-ba-dip-lissalde-ricardo,Lissalde Ricardo,Legislaturas provinciales,Diputado/a provincial,Buenos Aires,LISSALDE RICARDO,sí,1,c26bca8582dc57f0,2020,,no,2020,ADMINISTRACION DE INFRAESTRUCTURAS FERROVIARIA SOC,Presidente Adm de Infraest Ferrov Soc Estado,identidad_confirmada_cruce_oficial,Serie normalizada y contrafactuales incorporados; actualizar con el consolidado 2025 cuando se publique.
prov-ba-dip-malpeli-juan-martin,Malpeli Juan Martín,Legislaturas provinciales,Diputado/a provincial,Buenos Aires,MALPELI JUAN MARTIN,sí,1,2b58c6aaeadcfdc7,2019|2020|2021|2022,,no,2022,HONORABLE CAMARA DE DIPUTADOS DE LA NACION,diputado,identidad_confirmada_cruce_oficial,Serie normalizada y contrafactuales incorporados; actualizar con el consolidado 2025 cuando se publique.
prov-ba-dip-mendoza-mayra-soledad,Mendoza Mayra Soledad,Legislaturas provinciales,Diputado/a provincial,Buenos Aires,MENDOZA MAYRA SOLEDAD,sí,1,03c161a0bcaadda8,2017|2018,,no,2018,HONORABLE CAMARA DE DIPUTADOS DE LA NACION,DIPUTADA NACIONAL,identidad_confirmada_cruce_oficial,Serie normalizada y contrafactuales incorporados; actualizar con el consolidado 2025 cuando se publique.
prov-ba-dip-miranda-valentin,Miranda Valentin,Legislaturas provinciales,Diputado/a provincial,Buenos Aires,MIRANDA VALENTIN,sí,1,ea4c8efc7f6d646a,2020,,no,2020,H CAMARA DE DIPUTADOS PCIA BS AS,DIPUTADO DE LA PROVINCIA DE BUENOS AIRES,identidad_confirmada_cruce_oficial,Serie normalizada y contrafactuales incorporados; actualizar con el consolidado 2025 cuando se publique.
prov-ba-dip-moreno-leonardo-jose,Moreno Leonardo José,Legislaturas provinciales,Diputado/a provincial,Buenos Aires,MORENO LEONARDO JOSE,sí,1,896779a7768491b2,2020|2021|2022,,no,2022,ADMINISTRACION NACIONAL DE LA SEGURIDAD SOCIAL ANS,GERENTE DE UDAI,identidad_confirmada_cruce_oficial,Serie normalizada y contrafactuales incorporados; actualizar con el consolidado 2025 cuando se publique.
prov-ba-dip-morillo-pablo-ezequiel,Morillo Pablo Ezequiel,Legislaturas provinciales,Diputado/a provincial,Buenos Aires,MORILLO PABLO EZEQUIEL,sí,1,ed1e7a9d725623b4,2024,,no,2024,INFRAESTRUCTURA ECONOMICA Y SOCIAL,Director Nacional de Desarrollo Socio Comunitario,identidad_confirmada_cruce_oficial,Serie normalizada y contrafactuales incorporados; actualizar con el consolidado 2025 cuando se publique.
prov-ba-dip-osaba-juan-esteban,Osaba Juan Esteban,Legislaturas provinciales,Diputado/a provincial,Buenos Aires,OSABA JUAN ESTEBAN,sí,1,24824bd724183d80,2024,,no,2024,,Director Nacional de Asistencia al Desarrollo Muni,identidad_confirmada_cruce_oficial,Serie normalizada y contrafactuales incorporados; actualizar con el consolidado 2025 cuando se publique.
prov-ba-dip-recalde-margarita-alejandra,Recalde Margarita Alejandra,Legislaturas provinciales,Diputado/a provincial,Buenos Aires,RECALDE MARGARITA ALEJANDRA,sí,1,89fd30f7491659d8,2020|2021|2022|2023,,no,2023,,diputada provincial,identidad_confirmada_cruce_oficial,Serie normalizada y contrafactuales incorporados; actualizar con el consolidado 2025 cuando se publique.
prov-ba-dip-retamoso-maria-florencia,Retamoso María Florencia,Legislaturas provinciales,Diputado/a provincial,Buenos Aires,RETAMOSO MARIA FLORENCIA,sí,1,2b2986a300970150,2018,,no,2018,HONORABLE SENADO DE LA NACION,DIPUTADO NACIONAL,identidad_confirmada_cruce_oficial,Serie normalizada y contrafactuales incorporados; actualizar con el consolidado 2025 cuando se publique.
prov-ba-dip-rodriguez-alberti-jorge-martin,Rodriguez Alberti Jorge Martín,Legislaturas provinciales,Diputado/a provincial,Buenos Aires,RODRIGUEZ ALBERTI JORGE MARTIN,sí,1,7916e95e5b6c14c2,2019|2020|2021|2022|2023,,no,2023,INSTITUTO NACIONAL DE SERVICIOS SOCIALES PARA JUBI,subdirector ejecutivo,identidad_confirmada_cruce_oficial,Serie normalizada y contrafactuales incorporados; actualizar con el consolidado 2025 cuando se publique.
prov-ba-dip-sotelo-larcher-nahuel,Sotelo Larcher Nahuel,Legislaturas provinciales,Diputado/a provincial,Buenos Aires,SOTELO LARCHER NAHUEL,sí,1,6798b556ba119e4e,2024,,no,2024,,Secretario de Culto y Civilización,identidad_confirmada_cruce_oficial,Serie normalizada y contrafactuales incorporados; actualizar con el consolidado 2025 cuando se publique.
prov-ba-dip-sotolano-maria-angel,Sotolano María Angel,Legislaturas provinciales,Diputado/a provincial,Buenos Aires,SOTOLANO MARIA ANGEL,sí,1,8868f52b5b9c93d3,2021|2022|2023,,no,2023,HONORABLE CAMARA DE DIPUTADOS DE LA NACION,DIPUTADA NACIONAL,identidad_confirmada_cruce_oficial,Serie normalizada y contrafactuales incorporados; actualizar con el consolidado 2025 cuando se publique.
prov-ba-dip-vannelli-sofia,Vannelli Sofía,Legislaturas provinciales,Diputado/a provincial,Buenos Aires,VANNELLI SOFIA,sí,1,e68b98caa153ece1,2020|2021,,no,2021,MINISTERIO DE TRANSPORTE,Directora de Control Técnico de Concesiones,identidad_confirmada_cruce_oficial,Serie normalizada y contrafactuales incorporados; actualizar con el consolidado 2025 cuando se publique.
prov-ba-dip-vitale-mariela-silvina,Vitale Mariela Silvina,Legislaturas provinciales,Diputado/a provincial,Buenos Aires,VITALE MARIELA SILVINA,sí,1,3e8c89f90b7f43ec,2024,,no,2024,ADMINISTRACION NACIONAL DE LA SEGURIDAD SOCIAL ANS,JEFE,identidad_confirmada_cruce_oficial,Serie normalizada y contrafactuales incorporados; actualizar con el consolidado 2025 cuando se publique.
prov-ba-dip-zurro-avelino-ricardo,Zurro Avelino Ricardo,Legislaturas provinciales,Diputado/a provincial,Buenos Aires,ZURRO AVELINO RICARDO,sí,1,c115d6217083ea05,2019|2020|2021|2022|2023,,no,2023,H CAMARA DE DIPUTADOS PCIA BS AS,DIPUTADO PROVINCIAL,identidad_confirmada_cruce_oficial,Serie normalizada y contrafactuales incorporados; actualizar con el consolidado 2025 cuando se publique.
prov-ba-sen-arietto-maria-florencia,Maria Florencia Arietto,Legislaturas provinciales,Senador/a provincial,Buenos Aires,ARIETTO MARIA FLORENCIA,no,1,9f5c1a9de2061b44,2017|2018|2019,,no,2019,MINISTERIO DE SEGURIDAD,ASESORA GABINETE DE UNIDAD MINISTRO DE SEGURIDAD,identidad_confirmada_cruce_oficial,Serie normalizada y contrafactuales incorporados; actualizar con el consolidado 2025 cuando se publique.
prov-ba-sen-balaudo-analia,Analia Balaudo,Legislaturas provinciales,Senador/a provincial,Buenos Aires,BALAUDO ANALIA,no,1,39349caedeabda0c,2024,,no,2024,ADMINISTRACION NACIONAL DE LA SEGURIDAD SOCIAL ANS,jefe oficina anses,identidad_confirmada_cruce_oficial,Serie normalizada y contrafactuales incorporados; actualizar con el consolidado 2025 cuando se publique.
prov-ba-sen-bambaci-maria-luz,Maria Luz Bambaci,Legislaturas provinciales,Senador/a provincial,Buenos Aires,BAMBACI MARIA LUZ,no,1,b43db72b53f03b41,2017|2018|2019|2024,,no,2024,ENTE NACIONAL DE COMUNICACIONES (ENACOM),DIRECCION DE JURIDICOS,identidad_confirmada_cruce_oficial,Serie normalizada y contrafactuales incorporados; actualizar con el consolidado 2025 cuando se publique.
prov-ba-sen-cabezas-gonzalo,Gonzalo Cabezas,Legislaturas provinciales,Senador/a provincial,Buenos Aires,CABEZAS GONZALO DARIO,no,1,a2eb4581596ccbc1,2024,,no,2024,VICEJEFATURA DE GABINETE DEL INTERIOR O. P.,Director Nacional de Relación con los Municipios,identidad_confirmada_cruce_oficial,Serie normalizada y contrafactuales incorporados; actualizar con el consolidado 2025 cuando se publique.
prov-ba-sen-fagioli-federico,Federico Fagioli,Legislaturas provinciales,Senador/a provincial,Buenos Aires,FAGIOLI FEDERICO,no,1,a6351af58397fc53,2018|2019|2020|2021|2022|2023,,no,2023,HONORABLE CAMARA DE DIPUTADOS DE LA NACION,Diputado Nacional por la Provincia de Buenos Aires,identidad_confirmada_cruce_oficial,Serie normalizada y contrafactuales incorporados; actualizar con el consolidado 2025 cuando se publique.
prov-ba-sen-galmarini-malena,Malena Galmarini,Legislaturas provinciales,Senador/a provincial,Buenos Aires,GALMARINI MALENA,no,1,ec7f990b60a9370e,2019|2020|2021|2022|2023,,no,2023,,PRESIDENTE AYSA S.A.,identidad_confirmada_cruce_oficial,Serie normalizada y contrafactuales incorporados; actualizar con el consolidado 2025 cuando se publique.
prov-ba-sen-gonzalez-santalla-emmanuel-severo,Emmanuel Severo González Santalla,Legislaturas provinciales,Senador/a provincial,Buenos Aires,GONZALEZ SANTALLA EMMANUEL SEVERO,no,1,747adbcc60991828,2020,,no,2020,HONORABLE CAMARA DE SENADORES PCIA BS AS,SENADOR PROVINCIAL TITULAR,identidad_confirmada_cruce_oficial,Serie normalizada y contrafactuales incorporados; actualizar con el consolidado 2025 cuando se publique.
prov-ba-sen-leguizamon-brown-marcelo,Marcelo Leguizamón Brown,Legislaturas provinciales,Senador/a provincial,Buenos Aires,LEGUIZAMON BROWN MARCELO LEONEL,no,1,b43e43234bf28b52,2017,,no,2017,DIRECCION NACIONAL DE MIGRACIONES,Delegado de la Delegación La Plata de la DNM,identidad_confirmada_cruce_oficial,Serie normalizada y contrafactuales incorporados; actualizar con el consolidado 2025 cuando se publique.
prov-ba-sen-macha-monica-fernanda,Monica Fernanda Macha,Legislaturas provinciales,Senador/a provincial,Buenos Aires,MACHA MONICA FERNANDA,no,1,a1434eddb154f8c6,2017|2018|2019|2020|2021|2022|2023|2024,,no,2024,HONORABLE CAMARA DE DIPUTADOS DE LA NACION,DIPUTADA NACIONAL,identidad_confirmada_cruce_oficial,Serie normalizada y contrafactuales incorporados; actualizar con el consolidado 2025 cuando se publique.
prov-ba-sen-martinez-maria-cecilia,Maria Cecilia Martinez,Legislaturas provinciales,Senador/a provincial,Buenos Aires,MARTINEZ MARIA CECILIA,no,1,3e43fb34d2b372b6,2017|2018|2019|2020|2021|2022|2023|2024,,no,2024,SERVICIO NACIONAL DE SANIDAD Y CALIDAD AGROALIMENT,INSPECTORA,identidad_confirmada_cruce_oficial,Serie normalizada y contrafactuales incorporados; actualizar con el consolidado 2025 cuando se publique.
prov-ba-sen-martinez-maria-rosa,Maria Rosa Martinez,Legislaturas provinciales,Senador/a provincial,Buenos Aires,MARTINEZ MARIA ROSA,no,1,a53675150ee4158d,2018|2019|2020|2021|2022|2023,,no,2023,HONORABLE CAMARA DE DIPUTADOS DE LA NACION,DIPUTADA NACIONAL,identidad_confirmada_cruce_oficial,Serie normalizada y contrafactuales incorporados; actualizar con el consolidado 2025 cuando se publique.
prov-ba-sen-montenegro-guillermo-tristan,Guillermo Tristan Montenegro,Legislaturas provinciales,Senador/a provincial,Buenos Aires,MONTENEGRO GUILLERMO TRISTAN,no,1,18523419400e7254,2017|2018|2019,,no,2019,HONORABLE CAMARA DE DIPUTADOS DE LA NACION,DIPUTADO NACIONAL,identidad_confirmada_cruce_oficial,Serie normalizada y contrafactuales incorporados; actualizar con el consolidado 2025 cuando se publique.
prov-ba-sen-olivera-luciano-emanuel,Luciano Emanuel Olivera,Legislaturas provinciales,Senador/a provincial,Buenos Aires,OLIVERA LUCIANO EMANUEL,no,1,ef38bb5dfc40cc4d,2024,,no,2024,INFRAESTRUCTURA ECONOMICA Y SOCIAL,COORDINADOR,identidad_confirmada_cruce_oficial,Serie normalizada y contrafactuales incorporados; actualizar con el consolidado 2025 cuando se publique.
prov-ba-sen-pisano-marcos-emilio,Marcos Emilio Pisano,Legislaturas provinciales,Senador/a provincial,Buenos Aires,PISANO MARCOS EMILIO,no,1,97168b9de52bcae8,2017|2018,,no,2018,MUNICIPALIDAD DE BOLIVAR,INTENDENTE MUNICIPAL,identidad_confirmada_cruce_oficial,Serie normalizada y contrafactuales incorporados; actualizar con el consolidado 2025 cuando se publique.
prov-ba-sen-quintana-natalia,Natalia Quintana,Legislaturas provinciales,Senador/a provincial,Buenos Aires,QUINTANA NATALIA SOLEDAD,no,1,ac59774128ce3ea8,2022|2023|2024,,no,2024,INFRAESTRUCTURA ECONOMICA Y SOCIAL,DIRECTORA DE RENDICION DE CUENTAS Y CONTROL TECNIC,identidad_confirmada_cruce_oficial,Serie normalizada y contrafactuales incorporados; actualizar con el consolidado 2025 cuando se publique.
prov-ba-sen-raverta-maria-fernanda,Maria Fernanda Raverta,Legislaturas provinciales,Senador/a provincial,Buenos Aires,RAVERTA MARIA FERNANDA,no,1,05ad7263e9e5a847,2017|2018|2019|2020|2021|2022|2023,,no,2023,,,identidad_confirmada_cruce_oficial,Serie normalizada y contrafactuales incorporados; actualizar con el consolidado 2025 cuando se publique.
prov-ba-sen-subiza-maria-emilia,Maria Emilia Subiza,Legislaturas provinciales,Senador/a provincial,Buenos Aires,SUBIZA MARIA EMILIA,no,1,feb15541aab16239,2017|2018|2023,,no,2023,HONORABLE CAMARA DE SENADORES PCIA BS AS,SENADORA DE LA PROVINCIA DE BUENOS AIRES,identidad_confirmada_cruce_oficial,Serie normalizada y contrafactuales incorporados; actualizar con el consolidado 2025 cuando se publique.
prov-ba-sen-valenzuela-diego,Diego Valenzuela,Legislaturas provinciales,Senador/a provincial,Buenos Aires,VALENZUELA DIEGO JAVIER,no,1,5687e2233e154185,2017|2018|2019|2020,,no,2020,POLICIA FEDERAL ARGENTINA,COMISARIO,identidad_confirmada_cruce_oficial,Serie normalizada y contrafactuales incorporados; actualizar con el consolidado 2025 cuando se publique.
prov-ba-sen-vargas-sergio-raul,Sergio Raul Vargas,Legislaturas provinciales,Senador/a provincial,Buenos Aires,VARGAS SERGIO RAUL,no,1,a9457554e3653eb5,2023,,no,2023,AGENCIA DE RECAUDACION Y CONTROL ADUANERO,CONSEJERO GENERAL DE 1°,identidad_confirmada_cruce_oficial,Serie normalizada y contrafactuales incorporados; actualizar con el consolidado 2025 cuando se publique.
prov-caba-leg-biasi-vanina,Vanina Biasi,Legislaturas provinciales,Legislador/a de la Ciudad,Ciudad Autónoma de Buenos Aires,BIASI VANINA NATALIA,no,1,93a413ca189cc99e,2017|2018|2020|2024,,no,2024,UNIVERSIDAD DE BUENOS AIRES,Diputada,identidad_confirmada_cruce_oficial,Serie normalizada y contrafactuales incorporados; actualizar con el consolidado 2025 cuando se publique.
prov-caba-leg-lospennato-silvia,Silvia Lospennato,Legislaturas provinciales,Legislador/a de la Ciudad,Ciudad Autónoma de Buenos Aires,LOSPENNATO SILVIA GABRIELA,no,1,26d3e058d87378b9,2017|2018|2019|2020|2021|2022|2023|2024,,no,2024,HONORABLE CAMARA DE DIPUTADOS DE LA NACION,DIPUTADA NACIONAL,identidad_confirmada_cruce_oficial,Serie normalizada y contrafactuales incorporados; actualizar con el consolidado 2025 cuando se publique.
prov-caba-leg-ferrario-emmanuel,Emmanuel Ferrario,Legislaturas provinciales,Legislador/a de la Ciudad,Ciudad Autónoma de Buenos Aires,FERRARIO EMMANUEL ALBERTO,no,1,0986f252f77826e5,2018|2021|2023|2024,,no,2024,LEGISLATURA DE LA CIUDAD AUTONOMA DE BUENOS AIRES,LEGISLADOR PORTEÑO - VICEPRESIDENTE 1ERO,identidad_confirmada_cruce_oficial,Serie normalizada y contrafactuales incorporados; actualizar con el consolidado 2025 cuando se publique.
prov-caba-leg-ramirez-maria-del-pilar,María Del Pilar Ramírez,Legislaturas provinciales,Legislador/a de la Ciudad,Ciudad Autónoma de Buenos Aires,RAMIREZ MARIA DEL PILAR,no,1,967eba3db8ea9362,2024,,no,2024,LEGISLATURA DE LA CIUDAD AUTONOMA DE BUENOS AIRES,SENADORA SUPLENTE,identidad_confirmada_cruce_oficial,Serie normalizada y contrafactuales incorporados; actualizar con el consolidado 2025 cuando se publique.
prov-caba-leg-del-gaiso-juan-facundo,Juan Facundo Del Gaiso,Legislaturas provinciales,Legislador/a de la Ciudad,Ciudad Autónoma de Buenos Aires,DEL GAISO JUAN FACUNDO,no,1,c946aa7fe0f47e16,2024,,no,2024,LEGISLATURA DE LA CIUDAD AUTONOMA DE BUENOS AIRES,Legislador,identidad_confirmada_cruce_oficial,Serie normalizada y contrafactuales incorporados; actualizar con el consolidado 2025 cuando se publique.
prov-caba-leg-grillo-alejandro-omar,Alejandro Omar Grillo,Legislaturas provinciales,Legislador/a de la Ciudad,Ciudad Autónoma de Buenos Aires,GRILLO ALEJANDRO OMAR,no,1,307b0e9d3972971c,2017|2018|2019|2020|2021|2022|2023,,no,2023,JEFATURA DE GABINETE DE MINISTROS,SUBSECRETARIO DE FORTALECIMIENTO INSTITUCIONAL,identidad_confirmada_cruce_oficial,Serie normalizada y contrafactuales incorporados; actualizar con el consolidado 2025 cuando se publique.
prov-caba-leg-ianez-berenice,Berenice Iañez,Legislaturas provinciales,Legislador/a de la Ciudad,Ciudad Autónoma de Buenos Aires,IAÑEZ BERENICE LIA,no,1,c2f1bc119cd1b13c,2023|2024,,no,2024,LEGISLATURA DE LA CIUDAD AUTONOMA DE BUENOS AIRES,Legisladora,identidad_confirmada_cruce_oficial,Serie normalizada y contrafactuales incorporados; actualizar con el consolidado 2025 cuando se publique.
prov-caba-leg-martin-amanda,Amanda Martín,Legislaturas provinciales,Legislador/a de la Ciudad,Ciudad Autónoma de Buenos Aires,MARTIN AMANDA,no,1,a0951fdb0aff30ad,2020|2021,,no,2021,,diputada,identidad_confirmada_cruce_oficial,Serie normalizada y contrafactuales incorporados; actualizar con el consolidado 2025 cuando se publique.
prov-caba-leg-mochi-federico,Federico Mochi,Legislaturas provinciales,Legislador/a de la Ciudad,Ciudad Autónoma de Buenos Aires,MOCHI FEDERICO PATRICIO,no,1,3b22df8f4692788d,2023,,no,2023,JEFATURA DE GABINETE DE MINISTROS,DIRECTOR NACIONAL DE ASUNTOS NORMATIVOS PARLAMENTA,identidad_confirmada_cruce_oficial,Serie normalizada y contrafactuales incorporados; actualizar con el consolidado 2025 cuando se publique.
prov-caba-leg-modarelli-juan-pablo,Juan Pablo Modarelli,Legislaturas provinciales,Legislador/a de la Ciudad,Ciudad Autónoma de Buenos Aires,MODARELLI JUAN PABLO,no,1,3dc9b1036a7dc666,2019|2020|2021|2022|2023,,no,2023,LEGISLATURA DE LA CIUDAD AUTONOMA DE BUENOS AIRES,Diputado de la Ciudad Autónoma de Buenos Aires,identidad_confirmada_cruce_oficial,Serie normalizada y contrafactuales incorporados; actualizar con el consolidado 2025 cuando se publique.
prov-caba-leg-negri-claudia,Claudia Negri,Legislaturas provinciales,Legislador/a de la Ciudad,Ciudad Autónoma de Buenos Aires,NEGRI CLAUDIA VIVIANA,no,1,42b28d41c2c20342,2022|2023|2024,,no,2024,UNIVERSIDAD DE BUENOS AIRES,VICEDECANA DE LA FACULTAD DE MEDICINA,identidad_confirmada_cruce_oficial,Serie normalizada y contrafactuales incorporados; actualizar con el consolidado 2025 cuando se publique.
prov-caba-leg-nieto-dario-hugo,Darío Hugo Nieto,Legislaturas provinciales,Legislador/a de la Ciudad,Ciudad Autónoma de Buenos Aires,NIETO DARIO HUGO,no,1,1d63d192c4f80004,2017|2018|2019|2021|2022,,no,2022,LEGISLATURA DE LA CIUDAD AUTONOMA DE BUENOS AIRES,LEGISLADOR,identidad_confirmada_cruce_oficial,Serie normalizada y contrafactuales incorporados; actualizar con el consolidado 2025 cuando se publique.
prov-caba-leg-ocana-maria-graciela,María Graciela Ocaña,Legislaturas provinciales,Legislador/a de la Ciudad,Ciudad Autónoma de Buenos Aires,OCAÑA MARIA GRACIELA,no,1,be6c93b0ec23b94e,2017|2018|2019|2020|2021|2022|2024,,no,2024,,Senadora Nacional,identidad_confirmada_cruce_oficial,Serie normalizada y contrafactuales incorporados; actualizar con el consolidado 2025 cuando se publique.
prov-caba-leg-pakgojz-nicolas,Nicolás Pakgojz,Legislaturas provinciales,Legislador/a de la Ciudad,Ciudad Autónoma de Buenos Aires,PAKGOJZ NICOLAS ALBERTO,no,1,ac0f18794430fe9b,2023|2024,,no,2024,AGENCIA DE ADMINISTRACION DE BIENES DEL ESTADO,PRESIDENTE DE LA AGENCIA DEL ESTADO,identidad_confirmada_cruce_oficial,Serie normalizada y contrafactuales incorporados; actualizar con el consolidado 2025 cuando se publique.
prov-caba-leg-pelayo-solana,Solana Pelayo,Legislaturas provinciales,Legislador/a de la Ciudad,Ciudad Autónoma de Buenos Aires,PELAYO SOLANA AGUSTINA,no,1,f88f6239f26a5720,2024,,no,2024,BANCO DE LA NACION ARGENTINA,Directora,identidad_confirmada_cruce_oficial,Serie normalizada y contrafactuales incorporados; actualizar con el consolidado 2025 cuando se publique.
prov-caba-leg-rossen-barbara,Bárbara Rossen,Legislaturas provinciales,Legislador/a de la Ciudad,Ciudad Autónoma de Buenos Aires,ROSSEN BARBARA LAURA,no,1,0e0473845f46eb3f,2017|2018,,no,2018,MINISTERIO DE EDUCACION,Directora General de Infraestructura,identidad_confirmada_cruce_oficial,Serie normalizada y contrafactuales incorporados; actualizar con el consolidado 2025 cuando se publique.
prov-caba-leg-santoro-leandro,Leandro Santoro,Legislaturas provinciales,Legislador/a de la Ciudad,Ciudad Autónoma de Buenos Aires,SANTORO LEANDRO JORGE,no,1,a165306a56f37e28,2017|2018|2019|2020|2021|2022|2023|2024,,no,2024,,LEGISLADOR,identidad_confirmada_cruce_oficial,Serie normalizada y contrafactuales incorporados; actualizar con el consolidado 2025 cuando se publique.
prov-caba-leg-suarez-guillermo,Guillermo Suárez,Legislaturas provinciales,Legislador/a de la Ciudad,Ciudad Autónoma de Buenos Aires,SUAREZ GUILLERMO MANUEL,no,1,dd8447854a5150ec,2020,,no,2020,GENDARMERIA NACIONAL,INTEGRANTE DE SECCION LOGISTICA,identidad_confirmada_cruce_oficial,Serie normalizada y contrafactuales incorporados; actualizar con el consolidado 2025 cuando se publique.
prov-caba-leg-tagliaferri-guadalupe,Guadalupe Tagliaferri,Legislaturas provinciales,Legislador/a de la Ciudad,Ciudad Autónoma de Buenos Aires,TAGLIAFERRI GUADALUPE,no,1,23549ee8136c50ae,2018|2019|2020|2021|2022|2023|2024,,no,2024,,SENADOR NACIONAL,identidad_confirmada_cruce_oficial,Serie normalizada y contrafactuales incorporados; actualizar con el consolidado 2025 cuando se publique.
prov-caba-leg-vartabedian-diego,Diego Vartabedian,Legislaturas provinciales,Legislador/a de la Ciudad,Ciudad Autónoma de Buenos Aires,VARTABEDIAN DIEGO MANUEL,no,1,3723a2c96328ce7a,2024,,no,2024,SECRETARIA GENERAL DE LA PRESIDENCIA DE LA NACION,DIRECTOR NACIONAL DE RELACIONES INSTITUCIONALES,identidad_confirmada_cruce_oficial,Serie normalizada y contrafactuales incorporados; actualizar con el consolidado 2025 cuando se publique.
prov-caba-leg-wolff-waldo,Waldo Wolff,Legislaturas provinciales,Legislador/a de la Ciudad,Ciudad Autónoma de Buenos Aires,WOLFF WALDO EZEQUIEL,no,1,a4fb1e639919b308,2017|2018|2019|2020|2021,,no,2021,HONORABLE CAMARA DE DIPUTADOS DE LA NACION,DIPUTADO NACIONAL,identidad_confirmada_cruce_oficial,Serie normalizada y contrafactuales incorporados; actualizar con el consolidado 2025 cuando se publique.
prov-cba-leg-martoccia-viviana-raquel,Viviana Raquel Martoccia,Legislaturas provinciales,Legislador/a provincial,Córdoba,MARTOCCIA VIVIANA RAQUEL DEL VALLE,no,1,ff5dd5d35838b028,2017|2018|2019|2020,,no,2020,ADMINISTRACION NACIONAL DE LA SEGURIDAD SOCIAL ANS,GERENTE DE UDAI,identidad_confirmada_cruce_oficial,Serie normalizada y contrafactuales incorporados; actualizar con el consolidado 2025 cuando se publique.
prov-cba-leg-tevez-gustavo-alejandro,Gustavo Alejandro Tevéz,Legislaturas provinciales,Legislador/a provincial,Córdoba,TEVEZ GUSTAVO ALEJANDRO,no,1,7e912ebe5a85aa60,2018,,no,2018,,DIPUTADO NACIONAL,identidad_confirmada_cruce_oficial,Serie normalizada y contrafactuales incorporados; actualizar con el consolidado 2025 cuando se publique.
prov-cba-leg-austin-brenda-lis,Brenda Lís Austin,Legislaturas provinciales,Legislador/a provincial,Córdoba,AUSTIN BRENDA LIS,no,1,b479ad3535901a13,2017|2018|2019|2020|2021|2023,,no,2023,LEGISLATURA DE LA PROVINCIA DE CORDOBA,Legisladora Provincial de Córdoba,identidad_confirmada_cruce_oficial,Serie normalizada y contrafactuales incorporados; actualizar con el consolidado 2025 cuando se publique.
prov-cba-leg-gvozdenovich-matias-pablo,Matías Pablo Gvozdenovich,Legislaturas provinciales,Legislador/a provincial,Córdoba,GVOZDENOVICH MATIAS PABLO,no,1,be8602521e25d488,2018,,no,2018,MUNICIPALIDAD DE ARIAS,INTENDENTE MUNICIPAL,identidad_confirmada_cruce_oficial,Serie normalizada y contrafactuales incorporados; actualizar con el consolidado 2025 cuando se publique.
prov-cba-leg-agost-carreno-oscar,Oscar Agost Carreño,Legislaturas provinciales,Legislador/a provincial,Córdoba,AGOST CARREÑO OSCAR,no,1,e647135e3c8a3d17,2017|2018|2019|2021|2023|2024,,no,2024,,,identidad_confirmada_cruce_oficial,Serie normalizada y contrafactuales incorporados; actualizar con el consolidado 2025 cuando se publique.
prov-cba-leg-grosso-gerardo-jose,Gerardo José Grosso,Legislaturas provinciales,Legislador/a provincial,Córdoba,GROSSO GERARDO JOSE,no,1,807be3d1a93bbfb9,2018|2020,,no,2020,,DIPUTADO NACIONAL,identidad_confirmada_cruce_oficial,Serie normalizada y contrafactuales incorporados; actualizar con el consolidado 2025 cuando se publique.
prov-cba-leg-echevarria-luciana,Luciana Echevarría,Legislaturas provinciales,Legislador/a provincial,Córdoba,ECHEVARRIA LUCIANA GABRIELA,no,1,87b3930b6a73844b,2017|2020,,no,2020,,Diputada Nacional,identidad_confirmada_cruce_oficial,Serie normalizada y contrafactuales incorporados; actualizar con el consolidado 2025 cuando se publique.
prov-sf-dip-agosto-walter,Walter AGOSTO,Legislaturas provinciales,Diputado/a provincial,Santa Fe,AGOSTO WALTER ALFREDO,no,1,d20b071f262b13fb,2018|2019,,no,2019,HONORABLE SENADO DE LA NACION,DIRECTOR DE ANALISIS PRESUPUESTARIO - OPC,identidad_confirmada_cruce_oficial,Serie normalizada y contrafactuales incorporados; actualizar con el consolidado 2025 cuando se publique.
prov-sf-dip-arena-celia,Celia ARENA,Legislaturas provinciales,Diputado/a provincial,Santa Fe,ARENA CELIA ISABEL,no,1,b2c6b193cab5c0ac,2017,,no,2017,HONORABLE SENADO DE LA NACION,ASESORA EN EUROLAT PARLAM.LATINOAM Y CARIBE,identidad_confirmada_cruce_oficial,Serie normalizada y contrafactuales incorporados; actualizar con el consolidado 2025 cuando se publique.
prov-sf-dip-arganaraz-juan-domingo,Juan Domingo ARGAÑARÁZ,Legislaturas provinciales,Diputado/a provincial,Santa Fe,ARGAÑARAZ JUAN DOMINGO,no,1,dc8e19d2c23b276b,2020,,no,2020,,SENADOR NACIONAL,identidad_confirmada_cruce_oficial,Serie normalizada y contrafactuales incorporados; actualizar con el consolidado 2025 cuando se publique.
prov-sf-dip-bermudez-ariel,Ariel BERMÚDEZ,Legislaturas provinciales,Diputado/a provincial,Santa Fe,BERMUDEZ ARIEL EDUARDO,no,1,5b757dd2e0fc1281,2017|2018,,no,2018,SUPERINTENDENCIA DE RIESGOS DEL TRABAJO,medico co-titular de comisiones medicas,identidad_confirmada_cruce_oficial,Serie normalizada y contrafactuales incorporados; actualizar con el consolidado 2025 cuando se publique.
prov-sf-dip-castellani-maria-fernanda,María Fernanda CASTELLANI,Legislaturas provinciales,Diputado/a provincial,Santa Fe,CASTELLANI MARIA FERNANDA,no,1,bcd047a2eed7f706,2020,,no,2020,SANTA ANGELINA S A,DIPUTADO NACIONAL,identidad_confirmada_cruce_oficial,Serie normalizada y contrafactuales incorporados; actualizar con el consolidado 2025 cuando se publique.
prov-sf-dip-corral-jose,José CORRAL,Legislaturas provinciales,Diputado/a provincial,Santa Fe,CORRAL JOSE MANUEL,no,1,1a6a9f67d406e8d2,2021|2022|2023,,no,2023,ENTE NACIONAL DE COMUNICACIONES,Directorio,identidad_confirmada_cruce_oficial,Serie normalizada y contrafactuales incorporados; actualizar con el consolidado 2025 cuando se publique.
prov-sf-dip-de-ponti-lucila,Lucila DE PONTI,Legislaturas provinciales,Diputado/a provincial,Santa Fe,DE PONTI LUCILA MARIA,no,1,9bfbc9ac5b186878,2017|2018|2019|2020,,no,2020,CAMARA DE DIPUTADOS DE LA PROVINCIA DE SANTA FE,DIPUTADA PROVINCIAL SANTA FE,identidad_confirmada_cruce_oficial,Serie normalizada y contrafactuales incorporados; actualizar con el consolidado 2025 cuando se publique.
prov-sf-dip-garcia-clara-rut,Clara Rut GARCÍA,Legislaturas provinciales,Diputado/a provincial,Santa Fe,GARCIA CLARA RUT,no,1,b539fd42491a110f,2020,,no,2020,,SENADORA NACIONAL,identidad_confirmada_cruce_oficial,Serie normalizada y contrafactuales incorporados; actualizar con el consolidado 2025 cuando se publique.
prov-sf-dip-garcia-ximena,Ximena GARCÍA,Legislaturas provinciales,Diputado/a provincial,Santa Fe,GARCIA XIMENA,no,1,73ec77db2236cdee,2018|2019|2020|2021|2022|2023|2024,,no,2024,,DIPUTADA PROVINCIAL PROVINCIA SANTA FE,identidad_confirmada_cruce_oficial,Serie normalizada y contrafactuales incorporados; actualizar con el consolidado 2025 cuando se publique.
prov-sf-dip-hummel-astrid,Astrid HUMMEL,Legislaturas provinciales,Diputado/a provincial,Santa Fe,HUMMEL ASTRID CAROLINA ANDREA,no,1,d315b78b727ba57f,2017|2018|2019,,no,2019,INSTITUTO NACIONAL DE ASOCIATIVISMO Y ECONOMIA SOC,VOCAL DE DIRECTORIO,identidad_confirmada_cruce_oficial,Serie normalizada y contrafactuales incorporados; actualizar con el consolidado 2025 cuando se publique.
prov-sf-dip-palo-oliver-claudio-fabian,Claudio Fabián PALO OLIVER,Legislaturas provinciales,Diputado/a provincial,Santa Fe,PALO OLIVER CLAUDIO FABIAN,no,1,f6b9f6194a9fe683,2020,,no,2020,,DIPUTADO NACIONAL,identidad_confirmada_cruce_oficial,Serie normalizada y contrafactuales incorporados; actualizar con el consolidado 2025 cuando se publique.
prov-sf-dip-peralta-emiliano,Emiliano PERALTA,Legislaturas provinciales,Diputado/a provincial,Santa Fe,PERALTA EMILIANO,no,1,5fc94c2973883721,2018|2019|2020|2021|2022|2023|2024,,no,2024,INSTITUTO NACIONAL DE SERVICIOS SOCIALES PARA JUBI,JEFE DE DIVISION,identidad_confirmada_cruce_oficial,Serie normalizada y contrafactuales incorporados; actualizar con el consolidado 2025 cuando se publique.
prov-sf-dip-perotti-omar,Omar PEROTTI,Legislaturas provinciales,Diputado/a provincial,Santa Fe,PEROTTI OMAR ANGEL,no,1,6312fc5367d43b53,2017|2018|2019|2020|2021,,no,2021,HONORABLE SENADO DE LA NACION,SENADOR NACIONAL,identidad_confirmada_cruce_oficial,Serie normalizada y contrafactuales incorporados; actualizar con el consolidado 2025 cuando se publique.
prov-sf-dip-rodenas-alejandra,Alejandra RODENAS,Legislaturas provinciales,Diputado/a provincial,Santa Fe,RODENAS ALEJANDRA SILVANA,no,1,569e95b0ac5c00b8,2017|2018|2021|2022,,no,2022,,VICEGOBERNADORA PCIA. SANTA FE,identidad_confirmada_cruce_oficial,Serie normalizada y contrafactuales incorporados; actualizar con el consolidado 2025 cuando se publique.
prov-sf-dip-scarpin-dionisio,Dionisio SCARPÍN,Legislaturas provinciales,Diputado/a provincial,Santa Fe,SCARPIN DIONISIO FERNANDO,no,1,786c37dc8dcbac83,2020|2021|2022,,no,2022,HONORABLE SENADO DE LA NACION,SENADOR NACIONAL,identidad_confirmada_cruce_oficial,Serie normalizada y contrafactuales incorporados; actualizar con el consolidado 2025 cuando se publique.
prov-sf-sen-garibaldi-julio-francisco,Julio Francisco Garibaldi,Legislaturas provinciales,Senador/a provincial,Santa Fe,GARIBALDI JULIO FRANCISCO,no,1,de377f47c709a216,2020,,no,2020,,SENADOR NACIONAL DE LA PROVINCIA DE SANTA FE,identidad_confirmada_cruce_oficial,Serie normalizada y contrafactuales incorporados; actualizar con el consolidado 2025 cuando se publique.
prov-rn-leg-matzen-lorena-maria-matilde,Lorena María Matilde MATZEN,Legislaturas provinciales,Legislador/a provincial,Río Negro,MATZEN LORENA MARIA MATILDE,no,1,d2c81f571af29cfe,2017,,no,2017,,diputada nacional,identidad_confirmada_cruce_oficial,Serie normalizada y contrafactuales incorporados; actualizar con el consolidado 2025 cuando se publique.
prov-rn-leg-acevedo-javier-edue,Javier Edue ACEVEDO,Legislaturas provinciales,Legislador/a provincial,Río Negro,ACEVEDO JAVIER EDUE,no,1,83329ff679617f86,2017,,no,2017,GOMIS FERNANDO LIVIO,DIPUTADO NACIONAL,identidad_confirmada_cruce_oficial,Serie normalizada y contrafactuales incorporados; actualizar con el consolidado 2025 cuando se publique.
prov-rn-leg-agostino-daniela-beatriz,Daniela Beatriz AGOSTINO,Legislaturas provinciales,Legislador/a provincial,Río Negro,AGOSTINO DANIELA BEATRIZ,no,1,4487694925c1517b,2018,,no,2018,,Diputado Nacional,identidad_confirmada_cruce_oficial,Serie normalizada y contrafactuales incorporados; actualizar con el consolidado 2025 cuando se publique.
prov-rn-leg-scavo-roberta,Roberta SCAVO,Legislaturas provinciales,Legislador/a provincial,Río Negro,SCAVO ROBERTA,no,1,e0d497a923fa102b,2018,,no,2018,ENTE NACIONAL DE COMUNICACIONES,delegada,identidad_confirmada_cruce_oficial,Serie normalizada y contrafactuales incorporados; actualizar con el consolidado 2025 cuando se publique.
prov-rn-leg-lopez-facundo-manuel,Facundo Manuel LÓPEZ,Legislaturas provinciales,Legislador/a provincial,Río Negro,LOPEZ FACUNDO MANUEL,no,1,3a81dee1bc59e943,2020|2021|2022|2023,,no,2023,AGENCIA NACIONAL DE SEGURIDAD VIAL,SUB DIRECTOR EJECUTIVO,identidad_confirmada_cruce_oficial,Serie normalizada y contrafactuales incorporados; actualizar con el consolidado 2025 cuando se publique.
prov-rn-leg-dantas-pedro-cristian,Pedro Cristian DANTAS,Legislaturas provinciales,Legislador/a provincial,Río Negro,DANTAS PEDRO CRISTIAN,no,1,4adbdfa331b4b9a5,2020|2021|2022,,no,2022,,DIPUTADO NACIONAL,identidad_confirmada_cruce_oficial,Serie normalizada y contrafactuales incorporados; actualizar con el consolidado 2025 cuando se publique.
prov-rn-leg-garcia-leandro-gaston,Leandro Gastón GARCÍA,Legislaturas provinciales,Legislador/a provincial,Río Negro,GARCIA LEANDRO GASTON,no,1,d58f2fe67282eac9,2020|2021|2022,,no,2022,ADMINISTRACION NACIONAL DE LA SEGURIDAD SOCIAL ANS,GERENTE UDAI ANSES EL BOLSON,identidad_confirmada_cruce_oficial,Serie normalizada y contrafactuales incorporados; actualizar con el consolidado 2025 cuando se publique.
prov-rn-leg-delgado-sempe-luciano-jesus,Luciano Jesús DELGADO SEMPÉ,Legislaturas provinciales,Legislador/a provincial,Río Negro,DELGADO SEMPE LUCIANO JESUS,no,1,7c49368c47771c85,2019|2020|2021|2022,,no,2022,ADMINISTRACION NACIONAL DE LA SEGURIDAD SOCIAL ANS,JEFE UDAI ROCA,identidad_confirmada_cruce_oficial,Serie normalizada y contrafactuales incorporados; actualizar con el consolidado 2025 cuando se publique.
prov-rn-leg-odarda-maria-magdalena,María Magdalena ODARDA,Legislaturas provinciales,Legislador/a provincial,Río Negro,ODARDA MARIA MAGDALENA,no,1,290658e98b19ac31,2017|2018|2019|2020|2021|2022,,no,2022,INSTITUTO NACIONAL DE ASUNTOS INDIGENAS,PRESIDENTE INAI,identidad_confirmada_cruce_oficial,Serie normalizada y contrafactuales incorporados; actualizar con el consolidado 2025 cuando se publique.
prov-rn-leg-sposito-ayelen,Ayelén SPÓSITO,Legislaturas provinciales,Legislador/a provincial,Río Negro,SPOSITO AYELEN,no,1,e0de4d50a49a6721,2019|2020,,no,2020,,,identidad_confirmada_cruce_oficial,Serie normalizada y contrafactuales incorporados; actualizar con el consolidado 2025 cuando se publique.
prov-rn-leg-lacour-martina-valeria,Martina Valeria LACOUR,Legislaturas provinciales,Legislador/a provincial,Río Negro,LACOUR MARTINA VALERIA,no,1,019630700eabf225,2024,,no,2024,,DIPUTADA NACIONAL,identidad_confirmada_cruce_oficial,Serie normalizada y contrafactuales incorporados; actualizar con el consolidado 2025 cuando se publique.
prov-rn-leg-martin-juan-carlos,Juan Carlos MARTIN,Legislaturas provinciales,Legislador/a provincial,Río Negro,MARTIN JUAN CARLOS,no,1,5a396ed1992b7f51,2017|2018|2024,,no,2024,,senador nacional primer titular,identidad_confirmada_cruce_oficial,Serie normalizada y contrafactuales incorporados; actualizar con el consolidado 2025 cuando se publique.
prov-rn-leg-murillo-ongaro-juan-sebastian,Juan Sebastián MURILLO ONGARO,Legislaturas provinciales,Legislador/a provincial,Río Negro,MURILLO ONGARO JUAN SEBASTIAN,no,1,c19bbb693ef9f4eb,2024,,no,2024,,Senador Nacional Primer Suplente,identidad_confirmada_cruce_oficial,Serie normalizada y contrafactuales incorporados; actualizar con el consolidado 2025 cuando se publique.
prov-rn-leg-stupenengo-ofelia-irene,Ofelia Irene STUPENENGO,Legislaturas provinciales,Legislador/a provincial,Río Negro,STUPENENGO OFELIA IRENE,no,1,acd05ead91e4fb8b,2017|2018|2019|2020,,no,2020,INSTITUTO NACIONAL DE SERVICIOS SOCIALES PARA JUBI,Jefe de CAP,identidad_confirmada_cruce_oficial,Serie normalizada y contrafactuales incorporados; actualizar con el consolidado 2025 cuando se publique.
prov-mis-leg-castro-cristian-gabriel,Cristian Gabriel Castro,Legislaturas provinciales,Representante provincial,Misiones,CASTRO CRISTIAN GABRIEL,no,1,e8048d676800d560,2021|2022|2023,,no,2023,MINISTERIO DEL INTERIOR,COORDINADOR CENTRO DE FRONTERA POSADAS,identidad_confirmada_cruce_oficial,Serie normalizada y contrafactuales incorporados; actualizar con el consolidado 2025 cuando se publique.
prov-mis-leg-goring-elvani-elisa,Elvani Elisa Goring,Legislaturas provinciales,Representante provincial,Misiones,GÖRING ELVANI ELISA,no,1,443ccf7f17321bda,2023,,no,2023,,Senadora Nacional - 2° Titular,identidad_confirmada_cruce_oficial,Serie normalizada y contrafactuales incorporados; actualizar con el consolidado 2025 cuando se publique.
prov-mis-leg-guerrero-nelli-beatriz,Nelli Beatriz Guerrero,Legislaturas provinciales,Representante provincial,Misiones,GUERRERO NELLI BEATRIZ,no,1,2d531ca037c3b107,2024,,no,2024,ADMINISTRACION NACIONAL DE LA SEGURIDAD SOCIAL ANS,JEFA DE ANSES,identidad_confirmada_cruce_oficial,Serie normalizada y contrafactuales incorporados; actualizar con el consolidado 2025 cuando se publique.
prov-mis-leg-koch-santiago-nicolas,Santiago Nicolas Koch,Legislaturas provinciales,Representante provincial,Misiones,KOCH SANTIAGO NICOLAS,no,1,da2e43f293aa8217,2019,,no,2019,UNIVERSIDAD NACIONAL DEL ALTO URUGUAY - UNAU,SECRETARIO JURIDICO,identidad_confirmada_cruce_oficial,Serie normalizada y contrafactuales incorporados; actualizar con el consolidado 2025 cuando se publique.
prov-mis-leg-mendez-ason-maria-del-carmen,Maria del Carmen Mendez Ason,Legislaturas provinciales,Representante provincial,Misiones,MENDEZ ASON MARIA DEL CARMEN,no,1,2301f4dd6f706f50,2020,,no,2020,,DIPUTADA NACIONAL SUPLENTE,identidad_confirmada_cruce_oficial,Serie normalizada y contrafactuales incorporados; actualizar con el consolidado 2025 cuando se publique.
prov-mis-leg-rodriguez-juan-manuel,Juan Manuel Rodriguez,Legislaturas provinciales,Representante provincial,Misiones,RODRIGUEZ JUAN MANUEL,no,3,,2017|2018|2019|2020|2021|2022|2023|2024,,no,2024,,,historial_oa_posible_cargo_nacional_previo,No atribuir al cargo provincial actual: localizar primero el régimen y la DDJJ provincial.
prov-mis-leg-stekler-barbara-samantha,Barbara Samantha Stekler,Legislaturas provinciales,Representante provincial,Misiones,STEKLER BARBARA SAMANTHA,no,1,3066a3b19e3b2107,2024,,no,2024,INSTITUTO NACIONAL DE SERVICIOS SOCIALES PARA JUBI,DIRECTORA,identidad_confirmada_cruce_oficial,Serie normalizada y contrafactuales incorporados; actualizar con el consolidado 2025 cuando se publique.
dip-alvarez-claudio,Claudio Álvarez,Diputados nacionales,Diputado/a nacional,San Luis,ALVAREZ CLAUDIO ARIEL,no,1,93406d770418f0f6,2023,2023,sí,2023,UNION TRABAJADORES GASTRONOMICO R A SECC SAN LUI,DIPUTADO NACIONAL,identidad_confirmada_cruce_oficial,Serie normalizada y contrafactuales incorporados; actualizar con el consolidado 2025 cuando se publique.
dip-farias-pablo,Pablo Farías,Diputados nacionales,Diputado/a nacional,Santa Fe,FARIAS PABLO GUSTAVO,no,1,716bae744f13a4c6,2024,2024,sí,2024,,DIPUTADO NACIONAL,identidad_confirmada_cruce_oficial,Serie normalizada y contrafactuales incorporados; actualizar con el consolidado 2025 cuando se publique.
dip-gonzalez-alvaro,Álvaro González,Diputados nacionales,Diputado/a nacional,Ciudad De Buenos Aires,GONZALEZ ALVARO GUSTAVO,no,1,a8a2c6ae6d411a72,2017|2018|2019|2020|2021|2022|2023|2024,2017|2018|2019|2020|2021|2022|2023|2024,sí,2024,HONORABLE CAMARA DE DIPUTADOS DE LA NACION,DIPUTADO NACIONAL,identidad_confirmada_cruce_oficial,Serie normalizada y contrafactuales incorporados; actualizar con el consolidado 2025 cuando se publique.
dip-marino-juan,Juan Marino,Diputados nacionales,Diputado/a nacional,Buenos Aires,MARINO JUAN,no,1,96e4d1ad398bfe84,2018|2022|2023|2024,2022|2023|2024,sí,2024,HONORABLE CAMARA DE DIPUTADOS DE LA NACION,DIPUTADO,identidad_confirmada_cruce_oficial,Serie normalizada y contrafactuales incorporados; actualizar con el consolidado 2025 cuando se publique.
dip-monzon-roxana,Roxana Monzón,Diputados nacionales,Diputado/a nacional,Buenos Aires,MONZON ROXANA ELIZABETH,no,1,c7cd76b452d949d8,2022|2023|2024,2022|2023|2024,sí,2024,MUNICIPALIDAD DE MERLO,diputada nacional de la provincia de buenos aires,identidad_confirmada_cruce_oficial,Serie normalizada y contrafactuales incorporados; actualizar con el consolidado 2025 cuando se publique.
sen-recalde-mariano,Mariano Recalde,Senado nacional,Senador/a nacional,Ciudad Autónoma de Buenos Aires,RECALDE MARIANO,no,1,0aa8ab40a874d3e5,2018|2019|2020|2021|2022|2023|2024,2018|2019|2020|2021|2022|2023|2024,no,2024,HONORABLE SENADO DE LA NACION,SI,identidad_confirmada_cruce_oficial,Serie normalizada y contrafactuales incorporados; actualizar con el consolidado 2025 cuando se publique.
dip-garcia-carlos,Carlos García,Diputados nacionales,Diputado/a nacional,Chaco,GARCIA CARLOS DANIEL,no,1,24fc20286595f8a4,2022|2024,2022|2024,no,2024,,DIPUTADO NACIONAL,identidad_confirmada_cruce_oficial,Serie normalizada y contrafactuales incorporados; actualizar con el consolidado 2025 cuando se publique.
dip-gomez-jose,José Gomez,Diputados nacionales,Diputado/a nacional,Santiago Del Estero,GOMEZ JOSE EDGARDO,no,1,1ced57f0d0101114,2020|2022|2023|2024,2020|2022|2023|2024,no,2024,,Diputado Nacional,identidad_confirmada_cruce_oficial,Serie normalizada y contrafactuales incorporados; actualizar con el consolidado 2025 cuando se publique.
dip-gutierrez-carlos,Carlos Gutiérrez,Diputados nacionales,Diputado/a nacional,Cordoba,GUTIERREZ CARLOS MARIO,no,1,21184a5df7ac16f7,2018|2019|2020|2021|2022|2023|2024,2018|2019|2020|2021|2022|2023|2024,no,2024,HONORABLE CAMARA DE DIPUTADOS DE LA NACION,DIPUTADO NACIONAL,identidad_confirmada_cruce_oficial,Serie normalizada y contrafactuales incorporados; actualizar con el consolidado 2025 cuando se publique.
dip-montenegro-guillermo,Guillermo Montenegro,Diputados nacionales,Diputado/a nacional,Buenos Aires,MONTENEGRO GUILLERMO MAXIMILIANO,no,1,101398818f48c660,2022|2023,2023,no,2023,HONORABLE CAMARA DE DIPUTADOS DE LA NACION,Diputado Nacional,identidad_confirmada_cruce_oficial,Serie normalizada y contrafactuales incorporados; actualizar con el consolidado 2025 cuando se publique.
dip-nunez-jose,José Nuñez,Diputados nacionales,Diputado/a nacional,Santa Fe,NUÑEZ JOSE CARLOS,no,1,8d9566d3eade51fa,2017|2018|2019|2020|2021|2022|2023|2024,2017|2018|2019|2020|2021|2022|2023|2024,no,2024,HONORABLE CAMARA DE DIPUTADOS DE LA NACION,DIPUTADO NACIONAL,identidad_confirmada_cruce_oficial,Serie normalizada y contrafactuales incorporados; actualizar con el consolidado 2025 cuando se publique.
prov-caba-leg-alonso-laura,Laura Alonso,Legislaturas provinciales,Legislador/a de la Ciudad,Ciudad Autónoma de Buenos Aires,ALONSO LAURA,no,1,8c82568d76d60881,2017|2018|2019,,no,2019,MINISTERIO DE JUSTICIA Y DERECHOS HUMANOS,Secr.de Etica Pública -Trans.y L.contra Corrupción,identidad_confirmada_cruce_oficial,Serie normalizada y contrafactuales incorporados; actualizar con el consolidado 2025 cuando se publique.
dip-garcia-alvaro,Álvaro García,Diputados nacionales,Diputado/a nacional,Buenos Aires,GARCIA ALVARO,no,1,2cb302b8e2a70a23,2018|2019|2020|2021|2022,,sí,2022,FONDO COMPENSADOR PARAJUBILADOS Y PENSIONADOS TELE,Síndico fondo compensador jubil y pens telefónicos,identidad_confirmada_cruce_oficial,Serie normalizada y contrafactuales incorporados; actualizar con el consolidado 2025 cuando se publique.
