persona_id,persona,anio,estado_fuente,tipo_ddjj,rectificativa,dj_id,total_bienes_ars,deudas_ars,patrimonio_neto_ars,total_bienes_real_ars_2025,total_bienes_usd_a3500,ipc_indice,a3500_ars_por_usd,indice_nominal_base,indice_real_base,indice_usd_base,fuente_url,nota
prov-ba-dip-adorni-francisco-jorge,Adorni Francisco Jorge,2017,no_localizada,,,,,,,,,124.7956,18.7742,,,,https://datos.jus.gob.ar/dataset/declaraciones-juradas-patrimoniales-integrales,No se localizó una DJPI consolidada para esta persona y año; no equivale a patrimonio cero. Es historial público OA previo al corte y no equivale por sí solo a la DDJJ del mandato actual.
prov-ba-dip-adorni-francisco-jorge,Adorni Francisco Jorge,2018,no_localizada,,,,,,,,,184.2552,37.8083,,,,https://datos.jus.gob.ar/dataset/declaraciones-juradas-patrimoniales-integrales,No se localizó una DJPI consolidada para esta persona y año; no equivale a patrimonio cero. Es historial público OA previo al corte y no equivale por sí solo a la DDJJ del mandato actual.
prov-ba-dip-adorni-francisco-jorge,Adorni Francisco Jorge,2019,no_localizada,,,,,,,,,283.4442,59.8950,,,,https://datos.jus.gob.ar/dataset/declaraciones-juradas-patrimoniales-integrales,No se localizó una DJPI consolidada para esta persona y año; no equivale a patrimonio cero. Es historial público OA previo al corte y no equivale por sí solo a la DDJJ del mandato actual.
prov-ba-dip-adorni-francisco-jorge,Adorni Francisco Jorge,2020,no_localizada,,,,,,,,,385.8826,84.1450,,,,https://datos.jus.gob.ar/dataset/declaraciones-juradas-patrimoniales-integrales,No se localizó una DJPI consolidada para esta persona y año; no equivale a patrimonio cero. Es historial público OA previo al corte y no equivale por sí solo a la DDJJ del mandato actual.
prov-ba-dip-adorni-francisco-jorge,Adorni Francisco Jorge,2021,no_localizada,,,,,,,,,582.4575,102.7500,,,,https://datos.jus.gob.ar/dataset/declaraciones-juradas-patrimoniales-integrales,No se localizó una DJPI consolidada para esta persona y año; no equivale a patrimonio cero. Es historial público OA previo al corte y no equivale por sí solo a la DDJJ del mandato actual.
prov-ba-dip-adorni-francisco-jorge,Adorni Francisco Jorge,2022,no_localizada,,,,,,,,,1134.5875,177.1283,,,,https://datos.jus.gob.ar/dataset/declaraciones-juradas-patrimoniales-integrales,No se localizó una DJPI consolidada para esta persona y año; no equivale a patrimonio cero. Es historial público OA previo al corte y no equivale por sí solo a la DDJJ del mandato actual.
prov-ba-dip-adorni-francisco-jorge,Adorni Francisco Jorge,2023,no_localizada,,,,,,,,,3533.1922,808.4833,,,,https://datos.jus.gob.ar/dataset/declaraciones-juradas-patrimoniales-integrales,No se localizó una DJPI consolidada para esta persona y año; no equivale a patrimonio cero. Es historial público OA previo al corte y no equivale por sí solo a la DDJJ del mandato actual.
prov-ba-dip-adorni-francisco-jorge,Adorni Francisco Jorge,2024,oficial_consolidado_oa,Anual,0,802502,710000000.00,600000000.00,110000000.00,933996199.64,687651.33,7694.0075,1032.5000,100.00,100.00,100.00,https://datos.jus.gob.ar/dataset/declaraciones-juradas-patrimoniales-integrales,"Identidad confirmada por cruce oficial; selección Anual > Baja > Inicial, luego rectificativa y dj_id. Es historial público OA previo al corte y no equivale por sí solo a la DDJJ del mandato actual."
prov-ba-dip-adorni-francisco-jorge,Adorni Francisco Jorge,2025,no_localizada,,,,,,,,,10121.3715,1459.4167,,,,https://datos.jus.gob.ar/dataset/declaraciones-juradas-patrimoniales-integrales,No se localizó una DJPI consolidada para esta persona y año; no equivale a patrimonio cero. Es historial público OA previo al corte y no equivale por sí solo a la DDJJ del mandato actual.
prov-ba-dip-alvado-maite-milagros,Alvado Maite Milagros,2017,no_localizada,,,,,,,,,124.7956,18.7742,,,,https://datos.jus.gob.ar/dataset/declaraciones-juradas-patrimoniales-integrales,No se localizó una DJPI consolidada para esta persona y año; no equivale a patrimonio cero. Es historial público OA previo al corte y no equivale por sí solo a la DDJJ del mandato actual.
prov-ba-dip-alvado-maite-milagros,Alvado Maite Milagros,2018,oficial_consolidado_oa,Anual,0,414153,957267.25,18591.92,938675.33,52583902.45,25318.97,184.2552,37.8083,100.00,100.00,100.00,https://datos.jus.gob.ar/dataset/declaraciones-juradas-patrimoniales-integrales,"Identidad confirmada por cruce oficial; selección Anual > Baja > Inicial, luego rectificativa y dj_id. Es historial público OA previo al corte y no equivale por sí solo a la DDJJ del mandato actual."
prov-ba-dip-alvado-maite-milagros,Alvado Maite Milagros,2019,no_localizada,,,,,,,,,283.4442,59.8950,,,,https://datos.jus.gob.ar/dataset/declaraciones-juradas-patrimoniales-integrales,No se localizó una DJPI consolidada para esta persona y año; no equivale a patrimonio cero. Es historial público OA previo al corte y no equivale por sí solo a la DDJJ del mandato actual.
prov-ba-dip-alvado-maite-milagros,Alvado Maite Milagros,2020,no_localizada,,,,,,,,,385.8826,84.1450,,,,https://datos.jus.gob.ar/dataset/declaraciones-juradas-patrimoniales-integrales,No se localizó una DJPI consolidada para esta persona y año; no equivale a patrimonio cero. Es historial público OA previo al corte y no equivale por sí solo a la DDJJ del mandato actual.
prov-ba-dip-alvado-maite-milagros,Alvado Maite Milagros,2021,no_localizada,,,,,,,,,582.4575,102.7500,,,,https://datos.jus.gob.ar/dataset/declaraciones-juradas-patrimoniales-integrales,No se localizó una DJPI consolidada para esta persona y año; no equivale a patrimonio cero. Es historial público OA previo al corte y no equivale por sí solo a la DDJJ del mandato actual.
prov-ba-dip-alvado-maite-milagros,Alvado Maite Milagros,2022,no_localizada,,,,,,,,,1134.5875,177.1283,,,,https://datos.jus.gob.ar/dataset/declaraciones-juradas-patrimoniales-integrales,No se localizó una DJPI consolidada para esta persona y año; no equivale a patrimonio cero. Es historial público OA previo al corte y no equivale por sí solo a la DDJJ del mandato actual.
prov-ba-dip-alvado-maite-milagros,Alvado Maite Milagros,2023,no_localizada,,,,,,,,,3533.1922,808.4833,,,,https://datos.jus.gob.ar/dataset/declaraciones-juradas-patrimoniales-integrales,No se localizó una DJPI consolidada para esta persona y año; no equivale a patrimonio cero. Es historial público OA previo al corte y no equivale por sí solo a la DDJJ del mandato actual.
prov-ba-dip-alvado-maite-milagros,Alvado Maite Milagros,2024,no_localizada,,,,,,,,,7694.0075,1032.5000,,,,https://datos.jus.gob.ar/dataset/declaraciones-juradas-patrimoniales-integrales,No se localizó una DJPI consolidada para esta persona y año; no equivale a patrimonio cero. Es historial público OA previo al corte y no equivale por sí solo a la DDJJ del mandato actual.
prov-ba-dip-alvado-maite-milagros,Alvado Maite Milagros,2025,no_localizada,,,,,,,,,10121.3715,1459.4167,,,,https://datos.jus.gob.ar/dataset/declaraciones-juradas-patrimoniales-integrales,No se localizó una DJPI consolidada para esta persona y año; no equivale a patrimonio cero. Es historial público OA previo al corte y no equivale por sí solo a la DDJJ del mandato actual.
prov-ba-dip-balor-ana-luz,Balor Ana Luz,2017,no_localizada,,,,,,,,,124.7956,18.7742,,,,https://datos.jus.gob.ar/dataset/declaraciones-juradas-patrimoniales-integrales,No se localizó una DJPI consolidada para esta persona y año; no equivale a patrimonio cero. Es historial público OA previo al corte y no equivale por sí solo a la DDJJ del mandato actual.
prov-ba-dip-balor-ana-luz,Balor Ana Luz,2018,no_localizada,,,,,,,,,184.2552,37.8083,,,,https://datos.jus.gob.ar/dataset/declaraciones-juradas-patrimoniales-integrales,No se localizó una DJPI consolidada para esta persona y año; no equivale a patrimonio cero. Es historial público OA previo al corte y no equivale por sí solo a la DDJJ del mandato actual.
prov-ba-dip-balor-ana-luz,Balor Ana Luz,2019,no_localizada,,,,,,,,,283.4442,59.8950,,,,https://datos.jus.gob.ar/dataset/declaraciones-juradas-patrimoniales-integrales,No se localizó una DJPI consolidada para esta persona y año; no equivale a patrimonio cero. Es historial público OA previo al corte y no equivale por sí solo a la DDJJ del mandato actual.
prov-ba-dip-balor-ana-luz,Balor Ana Luz,2020,no_localizada,,,,,,,,,385.8826,84.1450,,,,https://datos.jus.gob.ar/dataset/declaraciones-juradas-patrimoniales-integrales,No se localizó una DJPI consolidada para esta persona y año; no equivale a patrimonio cero. Es historial público OA previo al corte y no equivale por sí solo a la DDJJ del mandato actual.
prov-ba-dip-balor-ana-luz,Balor Ana Luz,2021,no_localizada,,,,,,,,,582.4575,102.7500,,,,https://datos.jus.gob.ar/dataset/declaraciones-juradas-patrimoniales-integrales,No se localizó una DJPI consolidada para esta persona y año; no equivale a patrimonio cero. Es historial público OA previo al corte y no equivale por sí solo a la DDJJ del mandato actual.
prov-ba-dip-balor-ana-luz,Balor Ana Luz,2022,oficial_consolidado_oa,Anual,0,637205,4629192.74,0.00,4629192.74,41295871.38,26134.69,1134.5875,177.1283,100.00,100.00,100.00,https://datos.jus.gob.ar/dataset/declaraciones-juradas-patrimoniales-integrales,"Identidad confirmada por cruce oficial; selección Anual > Baja > Inicial, luego rectificativa y dj_id. Es historial público OA previo al corte y no equivale por sí solo a la DDJJ del mandato actual."
prov-ba-dip-balor-ana-luz,Balor Ana Luz,2023,oficial_consolidado_oa,Baja,0,686349,10834830.73,0.00,10834830.73,31038036.07,13401.43,3533.1922,808.4833,234.05,75.16,51.28,https://datos.jus.gob.ar/dataset/declaraciones-juradas-patrimoniales-integrales,"Identidad confirmada por cruce oficial; selección Anual > Baja > Inicial, luego rectificativa y dj_id. Es historial público OA previo al corte y no equivale por sí solo a la DDJJ del mandato actual."
prov-ba-dip-balor-ana-luz,Balor Ana Luz,2024,oficial_consolidado_oa,Inicial,0,702808,15687083.72,0.00,15687083.72,20636164.19,15193.30,7694.0075,1032.5000,338.87,49.97,58.13,https://datos.jus.gob.ar/dataset/declaraciones-juradas-patrimoniales-integrales,"Identidad confirmada por cruce oficial; selección Anual > Baja > Inicial, luego rectificativa y dj_id. Es historial público OA previo al corte y no equivale por sí solo a la DDJJ del mandato actual."
prov-ba-dip-balor-ana-luz,Balor Ana Luz,2025,no_localizada,,,,,,,,,10121.3715,1459.4167,,,,https://datos.jus.gob.ar/dataset/declaraciones-juradas-patrimoniales-integrales,No se localizó una DJPI consolidada para esta persona y año; no equivale a patrimonio cero. Es historial público OA previo al corte y no equivale por sí solo a la DDJJ del mandato actual.
prov-ba-dip-basualdo-marcela-maria-amelia,Basualdo Marcela María Amelia,2017,no_localizada,,,,,,,,,124.7956,18.7742,,,,https://datos.jus.gob.ar/dataset/declaraciones-juradas-patrimoniales-integrales,No se localizó una DJPI consolidada para esta persona y año; no equivale a patrimonio cero. Es historial público OA previo al corte y no equivale por sí solo a la DDJJ del mandato actual.
prov-ba-dip-basualdo-marcela-maria-amelia,Basualdo Marcela María Amelia,2018,no_localizada,,,,,,,,,184.2552,37.8083,,,,https://datos.jus.gob.ar/dataset/declaraciones-juradas-patrimoniales-integrales,No se localizó una DJPI consolidada para esta persona y año; no equivale a patrimonio cero. Es historial público OA previo al corte y no equivale por sí solo a la DDJJ del mandato actual.
prov-ba-dip-basualdo-marcela-maria-amelia,Basualdo Marcela María Amelia,2019,no_localizada,,,,,,,,,283.4442,59.8950,,,,https://datos.jus.gob.ar/dataset/declaraciones-juradas-patrimoniales-integrales,No se localizó una DJPI consolidada para esta persona y año; no equivale a patrimonio cero. Es historial público OA previo al corte y no equivale por sí solo a la DDJJ del mandato actual.
prov-ba-dip-basualdo-marcela-maria-amelia,Basualdo Marcela María Amelia,2020,oficial_consolidado_oa,Anual,0,554232,4266930.00,0.00,4266930.00,111917934.87,50709.25,385.8826,84.1450,100.00,100.00,100.00,https://datos.jus.gob.ar/dataset/declaraciones-juradas-patrimoniales-integrales,"Identidad confirmada por cruce oficial; selección Anual > Baja > Inicial, luego rectificativa y dj_id. Es historial público OA previo al corte y no equivale por sí solo a la DDJJ del mandato actual."
prov-ba-dip-basualdo-marcela-maria-amelia,Basualdo Marcela María Amelia,2021,oficial_consolidado_oa,Anual,0,586274,9283940.00,0.00,9283940.00,161327145.28,90354.65,582.4575,102.7500,217.58,144.15,178.18,https://datos.jus.gob.ar/dataset/declaraciones-juradas-patrimoniales-integrales,"Identidad confirmada por cruce oficial; selección Anual > Baja > Inicial, luego rectificativa y dj_id. Es historial público OA previo al corte y no equivale por sí solo a la DDJJ del mandato actual."
prov-ba-dip-basualdo-marcela-maria-amelia,Basualdo Marcela María Amelia,2022,oficial_consolidado_oa,Anual,0,632203,2899007.02,0.00,2899007.02,25861317.03,16366.71,1134.5875,177.1283,67.94,23.11,32.28,https://datos.jus.gob.ar/dataset/declaraciones-juradas-patrimoniales-integrales,"Identidad confirmada por cruce oficial; selección Anual > Baja > Inicial, luego rectificativa y dj_id. Es historial público OA previo al corte y no equivale por sí solo a la DDJJ del mandato actual."
prov-ba-dip-basualdo-marcela-maria-amelia,Basualdo Marcela María Amelia,2023,oficial_consolidado_oa,Baja,0,687944,47851250.00,0.00,47851250.00,137077252.12,59186.44,3533.1922,808.4833,1121.44,122.48,116.72,https://datos.jus.gob.ar/dataset/declaraciones-juradas-patrimoniales-integrales,"Identidad confirmada por cruce oficial; selección Anual > Baja > Inicial, luego rectificativa y dj_id. Es historial público OA previo al corte y no equivale por sí solo a la DDJJ del mandato actual."
prov-ba-dip-basualdo-marcela-maria-amelia,Basualdo Marcela María Amelia,2024,no_localizada,,,,,,,,,7694.0075,1032.5000,,,,https://datos.jus.gob.ar/dataset/declaraciones-juradas-patrimoniales-integrales,No se localizó una DJPI consolidada para esta persona y año; no equivale a patrimonio cero. Es historial público OA previo al corte y no equivale por sí solo a la DDJJ del mandato actual.
prov-ba-dip-basualdo-marcela-maria-amelia,Basualdo Marcela María Amelia,2025,no_localizada,,,,,,,,,10121.3715,1459.4167,,,,https://datos.jus.gob.ar/dataset/declaraciones-juradas-patrimoniales-integrales,No se localizó una DJPI consolidada para esta persona y año; no equivale a patrimonio cero. Es historial público OA previo al corte y no equivale por sí solo a la DDJJ del mandato actual.
prov-ba-dip-blanco-natalia-miriam,Blanco Natalia Miriam,2017,no_localizada,,,,,,,,,124.7956,18.7742,,,,https://datos.jus.gob.ar/dataset/declaraciones-juradas-patrimoniales-integrales,No se localizó una DJPI consolidada para esta persona y año; no equivale a patrimonio cero. Es historial público OA previo al corte y no equivale por sí solo a la DDJJ del mandato actual.
prov-ba-dip-blanco-natalia-miriam,Blanco Natalia Miriam,2018,oficial_consolidado_oa,Anual,1,820359,2595043.31,0.00,2595043.31,142549015.71,68636.87,184.2552,37.8083,100.00,100.00,100.00,https://datos.jus.gob.ar/dataset/declaraciones-juradas-patrimoniales-integrales,"Identidad confirmada por cruce oficial; selección Anual > Baja > Inicial, luego rectificativa y dj_id. Es historial público OA previo al corte y no equivale por sí solo a la DDJJ del mandato actual."
prov-ba-dip-blanco-natalia-miriam,Blanco Natalia Miriam,2019,oficial_consolidado_oa,Anual,0,820377,3691547.29,0.00,3691547.29,131819672.20,61633.65,283.4442,59.8950,142.25,92.47,89.80,https://datos.jus.gob.ar/dataset/declaraciones-juradas-patrimoniales-integrales,"Identidad confirmada por cruce oficial; selección Anual > Baja > Inicial, luego rectificativa y dj_id. Es historial público OA previo al corte y no equivale por sí solo a la DDJJ del mandato actual."
prov-ba-dip-blanco-natalia-miriam,Blanco Natalia Miriam,2020,oficial_consolidado_oa,Anual,0,820593,4916843.54,0.00,4916843.54,128964612.75,58432.99,385.8826,84.1450,189.47,90.47,85.13,https://datos.jus.gob.ar/dataset/declaraciones-juradas-patrimoniales-integrales,"Identidad confirmada por cruce oficial; selección Anual > Baja > Inicial, luego rectificativa y dj_id. Es historial público OA previo al corte y no equivale por sí solo a la DDJJ del mandato actual."
prov-ba-dip-blanco-natalia-miriam,Blanco Natalia Miriam,2021,oficial_consolidado_oa,Anual,0,820604,7537208.23,0.00,7537208.23,130974164.76,73354.82,582.4575,102.7500,290.45,91.88,106.87,https://datos.jus.gob.ar/dataset/declaraciones-juradas-patrimoniales-integrales,"Identidad confirmada por cruce oficial; selección Anual > Baja > Inicial, luego rectificativa y dj_id. Es historial público OA previo al corte y no equivale por sí solo a la DDJJ del mandato actual."
prov-ba-dip-blanco-natalia-miriam,Blanco Natalia Miriam,2022,oficial_consolidado_oa,Anual,0,820619,15231335.40,0.00,15231335.40,135874936.07,85990.41,1134.5875,177.1283,586.94,95.32,125.28,https://datos.jus.gob.ar/dataset/declaraciones-juradas-patrimoniales-integrales,"Identidad confirmada por cruce oficial; selección Anual > Baja > Inicial, luego rectificativa y dj_id. Es historial público OA previo al corte y no equivale por sí solo a la DDJJ del mandato actual."
prov-ba-dip-blanco-natalia-miriam,Blanco Natalia Miriam,2023,oficial_consolidado_oa,Anual,1,820889,47460564.84,0.00,47460564.84,135958074.50,58703.21,3533.1922,808.4833,1828.89,95.38,85.53,https://datos.jus.gob.ar/dataset/declaraciones-juradas-patrimoniales-integrales,"Identidad confirmada por cruce oficial; selección Anual > Baja > Inicial, luego rectificativa y dj_id. Es historial público OA previo al corte y no equivale por sí solo a la DDJJ del mandato actual."
prov-ba-dip-blanco-natalia-miriam,Blanco Natalia Miriam,2024,oficial_consolidado_oa,Anual,0,820896,97002341.28,66500000.00,30502341.28,127605377.62,93949.00,7694.0075,1032.5000,3737.99,89.52,136.88,https://datos.jus.gob.ar/dataset/declaraciones-juradas-patrimoniales-integrales,"Identidad confirmada por cruce oficial; selección Anual > Baja > Inicial, luego rectificativa y dj_id. Es historial público OA previo al corte y no equivale por sí solo a la DDJJ del mandato actual."
prov-ba-dip-blanco-natalia-miriam,Blanco Natalia Miriam,2025,no_localizada,,,,,,,,,10121.3715,1459.4167,,,,https://datos.jus.gob.ar/dataset/declaraciones-juradas-patrimoniales-integrales,No se localizó una DJPI consolidada para esta persona y año; no equivale a patrimonio cero. Es historial público OA previo al corte y no equivale por sí solo a la DDJJ del mandato actual.
prov-ba-dip-bontempo-leticia-ines,Bontempo Leticia Inés,2017,oficial_consolidado_oa,Anual,0,268169,1100000.00,0.00,1100000.00,89213951.85,58591.05,124.7956,18.7742,100.00,100.00,100.00,https://datos.jus.gob.ar/dataset/declaraciones-juradas-patrimoniales-integrales,"Identidad confirmada por cruce oficial; selección Anual > Baja > Inicial, luego rectificativa y dj_id. Es historial público OA previo al corte y no equivale por sí solo a la DDJJ del mandato actual."
prov-ba-dip-bontempo-leticia-ines,Bontempo Leticia Inés,2018,oficial_consolidado_oa,Inicial,0,363187,2126260.26,0.00,2126260.26,116798169.05,56237.92,184.2552,37.8083,193.30,130.92,95.98,https://datos.jus.gob.ar/dataset/declaraciones-juradas-patrimoniales-integrales,"Identidad confirmada por cruce oficial; selección Anual > Baja > Inicial, luego rectificativa y dj_id. Es historial público OA previo al corte y no equivale por sí solo a la DDJJ del mandato actual."
prov-ba-dip-bontempo-leticia-ines,Bontempo Leticia Inés,2019,no_localizada,,,,,,,,,283.4442,59.8950,,,,https://datos.jus.gob.ar/dataset/declaraciones-juradas-patrimoniales-integrales,No se localizó una DJPI consolidada para esta persona y año; no equivale a patrimonio cero. Es historial público OA previo al corte y no equivale por sí solo a la DDJJ del mandato actual.
prov-ba-dip-bontempo-leticia-ines,Bontempo Leticia Inés,2020,oficial_consolidado_oa,Anual,0,556917,1099874.37,0.00,1099874.37,28848766.70,13071.18,385.8826,84.1450,99.99,32.34,22.31,https://datos.jus.gob.ar/dataset/declaraciones-juradas-patrimoniales-integrales,"Identidad confirmada por cruce oficial; selección Anual > Baja > Inicial, luego rectificativa y dj_id. Es historial público OA previo al corte y no equivale por sí solo a la DDJJ del mandato actual."
prov-ba-dip-bontempo-leticia-ines,Bontempo Leticia Inés,2021,no_localizada,,,,,,,,,582.4575,102.7500,,,,https://datos.jus.gob.ar/dataset/declaraciones-juradas-patrimoniales-integrales,No se localizó una DJPI consolidada para esta persona y año; no equivale a patrimonio cero. Es historial público OA previo al corte y no equivale por sí solo a la DDJJ del mandato actual.
prov-ba-dip-bontempo-leticia-ines,Bontempo Leticia Inés,2022,no_localizada,,,,,,,,,1134.5875,177.1283,,,,https://datos.jus.gob.ar/dataset/declaraciones-juradas-patrimoniales-integrales,No se localizó una DJPI consolidada para esta persona y año; no equivale a patrimonio cero. Es historial público OA previo al corte y no equivale por sí solo a la DDJJ del mandato actual.
prov-ba-dip-bontempo-leticia-ines,Bontempo Leticia Inés,2023,no_localizada,,,,,,,,,3533.1922,808.4833,,,,https://datos.jus.gob.ar/dataset/declaraciones-juradas-patrimoniales-integrales,No se localizó una DJPI consolidada para esta persona y año; no equivale a patrimonio cero. Es historial público OA previo al corte y no equivale por sí solo a la DDJJ del mandato actual.
prov-ba-dip-bontempo-leticia-ines,Bontempo Leticia Inés,2024,no_localizada,,,,,,,,,7694.0075,1032.5000,,,,https://datos.jus.gob.ar/dataset/declaraciones-juradas-patrimoniales-integrales,No se localizó una DJPI consolidada para esta persona y año; no equivale a patrimonio cero. Es historial público OA previo al corte y no equivale por sí solo a la DDJJ del mandato actual.
prov-ba-dip-bontempo-leticia-ines,Bontempo Leticia Inés,2025,no_localizada,,,,,,,,,10121.3715,1459.4167,,,,https://datos.jus.gob.ar/dataset/declaraciones-juradas-patrimoniales-integrales,No se localizó una DJPI consolidada para esta persona y año; no equivale a patrimonio cero. Es historial público OA previo al corte y no equivale por sí solo a la DDJJ del mandato actual.
prov-ba-dip-coitinho-maria-fernanda,Coitinho Maria Fernanda,2017,no_localizada,,,,,,,,,124.7956,18.7742,,,,https://datos.jus.gob.ar/dataset/declaraciones-juradas-patrimoniales-integrales,No se localizó una DJPI consolidada para esta persona y año; no equivale a patrimonio cero. Es historial público OA previo al corte y no equivale por sí solo a la DDJJ del mandato actual.
prov-ba-dip-coitinho-maria-fernanda,Coitinho Maria Fernanda,2018,no_localizada,,,,,,,,,184.2552,37.8083,,,,https://datos.jus.gob.ar/dataset/declaraciones-juradas-patrimoniales-integrales,No se localizó una DJPI consolidada para esta persona y año; no equivale a patrimonio cero. Es historial público OA previo al corte y no equivale por sí solo a la DDJJ del mandato actual.
prov-ba-dip-coitinho-maria-fernanda,Coitinho Maria Fernanda,2019,no_localizada,,,,,,,,,283.4442,59.8950,,,,https://datos.jus.gob.ar/dataset/declaraciones-juradas-patrimoniales-integrales,No se localizó una DJPI consolidada para esta persona y año; no equivale a patrimonio cero. Es historial público OA previo al corte y no equivale por sí solo a la DDJJ del mandato actual.
prov-ba-dip-coitinho-maria-fernanda,Coitinho Maria Fernanda,2020,no_localizada,,,,,,,,,385.8826,84.1450,,,,https://datos.jus.gob.ar/dataset/declaraciones-juradas-patrimoniales-integrales,No se localizó una DJPI consolidada para esta persona y año; no equivale a patrimonio cero. Es historial público OA previo al corte y no equivale por sí solo a la DDJJ del mandato actual.
prov-ba-dip-coitinho-maria-fernanda,Coitinho Maria Fernanda,2021,no_localizada,,,,,,,,,582.4575,102.7500,,,,https://datos.jus.gob.ar/dataset/declaraciones-juradas-patrimoniales-integrales,No se localizó una DJPI consolidada para esta persona y año; no equivale a patrimonio cero. Es historial público OA previo al corte y no equivale por sí solo a la DDJJ del mandato actual.
prov-ba-dip-coitinho-maria-fernanda,Coitinho Maria Fernanda,2022,no_localizada,,,,,,,,,1134.5875,177.1283,,,,https://datos.jus.gob.ar/dataset/declaraciones-juradas-patrimoniales-integrales,No se localizó una DJPI consolidada para esta persona y año; no equivale a patrimonio cero. Es historial público OA previo al corte y no equivale por sí solo a la DDJJ del mandato actual.
prov-ba-dip-coitinho-maria-fernanda,Coitinho Maria Fernanda,2023,no_localizada,,,,,,,,,3533.1922,808.4833,,,,https://datos.jus.gob.ar/dataset/declaraciones-juradas-patrimoniales-integrales,No se localizó una DJPI consolidada para esta persona y año; no equivale a patrimonio cero. Es historial público OA previo al corte y no equivale por sí solo a la DDJJ del mandato actual.
prov-ba-dip-coitinho-maria-fernanda,Coitinho Maria Fernanda,2024,oficial_consolidado_oa,Anual,0,808676,187475000.00,12857.14,187462142.86,246621038.77,181573.85,7694.0075,1032.5000,100.00,100.00,100.00,https://datos.jus.gob.ar/dataset/declaraciones-juradas-patrimoniales-integrales,"Identidad confirmada por cruce oficial; selección Anual > Baja > Inicial, luego rectificativa y dj_id. Es historial público OA previo al corte y no equivale por sí solo a la DDJJ del mandato actual."
prov-ba-dip-coitinho-maria-fernanda,Coitinho Maria Fernanda,2025,no_localizada,,,,,,,,,10121.3715,1459.4167,,,,https://datos.jus.gob.ar/dataset/declaraciones-juradas-patrimoniales-integrales,No se localizó una DJPI consolidada para esta persona y año; no equivale a patrimonio cero. Es historial público OA previo al corte y no equivale por sí solo a la DDJJ del mandato actual.
prov-ba-dip-corvino-analia-ester,Corvino Analía Ester,2017,no_localizada,,,,,,,,,124.7956,18.7742,,,,https://datos.jus.gob.ar/dataset/declaraciones-juradas-patrimoniales-integrales,No se localizó una DJPI consolidada para esta persona y año; no equivale a patrimonio cero. Es historial público OA previo al corte y no equivale por sí solo a la DDJJ del mandato actual.
prov-ba-dip-corvino-analia-ester,Corvino Analía Ester,2018,no_localizada,,,,,,,,,184.2552,37.8083,,,,https://datos.jus.gob.ar/dataset/declaraciones-juradas-patrimoniales-integrales,No se localizó una DJPI consolidada para esta persona y año; no equivale a patrimonio cero. Es historial público OA previo al corte y no equivale por sí solo a la DDJJ del mandato actual.
prov-ba-dip-corvino-analia-ester,Corvino Analía Ester,2019,no_localizada,,,,,,,,,283.4442,59.8950,,,,https://datos.jus.gob.ar/dataset/declaraciones-juradas-patrimoniales-integrales,No se localizó una DJPI consolidada para esta persona y año; no equivale a patrimonio cero. Es historial público OA previo al corte y no equivale por sí solo a la DDJJ del mandato actual.
prov-ba-dip-corvino-analia-ester,Corvino Analía Ester,2020,no_localizada,,,,,,,,,385.8826,84.1450,,,,https://datos.jus.gob.ar/dataset/declaraciones-juradas-patrimoniales-integrales,No se localizó una DJPI consolidada para esta persona y año; no equivale a patrimonio cero. Es historial público OA previo al corte y no equivale por sí solo a la DDJJ del mandato actual.
prov-ba-dip-corvino-analia-ester,Corvino Analía Ester,2021,no_localizada,,,,,,,,,582.4575,102.7500,,,,https://datos.jus.gob.ar/dataset/declaraciones-juradas-patrimoniales-integrales,No se localizó una DJPI consolidada para esta persona y año; no equivale a patrimonio cero. Es historial público OA previo al corte y no equivale por sí solo a la DDJJ del mandato actual.
prov-ba-dip-corvino-analia-ester,Corvino Analía Ester,2022,no_localizada,,,,,,,,,1134.5875,177.1283,,,,https://datos.jus.gob.ar/dataset/declaraciones-juradas-patrimoniales-integrales,No se localizó una DJPI consolidada para esta persona y año; no equivale a patrimonio cero. Es historial público OA previo al corte y no equivale por sí solo a la DDJJ del mandato actual.
prov-ba-dip-corvino-analia-ester,Corvino Analía Ester,2023,no_localizada,,,,,,,,,3533.1922,808.4833,,,,https://datos.jus.gob.ar/dataset/declaraciones-juradas-patrimoniales-integrales,No se localizó una DJPI consolidada para esta persona y año; no equivale a patrimonio cero. Es historial público OA previo al corte y no equivale por sí solo a la DDJJ del mandato actual.
prov-ba-dip-corvino-analia-ester,Corvino Analía Ester,2024,oficial_consolidado_oa,Anual,0,796521,588687160.00,200000000.00,388687160.00,774410662.28,570157.06,7694.0075,1032.5000,100.00,100.00,100.00,https://datos.jus.gob.ar/dataset/declaraciones-juradas-patrimoniales-integrales,"Identidad confirmada por cruce oficial; selección Anual > Baja > Inicial, luego rectificativa y dj_id. Es historial público OA previo al corte y no equivale por sí solo a la DDJJ del mandato actual."
prov-ba-dip-corvino-analia-ester,Corvino Analía Ester,2025,no_localizada,,,,,,,,,10121.3715,1459.4167,,,,https://datos.jus.gob.ar/dataset/declaraciones-juradas-patrimoniales-integrales,No se localizó una DJPI consolidada para esta persona y año; no equivale a patrimonio cero. Es historial público OA previo al corte y no equivale por sí solo a la DDJJ del mandato actual.
prov-ba-dip-endere-martin-julian,Endere Martín Julián,2017,oficial_consolidado_oa,Baja,0,254498,426225.58,0.00,426225.58,34568425.79,22702.73,124.7956,18.7742,100.00,100.00,100.00,https://datos.jus.gob.ar/dataset/declaraciones-juradas-patrimoniales-integrales,"Identidad confirmada por cruce oficial; selección Anual > Baja > Inicial, luego rectificativa y dj_id. Es historial público OA previo al corte y no equivale por sí solo a la DDJJ del mandato actual."
prov-ba-dip-endere-martin-julian,Endere Martín Julián,2018,no_localizada,,,,,,,,,184.2552,37.8083,,,,https://datos.jus.gob.ar/dataset/declaraciones-juradas-patrimoniales-integrales,No se localizó una DJPI consolidada para esta persona y año; no equivale a patrimonio cero. Es historial público OA previo al corte y no equivale por sí solo a la DDJJ del mandato actual.
prov-ba-dip-endere-martin-julian,Endere Martín Julián,2019,no_localizada,,,,,,,,,283.4442,59.8950,,,,https://datos.jus.gob.ar/dataset/declaraciones-juradas-patrimoniales-integrales,No se localizó una DJPI consolidada para esta persona y año; no equivale a patrimonio cero. Es historial público OA previo al corte y no equivale por sí solo a la DDJJ del mandato actual.
prov-ba-dip-endere-martin-julian,Endere Martín Julián,2020,no_localizada,,,,,,,,,385.8826,84.1450,,,,https://datos.jus.gob.ar/dataset/declaraciones-juradas-patrimoniales-integrales,No se localizó una DJPI consolidada para esta persona y año; no equivale a patrimonio cero. Es historial público OA previo al corte y no equivale por sí solo a la DDJJ del mandato actual.
prov-ba-dip-endere-martin-julian,Endere Martín Julián,2021,no_localizada,,,,,,,,,582.4575,102.7500,,,,https://datos.jus.gob.ar/dataset/declaraciones-juradas-patrimoniales-integrales,No se localizó una DJPI consolidada para esta persona y año; no equivale a patrimonio cero. Es historial público OA previo al corte y no equivale por sí solo a la DDJJ del mandato actual.
prov-ba-dip-endere-martin-julian,Endere Martín Julián,2022,no_localizada,,,,,,,,,1134.5875,177.1283,,,,https://datos.jus.gob.ar/dataset/declaraciones-juradas-patrimoniales-integrales,No se localizó una DJPI consolidada para esta persona y año; no equivale a patrimonio cero. Es historial público OA previo al corte y no equivale por sí solo a la DDJJ del mandato actual.
prov-ba-dip-endere-martin-julian,Endere Martín Julián,2023,no_localizada,,,,,,,,,3533.1922,808.4833,,,,https://datos.jus.gob.ar/dataset/declaraciones-juradas-patrimoniales-integrales,No se localizó una DJPI consolidada para esta persona y año; no equivale a patrimonio cero. Es historial público OA previo al corte y no equivale por sí solo a la DDJJ del mandato actual.
prov-ba-dip-endere-martin-julian,Endere Martín Julián,2024,no_localizada,,,,,,,,,7694.0075,1032.5000,,,,https://datos.jus.gob.ar/dataset/declaraciones-juradas-patrimoniales-integrales,No se localizó una DJPI consolidada para esta persona y año; no equivale a patrimonio cero. Es historial público OA previo al corte y no equivale por sí solo a la DDJJ del mandato actual.
prov-ba-dip-endere-martin-julian,Endere Martín Julián,2025,no_localizada,,,,,,,,,10121.3715,1459.4167,,,,https://datos.jus.gob.ar/dataset/declaraciones-juradas-patrimoniales-integrales,No se localizó una DJPI consolidada para esta persona y año; no equivale a patrimonio cero. Es historial público OA previo al corte y no equivale por sí solo a la DDJJ del mandato actual.
prov-ba-dip-gay-hector-norberto,Gay Hector Norberto,2017,oficial_consolidado_oa,Anual,0,332933,7312882.66,600000.00,6712882.66,593101055.95,389517.67,124.7956,18.7742,100.00,100.00,100.00,https://datos.jus.gob.ar/dataset/declaraciones-juradas-patrimoniales-integrales,"Identidad confirmada por cruce oficial; selección Anual > Baja > Inicial, luego rectificativa y dj_id. Es historial público OA previo al corte y no equivale por sí solo a la DDJJ del mandato actual."
prov-ba-dip-gay-hector-norberto,Gay Hector Norberto,2018,oficial_consolidado_oa,Anual,0,411408,10571066.93,840000.00,9731066.93,580682095.00,279596.46,184.2552,37.8083,144.55,97.91,71.78,https://datos.jus.gob.ar/dataset/declaraciones-juradas-patrimoniales-integrales,"Identidad confirmada por cruce oficial; selección Anual > Baja > Inicial, luego rectificativa y dj_id. Es historial público OA previo al corte y no equivale por sí solo a la DDJJ del mandato actual."
prov-ba-dip-gay-hector-norberto,Gay Hector Norberto,2019,oficial_consolidado_oa,Anual,0,472148,16452767.83,0.00,16452767.83,587503908.74,274693.51,283.4442,59.8950,224.98,99.06,70.52,https://datos.jus.gob.ar/dataset/declaraciones-juradas-patrimoniales-integrales,"Identidad confirmada por cruce oficial; selección Anual > Baja > Inicial, luego rectificativa y dj_id. Es historial público OA previo al corte y no equivale por sí solo a la DDJJ del mandato actual."
prov-ba-dip-gay-hector-norberto,Gay Hector Norberto,2020,oficial_consolidado_oa,Anual,0,537295,23669699.23,0.00,23669699.23,620836024.22,281296.56,385.8826,84.1450,323.67,104.68,72.22,https://datos.jus.gob.ar/dataset/declaraciones-juradas-patrimoniales-integrales,"Identidad confirmada por cruce oficial; selección Anual > Baja > Inicial, luego rectificativa y dj_id. Es historial público OA previo al corte y no equivale por sí solo a la DDJJ del mandato actual."
prov-ba-dip-gay-hector-norberto,Gay Hector Norberto,2021,oficial_consolidado_oa,Anual,0,568886,33386205.40,0.00,33386205.40,580152522.42,324926.57,582.4575,102.7500,456.54,97.82,83.42,https://datos.jus.gob.ar/dataset/declaraciones-juradas-patrimoniales-integrales,"Identidad confirmada por cruce oficial; selección Anual > Baja > Inicial, luego rectificativa y dj_id. Es historial público OA previo al corte y no equivale por sí solo a la DDJJ del mandato actual."
prov-ba-dip-gay-hector-norberto,Gay Hector Norberto,2022,oficial_consolidado_oa,Anual,0,632418,49084674.25,0.00,49084674.25,437872110.38,277113.68,1134.5875,177.1283,671.21,73.83,71.14,https://datos.jus.gob.ar/dataset/declaraciones-juradas-patrimoniales-integrales,"Identidad confirmada por cruce oficial; selección Anual > Baja > Inicial, luego rectificativa y dj_id. Es historial público OA previo al corte y no equivale por sí solo a la DDJJ del mandato actual."
prov-ba-dip-gay-hector-norberto,Gay Hector Norberto,2023,oficial_consolidado_oa,Baja,0,689767,155840228.43,0.00,155840228.43,446428260.14,192756.27,3533.1922,808.4833,2131.04,75.27,49.49,https://datos.jus.gob.ar/dataset/declaraciones-juradas-patrimoniales-integrales,"Identidad confirmada por cruce oficial; selección Anual > Baja > Inicial, luego rectificativa y dj_id. Es historial público OA previo al corte y no equivale por sí solo a la DDJJ del mandato actual."
prov-ba-dip-gay-hector-norberto,Gay Hector Norberto,2024,no_localizada,,,,,,,,,7694.0075,1032.5000,,,,https://datos.jus.gob.ar/dataset/declaraciones-juradas-patrimoniales-integrales,No se localizó una DJPI consolidada para esta persona y año; no equivale a patrimonio cero. Es historial público OA previo al corte y no equivale por sí solo a la DDJJ del mandato actual.
prov-ba-dip-gay-hector-norberto,Gay Hector Norberto,2025,no_localizada,,,,,,,,,10121.3715,1459.4167,,,,https://datos.jus.gob.ar/dataset/declaraciones-juradas-patrimoniales-integrales,No se localizó una DJPI consolidada para esta persona y año; no equivale a patrimonio cero. Es historial público OA previo al corte y no equivale por sí solo a la DDJJ del mandato actual.
prov-ba-dip-lissalde-ricardo,Lissalde Ricardo,2017,no_localizada,,,,,,,,,124.7956,18.7742,,,,https://datos.jus.gob.ar/dataset/declaraciones-juradas-patrimoniales-integrales,No se localizó una DJPI consolidada para esta persona y año; no equivale a patrimonio cero. Es historial público OA previo al corte y no equivale por sí solo a la DDJJ del mandato actual.
prov-ba-dip-lissalde-ricardo,Lissalde Ricardo,2018,no_localizada,,,,,,,,,184.2552,37.8083,,,,https://datos.jus.gob.ar/dataset/declaraciones-juradas-patrimoniales-integrales,No se localizó una DJPI consolidada para esta persona y año; no equivale a patrimonio cero. Es historial público OA previo al corte y no equivale por sí solo a la DDJJ del mandato actual.
prov-ba-dip-lissalde-ricardo,Lissalde Ricardo,2019,no_localizada,,,,,,,,,283.4442,59.8950,,,,https://datos.jus.gob.ar/dataset/declaraciones-juradas-patrimoniales-integrales,No se localizó una DJPI consolidada para esta persona y año; no equivale a patrimonio cero. Es historial público OA previo al corte y no equivale por sí solo a la DDJJ del mandato actual.
prov-ba-dip-lissalde-ricardo,Lissalde Ricardo,2020,oficial_consolidado_oa,Baja,0,486695,35118903.42,30200.00,35088703.42,921138885.73,417361.74,385.8826,84.1450,100.00,100.00,100.00,https://datos.jus.gob.ar/dataset/declaraciones-juradas-patrimoniales-integrales,"Identidad confirmada por cruce oficial; selección Anual > Baja > Inicial, luego rectificativa y dj_id. Es historial público OA previo al corte y no equivale por sí solo a la DDJJ del mandato actual."
prov-ba-dip-lissalde-ricardo,Lissalde Ricardo,2021,no_localizada,,,,,,,,,582.4575,102.7500,,,,https://datos.jus.gob.ar/dataset/declaraciones-juradas-patrimoniales-integrales,No se localizó una DJPI consolidada para esta persona y año; no equivale a patrimonio cero. Es historial público OA previo al corte y no equivale por sí solo a la DDJJ del mandato actual.
prov-ba-dip-lissalde-ricardo,Lissalde Ricardo,2022,no_localizada,,,,,,,,,1134.5875,177.1283,,,,https://datos.jus.gob.ar/dataset/declaraciones-juradas-patrimoniales-integrales,No se localizó una DJPI consolidada para esta persona y año; no equivale a patrimonio cero. Es historial público OA previo al corte y no equivale por sí solo a la DDJJ del mandato actual.
prov-ba-dip-lissalde-ricardo,Lissalde Ricardo,2023,no_localizada,,,,,,,,,3533.1922,808.4833,,,,https://datos.jus.gob.ar/dataset/declaraciones-juradas-patrimoniales-integrales,No se localizó una DJPI consolidada para esta persona y año; no equivale a patrimonio cero. Es historial público OA previo al corte y no equivale por sí solo a la DDJJ del mandato actual.
prov-ba-dip-lissalde-ricardo,Lissalde Ricardo,2024,no_localizada,,,,,,,,,7694.0075,1032.5000,,,,https://datos.jus.gob.ar/dataset/declaraciones-juradas-patrimoniales-integrales,No se localizó una DJPI consolidada para esta persona y año; no equivale a patrimonio cero. Es historial público OA previo al corte y no equivale por sí solo a la DDJJ del mandato actual.
prov-ba-dip-lissalde-ricardo,Lissalde Ricardo,2025,no_localizada,,,,,,,,,10121.3715,1459.4167,,,,https://datos.jus.gob.ar/dataset/declaraciones-juradas-patrimoniales-integrales,No se localizó una DJPI consolidada para esta persona y año; no equivale a patrimonio cero. Es historial público OA previo al corte y no equivale por sí solo a la DDJJ del mandato actual.
prov-ba-dip-malpeli-juan-martin,Malpeli Juan Martín,2017,no_localizada,,,,,,,,,124.7956,18.7742,,,,https://datos.jus.gob.ar/dataset/declaraciones-juradas-patrimoniales-integrales,No se localizó una DJPI consolidada para esta persona y año; no equivale a patrimonio cero. Es historial público OA previo al corte y no equivale por sí solo a la DDJJ del mandato actual.
prov-ba-dip-malpeli-juan-martin,Malpeli Juan Martín,2018,no_localizada,,,,,,,,,184.2552,37.8083,,,,https://datos.jus.gob.ar/dataset/declaraciones-juradas-patrimoniales-integrales,No se localizó una DJPI consolidada para esta persona y año; no equivale a patrimonio cero. Es historial público OA previo al corte y no equivale por sí solo a la DDJJ del mandato actual.
prov-ba-dip-malpeli-juan-martin,Malpeli Juan Martín,2019,oficial_consolidado_oa,Anual,2,478810,7665390.00,0.00,7665390.00,273719694.68,127980.47,283.4442,59.8950,100.00,100.00,100.00,https://datos.jus.gob.ar/dataset/declaraciones-juradas-patrimoniales-integrales,"Identidad confirmada por cruce oficial; selección Anual > Baja > Inicial, luego rectificativa y dj_id. Es historial público OA previo al corte y no equivale por sí solo a la DDJJ del mandato actual."
prov-ba-dip-malpeli-juan-martin,Malpeli Juan Martín,2020,oficial_consolidado_oa,Anual,0,537197,15300000.00,0.00,15300000.00,401305951.47,181828.99,385.8826,84.1450,199.60,146.61,142.08,https://datos.jus.gob.ar/dataset/declaraciones-juradas-patrimoniales-integrales,"Identidad confirmada por cruce oficial; selección Anual > Baja > Inicial, luego rectificativa y dj_id. Es historial público OA previo al corte y no equivale por sí solo a la DDJJ del mandato actual."
prov-ba-dip-malpeli-juan-martin,Malpeli Juan Martín,2021,oficial_consolidado_oa,Baja,1,624272,64655620.00,0.00,64655620.00,1123521543.77,629251.78,582.4575,102.7500,843.47,410.46,491.68,https://datos.jus.gob.ar/dataset/declaraciones-juradas-patrimoniales-integrales,"Identidad confirmada por cruce oficial; selección Anual > Baja > Inicial, luego rectificativa y dj_id. Es historial público OA previo al corte y no equivale por sí solo a la DDJJ del mandato actual."
prov-ba-dip-malpeli-juan-martin,Malpeli Juan Martín,2022,oficial_consolidado_oa,Anual,1,679629,11681116.25,0.00,11681116.25,104204318.40,65947.20,1134.5875,177.1283,152.39,38.07,51.53,https://datos.jus.gob.ar/dataset/declaraciones-juradas-patrimoniales-integrales,"Identidad confirmada por cruce oficial; selección Anual > Baja > Inicial, luego rectificativa y dj_id. Es historial público OA previo al corte y no equivale por sí solo a la DDJJ del mandato actual."
prov-ba-dip-malpeli-juan-martin,Malpeli Juan Martín,2023,no_localizada,,,,,,,,,3533.1922,808.4833,,,,https://datos.jus.gob.ar/dataset/declaraciones-juradas-patrimoniales-integrales,No se localizó una DJPI consolidada para esta persona y año; no equivale a patrimonio cero. Es historial público OA previo al corte y no equivale por sí solo a la DDJJ del mandato actual.
prov-ba-dip-malpeli-juan-martin,Malpeli Juan Martín,2024,no_localizada,,,,,,,,,7694.0075,1032.5000,,,,https://datos.jus.gob.ar/dataset/declaraciones-juradas-patrimoniales-integrales,No se localizó una DJPI consolidada para esta persona y año; no equivale a patrimonio cero. Es historial público OA previo al corte y no equivale por sí solo a la DDJJ del mandato actual.
prov-ba-dip-malpeli-juan-martin,Malpeli Juan Martín,2025,no_localizada,,,,,,,,,10121.3715,1459.4167,,,,https://datos.jus.gob.ar/dataset/declaraciones-juradas-patrimoniales-integrales,No se localizó una DJPI consolidada para esta persona y año; no equivale a patrimonio cero. Es historial público OA previo al corte y no equivale por sí solo a la DDJJ del mandato actual.
prov-ba-dip-mendoza-mayra-soledad,Mendoza Mayra Soledad,2017,oficial_consolidado_oa,Anual,0,325804,2768951.09,33315.70,2735635.39,224571881.12,147487.03,124.7956,18.7742,100.00,100.00,100.00,https://datos.jus.gob.ar/dataset/declaraciones-juradas-patrimoniales-integrales,"Identidad confirmada por cruce oficial; selección Anual > Baja > Inicial, luego rectificativa y dj_id. Es historial público OA previo al corte y no equivale por sí solo a la DDJJ del mandato actual."
prov-ba-dip-mendoza-mayra-soledad,Mendoza Mayra Soledad,2018,oficial_consolidado_oa,Anual,0,389996,4818846.61,93448.90,4725397.71,264705347.48,127454.73,184.2552,37.8083,174.03,117.87,86.42,https://datos.jus.gob.ar/dataset/declaraciones-juradas-patrimoniales-integrales,"Identidad confirmada por cruce oficial; selección Anual > Baja > Inicial, luego rectificativa y dj_id. Es historial público OA previo al corte y no equivale por sí solo a la DDJJ del mandato actual."
prov-ba-dip-mendoza-mayra-soledad,Mendoza Mayra Soledad,2019,no_localizada,,,,,,,,,283.4442,59.8950,,,,https://datos.jus.gob.ar/dataset/declaraciones-juradas-patrimoniales-integrales,No se localizó una DJPI consolidada para esta persona y año; no equivale a patrimonio cero. Es historial público OA previo al corte y no equivale por sí solo a la DDJJ del mandato actual.
prov-ba-dip-mendoza-mayra-soledad,Mendoza Mayra Soledad,2020,no_localizada,,,,,,,,,385.8826,84.1450,,,,https://datos.jus.gob.ar/dataset/declaraciones-juradas-patrimoniales-integrales,No se localizó una DJPI consolidada para esta persona y año; no equivale a patrimonio cero. Es historial público OA previo al corte y no equivale por sí solo a la DDJJ del mandato actual.
prov-ba-dip-mendoza-mayra-soledad,Mendoza Mayra Soledad,2021,no_localizada,,,,,,,,,582.4575,102.7500,,,,https://datos.jus.gob.ar/dataset/declaraciones-juradas-patrimoniales-integrales,No se localizó una DJPI consolidada para esta persona y año; no equivale a patrimonio cero. Es historial público OA previo al corte y no equivale por sí solo a la DDJJ del mandato actual.
prov-ba-dip-mendoza-mayra-soledad,Mendoza Mayra Soledad,2022,no_localizada,,,,,,,,,1134.5875,177.1283,,,,https://datos.jus.gob.ar/dataset/declaraciones-juradas-patrimoniales-integrales,No se localizó una DJPI consolidada para esta persona y año; no equivale a patrimonio cero. Es historial público OA previo al corte y no equivale por sí solo a la DDJJ del mandato actual.
prov-ba-dip-mendoza-mayra-soledad,Mendoza Mayra Soledad,2023,no_localizada,,,,,,,,,3533.1922,808.4833,,,,https://datos.jus.gob.ar/dataset/declaraciones-juradas-patrimoniales-integrales,No se localizó una DJPI consolidada para esta persona y año; no equivale a patrimonio cero. Es historial público OA previo al corte y no equivale por sí solo a la DDJJ del mandato actual.
prov-ba-dip-mendoza-mayra-soledad,Mendoza Mayra Soledad,2024,no_localizada,,,,,,,,,7694.0075,1032.5000,,,,https://datos.jus.gob.ar/dataset/declaraciones-juradas-patrimoniales-integrales,No se localizó una DJPI consolidada para esta persona y año; no equivale a patrimonio cero. Es historial público OA previo al corte y no equivale por sí solo a la DDJJ del mandato actual.
prov-ba-dip-mendoza-mayra-soledad,Mendoza Mayra Soledad,2025,no_localizada,,,,,,,,,10121.3715,1459.4167,,,,https://datos.jus.gob.ar/dataset/declaraciones-juradas-patrimoniales-integrales,No se localizó una DJPI consolidada para esta persona y año; no equivale a patrimonio cero. Es historial público OA previo al corte y no equivale por sí solo a la DDJJ del mandato actual.
prov-ba-dip-miranda-valentin,Miranda Valentin,2017,no_localizada,,,,,,,,,124.7956,18.7742,,,,https://datos.jus.gob.ar/dataset/declaraciones-juradas-patrimoniales-integrales,No se localizó una DJPI consolidada para esta persona y año; no equivale a patrimonio cero. Es historial público OA previo al corte y no equivale por sí solo a la DDJJ del mandato actual.
prov-ba-dip-miranda-valentin,Miranda Valentin,2018,no_localizada,,,,,,,,,184.2552,37.8083,,,,https://datos.jus.gob.ar/dataset/declaraciones-juradas-patrimoniales-integrales,No se localizó una DJPI consolidada para esta persona y año; no equivale a patrimonio cero. Es historial público OA previo al corte y no equivale por sí solo a la DDJJ del mandato actual.
prov-ba-dip-miranda-valentin,Miranda Valentin,2019,no_localizada,,,,,,,,,283.4442,59.8950,,,,https://datos.jus.gob.ar/dataset/declaraciones-juradas-patrimoniales-integrales,No se localizó una DJPI consolidada para esta persona y año; no equivale a patrimonio cero. Es historial público OA previo al corte y no equivale por sí solo a la DDJJ del mandato actual.
prov-ba-dip-miranda-valentin,Miranda Valentin,2020,oficial_consolidado_oa,Anual,1,553419,4721473.23,0.00,4721473.23,123840216.14,56111.16,385.8826,84.1450,100.00,100.00,100.00,https://datos.jus.gob.ar/dataset/declaraciones-juradas-patrimoniales-integrales,"Identidad confirmada por cruce oficial; selección Anual > Baja > Inicial, luego rectificativa y dj_id. Es historial público OA previo al corte y no equivale por sí solo a la DDJJ del mandato actual."
prov-ba-dip-miranda-valentin,Miranda Valentin,2021,no_localizada,,,,,,,,,582.4575,102.7500,,,,https://datos.jus.gob.ar/dataset/declaraciones-juradas-patrimoniales-integrales,No se localizó una DJPI consolidada para esta persona y año; no equivale a patrimonio cero. Es historial público OA previo al corte y no equivale por sí solo a la DDJJ del mandato actual.
prov-ba-dip-miranda-valentin,Miranda Valentin,2022,no_localizada,,,,,,,,,1134.5875,177.1283,,,,https://datos.jus.gob.ar/dataset/declaraciones-juradas-patrimoniales-integrales,No se localizó una DJPI consolidada para esta persona y año; no equivale a patrimonio cero. Es historial público OA previo al corte y no equivale por sí solo a la DDJJ del mandato actual.
prov-ba-dip-miranda-valentin,Miranda Valentin,2023,no_localizada,,,,,,,,,3533.1922,808.4833,,,,https://datos.jus.gob.ar/dataset/declaraciones-juradas-patrimoniales-integrales,No se localizó una DJPI consolidada para esta persona y año; no equivale a patrimonio cero. Es historial público OA previo al corte y no equivale por sí solo a la DDJJ del mandato actual.
prov-ba-dip-miranda-valentin,Miranda Valentin,2024,no_localizada,,,,,,,,,7694.0075,1032.5000,,,,https://datos.jus.gob.ar/dataset/declaraciones-juradas-patrimoniales-integrales,No se localizó una DJPI consolidada para esta persona y año; no equivale a patrimonio cero. Es historial público OA previo al corte y no equivale por sí solo a la DDJJ del mandato actual.
prov-ba-dip-miranda-valentin,Miranda Valentin,2025,no_localizada,,,,,,,,,10121.3715,1459.4167,,,,https://datos.jus.gob.ar/dataset/declaraciones-juradas-patrimoniales-integrales,No se localizó una DJPI consolidada para esta persona y año; no equivale a patrimonio cero. Es historial público OA previo al corte y no equivale por sí solo a la DDJJ del mandato actual.
prov-ba-dip-moreno-leonardo-jose,Moreno Leonardo José,2017,no_localizada,,,,,,,,,124.7956,18.7742,,,,https://datos.jus.gob.ar/dataset/declaraciones-juradas-patrimoniales-integrales,No se localizó una DJPI consolidada para esta persona y año; no equivale a patrimonio cero. Es historial público OA previo al corte y no equivale por sí solo a la DDJJ del mandato actual.
prov-ba-dip-moreno-leonardo-jose,Moreno Leonardo José,2018,no_localizada,,,,,,,,,184.2552,37.8083,,,,https://datos.jus.gob.ar/dataset/declaraciones-juradas-patrimoniales-integrales,No se localizó una DJPI consolidada para esta persona y año; no equivale a patrimonio cero. Es historial público OA previo al corte y no equivale por sí solo a la DDJJ del mandato actual.
prov-ba-dip-moreno-leonardo-jose,Moreno Leonardo José,2019,no_localizada,,,,,,,,,283.4442,59.8950,,,,https://datos.jus.gob.ar/dataset/declaraciones-juradas-patrimoniales-integrales,No se localizó una DJPI consolidada para esta persona y año; no equivale a patrimonio cero. Es historial público OA previo al corte y no equivale por sí solo a la DDJJ del mandato actual.
prov-ba-dip-moreno-leonardo-jose,Moreno Leonardo José,2020,oficial_consolidado_oa,Anual,0,552047,3000000.00,0.00,3000000.00,78687441.47,35652.74,385.8826,84.1450,100.00,100.00,100.00,https://datos.jus.gob.ar/dataset/declaraciones-juradas-patrimoniales-integrales,"Identidad confirmada por cruce oficial; selección Anual > Baja > Inicial, luego rectificativa y dj_id. Es historial público OA previo al corte y no equivale por sí solo a la DDJJ del mandato actual."
prov-ba-dip-moreno-leonardo-jose,Moreno Leonardo José,2021,oficial_consolidado_oa,Anual,0,552045,10000000.00,0.00,10000000.00,173770129.15,97323.60,582.4575,102.7500,333.33,220.84,272.98,https://datos.jus.gob.ar/dataset/declaraciones-juradas-patrimoniales-integrales,"Identidad confirmada por cruce oficial; selección Anual > Baja > Inicial, luego rectificativa y dj_id. Es historial público OA previo al corte y no equivale por sí solo a la DDJJ del mandato actual."
prov-ba-dip-moreno-leonardo-jose,Moreno Leonardo José,2022,oficial_consolidado_oa,Baja,0,552050,10000000.00,0.00,10000000.00,89207500.52,56456.25,1134.5875,177.1283,333.33,113.37,158.35,https://datos.jus.gob.ar/dataset/declaraciones-juradas-patrimoniales-integrales,"Identidad confirmada por cruce oficial; selección Anual > Baja > Inicial, luego rectificativa y dj_id. Es historial público OA previo al corte y no equivale por sí solo a la DDJJ del mandato actual."
prov-ba-dip-moreno-leonardo-jose,Moreno Leonardo José,2023,no_localizada,,,,,,,,,3533.1922,808.4833,,,,https://datos.jus.gob.ar/dataset/declaraciones-juradas-patrimoniales-integrales,No se localizó una DJPI consolidada para esta persona y año; no equivale a patrimonio cero. Es historial público OA previo al corte y no equivale por sí solo a la DDJJ del mandato actual.
prov-ba-dip-moreno-leonardo-jose,Moreno Leonardo José,2024,no_localizada,,,,,,,,,7694.0075,1032.5000,,,,https://datos.jus.gob.ar/dataset/declaraciones-juradas-patrimoniales-integrales,No se localizó una DJPI consolidada para esta persona y año; no equivale a patrimonio cero. Es historial público OA previo al corte y no equivale por sí solo a la DDJJ del mandato actual.
prov-ba-dip-moreno-leonardo-jose,Moreno Leonardo José,2025,no_localizada,,,,,,,,,10121.3715,1459.4167,,,,https://datos.jus.gob.ar/dataset/declaraciones-juradas-patrimoniales-integrales,No se localizó una DJPI consolidada para esta persona y año; no equivale a patrimonio cero. Es historial público OA previo al corte y no equivale por sí solo a la DDJJ del mandato actual.
prov-ba-dip-morillo-pablo-ezequiel,Morillo Pablo Ezequiel,2017,no_localizada,,,,,,,,,124.7956,18.7742,,,,https://datos.jus.gob.ar/dataset/declaraciones-juradas-patrimoniales-integrales,No se localizó una DJPI consolidada para esta persona y año; no equivale a patrimonio cero. Es historial público OA previo al corte y no equivale por sí solo a la DDJJ del mandato actual.
prov-ba-dip-morillo-pablo-ezequiel,Morillo Pablo Ezequiel,2018,no_localizada,,,,,,,,,184.2552,37.8083,,,,https://datos.jus.gob.ar/dataset/declaraciones-juradas-patrimoniales-integrales,No se localizó una DJPI consolidada para esta persona y año; no equivale a patrimonio cero. Es historial público OA previo al corte y no equivale por sí solo a la DDJJ del mandato actual.
prov-ba-dip-morillo-pablo-ezequiel,Morillo Pablo Ezequiel,2019,no_localizada,,,,,,,,,283.4442,59.8950,,,,https://datos.jus.gob.ar/dataset/declaraciones-juradas-patrimoniales-integrales,No se localizó una DJPI consolidada para esta persona y año; no equivale a patrimonio cero. Es historial público OA previo al corte y no equivale por sí solo a la DDJJ del mandato actual.
prov-ba-dip-morillo-pablo-ezequiel,Morillo Pablo Ezequiel,2020,no_localizada,,,,,,,,,385.8826,84.1450,,,,https://datos.jus.gob.ar/dataset/declaraciones-juradas-patrimoniales-integrales,No se localizó una DJPI consolidada para esta persona y año; no equivale a patrimonio cero. Es historial público OA previo al corte y no equivale por sí solo a la DDJJ del mandato actual.
prov-ba-dip-morillo-pablo-ezequiel,Morillo Pablo Ezequiel,2021,no_localizada,,,,,,,,,582.4575,102.7500,,,,https://datos.jus.gob.ar/dataset/declaraciones-juradas-patrimoniales-integrales,No se localizó una DJPI consolidada para esta persona y año; no equivale a patrimonio cero. Es historial público OA previo al corte y no equivale por sí solo a la DDJJ del mandato actual.
prov-ba-dip-morillo-pablo-ezequiel,Morillo Pablo Ezequiel,2022,no_localizada,,,,,,,,,1134.5875,177.1283,,,,https://datos.jus.gob.ar/dataset/declaraciones-juradas-patrimoniales-integrales,No se localizó una DJPI consolidada para esta persona y año; no equivale a patrimonio cero. Es historial público OA previo al corte y no equivale por sí solo a la DDJJ del mandato actual.
prov-ba-dip-morillo-pablo-ezequiel,Morillo Pablo Ezequiel,2023,no_localizada,,,,,,,,,3533.1922,808.4833,,,,https://datos.jus.gob.ar/dataset/declaraciones-juradas-patrimoniales-integrales,No se localizó una DJPI consolidada para esta persona y año; no equivale a patrimonio cero. Es historial público OA previo al corte y no equivale por sí solo a la DDJJ del mandato actual.
prov-ba-dip-morillo-pablo-ezequiel,Morillo Pablo Ezequiel,2024,oficial_consolidado_oa,Anual,0,807615,16945985.86,482310.60,16463675.26,22292234.36,16412.58,7694.0075,1032.5000,100.00,100.00,100.00,https://datos.jus.gob.ar/dataset/declaraciones-juradas-patrimoniales-integrales,"Identidad confirmada por cruce oficial; selección Anual > Baja > Inicial, luego rectificativa y dj_id. Es historial público OA previo al corte y no equivale por sí solo a la DDJJ del mandato actual."
prov-ba-dip-morillo-pablo-ezequiel,Morillo Pablo Ezequiel,2025,no_localizada,,,,,,,,,10121.3715,1459.4167,,,,https://datos.jus.gob.ar/dataset/declaraciones-juradas-patrimoniales-integrales,No se localizó una DJPI consolidada para esta persona y año; no equivale a patrimonio cero. Es historial público OA previo al corte y no equivale por sí solo a la DDJJ del mandato actual.
prov-ba-dip-osaba-juan-esteban,Osaba Juan Esteban,2017,no_localizada,,,,,,,,,124.7956,18.7742,,,,https://datos.jus.gob.ar/dataset/declaraciones-juradas-patrimoniales-integrales,No se localizó una DJPI consolidada para esta persona y año; no equivale a patrimonio cero. Es historial público OA previo al corte y no equivale por sí solo a la DDJJ del mandato actual.
prov-ba-dip-osaba-juan-esteban,Osaba Juan Esteban,2018,no_localizada,,,,,,,,,184.2552,37.8083,,,,https://datos.jus.gob.ar/dataset/declaraciones-juradas-patrimoniales-integrales,No se localizó una DJPI consolidada para esta persona y año; no equivale a patrimonio cero. Es historial público OA previo al corte y no equivale por sí solo a la DDJJ del mandato actual.
prov-ba-dip-osaba-juan-esteban,Osaba Juan Esteban,2019,no_localizada,,,,,,,,,283.4442,59.8950,,,,https://datos.jus.gob.ar/dataset/declaraciones-juradas-patrimoniales-integrales,No se localizó una DJPI consolidada para esta persona y año; no equivale a patrimonio cero. Es historial público OA previo al corte y no equivale por sí solo a la DDJJ del mandato actual.
prov-ba-dip-osaba-juan-esteban,Osaba Juan Esteban,2020,no_localizada,,,,,,,,,385.8826,84.1450,,,,https://datos.jus.gob.ar/dataset/declaraciones-juradas-patrimoniales-integrales,No se localizó una DJPI consolidada para esta persona y año; no equivale a patrimonio cero. Es historial público OA previo al corte y no equivale por sí solo a la DDJJ del mandato actual.
prov-ba-dip-osaba-juan-esteban,Osaba Juan Esteban,2021,no_localizada,,,,,,,,,582.4575,102.7500,,,,https://datos.jus.gob.ar/dataset/declaraciones-juradas-patrimoniales-integrales,No se localizó una DJPI consolidada para esta persona y año; no equivale a patrimonio cero. Es historial público OA previo al corte y no equivale por sí solo a la DDJJ del mandato actual.
prov-ba-dip-osaba-juan-esteban,Osaba Juan Esteban,2022,no_localizada,,,,,,,,,1134.5875,177.1283,,,,https://datos.jus.gob.ar/dataset/declaraciones-juradas-patrimoniales-integrales,No se localizó una DJPI consolidada para esta persona y año; no equivale a patrimonio cero. Es historial público OA previo al corte y no equivale por sí solo a la DDJJ del mandato actual.
prov-ba-dip-osaba-juan-esteban,Osaba Juan Esteban,2023,no_localizada,,,,,,,,,3533.1922,808.4833,,,,https://datos.jus.gob.ar/dataset/declaraciones-juradas-patrimoniales-integrales,No se localizó una DJPI consolidada para esta persona y año; no equivale a patrimonio cero. Es historial público OA previo al corte y no equivale por sí solo a la DDJJ del mandato actual.
prov-ba-dip-osaba-juan-esteban,Osaba Juan Esteban,2024,oficial_consolidado_oa,Anual,0,803767,0.00,0.00,0.00,0.00,0.00,7694.0075,1032.5000,,,,https://datos.jus.gob.ar/dataset/declaraciones-juradas-patrimoniales-integrales,"Identidad confirmada por cruce oficial; selección Anual > Baja > Inicial, luego rectificativa y dj_id. Es historial público OA previo al corte y no equivale por sí solo a la DDJJ del mandato actual."
prov-ba-dip-osaba-juan-esteban,Osaba Juan Esteban,2025,no_localizada,,,,,,,,,10121.3715,1459.4167,,,,https://datos.jus.gob.ar/dataset/declaraciones-juradas-patrimoniales-integrales,No se localizó una DJPI consolidada para esta persona y año; no equivale a patrimonio cero. Es historial público OA previo al corte y no equivale por sí solo a la DDJJ del mandato actual.
prov-ba-dip-recalde-margarita-alejandra,Recalde Margarita Alejandra,2017,no_localizada,,,,,,,,,124.7956,18.7742,,,,https://datos.jus.gob.ar/dataset/declaraciones-juradas-patrimoniales-integrales,No se localizó una DJPI consolidada para esta persona y año; no equivale a patrimonio cero. Es historial público OA previo al corte y no equivale por sí solo a la DDJJ del mandato actual.
prov-ba-dip-recalde-margarita-alejandra,Recalde Margarita Alejandra,2018,no_localizada,,,,,,,,,184.2552,37.8083,,,,https://datos.jus.gob.ar/dataset/declaraciones-juradas-patrimoniales-integrales,No se localizó una DJPI consolidada para esta persona y año; no equivale a patrimonio cero. Es historial público OA previo al corte y no equivale por sí solo a la DDJJ del mandato actual.
prov-ba-dip-recalde-margarita-alejandra,Recalde Margarita Alejandra,2019,no_localizada,,,,,,,,,283.4442,59.8950,,,,https://datos.jus.gob.ar/dataset/declaraciones-juradas-patrimoniales-integrales,No se localizó una DJPI consolidada para esta persona y año; no equivale a patrimonio cero. Es historial público OA previo al corte y no equivale por sí solo a la DDJJ del mandato actual.
prov-ba-dip-recalde-margarita-alejandra,Recalde Margarita Alejandra,2020,oficial_consolidado_oa,Anual,0,497420,0.00,0.00,0.00,0.00,0.00,385.8826,84.1450,,,,https://datos.jus.gob.ar/dataset/declaraciones-juradas-patrimoniales-integrales,"Identidad confirmada por cruce oficial; selección Anual > Baja > Inicial, luego rectificativa y dj_id. Es historial público OA previo al corte y no equivale por sí solo a la DDJJ del mandato actual."
prov-ba-dip-recalde-margarita-alejandra,Recalde Margarita Alejandra,2021,oficial_consolidado_oa,Anual,0,596099,0.00,0.00,0.00,0.00,0.00,582.4575,102.7500,,,,https://datos.jus.gob.ar/dataset/declaraciones-juradas-patrimoniales-integrales,"Identidad confirmada por cruce oficial; selección Anual > Baja > Inicial, luego rectificativa y dj_id. Es historial público OA previo al corte y no equivale por sí solo a la DDJJ del mandato actual."
prov-ba-dip-recalde-margarita-alejandra,Recalde Margarita Alejandra,2022,oficial_consolidado_oa,Anual,0,651505,0.00,0.00,0.00,0.00,0.00,1134.5875,177.1283,,,,https://datos.jus.gob.ar/dataset/declaraciones-juradas-patrimoniales-integrales,"Identidad confirmada por cruce oficial; selección Anual > Baja > Inicial, luego rectificativa y dj_id. Es historial público OA previo al corte y no equivale por sí solo a la DDJJ del mandato actual."
prov-ba-dip-recalde-margarita-alejandra,Recalde Margarita Alejandra,2023,oficial_consolidado_oa,Inicial,0,680801,0.00,0.00,0.00,0.00,0.00,3533.1922,808.4833,,,,https://datos.jus.gob.ar/dataset/declaraciones-juradas-patrimoniales-integrales,"Identidad confirmada por cruce oficial; selección Anual > Baja > Inicial, luego rectificativa y dj_id. Es historial público OA previo al corte y no equivale por sí solo a la DDJJ del mandato actual."
prov-ba-dip-recalde-margarita-alejandra,Recalde Margarita Alejandra,2024,no_localizada,,,,,,,,,7694.0075,1032.5000,,,,https://datos.jus.gob.ar/dataset/declaraciones-juradas-patrimoniales-integrales,No se localizó una DJPI consolidada para esta persona y año; no equivale a patrimonio cero. Es historial público OA previo al corte y no equivale por sí solo a la DDJJ del mandato actual.
prov-ba-dip-recalde-margarita-alejandra,Recalde Margarita Alejandra,2025,no_localizada,,,,,,,,,10121.3715,1459.4167,,,,https://datos.jus.gob.ar/dataset/declaraciones-juradas-patrimoniales-integrales,No se localizó una DJPI consolidada para esta persona y año; no equivale a patrimonio cero. Es historial público OA previo al corte y no equivale por sí solo a la DDJJ del mandato actual.
prov-ba-dip-retamoso-maria-florencia,Retamoso María Florencia,2017,no_localizada,,,,,,,,,124.7956,18.7742,,,,https://datos.jus.gob.ar/dataset/declaraciones-juradas-patrimoniales-integrales,No se localizó una DJPI consolidada para esta persona y año; no equivale a patrimonio cero. Es historial público OA previo al corte y no equivale por sí solo a la DDJJ del mandato actual.
prov-ba-dip-retamoso-maria-florencia,Retamoso María Florencia,2018,oficial_consolidado_oa,Anual,0,412446,998456.66,65502.07,932954.59,54846488.91,26408.40,184.2552,37.8083,100.00,100.00,100.00,https://datos.jus.gob.ar/dataset/declaraciones-juradas-patrimoniales-integrales,"Identidad confirmada por cruce oficial; selección Anual > Baja > Inicial, luego rectificativa y dj_id. Es historial público OA previo al corte y no equivale por sí solo a la DDJJ del mandato actual."
prov-ba-dip-retamoso-maria-florencia,Retamoso María Florencia,2019,no_localizada,,,,,,,,,283.4442,59.8950,,,,https://datos.jus.gob.ar/dataset/declaraciones-juradas-patrimoniales-integrales,No se localizó una DJPI consolidada para esta persona y año; no equivale a patrimonio cero. Es historial público OA previo al corte y no equivale por sí solo a la DDJJ del mandato actual.
prov-ba-dip-retamoso-maria-florencia,Retamoso María Florencia,2020,no_localizada,,,,,,,,,385.8826,84.1450,,,,https://datos.jus.gob.ar/dataset/declaraciones-juradas-patrimoniales-integrales,No se localizó una DJPI consolidada para esta persona y año; no equivale a patrimonio cero. Es historial público OA previo al corte y no equivale por sí solo a la DDJJ del mandato actual.
prov-ba-dip-retamoso-maria-florencia,Retamoso María Florencia,2021,no_localizada,,,,,,,,,582.4575,102.7500,,,,https://datos.jus.gob.ar/dataset/declaraciones-juradas-patrimoniales-integrales,No se localizó una DJPI consolidada para esta persona y año; no equivale a patrimonio cero. Es historial público OA previo al corte y no equivale por sí solo a la DDJJ del mandato actual.
prov-ba-dip-retamoso-maria-florencia,Retamoso María Florencia,2022,no_localizada,,,,,,,,,1134.5875,177.1283,,,,https://datos.jus.gob.ar/dataset/declaraciones-juradas-patrimoniales-integrales,No se localizó una DJPI consolidada para esta persona y año; no equivale a patrimonio cero. Es historial público OA previo al corte y no equivale por sí solo a la DDJJ del mandato actual.
prov-ba-dip-retamoso-maria-florencia,Retamoso María Florencia,2023,no_localizada,,,,,,,,,3533.1922,808.4833,,,,https://datos.jus.gob.ar/dataset/declaraciones-juradas-patrimoniales-integrales,No se localizó una DJPI consolidada para esta persona y año; no equivale a patrimonio cero. Es historial público OA previo al corte y no equivale por sí solo a la DDJJ del mandato actual.
prov-ba-dip-retamoso-maria-florencia,Retamoso María Florencia,2024,no_localizada,,,,,,,,,7694.0075,1032.5000,,,,https://datos.jus.gob.ar/dataset/declaraciones-juradas-patrimoniales-integrales,No se localizó una DJPI consolidada para esta persona y año; no equivale a patrimonio cero. Es historial público OA previo al corte y no equivale por sí solo a la DDJJ del mandato actual.
prov-ba-dip-retamoso-maria-florencia,Retamoso María Florencia,2025,no_localizada,,,,,,,,,10121.3715,1459.4167,,,,https://datos.jus.gob.ar/dataset/declaraciones-juradas-patrimoniales-integrales,No se localizó una DJPI consolidada para esta persona y año; no equivale a patrimonio cero. Es historial público OA previo al corte y no equivale por sí solo a la DDJJ del mandato actual.
prov-ba-dip-rodriguez-alberti-jorge-martin,Rodriguez Alberti Jorge Martín,2017,no_localizada,,,,,,,,,124.7956,18.7742,,,,https://datos.jus.gob.ar/dataset/declaraciones-juradas-patrimoniales-integrales,No se localizó una DJPI consolidada para esta persona y año; no equivale a patrimonio cero. Es historial público OA previo al corte y no equivale por sí solo a la DDJJ del mandato actual.
prov-ba-dip-rodriguez-alberti-jorge-martin,Rodriguez Alberti Jorge Martín,2018,no_localizada,,,,,,,,,184.2552,37.8083,,,,https://datos.jus.gob.ar/dataset/declaraciones-juradas-patrimoniales-integrales,No se localizó una DJPI consolidada para esta persona y año; no equivale a patrimonio cero. Es historial público OA previo al corte y no equivale por sí solo a la DDJJ del mandato actual.
prov-ba-dip-rodriguez-alberti-jorge-martin,Rodriguez Alberti Jorge Martín,2019,oficial_consolidado_oa,Anual,0,432607,3668033.37,0.00,3668033.37,130980025.04,61241.06,283.4442,59.8950,100.00,100.00,100.00,https://datos.jus.gob.ar/dataset/declaraciones-juradas-patrimoniales-integrales,"Identidad confirmada por cruce oficial; selección Anual > Baja > Inicial, luego rectificativa y dj_id. Es historial público OA previo al corte y no equivale por sí solo a la DDJJ del mandato actual."
prov-ba-dip-rodriguez-alberti-jorge-martin,Rodriguez Alberti Jorge Martín,2020,oficial_consolidado_oa,Anual,0,491313,6549992.98,0.00,6549992.98,171800729.74,77841.74,385.8826,84.1450,178.57,131.17,127.11,https://datos.jus.gob.ar/dataset/declaraciones-juradas-patrimoniales-integrales,"Identidad confirmada por cruce oficial; selección Anual > Baja > Inicial, luego rectificativa y dj_id. Es historial público OA previo al corte y no equivale por sí solo a la DDJJ del mandato actual."
prov-ba-dip-rodriguez-alberti-jorge-martin,Rodriguez Alberti Jorge Martín,2021,oficial_consolidado_oa,Anual,0,563792,8995200.71,0.00,8995200.71,156309718.91,87544.53,582.4575,102.7500,245.23,119.34,142.95,https://datos.jus.gob.ar/dataset/declaraciones-juradas-patrimoniales-integrales,"Identidad confirmada por cruce oficial; selección Anual > Baja > Inicial, luego rectificativa y dj_id. Es historial público OA previo al corte y no equivale por sí solo a la DDJJ del mandato actual."
prov-ba-dip-rodriguez-alberti-jorge-martin,Rodriguez Alberti Jorge Martín,2022,oficial_consolidado_oa,Anual,1,670508,22778718.16,40000000.00,-17221281.84,203203251.22,128600.11,1134.5875,177.1283,621.01,155.14,209.99,https://datos.jus.gob.ar/dataset/declaraciones-juradas-patrimoniales-integrales,"Identidad confirmada por cruce oficial; selección Anual > Baja > Inicial, luego rectificativa y dj_id. Es historial público OA previo al corte y no equivale por sí solo a la DDJJ del mandato actual."
prov-ba-dip-rodriguez-alberti-jorge-martin,Rodriguez Alberti Jorge Martín,2023,oficial_consolidado_oa,Baja,1,688397,45114746.30,3652880.58,41461865.72,129238117.14,55801.70,3533.1922,808.4833,1229.94,98.67,91.12,https://datos.jus.gob.ar/dataset/declaraciones-juradas-patrimoniales-integrales,"Identidad confirmada por cruce oficial; selección Anual > Baja > Inicial, luego rectificativa y dj_id. Es historial público OA previo al corte y no equivale por sí solo a la DDJJ del mandato actual."
prov-ba-dip-rodriguez-alberti-jorge-martin,Rodriguez Alberti Jorge Martín,2024,no_localizada,,,,,,,,,7694.0075,1032.5000,,,,https://datos.jus.gob.ar/dataset/declaraciones-juradas-patrimoniales-integrales,No se localizó una DJPI consolidada para esta persona y año; no equivale a patrimonio cero. Es historial público OA previo al corte y no equivale por sí solo a la DDJJ del mandato actual.
prov-ba-dip-rodriguez-alberti-jorge-martin,Rodriguez Alberti Jorge Martín,2025,no_localizada,,,,,,,,,10121.3715,1459.4167,,,,https://datos.jus.gob.ar/dataset/declaraciones-juradas-patrimoniales-integrales,No se localizó una DJPI consolidada para esta persona y año; no equivale a patrimonio cero. Es historial público OA previo al corte y no equivale por sí solo a la DDJJ del mandato actual.
prov-ba-dip-sotelo-larcher-nahuel,Sotelo Larcher Nahuel,2017,no_localizada,,,,,,,,,124.7956,18.7742,,,,https://datos.jus.gob.ar/dataset/declaraciones-juradas-patrimoniales-integrales,No se localizó una DJPI consolidada para esta persona y año; no equivale a patrimonio cero. Es historial público OA previo al corte y no equivale por sí solo a la DDJJ del mandato actual.
prov-ba-dip-sotelo-larcher-nahuel,Sotelo Larcher Nahuel,2018,no_localizada,,,,,,,,,184.2552,37.8083,,,,https://datos.jus.gob.ar/dataset/declaraciones-juradas-patrimoniales-integrales,No se localizó una DJPI consolidada para esta persona y año; no equivale a patrimonio cero. Es historial público OA previo al corte y no equivale por sí solo a la DDJJ del mandato actual.
prov-ba-dip-sotelo-larcher-nahuel,Sotelo Larcher Nahuel,2019,no_localizada,,,,,,,,,283.4442,59.8950,,,,https://datos.jus.gob.ar/dataset/declaraciones-juradas-patrimoniales-integrales,No se localizó una DJPI consolidada para esta persona y año; no equivale a patrimonio cero. Es historial público OA previo al corte y no equivale por sí solo a la DDJJ del mandato actual.
prov-ba-dip-sotelo-larcher-nahuel,Sotelo Larcher Nahuel,2020,no_localizada,,,,,,,,,385.8826,84.1450,,,,https://datos.jus.gob.ar/dataset/declaraciones-juradas-patrimoniales-integrales,No se localizó una DJPI consolidada para esta persona y año; no equivale a patrimonio cero. Es historial público OA previo al corte y no equivale por sí solo a la DDJJ del mandato actual.
prov-ba-dip-sotelo-larcher-nahuel,Sotelo Larcher Nahuel,2021,no_localizada,,,,,,,,,582.4575,102.7500,,,,https://datos.jus.gob.ar/dataset/declaraciones-juradas-patrimoniales-integrales,No se localizó una DJPI consolidada para esta persona y año; no equivale a patrimonio cero. Es historial público OA previo al corte y no equivale por sí solo a la DDJJ del mandato actual.
prov-ba-dip-sotelo-larcher-nahuel,Sotelo Larcher Nahuel,2022,no_localizada,,,,,,,,,1134.5875,177.1283,,,,https://datos.jus.gob.ar/dataset/declaraciones-juradas-patrimoniales-integrales,No se localizó una DJPI consolidada para esta persona y año; no equivale a patrimonio cero. Es historial público OA previo al corte y no equivale por sí solo a la DDJJ del mandato actual.
prov-ba-dip-sotelo-larcher-nahuel,Sotelo Larcher Nahuel,2023,no_localizada,,,,,,,,,3533.1922,808.4833,,,,https://datos.jus.gob.ar/dataset/declaraciones-juradas-patrimoniales-integrales,No se localizó una DJPI consolidada para esta persona y año; no equivale a patrimonio cero. Es historial público OA previo al corte y no equivale por sí solo a la DDJJ del mandato actual.
prov-ba-dip-sotelo-larcher-nahuel,Sotelo Larcher Nahuel,2024,oficial_consolidado_oa,Anual,0,809677,55498184.15,0.00,55498184.15,73007173.36,53751.27,7694.0075,1032.5000,100.00,100.00,100.00,https://datos.jus.gob.ar/dataset/declaraciones-juradas-patrimoniales-integrales,"Identidad confirmada por cruce oficial; selección Anual > Baja > Inicial, luego rectificativa y dj_id. Es historial público OA previo al corte y no equivale por sí solo a la DDJJ del mandato actual."
prov-ba-dip-sotelo-larcher-nahuel,Sotelo Larcher Nahuel,2025,no_localizada,,,,,,,,,10121.3715,1459.4167,,,,https://datos.jus.gob.ar/dataset/declaraciones-juradas-patrimoniales-integrales,No se localizó una DJPI consolidada para esta persona y año; no equivale a patrimonio cero. Es historial público OA previo al corte y no equivale por sí solo a la DDJJ del mandato actual.
prov-ba-dip-sotolano-maria-angel,Sotolano María Angel,2017,no_localizada,,,,,,,,,124.7956,18.7742,,,,https://datos.jus.gob.ar/dataset/declaraciones-juradas-patrimoniales-integrales,No se localizó una DJPI consolidada para esta persona y año; no equivale a patrimonio cero. Es historial público OA previo al corte y no equivale por sí solo a la DDJJ del mandato actual.
prov-ba-dip-sotolano-maria-angel,Sotolano María Angel,2018,no_localizada,,,,,,,,,184.2552,37.8083,,,,https://datos.jus.gob.ar/dataset/declaraciones-juradas-patrimoniales-integrales,No se localizó una DJPI consolidada para esta persona y año; no equivale a patrimonio cero. Es historial público OA previo al corte y no equivale por sí solo a la DDJJ del mandato actual.
prov-ba-dip-sotolano-maria-angel,Sotolano María Angel,2019,no_localizada,,,,,,,,,283.4442,59.8950,,,,https://datos.jus.gob.ar/dataset/declaraciones-juradas-patrimoniales-integrales,No se localizó una DJPI consolidada para esta persona y año; no equivale a patrimonio cero. Es historial público OA previo al corte y no equivale por sí solo a la DDJJ del mandato actual.
prov-ba-dip-sotolano-maria-angel,Sotolano María Angel,2020,no_localizada,,,,,,,,,385.8826,84.1450,,,,https://datos.jus.gob.ar/dataset/declaraciones-juradas-patrimoniales-integrales,No se localizó una DJPI consolidada para esta persona y año; no equivale a patrimonio cero. Es historial público OA previo al corte y no equivale por sí solo a la DDJJ del mandato actual.
prov-ba-dip-sotolano-maria-angel,Sotolano María Angel,2021,oficial_consolidado_oa,Inicial,0,542632,15000000.00,0.00,15000000.00,260655193.73,145985.40,582.4575,102.7500,100.00,100.00,100.00,https://datos.jus.gob.ar/dataset/declaraciones-juradas-patrimoniales-integrales,"Identidad confirmada por cruce oficial; selección Anual > Baja > Inicial, luego rectificativa y dj_id. Es historial público OA previo al corte y no equivale por sí solo a la DDJJ del mandato actual."
prov-ba-dip-sotolano-maria-angel,Sotolano María Angel,2022,oficial_consolidado_oa,Inicial,0,590671,20000000.00,0.00,20000000.00,178415001.05,112912.50,1134.5875,177.1283,133.33,68.45,77.35,https://datos.jus.gob.ar/dataset/declaraciones-juradas-patrimoniales-integrales,"Identidad confirmada por cruce oficial; selección Anual > Baja > Inicial, luego rectificativa y dj_id. Es historial público OA previo al corte y no equivale por sí solo a la DDJJ del mandato actual."
prov-ba-dip-sotolano-maria-angel,Sotolano María Angel,2023,oficial_consolidado_oa,Anual,0,753911,165180130.00,0.00,165180130.00,473183842.12,204308.65,3533.1922,808.4833,1101.20,181.54,139.95,https://datos.jus.gob.ar/dataset/declaraciones-juradas-patrimoniales-integrales,"Identidad confirmada por cruce oficial; selección Anual > Baja > Inicial, luego rectificativa y dj_id. Es historial público OA previo al corte y no equivale por sí solo a la DDJJ del mandato actual."
prov-ba-dip-sotolano-maria-angel,Sotolano María Angel,2024,no_localizada,,,,,,,,,7694.0075,1032.5000,,,,https://datos.jus.gob.ar/dataset/declaraciones-juradas-patrimoniales-integrales,No se localizó una DJPI consolidada para esta persona y año; no equivale a patrimonio cero. Es historial público OA previo al corte y no equivale por sí solo a la DDJJ del mandato actual.
prov-ba-dip-sotolano-maria-angel,Sotolano María Angel,2025,no_localizada,,,,,,,,,10121.3715,1459.4167,,,,https://datos.jus.gob.ar/dataset/declaraciones-juradas-patrimoniales-integrales,No se localizó una DJPI consolidada para esta persona y año; no equivale a patrimonio cero. Es historial público OA previo al corte y no equivale por sí solo a la DDJJ del mandato actual.
prov-ba-dip-vannelli-sofia,Vannelli Sofía,2017,no_localizada,,,,,,,,,124.7956,18.7742,,,,https://datos.jus.gob.ar/dataset/declaraciones-juradas-patrimoniales-integrales,No se localizó una DJPI consolidada para esta persona y año; no equivale a patrimonio cero. Es historial público OA previo al corte y no equivale por sí solo a la DDJJ del mandato actual.
prov-ba-dip-vannelli-sofia,Vannelli Sofía,2018,no_localizada,,,,,,,,,184.2552,37.8083,,,,https://datos.jus.gob.ar/dataset/declaraciones-juradas-patrimoniales-integrales,No se localizó una DJPI consolidada para esta persona y año; no equivale a patrimonio cero. Es historial público OA previo al corte y no equivale por sí solo a la DDJJ del mandato actual.
prov-ba-dip-vannelli-sofia,Vannelli Sofía,2019,no_localizada,,,,,,,,,283.4442,59.8950,,,,https://datos.jus.gob.ar/dataset/declaraciones-juradas-patrimoniales-integrales,No se localizó una DJPI consolidada para esta persona y año; no equivale a patrimonio cero. Es historial público OA previo al corte y no equivale por sí solo a la DDJJ del mandato actual.
prov-ba-dip-vannelli-sofia,Vannelli Sofía,2020,oficial_consolidado_oa,Anual,1,557346,2338728.01,0.00,2338728.01,61342841.13,27794.02,385.8826,84.1450,100.00,100.00,100.00,https://datos.jus.gob.ar/dataset/declaraciones-juradas-patrimoniales-integrales,"Identidad confirmada por cruce oficial; selección Anual > Baja > Inicial, luego rectificativa y dj_id. Es historial público OA previo al corte y no equivale por sí solo a la DDJJ del mandato actual."
prov-ba-dip-vannelli-sofia,Vannelli Sofía,2021,oficial_consolidado_oa,Anual,3,612384,4459282.45,0.00,4459282.45,77489008.73,43399.34,582.4575,102.7500,190.67,126.32,156.15,https://datos.jus.gob.ar/dataset/declaraciones-juradas-patrimoniales-integrales,"Identidad confirmada por cruce oficial; selección Anual > Baja > Inicial, luego rectificativa y dj_id. Es historial público OA previo al corte y no equivale por sí solo a la DDJJ del mandato actual."
prov-ba-dip-vannelli-sofia,Vannelli Sofía,2022,no_localizada,,,,,,,,,1134.5875,177.1283,,,,https://datos.jus.gob.ar/dataset/declaraciones-juradas-patrimoniales-integrales,No se localizó una DJPI consolidada para esta persona y año; no equivale a patrimonio cero. Es historial público OA previo al corte y no equivale por sí solo a la DDJJ del mandato actual.
prov-ba-dip-vannelli-sofia,Vannelli Sofía,2023,no_localizada,,,,,,,,,3533.1922,808.4833,,,,https://datos.jus.gob.ar/dataset/declaraciones-juradas-patrimoniales-integrales,No se localizó una DJPI consolidada para esta persona y año; no equivale a patrimonio cero. Es historial público OA previo al corte y no equivale por sí solo a la DDJJ del mandato actual.
prov-ba-dip-vannelli-sofia,Vannelli Sofía,2024,no_localizada,,,,,,,,,7694.0075,1032.5000,,,,https://datos.jus.gob.ar/dataset/declaraciones-juradas-patrimoniales-integrales,No se localizó una DJPI consolidada para esta persona y año; no equivale a patrimonio cero. Es historial público OA previo al corte y no equivale por sí solo a la DDJJ del mandato actual.
prov-ba-dip-vannelli-sofia,Vannelli Sofía,2025,no_localizada,,,,,,,,,10121.3715,1459.4167,,,,https://datos.jus.gob.ar/dataset/declaraciones-juradas-patrimoniales-integrales,No se localizó una DJPI consolidada para esta persona y año; no equivale a patrimonio cero. Es historial público OA previo al corte y no equivale por sí solo a la DDJJ del mandato actual.
prov-ba-dip-vitale-mariela-silvina,Vitale Mariela Silvina,2017,no_localizada,,,,,,,,,124.7956,18.7742,,,,https://datos.jus.gob.ar/dataset/declaraciones-juradas-patrimoniales-integrales,No se localizó una DJPI consolidada para esta persona y año; no equivale a patrimonio cero. Es historial público OA previo al corte y no equivale por sí solo a la DDJJ del mandato actual.
prov-ba-dip-vitale-mariela-silvina,Vitale Mariela Silvina,2018,no_localizada,,,,,,,,,184.2552,37.8083,,,,https://datos.jus.gob.ar/dataset/declaraciones-juradas-patrimoniales-integrales,No se localizó una DJPI consolidada para esta persona y año; no equivale a patrimonio cero. Es historial público OA previo al corte y no equivale por sí solo a la DDJJ del mandato actual.
prov-ba-dip-vitale-mariela-silvina,Vitale Mariela Silvina,2019,no_localizada,,,,,,,,,283.4442,59.8950,,,,https://datos.jus.gob.ar/dataset/declaraciones-juradas-patrimoniales-integrales,No se localizó una DJPI consolidada para esta persona y año; no equivale a patrimonio cero. Es historial público OA previo al corte y no equivale por sí solo a la DDJJ del mandato actual.
prov-ba-dip-vitale-mariela-silvina,Vitale Mariela Silvina,2020,no_localizada,,,,,,,,,385.8826,84.1450,,,,https://datos.jus.gob.ar/dataset/declaraciones-juradas-patrimoniales-integrales,No se localizó una DJPI consolidada para esta persona y año; no equivale a patrimonio cero. Es historial público OA previo al corte y no equivale por sí solo a la DDJJ del mandato actual.
prov-ba-dip-vitale-mariela-silvina,Vitale Mariela Silvina,2021,no_localizada,,,,,,,,,582.4575,102.7500,,,,https://datos.jus.gob.ar/dataset/declaraciones-juradas-patrimoniales-integrales,No se localizó una DJPI consolidada para esta persona y año; no equivale a patrimonio cero. Es historial público OA previo al corte y no equivale por sí solo a la DDJJ del mandato actual.
prov-ba-dip-vitale-mariela-silvina,Vitale Mariela Silvina,2022,no_localizada,,,,,,,,,1134.5875,177.1283,,,,https://datos.jus.gob.ar/dataset/declaraciones-juradas-patrimoniales-integrales,No se localizó una DJPI consolidada para esta persona y año; no equivale a patrimonio cero. Es historial público OA previo al corte y no equivale por sí solo a la DDJJ del mandato actual.
prov-ba-dip-vitale-mariela-silvina,Vitale Mariela Silvina,2023,no_localizada,,,,,,,,,3533.1922,808.4833,,,,https://datos.jus.gob.ar/dataset/declaraciones-juradas-patrimoniales-integrales,No se localizó una DJPI consolidada para esta persona y año; no equivale a patrimonio cero. Es historial público OA previo al corte y no equivale por sí solo a la DDJJ del mandato actual.
prov-ba-dip-vitale-mariela-silvina,Vitale Mariela Silvina,2024,oficial_consolidado_oa,Inicial,0,809577,61774339.90,0.00,61774339.90,81263378.45,59829.87,7694.0075,1032.5000,100.00,100.00,100.00,https://datos.jus.gob.ar/dataset/declaraciones-juradas-patrimoniales-integrales,"Identidad confirmada por cruce oficial; selección Anual > Baja > Inicial, luego rectificativa y dj_id. Es historial público OA previo al corte y no equivale por sí solo a la DDJJ del mandato actual."
prov-ba-dip-vitale-mariela-silvina,Vitale Mariela Silvina,2025,no_localizada,,,,,,,,,10121.3715,1459.4167,,,,https://datos.jus.gob.ar/dataset/declaraciones-juradas-patrimoniales-integrales,No se localizó una DJPI consolidada para esta persona y año; no equivale a patrimonio cero. Es historial público OA previo al corte y no equivale por sí solo a la DDJJ del mandato actual.
prov-ba-dip-zurro-avelino-ricardo,Zurro Avelino Ricardo,2017,no_localizada,,,,,,,,,124.7956,18.7742,,,,https://datos.jus.gob.ar/dataset/declaraciones-juradas-patrimoniales-integrales,No se localizó una DJPI consolidada para esta persona y año; no equivale a patrimonio cero. Es historial público OA previo al corte y no equivale por sí solo a la DDJJ del mandato actual.
prov-ba-dip-zurro-avelino-ricardo,Zurro Avelino Ricardo,2018,no_localizada,,,,,,,,,184.2552,37.8083,,,,https://datos.jus.gob.ar/dataset/declaraciones-juradas-patrimoniales-integrales,No se localizó una DJPI consolidada para esta persona y año; no equivale a patrimonio cero. Es historial público OA previo al corte y no equivale por sí solo a la DDJJ del mandato actual.
prov-ba-dip-zurro-avelino-ricardo,Zurro Avelino Ricardo,2019,oficial_consolidado_oa,Anual,0,446689,3601235.88,500658.68,3100577.20,128594785.85,60125.82,283.4442,59.8950,100.00,100.00,100.00,https://datos.jus.gob.ar/dataset/declaraciones-juradas-patrimoniales-integrales,"Identidad confirmada por cruce oficial; selección Anual > Baja > Inicial, luego rectificativa y dj_id. Es historial público OA previo al corte y no equivale por sí solo a la DDJJ del mandato actual."
prov-ba-dip-zurro-avelino-ricardo,Zurro Avelino Ricardo,2020,oficial_consolidado_oa,Anual,0,497339,4439989.14,491583.19,3948405.95,116457128.52,52765.93,385.8826,84.1450,123.29,90.56,87.76,https://datos.jus.gob.ar/dataset/declaraciones-juradas-patrimoniales-integrales,"Identidad confirmada por cruce oficial; selección Anual > Baja > Inicial, luego rectificativa y dj_id. Es historial público OA previo al corte y no equivale por sí solo a la DDJJ del mandato actual."
prov-ba-dip-zurro-avelino-ricardo,Zurro Avelino Ricardo,2021,oficial_consolidado_oa,Anual,1,608558,5826428.05,2490021.03,3336407.02,101245915.47,56704.90,582.4575,102.7500,161.79,78.73,94.31,https://datos.jus.gob.ar/dataset/declaraciones-juradas-patrimoniales-integrales,"Identidad confirmada por cruce oficial; selección Anual > Baja > Inicial, luego rectificativa y dj_id. Es historial público OA previo al corte y no equivale por sí solo a la DDJJ del mandato actual."
prov-ba-dip-zurro-avelino-ricardo,Zurro Avelino Ricardo,2022,oficial_consolidado_oa,Anual,1,674654,9483504.15,2055231.27,7428272.88,84599970.14,53540.31,1134.5875,177.1283,263.34,65.79,89.05,https://datos.jus.gob.ar/dataset/declaraciones-juradas-patrimoniales-integrales,"Identidad confirmada por cruce oficial; selección Anual > Baja > Inicial, luego rectificativa y dj_id. Es historial público OA previo al corte y no equivale por sí solo a la DDJJ del mandato actual."
prov-ba-dip-zurro-avelino-ricardo,Zurro Avelino Ricardo,2023,oficial_consolidado_oa,Anual,0,744055,23365255.86,1306918.39,22058337.47,66933362.63,28900.11,3533.1922,808.4833,648.81,52.05,48.07,https://datos.jus.gob.ar/dataset/declaraciones-juradas-patrimoniales-integrales,"Identidad confirmada por cruce oficial; selección Anual > Baja > Inicial, luego rectificativa y dj_id. Es historial público OA previo al corte y no equivale por sí solo a la DDJJ del mandato actual."
prov-ba-dip-zurro-avelino-ricardo,Zurro Avelino Ricardo,2024,no_localizada,,,,,,,,,7694.0075,1032.5000,,,,https://datos.jus.gob.ar/dataset/declaraciones-juradas-patrimoniales-integrales,No se localizó una DJPI consolidada para esta persona y año; no equivale a patrimonio cero. Es historial público OA previo al corte y no equivale por sí solo a la DDJJ del mandato actual.
prov-ba-dip-zurro-avelino-ricardo,Zurro Avelino Ricardo,2025,no_localizada,,,,,,,,,10121.3715,1459.4167,,,,https://datos.jus.gob.ar/dataset/declaraciones-juradas-patrimoniales-integrales,No se localizó una DJPI consolidada para esta persona y año; no equivale a patrimonio cero. Es historial público OA previo al corte y no equivale por sí solo a la DDJJ del mandato actual.
prov-ba-sen-balaudo-analia,Analia Balaudo,2017,no_localizada,,,,,,,,,124.7956,18.7742,,,,https://datos.jus.gob.ar/dataset/declaraciones-juradas-patrimoniales-integrales,No se localizó una DJPI consolidada para esta persona y año; no equivale a patrimonio cero. Es historial público OA previo al corte y no equivale por sí solo a la DDJJ del mandato actual.
prov-ba-sen-balaudo-analia,Analia Balaudo,2018,no_localizada,,,,,,,,,184.2552,37.8083,,,,https://datos.jus.gob.ar/dataset/declaraciones-juradas-patrimoniales-integrales,No se localizó una DJPI consolidada para esta persona y año; no equivale a patrimonio cero. Es historial público OA previo al corte y no equivale por sí solo a la DDJJ del mandato actual.
prov-ba-sen-balaudo-analia,Analia Balaudo,2019,no_localizada,,,,,,,,,283.4442,59.8950,,,,https://datos.jus.gob.ar/dataset/declaraciones-juradas-patrimoniales-integrales,No se localizó una DJPI consolidada para esta persona y año; no equivale a patrimonio cero. Es historial público OA previo al corte y no equivale por sí solo a la DDJJ del mandato actual.
prov-ba-sen-balaudo-analia,Analia Balaudo,2020,no_localizada,,,,,,,,,385.8826,84.1450,,,,https://datos.jus.gob.ar/dataset/declaraciones-juradas-patrimoniales-integrales,No se localizó una DJPI consolidada para esta persona y año; no equivale a patrimonio cero. Es historial público OA previo al corte y no equivale por sí solo a la DDJJ del mandato actual.
prov-ba-sen-balaudo-analia,Analia Balaudo,2021,no_localizada,,,,,,,,,582.4575,102.7500,,,,https://datos.jus.gob.ar/dataset/declaraciones-juradas-patrimoniales-integrales,No se localizó una DJPI consolidada para esta persona y año; no equivale a patrimonio cero. Es historial público OA previo al corte y no equivale por sí solo a la DDJJ del mandato actual.
prov-ba-sen-balaudo-analia,Analia Balaudo,2022,no_localizada,,,,,,,,,1134.5875,177.1283,,,,https://datos.jus.gob.ar/dataset/declaraciones-juradas-patrimoniales-integrales,No se localizó una DJPI consolidada para esta persona y año; no equivale a patrimonio cero. Es historial público OA previo al corte y no equivale por sí solo a la DDJJ del mandato actual.
prov-ba-sen-balaudo-analia,Analia Balaudo,2023,no_localizada,,,,,,,,,3533.1922,808.4833,,,,https://datos.jus.gob.ar/dataset/declaraciones-juradas-patrimoniales-integrales,No se localizó una DJPI consolidada para esta persona y año; no equivale a patrimonio cero. Es historial público OA previo al corte y no equivale por sí solo a la DDJJ del mandato actual.
prov-ba-sen-balaudo-analia,Analia Balaudo,2024,oficial_consolidado_oa,Anual,0,802244,913341.38,2460239.67,-1546898.29,1201489.26,884.59,7694.0075,1032.5000,100.00,100.00,100.00,https://datos.jus.gob.ar/dataset/declaraciones-juradas-patrimoniales-integrales,"Identidad confirmada por cruce oficial; selección Anual > Baja > Inicial, luego rectificativa y dj_id. Es historial público OA previo al corte y no equivale por sí solo a la DDJJ del mandato actual."
prov-ba-sen-balaudo-analia,Analia Balaudo,2025,no_localizada,,,,,,,,,10121.3715,1459.4167,,,,https://datos.jus.gob.ar/dataset/declaraciones-juradas-patrimoniales-integrales,No se localizó una DJPI consolidada para esta persona y año; no equivale a patrimonio cero. Es historial público OA previo al corte y no equivale por sí solo a la DDJJ del mandato actual.
prov-ba-sen-valenzuela-diego,Diego Valenzuela,2017,oficial_consolidado_oa,Anual,0,406382,5203750.00,11234580.00,-6030830.00,422042819.96,277175.59,124.7956,18.7742,100.00,100.00,100.00,https://datos.jus.gob.ar/dataset/declaraciones-juradas-patrimoniales-integrales,"Identidad confirmada por cruce oficial; selección Anual > Baja > Inicial, luego rectificativa y dj_id. Es historial público OA previo al corte y no equivale por sí solo a la DDJJ del mandato actual."
prov-ba-sen-valenzuela-diego,Diego Valenzuela,2018,oficial_consolidado_oa,Anual,0,367026,6572890.00,6658400.00,-85510.00,361057172.44,173847.81,184.2552,37.8083,126.31,85.55,62.72,https://datos.jus.gob.ar/dataset/declaraciones-juradas-patrimoniales-integrales,"Identidad confirmada por cruce oficial; selección Anual > Baja > Inicial, luego rectificativa y dj_id. Es historial público OA previo al corte y no equivale por sí solo a la DDJJ del mandato actual."
prov-ba-sen-valenzuela-diego,Diego Valenzuela,2019,oficial_consolidado_oa,Anual,0,475964,9154510.00,2500000.00,6654510.00,326893958.71,152842.64,283.4442,59.8950,175.92,77.46,55.14,https://datos.jus.gob.ar/dataset/declaraciones-juradas-patrimoniales-integrales,"Identidad confirmada por cruce oficial; selección Anual > Baja > Inicial, luego rectificativa y dj_id. Es historial público OA previo al corte y no equivale por sí solo a la DDJJ del mandato actual."
prov-ba-sen-valenzuela-diego,Diego Valenzuela,2020,oficial_consolidado_oa,Baja,0,476011,9154510.00,2300000.00,6854510.00,240114989.92,108794.46,385.8826,84.1450,175.92,56.89,39.25,https://datos.jus.gob.ar/dataset/declaraciones-juradas-patrimoniales-integrales,"Identidad confirmada por cruce oficial; selección Anual > Baja > Inicial, luego rectificativa y dj_id. Es historial público OA previo al corte y no equivale por sí solo a la DDJJ del mandato actual."
prov-ba-sen-valenzuela-diego,Diego Valenzuela,2021,no_localizada,,,,,,,,,582.4575,102.7500,,,,https://datos.jus.gob.ar/dataset/declaraciones-juradas-patrimoniales-integrales,No se localizó una DJPI consolidada para esta persona y año; no equivale a patrimonio cero. Es historial público OA previo al corte y no equivale por sí solo a la DDJJ del mandato actual.
prov-ba-sen-valenzuela-diego,Diego Valenzuela,2022,no_localizada,,,,,,,,,1134.5875,177.1283,,,,https://datos.jus.gob.ar/dataset/declaraciones-juradas-patrimoniales-integrales,No se localizó una DJPI consolidada para esta persona y año; no equivale a patrimonio cero. Es historial público OA previo al corte y no equivale por sí solo a la DDJJ del mandato actual.
prov-ba-sen-valenzuela-diego,Diego Valenzuela,2023,no_localizada,,,,,,,,,3533.1922,808.4833,,,,https://datos.jus.gob.ar/dataset/declaraciones-juradas-patrimoniales-integrales,No se localizó una DJPI consolidada para esta persona y año; no equivale a patrimonio cero. Es historial público OA previo al corte y no equivale por sí solo a la DDJJ del mandato actual.
prov-ba-sen-valenzuela-diego,Diego Valenzuela,2024,no_localizada,,,,,,,,,7694.0075,1032.5000,,,,https://datos.jus.gob.ar/dataset/declaraciones-juradas-patrimoniales-integrales,No se localizó una DJPI consolidada para esta persona y año; no equivale a patrimonio cero. Es historial público OA previo al corte y no equivale por sí solo a la DDJJ del mandato actual.
prov-ba-sen-valenzuela-diego,Diego Valenzuela,2025,no_localizada,,,,,,,,,10121.3715,1459.4167,,,,https://datos.jus.gob.ar/dataset/declaraciones-juradas-patrimoniales-integrales,No se localizó una DJPI consolidada para esta persona y año; no equivale a patrimonio cero. Es historial público OA previo al corte y no equivale por sí solo a la DDJJ del mandato actual.
prov-ba-sen-gonzalez-santalla-emmanuel-severo,Emmanuel Severo González Santalla,2017,no_localizada,,,,,,,,,124.7956,18.7742,,,,https://datos.jus.gob.ar/dataset/declaraciones-juradas-patrimoniales-integrales,No se localizó una DJPI consolidada para esta persona y año; no equivale a patrimonio cero. Es historial público OA previo al corte y no equivale por sí solo a la DDJJ del mandato actual.
prov-ba-sen-gonzalez-santalla-emmanuel-severo,Emmanuel Severo González Santalla,2018,no_localizada,,,,,,,,,184.2552,37.8083,,,,https://datos.jus.gob.ar/dataset/declaraciones-juradas-patrimoniales-integrales,No se localizó una DJPI consolidada para esta persona y año; no equivale a patrimonio cero. Es historial público OA previo al corte y no equivale por sí solo a la DDJJ del mandato actual.
prov-ba-sen-gonzalez-santalla-emmanuel-severo,Emmanuel Severo González Santalla,2019,no_localizada,,,,,,,,,283.4442,59.8950,,,,https://datos.jus.gob.ar/dataset/declaraciones-juradas-patrimoniales-integrales,No se localizó una DJPI consolidada para esta persona y año; no equivale a patrimonio cero. Es historial público OA previo al corte y no equivale por sí solo a la DDJJ del mandato actual.
prov-ba-sen-gonzalez-santalla-emmanuel-severo,Emmanuel Severo González Santalla,2020,oficial_consolidado_oa,Inicial,0,467068,41906300.00,0.00,41906300.00,1099166509.43,498024.84,385.8826,84.1450,100.00,100.00,100.00,https://datos.jus.gob.ar/dataset/declaraciones-juradas-patrimoniales-integrales,"Identidad confirmada por cruce oficial; selección Anual > Baja > Inicial, luego rectificativa y dj_id. Es historial público OA previo al corte y no equivale por sí solo a la DDJJ del mandato actual."
prov-ba-sen-gonzalez-santalla-emmanuel-severo,Emmanuel Severo González Santalla,2021,no_localizada,,,,,,,,,582.4575,102.7500,,,,https://datos.jus.gob.ar/dataset/declaraciones-juradas-patrimoniales-integrales,No se localizó una DJPI consolidada para esta persona y año; no equivale a patrimonio cero. Es historial público OA previo al corte y no equivale por sí solo a la DDJJ del mandato actual.
prov-ba-sen-gonzalez-santalla-emmanuel-severo,Emmanuel Severo González Santalla,2022,no_localizada,,,,,,,,,1134.5875,177.1283,,,,https://datos.jus.gob.ar/dataset/declaraciones-juradas-patrimoniales-integrales,No se localizó una DJPI consolidada para esta persona y año; no equivale a patrimonio cero. Es historial público OA previo al corte y no equivale por sí solo a la DDJJ del mandato actual.
prov-ba-sen-gonzalez-santalla-emmanuel-severo,Emmanuel Severo González Santalla,2023,no_localizada,,,,,,,,,3533.1922,808.4833,,,,https://datos.jus.gob.ar/dataset/declaraciones-juradas-patrimoniales-integrales,No se localizó una DJPI consolidada para esta persona y año; no equivale a patrimonio cero. Es historial público OA previo al corte y no equivale por sí solo a la DDJJ del mandato actual.
prov-ba-sen-gonzalez-santalla-emmanuel-severo,Emmanuel Severo González Santalla,2024,no_localizada,,,,,,,,,7694.0075,1032.5000,,,,https://datos.jus.gob.ar/dataset/declaraciones-juradas-patrimoniales-integrales,No se localizó una DJPI consolidada para esta persona y año; no equivale a patrimonio cero. Es historial público OA previo al corte y no equivale por sí solo a la DDJJ del mandato actual.
prov-ba-sen-gonzalez-santalla-emmanuel-severo,Emmanuel Severo González Santalla,2025,no_localizada,,,,,,,,,10121.3715,1459.4167,,,,https://datos.jus.gob.ar/dataset/declaraciones-juradas-patrimoniales-integrales,No se localizó una DJPI consolidada para esta persona y año; no equivale a patrimonio cero. Es historial público OA previo al corte y no equivale por sí solo a la DDJJ del mandato actual.
prov-ba-sen-fagioli-federico,Federico Fagioli,2017,no_localizada,,,,,,,,,124.7956,18.7742,,,,https://datos.jus.gob.ar/dataset/declaraciones-juradas-patrimoniales-integrales,No se localizó una DJPI consolidada para esta persona y año; no equivale a patrimonio cero. Es historial público OA previo al corte y no equivale por sí solo a la DDJJ del mandato actual.
prov-ba-sen-fagioli-federico,Federico Fagioli,2018,oficial_consolidado_oa,Anual,0,413981,35741.74,0.00,35741.74,1963339.05,945.34,184.2552,37.8083,100.00,100.00,100.00,https://datos.jus.gob.ar/dataset/declaraciones-juradas-patrimoniales-integrales,"Identidad confirmada por cruce oficial; selección Anual > Baja > Inicial, luego rectificativa y dj_id. Es historial público OA previo al corte y no equivale por sí solo a la DDJJ del mandato actual."
prov-ba-sen-fagioli-federico,Federico Fagioli,2019,oficial_consolidado_oa,Anual,0,431766,531000.00,0.00,531000.00,18961221.53,8865.51,283.4442,59.8950,1485.66,965.76,937.81,https://datos.jus.gob.ar/dataset/declaraciones-juradas-patrimoniales-integrales,"Identidad confirmada por cruce oficial; selección Anual > Baja > Inicial, luego rectificativa y dj_id. Es historial público OA previo al corte y no equivale por sí solo a la DDJJ del mandato actual."
prov-ba-sen-fagioli-federico,Federico Fagioli,2020,oficial_consolidado_oa,Anual,0,519451,5379480.00,0.00,5379480.00,141099172.54,63931.07,385.8826,84.1450,15050.97,7186.69,6762.75,https://datos.jus.gob.ar/dataset/declaraciones-juradas-patrimoniales-integrales,"Identidad confirmada por cruce oficial; selección Anual > Baja > Inicial, luego rectificativa y dj_id. Es historial público OA previo al corte y no equivale por sí solo a la DDJJ del mandato actual."
prov-ba-sen-fagioli-federico,Federico Fagioli,2021,oficial_consolidado_oa,Anual,0,562660,6146700.00,0.00,6146700.00,106811285.29,59821.90,582.4575,102.7500,17197.54,5440.29,6328.08,https://datos.jus.gob.ar/dataset/declaraciones-juradas-patrimoniales-integrales,"Identidad confirmada por cruce oficial; selección Anual > Baja > Inicial, luego rectificativa y dj_id. Es historial público OA previo al corte y no equivale por sí solo a la DDJJ del mandato actual."
prov-ba-sen-fagioli-federico,Federico Fagioli,2022,oficial_consolidado_oa,Anual,0,630468,13691890.00,0.00,13691890.00,122141928.43,77299.28,1134.5875,177.1283,38307.84,6221.13,8176.87,https://datos.jus.gob.ar/dataset/declaraciones-juradas-patrimoniales-integrales,"Identidad confirmada por cruce oficial; selección Anual > Baja > Inicial, luego rectificativa y dj_id. Es historial público OA previo al corte y no equivale por sí solo a la DDJJ del mandato actual."
prov-ba-sen-fagioli-federico,Federico Fagioli,2023,oficial_consolidado_oa,Baja,0,688252,2908700.87,0.00,2908700.87,8332420.21,3597.73,3533.1922,808.4833,8138.11,424.40,380.57,https://datos.jus.gob.ar/dataset/declaraciones-juradas-patrimoniales-integrales,"Identidad confirmada por cruce oficial; selección Anual > Baja > Inicial, luego rectificativa y dj_id. Es historial público OA previo al corte y no equivale por sí solo a la DDJJ del mandato actual."
prov-ba-sen-fagioli-federico,Federico Fagioli,2024,no_localizada,,,,,,,,,7694.0075,1032.5000,,,,https://datos.jus.gob.ar/dataset/declaraciones-juradas-patrimoniales-integrales,No se localizó una DJPI consolidada para esta persona y año; no equivale a patrimonio cero. Es historial público OA previo al corte y no equivale por sí solo a la DDJJ del mandato actual.
prov-ba-sen-fagioli-federico,Federico Fagioli,2025,no_localizada,,,,,,,,,10121.3715,1459.4167,,,,https://datos.jus.gob.ar/dataset/declaraciones-juradas-patrimoniales-integrales,No se localizó una DJPI consolidada para esta persona y año; no equivale a patrimonio cero. Es historial público OA previo al corte y no equivale por sí solo a la DDJJ del mandato actual.
prov-ba-sen-cabezas-gonzalo,Gonzalo Cabezas,2017,no_localizada,,,,,,,,,124.7956,18.7742,,,,https://datos.jus.gob.ar/dataset/declaraciones-juradas-patrimoniales-integrales,No se localizó una DJPI consolidada para esta persona y año; no equivale a patrimonio cero. Es historial público OA previo al corte y no equivale por sí solo a la DDJJ del mandato actual.
prov-ba-sen-cabezas-gonzalo,Gonzalo Cabezas,2018,no_localizada,,,,,,,,,184.2552,37.8083,,,,https://datos.jus.gob.ar/dataset/declaraciones-juradas-patrimoniales-integrales,No se localizó una DJPI consolidada para esta persona y año; no equivale a patrimonio cero. Es historial público OA previo al corte y no equivale por sí solo a la DDJJ del mandato actual.
prov-ba-sen-cabezas-gonzalo,Gonzalo Cabezas,2019,no_localizada,,,,,,,,,283.4442,59.8950,,,,https://datos.jus.gob.ar/dataset/declaraciones-juradas-patrimoniales-integrales,No se localizó una DJPI consolidada para esta persona y año; no equivale a patrimonio cero. Es historial público OA previo al corte y no equivale por sí solo a la DDJJ del mandato actual.
prov-ba-sen-cabezas-gonzalo,Gonzalo Cabezas,2020,no_localizada,,,,,,,,,385.8826,84.1450,,,,https://datos.jus.gob.ar/dataset/declaraciones-juradas-patrimoniales-integrales,No se localizó una DJPI consolidada para esta persona y año; no equivale a patrimonio cero. Es historial público OA previo al corte y no equivale por sí solo a la DDJJ del mandato actual.
prov-ba-sen-cabezas-gonzalo,Gonzalo Cabezas,2021,no_localizada,,,,,,,,,582.4575,102.7500,,,,https://datos.jus.gob.ar/dataset/declaraciones-juradas-patrimoniales-integrales,No se localizó una DJPI consolidada para esta persona y año; no equivale a patrimonio cero. Es historial público OA previo al corte y no equivale por sí solo a la DDJJ del mandato actual.
prov-ba-sen-cabezas-gonzalo,Gonzalo Cabezas,2022,no_localizada,,,,,,,,,1134.5875,177.1283,,,,https://datos.jus.gob.ar/dataset/declaraciones-juradas-patrimoniales-integrales,No se localizó una DJPI consolidada para esta persona y año; no equivale a patrimonio cero. Es historial público OA previo al corte y no equivale por sí solo a la DDJJ del mandato actual.
prov-ba-sen-cabezas-gonzalo,Gonzalo Cabezas,2023,no_localizada,,,,,,,,,3533.1922,808.4833,,,,https://datos.jus.gob.ar/dataset/declaraciones-juradas-patrimoniales-integrales,No se localizó una DJPI consolidada para esta persona y año; no equivale a patrimonio cero. Es historial público OA previo al corte y no equivale por sí solo a la DDJJ del mandato actual.
prov-ba-sen-cabezas-gonzalo,Gonzalo Cabezas,2024,oficial_consolidado_oa,Anual,0,799984,40000000.00,0.00,40000000.00,52619504.21,38740.92,7694.0075,1032.5000,100.00,100.00,100.00,https://datos.jus.gob.ar/dataset/declaraciones-juradas-patrimoniales-integrales,"Identidad confirmada por cruce oficial; selección Anual > Baja > Inicial, luego rectificativa y dj_id. Es historial público OA previo al corte y no equivale por sí solo a la DDJJ del mandato actual."
prov-ba-sen-cabezas-gonzalo,Gonzalo Cabezas,2025,no_localizada,,,,,,,,,10121.3715,1459.4167,,,,https://datos.jus.gob.ar/dataset/declaraciones-juradas-patrimoniales-integrales,No se localizó una DJPI consolidada para esta persona y año; no equivale a patrimonio cero. Es historial público OA previo al corte y no equivale por sí solo a la DDJJ del mandato actual.
prov-ba-sen-montenegro-guillermo-tristan,Guillermo Tristan Montenegro,2017,oficial_consolidado_oa,Anual,0,318765,2952908.16,0.00,2952908.16,239491460.38,157285.43,124.7956,18.7742,100.00,100.00,100.00,https://datos.jus.gob.ar/dataset/declaraciones-juradas-patrimoniales-integrales,"Identidad confirmada por cruce oficial; selección Anual > Baja > Inicial, luego rectificativa y dj_id. Es historial público OA previo al corte y no equivale por sí solo a la DDJJ del mandato actual."
prov-ba-sen-montenegro-guillermo-tristan,Guillermo Tristan Montenegro,2018,oficial_consolidado_oa,Anual,0,387746,6115672.85,0.00,6115672.85,335941655.31,161754.77,184.2552,37.8083,207.11,140.27,102.84,https://datos.jus.gob.ar/dataset/declaraciones-juradas-patrimoniales-integrales,"Identidad confirmada por cruce oficial; selección Anual > Baja > Inicial, luego rectificativa y dj_id. Es historial público OA previo al corte y no equivale por sí solo a la DDJJ del mandato actual."
prov-ba-sen-montenegro-guillermo-tristan,Guillermo Tristan Montenegro,2019,oficial_consolidado_oa,Baja,1,429761,5246467.95,0.00,5246467.95,187343580.09,87594.42,283.4442,59.8950,177.67,78.23,55.69,https://datos.jus.gob.ar/dataset/declaraciones-juradas-patrimoniales-integrales,"Identidad confirmada por cruce oficial; selección Anual > Baja > Inicial, luego rectificativa y dj_id. Es historial público OA previo al corte y no equivale por sí solo a la DDJJ del mandato actual."
prov-ba-sen-montenegro-guillermo-tristan,Guillermo Tristan Montenegro,2020,no_localizada,,,,,,,,,385.8826,84.1450,,,,https://datos.jus.gob.ar/dataset/declaraciones-juradas-patrimoniales-integrales,No se localizó una DJPI consolidada para esta persona y año; no equivale a patrimonio cero. Es historial público OA previo al corte y no equivale por sí solo a la DDJJ del mandato actual.
prov-ba-sen-montenegro-guillermo-tristan,Guillermo Tristan Montenegro,2021,no_localizada,,,,,,,,,582.4575,102.7500,,,,https://datos.jus.gob.ar/dataset/declaraciones-juradas-patrimoniales-integrales,No se localizó una DJPI consolidada para esta persona y año; no equivale a patrimonio cero. Es historial público OA previo al corte y no equivale por sí solo a la DDJJ del mandato actual.
prov-ba-sen-montenegro-guillermo-tristan,Guillermo Tristan Montenegro,2022,no_localizada,,,,,,,,,1134.5875,177.1283,,,,https://datos.jus.gob.ar/dataset/declaraciones-juradas-patrimoniales-integrales,No se localizó una DJPI consolidada para esta persona y año; no equivale a patrimonio cero. Es historial público OA previo al corte y no equivale por sí solo a la DDJJ del mandato actual.
prov-ba-sen-montenegro-guillermo-tristan,Guillermo Tristan Montenegro,2023,no_localizada,,,,,,,,,3533.1922,808.4833,,,,https://datos.jus.gob.ar/dataset/declaraciones-juradas-patrimoniales-integrales,No se localizó una DJPI consolidada para esta persona y año; no equivale a patrimonio cero. Es historial público OA previo al corte y no equivale por sí solo a la DDJJ del mandato actual.
prov-ba-sen-montenegro-guillermo-tristan,Guillermo Tristan Montenegro,2024,no_localizada,,,,,,,,,7694.0075,1032.5000,,,,https://datos.jus.gob.ar/dataset/declaraciones-juradas-patrimoniales-integrales,No se localizó una DJPI consolidada para esta persona y año; no equivale a patrimonio cero. Es historial público OA previo al corte y no equivale por sí solo a la DDJJ del mandato actual.
prov-ba-sen-montenegro-guillermo-tristan,Guillermo Tristan Montenegro,2025,no_localizada,,,,,,,,,10121.3715,1459.4167,,,,https://datos.jus.gob.ar/dataset/declaraciones-juradas-patrimoniales-integrales,No se localizó una DJPI consolidada para esta persona y año; no equivale a patrimonio cero. Es historial público OA previo al corte y no equivale por sí solo a la DDJJ del mandato actual.
prov-ba-sen-olivera-luciano-emanuel,Luciano Emanuel Olivera,2017,no_localizada,,,,,,,,,124.7956,18.7742,,,,https://datos.jus.gob.ar/dataset/declaraciones-juradas-patrimoniales-integrales,No se localizó una DJPI consolidada para esta persona y año; no equivale a patrimonio cero. Es historial público OA previo al corte y no equivale por sí solo a la DDJJ del mandato actual.
prov-ba-sen-olivera-luciano-emanuel,Luciano Emanuel Olivera,2018,no_localizada,,,,,,,,,184.2552,37.8083,,,,https://datos.jus.gob.ar/dataset/declaraciones-juradas-patrimoniales-integrales,No se localizó una DJPI consolidada para esta persona y año; no equivale a patrimonio cero. Es historial público OA previo al corte y no equivale por sí solo a la DDJJ del mandato actual.
prov-ba-sen-olivera-luciano-emanuel,Luciano Emanuel Olivera,2019,no_localizada,,,,,,,,,283.4442,59.8950,,,,https://datos.jus.gob.ar/dataset/declaraciones-juradas-patrimoniales-integrales,No se localizó una DJPI consolidada para esta persona y año; no equivale a patrimonio cero. Es historial público OA previo al corte y no equivale por sí solo a la DDJJ del mandato actual.
prov-ba-sen-olivera-luciano-emanuel,Luciano Emanuel Olivera,2020,no_localizada,,,,,,,,,385.8826,84.1450,,,,https://datos.jus.gob.ar/dataset/declaraciones-juradas-patrimoniales-integrales,No se localizó una DJPI consolidada para esta persona y año; no equivale a patrimonio cero. Es historial público OA previo al corte y no equivale por sí solo a la DDJJ del mandato actual.
prov-ba-sen-olivera-luciano-emanuel,Luciano Emanuel Olivera,2021,no_localizada,,,,,,,,,582.4575,102.7500,,,,https://datos.jus.gob.ar/dataset/declaraciones-juradas-patrimoniales-integrales,No se localizó una DJPI consolidada para esta persona y año; no equivale a patrimonio cero. Es historial público OA previo al corte y no equivale por sí solo a la DDJJ del mandato actual.
prov-ba-sen-olivera-luciano-emanuel,Luciano Emanuel Olivera,2022,no_localizada,,,,,,,,,1134.5875,177.1283,,,,https://datos.jus.gob.ar/dataset/declaraciones-juradas-patrimoniales-integrales,No se localizó una DJPI consolidada para esta persona y año; no equivale a patrimonio cero. Es historial público OA previo al corte y no equivale por sí solo a la DDJJ del mandato actual.
prov-ba-sen-olivera-luciano-emanuel,Luciano Emanuel Olivera,2023,no_localizada,,,,,,,,,3533.1922,808.4833,,,,https://datos.jus.gob.ar/dataset/declaraciones-juradas-patrimoniales-integrales,No se localizó una DJPI consolidada para esta persona y año; no equivale a patrimonio cero. Es historial público OA previo al corte y no equivale por sí solo a la DDJJ del mandato actual.
prov-ba-sen-olivera-luciano-emanuel,Luciano Emanuel Olivera,2024,oficial_consolidado_oa,Inicial,0,766270,215000000.00,0.00,215000000.00,282829835.10,208232.45,7694.0075,1032.5000,100.00,100.00,100.00,https://datos.jus.gob.ar/dataset/declaraciones-juradas-patrimoniales-integrales,"Identidad confirmada por cruce oficial; selección Anual > Baja > Inicial, luego rectificativa y dj_id. Es historial público OA previo al corte y no equivale por sí solo a la DDJJ del mandato actual."
prov-ba-sen-olivera-luciano-emanuel,Luciano Emanuel Olivera,2025,no_localizada,,,,,,,,,10121.3715,1459.4167,,,,https://datos.jus.gob.ar/dataset/declaraciones-juradas-patrimoniales-integrales,No se localizó una DJPI consolidada para esta persona y año; no equivale a patrimonio cero. Es historial público OA previo al corte y no equivale por sí solo a la DDJJ del mandato actual.
prov-ba-sen-galmarini-malena,Malena Galmarini,2017,no_localizada,,,,,,,,,124.7956,18.7742,,,,https://datos.jus.gob.ar/dataset/declaraciones-juradas-patrimoniales-integrales,No se localizó una DJPI consolidada para esta persona y año; no equivale a patrimonio cero. Es historial público OA previo al corte y no equivale por sí solo a la DDJJ del mandato actual.
prov-ba-sen-galmarini-malena,Malena Galmarini,2018,no_localizada,,,,,,,,,184.2552,37.8083,,,,https://datos.jus.gob.ar/dataset/declaraciones-juradas-patrimoniales-integrales,No se localizó una DJPI consolidada para esta persona y año; no equivale a patrimonio cero. Es historial público OA previo al corte y no equivale por sí solo a la DDJJ del mandato actual.
prov-ba-sen-galmarini-malena,Malena Galmarini,2019,oficial_consolidado_oa,Anual,0,458179,265308.92,0.00,265308.92,9473787.58,4429.57,283.4442,59.8950,100.00,100.00,100.00,https://datos.jus.gob.ar/dataset/declaraciones-juradas-patrimoniales-integrales,"Identidad confirmada por cruce oficial; selección Anual > Baja > Inicial, luego rectificativa y dj_id. Es historial público OA previo al corte y no equivale por sí solo a la DDJJ del mandato actual."
prov-ba-sen-galmarini-malena,Malena Galmarini,2020,oficial_consolidado_oa,Anual,1,609855,5674153.29,0.00,5674153.29,148828201.62,67433.04,385.8826,84.1450,2138.70,1570.95,1522.34,https://datos.jus.gob.ar/dataset/declaraciones-juradas-patrimoniales-integrales,"Identidad confirmada por cruce oficial; selección Anual > Baja > Inicial, luego rectificativa y dj_id. Es historial público OA previo al corte y no equivale por sí solo a la DDJJ del mandato actual."
prov-ba-sen-galmarini-malena,Malena Galmarini,2021,oficial_consolidado_oa,Anual,1,609856,12656085.23,0.00,12656085.23,219924956.50,123173.58,582.4575,102.7500,4770.32,2321.40,2780.71,https://datos.jus.gob.ar/dataset/declaraciones-juradas-patrimoniales-integrales,"Identidad confirmada por cruce oficial; selección Anual > Baja > Inicial, luego rectificativa y dj_id. Es historial público OA previo al corte y no equivale por sí solo a la DDJJ del mandato actual."
prov-ba-sen-galmarini-malena,Malena Galmarini,2022,oficial_consolidado_oa,Anual,0,648822,21873605.44,39615.30,21833990.14,195128966.87,123490.18,1134.5875,177.1283,8244.58,2059.67,2787.86,https://datos.jus.gob.ar/dataset/declaraciones-juradas-patrimoniales-integrales,"Identidad confirmada por cruce oficial; selección Anual > Baja > Inicial, luego rectificativa y dj_id. Es historial público OA previo al corte y no equivale por sí solo a la DDJJ del mandato actual."
prov-ba-sen-galmarini-malena,Malena Galmarini,2023,oficial_consolidado_oa,Baja,0,689591,67351629.66,0.00,67351629.66,192939083.51,83306.15,3533.1922,808.4833,25386.12,2036.56,1880.68,https://datos.jus.gob.ar/dataset/declaraciones-juradas-patrimoniales-integrales,"Identidad confirmada por cruce oficial; selección Anual > Baja > Inicial, luego rectificativa y dj_id. Es historial público OA previo al corte y no equivale por sí solo a la DDJJ del mandato actual."
prov-ba-sen-galmarini-malena,Malena Galmarini,2024,no_localizada,,,,,,,,,7694.0075,1032.5000,,,,https://datos.jus.gob.ar/dataset/declaraciones-juradas-patrimoniales-integrales,No se localizó una DJPI consolidada para esta persona y año; no equivale a patrimonio cero. Es historial público OA previo al corte y no equivale por sí solo a la DDJJ del mandato actual.
prov-ba-sen-galmarini-malena,Malena Galmarini,2025,no_localizada,,,,,,,,,10121.3715,1459.4167,,,,https://datos.jus.gob.ar/dataset/declaraciones-juradas-patrimoniales-integrales,No se localizó una DJPI consolidada para esta persona y año; no equivale a patrimonio cero. Es historial público OA previo al corte y no equivale por sí solo a la DDJJ del mandato actual.
prov-ba-sen-leguizamon-brown-marcelo,Marcelo Leguizamón Brown,2017,oficial_consolidado_oa,Baja,0,413139,1218300.00,0.00,1218300.00,98808506.86,64892.25,124.7956,18.7742,100.00,100.00,100.00,https://datos.jus.gob.ar/dataset/declaraciones-juradas-patrimoniales-integrales,"Identidad confirmada por cruce oficial; selección Anual > Baja > Inicial, luego rectificativa y dj_id. Es historial público OA previo al corte y no equivale por sí solo a la DDJJ del mandato actual."
prov-ba-sen-leguizamon-brown-marcelo,Marcelo Leguizamón Brown,2018,no_localizada,,,,,,,,,184.2552,37.8083,,,,https://datos.jus.gob.ar/dataset/declaraciones-juradas-patrimoniales-integrales,No se localizó una DJPI consolidada para esta persona y año; no equivale a patrimonio cero. Es historial público OA previo al corte y no equivale por sí solo a la DDJJ del mandato actual.
prov-ba-sen-leguizamon-brown-marcelo,Marcelo Leguizamón Brown,2019,no_localizada,,,,,,,,,283.4442,59.8950,,,,https://datos.jus.gob.ar/dataset/declaraciones-juradas-patrimoniales-integrales,No se localizó una DJPI consolidada para esta persona y año; no equivale a patrimonio cero. Es historial público OA previo al corte y no equivale por sí solo a la DDJJ del mandato actual.
prov-ba-sen-leguizamon-brown-marcelo,Marcelo Leguizamón Brown,2020,no_localizada,,,,,,,,,385.8826,84.1450,,,,https://datos.jus.gob.ar/dataset/declaraciones-juradas-patrimoniales-integrales,No se localizó una DJPI consolidada para esta persona y año; no equivale a patrimonio cero. Es historial público OA previo al corte y no equivale por sí solo a la DDJJ del mandato actual.
prov-ba-sen-leguizamon-brown-marcelo,Marcelo Leguizamón Brown,2021,no_localizada,,,,,,,,,582.4575,102.7500,,,,https://datos.jus.gob.ar/dataset/declaraciones-juradas-patrimoniales-integrales,No se localizó una DJPI consolidada para esta persona y año; no equivale a patrimonio cero. Es historial público OA previo al corte y no equivale por sí solo a la DDJJ del mandato actual.
prov-ba-sen-leguizamon-brown-marcelo,Marcelo Leguizamón Brown,2022,no_localizada,,,,,,,,,1134.5875,177.1283,,,,https://datos.jus.gob.ar/dataset/declaraciones-juradas-patrimoniales-integrales,No se localizó una DJPI consolidada para esta persona y año; no equivale a patrimonio cero. Es historial público OA previo al corte y no equivale por sí solo a la DDJJ del mandato actual.
prov-ba-sen-leguizamon-brown-marcelo,Marcelo Leguizamón Brown,2023,no_localizada,,,,,,,,,3533.1922,808.4833,,,,https://datos.jus.gob.ar/dataset/declaraciones-juradas-patrimoniales-integrales,No se localizó una DJPI consolidada para esta persona y año; no equivale a patrimonio cero. Es historial público OA previo al corte y no equivale por sí solo a la DDJJ del mandato actual.
prov-ba-sen-leguizamon-brown-marcelo,Marcelo Leguizamón Brown,2024,no_localizada,,,,,,,,,7694.0075,1032.5000,,,,https://datos.jus.gob.ar/dataset/declaraciones-juradas-patrimoniales-integrales,No se localizó una DJPI consolidada para esta persona y año; no equivale a patrimonio cero. Es historial público OA previo al corte y no equivale por sí solo a la DDJJ del mandato actual.
prov-ba-sen-leguizamon-brown-marcelo,Marcelo Leguizamón Brown,2025,no_localizada,,,,,,,,,10121.3715,1459.4167,,,,https://datos.jus.gob.ar/dataset/declaraciones-juradas-patrimoniales-integrales,No se localizó una DJPI consolidada para esta persona y año; no equivale a patrimonio cero. Es historial público OA previo al corte y no equivale por sí solo a la DDJJ del mandato actual.
prov-ba-sen-pisano-marcos-emilio,Marcos Emilio Pisano,2017,oficial_consolidado_oa,Anual,0,338560,1165330.48,205212.70,960117.78,94512488.49,62070.85,124.7956,18.7742,100.00,100.00,100.00,https://datos.jus.gob.ar/dataset/declaraciones-juradas-patrimoniales-integrales,"Identidad confirmada por cruce oficial; selección Anual > Baja > Inicial, luego rectificativa y dj_id. Es historial público OA previo al corte y no equivale por sí solo a la DDJJ del mandato actual."
prov-ba-sen-pisano-marcos-emilio,Marcos Emilio Pisano,2018,oficial_consolidado_oa,Anual,0,410422,2925011.10,2240000.00,685011.10,160674564.33,77364.26,184.2552,37.8083,251.00,170.00,124.64,https://datos.jus.gob.ar/dataset/declaraciones-juradas-patrimoniales-integrales,"Identidad confirmada por cruce oficial; selección Anual > Baja > Inicial, luego rectificativa y dj_id. Es historial público OA previo al corte y no equivale por sí solo a la DDJJ del mandato actual."
prov-ba-sen-pisano-marcos-emilio,Marcos Emilio Pisano,2019,no_localizada,,,,,,,,,283.4442,59.8950,,,,https://datos.jus.gob.ar/dataset/declaraciones-juradas-patrimoniales-integrales,No se localizó una DJPI consolidada para esta persona y año; no equivale a patrimonio cero. Es historial público OA previo al corte y no equivale por sí solo a la DDJJ del mandato actual.
prov-ba-sen-pisano-marcos-emilio,Marcos Emilio Pisano,2020,no_localizada,,,,,,,,,385.8826,84.1450,,,,https://datos.jus.gob.ar/dataset/declaraciones-juradas-patrimoniales-integrales,No se localizó una DJPI consolidada para esta persona y año; no equivale a patrimonio cero. Es historial público OA previo al corte y no equivale por sí solo a la DDJJ del mandato actual.
prov-ba-sen-pisano-marcos-emilio,Marcos Emilio Pisano,2021,no_localizada,,,,,,,,,582.4575,102.7500,,,,https://datos.jus.gob.ar/dataset/declaraciones-juradas-patrimoniales-integrales,No se localizó una DJPI consolidada para esta persona y año; no equivale a patrimonio cero. Es historial público OA previo al corte y no equivale por sí solo a la DDJJ del mandato actual.
prov-ba-sen-pisano-marcos-emilio,Marcos Emilio Pisano,2022,no_localizada,,,,,,,,,1134.5875,177.1283,,,,https://datos.jus.gob.ar/dataset/declaraciones-juradas-patrimoniales-integrales,No se localizó una DJPI consolidada para esta persona y año; no equivale a patrimonio cero. Es historial público OA previo al corte y no equivale por sí solo a la DDJJ del mandato actual.
prov-ba-sen-pisano-marcos-emilio,Marcos Emilio Pisano,2023,no_localizada,,,,,,,,,3533.1922,808.4833,,,,https://datos.jus.gob.ar/dataset/declaraciones-juradas-patrimoniales-integrales,No se localizó una DJPI consolidada para esta persona y año; no equivale a patrimonio cero. Es historial público OA previo al corte y no equivale por sí solo a la DDJJ del mandato actual.
prov-ba-sen-pisano-marcos-emilio,Marcos Emilio Pisano,2024,no_localizada,,,,,,,,,7694.0075,1032.5000,,,,https://datos.jus.gob.ar/dataset/declaraciones-juradas-patrimoniales-integrales,No se localizó una DJPI consolidada para esta persona y año; no equivale a patrimonio cero. Es historial público OA previo al corte y no equivale por sí solo a la DDJJ del mandato actual.
prov-ba-sen-pisano-marcos-emilio,Marcos Emilio Pisano,2025,no_localizada,,,,,,,,,10121.3715,1459.4167,,,,https://datos.jus.gob.ar/dataset/declaraciones-juradas-patrimoniales-integrales,No se localizó una DJPI consolidada para esta persona y año; no equivale a patrimonio cero. Es historial público OA previo al corte y no equivale por sí solo a la DDJJ del mandato actual.
prov-ba-sen-martinez-maria-cecilia,Maria Cecilia Martinez,2017,oficial_consolidado_oa,Anual,0,279749,822811.50,0.00,822811.50,66732968.68,43826.71,124.7956,18.7742,100.00,100.00,100.00,https://datos.jus.gob.ar/dataset/declaraciones-juradas-patrimoniales-integrales,"Identidad confirmada por cruce oficial; selección Anual > Baja > Inicial, luego rectificativa y dj_id. Es historial público OA previo al corte y no equivale por sí solo a la DDJJ del mandato actual."
prov-ba-sen-martinez-maria-cecilia,Maria Cecilia Martinez,2018,oficial_consolidado_oa,Anual,0,367531,4125000.00,440000.00,3685000.00,226591474.42,109103.03,184.2552,37.8083,501.33,339.55,248.94,https://datos.jus.gob.ar/dataset/declaraciones-juradas-patrimoniales-integrales,"Identidad confirmada por cruce oficial; selección Anual > Baja > Inicial, luego rectificativa y dj_id. Es historial público OA previo al corte y no equivale por sí solo a la DDJJ del mandato actual."
prov-ba-sen-martinez-maria-cecilia,Maria Cecilia Martinez,2019,oficial_consolidado_oa,Anual,0,458825,19654000.00,3080130.00,16573870.00,701815156.07,328140.91,283.4442,59.8950,2388.64,1051.68,748.72,https://datos.jus.gob.ar/dataset/declaraciones-juradas-patrimoniales-integrales,"Identidad confirmada por cruce oficial; selección Anual > Baja > Inicial, luego rectificativa y dj_id. Es historial público OA previo al corte y no equivale por sí solo a la DDJJ del mandato actual."
prov-ba-sen-martinez-maria-cecilia,Maria Cecilia Martinez,2020,oficial_consolidado_oa,Anual,0,516904,24500000.00,3200000.00,21300000.00,642614105.30,291164.06,385.8826,84.1450,2977.60,962.96,664.35,https://datos.jus.gob.ar/dataset/declaraciones-juradas-patrimoniales-integrales,"Identidad confirmada por cruce oficial; selección Anual > Baja > Inicial, luego rectificativa y dj_id. Es historial público OA previo al corte y no equivale por sí solo a la DDJJ del mandato actual."
prov-ba-sen-martinez-maria-cecilia,Maria Cecilia Martinez,2021,oficial_consolidado_oa,Anual,0,552457,20000000.00,5050000.00,14950000.00,347540258.30,194647.20,582.4575,102.7500,2430.69,520.79,444.13,https://datos.jus.gob.ar/dataset/declaraciones-juradas-patrimoniales-integrales,"Identidad confirmada por cruce oficial; selección Anual > Baja > Inicial, luego rectificativa y dj_id. Es historial público OA previo al corte y no equivale por sí solo a la DDJJ del mandato actual."
prov-ba-sen-martinez-maria-cecilia,Maria Cecilia Martinez,2022,oficial_consolidado_oa,Anual,0,633268,38040000.00,1800000.00,36240000.00,339345331.99,214759.58,1134.5875,177.1283,4623.17,508.51,490.02,https://datos.jus.gob.ar/dataset/declaraciones-juradas-patrimoniales-integrales,"Identidad confirmada por cruce oficial; selección Anual > Baja > Inicial, luego rectificativa y dj_id. Es historial público OA previo al corte y no equivale por sí solo a la DDJJ del mandato actual."
prov-ba-sen-martinez-maria-cecilia,Maria Cecilia Martinez,2023,oficial_consolidado_oa,Anual,0,728250,395000000.00,8500000.00,386500000.00,1131538143.47,488569.15,3533.1922,808.4833,48006.14,1695.62,1114.77,https://datos.jus.gob.ar/dataset/declaraciones-juradas-patrimoniales-integrales,"Identidad confirmada por cruce oficial; selección Anual > Baja > Inicial, luego rectificativa y dj_id. Es historial público OA previo al corte y no equivale por sí solo a la DDJJ del mandato actual."
prov-ba-sen-martinez-maria-cecilia,Maria Cecilia Martinez,2024,oficial_consolidado_oa,Anual,0,770768,555000000.00,0.00,555000000.00,730095620.85,537530.27,7694.0075,1032.5000,67451.66,1094.06,1226.49,https://datos.jus.gob.ar/dataset/declaraciones-juradas-patrimoniales-integrales,"Identidad confirmada por cruce oficial; selección Anual > Baja > Inicial, luego rectificativa y dj_id. Es historial público OA previo al corte y no equivale por sí solo a la DDJJ del mandato actual."
prov-ba-sen-martinez-maria-cecilia,Maria Cecilia Martinez,2025,no_localizada,,,,,,,,,10121.3715,1459.4167,,,,https://datos.jus.gob.ar/dataset/declaraciones-juradas-patrimoniales-integrales,No se localizó una DJPI consolidada para esta persona y año; no equivale a patrimonio cero. Es historial público OA previo al corte y no equivale por sí solo a la DDJJ del mandato actual.
prov-ba-sen-subiza-maria-emilia,Maria Emilia Subiza,2017,oficial_consolidado_oa,Anual,0,358600,539327.35,206535.49,332791.86,43741385.67,28727.05,124.7956,18.7742,100.00,100.00,100.00,https://datos.jus.gob.ar/dataset/declaraciones-juradas-patrimoniales-integrales,"Identidad confirmada por cruce oficial; selección Anual > Baja > Inicial, luego rectificativa y dj_id. Es historial público OA previo al corte y no equivale por sí solo a la DDJJ del mandato actual."
prov-ba-sen-subiza-maria-emilia,Maria Emilia Subiza,2018,oficial_consolidado_oa,Baja,0,362467,2092432.62,190695.30,1901737.32,114939973.94,55343.21,184.2552,37.8083,387.97,262.77,192.65,https://datos.jus.gob.ar/dataset/declaraciones-juradas-patrimoniales-integrales,"Identidad confirmada por cruce oficial; selección Anual > Baja > Inicial, luego rectificativa y dj_id. Es historial público OA previo al corte y no equivale por sí solo a la DDJJ del mandato actual."
prov-ba-sen-subiza-maria-emilia,Maria Emilia Subiza,2019,no_localizada,,,,,,,,,283.4442,59.8950,,,,https://datos.jus.gob.ar/dataset/declaraciones-juradas-patrimoniales-integrales,No se localizó una DJPI consolidada para esta persona y año; no equivale a patrimonio cero. Es historial público OA previo al corte y no equivale por sí solo a la DDJJ del mandato actual.
prov-ba-sen-subiza-maria-emilia,Maria Emilia Subiza,2020,no_localizada,,,,,,,,,385.8826,84.1450,,,,https://datos.jus.gob.ar/dataset/declaraciones-juradas-patrimoniales-integrales,No se localizó una DJPI consolidada para esta persona y año; no equivale a patrimonio cero. Es historial público OA previo al corte y no equivale por sí solo a la DDJJ del mandato actual.
prov-ba-sen-subiza-maria-emilia,Maria Emilia Subiza,2021,no_localizada,,,,,,,,,582.4575,102.7500,,,,https://datos.jus.gob.ar/dataset/declaraciones-juradas-patrimoniales-integrales,No se localizó una DJPI consolidada para esta persona y año; no equivale a patrimonio cero. Es historial público OA previo al corte y no equivale por sí solo a la DDJJ del mandato actual.
prov-ba-sen-subiza-maria-emilia,Maria Emilia Subiza,2022,no_localizada,,,,,,,,,1134.5875,177.1283,,,,https://datos.jus.gob.ar/dataset/declaraciones-juradas-patrimoniales-integrales,No se localizó una DJPI consolidada para esta persona y año; no equivale a patrimonio cero. Es historial público OA previo al corte y no equivale por sí solo a la DDJJ del mandato actual.
prov-ba-sen-subiza-maria-emilia,Maria Emilia Subiza,2023,oficial_consolidado_oa,Anual,0,715946,23774029.06,0.00,23774029.06,68104356.22,29405.71,3533.1922,808.4833,4408.09,155.70,102.36,https://datos.jus.gob.ar/dataset/declaraciones-juradas-patrimoniales-integrales,"Identidad confirmada por cruce oficial; selección Anual > Baja > Inicial, luego rectificativa y dj_id. Es historial público OA previo al corte y no equivale por sí solo a la DDJJ del mandato actual."
prov-ba-sen-subiza-maria-emilia,Maria Emilia Subiza,2024,no_localizada,,,,,,,,,7694.0075,1032.5000,,,,https://datos.jus.gob.ar/dataset/declaraciones-juradas-patrimoniales-integrales,No se localizó una DJPI consolidada para esta persona y año; no equivale a patrimonio cero. Es historial público OA previo al corte y no equivale por sí solo a la DDJJ del mandato actual.
prov-ba-sen-subiza-maria-emilia,Maria Emilia Subiza,2025,no_localizada,,,,,,,,,10121.3715,1459.4167,,,,https://datos.jus.gob.ar/dataset/declaraciones-juradas-patrimoniales-integrales,No se localizó una DJPI consolidada para esta persona y año; no equivale a patrimonio cero. Es historial público OA previo al corte y no equivale por sí solo a la DDJJ del mandato actual.
prov-ba-sen-raverta-maria-fernanda,Maria Fernanda Raverta,2017,oficial_consolidado_oa,Anual,0,286111,1830035.38,1134960.00,695075.38,148422443.89,97476.08,124.7956,18.7742,100.00,100.00,100.00,https://datos.jus.gob.ar/dataset/declaraciones-juradas-patrimoniales-integrales,"Identidad confirmada por cruce oficial; selección Anual > Baja > Inicial, luego rectificativa y dj_id. Es historial público OA previo al corte y no equivale por sí solo a la DDJJ del mandato actual."
prov-ba-sen-raverta-maria-fernanda,Maria Fernanda Raverta,2018,oficial_consolidado_oa,Anual,0,407290,2362545.25,0.00,2362545.25,129777602.81,62487.48,184.2552,37.8083,129.10,87.44,64.11,https://datos.jus.gob.ar/dataset/declaraciones-juradas-patrimoniales-integrales,"Identidad confirmada por cruce oficial; selección Anual > Baja > Inicial, luego rectificativa y dj_id. Es historial público OA previo al corte y no equivale por sí solo a la DDJJ del mandato actual."
prov-ba-sen-raverta-maria-fernanda,Maria Fernanda Raverta,2019,oficial_consolidado_oa,Baja,0,419427,2916333.33,0.00,2916333.33,104137932.80,48690.76,283.4442,59.8950,159.36,70.16,49.95,https://datos.jus.gob.ar/dataset/declaraciones-juradas-patrimoniales-integrales,"Identidad confirmada por cruce oficial; selección Anual > Baja > Inicial, luego rectificativa y dj_id. Es historial público OA previo al corte y no equivale por sí solo a la DDJJ del mandato actual."
prov-ba-sen-raverta-maria-fernanda,Maria Fernanda Raverta,2020,oficial_consolidado_oa,Anual,0,524360,4207783.29,0.00,4207783.29,110366567.11,50006.34,385.8826,84.1450,229.93,74.36,51.30,https://datos.jus.gob.ar/dataset/declaraciones-juradas-patrimoniales-integrales,"Identidad confirmada por cruce oficial; selección Anual > Baja > Inicial, luego rectificativa y dj_id. Es historial público OA previo al corte y no equivale por sí solo a la DDJJ del mandato actual."
prov-ba-sen-raverta-maria-fernanda,Maria Fernanda Raverta,2021,oficial_consolidado_oa,Anual,0,581398,4736477.94,0.00,4736477.94,82305838.34,46097.11,582.4575,102.7500,258.82,55.45,47.29,https://datos.jus.gob.ar/dataset/declaraciones-juradas-patrimoniales-integrales,"Identidad confirmada por cruce oficial; selección Anual > Baja > Inicial, luego rectificativa y dj_id. Es historial público OA previo al corte y no equivale por sí solo a la DDJJ del mandato actual."
prov-ba-sen-raverta-maria-fernanda,Maria Fernanda Raverta,2022,oficial_consolidado_oa,Anual,0,649574,7717375.25,0.00,7717375.25,68844775.67,43569.41,1134.5875,177.1283,421.71,46.38,44.70,https://datos.jus.gob.ar/dataset/declaraciones-juradas-patrimoniales-integrales,"Identidad confirmada por cruce oficial; selección Anual > Baja > Inicial, luego rectificativa y dj_id. Es historial público OA previo al corte y no equivale por sí solo a la DDJJ del mandato actual."
prov-ba-sen-raverta-maria-fernanda,Maria Fernanda Raverta,2023,oficial_consolidado_oa,Baja,0,685724,9690009.63,0.00,9690009.63,27758520.27,11985.42,3533.1922,808.4833,529.50,18.70,12.30,https://datos.jus.gob.ar/dataset/declaraciones-juradas-patrimoniales-integrales,"Identidad confirmada por cruce oficial; selección Anual > Baja > Inicial, luego rectificativa y dj_id. Es historial público OA previo al corte y no equivale por sí solo a la DDJJ del mandato actual."
prov-ba-sen-raverta-maria-fernanda,Maria Fernanda Raverta,2024,no_localizada,,,,,,,,,7694.0075,1032.5000,,,,https://datos.jus.gob.ar/dataset/declaraciones-juradas-patrimoniales-integrales,No se localizó una DJPI consolidada para esta persona y año; no equivale a patrimonio cero. Es historial público OA previo al corte y no equivale por sí solo a la DDJJ del mandato actual.
prov-ba-sen-raverta-maria-fernanda,Maria Fernanda Raverta,2025,no_localizada,,,,,,,,,10121.3715,1459.4167,,,,https://datos.jus.gob.ar/dataset/declaraciones-juradas-patrimoniales-integrales,No se localizó una DJPI consolidada para esta persona y año; no equivale a patrimonio cero. Es historial público OA previo al corte y no equivale por sí solo a la DDJJ del mandato actual.
prov-ba-sen-arietto-maria-florencia,Maria Florencia Arietto,2017,oficial_consolidado_oa,Inicial,0,257043,0.00,0.00,0.00,0.00,0.00,124.7956,18.7742,0.00,0.00,0.00,https://datos.jus.gob.ar/dataset/declaraciones-juradas-patrimoniales-integrales,"Identidad confirmada por cruce oficial; selección Anual > Baja > Inicial, luego rectificativa y dj_id. Es historial público OA previo al corte y no equivale por sí solo a la DDJJ del mandato actual."
prov-ba-sen-arietto-maria-florencia,Maria Florencia Arietto,2018,oficial_consolidado_oa,Anual,0,385263,672190.00,0.00,672190.00,36924248.05,17778.90,184.2552,37.8083,100.00,100.00,100.00,https://datos.jus.gob.ar/dataset/declaraciones-juradas-patrimoniales-integrales,"Identidad confirmada por cruce oficial; selección Anual > Baja > Inicial, luego rectificativa y dj_id. Es historial público OA previo al corte y no equivale por sí solo a la DDJJ del mandato actual."
prov-ba-sen-arietto-maria-florencia,Maria Florencia Arietto,2019,oficial_consolidado_oa,Baja,0,422554,159420.00,0.00,159420.00,5692651.48,2661.66,283.4442,59.8950,23.72,15.42,14.97,https://datos.jus.gob.ar/dataset/declaraciones-juradas-patrimoniales-integrales,"Identidad confirmada por cruce oficial; selección Anual > Baja > Inicial, luego rectificativa y dj_id. Es historial público OA previo al corte y no equivale por sí solo a la DDJJ del mandato actual."
prov-ba-sen-arietto-maria-florencia,Maria Florencia Arietto,2020,no_localizada,,,,,,,,,385.8826,84.1450,,,,https://datos.jus.gob.ar/dataset/declaraciones-juradas-patrimoniales-integrales,No se localizó una DJPI consolidada para esta persona y año; no equivale a patrimonio cero. Es historial público OA previo al corte y no equivale por sí solo a la DDJJ del mandato actual.
prov-ba-sen-arietto-maria-florencia,Maria Florencia Arietto,2021,no_localizada,,,,,,,,,582.4575,102.7500,,,,https://datos.jus.gob.ar/dataset/declaraciones-juradas-patrimoniales-integrales,No se localizó una DJPI consolidada para esta persona y año; no equivale a patrimonio cero. Es historial público OA previo al corte y no equivale por sí solo a la DDJJ del mandato actual.
prov-ba-sen-arietto-maria-florencia,Maria Florencia Arietto,2022,no_localizada,,,,,,,,,1134.5875,177.1283,,,,https://datos.jus.gob.ar/dataset/declaraciones-juradas-patrimoniales-integrales,No se localizó una DJPI consolidada para esta persona y año; no equivale a patrimonio cero. Es historial público OA previo al corte y no equivale por sí solo a la DDJJ del mandato actual.
prov-ba-sen-arietto-maria-florencia,Maria Florencia Arietto,2023,no_localizada,,,,,,,,,3533.1922,808.4833,,,,https://datos.jus.gob.ar/dataset/declaraciones-juradas-patrimoniales-integrales,No se localizó una DJPI consolidada para esta persona y año; no equivale a patrimonio cero. Es historial público OA previo al corte y no equivale por sí solo a la DDJJ del mandato actual.
prov-ba-sen-arietto-maria-florencia,Maria Florencia Arietto,2024,no_localizada,,,,,,,,,7694.0075,1032.5000,,,,https://datos.jus.gob.ar/dataset/declaraciones-juradas-patrimoniales-integrales,No se localizó una DJPI consolidada para esta persona y año; no equivale a patrimonio cero. Es historial público OA previo al corte y no equivale por sí solo a la DDJJ del mandato actual.
prov-ba-sen-arietto-maria-florencia,Maria Florencia Arietto,2025,no_localizada,,,,,,,,,10121.3715,1459.4167,,,,https://datos.jus.gob.ar/dataset/declaraciones-juradas-patrimoniales-integrales,No se localizó una DJPI consolidada para esta persona y año; no equivale a patrimonio cero. Es historial público OA previo al corte y no equivale por sí solo a la DDJJ del mandato actual.
prov-ba-sen-bambaci-maria-luz,Maria Luz Bambaci,2017,oficial_consolidado_oa,Anual,0,330642,24020570.00,0.00,24020570.00,1948154523.17,1279445.73,124.7956,18.7742,100.00,100.00,100.00,https://datos.jus.gob.ar/dataset/declaraciones-juradas-patrimoniales-integrales,"Identidad confirmada por cruce oficial; selección Anual > Baja > Inicial, luego rectificativa y dj_id. Es historial público OA previo al corte y no equivale por sí solo a la DDJJ del mandato actual."
prov-ba-sen-bambaci-maria-luz,Maria Luz Bambaci,2018,oficial_consolidado_oa,Anual,0,365721,3922179.35,0.00,3922179.35,215450279.24,103738.58,184.2552,37.8083,16.33,11.06,8.11,https://datos.jus.gob.ar/dataset/declaraciones-juradas-patrimoniales-integrales,"Identidad confirmada por cruce oficial; selección Anual > Baja > Inicial, luego rectificativa y dj_id. Es historial público OA previo al corte y no equivale por sí solo a la DDJJ del mandato actual."
prov-ba-sen-bambaci-maria-luz,Maria Luz Bambaci,2019,oficial_consolidado_oa,Anual,0,478275,4303672.35,0.00,4303672.35,153677749.16,71853.62,283.4442,59.8950,17.92,7.89,5.62,https://datos.jus.gob.ar/dataset/declaraciones-juradas-patrimoniales-integrales,"Identidad confirmada por cruce oficial; selección Anual > Baja > Inicial, luego rectificativa y dj_id. Es historial público OA previo al corte y no equivale por sí solo a la DDJJ del mandato actual."
prov-ba-sen-bambaci-maria-luz,Maria Luz Bambaci,2020,no_localizada,,,,,,,,,385.8826,84.1450,,,,https://datos.jus.gob.ar/dataset/declaraciones-juradas-patrimoniales-integrales,No se localizó una DJPI consolidada para esta persona y año; no equivale a patrimonio cero. Es historial público OA previo al corte y no equivale por sí solo a la DDJJ del mandato actual.
prov-ba-sen-bambaci-maria-luz,Maria Luz Bambaci,2021,no_localizada,,,,,,,,,582.4575,102.7500,,,,https://datos.jus.gob.ar/dataset/declaraciones-juradas-patrimoniales-integrales,No se localizó una DJPI consolidada para esta persona y año; no equivale a patrimonio cero. Es historial público OA previo al corte y no equivale por sí solo a la DDJJ del mandato actual.
prov-ba-sen-bambaci-maria-luz,Maria Luz Bambaci,2022,no_localizada,,,,,,,,,1134.5875,177.1283,,,,https://datos.jus.gob.ar/dataset/declaraciones-juradas-patrimoniales-integrales,No se localizó una DJPI consolidada para esta persona y año; no equivale a patrimonio cero. Es historial público OA previo al corte y no equivale por sí solo a la DDJJ del mandato actual.
prov-ba-sen-bambaci-maria-luz,Maria Luz Bambaci,2023,no_localizada,,,,,,,,,3533.1922,808.4833,,,,https://datos.jus.gob.ar/dataset/declaraciones-juradas-patrimoniales-integrales,No se localizó una DJPI consolidada para esta persona y año; no equivale a patrimonio cero. Es historial público OA previo al corte y no equivale por sí solo a la DDJJ del mandato actual.
prov-ba-sen-bambaci-maria-luz,Maria Luz Bambaci,2024,oficial_consolidado_oa,Anual,0,823347,10309764.35,0.00,10309764.35,13562367.21,9985.24,7694.0075,1032.5000,42.92,0.70,0.78,https://datos.jus.gob.ar/dataset/declaraciones-juradas-patrimoniales-integrales,"Identidad confirmada por cruce oficial; selección Anual > Baja > Inicial, luego rectificativa y dj_id. Es historial público OA previo al corte y no equivale por sí solo a la DDJJ del mandato actual."
prov-ba-sen-bambaci-maria-luz,Maria Luz Bambaci,2025,no_localizada,,,,,,,,,10121.3715,1459.4167,,,,https://datos.jus.gob.ar/dataset/declaraciones-juradas-patrimoniales-integrales,No se localizó una DJPI consolidada para esta persona y año; no equivale a patrimonio cero. Es historial público OA previo al corte y no equivale por sí solo a la DDJJ del mandato actual.
prov-ba-sen-martinez-maria-rosa,Maria Rosa Martinez,2017,no_localizada,,,,,,,,,124.7956,18.7742,,,,https://datos.jus.gob.ar/dataset/declaraciones-juradas-patrimoniales-integrales,No se localizó una DJPI consolidada para esta persona y año; no equivale a patrimonio cero. Es historial público OA previo al corte y no equivale por sí solo a la DDJJ del mandato actual.
prov-ba-sen-martinez-maria-rosa,Maria Rosa Martinez,2018,oficial_consolidado_oa,Anual,0,412178,1245139.95,0.00,1245139.95,68397114.46,32932.98,184.2552,37.8083,100.00,100.00,100.00,https://datos.jus.gob.ar/dataset/declaraciones-juradas-patrimoniales-integrales,"Identidad confirmada por cruce oficial; selección Anual > Baja > Inicial, luego rectificativa y dj_id. Es historial público OA previo al corte y no equivale por sí solo a la DDJJ del mandato actual."
prov-ba-sen-martinez-maria-rosa,Maria Rosa Martinez,2019,oficial_consolidado_oa,Anual,0,437475,4443888.95,0.00,4443888.95,158684675.74,74194.66,283.4442,59.8950,356.90,232.00,225.29,https://datos.jus.gob.ar/dataset/declaraciones-juradas-patrimoniales-integrales,"Identidad confirmada por cruce oficial; selección Anual > Baja > Inicial, luego rectificativa y dj_id. Es historial público OA previo al corte y no equivale por sí solo a la DDJJ del mandato actual."
prov-ba-sen-martinez-maria-rosa,Maria Rosa Martinez,2020,oficial_consolidado_oa,Anual,0,518759,7018445.01,0.00,7018445.01,184087826.97,83408.94,385.8826,84.1450,563.67,269.15,253.27,https://datos.jus.gob.ar/dataset/declaraciones-juradas-patrimoniales-integrales,"Identidad confirmada por cruce oficial; selección Anual > Baja > Inicial, luego rectificativa y dj_id. Es historial público OA previo al corte y no equivale por sí solo a la DDJJ del mandato actual."
prov-ba-sen-martinez-maria-rosa,Maria Rosa Martinez,2021,oficial_consolidado_oa,Anual,0,577743,3471132.50,0.00,3471132.50,60317914.28,33782.31,582.4575,102.7500,278.77,88.19,102.58,https://datos.jus.gob.ar/dataset/declaraciones-juradas-patrimoniales-integrales,"Identidad confirmada por cruce oficial; selección Anual > Baja > Inicial, luego rectificativa y dj_id. Es historial público OA previo al corte y no equivale por sí solo a la DDJJ del mandato actual."
prov-ba-sen-martinez-maria-rosa,Maria Rosa Martinez,2022,oficial_consolidado_oa,Anual,0,657657,16052607.50,0.00,16052607.50,143201299.20,90627.01,1134.5875,177.1283,1289.22,209.37,275.19,https://datos.jus.gob.ar/dataset/declaraciones-juradas-patrimoniales-integrales,"Identidad confirmada por cruce oficial; selección Anual > Baja > Inicial, luego rectificativa y dj_id. Es historial público OA previo al corte y no equivale por sí solo a la DDJJ del mandato actual."
prov-ba-sen-martinez-maria-rosa,Maria Rosa Martinez,2023,oficial_consolidado_oa,Baja,0,685483,14706223.50,0.00,14706223.50,42128235.03,18189.89,3533.1922,808.4833,1181.09,61.59,55.23,https://datos.jus.gob.ar/dataset/declaraciones-juradas-patrimoniales-integrales,"Identidad confirmada por cruce oficial; selección Anual > Baja > Inicial, luego rectificativa y dj_id. Es historial público OA previo al corte y no equivale por sí solo a la DDJJ del mandato actual."
prov-ba-sen-martinez-maria-rosa,Maria Rosa Martinez,2024,no_localizada,,,,,,,,,7694.0075,1032.5000,,,,https://datos.jus.gob.ar/dataset/declaraciones-juradas-patrimoniales-integrales,No se localizó una DJPI consolidada para esta persona y año; no equivale a patrimonio cero. Es historial público OA previo al corte y no equivale por sí solo a la DDJJ del mandato actual.
prov-ba-sen-martinez-maria-rosa,Maria Rosa Martinez,2025,no_localizada,,,,,,,,,10121.3715,1459.4167,,,,https://datos.jus.gob.ar/dataset/declaraciones-juradas-patrimoniales-integrales,No se localizó una DJPI consolidada para esta persona y año; no equivale a patrimonio cero. Es historial público OA previo al corte y no equivale por sí solo a la DDJJ del mandato actual.
prov-ba-sen-macha-monica-fernanda,Monica Fernanda Macha,2017,oficial_consolidado_oa,Anual,0,337440,1001401.56,358293.14,643108.42,81217264.15,53339.24,124.7956,18.7742,100.00,100.00,100.00,https://datos.jus.gob.ar/dataset/declaraciones-juradas-patrimoniales-integrales,"Identidad confirmada por cruce oficial; selección Anual > Baja > Inicial, luego rectificativa y dj_id. Es historial público OA previo al corte y no equivale por sí solo a la DDJJ del mandato actual."
prov-ba-sen-macha-monica-fernanda,Monica Fernanda Macha,2018,oficial_consolidado_oa,Anual,0,394662,2295655.57,778277.66,1517377.91,126103267.97,60718.30,184.2552,37.8083,229.24,155.27,113.83,https://datos.jus.gob.ar/dataset/declaraciones-juradas-patrimoniales-integrales,"Identidad confirmada por cruce oficial; selección Anual > Baja > Inicial, luego rectificativa y dj_id. Es historial público OA previo al corte y no equivale por sí solo a la DDJJ del mandato actual."
prov-ba-sen-macha-monica-fernanda,Monica Fernanda Macha,2019,oficial_consolidado_oa,Anual,0,461275,3846809.11,468360.89,3378448.22,137363841.25,64225.88,283.4442,59.8950,384.14,169.13,120.41,https://datos.jus.gob.ar/dataset/declaraciones-juradas-patrimoniales-integrales,"Identidad confirmada por cruce oficial; selección Anual > Baja > Inicial, luego rectificativa y dj_id. Es historial público OA previo al corte y no equivale por sí solo a la DDJJ del mandato actual."
prov-ba-sen-macha-monica-fernanda,Monica Fernanda Macha,2020,oficial_consolidado_oa,Anual,0,521018,4874482.37,442238.82,4432243.55,127853515.39,57929.55,385.8826,84.1450,486.77,157.42,108.61,https://datos.jus.gob.ar/dataset/declaraciones-juradas-patrimoniales-integrales,"Identidad confirmada por cruce oficial; selección Anual > Baja > Inicial, luego rectificativa y dj_id. Es historial público OA previo al corte y no equivale por sí solo a la DDJJ del mandato actual."
prov-ba-sen-macha-monica-fernanda,Monica Fernanda Macha,2021,oficial_consolidado_oa,Anual,0,592426,8425340.57,273432.49,8151908.08,146407251.90,81998.45,582.4575,102.7500,841.35,180.27,153.73,https://datos.jus.gob.ar/dataset/declaraciones-juradas-patrimoniales-integrales,"Identidad confirmada por cruce oficial; selección Anual > Baja > Inicial, luego rectificativa y dj_id. Es historial público OA previo al corte y no equivale por sí solo a la DDJJ del mandato actual."
prov-ba-sen-macha-monica-fernanda,Monica Fernanda Macha,2022,oficial_consolidado_oa,Anual,0,659549,16547907.83,258277.52,16289630.31,147619749.64,93423.29,1134.5875,177.1283,1652.47,181.76,175.15,https://datos.jus.gob.ar/dataset/declaraciones-juradas-patrimoniales-integrales,"Identidad confirmada por cruce oficial; selección Anual > Baja > Inicial, luego rectificativa y dj_id. Es historial público OA previo al corte y no equivale por sí solo a la DDJJ del mandato actual."
prov-ba-sen-macha-monica-fernanda,Monica Fernanda Macha,2023,oficial_consolidado_oa,Anual,0,739005,36432231.03,631000.14,35801230.89,104365719.14,45062.44,3533.1922,808.4833,3638.12,128.50,84.48,https://datos.jus.gob.ar/dataset/declaraciones-juradas-patrimoniales-integrales,"Identidad confirmada por cruce oficial; selección Anual > Baja > Inicial, luego rectificativa y dj_id. Es historial público OA previo al corte y no equivale por sí solo a la DDJJ del mandato actual."
prov-ba-sen-macha-monica-fernanda,Monica Fernanda Macha,2024,oficial_consolidado_oa,Anual,0,805274,493099550.00,94678270.00,398421280.00,648666346.12,477578.26,7694.0075,1032.5000,49240.94,798.68,895.36,https://datos.jus.gob.ar/dataset/declaraciones-juradas-patrimoniales-integrales,"Identidad confirmada por cruce oficial; selección Anual > Baja > Inicial, luego rectificativa y dj_id. Es historial público OA previo al corte y no equivale por sí solo a la DDJJ del mandato actual."
prov-ba-sen-macha-monica-fernanda,Monica Fernanda Macha,2025,no_localizada,,,,,,,,,10121.3715,1459.4167,,,,https://datos.jus.gob.ar/dataset/declaraciones-juradas-patrimoniales-integrales,No se localizó una DJPI consolidada para esta persona y año; no equivale a patrimonio cero. Es historial público OA previo al corte y no equivale por sí solo a la DDJJ del mandato actual.
prov-ba-sen-quintana-natalia,Natalia Quintana,2017,no_localizada,,,,,,,,,124.7956,18.7742,,,,https://datos.jus.gob.ar/dataset/declaraciones-juradas-patrimoniales-integrales,No se localizó una DJPI consolidada para esta persona y año; no equivale a patrimonio cero. Es historial público OA previo al corte y no equivale por sí solo a la DDJJ del mandato actual.
prov-ba-sen-quintana-natalia,Natalia Quintana,2018,no_localizada,,,,,,,,,184.2552,37.8083,,,,https://datos.jus.gob.ar/dataset/declaraciones-juradas-patrimoniales-integrales,No se localizó una DJPI consolidada para esta persona y año; no equivale a patrimonio cero. Es historial público OA previo al corte y no equivale por sí solo a la DDJJ del mandato actual.
prov-ba-sen-quintana-natalia,Natalia Quintana,2019,no_localizada,,,,,,,,,283.4442,59.8950,,,,https://datos.jus.gob.ar/dataset/declaraciones-juradas-patrimoniales-integrales,No se localizó una DJPI consolidada para esta persona y año; no equivale a patrimonio cero. Es historial público OA previo al corte y no equivale por sí solo a la DDJJ del mandato actual.
prov-ba-sen-quintana-natalia,Natalia Quintana,2020,no_localizada,,,,,,,,,385.8826,84.1450,,,,https://datos.jus.gob.ar/dataset/declaraciones-juradas-patrimoniales-integrales,No se localizó una DJPI consolidada para esta persona y año; no equivale a patrimonio cero. Es historial público OA previo al corte y no equivale por sí solo a la DDJJ del mandato actual.
prov-ba-sen-quintana-natalia,Natalia Quintana,2021,no_localizada,,,,,,,,,582.4575,102.7500,,,,https://datos.jus.gob.ar/dataset/declaraciones-juradas-patrimoniales-integrales,No se localizó una DJPI consolidada para esta persona y año; no equivale a patrimonio cero. Es historial público OA previo al corte y no equivale por sí solo a la DDJJ del mandato actual.
prov-ba-sen-quintana-natalia,Natalia Quintana,2022,oficial_consolidado_oa,Anual,0,660206,5330000.00,0.00,5330000.00,47547597.78,30091.18,1134.5875,177.1283,100.00,100.00,100.00,https://datos.jus.gob.ar/dataset/declaraciones-juradas-patrimoniales-integrales,"Identidad confirmada por cruce oficial; selección Anual > Baja > Inicial, luego rectificativa y dj_id. Es historial público OA previo al corte y no equivale por sí solo a la DDJJ del mandato actual."
prov-ba-sen-quintana-natalia,Natalia Quintana,2023,oficial_consolidado_oa,Anual,0,732405,0.00,0.00,0.00,0.00,0.00,3533.1922,808.4833,0.00,0.00,0.00,https://datos.jus.gob.ar/dataset/declaraciones-juradas-patrimoniales-integrales,"Identidad confirmada por cruce oficial; selección Anual > Baja > Inicial, luego rectificativa y dj_id. Es historial público OA previo al corte y no equivale por sí solo a la DDJJ del mandato actual."
prov-ba-sen-quintana-natalia,Natalia Quintana,2024,oficial_consolidado_oa,Anual,0,817837,0.00,0.00,0.00,0.00,0.00,7694.0075,1032.5000,0.00,0.00,0.00,https://datos.jus.gob.ar/dataset/declaraciones-juradas-patrimoniales-integrales,"Identidad confirmada por cruce oficial; selección Anual > Baja > Inicial, luego rectificativa y dj_id. Es historial público OA previo al corte y no equivale por sí solo a la DDJJ del mandato actual."
prov-ba-sen-quintana-natalia,Natalia Quintana,2025,no_localizada,,,,,,,,,10121.3715,1459.4167,,,,https://datos.jus.gob.ar/dataset/declaraciones-juradas-patrimoniales-integrales,No se localizó una DJPI consolidada para esta persona y año; no equivale a patrimonio cero. Es historial público OA previo al corte y no equivale por sí solo a la DDJJ del mandato actual.
prov-ba-sen-vargas-sergio-raul,Sergio Raul Vargas,2017,no_localizada,,,,,,,,,124.7956,18.7742,,,,https://datos.jus.gob.ar/dataset/declaraciones-juradas-patrimoniales-integrales,No se localizó una DJPI consolidada para esta persona y año; no equivale a patrimonio cero. Es historial público OA previo al corte y no equivale por sí solo a la DDJJ del mandato actual.
prov-ba-sen-vargas-sergio-raul,Sergio Raul Vargas,2018,no_localizada,,,,,,,,,184.2552,37.8083,,,,https://datos.jus.gob.ar/dataset/declaraciones-juradas-patrimoniales-integrales,No se localizó una DJPI consolidada para esta persona y año; no equivale a patrimonio cero. Es historial público OA previo al corte y no equivale por sí solo a la DDJJ del mandato actual.
prov-ba-sen-vargas-sergio-raul,Sergio Raul Vargas,2019,no_localizada,,,,,,,,,283.4442,59.8950,,,,https://datos.jus.gob.ar/dataset/declaraciones-juradas-patrimoniales-integrales,No se localizó una DJPI consolidada para esta persona y año; no equivale a patrimonio cero. Es historial público OA previo al corte y no equivale por sí solo a la DDJJ del mandato actual.
prov-ba-sen-vargas-sergio-raul,Sergio Raul Vargas,2020,no_localizada,,,,,,,,,385.8826,84.1450,,,,https://datos.jus.gob.ar/dataset/declaraciones-juradas-patrimoniales-integrales,No se localizó una DJPI consolidada para esta persona y año; no equivale a patrimonio cero. Es historial público OA previo al corte y no equivale por sí solo a la DDJJ del mandato actual.
prov-ba-sen-vargas-sergio-raul,Sergio Raul Vargas,2021,no_localizada,,,,,,,,,582.4575,102.7500,,,,https://datos.jus.gob.ar/dataset/declaraciones-juradas-patrimoniales-integrales,No se localizó una DJPI consolidada para esta persona y año; no equivale a patrimonio cero. Es historial público OA previo al corte y no equivale por sí solo a la DDJJ del mandato actual.
prov-ba-sen-vargas-sergio-raul,Sergio Raul Vargas,2022,no_localizada,,,,,,,,,1134.5875,177.1283,,,,https://datos.jus.gob.ar/dataset/declaraciones-juradas-patrimoniales-integrales,No se localizó una DJPI consolidada para esta persona y año; no equivale a patrimonio cero. Es historial público OA previo al corte y no equivale por sí solo a la DDJJ del mandato actual.
prov-ba-sen-vargas-sergio-raul,Sergio Raul Vargas,2023,oficial_consolidado_oa,Baja,0,827621,427624348.97,2122419.24,425501929.73,1224995599.83,528921.68,3533.1922,808.4833,100.00,100.00,100.00,https://datos.jus.gob.ar/dataset/declaraciones-juradas-patrimoniales-integrales,"Identidad confirmada por cruce oficial; selección Anual > Baja > Inicial, luego rectificativa y dj_id. Es historial público OA previo al corte y no equivale por sí solo a la DDJJ del mandato actual."
prov-ba-sen-vargas-sergio-raul,Sergio Raul Vargas,2024,no_localizada,,,,,,,,,7694.0075,1032.5000,,,,https://datos.jus.gob.ar/dataset/declaraciones-juradas-patrimoniales-integrales,No se localizó una DJPI consolidada para esta persona y año; no equivale a patrimonio cero. Es historial público OA previo al corte y no equivale por sí solo a la DDJJ del mandato actual.
prov-ba-sen-vargas-sergio-raul,Sergio Raul Vargas,2025,no_localizada,,,,,,,,,10121.3715,1459.4167,,,,https://datos.jus.gob.ar/dataset/declaraciones-juradas-patrimoniales-integrales,No se localizó una DJPI consolidada para esta persona y año; no equivale a patrimonio cero. Es historial público OA previo al corte y no equivale por sí solo a la DDJJ del mandato actual.
