persona_id,persona,ambito,poder,nivel_cargo,cargo,jurisdiccion,partido_o_alianza,mandato_inicio,mandato_fin,estado_actividad,fuente_padron_url,fuente_padron_local,regimen_ddjj_actual,estado_ddjj_cargo_actual,detalle_ddjj_cargo_actual,fuente_ddjj_actual_url,oa_historial_2017_2024_estado,oa_historial_nombres,oa_anios_2017_2024,oa_cantidad_anios_2017_2024,oa_primer_anio,oa_ultimo_anio,serie_tab_id,nota_cobertura
dip-aguirre-hilda,Hilda Aguirre,Nacional,Legislativo,Diputados nacionales,Diputado/a nacional,La Rioja,UNIÓN POR LA PATRIA,10/12/2023,09/12/2027,activo_al_2026-09-01,https://www.hcdn.gob.ar/diputados/,sources/active_roster/hcdn_diputados_vigentes_2026-09-01.csv,Cámara de Diputados · Ley 25.188 / DSAD 545/2025,presentacion_2025_2026_localizada,ANUAL 2025,https://www.hcdn.gob.ar/institucional/transparencia/declaraciones_juradas/index.html,nombre_compatible_unico_en_oa,AGUIRRE HILDA CLELIA,2018|2019|2020|2021|2022|2023|2024,7,2018,2024,,"La Cámara publica cumplimiento. El cruce OA es nominal y no sustituye la verificación de CUIT, organismo y cargo antes de sumar una serie."
dip-aguero-guillermo-cesar,Guillermo César Agüero,Nacional,Legislativo,Diputados nacionales,Diputado/a nacional,Chaco,UCR - UNIÓN CÍVICA RADICAL,10/12/2025,09/12/2029,activo_al_2026-09-01,https://www.hcdn.gob.ar/diputados/,sources/active_roster/hcdn_diputados_vigentes_2026-09-01.csv,Cámara de Diputados · Ley 25.188 / DSAD 545/2025,presentacion_2025_2026_localizada,ANUAL 2025 | INICIAL 2025,https://www.hcdn.gob.ar/institucional/transparencia/declaraciones_juradas/index.html,sin_nombre_compatible_oa_2017_2024,,,0,,,,"La Cámara publica cumplimiento. El cruce OA es nominal y no sustituye la verificación de CUIT, organismo y cargo antes de sumar una serie."
dip-ajmechet-sabrina,Sabrina Ajmechet,Nacional,Legislativo,Diputados nacionales,Diputado/a nacional,Ciudad De Buenos Aires,LA LIBERTAD AVANZA,10/12/2025,09/12/2029,activo_al_2026-09-01,https://www.hcdn.gob.ar/diputados/,sources/active_roster/hcdn_diputados_vigentes_2026-09-01.csv,Cámara de Diputados · Ley 25.188 / DSAD 545/2025,presentacion_2025_2026_localizada,ANUAL 2025,https://www.hcdn.gob.ar/institucional/transparencia/declaraciones_juradas/index.html,nombre_compatible_unico_en_oa,AJMECHET SABRINA CARLOTA,2021|2022|2023|2024,4,2021,2024,,"La Cámara publica cumplimiento. El cruce OA es nominal y no sustituye la verificación de CUIT, organismo y cargo antes de sumar una serie."
dip-ali-ernesto-pipi,Ernesto Pipi Alí,Nacional,Legislativo,Diputados nacionales,Diputado/a nacional,San Luis,UNIÓN POR LA PATRIA,31/01/2024,09/12/2027,activo_al_2026-09-01,https://www.hcdn.gob.ar/diputados/,sources/active_roster/hcdn_diputados_vigentes_2026-09-01.csv,Cámara de Diputados · Ley 25.188 / DSAD 545/2025,sin_presentacion_localizada_en_listados_2025_2026,,https://www.hcdn.gob.ar/institucional/transparencia/declaraciones_juradas/index.html,sin_nombre_compatible_oa_2017_2024,,,0,,,,"La Cámara publica cumplimiento. El cruce OA es nominal y no sustituye la verificación de CUIT, organismo y cargo antes de sumar una serie."
dip-almena-carlos-alberto,Carlos Alberto Almena,Nacional,Legislativo,Diputados nacionales,Diputado/a nacional,San Luis,LA LIBERTAD AVANZA,10/12/2025,09/12/2029,activo_al_2026-09-01,https://www.hcdn.gob.ar/diputados/,sources/active_roster/hcdn_diputados_vigentes_2026-09-01.csv,Cámara de Diputados · Ley 25.188 / DSAD 545/2025,presentacion_2025_2026_localizada,ANUAL 2025 | INICIAL 2025,https://www.hcdn.gob.ar/institucional/transparencia/declaraciones_juradas/index.html,sin_nombre_compatible_oa_2017_2024,,,0,,,,"La Cámara publica cumplimiento. El cruce OA es nominal y no sustituye la verificación de CUIT, organismo y cargo antes de sumar una serie."
dip-almiron-lisandro,Lisandro Almirón,Nacional,Legislativo,Diputados nacionales,Diputado/a nacional,Corrientes,LA LIBERTAD AVANZA,10/12/2023,09/12/2027,activo_al_2026-09-01,https://www.hcdn.gob.ar/diputados/,sources/active_roster/hcdn_diputados_vigentes_2026-09-01.csv,Cámara de Diputados · Ley 25.188 / DSAD 545/2025,sin_presentacion_localizada_en_listados_2025_2026,,https://www.hcdn.gob.ar/institucional/transparencia/declaraciones_juradas/index.html,sin_nombre_compatible_oa_2017_2024,,,0,,,,"La Cámara publica cumplimiento. El cruce OA es nominal y no sustituye la verificación de CUIT, organismo y cargo antes de sumar una serie."
dip-alvarez-claudio,Claudio Álvarez,Nacional,Legislativo,Diputados nacionales,Diputado/a nacional,San Luis,ARGENTINA FEDERAL,10/12/2025,09/12/2027,activo_al_2026-09-01,https://www.hcdn.gob.ar/diputados/,sources/active_roster/hcdn_diputados_vigentes_2026-09-01.csv,Cámara de Diputados · Ley 25.188 / DSAD 545/2025,presentacion_2025_2026_localizada,ANUAL 2025 | INICIAL 2025,https://www.hcdn.gob.ar/institucional/transparencia/declaraciones_juradas/index.html,coincidencia_multiple_revisar_homonimia,ALVAREZ CLAUDIO ARIEL | ALVAREZ CLAUDIO DE JESUS | ALVAREZ CLAUDIO IVAN FERNANDO,2017|2018|2019|2020|2021|2022|2023,7,2017,2023,,"La Cámara publica cumplimiento. El cruce OA es nominal y no sustituye la verificación de CUIT, organismo y cargo antes de sumar una serie."
dip-andino-cristian,Cristian Andino,Nacional,Legislativo,Diputados nacionales,Diputado/a nacional,San Juan,UNIÓN POR LA PATRIA,10/12/2025,09/12/2029,activo_al_2026-09-01,https://www.hcdn.gob.ar/diputados/,sources/active_roster/hcdn_diputados_vigentes_2026-09-01.csv,Cámara de Diputados · Ley 25.188 / DSAD 545/2025,presentacion_2025_2026_localizada,ANUAL 2025 | INICIAL 2025,https://www.hcdn.gob.ar/institucional/transparencia/declaraciones_juradas/index.html,sin_nombre_compatible_oa_2017_2024,,,0,,,,"La Cámara publica cumplimiento. El cruce OA es nominal y no sustituye la verificación de CUIT, organismo y cargo antes de sumar una serie."
dip-andrade-javier,Javier Andrade,Nacional,Legislativo,Diputados nacionales,Diputado/a nacional,Ciudad De Buenos Aires,UNIÓN POR LA PATRIA,10/12/2025,09/12/2027,activo_al_2026-09-01,https://www.hcdn.gob.ar/diputados/,sources/active_roster/hcdn_diputados_vigentes_2026-09-01.csv,Cámara de Diputados · Ley 25.188 / DSAD 545/2025,presentacion_2025_2026_localizada,ANUAL 2025 | INICIAL 2025,https://www.hcdn.gob.ar/institucional/transparencia/declaraciones_juradas/index.html,nombre_compatible_unico_en_oa,ANDRADE JAVIER,2022,1,2022,2022,,"La Cámara publica cumplimiento. El cruce OA es nominal y no sustituye la verificación de CUIT, organismo y cargo antes de sumar una serie."
dip-andreussi-barbara,Barbara Andreussi,Nacional,Legislativo,Diputados nacionales,Diputado/a nacional,Jujuy,LA LIBERTAD AVANZA,10/12/2025,09/12/2029,activo_al_2026-09-01,https://www.hcdn.gob.ar/diputados/,sources/active_roster/hcdn_diputados_vigentes_2026-09-01.csv,Cámara de Diputados · Ley 25.188 / DSAD 545/2025,presentacion_2025_2026_localizada,ANUAL 2025 | INICIAL 2025,https://www.hcdn.gob.ar/institucional/transparencia/declaraciones_juradas/index.html,sin_nombre_compatible_oa_2017_2024,,,0,,,,"La Cámara publica cumplimiento. El cruce OA es nominal y no sustituye la verificación de CUIT, organismo y cargo antes de sumar una serie."
dip-ansaloni-pablo,Pablo Ansaloni,Nacional,Legislativo,Diputados nacionales,Diputado/a nacional,Buenos Aires,LA LIBERTAD AVANZA,10/12/2023,09/12/2027,activo_al_2026-09-01,https://www.hcdn.gob.ar/diputados/,sources/active_roster/hcdn_diputados_vigentes_2026-09-01.csv,Cámara de Diputados · Ley 25.188 / DSAD 545/2025,presentacion_2025_2026_localizada,ANUAL 2025,https://www.hcdn.gob.ar/institucional/transparencia/declaraciones_juradas/index.html,nombre_compatible_unico_en_oa,ANSALONI PABLO MIGUEL,2017|2018|2020|2022|2023,5,2017,2023,,"La Cámara publica cumplimiento. El cruce OA es nominal y no sustituye la verificación de CUIT, organismo y cargo antes de sumar una serie."
dip-arabia-damian,Damián Arabia,Nacional,Legislativo,Diputados nacionales,Diputado/a nacional,Ciudad De Buenos Aires,LA LIBERTAD AVANZA,10/12/2023,09/12/2027,activo_al_2026-09-01,https://www.hcdn.gob.ar/diputados/,sources/active_roster/hcdn_diputados_vigentes_2026-09-01.csv,Cámara de Diputados · Ley 25.188 / DSAD 545/2025,presentacion_2025_2026_localizada,ANUAL 2025,https://www.hcdn.gob.ar/institucional/transparencia/declaraciones_juradas/index.html,nombre_compatible_unico_en_oa,ARABIA DAMIAN EDUARDO,2017|2018|2019|2022|2023|2024,6,2017,2024,,"La Cámara publica cumplimiento. El cruce OA es nominal y no sustituye la verificación de CUIT, organismo y cargo antes de sumar una serie."
dip-araujo-hernandez-jorge-neri,Jorge Neri Araujo Hernández,Nacional,Legislativo,Diputados nacionales,Diputado/a nacional,Tierra Del Fuego,UNIÓN POR LA PATRIA,10/12/2023,09/12/2027,activo_al_2026-09-01,https://www.hcdn.gob.ar/diputados/,sources/active_roster/hcdn_diputados_vigentes_2026-09-01.csv,Cámara de Diputados · Ley 25.188 / DSAD 545/2025,presentacion_2025_2026_localizada,ANUAL 2025,https://www.hcdn.gob.ar/institucional/transparencia/declaraciones_juradas/index.html,nombre_compatible_unico_en_oa,ARAUJO HERNANDEZ JORGE NERI,2023,1,2023,2023,,"La Cámara publica cumplimiento. El cruce OA es nominal y no sustituye la verificación de CUIT, organismo y cargo antes de sumar una serie."
dip-ardohain-martin,Martín Ardohain,Nacional,Legislativo,Diputados nacionales,Diputado/a nacional,La Pampa,PRO,10/12/2023,09/12/2027,activo_al_2026-09-01,https://www.hcdn.gob.ar/diputados/,sources/active_roster/hcdn_diputados_vigentes_2026-09-01.csv,Cámara de Diputados · Ley 25.188 / DSAD 545/2025,presentacion_2025_2026_localizada,ANUAL 2025,https://www.hcdn.gob.ar/institucional/transparencia/declaraciones_juradas/index.html,nombre_compatible_unico_en_oa,ARDOHAIN MARTIN MIGUEL,2022|2023|2024,3,2022,2024,,"La Cámara publica cumplimiento. El cruce OA es nominal y no sustituye la verificación de CUIT, organismo y cargo antes de sumar una serie."
dip-arrieta-lourdes-micaela,Lourdes Micaela Arrieta,Nacional,Legislativo,Diputados nacionales,Diputado/a nacional,Mendoza,PROVINCIAS UNIDAS,10/12/2023,09/12/2027,activo_al_2026-09-01,https://www.hcdn.gob.ar/diputados/,sources/active_roster/hcdn_diputados_vigentes_2026-09-01.csv,Cámara de Diputados · Ley 25.188 / DSAD 545/2025,sin_presentacion_localizada_en_listados_2025_2026,,https://www.hcdn.gob.ar/institucional/transparencia/declaraciones_juradas/index.html,nombre_compatible_unico_en_oa,ARRIETA LOURDES MICAELA,2022|2023|2024,3,2022,2024,,"La Cámara publica cumplimiento. El cruce OA es nominal y no sustituye la verificación de CUIT, organismo y cargo antes de sumar una serie."
dip-arrua-alberto,Alberto Arrúa,Nacional,Legislativo,Diputados nacionales,Diputado/a nacional,Misiones,ARGENTINA FEDERAL,10/12/2023,09/12/2027,activo_al_2026-09-01,https://www.hcdn.gob.ar/diputados/,sources/active_roster/hcdn_diputados_vigentes_2026-09-01.csv,Cámara de Diputados · Ley 25.188 / DSAD 545/2025,sin_presentacion_localizada_en_listados_2025_2026,,https://www.hcdn.gob.ar/institucional/transparencia/declaraciones_juradas/index.html,sin_nombre_compatible_oa_2017_2024,,,0,,,,"La Cámara publica cumplimiento. El cruce OA es nominal y no sustituye la verificación de CUIT, organismo y cargo antes de sumar una serie."
dip-aveiro-martin,Martín Aveiro,Nacional,Legislativo,Diputados nacionales,Diputado/a nacional,Mendoza,UNIÓN POR LA PATRIA,10/12/2023,09/12/2027,activo_al_2026-09-01,https://www.hcdn.gob.ar/diputados/,sources/active_roster/hcdn_diputados_vigentes_2026-09-01.csv,Cámara de Diputados · Ley 25.188 / DSAD 545/2025,presentacion_2025_2026_localizada,ANUAL 2025,https://www.hcdn.gob.ar/institucional/transparencia/declaraciones_juradas/index.html,nombre_compatible_unico_en_oa,AVEIRO MARTIN GUILLERMO,2022|2023|2024,3,2022,2024,,"La Cámara publica cumplimiento. El cruce OA es nominal y no sustituye la verificación de CUIT, organismo y cargo antes de sumar una serie."
dip-avico-belen,Belén Avico,Nacional,Legislativo,Diputados nacionales,Diputado/a nacional,Cordoba,LA LIBERTAD AVANZA,10/12/2023,09/12/2027,activo_al_2026-09-01,https://www.hcdn.gob.ar/diputados/,sources/active_roster/hcdn_diputados_vigentes_2026-09-01.csv,Cámara de Diputados · Ley 25.188 / DSAD 545/2025,sin_presentacion_localizada_en_listados_2025_2026,,https://www.hcdn.gob.ar/institucional/transparencia/declaraciones_juradas/index.html,sin_nombre_compatible_oa_2017_2024,,,0,,,,"La Cámara publica cumplimiento. El cruce OA es nominal y no sustituye la verificación de CUIT, organismo y cargo antes de sumar una serie."
dip-avila-jorge-antonio,Jorge Antonio Avila,Nacional,Legislativo,Diputados nacionales,Diputado/a nacional,Chubut,PROVINCIAS UNIDAS,10/12/2023,09/12/2027,activo_al_2026-09-01,https://www.hcdn.gob.ar/diputados/,sources/active_roster/hcdn_diputados_vigentes_2026-09-01.csv,Cámara de Diputados · Ley 25.188 / DSAD 545/2025,sin_presentacion_localizada_en_listados_2025_2026,,https://www.hcdn.gob.ar/institucional/transparencia/declaraciones_juradas/index.html,nombre_compatible_unico_en_oa,AVILA JORGE ANTONIO,2023|2024,2,2023,2024,,"La Cámara publica cumplimiento. El cruce OA es nominal y no sustituye la verificación de CUIT, organismo y cargo antes de sumar una serie."
dip-avila-fernanda,Fernanda Avila,Nacional,Legislativo,Diputados nacionales,Diputado/a nacional,Catamarca,ELIJO CATAMARCA,10/12/2023,09/12/2027,activo_al_2026-09-01,https://www.hcdn.gob.ar/diputados/,sources/active_roster/hcdn_diputados_vigentes_2026-09-01.csv,Cámara de Diputados · Ley 25.188 / DSAD 545/2025,sin_presentacion_localizada_en_listados_2025_2026,,https://www.hcdn.gob.ar/institucional/transparencia/declaraciones_juradas/index.html,sin_nombre_compatible_oa_2017_2024,,,0,,,,"La Cámara publica cumplimiento. El cruce OA es nominal y no sustituye la verificación de CUIT, organismo y cargo antes de sumar una serie."
dip-banfi-karina,Karina Banfi,Nacional,Legislativo,Diputados nacionales,Diputado/a nacional,Buenos Aires,ADELANTE BUENOS AIRES,10/12/2023,09/12/2027,activo_al_2026-09-01,https://www.hcdn.gob.ar/diputados/,sources/active_roster/hcdn_diputados_vigentes_2026-09-01.csv,Cámara de Diputados · Ley 25.188 / DSAD 545/2025,sin_presentacion_localizada_en_listados_2025_2026,,https://www.hcdn.gob.ar/institucional/transparencia/declaraciones_juradas/index.html,nombre_compatible_unico_en_oa,BANFI KARINA VERONICA,2017|2018|2019|2020|2021|2022|2023|2024,8,2017,2024,,"La Cámara publica cumplimiento. El cruce OA es nominal y no sustituye la verificación de CUIT, organismo y cargo antes de sumar una serie."
dip-barbur-marcelo,Marcelo Barbur,Nacional,Legislativo,Diputados nacionales,Diputado/a nacional,Santiago Del Estero,UNIÓN POR LA PATRIA,10/12/2025,09/12/2029,activo_al_2026-09-01,https://www.hcdn.gob.ar/diputados/,sources/active_roster/hcdn_diputados_vigentes_2026-09-01.csv,Cámara de Diputados · Ley 25.188 / DSAD 545/2025,presentacion_2025_2026_localizada,INICIAL 2025,https://www.hcdn.gob.ar/institucional/transparencia/declaraciones_juradas/index.html,sin_nombre_compatible_oa_2017_2024,,,0,,,,"La Cámara publica cumplimiento. El cruce OA es nominal y no sustituye la verificación de CUIT, organismo y cargo antes de sumar una serie."
dip-basterra-luis-eugenio,Luis Eugenio Basterra,Nacional,Legislativo,Diputados nacionales,Diputado/a nacional,Formosa,UNIÓN POR LA PATRIA,10/12/2023,09/12/2027,activo_al_2026-09-01,https://www.hcdn.gob.ar/diputados/,sources/active_roster/hcdn_diputados_vigentes_2026-09-01.csv,Cámara de Diputados · Ley 25.188 / DSAD 545/2025,presentacion_2025_2026_localizada,ANUAL 2025,https://www.hcdn.gob.ar/institucional/transparencia/declaraciones_juradas/index.html,nombre_compatible_unico_en_oa,BASTERRA LUIS EUGENIO,2017|2018|2019|2020|2021|2022|2023|2024,8,2017,2024,,"La Cámara publica cumplimiento. El cruce OA es nominal y no sustituye la verificación de CUIT, organismo y cargo antes de sumar una serie."
dip-basualdo-atilio,Atilio Basualdo,Nacional,Legislativo,Diputados nacionales,Diputado/a nacional,Formosa,LA LIBERTAD AVANZA,17/12/2025,09/12/2029,activo_al_2026-09-01,https://www.hcdn.gob.ar/diputados/,sources/active_roster/hcdn_diputados_vigentes_2026-09-01.csv,Cámara de Diputados · Ley 25.188 / DSAD 545/2025,presentacion_2025_2026_localizada,INICIAL 2025 | INICIAL 2025 - REC 1,https://www.hcdn.gob.ar/institucional/transparencia/declaraciones_juradas/index.html,sin_nombre_compatible_oa_2017_2024,,,0,,,,"La Cámara publica cumplimiento. El cruce OA es nominal y no sustituye la verificación de CUIT, organismo y cargo antes de sumar una serie."
dip-basualdo-carolina,Carolina Basualdo,Nacional,Legislativo,Diputados nacionales,Diputado/a nacional,Cordoba,PROVINCIAS UNIDAS,10/12/2025,09/12/2029,activo_al_2026-09-01,https://www.hcdn.gob.ar/diputados/,sources/active_roster/hcdn_diputados_vigentes_2026-09-01.csv,Cámara de Diputados · Ley 25.188 / DSAD 545/2025,presentacion_2025_2026_localizada,INICIAL 2025,https://www.hcdn.gob.ar/institucional/transparencia/declaraciones_juradas/index.html,nombre_compatible_unico_en_oa,BASUALDO CAROLINA DEL VALLE,2018,1,2018,2018,,"La Cámara publica cumplimiento. El cruce OA es nominal y no sustituye la verificación de CUIT, organismo y cargo antes de sumar una serie."
dip-becerra-monica,Mónica Becerra,Nacional,Legislativo,Diputados nacionales,Diputado/a nacional,San Luis,LA LIBERTAD AVANZA,10/12/2025,09/12/2029,activo_al_2026-09-01,https://www.hcdn.gob.ar/diputados/,sources/active_roster/hcdn_diputados_vigentes_2026-09-01.csv,Cámara de Diputados · Ley 25.188 / DSAD 545/2025,presentacion_2025_2026_localizada,ANUAL 2025 | INICIAL 2025,https://www.hcdn.gob.ar/institucional/transparencia/declaraciones_juradas/index.html,sin_nombre_compatible_oa_2017_2024,,,0,,,,"La Cámara publica cumplimiento. El cruce OA es nominal y no sustituye la verificación de CUIT, organismo y cargo antes de sumar una serie."
dip-benedit-beltran,Beltrán Benedit,Nacional,Legislativo,Diputados nacionales,Diputado/a nacional,Entre Rios,LA LIBERTAD AVANZA,10/12/2023,09/12/2027,activo_al_2026-09-01,https://www.hcdn.gob.ar/diputados/,sources/active_roster/hcdn_diputados_vigentes_2026-09-01.csv,Cámara de Diputados · Ley 25.188 / DSAD 545/2025,presentacion_2025_2026_localizada,ANUAL 2025,https://www.hcdn.gob.ar/institucional/transparencia/declaraciones_juradas/index.html,nombre_compatible_unico_en_oa,BENEDIT BELTRAN,2023|2024,2,2023,2024,,"La Cámara publica cumplimiento. El cruce OA es nominal y no sustituye la verificación de CUIT, organismo y cargo antes de sumar una serie."
dip-benegas-lynch-bertie,Bertie Benegas Lynch,Nacional,Legislativo,Diputados nacionales,Diputado/a nacional,Buenos Aires,LA LIBERTAD AVANZA,10/12/2023,09/12/2027,activo_al_2026-09-01,https://www.hcdn.gob.ar/diputados/,sources/active_roster/hcdn_diputados_vigentes_2026-09-01.csv,Cámara de Diputados · Ley 25.188 / DSAD 545/2025,sin_presentacion_localizada_en_listados_2025_2026,,https://www.hcdn.gob.ar/institucional/transparencia/declaraciones_juradas/index.html,sin_nombre_compatible_oa_2017_2024,,,0,,,,"La Cámara publica cumplimiento. El cruce OA es nominal y no sustituye la verificación de CUIT, organismo y cargo antes de sumar una serie."
dip-bianchetti-emmanuel,Emmanuel Bianchetti,Nacional,Legislativo,Diputados nacionales,Diputado/a nacional,Misiones,PRO,10/12/2023,09/12/2027,activo_al_2026-09-01,https://www.hcdn.gob.ar/diputados/,sources/active_roster/hcdn_diputados_vigentes_2026-09-01.csv,Cámara de Diputados · Ley 25.188 / DSAD 545/2025,sin_presentacion_localizada_en_listados_2025_2026,,https://www.hcdn.gob.ar/institucional/transparencia/declaraciones_juradas/index.html,sin_nombre_compatible_oa_2017_2024,,,0,,,,"La Cámara publica cumplimiento. El cruce OA es nominal y no sustituye la verificación de CUIT, organismo y cargo antes de sumar una serie."
dip-biella-bernardo,Bernardo Biella,Nacional,Legislativo,Diputados nacionales,Diputado/a nacional,Salta,ARGENTINA FEDERAL,10/12/2025,09/12/2029,activo_al_2026-09-01,https://www.hcdn.gob.ar/diputados/,sources/active_roster/hcdn_diputados_vigentes_2026-09-01.csv,Cámara de Diputados · Ley 25.188 / DSAD 545/2025,sin_presentacion_localizada_en_listados_2025_2026,,https://www.hcdn.gob.ar/institucional/transparencia/declaraciones_juradas/index.html,sin_nombre_compatible_oa_2017_2024,,,0,,,,"La Cámara publica cumplimiento. El cruce OA es nominal y no sustituye la verificación de CUIT, organismo y cargo antes de sumar una serie."
dip-bonacci-rocio,Rocío Bonacci,Nacional,Legislativo,Diputados nacionales,Diputado/a nacional,Santa Fe,LA LIBERTAD AVANZA,10/12/2023,09/12/2027,activo_al_2026-09-01,https://www.hcdn.gob.ar/diputados/,sources/active_roster/hcdn_diputados_vigentes_2026-09-01.csv,Cámara de Diputados · Ley 25.188 / DSAD 545/2025,presentacion_2025_2026_localizada,ANUAL 2025,https://www.hcdn.gob.ar/institucional/transparencia/declaraciones_juradas/index.html,nombre_compatible_unico_en_oa,BONACCI ROCIO BELEN,2022|2023|2024,3,2022,2024,,"La Cámara publica cumplimiento. El cruce OA es nominal y no sustituye la verificación de CUIT, organismo y cargo antes de sumar una serie."
dip-bongiovanni-alejandro,Alejandro Bongiovanni,Nacional,Legislativo,Diputados nacionales,Diputado/a nacional,Santa Fe,LA LIBERTAD AVANZA,10/12/2023,09/12/2027,activo_al_2026-09-01,https://www.hcdn.gob.ar/diputados/,sources/active_roster/hcdn_diputados_vigentes_2026-09-01.csv,Cámara de Diputados · Ley 25.188 / DSAD 545/2025,presentacion_2025_2026_localizada,ANUAL 2025,https://www.hcdn.gob.ar/institucional/transparencia/declaraciones_juradas/index.html,nombre_compatible_unico_en_oa,BONGIOVANNI ALEJANDRO,2017|2022|2023|2024,4,2017,2024,,"La Cámara publica cumplimiento. El cruce OA es nominal y no sustituye la verificación de CUIT, organismo y cargo antes de sumar una serie."
dip-bordet-gustavo,Gustavo Bordet,Nacional,Legislativo,Diputados nacionales,Diputado/a nacional,Entre Rios,UNIÓN POR LA PATRIA,10/12/2023,09/12/2027,activo_al_2026-09-01,https://www.hcdn.gob.ar/diputados/,sources/active_roster/hcdn_diputados_vigentes_2026-09-01.csv,Cámara de Diputados · Ley 25.188 / DSAD 545/2025,presentacion_2025_2026_localizada,ANUAL 2025 - REC 1,https://www.hcdn.gob.ar/institucional/transparencia/declaraciones_juradas/index.html,nombre_compatible_unico_en_oa,BORDET GUSTAVO EDUARDO,2023|2024,2,2023,2024,,"La Cámara publica cumplimiento. El cruce OA es nominal y no sustituye la verificación de CUIT, organismo y cargo antes de sumar una serie."
dip-borgatta-alejandrina,Alejandrina Borgatta,Nacional,Legislativo,Diputados nacionales,Diputado/a nacional,Santa Fe,UNIÓN POR LA PATRIA,10/12/2025,09/12/2029,activo_al_2026-09-01,https://www.hcdn.gob.ar/diputados/,sources/active_roster/hcdn_diputados_vigentes_2026-09-01.csv,Cámara de Diputados · Ley 25.188 / DSAD 545/2025,presentacion_2025_2026_localizada,ANUAL 2025 | INICIAL 2025,https://www.hcdn.gob.ar/institucional/transparencia/declaraciones_juradas/index.html,nombre_compatible_unico_en_oa,BORGATTA ALEJANDRINA BELEN,2024,1,2024,2024,,"La Cámara publica cumplimiento. El cruce OA es nominal y no sustituye la verificación de CUIT, organismo y cargo antes de sumar una serie."
dip-bornoroni-gabriel,Gabriel Bornoroni,Nacional,Legislativo,Diputados nacionales,Diputado/a nacional,Cordoba,LA LIBERTAD AVANZA,10/12/2023,09/12/2027,activo_al_2026-09-01,https://www.hcdn.gob.ar/diputados/,sources/active_roster/hcdn_diputados_vigentes_2026-09-01.csv,Cámara de Diputados · Ley 25.188 / DSAD 545/2025,presentacion_2025_2026_localizada,ANUAL 2025,https://www.hcdn.gob.ar/institucional/transparencia/declaraciones_juradas/index.html,nombre_compatible_unico_en_oa,BORNORONI GABRIEL MARCOS,2022|2023|2024,3,2022,2024,,"La Cámara publica cumplimiento. El cruce OA es nominal y no sustituye la verificación de CUIT, organismo y cargo antes de sumar una serie."
dip-bregman-myriam,Myriam Bregman,Nacional,Legislativo,Diputados nacionales,Diputado/a nacional,Ciudad De Buenos Aires,PTS-FRENTE DE IZQUIERDA Y DE TRABAJADORES UNIDAD,10/12/2025,09/12/2029,activo_al_2026-09-01,https://www.hcdn.gob.ar/diputados/,sources/active_roster/hcdn_diputados_vigentes_2026-09-01.csv,Cámara de Diputados · Ley 25.188 / DSAD 545/2025,presentacion_2025_2026_localizada,INICIAL 2025,https://www.hcdn.gob.ar/institucional/transparencia/declaraciones_juradas/index.html,nombre_compatible_unico_en_oa,BREGMAN MYRIAM TERESA,2018|2020|2021|2022|2024,5,2018,2024,,"La Cámara publica cumplimiento. El cruce OA es nominal y no sustituye la verificación de CUIT, organismo y cargo antes de sumar una serie."
dip-brizuela-adrian,Adrián Brizuela,Nacional,Legislativo,Diputados nacionales,Diputado/a nacional,Catamarca,LA LIBERTAD AVANZA,10/12/2025,09/12/2029,activo_al_2026-09-01,https://www.hcdn.gob.ar/diputados/,sources/active_roster/hcdn_diputados_vigentes_2026-09-01.csv,Cámara de Diputados · Ley 25.188 / DSAD 545/2025,sin_presentacion_localizada_en_listados_2025_2026,,https://www.hcdn.gob.ar/institucional/transparencia/declaraciones_juradas/index.html,sin_nombre_compatible_oa_2017_2024,,,0,,,,"La Cámara publica cumplimiento. El cruce OA es nominal y no sustituye la verificación de CUIT, organismo y cargo antes de sumar una serie."
dip-bruno-eliana,Eliana Bruno,Nacional,Legislativo,Diputados nacionales,Diputado/a nacional,Salta,LA LIBERTAD AVANZA,10/12/2025,09/12/2027,activo_al_2026-09-01,https://www.hcdn.gob.ar/diputados/,sources/active_roster/hcdn_diputados_vigentes_2026-09-01.csv,Cámara de Diputados · Ley 25.188 / DSAD 545/2025,presentacion_2025_2026_localizada,INICIAL 2025,https://www.hcdn.gob.ar/institucional/transparencia/declaraciones_juradas/index.html,nombre_compatible_unico_en_oa,BRUNO ELIANA LORENA,2022|2024,2,2022,2024,,"La Cámara publica cumplimiento. El cruce OA es nominal y no sustituye la verificación de CUIT, organismo y cargo antes de sumar una serie."
dip-brugge-juan-fernando,Juan Fernando Brügge,Nacional,Legislativo,Diputados nacionales,Diputado/a nacional,Cordoba,PROVINCIAS UNIDAS,10/12/2023,09/12/2027,activo_al_2026-09-01,https://www.hcdn.gob.ar/diputados/,sources/active_roster/hcdn_diputados_vigentes_2026-09-01.csv,Cámara de Diputados · Ley 25.188 / DSAD 545/2025,presentacion_2025_2026_localizada,ANUAL 2025,https://www.hcdn.gob.ar/institucional/transparencia/declaraciones_juradas/index.html,nombre_compatible_unico_en_oa,BRUGGE JUAN FERNANDO,2017|2018|2019|2022|2023|2024,6,2017,2024,,"La Cámara publica cumplimiento. El cruce OA es nominal y no sustituye la verificación de CUIT, organismo y cargo antes de sumar una serie."
dip-cafiero-santiago,Santiago Cafiero,Nacional,Legislativo,Diputados nacionales,Diputado/a nacional,Buenos Aires,UNIÓN POR LA PATRIA,10/12/2023,09/12/2027,activo_al_2026-09-01,https://www.hcdn.gob.ar/diputados/,sources/active_roster/hcdn_diputados_vigentes_2026-09-01.csv,Cámara de Diputados · Ley 25.188 / DSAD 545/2025,presentacion_2025_2026_localizada,ANUAL 2025,https://www.hcdn.gob.ar/institucional/transparencia/declaraciones_juradas/index.html,nombre_compatible_unico_en_oa,CAFIERO SANTIAGO ANDRES,2019|2020|2021|2022|2023|2024,6,2019,2024,,"La Cámara publica cumplimiento. El cruce OA es nominal y no sustituye la verificación de CUIT, organismo y cargo antes de sumar una serie."
dip-campero-mariano,Mariano Campero,Nacional,Legislativo,Diputados nacionales,Diputado/a nacional,Tucuman,LA LIBERTAD AVANZA,10/12/2023,09/12/2027,activo_al_2026-09-01,https://www.hcdn.gob.ar/diputados/,sources/active_roster/hcdn_diputados_vigentes_2026-09-01.csv,Cámara de Diputados · Ley 25.188 / DSAD 545/2025,presentacion_2025_2026_localizada,ANUAL 2025,https://www.hcdn.gob.ar/institucional/transparencia/declaraciones_juradas/index.html,nombre_compatible_unico_en_oa,CAMPERO MARIANO,2022|2023|2024,3,2022,2024,,"La Cámara publica cumplimiento. El cruce OA es nominal y no sustituye la verificación de CUIT, organismo y cargo antes de sumar una serie."
dip-campitelli-celia,Celia Campitelli,Nacional,Legislativo,Diputados nacionales,Diputado/a nacional,Santiago Del Estero,UNIÓN POR LA PATRIA,10/12/2023,09/12/2027,activo_al_2026-09-01,https://www.hcdn.gob.ar/diputados/,sources/active_roster/hcdn_diputados_vigentes_2026-09-01.csv,Cámara de Diputados · Ley 25.188 / DSAD 545/2025,presentacion_2025_2026_localizada,ANUAL 2025,https://www.hcdn.gob.ar/institucional/transparencia/declaraciones_juradas/index.html,nombre_compatible_unico_en_oa,CAMPITELLI CELIA MARIA,2023|2024,2,2023,2024,,"La Cámara publica cumplimiento. El cruce OA es nominal y no sustituye la verificación de CUIT, organismo y cargo antes de sumar una serie."
dip-campo-julieta-marisol,Julieta Marisol Campo,Nacional,Legislativo,Diputados nacionales,Diputado/a nacional,Chaco,UNIÓN POR LA PATRIA,10/12/2025,09/12/2029,activo_al_2026-09-01,https://www.hcdn.gob.ar/diputados/,sources/active_roster/hcdn_diputados_vigentes_2026-09-01.csv,Cámara de Diputados · Ley 25.188 / DSAD 545/2025,presentacion_2025_2026_localizada,INICIAL 2025,https://www.hcdn.gob.ar/institucional/transparencia/declaraciones_juradas/index.html,nombre_compatible_unico_en_oa,CAMPO JULIETA MARISOL,2022|2023,2,2022,2023,,"La Cámara publica cumplimiento. El cruce OA es nominal y no sustituye la verificación de CUIT, organismo y cargo antes de sumar una serie."
dip-campora-lucia,Lucía Cámpora,Nacional,Legislativo,Diputados nacionales,Diputado/a nacional,Ciudad De Buenos Aires,UNIÓN POR LA PATRIA,10/12/2025,09/12/2029,activo_al_2026-09-01,https://www.hcdn.gob.ar/diputados/,sources/active_roster/hcdn_diputados_vigentes_2026-09-01.csv,Cámara de Diputados · Ley 25.188 / DSAD 545/2025,presentacion_2025_2026_localizada,ANUAL 2025 | INICIAL 2025,https://www.hcdn.gob.ar/institucional/transparencia/declaraciones_juradas/index.html,sin_nombre_compatible_oa_2017_2024,,,0,,,,"La Cámara publica cumplimiento. El cruce OA es nominal y no sustituye la verificación de CUIT, organismo y cargo antes de sumar una serie."
dip-capozzi-sergio-eduardo,Sergio Eduardo Capozzi,Nacional,Legislativo,Diputados nacionales,Diputado/a nacional,Rio Negro,PROVINCIAS UNIDAS,10/12/2023,09/12/2027,activo_al_2026-09-01,https://www.hcdn.gob.ar/diputados/,sources/active_roster/hcdn_diputados_vigentes_2026-09-01.csv,Cámara de Diputados · Ley 25.188 / DSAD 545/2025,sin_presentacion_localizada_en_listados_2025_2026,,https://www.hcdn.gob.ar/institucional/transparencia/declaraciones_juradas/index.html,nombre_compatible_unico_en_oa,CAPOZZI SERGIO EDUARDO,2022|2023|2024,3,2022,2024,,"La Cámara publica cumplimiento. El cruce OA es nominal y no sustituye la verificación de CUIT, organismo y cargo antes de sumar una serie."
dip-carignano-florencia,Florencia Carignano,Nacional,Legislativo,Diputados nacionales,Diputado/a nacional,Santa Fe,UNIÓN POR LA PATRIA,10/12/2023,09/12/2027,activo_al_2026-09-01,https://www.hcdn.gob.ar/diputados/,sources/active_roster/hcdn_diputados_vigentes_2026-09-01.csv,Cámara de Diputados · Ley 25.188 / DSAD 545/2025,sin_presentacion_localizada_en_listados_2025_2026,,https://www.hcdn.gob.ar/institucional/transparencia/declaraciones_juradas/index.html,sin_nombre_compatible_oa_2017_2024,,,0,,,,"La Cámara publica cumplimiento. El cruce OA es nominal y no sustituye la verificación de CUIT, organismo y cargo antes de sumar una serie."
dip-carrancio-alejandro,Alejandro Carrancio,Nacional,Legislativo,Diputados nacionales,Diputado/a nacional,Buenos Aires,LA LIBERTAD AVANZA,10/12/2025,09/12/2029,activo_al_2026-09-01,https://www.hcdn.gob.ar/diputados/,sources/active_roster/hcdn_diputados_vigentes_2026-09-01.csv,Cámara de Diputados · Ley 25.188 / DSAD 545/2025,presentacion_2025_2026_localizada,INICIAL 2025,https://www.hcdn.gob.ar/institucional/transparencia/declaraciones_juradas/index.html,sin_nombre_compatible_oa_2017_2024,,,0,,,,"La Cámara publica cumplimiento. El cruce OA es nominal y no sustituye la verificación de CUIT, organismo y cargo antes de sumar una serie."
dip-casas-sergio-guillermo,Sergio Guillermo Casas,Nacional,Legislativo,Diputados nacionales,Diputado/a nacional,La Rioja,UNIÓN POR LA PATRIA,10/12/2023,09/12/2027,activo_al_2026-09-01,https://www.hcdn.gob.ar/diputados/,sources/active_roster/hcdn_diputados_vigentes_2026-09-01.csv,Cámara de Diputados · Ley 25.188 / DSAD 545/2025,sin_presentacion_localizada_en_listados_2025_2026,,https://www.hcdn.gob.ar/institucional/transparencia/declaraciones_juradas/index.html,nombre_compatible_unico_en_oa,CASAS SERGIO GUILLERMO,2022,1,2022,2022,,"La Cámara publica cumplimiento. El cruce OA es nominal y no sustituye la verificación de CUIT, organismo y cargo antes de sumar una serie."
dip-castagneto-carlos-daniel,Carlos Daniel Castagneto,Nacional,Legislativo,Diputados nacionales,Diputado/a nacional,Buenos Aires,UNIÓN POR LA PATRIA,10/12/2023,09/12/2027,activo_al_2026-09-01,https://www.hcdn.gob.ar/diputados/,sources/active_roster/hcdn_diputados_vigentes_2026-09-01.csv,Cámara de Diputados · Ley 25.188 / DSAD 545/2025,presentacion_2025_2026_localizada,ANUAL 2025 | ANUAL 2025 - REC 1,https://www.hcdn.gob.ar/institucional/transparencia/declaraciones_juradas/index.html,nombre_compatible_unico_en_oa,CASTAGNETO CARLOS DANIEL,2017|2018|2019|2020|2021|2022|2023|2024,8,2017,2024,,"La Cámara publica cumplimiento. El cruce OA es nominal y no sustituye la verificación de CUIT, organismo y cargo antes de sumar una serie."
dip-castelnuovo-giselle,Giselle Castelnuovo,Nacional,Legislativo,Diputados nacionales,Diputado/a nacional,Buenos Aires,LA LIBERTAD AVANZA,10/12/2025,09/12/2029,activo_al_2026-09-01,https://www.hcdn.gob.ar/diputados/,sources/active_roster/hcdn_diputados_vigentes_2026-09-01.csv,Cámara de Diputados · Ley 25.188 / DSAD 545/2025,presentacion_2025_2026_localizada,ANUAL 2025 | INICIAL 2025,https://www.hcdn.gob.ar/institucional/transparencia/declaraciones_juradas/index.html,nombre_compatible_unico_en_oa,CASTELNUOVO GISELLE,2017|2018|2019|2024,4,2017,2024,,"La Cámara publica cumplimiento. El cruce OA es nominal y no sustituye la verificación de CUIT, organismo y cargo antes de sumar una serie."
dip-chica-jorge,Jorge Chica,Nacional,Legislativo,Diputados nacionales,Diputado/a nacional,San Juan,UNIÓN POR LA PATRIA,10/12/2023,09/12/2027,activo_al_2026-09-01,https://www.hcdn.gob.ar/diputados/,sources/active_roster/hcdn_diputados_vigentes_2026-09-01.csv,Cámara de Diputados · Ley 25.188 / DSAD 545/2025,sin_presentacion_localizada_en_listados_2025_2026,,https://www.hcdn.gob.ar/institucional/transparencia/declaraciones_juradas/index.html,sin_nombre_compatible_oa_2017_2024,,,0,,,,"La Cámara publica cumplimiento. El cruce OA es nominal y no sustituye la verificación de CUIT, organismo y cargo antes de sumar una serie."
dip-chiconi-abel,Abel Chiconi,Nacional,Legislativo,Diputados nacionales,Diputado/a nacional,San Juan,LA LIBERTAD AVANZA,10/12/2025,09/12/2029,activo_al_2026-09-01,https://www.hcdn.gob.ar/diputados/,sources/active_roster/hcdn_diputados_vigentes_2026-09-01.csv,Cámara de Diputados · Ley 25.188 / DSAD 545/2025,sin_presentacion_localizada_en_listados_2025_2026,,https://www.hcdn.gob.ar/institucional/transparencia/declaraciones_juradas/index.html,sin_nombre_compatible_oa_2017_2024,,,0,,,,"La Cámara publica cumplimiento. El cruce OA es nominal y no sustituye la verificación de CUIT, organismo y cargo antes de sumar una serie."
dip-cipolini-gerardo,Gerardo Cipolini,Nacional,Legislativo,Diputados nacionales,Diputado/a nacional,Chaco,UCR - UNIÓN CÍVICA RADICAL,10/12/2023,09/12/2027,activo_al_2026-09-01,https://www.hcdn.gob.ar/diputados/,sources/active_roster/hcdn_diputados_vigentes_2026-09-01.csv,Cámara de Diputados · Ley 25.188 / DSAD 545/2025,sin_presentacion_localizada_en_listados_2025_2026,,https://www.hcdn.gob.ar/institucional/transparencia/declaraciones_juradas/index.html,nombre_compatible_unico_en_oa,CIPOLINI GERARDO,2018|2019|2020|2021|2022,5,2018,2022,,"La Cámara publica cumplimiento. El cruce OA es nominal y no sustituye la verificación de CUIT, organismo y cargo antes de sumar una serie."
dip-cisneros-carlos,Carlos Cisneros,Nacional,Legislativo,Diputados nacionales,Diputado/a nacional,Tucuman,UNIÓN POR LA PATRIA,10/12/2023,09/12/2027,activo_al_2026-09-01,https://www.hcdn.gob.ar/diputados/,sources/active_roster/hcdn_diputados_vigentes_2026-09-01.csv,Cámara de Diputados · Ley 25.188 / DSAD 545/2025,presentacion_2025_2026_localizada,ANUAL 2025,https://www.hcdn.gob.ar/institucional/transparencia/declaraciones_juradas/index.html,nombre_compatible_unico_en_oa,CISNEROS CARLOS ANIBAL,2019|2020|2021|2022|2023|2024,6,2019,2024,,"La Cámara publica cumplimiento. El cruce OA es nominal y no sustituye la verificación de CUIT, organismo y cargo antes de sumar una serie."
dip-coletta-mariela,Mariela Coletta,Nacional,Legislativo,Diputados nacionales,Diputado/a nacional,Ciudad De Buenos Aires,PROVINCIAS UNIDAS,10/12/2023,09/12/2027,activo_al_2026-09-01,https://www.hcdn.gob.ar/diputados/,sources/active_roster/hcdn_diputados_vigentes_2026-09-01.csv,Cámara de Diputados · Ley 25.188 / DSAD 545/2025,sin_presentacion_localizada_en_listados_2025_2026,,https://www.hcdn.gob.ar/institucional/transparencia/declaraciones_juradas/index.html,nombre_compatible_unico_en_oa,COLETTA MARIELA GISELLE,2022|2023|2024,3,2022,2024,,"La Cámara publica cumplimiento. El cruce OA es nominal y no sustituye la verificación de CUIT, organismo y cargo antes de sumar una serie."
dip-correa-llano-facundo,Facundo Correa Llano,Nacional,Legislativo,Diputados nacionales,Diputado/a nacional,Mendoza,LA LIBERTAD AVANZA,10/12/2023,09/12/2027,activo_al_2026-09-01,https://www.hcdn.gob.ar/diputados/,sources/active_roster/hcdn_diputados_vigentes_2026-09-01.csv,Cámara de Diputados · Ley 25.188 / DSAD 545/2025,presentacion_2025_2026_localizada,ANUAL 2025,https://www.hcdn.gob.ar/institucional/transparencia/declaraciones_juradas/index.html,nombre_compatible_unico_en_oa,CORREA LLANO FACUNDO,2022|2023|2024,3,2022,2024,,"La Cámara publica cumplimiento. El cruce OA es nominal y no sustituye la verificación de CUIT, organismo y cargo antes de sumar una serie."
dip-daives-ricardo,Ricardo Daives,Nacional,Legislativo,Diputados nacionales,Diputado/a nacional,Santiago Del Estero,UNIÓN POR LA PATRIA,10/12/2023,09/12/2027,activo_al_2026-09-01,https://www.hcdn.gob.ar/diputados/,sources/active_roster/hcdn_diputados_vigentes_2026-09-01.csv,Cámara de Diputados · Ley 25.188 / DSAD 545/2025,presentacion_2025_2026_localizada,ANUAL 2025,https://www.hcdn.gob.ar/institucional/transparencia/declaraciones_juradas/index.html,nombre_compatible_unico_en_oa,DAIVES RICARDO DANIEL,2018|2019|2020|2021|2022|2023|2024,7,2018,2024,,"La Cámara publica cumplimiento. El cruce OA es nominal y no sustituye la verificación de CUIT, organismo y cargo antes de sumar una serie."
dip-de-andreis-fernando,Fernando de Andreis,Nacional,Legislativo,Diputados nacionales,Diputado/a nacional,Ciudad De Buenos Aires,PRO,10/12/2025,09/12/2029,activo_al_2026-09-01,https://www.hcdn.gob.ar/diputados/,sources/active_roster/hcdn_diputados_vigentes_2026-09-01.csv,Cámara de Diputados · Ley 25.188 / DSAD 545/2025,presentacion_2025_2026_localizada,ANUAL 2025 | INICIAL 2025,https://www.hcdn.gob.ar/institucional/transparencia/declaraciones_juradas/index.html,nombre_compatible_unico_en_oa,DE ANDREIS FERNANDO,2017|2018|2019|2024,4,2017,2024,,"La Cámara publica cumplimiento. El cruce OA es nominal y no sustituye la verificación de CUIT, organismo y cargo antes de sumar una serie."
dip-de-la-rosa-maria-graciela,María Graciela de la Rosa,Nacional,Legislativo,Diputados nacionales,Diputado/a nacional,Formosa,UNIÓN POR LA PATRIA,10/12/2025,09/12/2029,activo_al_2026-09-01,https://www.hcdn.gob.ar/diputados/,sources/active_roster/hcdn_diputados_vigentes_2026-09-01.csv,Cámara de Diputados · Ley 25.188 / DSAD 545/2025,presentacion_2025_2026_localizada,ANUAL 2025 | INICIAL 2025,https://www.hcdn.gob.ar/institucional/transparencia/declaraciones_juradas/index.html,nombre_compatible_unico_en_oa,DE LA ROSA MARIA GRACIELA,2017|2018|2019|2020|2021|2022|2023|2024,8,2017,2024,,"La Cámara publica cumplimiento. El cruce OA es nominal y no sustituye la verificación de CUIT, organismo y cargo antes de sumar una serie."
dip-de-la-sota-natalia,Natalia de la Sota,Nacional,Legislativo,Diputados nacionales,Diputado/a nacional,Cordoba,DEFENDAMOS CÓRDOBA,10/12/2025,09/12/2029,activo_al_2026-09-01,https://www.hcdn.gob.ar/diputados/,sources/active_roster/hcdn_diputados_vigentes_2026-09-01.csv,Cámara de Diputados · Ley 25.188 / DSAD 545/2025,presentacion_2025_2026_localizada,ANUAL 2025,https://www.hcdn.gob.ar/institucional/transparencia/declaraciones_juradas/index.html,nombre_compatible_unico_en_oa,DE LA SOTA NATALIA,2021|2022|2023|2024,4,2021,2024,,"La Cámara publica cumplimiento. El cruce OA es nominal y no sustituye la verificación de CUIT, organismo y cargo antes de sumar una serie."
dip-de-sensi-maria-florencia,María Florencia De Sensi,Nacional,Legislativo,Diputados nacionales,Diputado/a nacional,Buenos Aires,PRO,10/12/2025,09/12/2029,activo_al_2026-09-01,https://www.hcdn.gob.ar/diputados/,sources/active_roster/hcdn_diputados_vigentes_2026-09-01.csv,Cámara de Diputados · Ley 25.188 / DSAD 545/2025,presentacion_2025_2026_localizada,ANUAL 2025,https://www.hcdn.gob.ar/institucional/transparencia/declaraciones_juradas/index.html,nombre_compatible_unico_en_oa,DE SENSI MARIA FLORENCIA,2018|2020|2023|2024,4,2018,2024,,"La Cámara publica cumplimiento. El cruce OA es nominal y no sustituye la verificación de CUIT, organismo y cargo antes de sumar una serie."
dip-del-cano-nicolas,Nicolás del Caño,Nacional,Legislativo,Diputados nacionales,Diputado/a nacional,Buenos Aires,PTS-FRENTE DE IZQUIERDA Y DE TRABAJADORES UNIDAD,10/12/2025,09/12/2029,activo_al_2026-09-01,https://www.hcdn.gob.ar/diputados/,sources/active_roster/hcdn_diputados_vigentes_2026-09-01.csv,Cámara de Diputados · Ley 25.188 / DSAD 545/2025,presentacion_2025_2026_localizada,BAJA 2025 | INICIAL 2025,https://www.hcdn.gob.ar/institucional/transparencia/declaraciones_juradas/index.html,nombre_compatible_unico_en_oa,DEL CAÑO NICOLAS,2017|2018|2019|2020|2021|2022|2023|2024,8,2017,2024,,"La Cámara publica cumplimiento. El cruce OA es nominal y no sustituye la verificación de CUIT, organismo y cargo antes de sumar una serie."
dip-del-pla-romina,Romina Del Plá,Nacional,Legislativo,Diputados nacionales,Diputado/a nacional,Buenos Aires,PARTIDO OBRERO EN EL FRENTE DE IZQUIERDA Y DE TRABAJADORES-UNIDAD,10/12/2025,09/12/2029,activo_al_2026-09-01,https://www.hcdn.gob.ar/diputados/,sources/active_roster/hcdn_diputados_vigentes_2026-09-01.csv,Cámara de Diputados · Ley 25.188 / DSAD 545/2025,presentacion_2025_2026_localizada,ANUAL 2025 | INICIAL 2025,https://www.hcdn.gob.ar/institucional/transparencia/declaraciones_juradas/index.html,nombre_compatible_unico_en_oa,DEL PLA ROMINA,2017|2018|2019|2020|2021|2023|2024,7,2017,2024,,"La Cámara publica cumplimiento. El cruce OA es nominal y no sustituye la verificación de CUIT, organismo y cargo antes de sumar una serie."
dip-diaz-fernanda,Fernanda Díaz,Nacional,Legislativo,Diputados nacionales,Diputado/a nacional,Buenos Aires,UNIÓN POR LA PATRIA,10/12/2025,09/12/2029,activo_al_2026-09-01,https://www.hcdn.gob.ar/diputados/,sources/active_roster/hcdn_diputados_vigentes_2026-09-01.csv,Cámara de Diputados · Ley 25.188 / DSAD 545/2025,presentacion_2025_2026_localizada,ANUAL 2025 | INICIAL 2025,https://www.hcdn.gob.ar/institucional/transparencia/declaraciones_juradas/index.html,nombre_compatible_unico_en_oa,DIAZ FERNANDA,2024,1,2024,2024,,"La Cámara publica cumplimiento. El cruce OA es nominal y no sustituye la verificación de CUIT, organismo y cargo antes de sumar una serie."
dip-diez-romina,Romina Diez,Nacional,Legislativo,Diputados nacionales,Diputado/a nacional,Santa Fe,LA LIBERTAD AVANZA,10/12/2023,09/12/2027,activo_al_2026-09-01,https://www.hcdn.gob.ar/diputados/,sources/active_roster/hcdn_diputados_vigentes_2026-09-01.csv,Cámara de Diputados · Ley 25.188 / DSAD 545/2025,sin_presentacion_localizada_en_listados_2025_2026,,https://www.hcdn.gob.ar/institucional/transparencia/declaraciones_juradas/index.html,sin_nombre_compatible_oa_2017_2024,,,0,,,,"La Cámara publica cumplimiento. El cruce OA es nominal y no sustituye la verificación de CUIT, organismo y cargo antes de sumar una serie."
dip-dolce-sergio,Sergio Dolce,Nacional,Legislativo,Diputados nacionales,Diputado/a nacional,Chaco,UNIÓN POR LA PATRIA,10/12/2025,09/12/2029,activo_al_2026-09-01,https://www.hcdn.gob.ar/diputados/,sources/active_roster/hcdn_diputados_vigentes_2026-09-01.csv,Cámara de Diputados · Ley 25.188 / DSAD 545/2025,presentacion_2025_2026_localizada,INICIAL 2025,https://www.hcdn.gob.ar/institucional/transparencia/declaraciones_juradas/index.html,sin_nombre_compatible_oa_2017_2024,,,0,,,,"La Cámara publica cumplimiento. El cruce OA es nominal y no sustituye la verificación de CUIT, organismo y cargo antes de sumar una serie."
dip-emma-nicolas,Nicolás Emma,Nacional,Legislativo,Diputados nacionales,Diputado/a nacional,Ciudad De Buenos Aires,LA LIBERTAD AVANZA,10/12/2025,09/12/2029,activo_al_2026-09-01,https://www.hcdn.gob.ar/diputados/,sources/active_roster/hcdn_diputados_vigentes_2026-09-01.csv,Cámara de Diputados · Ley 25.188 / DSAD 545/2025,presentacion_2025_2026_localizada,ANUAL 2025,https://www.hcdn.gob.ar/institucional/transparencia/declaraciones_juradas/index.html,nombre_compatible_unico_en_oa,EMMA NICOLAS MARIO,2023|2024,2,2023,2024,,"La Cámara publica cumplimiento. El cruce OA es nominal y no sustituye la verificación de CUIT, organismo y cargo antes de sumar una serie."
dip-estevez-gabriela-beatriz,Gabriela Beatriz Estévez,Nacional,Legislativo,Diputados nacionales,Diputado/a nacional,Cordoba,UNIÓN POR LA PATRIA,10/12/2023,09/12/2027,activo_al_2026-09-01,https://www.hcdn.gob.ar/diputados/,sources/active_roster/hcdn_diputados_vigentes_2026-09-01.csv,Cámara de Diputados · Ley 25.188 / DSAD 545/2025,presentacion_2025_2026_localizada,ANUAL 2025,https://www.hcdn.gob.ar/institucional/transparencia/declaraciones_juradas/index.html,nombre_compatible_unico_en_oa,ESTEVEZ GABRIELA BEATRIZ,2017|2018|2019|2020|2021|2022|2023|2024,8,2017,2024,,"La Cámara publica cumplimiento. El cruce OA es nominal y no sustituye la verificación de CUIT, organismo y cargo antes de sumar una serie."
dip-falcone-eduardo,Eduardo Falcone,Nacional,Legislativo,Diputados nacionales,Diputado/a nacional,Buenos Aires,MID - MOVIMIENTO DE INTEGRACIÓN Y DESARROLLO,10/12/2023,09/12/2027,activo_al_2026-09-01,https://www.hcdn.gob.ar/diputados/,sources/active_roster/hcdn_diputados_vigentes_2026-09-01.csv,Cámara de Diputados · Ley 25.188 / DSAD 545/2025,sin_presentacion_localizada_en_listados_2025_2026,,https://www.hcdn.gob.ar/institucional/transparencia/declaraciones_juradas/index.html,nombre_compatible_unico_en_oa,FALCONE EDUARDO GABRIEL,2022|2023,2,2022,2023,,"La Cámara publica cumplimiento. El cruce OA es nominal y no sustituye la verificación de CUIT, organismo y cargo antes de sumar una serie."
dip-fargosi-alejandro,Alejandro Fargosi,Nacional,Legislativo,Diputados nacionales,Diputado/a nacional,Ciudad De Buenos Aires,LA LIBERTAD AVANZA,10/12/2025,09/12/2029,activo_al_2026-09-01,https://www.hcdn.gob.ar/diputados/,sources/active_roster/hcdn_diputados_vigentes_2026-09-01.csv,Cámara de Diputados · Ley 25.188 / DSAD 545/2025,presentacion_2025_2026_localizada,ANUAL 2025 | INICIAL 2025,https://www.hcdn.gob.ar/institucional/transparencia/declaraciones_juradas/index.html,nombre_compatible_unico_en_oa,FARGOSI ALEJANDRO EDUARDO,2024,1,2024,2024,,"La Cámara publica cumplimiento. El cruce OA es nominal y no sustituye la verificación de CUIT, organismo y cargo antes de sumar una serie."
dip-farias-pablo,Pablo Farías,Nacional,Legislativo,Diputados nacionales,Diputado/a nacional,Santa Fe,PROVINCIAS UNIDAS,10/12/2025,09/12/2029,activo_al_2026-09-01,https://www.hcdn.gob.ar/diputados/,sources/active_roster/hcdn_diputados_vigentes_2026-09-01.csv,Cámara de Diputados · Ley 25.188 / DSAD 545/2025,presentacion_2025_2026_localizada,ANUAL 2025 | INICIAL 2025,https://www.hcdn.gob.ar/institucional/transparencia/declaraciones_juradas/index.html,coincidencia_multiple_revisar_homonimia,FARIAS PABLO ADRIAN | FARIAS PABLO ANDRES | FARIAS PABLO GUSTAVO,2017|2018|2019|2020|2021|2022|2023|2024,8,2017,2024,,"La Cámara publica cumplimiento. El cruce OA es nominal y no sustituye la verificación de CUIT, organismo y cargo antes de sumar una serie."
dip-felix-emir,Emir Félix,Nacional,Legislativo,Diputados nacionales,Diputado/a nacional,Mendoza,UNIÓN POR LA PATRIA,10/12/2025,09/12/2029,activo_al_2026-09-01,https://www.hcdn.gob.ar/diputados/,sources/active_roster/hcdn_diputados_vigentes_2026-09-01.csv,Cámara de Diputados · Ley 25.188 / DSAD 545/2025,sin_presentacion_localizada_en_listados_2025_2026,,https://www.hcdn.gob.ar/institucional/transparencia/declaraciones_juradas/index.html,nombre_compatible_unico_en_oa,FELIX EMIR ROBERTO,2024,1,2024,2024,,"La Cámara publica cumplimiento. El cruce OA es nominal y no sustituye la verificación de CUIT, organismo y cargo antes de sumar una serie."
dip-fernandez-jorge,Jorge Fernández,Nacional,Legislativo,Diputados nacionales,Diputado/a nacional,San Luis,PRIMERO SAN LUIS,10/12/2025,09/12/2029,activo_al_2026-09-01,https://www.hcdn.gob.ar/diputados/,sources/active_roster/hcdn_diputados_vigentes_2026-09-01.csv,Cámara de Diputados · Ley 25.188 / DSAD 545/2025,presentacion_2025_2026_localizada,ANUAL 2025 | INICIAL 2025,https://www.hcdn.gob.ar/institucional/transparencia/declaraciones_juradas/index.html,coincidencia_multiple_revisar_homonimia,FERNANDEZ JORGE | FERNANDEZ JORGE ABEL | FERNANDEZ JORGE ADRIAN | FERNANDEZ JORGE ALBERTO | FERNANDEZ JORGE ALEJANDRO | FERNANDEZ JORGE ANDRES | FERNANDEZ JORGE DAMIAN | FERNANDEZ JORGE DANIEL | FERNANDEZ JORGE EDUARDO | FERNANDEZ JORGE OSCAR | FERNANDEZ JORGE RAFAEL | FERNANDEZ JORGE RAUL | FERNANDEZ JORGE RAUL FERNANDO | FERNANDEZ JORGE RENATO | FERNANDEZ JORGE RUBEN,2017|2018|2019|2020|2021|2022|2023|2024,8,2017,2024,,"La Cámara publica cumplimiento. El cruce OA es nominal y no sustituye la verificación de CUIT, organismo y cargo antes de sumar una serie."
dip-fernandez-elia-marina,Elia Marina Fernández,Nacional,Legislativo,Diputados nacionales,Diputado/a nacional,Tucuman,INDEPENDENCIA,10/12/2025,09/12/2027,activo_al_2026-09-01,https://www.hcdn.gob.ar/diputados/,sources/active_roster/hcdn_diputados_vigentes_2026-09-01.csv,Cámara de Diputados · Ley 25.188 / DSAD 545/2025,presentacion_2025_2026_localizada,ANUAL 2025,https://www.hcdn.gob.ar/institucional/transparencia/declaraciones_juradas/index.html,nombre_compatible_unico_en_oa,FERNANDEZ ELIA MARINA,2023|2024,2,2023,2024,,"La Cámara publica cumplimiento. El cruce OA es nominal y no sustituye la verificación de CUIT, organismo y cargo antes de sumar una serie."
dip-fernandez-molero-daiana,Daiana Fernández Molero,Nacional,Legislativo,Diputados nacionales,Diputado/a nacional,Ciudad De Buenos Aires,PRO,10/12/2023,09/12/2027,activo_al_2026-09-01,https://www.hcdn.gob.ar/diputados/,sources/active_roster/hcdn_diputados_vigentes_2026-09-01.csv,Cámara de Diputados · Ley 25.188 / DSAD 545/2025,presentacion_2025_2026_localizada,ANUAL 2025,https://www.hcdn.gob.ar/institucional/transparencia/declaraciones_juradas/index.html,nombre_compatible_unico_en_oa,FERNANDEZ MOLERO DAIANA,2017|2018|2019|2022|2023|2024,6,2017,2024,,"La Cámara publica cumplimiento. El cruce OA es nominal y no sustituye la verificación de CUIT, organismo y cargo antes de sumar una serie."
dip-ferran-abelardo,Abelardo Ferrán,Nacional,Legislativo,Diputados nacionales,Diputado/a nacional,La Pampa,UNIÓN POR LA PATRIA,10/12/2025,09/12/2029,activo_al_2026-09-01,https://www.hcdn.gob.ar/diputados/,sources/active_roster/hcdn_diputados_vigentes_2026-09-01.csv,Cámara de Diputados · Ley 25.188 / DSAD 545/2025,presentacion_2025_2026_localizada,ANUAL 2025 | INICIAL 2025,https://www.hcdn.gob.ar/institucional/transparencia/declaraciones_juradas/index.html,nombre_compatible_unico_en_oa,FERRAN ABELARDO MARIO,2017|2018|2019|2020|2021|2022|2023|2024,8,2017,2024,,"La Cámara publica cumplimiento. El cruce OA es nominal y no sustituye la verificación de CUIT, organismo y cargo antes de sumar una serie."
dip-ferraro-maximiliano,Maximiliano Ferraro,Nacional,Legislativo,Diputados nacionales,Diputado/a nacional,Ciudad De Buenos Aires,COALICION CIVICA,10/12/2023,09/12/2027,activo_al_2026-09-01,https://www.hcdn.gob.ar/diputados/,sources/active_roster/hcdn_diputados_vigentes_2026-09-01.csv,Cámara de Diputados · Ley 25.188 / DSAD 545/2025,presentacion_2025_2026_localizada,ANUAL 2025,https://www.hcdn.gob.ar/institucional/transparencia/declaraciones_juradas/index.html,nombre_compatible_unico_en_oa,FERRARO MAXIMILIANO,2018|2019|2020|2021|2022|2023|2024,7,2018,2024,,"La Cámara publica cumplimiento. El cruce OA es nominal y no sustituye la verificación de CUIT, organismo y cargo antes de sumar una serie."
dip-ferreyra-alida,Alida Ferreyra,Nacional,Legislativo,Diputados nacionales,Diputado/a nacional,Ciudad De Buenos Aires,LA LIBERTAD AVANZA,31/01/2024,09/12/2027,activo_al_2026-09-01,https://www.hcdn.gob.ar/diputados/,sources/active_roster/hcdn_diputados_vigentes_2026-09-01.csv,Cámara de Diputados · Ley 25.188 / DSAD 545/2025,sin_presentacion_localizada_en_listados_2025_2026,,https://www.hcdn.gob.ar/institucional/transparencia/declaraciones_juradas/index.html,nombre_compatible_unico_en_oa,FERREYRA ALIDA MONICA,2022|2023|2024,3,2022,2024,,"La Cámara publica cumplimiento. El cruce OA es nominal y no sustituye la verificación de CUIT, organismo y cargo antes de sumar una serie."
dip-figliuolo-sergio,Sergio Figliuolo,Nacional,Legislativo,Diputados nacionales,Diputado/a nacional,Buenos Aires,LA LIBERTAD AVANZA,10/12/2025,09/12/2029,activo_al_2026-09-01,https://www.hcdn.gob.ar/diputados/,sources/active_roster/hcdn_diputados_vigentes_2026-09-01.csv,Cámara de Diputados · Ley 25.188 / DSAD 545/2025,presentacion_2025_2026_localizada,ANUAL 2025 | INICIAL 2025,https://www.hcdn.gob.ar/institucional/transparencia/declaraciones_juradas/index.html,sin_nombre_compatible_oa_2017_2024,,,0,,,,"La Cámara publica cumplimiento. El cruce OA es nominal y no sustituye la verificación de CUIT, organismo y cargo antes de sumar una serie."
dip-finocchiaro-alejandro,Alejandro Finocchiaro,Nacional,Legislativo,Diputados nacionales,Diputado/a nacional,Buenos Aires,PRO,10/12/2025,09/12/2029,activo_al_2026-09-01,https://www.hcdn.gob.ar/diputados/,sources/active_roster/hcdn_diputados_vigentes_2026-09-01.csv,Cámara de Diputados · Ley 25.188 / DSAD 545/2025,presentacion_2025_2026_localizada,ANUAL 2025,https://www.hcdn.gob.ar/institucional/transparencia/declaraciones_juradas/index.html,nombre_compatible_unico_en_oa,FINOCCHIARO ALEJANDRO OSCAR,2017|2018|2019|2020|2021|2022|2023|2024,8,2017,2024,,"La Cámara publica cumplimiento. El cruce OA es nominal y no sustituye la verificación de CUIT, organismo y cargo antes de sumar una serie."
dip-flores-maria-gabriela,Maria Gabriela Flores,Nacional,Legislativo,Diputados nacionales,Diputado/a nacional,Salta,LA LIBERTAD AVANZA,10/12/2025,09/12/2029,activo_al_2026-09-01,https://www.hcdn.gob.ar/diputados/,sources/active_roster/hcdn_diputados_vigentes_2026-09-01.csv,Cámara de Diputados · Ley 25.188 / DSAD 545/2025,sin_presentacion_localizada_en_listados_2025_2026,,https://www.hcdn.gob.ar/institucional/transparencia/declaraciones_juradas/index.html,sin_nombre_compatible_oa_2017_2024,,,0,,,,"La Cámara publica cumplimiento. El cruce OA es nominal y no sustituye la verificación de CUIT, organismo y cargo antes de sumar una serie."
dip-frade-monica,Mónica Frade,Nacional,Legislativo,Diputados nacionales,Diputado/a nacional,Buenos Aires,COALICION CIVICA,10/12/2023,09/12/2027,activo_al_2026-09-01,https://www.hcdn.gob.ar/diputados/,sources/active_roster/hcdn_diputados_vigentes_2026-09-01.csv,Cámara de Diputados · Ley 25.188 / DSAD 545/2025,presentacion_2025_2026_localizada,ANUAL 2025,https://www.hcdn.gob.ar/institucional/transparencia/declaraciones_juradas/index.html,nombre_compatible_unico_en_oa,FRADE MONICA EDITH,2018|2019|2020|2021|2022|2023|2024,7,2018,2024,,"La Cámara publica cumplimiento. El cruce OA es nominal y no sustituye la verificación de CUIT, organismo y cargo antes de sumar una serie."
dip-fregonese-alicia,Alicia Fregonese,Nacional,Legislativo,Diputados nacionales,Diputado/a nacional,Entre Rios,PRO,10/12/2025,09/12/2029,activo_al_2026-09-01,https://www.hcdn.gob.ar/diputados/,sources/active_roster/hcdn_diputados_vigentes_2026-09-01.csv,Cámara de Diputados · Ley 25.188 / DSAD 545/2025,presentacion_2025_2026_localizada,ANUAL 2025 | INICIAL 2025 | INICIAL 2025 R1 | INICIAL 2025 R2,https://www.hcdn.gob.ar/institucional/transparencia/declaraciones_juradas/index.html,nombre_compatible_unico_en_oa,FREGONESE ALICIA MARIA,2017|2018|2019|2020|2021,5,2017,2021,,"La Cámara publica cumplimiento. El cruce OA es nominal y no sustituye la verificación de CUIT, organismo y cargo antes de sumar una serie."
dip-freites-andrea,Andrea Freites,Nacional,Legislativo,Diputados nacionales,Diputado/a nacional,Tierra Del Fuego,UNIÓN POR LA PATRIA,10/12/2023,09/12/2027,activo_al_2026-09-01,https://www.hcdn.gob.ar/diputados/,sources/active_roster/hcdn_diputados_vigentes_2026-09-01.csv,Cámara de Diputados · Ley 25.188 / DSAD 545/2025,presentacion_2025_2026_localizada,ANUAL 2025,https://www.hcdn.gob.ar/institucional/transparencia/declaraciones_juradas/index.html,nombre_compatible_unico_en_oa,FREITES ANDREA GRACIELA,2023,1,2023,2023,,"La Cámara publica cumplimiento. El cruce OA es nominal y no sustituye la verificación de CUIT, organismo y cargo antes de sumar una serie."
dip-frias-maira,Maira Frias,Nacional,Legislativo,Diputados nacionales,Diputado/a nacional,Chubut,LA LIBERTAD AVANZA,10/12/2025,09/12/2029,activo_al_2026-09-01,https://www.hcdn.gob.ar/diputados/,sources/active_roster/hcdn_diputados_vigentes_2026-09-01.csv,Cámara de Diputados · Ley 25.188 / DSAD 545/2025,presentacion_2025_2026_localizada,ANUAL 2025 | INICIAL 2025,https://www.hcdn.gob.ar/institucional/transparencia/declaraciones_juradas/index.html,nombre_compatible_unico_en_oa,FRIAS MAIRA RAQUEL,2018|2024,2,2018,2024,,"La Cámara publica cumplimiento. El cruce OA es nominal y no sustituye la verificación de CUIT, organismo y cargo antes de sumar una serie."
dip-gallardo-maria-virginia,María Virginia Gallardo,Nacional,Legislativo,Diputados nacionales,Diputado/a nacional,Corrientes,LA LIBERTAD AVANZA,10/12/2025,09/12/2029,activo_al_2026-09-01,https://www.hcdn.gob.ar/diputados/,sources/active_roster/hcdn_diputados_vigentes_2026-09-01.csv,Cámara de Diputados · Ley 25.188 / DSAD 545/2025,sin_presentacion_localizada_en_listados_2025_2026,,https://www.hcdn.gob.ar/institucional/transparencia/declaraciones_juradas/index.html,sin_nombre_compatible_oa_2017_2024,,,0,,,,"La Cámara publica cumplimiento. El cruce OA es nominal y no sustituye la verificación de CUIT, organismo y cargo antes de sumar una serie."
dip-galmarini-sebastian,Sebastián Galmarini,Nacional,Legislativo,Diputados nacionales,Diputado/a nacional,Buenos Aires,UNIÓN POR LA PATRIA,10/12/2025,09/12/2029,activo_al_2026-09-01,https://www.hcdn.gob.ar/diputados/,sources/active_roster/hcdn_diputados_vigentes_2026-09-01.csv,Cámara de Diputados · Ley 25.188 / DSAD 545/2025,presentacion_2025_2026_localizada,ANUAL 2025 | INICIAL 2025,https://www.hcdn.gob.ar/institucional/transparencia/declaraciones_juradas/index.html,nombre_compatible_unico_en_oa,GALMARINI SEBASTIAN,2021|2024,2,2021,2024,,"La Cámara publica cumplimiento. El cruce OA es nominal y no sustituye la verificación de CUIT, organismo y cargo antes de sumar una serie."
dip-garcia-carlos,Carlos García,Nacional,Legislativo,Diputados nacionales,Diputado/a nacional,Chaco,LA LIBERTAD AVANZA,10/12/2023,09/12/2027,activo_al_2026-09-01,https://www.hcdn.gob.ar/diputados/,sources/active_roster/hcdn_diputados_vigentes_2026-09-01.csv,Cámara de Diputados · Ley 25.188 / DSAD 545/2025,sin_presentacion_localizada_en_listados_2025_2026,,https://www.hcdn.gob.ar/institucional/transparencia/declaraciones_juradas/index.html,coincidencia_multiple_revisar_homonimia,GARCIA CARLOS ALBERO | GARCIA CARLOS ALBERTO | GARCIA CARLOS CESAR | GARCIA CARLOS CRISTOBAL | GARCIA CARLOS DANIEL | GARCIA CARLOS ENRIQUE | GARCIA CARLOS ESTEBAN | GARCIA CARLOS FABIAN | GARCIA CARLOS FAUSTINO | GARCIA CARLOS JOSE JAVIER | GARCIA CARLOS MARIA | GARCIA CARLOS MAURICIO | GARCIA CARLOS NORBERTO | GARCIA CARLOS OSCAR | GARCIA CARLOS RAMON,2017|2018|2019|2020|2021|2022|2023|2024,8,2017,2024,,"La Cámara publica cumplimiento. El cruce OA es nominal y no sustituye la verificación de CUIT, organismo y cargo antes de sumar una serie."
dip-garcia-maria-teresa,María Teresa García,Nacional,Legislativo,Diputados nacionales,Diputado/a nacional,Buenos Aires,UNIÓN POR LA PATRIA,10/12/2025,09/12/2029,activo_al_2026-09-01,https://www.hcdn.gob.ar/diputados/,sources/active_roster/hcdn_diputados_vigentes_2026-09-01.csv,Cámara de Diputados · Ley 25.188 / DSAD 545/2025,sin_presentacion_localizada_en_listados_2025_2026,,https://www.hcdn.gob.ar/institucional/transparencia/declaraciones_juradas/index.html,nombre_compatible_unico_en_oa,GARCIA MARIA TERESA,2017|2018|2019|2020|2021|2022|2023|2024,8,2017,2024,,"La Cámara publica cumplimiento. El cruce OA es nominal y no sustituye la verificación de CUIT, organismo y cargo antes de sumar una serie."
dip-garcia-alvaro,Álvaro García,Nacional,Legislativo,Diputados nacionales,Diputado/a nacional,Buenos Aires,LA LIBERTAD AVANZA,10/12/2025,09/12/2029,activo_al_2026-09-01,https://www.hcdn.gob.ar/diputados/,sources/active_roster/hcdn_diputados_vigentes_2026-09-01.csv,Cámara de Diputados · Ley 25.188 / DSAD 545/2025,presentacion_2025_2026_localizada,ANUAL 2025 | INICIAL 2025,https://www.hcdn.gob.ar/institucional/transparencia/declaraciones_juradas/index.html,coincidencia_multiple_revisar_homonimia,GARCIA ALVARO | GARCIA ALVARO MARCELO | GARCIA ALVARO RODRIGO,2017|2018|2019|2020|2021|2022|2023|2024,8,2017,2024,,"La Cámara publica cumplimiento. El cruce OA es nominal y no sustituye la verificación de CUIT, organismo y cargo antes de sumar una serie."
dip-garcia-aresca-ignacio,Ignacio García Aresca,Nacional,Legislativo,Diputados nacionales,Diputado/a nacional,Cordoba,PROVINCIAS UNIDAS,10/12/2025,09/12/2029,activo_al_2026-09-01,https://www.hcdn.gob.ar/diputados/,sources/active_roster/hcdn_diputados_vigentes_2026-09-01.csv,Cámara de Diputados · Ley 25.188 / DSAD 545/2025,presentacion_2025_2026_localizada,ANUAL 2025,https://www.hcdn.gob.ar/institucional/transparencia/declaraciones_juradas/index.html,nombre_compatible_unico_en_oa,GARCIA ARESCA IGNACIO JOSE,2021|2022|2023,3,2021,2023,,"La Cámara publica cumplimiento. El cruce OA es nominal y no sustituye la verificación de CUIT, organismo y cargo antes de sumar una serie."
dip-garrido-jose-luis,José Luis Garrido,Nacional,Legislativo,Diputados nacionales,Diputado/a nacional,Santa Cruz,POR SANTA CRUZ,10/12/2023,09/12/2027,activo_al_2026-09-01,https://www.hcdn.gob.ar/diputados/,sources/active_roster/hcdn_diputados_vigentes_2026-09-01.csv,Cámara de Diputados · Ley 25.188 / DSAD 545/2025,presentacion_2025_2026_localizada,ANUAL 2025,https://www.hcdn.gob.ar/institucional/transparencia/declaraciones_juradas/index.html,nombre_compatible_unico_en_oa,GARRIDO JOSE LUIS,2023|2024,2,2023,2024,,"La Cámara publica cumplimiento. El cruce OA es nominal y no sustituye la verificación de CUIT, organismo y cargo antes de sumar una serie."
dip-giampieri-antonela,Antonela Giampieri,Nacional,Legislativo,Diputados nacionales,Diputado/a nacional,Ciudad De Buenos Aires,PRO,10/12/2025,09/12/2029,activo_al_2026-09-01,https://www.hcdn.gob.ar/diputados/,sources/active_roster/hcdn_diputados_vigentes_2026-09-01.csv,Cámara de Diputados · Ley 25.188 / DSAD 545/2025,presentacion_2025_2026_localizada,ANUAL 2025 | INICIAL 2025,https://www.hcdn.gob.ar/institucional/transparencia/declaraciones_juradas/index.html,nombre_compatible_unico_en_oa,GIAMPIERI ANTONELA,2024,1,2024,2024,,"La Cámara publica cumplimiento. El cruce OA es nominal y no sustituye la verificación de CUIT, organismo y cargo antes de sumar una serie."
dip-giordano-juan-carlos,Juan Carlos Giordano,Nacional,Legislativo,Diputados nacionales,Diputado/a nacional,Buenos Aires,IZQUIERDA SOCIALISTA - FRENTE DE IZQUIERDA UNIDAD,26/08/2026,09/12/2027,activo_al_2026-09-01,https://www.hcdn.gob.ar/diputados/,sources/active_roster/hcdn_diputados_vigentes_2026-09-01.csv,Cámara de Diputados · Ley 25.188 / DSAD 545/2025,presentacion_2025_2026_localizada,BAJA 2025 | INICIAL 2025,https://www.hcdn.gob.ar/institucional/transparencia/declaraciones_juradas/index.html,nombre_compatible_unico_en_oa,GIORDANO JUAN CARLOS,2017|2018|2019|2020|2021|2022|2023|2024,8,2017,2024,,"La Cámara publica cumplimiento. El cruce OA es nominal y no sustituye la verificación de CUIT, organismo y cargo antes de sumar una serie."
dip-giudici-silvana,Silvana Giudici,Nacional,Legislativo,Diputados nacionales,Diputado/a nacional,Ciudad De Buenos Aires,LA LIBERTAD AVANZA,10/12/2023,09/12/2027,activo_al_2026-09-01,https://www.hcdn.gob.ar/diputados/,sources/active_roster/hcdn_diputados_vigentes_2026-09-01.csv,Cámara de Diputados · Ley 25.188 / DSAD 545/2025,presentacion_2025_2026_localizada,ANUAL 2025,https://www.hcdn.gob.ar/institucional/transparencia/declaraciones_juradas/index.html,nombre_compatible_unico_en_oa,GIUDICI SILVANA MYRIAM,2017|2018|2019|2020|2021|2022|2023|2024,8,2017,2024,,"La Cámara publica cumplimiento. El cruce OA es nominal y no sustituye la verificación de CUIT, organismo y cargo antes de sumar una serie."
dip-giuliano-diego-a,Diego A. Giuliano,Nacional,Legislativo,Diputados nacionales,Diputado/a nacional,Santa Fe,UNIÓN POR LA PATRIA,10/12/2023,09/12/2027,activo_al_2026-09-01,https://www.hcdn.gob.ar/diputados/,sources/active_roster/hcdn_diputados_vigentes_2026-09-01.csv,Cámara de Diputados · Ley 25.188 / DSAD 545/2025,sin_presentacion_localizada_en_listados_2025_2026,,https://www.hcdn.gob.ar/institucional/transparencia/declaraciones_juradas/index.html,sin_nombre_compatible_oa_2017_2024,,,0,,,,"La Cámara publica cumplimiento. El cruce OA es nominal y no sustituye la verificación de CUIT, organismo y cargo antes de sumar una serie."
dip-glinski-jose,José Glinski,Nacional,Legislativo,Diputados nacionales,Diputado/a nacional,Chubut,UNIÓN POR LA PATRIA,10/12/2023,09/12/2027,activo_al_2026-09-01,https://www.hcdn.gob.ar/diputados/,sources/active_roster/hcdn_diputados_vigentes_2026-09-01.csv,Cámara de Diputados · Ley 25.188 / DSAD 545/2025,presentacion_2025_2026_localizada,ANUAL 2025,https://www.hcdn.gob.ar/institucional/transparencia/declaraciones_juradas/index.html,nombre_compatible_unico_en_oa,GLINSKI JOSE ALEJANDRO,2020|2021|2022|2023|2024,5,2020,2024,,"La Cámara publica cumplimiento. El cruce OA es nominal y no sustituye la verificación de CUIT, organismo y cargo antes de sumar una serie."
dip-goitia-rosario,Rosario Goitia,Nacional,Legislativo,Diputados nacionales,Diputado/a nacional,Chaco,LA LIBERTAD AVANZA,10/12/2025,09/12/2029,activo_al_2026-09-01,https://www.hcdn.gob.ar/diputados/,sources/active_roster/hcdn_diputados_vigentes_2026-09-01.csv,Cámara de Diputados · Ley 25.188 / DSAD 545/2025,sin_presentacion_localizada_en_listados_2025_2026,,https://www.hcdn.gob.ar/institucional/transparencia/declaraciones_juradas/index.html,sin_nombre_compatible_oa_2017_2024,,,0,,,,"La Cámara publica cumplimiento. El cruce OA es nominal y no sustituye la verificación de CUIT, organismo y cargo antes de sumar una serie."
dip-gomez-jose,José Gomez,Nacional,Legislativo,Diputados nacionales,Diputado/a nacional,Santiago Del Estero,UNIÓN POR LA PATRIA,10/12/2023,09/12/2027,activo_al_2026-09-01,https://www.hcdn.gob.ar/diputados/,sources/active_roster/hcdn_diputados_vigentes_2026-09-01.csv,Cámara de Diputados · Ley 25.188 / DSAD 545/2025,sin_presentacion_localizada_en_listados_2025_2026,,https://www.hcdn.gob.ar/institucional/transparencia/declaraciones_juradas/index.html,coincidencia_multiple_revisar_homonimia,GOMEZ JOSE ALEJANDRO | GOMEZ JOSE DARIO | GOMEZ JOSE EDGARDO | GOMEZ JOSE ELIAS | GOMEZ JOSE GABRIEL | GOMEZ JOSE LUIS | GOMEZ JOSE MANUEL | GOMEZ JOSE NICOLAS | GOMEZ JOSE RAUL ENRIQUE,2017|2018|2019|2020|2021|2022|2023|2024,8,2017,2024,,"La Cámara publica cumplimiento. El cruce OA es nominal y no sustituye la verificación de CUIT, organismo y cargo antes de sumar una serie."
dip-gonzales-alfredo,Alfredo Gonzales,Nacional,Legislativo,Diputados nacionales,Diputado/a nacional,Jujuy,LA LIBERTAD AVANZA,10/12/2025,09/12/2029,activo_al_2026-09-01,https://www.hcdn.gob.ar/diputados/,sources/active_roster/hcdn_diputados_vigentes_2026-09-01.csv,Cámara de Diputados · Ley 25.188 / DSAD 545/2025,presentacion_2025_2026_localizada,ANUAL 2025 | INICIAL 2025,https://www.hcdn.gob.ar/institucional/transparencia/declaraciones_juradas/index.html,sin_nombre_compatible_oa_2017_2024,,,0,,,,"La Cámara publica cumplimiento. El cruce OA es nominal y no sustituye la verificación de CUIT, organismo y cargo antes de sumar una serie."
dip-gonzalez-gerardo-gustavo,Gerardo Gustavo González,Nacional,Legislativo,Diputados nacionales,Diputado/a nacional,Formosa,ARGENTINA FEDERAL,10/12/2023,09/12/2027,activo_al_2026-09-01,https://www.hcdn.gob.ar/diputados/,sources/active_roster/hcdn_diputados_vigentes_2026-09-01.csv,Cámara de Diputados · Ley 25.188 / DSAD 545/2025,presentacion_2025_2026_localizada,ANUAL 2025,https://www.hcdn.gob.ar/institucional/transparencia/declaraciones_juradas/index.html,nombre_compatible_unico_en_oa,GONZALEZ GERARDO GUSTAVO,2022|2023|2024,3,2022,2024,,"La Cámara publica cumplimiento. El cruce OA es nominal y no sustituye la verificación de CUIT, organismo y cargo antes de sumar una serie."
dip-gonzalez-diogenes-ignacio,Diógenes Ignacio González,Nacional,Legislativo,Diputados nacionales,Diputado/a nacional,Corrientes,UCR - UNIÓN CÍVICA RADICAL,10/12/2025,09/12/2029,activo_al_2026-09-01,https://www.hcdn.gob.ar/diputados/,sources/active_roster/hcdn_diputados_vigentes_2026-09-01.csv,Cámara de Diputados · Ley 25.188 / DSAD 545/2025,presentacion_2025_2026_localizada,INICIAL 2025,https://www.hcdn.gob.ar/institucional/transparencia/declaraciones_juradas/index.html,sin_nombre_compatible_oa_2017_2024,,,0,,,,"La Cámara publica cumplimiento. El cruce OA es nominal y no sustituye la verificación de CUIT, organismo y cargo antes de sumar una serie."
dip-gonzalez-alvaro,Álvaro González,Nacional,Legislativo,Diputados nacionales,Diputado/a nacional,Ciudad De Buenos Aires,PRO,10/12/2023,09/12/2027,activo_al_2026-09-01,https://www.hcdn.gob.ar/diputados/,sources/active_roster/hcdn_diputados_vigentes_2026-09-01.csv,Cámara de Diputados · Ley 25.188 / DSAD 545/2025,presentacion_2025_2026_localizada,ANUAL 2025,https://www.hcdn.gob.ar/institucional/transparencia/declaraciones_juradas/index.html,coincidencia_multiple_revisar_homonimia,GONZALEZ ALVARO ERNESTO | GONZALEZ ALVARO GUSTAVO,2017|2018|2019|2020|2021|2022|2023|2024,8,2017,2024,,"La Cámara publica cumplimiento. El cruce OA es nominal y no sustituye la verificación de CUIT, organismo y cargo antes de sumar una serie."
dip-gonzalez-estevarena-maria-luisa,María Luisa González Estevarena,Nacional,Legislativo,Diputados nacionales,Diputado/a nacional,Buenos Aires,LA LIBERTAD AVANZA,10/12/2025,09/12/2029,activo_al_2026-09-01,https://www.hcdn.gob.ar/diputados/,sources/active_roster/hcdn_diputados_vigentes_2026-09-01.csv,Cámara de Diputados · Ley 25.188 / DSAD 545/2025,presentacion_2025_2026_localizada,ANUAL 2025 | INICIAL 2025,https://www.hcdn.gob.ar/institucional/transparencia/declaraciones_juradas/index.html,sin_nombre_compatible_oa_2017_2024,,,0,,,,"La Cámara publica cumplimiento. El cruce OA es nominal y no sustituye la verificación de CUIT, organismo y cargo antes de sumar una serie."
dip-grabois-juan,Juan Grabois,Nacional,Legislativo,Diputados nacionales,Diputado/a nacional,Buenos Aires,UNIÓN POR LA PATRIA,10/12/2025,09/12/2029,activo_al_2026-09-01,https://www.hcdn.gob.ar/diputados/,sources/active_roster/hcdn_diputados_vigentes_2026-09-01.csv,Cámara de Diputados · Ley 25.188 / DSAD 545/2025,presentacion_2025_2026_localizada,ANUAL 2025 | INICIAL 2025,https://www.hcdn.gob.ar/institucional/transparencia/declaraciones_juradas/index.html,nombre_compatible_unico_en_oa,GRABOIS JUAN,2024,1,2024,2024,,"La Cámara publica cumplimiento. El cruce OA es nominal y no sustituye la verificación de CUIT, organismo y cargo antes de sumar una serie."
dip-gruber-maura,Maura Gruber,Nacional,Legislativo,Diputados nacionales,Diputado/a nacional,Misiones,LA LIBERTAD AVANZA,10/12/2025,09/12/2029,activo_al_2026-09-01,https://www.hcdn.gob.ar/diputados/,sources/active_roster/hcdn_diputados_vigentes_2026-09-01.csv,Cámara de Diputados · Ley 25.188 / DSAD 545/2025,presentacion_2025_2026_localizada,ANUAL 2025 | INICIAL 2025,https://www.hcdn.gob.ar/institucional/transparencia/declaraciones_juradas/index.html,nombre_compatible_unico_en_oa,GRUBER MAURA ESTER,2024,1,2024,2024,,"La Cámara publica cumplimiento. El cruce OA es nominal y no sustituye la verificación de CUIT, organismo y cargo antes de sumar una serie."
dip-gutierrez-ramiro,Ramiro Gutiérrez,Nacional,Legislativo,Diputados nacionales,Diputado/a nacional,Buenos Aires,UNIÓN POR LA PATRIA,10/12/2023,09/12/2027,activo_al_2026-09-01,https://www.hcdn.gob.ar/diputados/,sources/active_roster/hcdn_diputados_vigentes_2026-09-01.csv,Cámara de Diputados · Ley 25.188 / DSAD 545/2025,sin_presentacion_localizada_en_listados_2025_2026,,https://www.hcdn.gob.ar/institucional/transparencia/declaraciones_juradas/index.html,sin_nombre_compatible_oa_2017_2024,,,0,,,,"La Cámara publica cumplimiento. El cruce OA es nominal y no sustituye la verificación de CUIT, organismo y cargo antes de sumar una serie."
dip-gutierrez-carlos,Carlos Gutiérrez,Nacional,Legislativo,Diputados nacionales,Diputado/a nacional,Cordoba,PROVINCIAS UNIDAS,10/12/2023,09/12/2027,activo_al_2026-09-01,https://www.hcdn.gob.ar/diputados/,sources/active_roster/hcdn_diputados_vigentes_2026-09-01.csv,Cámara de Diputados · Ley 25.188 / DSAD 545/2025,sin_presentacion_localizada_en_listados_2025_2026,,https://www.hcdn.gob.ar/institucional/transparencia/declaraciones_juradas/index.html,coincidencia_multiple_revisar_homonimia,GUTIERREZ CARLOS ANIBAL | GUTIERREZ CARLOS FABIAN | GUTIERREZ CARLOS JESUS | GUTIERREZ CARLOS JOAQUIN | GUTIERREZ CARLOS MARIO | GUTIERREZ CARLOS RAMIRO,2017|2018|2019|2020|2021|2022|2023|2024,8,2017,2024,,"La Cámara publica cumplimiento. El cruce OA es nominal y no sustituye la verificación de CUIT, organismo y cargo antes de sumar una serie."
dip-guzman-jairo,Jairo Guzmán,Nacional,Legislativo,Diputados nacionales,Diputado/a nacional,Santa Cruz,LA LIBERTAD AVANZA,10/12/2025,09/12/2029,activo_al_2026-09-01,https://www.hcdn.gob.ar/diputados/,sources/active_roster/hcdn_diputados_vigentes_2026-09-01.csv,Cámara de Diputados · Ley 25.188 / DSAD 545/2025,presentacion_2025_2026_localizada,ANUAL 2025 | INICIAL 2025,https://www.hcdn.gob.ar/institucional/transparencia/declaraciones_juradas/index.html,nombre_compatible_unico_en_oa,GUZMAN JAIRO HENOCH,2024,1,2024,2024,,"La Cámara publica cumplimiento. El cruce OA es nominal y no sustituye la verificación de CUIT, organismo y cargo antes de sumar una serie."
dip-hadad-raul,Raúl Hadad,Nacional,Legislativo,Diputados nacionales,Diputado/a nacional,Corrientes,UNIÓN POR LA PATRIA,10/12/2025,09/12/2029,activo_al_2026-09-01,https://www.hcdn.gob.ar/diputados/,sources/active_roster/hcdn_diputados_vigentes_2026-09-01.csv,Cámara de Diputados · Ley 25.188 / DSAD 545/2025,presentacion_2025_2026_localizada,ANUAL 2025 | INICIAL 2025,https://www.hcdn.gob.ar/institucional/transparencia/declaraciones_juradas/index.html,sin_nombre_compatible_oa_2017_2024,,,0,,,,"La Cámara publica cumplimiento. El cruce OA es nominal y no sustituye la verificación de CUIT, organismo y cargo antes de sumar una serie."
dip-hagman-itai,Itai Hagman,Nacional,Legislativo,Diputados nacionales,Diputado/a nacional,Ciudad De Buenos Aires,UNIÓN POR LA PATRIA,10/12/2025,09/12/2029,activo_al_2026-09-01,https://www.hcdn.gob.ar/diputados/,sources/active_roster/hcdn_diputados_vigentes_2026-09-01.csv,Cámara de Diputados · Ley 25.188 / DSAD 545/2025,presentacion_2025_2026_localizada,ANUAL 2025,https://www.hcdn.gob.ar/institucional/transparencia/declaraciones_juradas/index.html,nombre_compatible_unico_en_oa,HAGMAN ITAI,2018|2019|2020|2021|2022|2023|2024,7,2018,2024,,"La Cámara publica cumplimiento. El cruce OA es nominal y no sustituye la verificación de CUIT, organismo y cargo antes de sumar una serie."
dip-hartfield-diego,Diego Hartfield,Nacional,Legislativo,Diputados nacionales,Diputado/a nacional,Misiones,LA LIBERTAD AVANZA,10/12/2025,09/12/2029,activo_al_2026-09-01,https://www.hcdn.gob.ar/diputados/,sources/active_roster/hcdn_diputados_vigentes_2026-09-01.csv,Cámara de Diputados · Ley 25.188 / DSAD 545/2025,presentacion_2025_2026_localizada,ANUAL 2025 | INICIAL 2025,https://www.hcdn.gob.ar/institucional/transparencia/declaraciones_juradas/index.html,nombre_compatible_unico_en_oa,HARTFIELD DIEGO GABRIEL,2024,1,2024,2024,,"La Cámara publica cumplimiento. El cruce OA es nominal y no sustituye la verificación de CUIT, organismo y cargo antes de sumar una serie."
dip-herrera-ahuad-oscar-a,Oscar A. Herrera Ahuad,Nacional,Legislativo,Diputados nacionales,Diputado/a nacional,Misiones,ARGENTINA FEDERAL,10/12/2025,09/12/2029,activo_al_2026-09-01,https://www.hcdn.gob.ar/diputados/,sources/active_roster/hcdn_diputados_vigentes_2026-09-01.csv,Cámara de Diputados · Ley 25.188 / DSAD 545/2025,presentacion_2025_2026_localizada,INICIAL 2025,https://www.hcdn.gob.ar/institucional/transparencia/declaraciones_juradas/index.html,sin_nombre_compatible_oa_2017_2024,,,0,,,,"La Cámara publica cumplimiento. El cruce OA es nominal y no sustituye la verificación de CUIT, organismo y cargo antes de sumar una serie."
dip-holzman-patricia,Patricia Holzman,Nacional,Legislativo,Diputados nacionales,Diputado/a nacional,Ciudad De Buenos Aires,LA LIBERTAD AVANZA,10/12/2025,09/12/2029,activo_al_2026-09-01,https://www.hcdn.gob.ar/diputados/,sources/active_roster/hcdn_diputados_vigentes_2026-09-01.csv,Cámara de Diputados · Ley 25.188 / DSAD 545/2025,presentacion_2025_2026_localizada,ANUAL 2025 | INICIAL 2025,https://www.hcdn.gob.ar/institucional/transparencia/declaraciones_juradas/index.html,nombre_compatible_unico_en_oa,HOLZMAN PATRICIA NOEMI,2017|2018|2019|2024,4,2017,2024,,"La Cámara publica cumplimiento. El cruce OA es nominal y no sustituye la verificación de CUIT, organismo y cargo antes de sumar una serie."
dip-huesen-gerardo,Gerardo Huesen,Nacional,Legislativo,Diputados nacionales,Diputado/a nacional,Tucuman,LA LIBERTAD AVANZA,10/12/2023,09/12/2027,activo_al_2026-09-01,https://www.hcdn.gob.ar/diputados/,sources/active_roster/hcdn_diputados_vigentes_2026-09-01.csv,Cámara de Diputados · Ley 25.188 / DSAD 545/2025,sin_presentacion_localizada_en_listados_2025_2026,,https://www.hcdn.gob.ar/institucional/transparencia/declaraciones_juradas/index.html,sin_nombre_compatible_oa_2017_2024,,,0,,,,"La Cámara publica cumplimiento. El cruce OA es nominal y no sustituye la verificación de CUIT, organismo y cargo antes de sumar una serie."
dip-humenuk-gladys,Gladys Humenuk,Nacional,Legislativo,Diputados nacionales,Diputado/a nacional,Buenos Aires,LA LIBERTAD AVANZA,10/12/2025,09/12/2029,activo_al_2026-09-01,https://www.hcdn.gob.ar/diputados/,sources/active_roster/hcdn_diputados_vigentes_2026-09-01.csv,Cámara de Diputados · Ley 25.188 / DSAD 545/2025,presentacion_2025_2026_localizada,ANUAL 2025 | INICIAL 2025,https://www.hcdn.gob.ar/institucional/transparencia/declaraciones_juradas/index.html,nombre_compatible_unico_en_oa,HUMENUK GLADYS NOEMI,2022|2024,2,2022,2024,,"La Cámara publica cumplimiento. El cruce OA es nominal y no sustituye la verificación de CUIT, organismo y cargo antes de sumar una serie."
dip-ianni-ana-maria,Ana María Ianni,Nacional,Legislativo,Diputados nacionales,Diputado/a nacional,Santa Cruz,UNIÓN POR LA PATRIA,10/12/2023,09/12/2027,activo_al_2026-09-01,https://www.hcdn.gob.ar/diputados/,sources/active_roster/hcdn_diputados_vigentes_2026-09-01.csv,Cámara de Diputados · Ley 25.188 / DSAD 545/2025,presentacion_2025_2026_localizada,ANUAL 2025,https://www.hcdn.gob.ar/institucional/transparencia/declaraciones_juradas/index.html,nombre_compatible_unico_en_oa,IANNI ANA MARIA,2017|2018|2019|2020|2021|2022|2023|2024,8,2017,2024,,"La Cámara publica cumplimiento. El cruce OA es nominal y no sustituye la verificación de CUIT, organismo y cargo antes de sumar una serie."
dip-ibanez-maria-cecilia,María Cecilia Ibañez,Nacional,Legislativo,Diputados nacionales,Diputado/a nacional,Cordoba,LA LIBERTAD AVANZA,10/12/2023,09/12/2027,activo_al_2026-09-01,https://www.hcdn.gob.ar/diputados/,sources/active_roster/hcdn_diputados_vigentes_2026-09-01.csv,Cámara de Diputados · Ley 25.188 / DSAD 545/2025,presentacion_2025_2026_localizada,ANUAL 2025,https://www.hcdn.gob.ar/institucional/transparencia/declaraciones_juradas/index.html,nombre_compatible_unico_en_oa,IBAÑEZ MARIA CECILIA,2023|2024,2,2023,2024,,"La Cámara publica cumplimiento. El cruce OA es nominal y no sustituye la verificación de CUIT, organismo y cargo antes de sumar una serie."
dip-jaime-quiroga-carlos-gustavo,Carlos Gustavo Jaime Quiroga,Nacional,Legislativo,Diputados nacionales,Diputado/a nacional,San Juan,PRODUCCION Y TRABAJO,10/12/2025,09/12/2029,activo_al_2026-09-01,https://www.hcdn.gob.ar/diputados/,sources/active_roster/hcdn_diputados_vigentes_2026-09-01.csv,Cámara de Diputados · Ley 25.188 / DSAD 545/2025,presentacion_2025_2026_localizada,ANUAL 2025 | INICIAL 2025,https://www.hcdn.gob.ar/institucional/transparencia/declaraciones_juradas/index.html,sin_nombre_compatible_oa_2017_2024,,,0,,,,"La Cámara publica cumplimiento. El cruce OA es nominal y no sustituye la verificación de CUIT, organismo y cargo antes de sumar una serie."
dip-juliano-pablo,Pablo Juliano,Nacional,Legislativo,Diputados nacionales,Diputado/a nacional,Buenos Aires,PROVINCIAS UNIDAS,10/12/2023,09/12/2027,activo_al_2026-09-01,https://www.hcdn.gob.ar/diputados/,sources/active_roster/hcdn_diputados_vigentes_2026-09-01.csv,Cámara de Diputados · Ley 25.188 / DSAD 545/2025,presentacion_2025_2026_localizada,ANUAL 2025,https://www.hcdn.gob.ar/institucional/transparencia/declaraciones_juradas/index.html,nombre_compatible_unico_en_oa,JULIANO PABLO ADRIAN,2020|2023|2024,3,2020,2024,,"La Cámara publica cumplimiento. El cruce OA es nominal y no sustituye la verificación de CUIT, organismo y cargo antes de sumar una serie."
dip-kirchner-maximo-carlos,Máximo Carlos Kirchner,Nacional,Legislativo,Diputados nacionales,Diputado/a nacional,Buenos Aires,UNIÓN POR LA PATRIA,10/12/2023,09/12/2027,activo_al_2026-09-01,https://www.hcdn.gob.ar/diputados/,sources/active_roster/hcdn_diputados_vigentes_2026-09-01.csv,Cámara de Diputados · Ley 25.188 / DSAD 545/2025,presentacion_2025_2026_localizada,ANUAL 2025,https://www.hcdn.gob.ar/institucional/transparencia/declaraciones_juradas/index.html,nombre_compatible_unico_en_oa,KIRCHNER MAXIMO CARLOS,2017|2018|2019|2020|2021|2022|2023|2024,8,2017,2024,maximo,"La Cámara publica cumplimiento. El cruce OA es nominal y no sustituye la verificación de CUIT, organismo y cargo antes de sumar una serie."
dip-lanesan-sancho-moira,Moira Lanesan Sancho,Nacional,Legislativo,Diputados nacionales,Diputado/a nacional,Santa Cruz,UNIÓN POR LA PATRIA,10/12/2025,09/12/2029,activo_al_2026-09-01,https://www.hcdn.gob.ar/diputados/,sources/active_roster/hcdn_diputados_vigentes_2026-09-01.csv,Cámara de Diputados · Ley 25.188 / DSAD 545/2025,presentacion_2025_2026_localizada,ANUAL 2025 | INICIAL 2025,https://www.hcdn.gob.ar/institucional/transparencia/declaraciones_juradas/index.html,sin_nombre_compatible_oa_2017_2024,,,0,,,,"La Cámara publica cumplimiento. El cruce OA es nominal y no sustituye la verificación de CUIT, organismo y cargo antes de sumar una serie."
dip-laumann-andres-ariel,Andrés Ariel Laumann,Nacional,Legislativo,Diputados nacionales,Diputado/a nacional,Entre Rios,LA LIBERTAD AVANZA,10/12/2025,09/12/2029,activo_al_2026-09-01,https://www.hcdn.gob.ar/diputados/,sources/active_roster/hcdn_diputados_vigentes_2026-09-01.csv,Cámara de Diputados · Ley 25.188 / DSAD 545/2025,presentacion_2025_2026_localizada,ANUAL 2025 | ANUAL 2025 - REC 1 | INICIAL 2025,https://www.hcdn.gob.ar/institucional/transparencia/declaraciones_juradas/index.html,sin_nombre_compatible_oa_2017_2024,,,0,,,,"La Cámara publica cumplimiento. El cruce OA es nominal y no sustituye la verificación de CUIT, organismo y cargo antes de sumar una serie."
dip-leiva-aldo,Aldo Leiva,Nacional,Legislativo,Diputados nacionales,Diputado/a nacional,Chaco,UNIÓN POR LA PATRIA,10/12/2023,09/12/2027,activo_al_2026-09-01,https://www.hcdn.gob.ar/diputados/,sources/active_roster/hcdn_diputados_vigentes_2026-09-01.csv,Cámara de Diputados · Ley 25.188 / DSAD 545/2025,sin_presentacion_localizada_en_listados_2025_2026,,https://www.hcdn.gob.ar/institucional/transparencia/declaraciones_juradas/index.html,nombre_compatible_unico_en_oa,LEIVA ALDO ADOLFO,2018|2019|2020|2021|2022|2023|2024,7,2018,2024,,"La Cámara publica cumplimiento. El cruce OA es nominal y no sustituye la verificación de CUIT, organismo y cargo antes de sumar una serie."
dip-lemoine-lilia,Lilia Lemoine,Nacional,Legislativo,Diputados nacionales,Diputado/a nacional,Buenos Aires,LA LIBERTAD AVANZA,10/12/2023,09/12/2027,activo_al_2026-09-01,https://www.hcdn.gob.ar/diputados/,sources/active_roster/hcdn_diputados_vigentes_2026-09-01.csv,Cámara de Diputados · Ley 25.188 / DSAD 545/2025,sin_presentacion_localizada_en_listados_2025_2026,,https://www.hcdn.gob.ar/institucional/transparencia/declaraciones_juradas/index.html,sin_nombre_compatible_oa_2017_2024,,,0,,,,"La Cámara publica cumplimiento. El cruce OA es nominal y no sustituye la verificación de CUIT, organismo y cargo antes de sumar una serie."
dip-leone-andres,Andrés Leone,Nacional,Legislativo,Diputados nacionales,Diputado/a nacional,Ciudad De Buenos Aires,LA LIBERTAD AVANZA,10/12/2025,09/12/2029,activo_al_2026-09-01,https://www.hcdn.gob.ar/diputados/,sources/active_roster/hcdn_diputados_vigentes_2026-09-01.csv,Cámara de Diputados · Ley 25.188 / DSAD 545/2025,presentacion_2025_2026_localizada,INICIAL 2025,https://www.hcdn.gob.ar/institucional/transparencia/declaraciones_juradas/index.html,nombre_compatible_unico_en_oa,LEONE ANDRES MARCELO,2022|2024,2,2022,2024,,"La Cámara publica cumplimiento. El cruce OA es nominal y no sustituye la verificación de CUIT, organismo y cargo antes de sumar una serie."
dip-llano-mercedes,Mercedes Llano,Nacional,Legislativo,Diputados nacionales,Diputado/a nacional,Mendoza,LA LIBERTAD AVANZA,10/12/2023,09/12/2027,activo_al_2026-09-01,https://www.hcdn.gob.ar/diputados/,sources/active_roster/hcdn_diputados_vigentes_2026-09-01.csv,Cámara de Diputados · Ley 25.188 / DSAD 545/2025,sin_presentacion_localizada_en_listados_2025_2026,,https://www.hcdn.gob.ar/institucional/transparencia/declaraciones_juradas/index.html,sin_nombre_compatible_oa_2017_2024,,,0,,,,"La Cámara publica cumplimiento. El cruce OA es nominal y no sustituye la verificación de CUIT, organismo y cargo antes de sumar una serie."
dip-lluch-enrique,Enrique Lluch,Nacional,Legislativo,Diputados nacionales,Diputado/a nacional,Cordoba,LA LIBERTAD AVANZA,10/12/2025,09/12/2029,activo_al_2026-09-01,https://www.hcdn.gob.ar/diputados/,sources/active_roster/hcdn_diputados_vigentes_2026-09-01.csv,Cámara de Diputados · Ley 25.188 / DSAD 545/2025,presentacion_2025_2026_localizada,ANUAL 2025 | INICIAL 2025,https://www.hcdn.gob.ar/institucional/transparencia/declaraciones_juradas/index.html,nombre_compatible_unico_en_oa,LLUCH ENRIQUE,2024,1,2024,2024,,"La Cámara publica cumplimiento. El cruce OA es nominal y no sustituye la verificación de CUIT, organismo y cargo antes de sumar una serie."
dip-longo-johanna-sabrina,Johanna Sabrina Longo,Nacional,Legislativo,Diputados nacionales,Diputado/a nacional,Buenos Aires,LA LIBERTAD AVANZA,10/12/2025,09/12/2029,activo_al_2026-09-01,https://www.hcdn.gob.ar/diputados/,sources/active_roster/hcdn_diputados_vigentes_2026-09-01.csv,Cámara de Diputados · Ley 25.188 / DSAD 545/2025,presentacion_2025_2026_localizada,ANUAL 2025 | INICIAL 2025 | INICIAL 2025 - REC 1,https://www.hcdn.gob.ar/institucional/transparencia/declaraciones_juradas/index.html,nombre_compatible_unico_en_oa,LONGO JOHANNA SABRINA,2022|2024,2,2022,2024,,"La Cámara publica cumplimiento. El cruce OA es nominal y no sustituye la verificación de CUIT, organismo y cargo antes de sumar una serie."
dip-lopez-jimena,Jimena López,Nacional,Legislativo,Diputados nacionales,Diputado/a nacional,Buenos Aires,UNIÓN POR LA PATRIA,10/12/2025,09/12/2029,activo_al_2026-09-01,https://www.hcdn.gob.ar/diputados/,sources/active_roster/hcdn_diputados_vigentes_2026-09-01.csv,Cámara de Diputados · Ley 25.188 / DSAD 545/2025,sin_presentacion_localizada_en_listados_2025_2026,,https://www.hcdn.gob.ar/institucional/transparencia/declaraciones_juradas/index.html,sin_nombre_compatible_oa_2017_2024,,,0,,,,"La Cámara publica cumplimiento. El cruce OA es nominal y no sustituye la verificación de CUIT, organismo y cargo antes de sumar una serie."
dip-lopez-pasquali-cecilia,Cecilia López Pasquali,Nacional,Legislativo,Diputados nacionales,Diputado/a nacional,Santiago Del Estero,UNIÓN POR LA PATRIA,10/12/2025,09/12/2029,activo_al_2026-09-01,https://www.hcdn.gob.ar/diputados/,sources/active_roster/hcdn_diputados_vigentes_2026-09-01.csv,Cámara de Diputados · Ley 25.188 / DSAD 545/2025,presentacion_2025_2026_localizada,ANUAL 2025 | INICIAL 2025,https://www.hcdn.gob.ar/institucional/transparencia/declaraciones_juradas/index.html,sin_nombre_compatible_oa_2017_2024,,,0,,,,"La Cámara publica cumplimiento. El cruce OA es nominal y no sustituye la verificación de CUIT, organismo y cargo antes de sumar una serie."
dip-lousteau-martin,Martín Lousteau,Nacional,Legislativo,Diputados nacionales,Diputado/a nacional,Ciudad De Buenos Aires,PROVINCIAS UNIDAS,10/12/2025,09/12/2029,activo_al_2026-09-01,https://www.hcdn.gob.ar/diputados/,sources/active_roster/hcdn_diputados_vigentes_2026-09-01.csv,Cámara de Diputados · Ley 25.188 / DSAD 545/2025,sin_presentacion_localizada_en_listados_2025_2026,,https://www.hcdn.gob.ar/institucional/transparencia/declaraciones_juradas/index.html,nombre_compatible_unico_en_oa,LOUSTEAU MARTIN,2017|2018|2019|2020|2021|2022|2023|2024,8,2017,2024,,"La Cámara publica cumplimiento. El cruce OA es nominal y no sustituye la verificación de CUIT, organismo y cargo antes de sumar una serie."
dip-luque-juan-pablo,Juan Pablo Luque,Nacional,Legislativo,Diputados nacionales,Diputado/a nacional,Chubut,UNIÓN POR LA PATRIA,10/12/2025,09/12/2029,activo_al_2026-09-01,https://www.hcdn.gob.ar/diputados/,sources/active_roster/hcdn_diputados_vigentes_2026-09-01.csv,Cámara de Diputados · Ley 25.188 / DSAD 545/2025,presentacion_2025_2026_localizada,ANUAL 2025 | INICIAL 2025 | INICIAL 2025 - REC 1,https://www.hcdn.gob.ar/institucional/transparencia/declaraciones_juradas/index.html,nombre_compatible_unico_en_oa,LUQUE JUAN PABLO,2020|2021|2022|2023|2024,5,2020,2024,,"La Cámara publica cumplimiento. El cruce OA es nominal y no sustituye la verificación de CUIT, organismo y cargo antes de sumar una serie."
dip-macyszyn-lorena,Lorena Macyszyn,Nacional,Legislativo,Diputados nacionales,Diputado/a nacional,Buenos Aires,LA LIBERTAD AVANZA,10/12/2023,09/12/2027,activo_al_2026-09-01,https://www.hcdn.gob.ar/diputados/,sources/active_roster/hcdn_diputados_vigentes_2026-09-01.csv,Cámara de Diputados · Ley 25.188 / DSAD 545/2025,sin_presentacion_localizada_en_listados_2025_2026,,https://www.hcdn.gob.ar/institucional/transparencia/declaraciones_juradas/index.html,sin_nombre_compatible_oa_2017_2024,,,0,,,,"La Cámara publica cumplimiento. El cruce OA es nominal y no sustituye la verificación de CUIT, organismo y cargo antes de sumar una serie."
dip-mango-marcelo,Marcelo Mango,Nacional,Legislativo,Diputados nacionales,Diputado/a nacional,Rio Negro,UNIÓN POR LA PATRIA,10/12/2025,09/12/2027,activo_al_2026-09-01,https://www.hcdn.gob.ar/diputados/,sources/active_roster/hcdn_diputados_vigentes_2026-09-01.csv,Cámara de Diputados · Ley 25.188 / DSAD 545/2025,sin_presentacion_localizada_en_listados_2025_2026,,https://www.hcdn.gob.ar/institucional/transparencia/declaraciones_juradas/index.html,sin_nombre_compatible_oa_2017_2024,,,0,,,,"La Cámara publica cumplimiento. El cruce OA es nominal y no sustituye la verificación de CUIT, organismo y cargo antes de sumar una serie."
dip-manrique-mario,Mario Manrique,Nacional,Legislativo,Diputados nacionales,Diputado/a nacional,Buenos Aires,UNIÓN POR LA PATRIA,10/12/2023,09/12/2027,activo_al_2026-09-01,https://www.hcdn.gob.ar/diputados/,sources/active_roster/hcdn_diputados_vigentes_2026-09-01.csv,Cámara de Diputados · Ley 25.188 / DSAD 545/2025,presentacion_2025_2026_localizada,ANUAL 2025,https://www.hcdn.gob.ar/institucional/transparencia/declaraciones_juradas/index.html,nombre_compatible_unico_en_oa,MANRIQUE MARIO ROBERTO,2022|2023|2024,3,2022,2024,,"La Cámara publica cumplimiento. El cruce OA es nominal y no sustituye la verificación de CUIT, organismo y cargo antes de sumar una serie."
dip-marclay-marianela,Marianela Marclay,Nacional,Legislativo,Diputados nacionales,Diputado/a nacional,Entre Rios,UNIÓN POR LA PATRIA,10/12/2025,09/12/2029,activo_al_2026-09-01,https://www.hcdn.gob.ar/diputados/,sources/active_roster/hcdn_diputados_vigentes_2026-09-01.csv,Cámara de Diputados · Ley 25.188 / DSAD 545/2025,sin_presentacion_localizada_en_listados_2025_2026,,https://www.hcdn.gob.ar/institucional/transparencia/declaraciones_juradas/index.html,sin_nombre_compatible_oa_2017_2024,,,0,,,,"La Cámara publica cumplimiento. El cruce OA es nominal y no sustituye la verificación de CUIT, organismo y cargo antes de sumar una serie."
dip-marin-varinia-lis,Varinia Lis Marín,Nacional,Legislativo,Diputados nacionales,Diputado/a nacional,La Pampa,UNIÓN POR LA PATRIA,10/12/2025,09/12/2029,activo_al_2026-09-01,https://www.hcdn.gob.ar/diputados/,sources/active_roster/hcdn_diputados_vigentes_2026-09-01.csv,Cámara de Diputados · Ley 25.188 / DSAD 545/2025,presentacion_2025_2026_localizada,ANUAL 2025,https://www.hcdn.gob.ar/institucional/transparencia/declaraciones_juradas/index.html,nombre_compatible_unico_en_oa,MARIN VARINIA LIS,2021|2022|2023|2024,4,2021,2024,,"La Cámara publica cumplimiento. El cruce OA es nominal y no sustituye la verificación de CUIT, organismo y cargo antes de sumar una serie."
dip-marino-juan,Juan Marino,Nacional,Legislativo,Diputados nacionales,Diputado/a nacional,Buenos Aires,UNIÓN POR LA PATRIA,10/12/2023,09/12/2027,activo_al_2026-09-01,https://www.hcdn.gob.ar/diputados/,sources/active_roster/hcdn_diputados_vigentes_2026-09-01.csv,Cámara de Diputados · Ley 25.188 / DSAD 545/2025,presentacion_2025_2026_localizada,ANUAL 2025,https://www.hcdn.gob.ar/institucional/transparencia/declaraciones_juradas/index.html,coincidencia_multiple_revisar_homonimia,MARINO JUAN | MARINO JUAN ANTONIO | MARINO JUAN CARLOS,2017|2018|2019|2022|2023|2024,6,2017,2024,,"La Cámara publica cumplimiento. El cruce OA es nominal y no sustituye la verificación de CUIT, organismo y cargo antes de sumar una serie."
dip-martinez-german-pedro,Germán Pedro Martínez,Nacional,Legislativo,Diputados nacionales,Diputado/a nacional,Santa Fe,UNIÓN POR LA PATRIA,10/12/2023,09/12/2027,activo_al_2026-09-01,https://www.hcdn.gob.ar/diputados/,sources/active_roster/hcdn_diputados_vigentes_2026-09-01.csv,Cámara de Diputados · Ley 25.188 / DSAD 545/2025,presentacion_2025_2026_localizada,ANUAL 2025,https://www.hcdn.gob.ar/institucional/transparencia/declaraciones_juradas/index.html,nombre_compatible_unico_en_oa,MARTINEZ GERMAN PEDRO,2018|2019|2020|2021|2022|2023|2024,7,2018,2024,,"La Cámara publica cumplimiento. El cruce OA es nominal y no sustituye la verificación de CUIT, organismo y cargo antes de sumar una serie."
dip-martinez-alvaro,Álvaro Martínez,Nacional,Legislativo,Diputados nacionales,Diputado/a nacional,Mendoza,LA LIBERTAD AVANZA,10/12/2025,09/12/2029,activo_al_2026-09-01,https://www.hcdn.gob.ar/diputados/,sources/active_roster/hcdn_diputados_vigentes_2026-09-01.csv,Cámara de Diputados · Ley 25.188 / DSAD 545/2025,presentacion_2025_2026_localizada,ANUAL 2025,https://www.hcdn.gob.ar/institucional/transparencia/declaraciones_juradas/index.html,nombre_compatible_unico_en_oa,MARTINEZ ALVARO FERNANDO,2020|2021|2022|2023|2024,5,2020,2024,,"La Cámara publica cumplimiento. El cruce OA es nominal y no sustituye la verificación de CUIT, organismo y cargo antes de sumar una serie."
dip-massot-nicolas,Nicolás Massot,Nacional,Legislativo,Diputados nacionales,Diputado/a nacional,Buenos Aires,ENCUENTRO FEDERAL,10/12/2023,09/12/2027,activo_al_2026-09-01,https://www.hcdn.gob.ar/diputados/,sources/active_roster/hcdn_diputados_vigentes_2026-09-01.csv,Cámara de Diputados · Ley 25.188 / DSAD 545/2025,presentacion_2025_2026_localizada,ANUAL 2025,https://www.hcdn.gob.ar/institucional/transparencia/declaraciones_juradas/index.html,nombre_compatible_unico_en_oa,MASSOT NICOLAS MARIA,2017|2018|2019|2023|2024,5,2017,2024,,"La Cámara publica cumplimiento. El cruce OA es nominal y no sustituye la verificación de CUIT, organismo y cargo antes de sumar una serie."
dip-matzkin-martin,Martín Matzkin,Nacional,Legislativo,Diputados nacionales,Diputado/a nacional,La Pampa,LA LIBERTAD AVANZA,24/06/2026,09/12/2029,activo_al_2026-09-01,https://www.hcdn.gob.ar/diputados/,sources/active_roster/hcdn_diputados_vigentes_2026-09-01.csv,Cámara de Diputados · Ley 25.188 / DSAD 545/2025,presentacion_2025_2026_localizada,INICIAL 2026,https://www.hcdn.gob.ar/institucional/transparencia/declaraciones_juradas/index.html,nombre_compatible_unico_en_oa,MATZKIN MARTIN,2017|2018|2019|2020|2021|2022|2023|2024,8,2017,2024,,"La Cámara publica cumplimiento. El cruce OA es nominal y no sustituye la verificación de CUIT, organismo y cargo antes de sumar una serie."
dip-maureira-karina,Karina Maureira,Nacional,Legislativo,Diputados nacionales,Diputado/a nacional,Neuquen,LA NEUQUINIDAD,10/12/2025,09/12/2029,activo_al_2026-09-01,https://www.hcdn.gob.ar/diputados/,sources/active_roster/hcdn_diputados_vigentes_2026-09-01.csv,Cámara de Diputados · Ley 25.188 / DSAD 545/2025,presentacion_2025_2026_localizada,ANUAL 2025 | INICIAL 2025,https://www.hcdn.gob.ar/institucional/transparencia/declaraciones_juradas/index.html,nombre_compatible_unico_en_oa,MAUREIRA KARINA ALEJANDRA,2024,1,2024,2024,,"La Cámara publica cumplimiento. El cruce OA es nominal y no sustituye la verificación de CUIT, organismo y cargo antes de sumar una serie."
dip-mayoraz-nicolas,Nicolás Mayoraz,Nacional,Legislativo,Diputados nacionales,Diputado/a nacional,Santa Fe,LA LIBERTAD AVANZA,10/12/2023,09/12/2027,activo_al_2026-09-01,https://www.hcdn.gob.ar/diputados/,sources/active_roster/hcdn_diputados_vigentes_2026-09-01.csv,Cámara de Diputados · Ley 25.188 / DSAD 545/2025,presentacion_2025_2026_localizada,ANUAL 2025,https://www.hcdn.gob.ar/institucional/transparencia/declaraciones_juradas/index.html,nombre_compatible_unico_en_oa,MAYORAZ NICOLAS FERNANDO,2022|2023|2024,3,2022,2024,,"La Cámara publica cumplimiento. El cruce OA es nominal y no sustituye la verificación de CUIT, organismo y cargo antes de sumar una serie."
dip-medina-gladys,Gladys Medina,Nacional,Legislativo,Diputados nacionales,Diputado/a nacional,Tucuman,INDEPENDENCIA,10/12/2025,09/12/2029,activo_al_2026-09-01,https://www.hcdn.gob.ar/diputados/,sources/active_roster/hcdn_diputados_vigentes_2026-09-01.csv,Cámara de Diputados · Ley 25.188 / DSAD 545/2025,presentacion_2025_2026_localizada,ANUAL 2025,https://www.hcdn.gob.ar/institucional/transparencia/declaraciones_juradas/index.html,nombre_compatible_unico_en_oa,MEDINA GLADYS DEL VALLE,2017|2018|2019|2020|2023|2024,6,2017,2024,,"La Cámara publica cumplimiento. El cruce OA es nominal y no sustituye la verificación de CUIT, organismo y cargo antes de sumar una serie."
dip-menem-martin,Martín Menem,Nacional,Legislativo,Diputados nacionales,Diputado/a nacional,La Rioja,LA LIBERTAD AVANZA,10/12/2023,09/12/2027,activo_al_2026-09-01,https://www.hcdn.gob.ar/diputados/,sources/active_roster/hcdn_diputados_vigentes_2026-09-01.csv,Cámara de Diputados · Ley 25.188 / DSAD 545/2025,presentacion_2025_2026_localizada,ANUAL 2025,https://www.hcdn.gob.ar/institucional/transparencia/declaraciones_juradas/index.html,nombre_compatible_unico_en_oa,MENEM MARTIN ALEXIS,2022|2023|2024,3,2022,2024,martin,"La Cámara publica cumplimiento. El cruce OA es nominal y no sustituye la verificación de CUIT, organismo y cargo antes de sumar una serie."
dip-metral-asensio-julieta,Julieta Metral Asensio,Nacional,Legislativo,Diputados nacionales,Diputado/a nacional,Mendoza,LA LIBERTAD AVANZA,10/12/2025,09/12/2029,activo_al_2026-09-01,https://www.hcdn.gob.ar/diputados/,sources/active_roster/hcdn_diputados_vigentes_2026-09-01.csv,Cámara de Diputados · Ley 25.188 / DSAD 545/2025,sin_presentacion_localizada_en_listados_2025_2026,,https://www.hcdn.gob.ar/institucional/transparencia/declaraciones_juradas/index.html,sin_nombre_compatible_oa_2017_2024,,,0,,,,"La Cámara publica cumplimiento. El cruce OA es nominal y no sustituye la verificación de CUIT, organismo y cargo antes de sumar una serie."
dip-michel-guillermo,Guillermo Michel,Nacional,Legislativo,Diputados nacionales,Diputado/a nacional,Entre Rios,UNIÓN POR LA PATRIA,10/12/2025,09/12/2029,activo_al_2026-09-01,https://www.hcdn.gob.ar/diputados/,sources/active_roster/hcdn_diputados_vigentes_2026-09-01.csv,Cámara de Diputados · Ley 25.188 / DSAD 545/2025,presentacion_2025_2026_localizada,INICIAL 2025,https://www.hcdn.gob.ar/institucional/transparencia/declaraciones_juradas/index.html,nombre_compatible_unico_en_oa,MICHEL GUILLERMO,2022|2023|2024,3,2022,2024,,"La Cámara publica cumplimiento. El cruce OA es nominal y no sustituye la verificación de CUIT, organismo y cargo antes de sumar una serie."
dip-mino-fernanda,Fernanda Miño,Nacional,Legislativo,Diputados nacionales,Diputado/a nacional,Buenos Aires,UNIÓN POR LA PATRIA,10/12/2025,09/12/2029,activo_al_2026-09-01,https://www.hcdn.gob.ar/diputados/,sources/active_roster/hcdn_diputados_vigentes_2026-09-01.csv,Cámara de Diputados · Ley 25.188 / DSAD 545/2025,sin_presentacion_localizada_en_listados_2025_2026,,https://www.hcdn.gob.ar/institucional/transparencia/declaraciones_juradas/index.html,sin_nombre_compatible_oa_2017_2024,,,0,,,,"La Cámara publica cumplimiento. El cruce OA es nominal y no sustituye la verificación de CUIT, organismo y cargo antes de sumar una serie."
dip-molina-juan-carlos,Juan Carlos Molina,Nacional,Legislativo,Diputados nacionales,Diputado/a nacional,Santa Cruz,UNIÓN POR LA PATRIA,10/12/2025,09/12/2029,activo_al_2026-09-01,https://www.hcdn.gob.ar/diputados/,sources/active_roster/hcdn_diputados_vigentes_2026-09-01.csv,Cámara de Diputados · Ley 25.188 / DSAD 545/2025,presentacion_2025_2026_localizada,ANUAL 2025 | INICIAL 2025,https://www.hcdn.gob.ar/institucional/transparencia/declaraciones_juradas/index.html,nombre_compatible_unico_en_oa,MOLINA JUAN CARLOS,2022,1,2022,2022,,"La Cámara publica cumplimiento. El cruce OA es nominal y no sustituye la verificación de CUIT, organismo y cargo antes de sumar una serie."
dip-molinuevo-soledad,Soledad Molinuevo,Nacional,Legislativo,Diputados nacionales,Diputado/a nacional,Tucuman,LA LIBERTAD AVANZA,10/12/2025,09/12/2029,activo_al_2026-09-01,https://www.hcdn.gob.ar/diputados/,sources/active_roster/hcdn_diputados_vigentes_2026-09-01.csv,Cámara de Diputados · Ley 25.188 / DSAD 545/2025,sin_presentacion_localizada_en_listados_2025_2026,,https://www.hcdn.gob.ar/institucional/transparencia/declaraciones_juradas/index.html,sin_nombre_compatible_oa_2017_2024,,,0,,,,"La Cámara publica cumplimiento. El cruce OA es nominal y no sustituye la verificación de CUIT, organismo y cargo antes de sumar una serie."
dip-molle-matias,Matías Molle,Nacional,Legislativo,Diputados nacionales,Diputado/a nacional,Buenos Aires,UNIÓN POR LA PATRIA,10/12/2023,09/12/2027,activo_al_2026-09-01,https://www.hcdn.gob.ar/diputados/,sources/active_roster/hcdn_diputados_vigentes_2026-09-01.csv,Cámara de Diputados · Ley 25.188 / DSAD 545/2025,presentacion_2025_2026_localizada,ANUAL 2025,https://www.hcdn.gob.ar/institucional/transparencia/declaraciones_juradas/index.html,nombre_compatible_unico_en_oa,MOLLE MATIAS,2022,1,2022,2022,,"La Cámara publica cumplimiento. El cruce OA es nominal y no sustituye la verificación de CUIT, organismo y cargo antes de sumar una serie."
dip-mondaca-soledad,Soledad Mondaca,Nacional,Legislativo,Diputados nacionales,Diputado/a nacional,Neuquen,LA LIBERTAD AVANZA,10/12/2025,09/12/2029,activo_al_2026-09-01,https://www.hcdn.gob.ar/diputados/,sources/active_roster/hcdn_diputados_vigentes_2026-09-01.csv,Cámara de Diputados · Ley 25.188 / DSAD 545/2025,sin_presentacion_localizada_en_listados_2025_2026,,https://www.hcdn.gob.ar/institucional/transparencia/declaraciones_juradas/index.html,sin_nombre_compatible_oa_2017_2024,,,0,,,,"La Cámara publica cumplimiento. El cruce OA es nominal y no sustituye la verificación de CUIT, organismo y cargo antes de sumar una serie."
dip-monguillot-fernando,Fernando Monguillot,Nacional,Legislativo,Diputados nacionales,Diputado/a nacional,Catamarca,ELIJO CATAMARCA,10/12/2025,09/12/2029,activo_al_2026-09-01,https://www.hcdn.gob.ar/diputados/,sources/active_roster/hcdn_diputados_vigentes_2026-09-01.csv,Cámara de Diputados · Ley 25.188 / DSAD 545/2025,presentacion_2025_2026_localizada,INICIAL 2025,https://www.hcdn.gob.ar/institucional/transparencia/declaraciones_juradas/index.html,sin_nombre_compatible_oa_2017_2024,,,0,,,,"La Cámara publica cumplimiento. El cruce OA es nominal y no sustituye la verificación de CUIT, organismo y cargo antes de sumar una serie."
dip-montenegro-juan-pablo,Juan Pablo Montenegro,Nacional,Legislativo,Diputados nacionales,Diputado/a nacional,Santa Fe,LA LIBERTAD AVANZA,10/12/2025,09/12/2029,activo_al_2026-09-01,https://www.hcdn.gob.ar/diputados/,sources/active_roster/hcdn_diputados_vigentes_2026-09-01.csv,Cámara de Diputados · Ley 25.188 / DSAD 545/2025,presentacion_2025_2026_localizada,ANUAL 2025 | INICIAL 2025,https://www.hcdn.gob.ar/institucional/transparencia/declaraciones_juradas/index.html,nombre_compatible_unico_en_oa,MONTENEGRO JUAN PABLO,2022|2024,2,2022,2024,,"La Cámara publica cumplimiento. El cruce OA es nominal y no sustituye la verificación de CUIT, organismo y cargo antes de sumar una serie."
dip-montenegro-guillermo,Guillermo Montenegro,Nacional,Legislativo,Diputados nacionales,Diputado/a nacional,Buenos Aires,LA LIBERTAD AVANZA,10/12/2023,09/12/2027,activo_al_2026-09-01,https://www.hcdn.gob.ar/diputados/,sources/active_roster/hcdn_diputados_vigentes_2026-09-01.csv,Cámara de Diputados · Ley 25.188 / DSAD 545/2025,sin_presentacion_localizada_en_listados_2025_2026,,https://www.hcdn.gob.ar/institucional/transparencia/declaraciones_juradas/index.html,coincidencia_multiple_revisar_homonimia,MONTENEGRO GUILLERMO AGUEDO | MONTENEGRO GUILLERMO MAXIMILIANO | MONTENEGRO GUILLERMO TRISTAN,2017|2018|2019|2020|2021|2022|2023|2024,8,2017,2024,,"La Cámara publica cumplimiento. El cruce OA es nominal y no sustituye la verificación de CUIT, organismo y cargo antes de sumar una serie."
dip-monzon-roxana,Roxana Monzón,Nacional,Legislativo,Diputados nacionales,Diputado/a nacional,Buenos Aires,UNIÓN POR LA PATRIA,10/12/2023,09/12/2027,activo_al_2026-09-01,https://www.hcdn.gob.ar/diputados/,sources/active_roster/hcdn_diputados_vigentes_2026-09-01.csv,Cámara de Diputados · Ley 25.188 / DSAD 545/2025,presentacion_2025_2026_localizada,ANUAL 2025 - REC 2,https://www.hcdn.gob.ar/institucional/transparencia/declaraciones_juradas/index.html,coincidencia_multiple_revisar_homonimia,MONZON ROXANA ELIZABETH | MONZON ROXANA VALERIA,2017|2018|2019|2020|2021|2022|2023|2024,8,2017,2024,,"La Cámara publica cumplimiento. El cruce OA es nominal y no sustituye la verificación de CUIT, organismo y cargo antes de sumar una serie."
dip-morchio-francisco,Francisco Morchio,Nacional,Legislativo,Diputados nacionales,Diputado/a nacional,Entre Rios,LA LIBERTAD AVANZA,10/12/2023,09/12/2027,activo_al_2026-09-01,https://www.hcdn.gob.ar/diputados/,sources/active_roster/hcdn_diputados_vigentes_2026-09-01.csv,Cámara de Diputados · Ley 25.188 / DSAD 545/2025,sin_presentacion_localizada_en_listados_2025_2026,,https://www.hcdn.gob.ar/institucional/transparencia/declaraciones_juradas/index.html,nombre_compatible_unico_en_oa,MORCHIO FRANCISCO ALEJANDRO,2022|2023|2024,3,2022,2024,,"La Cámara publica cumplimiento. El cruce OA es nominal y no sustituye la verificación de CUIT, organismo y cargo antes de sumar una serie."
dip-moreau-cecilia,Cecilia Moreau,Nacional,Legislativo,Diputados nacionales,Diputado/a nacional,Buenos Aires,UNIÓN POR LA PATRIA,10/12/2023,09/12/2027,activo_al_2026-09-01,https://www.hcdn.gob.ar/diputados/,sources/active_roster/hcdn_diputados_vigentes_2026-09-01.csv,Cámara de Diputados · Ley 25.188 / DSAD 545/2025,presentacion_2025_2026_localizada,ANUAL 2025,https://www.hcdn.gob.ar/institucional/transparencia/declaraciones_juradas/index.html,nombre_compatible_unico_en_oa,MOREAU CECILIA,2017|2018|2019|2020|2021|2022|2023|2024,8,2017,2024,,"La Cámara publica cumplimiento. El cruce OA es nominal y no sustituye la verificación de CUIT, organismo y cargo antes de sumar una serie."
dip-moreno-ovalle-julio,Julio Moreno Ovalle,Nacional,Legislativo,Diputados nacionales,Diputado/a nacional,Salta,LA LIBERTAD AVANZA,10/12/2023,09/12/2027,activo_al_2026-09-01,https://www.hcdn.gob.ar/diputados/,sources/active_roster/hcdn_diputados_vigentes_2026-09-01.csv,Cámara de Diputados · Ley 25.188 / DSAD 545/2025,presentacion_2025_2026_localizada,ANUAL 2025,https://www.hcdn.gob.ar/institucional/transparencia/declaraciones_juradas/index.html,sin_nombre_compatible_oa_2017_2024,,,0,,,,"La Cámara publica cumplimiento. El cruce OA es nominal y no sustituye la verificación de CUIT, organismo y cargo antes de sumar una serie."
dip-moyano-hugo-antonio,Hugo Antonio Moyano,Nacional,Legislativo,Diputados nacionales,Diputado/a nacional,Buenos Aires,UNIÓN POR LA PATRIA,10/12/2025,09/12/2029,activo_al_2026-09-01,https://www.hcdn.gob.ar/diputados/,sources/active_roster/hcdn_diputados_vigentes_2026-09-01.csv,Cámara de Diputados · Ley 25.188 / DSAD 545/2025,presentacion_2025_2026_localizada,ANUAL 2025 | INICIAL 2025,https://www.hcdn.gob.ar/institucional/transparencia/declaraciones_juradas/index.html,nombre_compatible_unico_en_oa,MOYANO HUGO ANTONIO,2024,1,2024,2024,,"La Cámara publica cumplimiento. El cruce OA es nominal y no sustituye la verificación de CUIT, organismo y cargo antes de sumar una serie."
dip-mukdise-jorge,Jorge Mukdise,Nacional,Legislativo,Diputados nacionales,Diputado/a nacional,Santiago Del Estero,UNIÓN POR LA PATRIA,10/12/2025,09/12/2029,activo_al_2026-09-01,https://www.hcdn.gob.ar/diputados/,sources/active_roster/hcdn_diputados_vigentes_2026-09-01.csv,Cámara de Diputados · Ley 25.188 / DSAD 545/2025,presentacion_2025_2026_localizada,INICIAL 2025,https://www.hcdn.gob.ar/institucional/transparencia/declaraciones_juradas/index.html,sin_nombre_compatible_oa_2017_2024,,,0,,,,"La Cámara publica cumplimiento. El cruce OA es nominal y no sustituye la verificación de CUIT, organismo y cargo antes de sumar una serie."
dip-munoz-gabriela-luciana,Gabriela Luciana Muñoz,Nacional,Legislativo,Diputados nacionales,Diputado/a nacional,Neuquen,LA LIBERTAD AVANZA,10/12/2025,09/12/2027,activo_al_2026-09-01,https://www.hcdn.gob.ar/diputados/,sources/active_roster/hcdn_diputados_vigentes_2026-09-01.csv,Cámara de Diputados · Ley 25.188 / DSAD 545/2025,presentacion_2025_2026_localizada,INICIAL 2025,https://www.hcdn.gob.ar/institucional/transparencia/declaraciones_juradas/index.html,nombre_compatible_unico_en_oa,MUÑOZ GABRIELA LUCIANA MABEL,2024,1,2024,2024,,"La Cámara publica cumplimiento. El cruce OA es nominal y no sustituye la verificación de CUIT, organismo y cargo antes de sumar una serie."
dip-neder-estela-mary,Estela Mary Neder,Nacional,Legislativo,Diputados nacionales,Diputado/a nacional,Santiago Del Estero,UNIÓN POR LA PATRIA,10/12/2023,09/12/2027,activo_al_2026-09-01,https://www.hcdn.gob.ar/diputados/,sources/active_roster/hcdn_diputados_vigentes_2026-09-01.csv,Cámara de Diputados · Ley 25.188 / DSAD 545/2025,sin_presentacion_localizada_en_listados_2025_2026,,https://www.hcdn.gob.ar/institucional/transparencia/declaraciones_juradas/index.html,nombre_compatible_unico_en_oa,NEDER ESTELA MARY,2017|2018|2019|2020|2021|2022|2023,7,2017,2023,,"La Cámara publica cumplimiento. El cruce OA es nominal y no sustituye la verificación de CUIT, organismo y cargo antes de sumar una serie."
dip-nieri-lisandro,Lisandro Nieri,Nacional,Legislativo,Diputados nacionales,Diputado/a nacional,Mendoza,UCR - UNIÓN CÍVICA RADICAL,10/12/2023,09/12/2027,activo_al_2026-09-01,https://www.hcdn.gob.ar/diputados/,sources/active_roster/hcdn_diputados_vigentes_2026-09-01.csv,Cámara de Diputados · Ley 25.188 / DSAD 545/2025,sin_presentacion_localizada_en_listados_2025_2026,,https://www.hcdn.gob.ar/institucional/transparencia/declaraciones_juradas/index.html,sin_nombre_compatible_oa_2017_2024,,,0,,,,"La Cámara publica cumplimiento. El cruce OA es nominal y no sustituye la verificación de CUIT, organismo y cargo antes de sumar una serie."
dip-niveyro-miriam,Miriam Niveyro,Nacional,Legislativo,Diputados nacionales,Diputado/a nacional,Buenos Aires,LA LIBERTAD AVANZA,10/12/2025,09/12/2029,activo_al_2026-09-01,https://www.hcdn.gob.ar/diputados/,sources/active_roster/hcdn_diputados_vigentes_2026-09-01.csv,Cámara de Diputados · Ley 25.188 / DSAD 545/2025,presentacion_2025_2026_localizada,INICIAL 2025,https://www.hcdn.gob.ar/institucional/transparencia/declaraciones_juradas/index.html,nombre_compatible_unico_en_oa,NIVEYRO MIRIAM DEL CARMEN,2022|2024,2,2022,2024,,"La Cámara publica cumplimiento. El cruce OA es nominal y no sustituye la verificación de CUIT, organismo y cargo antes de sumar una serie."
dip-noblega-sebastian,Sebastián Nóblega,Nacional,Legislativo,Diputados nacionales,Diputado/a nacional,Catamarca,ELIJO CATAMARCA,10/12/2023,09/12/2027,activo_al_2026-09-01,https://www.hcdn.gob.ar/diputados/,sources/active_roster/hcdn_diputados_vigentes_2026-09-01.csv,Cámara de Diputados · Ley 25.188 / DSAD 545/2025,sin_presentacion_localizada_en_listados_2025_2026,,https://www.hcdn.gob.ar/institucional/transparencia/declaraciones_juradas/index.html,sin_nombre_compatible_oa_2017_2024,,,0,,,,"La Cámara publica cumplimiento. El cruce OA es nominal y no sustituye la verificación de CUIT, organismo y cargo antes de sumar una serie."
dip-noguera-javier,Javier Noguera,Nacional,Legislativo,Diputados nacionales,Diputado/a nacional,Tucuman,INDEPENDENCIA,10/12/2025,09/12/2029,activo_al_2026-09-01,https://www.hcdn.gob.ar/diputados/,sources/active_roster/hcdn_diputados_vigentes_2026-09-01.csv,Cámara de Diputados · Ley 25.188 / DSAD 545/2025,sin_presentacion_localizada_en_listados_2025_2026,,https://www.hcdn.gob.ar/institucional/transparencia/declaraciones_juradas/index.html,sin_nombre_compatible_oa_2017_2024,,,0,,,,"La Cámara publica cumplimiento. El cruce OA es nominal y no sustituye la verificación de CUIT, organismo y cargo antes de sumar una serie."
dip-nunez-jose,José Nuñez,Nacional,Legislativo,Diputados nacionales,Diputado/a nacional,Santa Fe,PROVINCIAS UNIDAS,10/12/2023,09/12/2027,activo_al_2026-09-01,https://www.hcdn.gob.ar/diputados/,sources/active_roster/hcdn_diputados_vigentes_2026-09-01.csv,Cámara de Diputados · Ley 25.188 / DSAD 545/2025,sin_presentacion_localizada_en_listados_2025_2026,,https://www.hcdn.gob.ar/institucional/transparencia/declaraciones_juradas/index.html,coincidencia_multiple_revisar_homonimia,NUÑEZ JOSE CARLOS | NUÑEZ JOSE FELIX | NUÑEZ JOSE LITO | NUÑEZ JOSE MARIA | NUÑEZ JOSE MARTIN | NUÑEZ JOSE RAMON,2017|2018|2019|2020|2021|2022|2023|2024,8,2017,2024,,"La Cámara publica cumplimiento. El cruce OA es nominal y no sustituye la verificación de CUIT, organismo y cargo antes de sumar una serie."
dip-ojeda-joaquin,Joaquín Ojeda,Nacional,Legislativo,Diputados nacionales,Diputado/a nacional,Buenos Aires,LA LIBERTAD AVANZA,10/12/2025,09/12/2029,activo_al_2026-09-01,https://www.hcdn.gob.ar/diputados/,sources/active_roster/hcdn_diputados_vigentes_2026-09-01.csv,Cámara de Diputados · Ley 25.188 / DSAD 545/2025,presentacion_2025_2026_localizada,INICIAL 2025,https://www.hcdn.gob.ar/institucional/transparencia/declaraciones_juradas/index.html,sin_nombre_compatible_oa_2017_2024,,,0,,,,"La Cámara publica cumplimiento. El cruce OA es nominal y no sustituye la verificación de CUIT, organismo y cargo antes de sumar una serie."
dip-olmos-kelly,Kelly Olmos,Nacional,Legislativo,Diputados nacionales,Diputado/a nacional,Ciudad De Buenos Aires,UNIÓN POR LA PATRIA,10/12/2025,09/12/2029,activo_al_2026-09-01,https://www.hcdn.gob.ar/diputados/,sources/active_roster/hcdn_diputados_vigentes_2026-09-01.csv,Cámara de Diputados · Ley 25.188 / DSAD 545/2025,sin_presentacion_localizada_en_listados_2025_2026,,https://www.hcdn.gob.ar/institucional/transparencia/declaraciones_juradas/index.html,sin_nombre_compatible_oa_2017_2024,,,0,,,,"La Cámara publica cumplimiento. El cruce OA es nominal y no sustituye la verificación de CUIT, organismo y cargo antes de sumar una serie."
dip-osuna-blanca-ines,Blanca Inés Osuna,Nacional,Legislativo,Diputados nacionales,Diputado/a nacional,Entre Rios,UNIÓN POR LA PATRIA,10/12/2023,09/12/2027,activo_al_2026-09-01,https://www.hcdn.gob.ar/diputados/,sources/active_roster/hcdn_diputados_vigentes_2026-09-01.csv,Cámara de Diputados · Ley 25.188 / DSAD 545/2025,sin_presentacion_localizada_en_listados_2025_2026,,https://www.hcdn.gob.ar/institucional/transparencia/declaraciones_juradas/index.html,nombre_compatible_unico_en_oa,OSUNA BLANCA INES,2018|2019|2020|2021|2022|2023|2024,7,2018,2024,,"La Cámara publica cumplimiento. El cruce OA es nominal y no sustituye la verificación de CUIT, organismo y cargo antes de sumar una serie."
dip-outes-pablo,Pablo Outes,Nacional,Legislativo,Diputados nacionales,Diputado/a nacional,Salta,ARGENTINA FEDERAL,10/12/2023,09/12/2027,activo_al_2026-09-01,https://www.hcdn.gob.ar/diputados/,sources/active_roster/hcdn_diputados_vigentes_2026-09-01.csv,Cámara de Diputados · Ley 25.188 / DSAD 545/2025,sin_presentacion_localizada_en_listados_2025_2026,,https://www.hcdn.gob.ar/institucional/transparencia/declaraciones_juradas/index.html,nombre_compatible_unico_en_oa,OUTES PABLO ISMAEL,2023|2024,2,2023,2024,,"La Cámara publica cumplimiento. El cruce OA es nominal y no sustituye la verificación de CUIT, organismo y cargo antes de sumar una serie."
dip-pagano-marcela-marina,Marcela Marina Pagano,Nacional,Legislativo,Diputados nacionales,Diputado/a nacional,Buenos Aires,COHERENCIA,10/12/2023,09/12/2027,activo_al_2026-09-01,https://www.hcdn.gob.ar/diputados/,sources/active_roster/hcdn_diputados_vigentes_2026-09-01.csv,Cámara de Diputados · Ley 25.188 / DSAD 545/2025,presentacion_2025_2026_localizada,ANUAL 2025,https://www.hcdn.gob.ar/institucional/transparencia/declaraciones_juradas/index.html,nombre_compatible_unico_en_oa,PAGANO MARCELA MARINA,2022|2023|2024,3,2022,2024,,"La Cámara publica cumplimiento. El cruce OA es nominal y no sustituye la verificación de CUIT, organismo y cargo antes de sumar una serie."
dip-palazzo-sergio-omar,Sergio Omar Palazzo,Nacional,Legislativo,Diputados nacionales,Diputado/a nacional,Buenos Aires,UNIÓN POR LA PATRIA,10/12/2025,09/12/2029,activo_al_2026-09-01,https://www.hcdn.gob.ar/diputados/,sources/active_roster/hcdn_diputados_vigentes_2026-09-01.csv,Cámara de Diputados · Ley 25.188 / DSAD 545/2025,presentacion_2025_2026_localizada,ANUAL 2025,https://www.hcdn.gob.ar/institucional/transparencia/declaraciones_juradas/index.html,nombre_compatible_unico_en_oa,PALAZZO SERGIO OMAR,2020|2021|2022|2023|2024,5,2020,2024,,"La Cámara publica cumplimiento. El cruce OA es nominal y no sustituye la verificación de CUIT, organismo y cargo antes de sumar una serie."
dip-palladino-claudia-maria,Claudia María Palladino,Nacional,Legislativo,Diputados nacionales,Diputado/a nacional,Catamarca,UNIÓN POR LA PATRIA,10/12/2025,09/12/2029,activo_al_2026-09-01,https://www.hcdn.gob.ar/diputados/,sources/active_roster/hcdn_diputados_vigentes_2026-09-01.csv,Cámara de Diputados · Ley 25.188 / DSAD 545/2025,presentacion_2025_2026_localizada,ANUAL 2025 | INICIAL 2025 | INICIAL 2025 - REC 1,https://www.hcdn.gob.ar/institucional/transparencia/declaraciones_juradas/index.html,sin_nombre_compatible_oa_2017_2024,,,0,,,,"La Cámara publica cumplimiento. El cruce OA es nominal y no sustituye la verificación de CUIT, organismo y cargo antes de sumar una serie."
dip-pareja-sebastian,Sebastián Pareja,Nacional,Legislativo,Diputados nacionales,Diputado/a nacional,Buenos Aires,LA LIBERTAD AVANZA,10/12/2025,09/12/2029,activo_al_2026-09-01,https://www.hcdn.gob.ar/diputados/,sources/active_roster/hcdn_diputados_vigentes_2026-09-01.csv,Cámara de Diputados · Ley 25.188 / DSAD 545/2025,presentacion_2025_2026_localizada,ANUAL 2025 | INICIAL 2025,https://www.hcdn.gob.ar/institucional/transparencia/declaraciones_juradas/index.html,nombre_compatible_unico_en_oa,PAREJA SEBASTIAN MIGUEL,2017|2018|2019|2023|2024,5,2017,2024,,"La Cámara publica cumplimiento. El cruce OA es nominal y no sustituye la verificación de CUIT, organismo y cargo antes de sumar una serie."
dip-parola-maria-graciela,María Graciela Parola,Nacional,Legislativo,Diputados nacionales,Diputado/a nacional,Formosa,UNIÓN POR LA PATRIA,10/12/2023,09/12/2027,activo_al_2026-09-01,https://www.hcdn.gob.ar/diputados/,sources/active_roster/hcdn_diputados_vigentes_2026-09-01.csv,Cámara de Diputados · Ley 25.188 / DSAD 545/2025,presentacion_2025_2026_localizada,ANUAL 2025,https://www.hcdn.gob.ar/institucional/transparencia/declaraciones_juradas/index.html,nombre_compatible_unico_en_oa,PAROLA MARIA GRACIELA,2018|2019|2020|2021|2022|2023|2024,7,2018,2024,,"La Cámara publica cumplimiento. El cruce OA es nominal y no sustituye la verificación de CUIT, organismo y cargo antes de sumar una serie."
dip-patino-brizuela-marcos,Marcos Patiño Brizuela,Nacional,Legislativo,Diputados nacionales,Diputado/a nacional,Cordoba,LA LIBERTAD AVANZA,10/12/2025,09/12/2029,activo_al_2026-09-01,https://www.hcdn.gob.ar/diputados/,sources/active_roster/hcdn_diputados_vigentes_2026-09-01.csv,Cámara de Diputados · Ley 25.188 / DSAD 545/2025,presentacion_2025_2026_localizada,ANUAL 2025 | INICIAL 2025,https://www.hcdn.gob.ar/institucional/transparencia/declaraciones_juradas/index.html,nombre_compatible_unico_en_oa,PATIÑO BRIZUELA MARCOS,2024,1,2024,2024,,"La Cámara publica cumplimiento. El cruce OA es nominal y no sustituye la verificación de CUIT, organismo y cargo antes de sumar una serie."
dip-pauli-santiago,Santiago Pauli,Nacional,Legislativo,Diputados nacionales,Diputado/a nacional,Tierra Del Fuego,LA LIBERTAD AVANZA,10/12/2023,09/12/2027,activo_al_2026-09-01,https://www.hcdn.gob.ar/diputados/,sources/active_roster/hcdn_diputados_vigentes_2026-09-01.csv,Cámara de Diputados · Ley 25.188 / DSAD 545/2025,sin_presentacion_localizada_en_listados_2025_2026,,https://www.hcdn.gob.ar/institucional/transparencia/declaraciones_juradas/index.html,sin_nombre_compatible_oa_2017_2024,,,0,,,,"La Cámara publica cumplimiento. El cruce OA es nominal y no sustituye la verificación de CUIT, organismo y cargo antes de sumar una serie."
dip-paulon-esteban,Esteban Paulón,Nacional,Legislativo,Diputados nacionales,Diputado/a nacional,Santa Fe,PROVINCIAS UNIDAS,10/12/2023,09/12/2027,activo_al_2026-09-01,https://www.hcdn.gob.ar/diputados/,sources/active_roster/hcdn_diputados_vigentes_2026-09-01.csv,Cámara de Diputados · Ley 25.188 / DSAD 545/2025,presentacion_2025_2026_localizada,ANUAL 2025,https://www.hcdn.gob.ar/institucional/transparencia/declaraciones_juradas/index.html,nombre_compatible_unico_en_oa,PAULON ESTEBAN,2022|2023|2024,3,2022,2024,,"La Cámara publica cumplimiento. El cruce OA es nominal y no sustituye la verificación de CUIT, organismo y cargo antes de sumar una serie."
dip-pedrali-gabriela,Gabriela Pedrali,Nacional,Legislativo,Diputados nacionales,Diputado/a nacional,La Rioja,UNIÓN POR LA PATRIA,10/12/2025,09/12/2029,activo_al_2026-09-01,https://www.hcdn.gob.ar/diputados/,sources/active_roster/hcdn_diputados_vigentes_2026-09-01.csv,Cámara de Diputados · Ley 25.188 / DSAD 545/2025,presentacion_2025_2026_localizada,ANUAL 2025,https://www.hcdn.gob.ar/institucional/transparencia/declaraciones_juradas/index.html,nombre_compatible_unico_en_oa,PEDRALI GABRIELA,2021|2022|2023|2024,4,2021,2024,,"La Cámara publica cumplimiento. El cruce OA es nominal y no sustituye la verificación de CUIT, organismo y cargo antes de sumar una serie."
dip-pellegrini-agustin,Agustín Pellegrini,Nacional,Legislativo,Diputados nacionales,Diputado/a nacional,Santa Fe,LA LIBERTAD AVANZA,10/12/2025,09/12/2029,activo_al_2026-09-01,https://www.hcdn.gob.ar/diputados/,sources/active_roster/hcdn_diputados_vigentes_2026-09-01.csv,Cámara de Diputados · Ley 25.188 / DSAD 545/2025,presentacion_2025_2026_localizada,ANUAL 2025 | INICIAL 2025,https://www.hcdn.gob.ar/institucional/transparencia/declaraciones_juradas/index.html,sin_nombre_compatible_oa_2017_2024,,,0,,,,"La Cámara publica cumplimiento. El cruce OA es nominal y no sustituye la verificación de CUIT, organismo y cargo antes de sumar una serie."
dip-pelli-federico-agustin,Federico Agustín Pelli,Nacional,Legislativo,Diputados nacionales,Diputado/a nacional,Tucuman,LA LIBERTAD AVANZA,10/12/2025,09/12/2029,activo_al_2026-09-01,https://www.hcdn.gob.ar/diputados/,sources/active_roster/hcdn_diputados_vigentes_2026-09-01.csv,Cámara de Diputados · Ley 25.188 / DSAD 545/2025,presentacion_2025_2026_localizada,ANUAL 2025 | ANUAL 2025 - REC 2 | INICIAL 2025,https://www.hcdn.gob.ar/institucional/transparencia/declaraciones_juradas/index.html,nombre_compatible_unico_en_oa,PELLI FEDERICO AGUSTIN,2024,1,2024,2024,,"La Cámara publica cumplimiento. El cruce OA es nominal y no sustituye la verificación de CUIT, organismo y cargo antes de sumar una serie."
dip-peluc-jose,José Peluc,Nacional,Legislativo,Diputados nacionales,Diputado/a nacional,San Juan,LA LIBERTAD AVANZA,10/12/2023,09/12/2027,activo_al_2026-09-01,https://www.hcdn.gob.ar/diputados/,sources/active_roster/hcdn_diputados_vigentes_2026-09-01.csv,Cámara de Diputados · Ley 25.188 / DSAD 545/2025,sin_presentacion_localizada_en_listados_2025_2026,,https://www.hcdn.gob.ar/institucional/transparencia/declaraciones_juradas/index.html,nombre_compatible_unico_en_oa,PELUC JOSE ASAD,2017|2022|2023|2024,4,2017,2024,,"La Cámara publica cumplimiento. El cruce OA es nominal y no sustituye la verificación de CUIT, organismo y cargo antes de sumar una serie."
dip-penacca-paula-andrea,Paula Andrea Penacca,Nacional,Legislativo,Diputados nacionales,Diputado/a nacional,Ciudad De Buenos Aires,UNIÓN POR LA PATRIA,10/12/2023,09/12/2027,activo_al_2026-09-01,https://www.hcdn.gob.ar/diputados/,sources/active_roster/hcdn_diputados_vigentes_2026-09-01.csv,Cámara de Diputados · Ley 25.188 / DSAD 545/2025,sin_presentacion_localizada_en_listados_2025_2026,,https://www.hcdn.gob.ar/institucional/transparencia/declaraciones_juradas/index.html,nombre_compatible_unico_en_oa,PENACCA PAULA ANDREA,2018|2019|2020|2021|2022|2023,6,2018,2023,,"La Cámara publica cumplimiento. El cruce OA es nominal y no sustituye la verificación de CUIT, organismo y cargo antes de sumar una serie."
dip-petri-luis,Luis Petri,Nacional,Legislativo,Diputados nacionales,Diputado/a nacional,Mendoza,LA LIBERTAD AVANZA,10/12/2025,09/12/2029,activo_al_2026-09-01,https://www.hcdn.gob.ar/diputados/,sources/active_roster/hcdn_diputados_vigentes_2026-09-01.csv,Cámara de Diputados · Ley 25.188 / DSAD 545/2025,presentacion_2025_2026_localizada,INICIAL 2025,https://www.hcdn.gob.ar/institucional/transparencia/declaraciones_juradas/index.html,nombre_compatible_unico_en_oa,PETRI LUIS ALFONSO,2017|2018|2019|2020|2021|2022|2023|2024,8,2017,2024,,"La Cámara publica cumplimiento. El cruce OA es nominal y no sustituye la verificación de CUIT, organismo y cargo antes de sumar una serie."
dip-petrovich-maria-lorena,María Lorena Petrovich,Nacional,Legislativo,Diputados nacionales,Diputado/a nacional,Buenos Aires,LA LIBERTAD AVANZA,10/12/2025,09/12/2027,activo_al_2026-09-01,https://www.hcdn.gob.ar/diputados/,sources/active_roster/hcdn_diputados_vigentes_2026-09-01.csv,Cámara de Diputados · Ley 25.188 / DSAD 545/2025,presentacion_2025_2026_localizada,INICIAL 2025,https://www.hcdn.gob.ar/institucional/transparencia/declaraciones_juradas/index.html,nombre_compatible_unico_en_oa,PETROVICH MARIA LORENA,2022|2024,2,2022,2024,,"La Cámara publica cumplimiento. El cruce OA es nominal y no sustituye la verificación de CUIT, organismo y cargo antes de sumar una serie."
dip-picat-luis-albino,Luis Albino Picat,Nacional,Legislativo,Diputados nacionales,Diputado/a nacional,Cordoba,LA LIBERTAD AVANZA,10/12/2023,09/12/2027,activo_al_2026-09-01,https://www.hcdn.gob.ar/diputados/,sources/active_roster/hcdn_diputados_vigentes_2026-09-01.csv,Cámara de Diputados · Ley 25.188 / DSAD 545/2025,presentacion_2025_2026_localizada,ANUAL 2025,https://www.hcdn.gob.ar/institucional/transparencia/declaraciones_juradas/index.html,nombre_compatible_unico_en_oa,PICAT LUIS ALBINO,2022|2023|2024,3,2022,2024,,"La Cámara publica cumplimiento. El cruce OA es nominal y no sustituye la verificación de CUIT, organismo y cargo antes de sumar una serie."
dip-pichetto-miguel-angel,Miguel Ángel Pichetto,Nacional,Legislativo,Diputados nacionales,Diputado/a nacional,Buenos Aires,ENCUENTRO FEDERAL,10/12/2023,09/12/2027,activo_al_2026-09-01,https://www.hcdn.gob.ar/diputados/,sources/active_roster/hcdn_diputados_vigentes_2026-09-01.csv,Cámara de Diputados · Ley 25.188 / DSAD 545/2025,presentacion_2025_2026_localizada,ANUAL 2025,https://www.hcdn.gob.ar/institucional/transparencia/declaraciones_juradas/index.html,nombre_compatible_unico_en_oa,PICHETTO MIGUEL ANGEL,2017|2018|2019|2020|2021|2022|2023|2024,8,2017,2024,,"La Cámara publica cumplimiento. El cruce OA es nominal y no sustituye la verificación de CUIT, organismo y cargo antes de sumar una serie."
dip-picon-martinez-nancy-viviana,Nancy Viviana Picón Martínez,Nacional,Legislativo,Diputados nacionales,Diputado/a nacional,San Juan,PRODUCCION Y TRABAJO,10/12/2023,09/12/2027,activo_al_2026-09-01,https://www.hcdn.gob.ar/diputados/,sources/active_roster/hcdn_diputados_vigentes_2026-09-01.csv,Cámara de Diputados · Ley 25.188 / DSAD 545/2025,presentacion_2025_2026_localizada,ANUAL 2025,https://www.hcdn.gob.ar/institucional/transparencia/declaraciones_juradas/index.html,nombre_compatible_unico_en_oa,PICON MARTINEZ NANCY VIVIANA,2022|2023,2,2022,2023,,"La Cámara publica cumplimiento. El cruce OA es nominal y no sustituye la verificación de CUIT, organismo y cargo antes de sumar una serie."
dip-pietragalla-corti-horacio,Horacio Pietragalla Corti,Nacional,Legislativo,Diputados nacionales,Diputado/a nacional,Buenos Aires,UNIÓN POR LA PATRIA,10/12/2025,09/12/2029,activo_al_2026-09-01,https://www.hcdn.gob.ar/diputados/,sources/active_roster/hcdn_diputados_vigentes_2026-09-01.csv,Cámara de Diputados · Ley 25.188 / DSAD 545/2025,presentacion_2025_2026_localizada,ANUAL 2025 | INICIAL 2025,https://www.hcdn.gob.ar/institucional/transparencia/declaraciones_juradas/index.html,nombre_compatible_unico_en_oa,PIETRAGALLA CORTI HORACIO CESAR,2017|2018|2019|2020|2021|2022|2023|2024,8,2017,2024,,"La Cámara publica cumplimiento. El cruce OA es nominal y no sustituye la verificación de CUIT, organismo y cargo antes de sumar una serie."
dip-pokoik-lorena,Lorena Pokoik,Nacional,Legislativo,Diputados nacionales,Diputado/a nacional,Ciudad De Buenos Aires,UNIÓN POR LA PATRIA,10/12/2023,09/12/2027,activo_al_2026-09-01,https://www.hcdn.gob.ar/diputados/,sources/active_roster/hcdn_diputados_vigentes_2026-09-01.csv,Cámara de Diputados · Ley 25.188 / DSAD 545/2025,sin_presentacion_localizada_en_listados_2025_2026,,https://www.hcdn.gob.ar/institucional/transparencia/declaraciones_juradas/index.html,nombre_compatible_unico_en_oa,POKOIK LORENA I,2017|2018|2019|2020|2021|2022|2023|2024,8,2017,2024,,"La Cámara publica cumplimiento. El cruce OA es nominal y no sustituye la verificación de CUIT, organismo y cargo antes de sumar una serie."
dip-ponce-maria-celeste,María Celeste Ponce,Nacional,Legislativo,Diputados nacionales,Diputado/a nacional,Cordoba,LA LIBERTAD AVANZA,10/12/2023,09/12/2027,activo_al_2026-09-01,https://www.hcdn.gob.ar/diputados/,sources/active_roster/hcdn_diputados_vigentes_2026-09-01.csv,Cámara de Diputados · Ley 25.188 / DSAD 545/2025,sin_presentacion_localizada_en_listados_2025_2026,,https://www.hcdn.gob.ar/institucional/transparencia/declaraciones_juradas/index.html,nombre_compatible_unico_en_oa,PONCE MARIA CELESTE,2022|2023,2,2022,2023,,"La Cámara publica cumplimiento. El cruce OA es nominal y no sustituye la verificación de CUIT, organismo y cargo antes de sumar una serie."
dip-potenza-luciana,Luciana Potenza,Nacional,Legislativo,Diputados nacionales,Diputado/a nacional,Buenos Aires,UNIÓN POR LA PATRIA,10/12/2023,09/12/2027,activo_al_2026-09-01,https://www.hcdn.gob.ar/diputados/,sources/active_roster/hcdn_diputados_vigentes_2026-09-01.csv,Cámara de Diputados · Ley 25.188 / DSAD 545/2025,presentacion_2025_2026_localizada,ANUAL 2025,https://www.hcdn.gob.ar/institucional/transparencia/declaraciones_juradas/index.html,nombre_compatible_unico_en_oa,POTENZA LUCIANA,2021|2022|2023|2024,4,2021,2024,,"La Cámara publica cumplimiento. El cruce OA es nominal y no sustituye la verificación de CUIT, organismo y cargo antes de sumar una serie."
dip-propato-agustina-lucrecia,Agustina Lucrecia Propato,Nacional,Legislativo,Diputados nacionales,Diputado/a nacional,Buenos Aires,UNIÓN POR LA PATRIA,10/12/2025,09/12/2029,activo_al_2026-09-01,https://www.hcdn.gob.ar/diputados/,sources/active_roster/hcdn_diputados_vigentes_2026-09-01.csv,Cámara de Diputados · Ley 25.188 / DSAD 545/2025,presentacion_2025_2026_localizada,ANUAL 2025,https://www.hcdn.gob.ar/institucional/transparencia/declaraciones_juradas/index.html,nombre_compatible_unico_en_oa,PROPATO AGUSTINA LUCRECIA,2020|2021|2022|2023|2024,5,2020,2024,,"La Cámara publica cumplimiento. El cruce OA es nominal y no sustituye la verificación de CUIT, organismo y cargo antes de sumar una serie."
dip-quintar-manuel,Manuel Quintar,Nacional,Legislativo,Diputados nacionales,Diputado/a nacional,Jujuy,LA LIBERTAD AVANZA,10/12/2023,09/12/2027,activo_al_2026-09-01,https://www.hcdn.gob.ar/diputados/,sources/active_roster/hcdn_diputados_vigentes_2026-09-01.csv,Cámara de Diputados · Ley 25.188 / DSAD 545/2025,presentacion_2025_2026_localizada,ANUAL 2025,https://www.hcdn.gob.ar/institucional/transparencia/declaraciones_juradas/index.html,nombre_compatible_unico_en_oa,QUINTAR MANUEL,2023|2024,2,2023,2024,,"La Cámara publica cumplimiento. El cruce OA es nominal y no sustituye la verificación de CUIT, organismo y cargo antes de sumar una serie."
dip-rauschenberger-ariel,Ariel Rauschenberger,Nacional,Legislativo,Diputados nacionales,Diputado/a nacional,La Pampa,UNIÓN POR LA PATRIA,10/12/2023,09/12/2027,activo_al_2026-09-01,https://www.hcdn.gob.ar/diputados/,sources/active_roster/hcdn_diputados_vigentes_2026-09-01.csv,Cámara de Diputados · Ley 25.188 / DSAD 545/2025,presentacion_2025_2026_localizada,ANUAL 2025,https://www.hcdn.gob.ar/institucional/transparencia/declaraciones_juradas/index.html,nombre_compatible_unico_en_oa,RAUSCHENBERGER ARIEL,2017|2018|2019|2020|2021|2023|2024,7,2017,2024,,"La Cámara publica cumplimiento. El cruce OA es nominal y no sustituye la verificación de CUIT, organismo y cargo antes de sumar una serie."
dip-ravera-valentina,Valentina Ravera,Nacional,Legislativo,Diputados nacionales,Diputado/a nacional,Santa Fe,LA LIBERTAD AVANZA,10/12/2025,09/12/2029,activo_al_2026-09-01,https://www.hcdn.gob.ar/diputados/,sources/active_roster/hcdn_diputados_vigentes_2026-09-01.csv,Cámara de Diputados · Ley 25.188 / DSAD 545/2025,presentacion_2025_2026_localizada,ANUAL 2025 | INICIAL 2025,https://www.hcdn.gob.ar/institucional/transparencia/declaraciones_juradas/index.html,sin_nombre_compatible_oa_2017_2024,,,0,,,,"La Cámara publica cumplimiento. El cruce OA es nominal y no sustituye la verificación de CUIT, organismo y cargo antes de sumar una serie."
dip-razzini-veronica,Verónica Razzini,Nacional,Legislativo,Diputados nacionales,Diputado/a nacional,Santa Fe,LA LIBERTAD AVANZA,10/12/2023,09/12/2027,activo_al_2026-09-01,https://www.hcdn.gob.ar/diputados/,sources/active_roster/hcdn_diputados_vigentes_2026-09-01.csv,Cámara de Diputados · Ley 25.188 / DSAD 545/2025,sin_presentacion_localizada_en_listados_2025_2026,,https://www.hcdn.gob.ar/institucional/transparencia/declaraciones_juradas/index.html,nombre_compatible_unico_en_oa,RAZZINI VERONICA GABRIELA,2022|2023,2,2022,2023,,"La Cámara publica cumplimiento. El cruce OA es nominal y no sustituye la verificación de CUIT, organismo y cargo antes de sumar una serie."
dip-reichardt-karen,Karen Reichardt,Nacional,Legislativo,Diputados nacionales,Diputado/a nacional,Buenos Aires,LA LIBERTAD AVANZA,10/12/2025,09/12/2029,activo_al_2026-09-01,https://www.hcdn.gob.ar/diputados/,sources/active_roster/hcdn_diputados_vigentes_2026-09-01.csv,Cámara de Diputados · Ley 25.188 / DSAD 545/2025,sin_presentacion_localizada_en_listados_2025_2026,,https://www.hcdn.gob.ar/institucional/transparencia/declaraciones_juradas/index.html,sin_nombre_compatible_oa_2017_2024,,,0,,,,"La Cámara publica cumplimiento. El cruce OA es nominal y no sustituye la verificación de CUIT, organismo y cargo antes de sumar una serie."
dip-riesco-gaston,Gastón Riesco,Nacional,Legislativo,Diputados nacionales,Diputado/a nacional,Neuquen,LA LIBERTAD AVANZA,10/12/2025,09/12/2029,activo_al_2026-09-01,https://www.hcdn.gob.ar/diputados/,sources/active_roster/hcdn_diputados_vigentes_2026-09-01.csv,Cámara de Diputados · Ley 25.188 / DSAD 545/2025,presentacion_2025_2026_localizada,ANUAL 2025 | INICIAL 2025,https://www.hcdn.gob.ar/institucional/transparencia/declaraciones_juradas/index.html,sin_nombre_compatible_oa_2017_2024,,,0,,,,"La Cámara publica cumplimiento. El cruce OA es nominal y no sustituye la verificación de CUIT, organismo y cargo antes de sumar una serie."
dip-ritondo-cristian-a,Cristian A. Ritondo,Nacional,Legislativo,Diputados nacionales,Diputado/a nacional,Buenos Aires,PRO,10/12/2023,09/12/2027,activo_al_2026-09-01,https://www.hcdn.gob.ar/diputados/,sources/active_roster/hcdn_diputados_vigentes_2026-09-01.csv,Cámara de Diputados · Ley 25.188 / DSAD 545/2025,presentacion_2025_2026_localizada,ANUAL 2025,https://www.hcdn.gob.ar/institucional/transparencia/declaraciones_juradas/index.html,sin_nombre_compatible_oa_2017_2024,,,0,,,,"La Cámara publica cumplimiento. El cruce OA es nominal y no sustituye la verificación de CUIT, organismo y cargo antes de sumar una serie."
dip-rizzotti-jorge,Jorge Rizzotti,Nacional,Legislativo,Diputados nacionales,Diputado/a nacional,Jujuy,PROVINCIAS UNIDAS,10/12/2023,09/12/2027,activo_al_2026-09-01,https://www.hcdn.gob.ar/diputados/,sources/active_roster/hcdn_diputados_vigentes_2026-09-01.csv,Cámara de Diputados · Ley 25.188 / DSAD 545/2025,presentacion_2025_2026_localizada,ANUAL 2025,https://www.hcdn.gob.ar/institucional/transparencia/declaraciones_juradas/index.html,nombre_compatible_unico_en_oa,RIZZOTTI JORGE RAUL,2019|2020|2021|2022|2023|2024,6,2019,2024,,"La Cámara publica cumplimiento. El cruce OA es nominal y no sustituye la verificación de CUIT, organismo y cargo antes de sumar una serie."
dip-roberto-santiago-luis,Santiago Luis Roberto,Nacional,Legislativo,Diputados nacionales,Diputado/a nacional,Ciudad De Buenos Aires,UNIÓN POR LA PATRIA,10/12/2025,09/12/2029,activo_al_2026-09-01,https://www.hcdn.gob.ar/diputados/,sources/active_roster/hcdn_diputados_vigentes_2026-09-01.csv,Cámara de Diputados · Ley 25.188 / DSAD 545/2025,presentacion_2025_2026_localizada,ANUAL 2025 | INICIAL 2025,https://www.hcdn.gob.ar/institucional/transparencia/declaraciones_juradas/index.html,sin_nombre_compatible_oa_2017_2024,,,0,,,,"La Cámara publica cumplimiento. El cruce OA es nominal y no sustituye la verificación de CUIT, organismo y cargo antes de sumar una serie."
dip-roca-gonzalo,Gonzalo Roca,Nacional,Legislativo,Diputados nacionales,Diputado/a nacional,Cordoba,LA LIBERTAD AVANZA,10/12/2025,09/12/2029,activo_al_2026-09-01,https://www.hcdn.gob.ar/diputados/,sources/active_roster/hcdn_diputados_vigentes_2026-09-01.csv,Cámara de Diputados · Ley 25.188 / DSAD 545/2025,presentacion_2025_2026_localizada,ANUAL 2025 | INICIAL 2025,https://www.hcdn.gob.ar/institucional/transparencia/declaraciones_juradas/index.html,sin_nombre_compatible_oa_2017_2024,,,0,,,,"La Cámara publica cumplimiento. El cruce OA es nominal y no sustituye la verificación de CUIT, organismo y cargo antes de sumar una serie."
dip-rodriguez-miguel,Miguel Rodríguez,Nacional,Legislativo,Diputados nacionales,Diputado/a nacional,Tierra Del Fuego,LA LIBERTAD AVANZA,10/12/2025,09/12/2029,activo_al_2026-09-01,https://www.hcdn.gob.ar/diputados/,sources/active_roster/hcdn_diputados_vigentes_2026-09-01.csv,Cámara de Diputados · Ley 25.188 / DSAD 545/2025,sin_presentacion_localizada_en_listados_2025_2026,,https://www.hcdn.gob.ar/institucional/transparencia/declaraciones_juradas/index.html,coincidencia_multiple_revisar_homonimia,RODRIGUEZ MIGUEL ALEJANDRO | RODRIGUEZ MIGUEL ANGEL | RODRIGUEZ MIGUEL MARCELO,2017|2018|2019|2020|2021|2022|2023|2024,8,2017,2024,,"La Cámara publica cumplimiento. El cruce OA es nominal y no sustituye la verificación de CUIT, organismo y cargo antes de sumar una serie."
dip-rodriguez-machado-laura-elena,Laura Elena Rodríguez Machado,Nacional,Legislativo,Diputados nacionales,Diputado/a nacional,Cordoba,LA LIBERTAD AVANZA,10/12/2025,09/12/2029,activo_al_2026-09-01,https://www.hcdn.gob.ar/diputados/,sources/active_roster/hcdn_diputados_vigentes_2026-09-01.csv,Cámara de Diputados · Ley 25.188 / DSAD 545/2025,presentacion_2025_2026_localizada,ANUAL 2025,https://www.hcdn.gob.ar/institucional/transparencia/declaraciones_juradas/index.html,nombre_compatible_unico_en_oa,RODRIGUEZ MACHADO LAURA ELENA,2017|2018|2019|2020|2021|2023|2024,7,2017,2024,,"La Cámara publica cumplimiento. El cruce OA es nominal y no sustituye la verificación de CUIT, organismo y cargo antes de sumar una serie."
dip-rossi-agustin-oscar,Agustín Oscar Rossi,Nacional,Legislativo,Diputados nacionales,Diputado/a nacional,Santa Fe,UNIÓN POR LA PATRIA,10/12/2025,09/12/2029,activo_al_2026-09-01,https://www.hcdn.gob.ar/diputados/,sources/active_roster/hcdn_diputados_vigentes_2026-09-01.csv,Cámara de Diputados · Ley 25.188 / DSAD 545/2025,presentacion_2025_2026_localizada,INICIAL 2025,https://www.hcdn.gob.ar/institucional/transparencia/declaraciones_juradas/index.html,nombre_compatible_unico_en_oa,ROSSI AGUSTIN OSCAR,2017|2018|2019|2020|2021|2022|2023,7,2017,2023,,"La Cámara publica cumplimiento. El cruce OA es nominal y no sustituye la verificación de CUIT, organismo y cargo antes de sumar una serie."
dip-ruiz-yamila,Yamila Ruíz,Nacional,Legislativo,Diputados nacionales,Diputado/a nacional,Misiones,ARGENTINA FEDERAL,10/12/2023,09/12/2027,activo_al_2026-09-01,https://www.hcdn.gob.ar/diputados/,sources/active_roster/hcdn_diputados_vigentes_2026-09-01.csv,Cámara de Diputados · Ley 25.188 / DSAD 545/2025,sin_presentacion_localizada_en_listados_2025_2026,,https://www.hcdn.gob.ar/institucional/transparencia/declaraciones_juradas/index.html,nombre_compatible_unico_en_oa,RUIZ YAMILA LISETTE,2022|2023|2024,3,2022,2024,,"La Cámara publica cumplimiento. El cruce OA es nominal y no sustituye la verificación de CUIT, organismo y cargo antes de sumar una serie."
dip-salzmann-marina-dorotea,Marina Dorotea Salzmann,Nacional,Legislativo,Diputados nacionales,Diputado/a nacional,Buenos Aires,UNIÓN POR LA PATRIA,10/12/2025,09/12/2029,activo_al_2026-09-01,https://www.hcdn.gob.ar/diputados/,sources/active_roster/hcdn_diputados_vigentes_2026-09-01.csv,Cámara de Diputados · Ley 25.188 / DSAD 545/2025,presentacion_2025_2026_localizada,INICIAL 2025,https://www.hcdn.gob.ar/institucional/transparencia/declaraciones_juradas/index.html,nombre_compatible_unico_en_oa,SALZMANN MARINA DOROTEA,2024,1,2024,2024,,"La Cámara publica cumplimiento. El cruce OA es nominal y no sustituye la verificación de CUIT, organismo y cargo antes de sumar una serie."
dip-sanchez-wrba-javier,Javier Sánchez Wrba,Nacional,Legislativo,Diputados nacionales,Diputado/a nacional,Buenos Aires,PRO,10/12/2025,09/12/2029,activo_al_2026-09-01,https://www.hcdn.gob.ar/diputados/,sources/active_roster/hcdn_diputados_vigentes_2026-09-01.csv,Cámara de Diputados · Ley 25.188 / DSAD 545/2025,sin_presentacion_localizada_en_listados_2025_2026,,https://www.hcdn.gob.ar/institucional/transparencia/declaraciones_juradas/index.html,nombre_compatible_unico_en_oa,SANCHEZ WRBA JAVIER,2017|2018|2019|2020|2023|2024,6,2017,2024,,"La Cámara publica cumplimiento. El cruce OA es nominal y no sustituye la verificación de CUIT, organismo y cargo antes de sumar una serie."
dip-sand-nancy,Nancy Sand,Nacional,Legislativo,Diputados nacionales,Diputado/a nacional,Corrientes,UNIÓN POR LA PATRIA,10/12/2023,09/12/2027,activo_al_2026-09-01,https://www.hcdn.gob.ar/diputados/,sources/active_roster/hcdn_diputados_vigentes_2026-09-01.csv,Cámara de Diputados · Ley 25.188 / DSAD 545/2025,sin_presentacion_localizada_en_listados_2025_2026,,https://www.hcdn.gob.ar/institucional/transparencia/declaraciones_juradas/index.html,sin_nombre_compatible_oa_2017_2024,,,0,,,,"La Cámara publica cumplimiento. El cruce OA es nominal y no sustituye la verificación de CUIT, organismo y cargo antes de sumar una serie."
dip-santillan-juarez-brahim-juliana,Juliana Santillán Juárez Brahim,Nacional,Legislativo,Diputados nacionales,Diputado/a nacional,Buenos Aires,LA LIBERTAD AVANZA,10/12/2023,09/12/2027,activo_al_2026-09-01,https://www.hcdn.gob.ar/diputados/,sources/active_roster/hcdn_diputados_vigentes_2026-09-01.csv,Cámara de Diputados · Ley 25.188 / DSAD 545/2025,sin_presentacion_localizada_en_listados_2025_2026,,https://www.hcdn.gob.ar/institucional/transparencia/declaraciones_juradas/index.html,sin_nombre_compatible_oa_2017_2024,,,0,,,,"La Cámara publica cumplimiento. El cruce OA es nominal y no sustituye la verificación de CUIT, organismo y cargo antes de sumar una serie."
dip-santurio-santiago,Santiago Santurio,Nacional,Legislativo,Diputados nacionales,Diputado/a nacional,Buenos Aires,LA LIBERTAD AVANZA,10/12/2023,09/12/2027,activo_al_2026-09-01,https://www.hcdn.gob.ar/diputados/,sources/active_roster/hcdn_diputados_vigentes_2026-09-01.csv,Cámara de Diputados · Ley 25.188 / DSAD 545/2025,sin_presentacion_localizada_en_listados_2025_2026,,https://www.hcdn.gob.ar/institucional/transparencia/declaraciones_juradas/index.html,sin_nombre_compatible_oa_2017_2024,,,0,,,,"La Cámara publica cumplimiento. El cruce OA es nominal y no sustituye la verificación de CUIT, organismo y cargo antes de sumar una serie."
dip-scaglia-gisela,Gisela Scaglia,Nacional,Legislativo,Diputados nacionales,Diputado/a nacional,Santa Fe,PROVINCIAS UNIDAS,10/12/2025,09/12/2029,activo_al_2026-09-01,https://www.hcdn.gob.ar/diputados/,sources/active_roster/hcdn_diputados_vigentes_2026-09-01.csv,Cámara de Diputados · Ley 25.188 / DSAD 545/2025,presentacion_2025_2026_localizada,ANUAL 2025 | INICIAL 2025 | INICIAL 2025 - REC 1,https://www.hcdn.gob.ar/institucional/transparencia/declaraciones_juradas/index.html,nombre_compatible_unico_en_oa,SCAGLIA GISELA,2017|2018|2019|2020|2021|2024,6,2017,2024,,"La Cámara publica cumplimiento. El cruce OA es nominal y no sustituye la verificación de CUIT, organismo y cargo antes de sumar una serie."
dip-schiaretti-juan,Juan Schiaretti,Nacional,Legislativo,Diputados nacionales,Diputado/a nacional,Cordoba,PROVINCIAS UNIDAS,12/02/2026,09/12/2029,activo_al_2026-09-01,https://www.hcdn.gob.ar/diputados/,sources/active_roster/hcdn_diputados_vigentes_2026-09-01.csv,Cámara de Diputados · Ley 25.188 / DSAD 545/2025,presentacion_2025_2026_localizada,ANUAL 2025 | INICIAL 2026,https://www.hcdn.gob.ar/institucional/transparencia/declaraciones_juradas/index.html,nombre_compatible_unico_en_oa,SCHIARETTI JUAN,2022,1,2022,2022,,"La Cámara publica cumplimiento. El cruce OA es nominal y no sustituye la verificación de CUIT, organismo y cargo antes de sumar una serie."
dip-schneider-dario,Darío Schneider,Nacional,Legislativo,Diputados nacionales,Diputado/a nacional,Entre Rios,UCR - UNIÓN CÍVICA RADICAL,10/12/2025,09/12/2029,activo_al_2026-09-01,https://www.hcdn.gob.ar/diputados/,sources/active_roster/hcdn_diputados_vigentes_2026-09-01.csv,Cámara de Diputados · Ley 25.188 / DSAD 545/2025,sin_presentacion_localizada_en_listados_2025_2026,,https://www.hcdn.gob.ar/institucional/transparencia/declaraciones_juradas/index.html,sin_nombre_compatible_oa_2017_2024,,,0,,,,"La Cámara publica cumplimiento. El cruce OA es nominal y no sustituye la verificación de CUIT, organismo y cargo antes de sumar una serie."
dip-selva-sabrina,Sabrina Selva,Nacional,Legislativo,Diputados nacionales,Diputado/a nacional,Buenos Aires,UNIÓN POR LA PATRIA,10/12/2023,09/12/2027,activo_al_2026-09-01,https://www.hcdn.gob.ar/diputados/,sources/active_roster/hcdn_diputados_vigentes_2026-09-01.csv,Cámara de Diputados · Ley 25.188 / DSAD 545/2025,presentacion_2025_2026_localizada,ANUAL 2025,https://www.hcdn.gob.ar/institucional/transparencia/declaraciones_juradas/index.html,nombre_compatible_unico_en_oa,SELVA SABRINA,2022|2023|2024,3,2022,2024,,"La Cámara publica cumplimiento. El cruce OA es nominal y no sustituye la verificación de CUIT, organismo y cargo antes de sumar una serie."
dip-serquis-adriana-cristina,Adriana Cristina Serquis,Nacional,Legislativo,Diputados nacionales,Diputado/a nacional,Rio Negro,UNIÓN POR LA PATRIA,10/12/2025,09/12/2029,activo_al_2026-09-01,https://www.hcdn.gob.ar/diputados/,sources/active_roster/hcdn_diputados_vigentes_2026-09-01.csv,Cámara de Diputados · Ley 25.188 / DSAD 545/2025,presentacion_2025_2026_localizada,ANUAL 2025 | INICIAL 2025,https://www.hcdn.gob.ar/institucional/transparencia/declaraciones_juradas/index.html,nombre_compatible_unico_en_oa,SERQUIS ADRIANA CRISTINA,2021|2022|2023|2024,4,2021,2024,,"La Cámara publica cumplimiento. El cruce OA es nominal y no sustituye la verificación de CUIT, organismo y cargo antes de sumar una serie."
dip-siley-vanesa-raquel,Vanesa Raquel Siley,Nacional,Legislativo,Diputados nacionales,Diputado/a nacional,Buenos Aires,UNIÓN POR LA PATRIA,10/12/2025,09/12/2029,activo_al_2026-09-01,https://www.hcdn.gob.ar/diputados/,sources/active_roster/hcdn_diputados_vigentes_2026-09-01.csv,Cámara de Diputados · Ley 25.188 / DSAD 545/2025,presentacion_2025_2026_localizada,ANUAL 2025,https://www.hcdn.gob.ar/institucional/transparencia/declaraciones_juradas/index.html,nombre_compatible_unico_en_oa,SILEY VANESA RAQUEL,2017|2018|2019|2020|2021|2022|2023|2024,8,2017,2024,,"La Cámara publica cumplimiento. El cruce OA es nominal y no sustituye la verificación de CUIT, organismo y cargo antes de sumar una serie."
dip-snopek-guillermo,Guillermo Snopek,Nacional,Legislativo,Diputados nacionales,Diputado/a nacional,Jujuy,UNIÓN POR LA PATRIA,10/12/2023,09/12/2027,activo_al_2026-09-01,https://www.hcdn.gob.ar/diputados/,sources/active_roster/hcdn_diputados_vigentes_2026-09-01.csv,Cámara de Diputados · Ley 25.188 / DSAD 545/2025,sin_presentacion_localizada_en_listados_2025_2026,,https://www.hcdn.gob.ar/institucional/transparencia/declaraciones_juradas/index.html,nombre_compatible_unico_en_oa,SNOPEK GUILLERMO EUGENIO MA,2017|2018|2019|2020|2021|2022|2023|2024,8,2017,2024,,"La Cámara publica cumplimiento. El cruce OA es nominal y no sustituye la verificación de CUIT, organismo y cargo antes de sumar una serie."
dip-soldano-laura,Laura Soldano,Nacional,Legislativo,Diputados nacionales,Diputado/a nacional,Cordoba,LA LIBERTAD AVANZA,10/12/2025,09/12/2029,activo_al_2026-09-01,https://www.hcdn.gob.ar/diputados/,sources/active_roster/hcdn_diputados_vigentes_2026-09-01.csv,Cámara de Diputados · Ley 25.188 / DSAD 545/2025,sin_presentacion_localizada_en_listados_2025_2026,,https://www.hcdn.gob.ar/institucional/transparencia/declaraciones_juradas/index.html,sin_nombre_compatible_oa_2017_2024,,,0,,,,"La Cámara publica cumplimiento. El cruce OA es nominal y no sustituye la verificación de CUIT, organismo y cargo antes de sumar una serie."
dip-strada-julia,Julia Strada,Nacional,Legislativo,Diputados nacionales,Diputado/a nacional,Buenos Aires,UNIÓN POR LA PATRIA,10/12/2023,09/12/2027,activo_al_2026-09-01,https://www.hcdn.gob.ar/diputados/,sources/active_roster/hcdn_diputados_vigentes_2026-09-01.csv,Cámara de Diputados · Ley 25.188 / DSAD 545/2025,sin_presentacion_localizada_en_listados_2025_2026,,https://www.hcdn.gob.ar/institucional/transparencia/declaraciones_juradas/index.html,sin_nombre_compatible_oa_2017_2024,,,0,,,,"La Cámara publica cumplimiento. El cruce OA es nominal y no sustituye la verificación de CUIT, organismo y cargo antes de sumar una serie."
dip-taiana-jorge,Jorge Taiana,Nacional,Legislativo,Diputados nacionales,Diputado/a nacional,Buenos Aires,UNIÓN POR LA PATRIA,10/12/2025,09/12/2029,activo_al_2026-09-01,https://www.hcdn.gob.ar/diputados/,sources/active_roster/hcdn_diputados_vigentes_2026-09-01.csv,Cámara de Diputados · Ley 25.188 / DSAD 545/2025,presentacion_2025_2026_localizada,INICIAL 2025,https://www.hcdn.gob.ar/institucional/transparencia/declaraciones_juradas/index.html,nombre_compatible_unico_en_oa,TAIANA JORGE ENRIQUE,2017|2018|2019|2020|2021|2022|2023|2024,8,2017,2024,,"La Cámara publica cumplimiento. El cruce OA es nominal y no sustituye la verificación de CUIT, organismo y cargo antes de sumar una serie."
dip-tailhade-rodolfo,Rodolfo Tailhade,Nacional,Legislativo,Diputados nacionales,Diputado/a nacional,Buenos Aires,UNIÓN POR LA PATRIA,10/12/2023,09/12/2027,activo_al_2026-09-01,https://www.hcdn.gob.ar/diputados/,sources/active_roster/hcdn_diputados_vigentes_2026-09-01.csv,Cámara de Diputados · Ley 25.188 / DSAD 545/2025,sin_presentacion_localizada_en_listados_2025_2026,,https://www.hcdn.gob.ar/institucional/transparencia/declaraciones_juradas/index.html,sin_nombre_compatible_oa_2017_2024,,,0,,,,"La Cámara publica cumplimiento. El cruce OA es nominal y no sustituye la verificación de CUIT, organismo y cargo antes de sumar una serie."
dip-tepp-caren,Caren Tepp,Nacional,Legislativo,Diputados nacionales,Diputado/a nacional,Santa Fe,UNIÓN POR LA PATRIA,10/12/2025,09/12/2029,activo_al_2026-09-01,https://www.hcdn.gob.ar/diputados/,sources/active_roster/hcdn_diputados_vigentes_2026-09-01.csv,Cámara de Diputados · Ley 25.188 / DSAD 545/2025,presentacion_2025_2026_localizada,ANUAL 2025 | INICIAL 2025,https://www.hcdn.gob.ar/institucional/transparencia/declaraciones_juradas/index.html,nombre_compatible_unico_en_oa,TEPP CAREN ESTEFANIA,2024,1,2024,2024,,"La Cámara publica cumplimiento. El cruce OA es nominal y no sustituye la verificación de CUIT, organismo y cargo antes de sumar una serie."
dip-tita-paulo-agustin,Paulo Agustín Tita,Nacional,Legislativo,Diputados nacionales,Diputado/a nacional,Tierra Del Fuego,UNIÓN POR LA PATRIA,10/12/2025,09/12/2029,activo_al_2026-09-01,https://www.hcdn.gob.ar/diputados/,sources/active_roster/hcdn_diputados_vigentes_2026-09-01.csv,Cámara de Diputados · Ley 25.188 / DSAD 545/2025,presentacion_2025_2026_localizada,INICIAL 2025,https://www.hcdn.gob.ar/institucional/transparencia/declaraciones_juradas/index.html,nombre_compatible_unico_en_oa,TITA PAULO AGUSTIN,2024,1,2024,2024,,"La Cámara publica cumplimiento. El cruce OA es nominal y no sustituye la verificación de CUIT, organismo y cargo antes de sumar una serie."
dip-todero-pablo,Pablo Todero,Nacional,Legislativo,Diputados nacionales,Diputado/a nacional,Neuquen,UNIÓN POR LA PATRIA,10/12/2023,09/12/2027,activo_al_2026-09-01,https://www.hcdn.gob.ar/diputados/,sources/active_roster/hcdn_diputados_vigentes_2026-09-01.csv,Cámara de Diputados · Ley 25.188 / DSAD 545/2025,presentacion_2025_2026_localizada,ANUAL 2025,https://www.hcdn.gob.ar/institucional/transparencia/declaraciones_juradas/index.html,nombre_compatible_unico_en_oa,TODERO PABLO ALEJANDRO,2020|2021|2022|2023|2024,5,2020,2024,,"La Cámara publica cumplimiento. El cruce OA es nominal y no sustituye la verificación de CUIT, organismo y cargo antes de sumar una serie."
dip-tolosa-paz-victoria,Victoria Tolosa Paz,Nacional,Legislativo,Diputados nacionales,Diputado/a nacional,Buenos Aires,UNIÓN POR LA PATRIA,10/12/2023,09/12/2027,activo_al_2026-09-01,https://www.hcdn.gob.ar/diputados/,sources/active_roster/hcdn_diputados_vigentes_2026-09-01.csv,Cámara de Diputados · Ley 25.188 / DSAD 545/2025,sin_presentacion_localizada_en_listados_2025_2026,,https://www.hcdn.gob.ar/institucional/transparencia/declaraciones_juradas/index.html,nombre_compatible_unico_en_oa,TOLOSA PAZ VICTORIA,2019|2020|2021|2022|2023|2024,6,2019,2024,,"La Cámara publica cumplimiento. El cruce OA es nominal y no sustituye la verificación de CUIT, organismo y cargo antes de sumar una serie."
dip-tomassoni-yamile,Yamile Tomassoni,Nacional,Legislativo,Diputados nacionales,Diputado/a nacional,Santa Fe,LA LIBERTAD AVANZA,10/12/2025,09/12/2029,activo_al_2026-09-01,https://www.hcdn.gob.ar/diputados/,sources/active_roster/hcdn_diputados_vigentes_2026-09-01.csv,Cámara de Diputados · Ley 25.188 / DSAD 545/2025,presentacion_2025_2026_localizada,ANUAL 2025 | INICIAL 2025,https://www.hcdn.gob.ar/institucional/transparencia/declaraciones_juradas/index.html,nombre_compatible_unico_en_oa,TOMASSONI YAMILE VANESA,2022|2024,2,2022,2024,,"La Cámara publica cumplimiento. El cruce OA es nominal y no sustituye la verificación de CUIT, organismo y cargo antes de sumar una serie."
dip-torres-ruben-dario,Rubén Darío Torres,Nacional,Legislativo,Diputados nacionales,Diputado/a nacional,Buenos Aires,LA LIBERTAD AVANZA,10/12/2025,09/12/2029,activo_al_2026-09-01,https://www.hcdn.gob.ar/diputados/,sources/active_roster/hcdn_diputados_vigentes_2026-09-01.csv,Cámara de Diputados · Ley 25.188 / DSAD 545/2025,presentacion_2025_2026_localizada,ANUAL 2025 | INICIAL 2025,https://www.hcdn.gob.ar/institucional/transparencia/declaraciones_juradas/index.html,sin_nombre_compatible_oa_2017_2024,,,0,,,,"La Cámara publica cumplimiento. El cruce OA es nominal y no sustituye la verificación de CUIT, organismo y cargo antes de sumar una serie."
dip-torres-alejandra,Alejandra Torres,Nacional,Legislativo,Diputados nacionales,Diputado/a nacional,Cordoba,PROVINCIAS UNIDAS,10/12/2023,09/12/2027,activo_al_2026-09-01,https://www.hcdn.gob.ar/diputados/,sources/active_roster/hcdn_diputados_vigentes_2026-09-01.csv,Cámara de Diputados · Ley 25.188 / DSAD 545/2025,sin_presentacion_localizada_en_listados_2025_2026,,https://www.hcdn.gob.ar/institucional/transparencia/declaraciones_juradas/index.html,sin_nombre_compatible_oa_2017_2024,,,0,,,,"La Cámara publica cumplimiento. El cruce OA es nominal y no sustituye la verificación de CUIT, organismo y cargo antes de sumar una serie."
dip-tortoriello-anibal,Aníbal Tortoriello,Nacional,Legislativo,Diputados nacionales,Diputado/a nacional,Rio Negro,LA LIBERTAD AVANZA,10/12/2025,09/12/2029,activo_al_2026-09-01,https://www.hcdn.gob.ar/diputados/,sources/active_roster/hcdn_diputados_vigentes_2026-09-01.csv,Cámara de Diputados · Ley 25.188 / DSAD 545/2025,presentacion_2025_2026_localizada,ANUAL 2025,https://www.hcdn.gob.ar/institucional/transparencia/declaraciones_juradas/index.html,nombre_compatible_unico_en_oa,TORTORIELLO ANIBAL ANTONIO,2021|2022|2023|2024,4,2021,2024,,"La Cámara publica cumplimiento. El cruce OA es nominal y no sustituye la verificación de CUIT, organismo y cargo antes de sumar una serie."
dip-tournier-jose-federico,José Federico Tournier,Nacional,Legislativo,Diputados nacionales,Diputado/a nacional,Corrientes,LA LIBERTAD AVANZA,14/08/2024,09/12/2027,activo_al_2026-09-01,https://www.hcdn.gob.ar/diputados/,sources/active_roster/hcdn_diputados_vigentes_2026-09-01.csv,Cámara de Diputados · Ley 25.188 / DSAD 545/2025,sin_presentacion_localizada_en_listados_2025_2026,,https://www.hcdn.gob.ar/institucional/transparencia/declaraciones_juradas/index.html,nombre_compatible_unico_en_oa,TOURNIER JOSE FEDERICO,2023,1,2023,2023,,"La Cámara publica cumplimiento. El cruce OA es nominal y no sustituye la verificación de CUIT, organismo y cargo antes de sumar una serie."
dip-treffinger-cesar,César Treffinger,Nacional,Legislativo,Diputados nacionales,Diputado/a nacional,Chubut,LA LIBERTAD AVANZA,10/12/2023,09/12/2027,activo_al_2026-09-01,https://www.hcdn.gob.ar/diputados/,sources/active_roster/hcdn_diputados_vigentes_2026-09-01.csv,Cámara de Diputados · Ley 25.188 / DSAD 545/2025,presentacion_2025_2026_localizada,ANUAL 2025,https://www.hcdn.gob.ar/institucional/transparencia/declaraciones_juradas/index.html,nombre_compatible_unico_en_oa,TREFFINGER CESAR HERNAN,2022|2023|2024,3,2022,2024,,"La Cámara publica cumplimiento. El cruce OA es nominal y no sustituye la verificación de CUIT, organismo y cargo antes de sumar una serie."
dip-trotta-nicolas-alfredo,Nicolás Alfredo Trotta,Nacional,Legislativo,Diputados nacionales,Diputado/a nacional,Buenos Aires,UNIÓN POR LA PATRIA,10/12/2025,09/12/2029,activo_al_2026-09-01,https://www.hcdn.gob.ar/diputados/,sources/active_roster/hcdn_diputados_vigentes_2026-09-01.csv,Cámara de Diputados · Ley 25.188 / DSAD 545/2025,presentacion_2025_2026_localizada,ANUAL 2025 | INICIAL 2025,https://www.hcdn.gob.ar/institucional/transparencia/declaraciones_juradas/index.html,nombre_compatible_unico_en_oa,TROTTA NICOLAS ALFREDO,2019|2020|2021|2024,4,2019,2024,,"La Cámara publica cumplimiento. El cruce OA es nominal y no sustituye la verificación de CUIT, organismo y cargo antes de sumar una serie."
dip-urien-hernan,Hernán Urien,Nacional,Legislativo,Diputados nacionales,Diputado/a nacional,Buenos Aires,LA LIBERTAD AVANZA,10/12/2025,09/12/2029,activo_al_2026-09-01,https://www.hcdn.gob.ar/diputados/,sources/active_roster/hcdn_diputados_vigentes_2026-09-01.csv,Cámara de Diputados · Ley 25.188 / DSAD 545/2025,presentacion_2025_2026_localizada,ANUAL 2025 | INICIAL 2025,https://www.hcdn.gob.ar/institucional/transparencia/declaraciones_juradas/index.html,nombre_compatible_unico_en_oa,URIEN HERNAN,2024,1,2024,2024,,"La Cámara publica cumplimiento. El cruce OA es nominal y no sustituye la verificación de CUIT, organismo y cargo antes de sumar una serie."
dip-valdes-eduardo-felix,Eduardo Félix Valdés,Nacional,Legislativo,Diputados nacionales,Diputado/a nacional,Ciudad De Buenos Aires,UNIÓN POR LA PATRIA,10/12/2023,09/12/2027,activo_al_2026-09-01,https://www.hcdn.gob.ar/diputados/,sources/active_roster/hcdn_diputados_vigentes_2026-09-01.csv,Cámara de Diputados · Ley 25.188 / DSAD 545/2025,presentacion_2025_2026_localizada,ANUAL 2025,https://www.hcdn.gob.ar/institucional/transparencia/declaraciones_juradas/index.html,nombre_compatible_unico_en_oa,VALDES EDUARDO FELIX,2017|2018|2019|2020|2021|2022|2023|2024,8,2017,2024,,"La Cámara publica cumplimiento. El cruce OA es nominal y no sustituye la verificación de CUIT, organismo y cargo antes de sumar una serie."
dip-vancsik-daniel,Daniel Vancsik,Nacional,Legislativo,Diputados nacionales,Diputado/a nacional,Misiones,ARGENTINA FEDERAL,10/12/2023,09/12/2027,activo_al_2026-09-01,https://www.hcdn.gob.ar/diputados/,sources/active_roster/hcdn_diputados_vigentes_2026-09-01.csv,Cámara de Diputados · Ley 25.188 / DSAD 545/2025,presentacion_2025_2026_localizada,ANUAL 2025,https://www.hcdn.gob.ar/institucional/transparencia/declaraciones_juradas/index.html,nombre_compatible_unico_en_oa,VANCSIK DANIEL ALFREDO,2022|2023|2024,3,2022,2024,,"La Cámara publica cumplimiento. El cruce OA es nominal y no sustituye la verificación de CUIT, organismo y cargo antes de sumar una serie."
dip-vasquez-patricia,Patricia Vásquez,Nacional,Legislativo,Diputados nacionales,Diputado/a nacional,Buenos Aires,LA LIBERTAD AVANZA,10/12/2023,09/12/2027,activo_al_2026-09-01,https://www.hcdn.gob.ar/diputados/,sources/active_roster/hcdn_diputados_vigentes_2026-09-01.csv,Cámara de Diputados · Ley 25.188 / DSAD 545/2025,presentacion_2025_2026_localizada,ANUAL 2025,https://www.hcdn.gob.ar/institucional/transparencia/declaraciones_juradas/index.html,nombre_compatible_unico_en_oa,VASQUEZ PATRICIA MARIA,2017|2018|2019|2020|2022|2023|2024,7,2017,2024,,"La Cámara publica cumplimiento. El cruce OA es nominal y no sustituye la verificación de CUIT, organismo y cargo antes de sumar una serie."
dip-vega-yolanda,Yolanda Vega,Nacional,Legislativo,Diputados nacionales,Diputado/a nacional,Salta,ARGENTINA FEDERAL,10/12/2023,09/12/2027,activo_al_2026-09-01,https://www.hcdn.gob.ar/diputados/,sources/active_roster/hcdn_diputados_vigentes_2026-09-01.csv,Cámara de Diputados · Ley 25.188 / DSAD 545/2025,presentacion_2025_2026_localizada,ANUAL 2025,https://www.hcdn.gob.ar/institucional/transparencia/declaraciones_juradas/index.html,nombre_compatible_unico_en_oa,VEGA YOLANDA GRACIELA,2023|2024,2,2023,2024,,"La Cámara publica cumplimiento. El cruce OA es nominal y no sustituye la verificación de CUIT, organismo y cargo antes de sumar una serie."
dip-velazquez-m-elena,M. Elena Velázquez,Nacional,Legislativo,Diputados nacionales,Diputado/a nacional,Buenos Aires,UNIÓN POR LA PATRIA,10/12/2025,09/12/2029,activo_al_2026-09-01,https://www.hcdn.gob.ar/diputados/,sources/active_roster/hcdn_diputados_vigentes_2026-09-01.csv,Cámara de Diputados · Ley 25.188 / DSAD 545/2025,sin_presentacion_localizada_en_listados_2025_2026,,https://www.hcdn.gob.ar/institucional/transparencia/declaraciones_juradas/index.html,sin_nombre_compatible_oa_2017_2024,,,0,,,,"La Cámara publica cumplimiento. El cruce OA es nominal y no sustituye la verificación de CUIT, organismo y cargo antes de sumar una serie."
dip-vera-andrea-fernanda,Andrea Fernanda Vera,Nacional,Legislativo,Diputados nacionales,Diputado/a nacional,Buenos Aires,LA LIBERTAD AVANZA,10/12/2025,09/12/2029,activo_al_2026-09-01,https://www.hcdn.gob.ar/diputados/,sources/active_roster/hcdn_diputados_vigentes_2026-09-01.csv,Cámara de Diputados · Ley 25.188 / DSAD 545/2025,presentacion_2025_2026_localizada,INICIAL 2025,https://www.hcdn.gob.ar/institucional/transparencia/declaraciones_juradas/index.html,sin_nombre_compatible_oa_2017_2024,,,0,,,,"La Cámara publica cumplimiento. El cruce OA es nominal y no sustituye la verificación de CUIT, organismo y cargo antes de sumar una serie."
dip-verasay-pamela-fernanda,Pamela Fernanda Verasay,Nacional,Legislativo,Diputados nacionales,Diputado/a nacional,Mendoza,UCR - UNIÓN CÍVICA RADICAL,10/12/2025,09/12/2029,activo_al_2026-09-01,https://www.hcdn.gob.ar/diputados/,sources/active_roster/hcdn_diputados_vigentes_2026-09-01.csv,Cámara de Diputados · Ley 25.188 / DSAD 545/2025,presentacion_2025_2026_localizada,ANUAL 2025,https://www.hcdn.gob.ar/institucional/transparencia/declaraciones_juradas/index.html,nombre_compatible_unico_en_oa,VERASAY PAMELA FERNANDA,2017|2018|2019|2020|2021|2022|2023|2024,8,2017,2024,,"La Cámara publica cumplimiento. El cruce OA es nominal y no sustituye la verificación de CUIT, organismo y cargo antes de sumar una serie."
dip-villaverde-lorena,Lorena Villaverde,Nacional,Legislativo,Diputados nacionales,Diputado/a nacional,Rio Negro,LA LIBERTAD AVANZA,10/12/2023,09/12/2027,activo_al_2026-09-01,https://www.hcdn.gob.ar/diputados/,sources/active_roster/hcdn_diputados_vigentes_2026-09-01.csv,Cámara de Diputados · Ley 25.188 / DSAD 545/2025,sin_presentacion_localizada_en_listados_2025_2026,,https://www.hcdn.gob.ar/institucional/transparencia/declaraciones_juradas/index.html,sin_nombre_compatible_oa_2017_2024,,,0,,,,"La Cámara publica cumplimiento. El cruce OA es nominal y no sustituye la verificación de CUIT, organismo y cargo antes de sumar una serie."
dip-visconti-gino,Gino Visconti,Nacional,Legislativo,Diputados nacionales,Diputado/a nacional,La Rioja,LA LIBERTAD AVANZA,10/12/2025,09/12/2029,activo_al_2026-09-01,https://www.hcdn.gob.ar/diputados/,sources/active_roster/hcdn_diputados_vigentes_2026-09-01.csv,Cámara de Diputados · Ley 25.188 / DSAD 545/2025,presentacion_2025_2026_localizada,ANUAL 2025 | INICIAL 2025,https://www.hcdn.gob.ar/institucional/transparencia/declaraciones_juradas/index.html,sin_nombre_compatible_oa_2017_2024,,,0,,,,"La Cámara publica cumplimiento. El cruce OA es nominal y no sustituye la verificación de CUIT, organismo y cargo antes de sumar una serie."
dip-volnovich-luana,Luana Volnovich,Nacional,Legislativo,Diputados nacionales,Diputado/a nacional,Buenos Aires,UNIÓN POR LA PATRIA,10/12/2023,09/12/2027,activo_al_2026-09-01,https://www.hcdn.gob.ar/diputados/,sources/active_roster/hcdn_diputados_vigentes_2026-09-01.csv,Cámara de Diputados · Ley 25.188 / DSAD 545/2025,presentacion_2025_2026_localizada,ANUAL 2025,https://www.hcdn.gob.ar/institucional/transparencia/declaraciones_juradas/index.html,nombre_compatible_unico_en_oa,VOLNOVICH LUANA,2017|2018|2019|2020|2021|2022|2023|2024,8,2017,2024,,"La Cámara publica cumplimiento. El cruce OA es nominal y no sustituye la verificación de CUIT, organismo y cargo antes de sumar una serie."
dip-yasky-hugo,Hugo Yasky,Nacional,Legislativo,Diputados nacionales,Diputado/a nacional,Buenos Aires,UNIÓN POR LA PATRIA,10/12/2025,09/12/2029,activo_al_2026-09-01,https://www.hcdn.gob.ar/diputados/,sources/active_roster/hcdn_diputados_vigentes_2026-09-01.csv,Cámara de Diputados · Ley 25.188 / DSAD 545/2025,presentacion_2025_2026_localizada,ANUAL 2025,https://www.hcdn.gob.ar/institucional/transparencia/declaraciones_juradas/index.html,nombre_compatible_unico_en_oa,YASKY HUGO RUBEN,2017|2018|2019|2020|2021|2022|2023|2024,8,2017,2024,,"La Cámara publica cumplimiento. El cruce OA es nominal y no sustituye la verificación de CUIT, organismo y cargo antes de sumar una serie."
dip-yedlin-pablo-raul,Pablo Raúl Yedlin,Nacional,Legislativo,Diputados nacionales,Diputado/a nacional,Tucuman,UNIÓN POR LA PATRIA,10/12/2023,09/12/2027,activo_al_2026-09-01,https://www.hcdn.gob.ar/diputados/,sources/active_roster/hcdn_diputados_vigentes_2026-09-01.csv,Cámara de Diputados · Ley 25.188 / DSAD 545/2025,presentacion_2025_2026_localizada,ANUAL 2025,https://www.hcdn.gob.ar/institucional/transparencia/declaraciones_juradas/index.html,nombre_compatible_unico_en_oa,YEDLIN PABLO RAUL,2017|2018|2019|2020|2021|2022|2023|2024,8,2017,2024,,"La Cámara publica cumplimiento. El cruce OA es nominal y no sustituye la verificación de CUIT, organismo y cargo antes de sumar una serie."
dip-yeza-martin,Martín Yeza,Nacional,Legislativo,Diputados nacionales,Diputado/a nacional,Buenos Aires,PRO,10/12/2023,09/12/2027,activo_al_2026-09-01,https://www.hcdn.gob.ar/diputados/,sources/active_roster/hcdn_diputados_vigentes_2026-09-01.csv,Cámara de Diputados · Ley 25.188 / DSAD 545/2025,presentacion_2025_2026_localizada,ANUAL 2025,https://www.hcdn.gob.ar/institucional/transparencia/declaraciones_juradas/index.html,nombre_compatible_unico_en_oa,YEZA MARTIN IVAN,2022|2023|2024,3,2022,2024,,"La Cámara publica cumplimiento. El cruce OA es nominal y no sustituye la verificación de CUIT, organismo y cargo antes de sumar una serie."
dip-zago-oscar,Oscar Zago,Nacional,Legislativo,Diputados nacionales,Diputado/a nacional,Ciudad De Buenos Aires,MID - MOVIMIENTO DE INTEGRACIÓN Y DESARROLLO,10/12/2023,09/12/2027,activo_al_2026-09-01,https://www.hcdn.gob.ar/diputados/,sources/active_roster/hcdn_diputados_vigentes_2026-09-01.csv,Cámara de Diputados · Ley 25.188 / DSAD 545/2025,presentacion_2025_2026_localizada,ANUAL 2025,https://www.hcdn.gob.ar/institucional/transparencia/declaraciones_juradas/index.html,nombre_compatible_unico_en_oa,ZAGO OSCAR ROBERTO,2022|2023|2024,3,2022,2024,,"La Cámara publica cumplimiento. El cruce OA es nominal y no sustituye la verificación de CUIT, organismo y cargo antes de sumar una serie."
dip-zapata-carlos-raul,Carlos Raúl Zapata,Nacional,Legislativo,Diputados nacionales,Diputado/a nacional,Salta,LA LIBERTAD AVANZA,10/12/2025,09/12/2029,activo_al_2026-09-01,https://www.hcdn.gob.ar/diputados/,sources/active_roster/hcdn_diputados_vigentes_2026-09-01.csv,Cámara de Diputados · Ley 25.188 / DSAD 545/2025,sin_presentacion_localizada_en_listados_2025_2026,,https://www.hcdn.gob.ar/institucional/transparencia/declaraciones_juradas/index.html,nombre_compatible_unico_en_oa,ZAPATA CARLOS RAUL,2017|2021|2022|2023|2024,5,2017,2024,,"La Cámara publica cumplimiento. El cruce OA es nominal y no sustituye la verificación de CUIT, organismo y cargo antes de sumar una serie."
dip-zaracho-natalia,Natalia Zaracho,Nacional,Legislativo,Diputados nacionales,Diputado/a nacional,Buenos Aires,UNIÓN POR LA PATRIA,10/12/2023,09/12/2027,activo_al_2026-09-01,https://www.hcdn.gob.ar/diputados/,sources/active_roster/hcdn_diputados_vigentes_2026-09-01.csv,Cámara de Diputados · Ley 25.188 / DSAD 545/2025,presentacion_2025_2026_localizada,ANUAL 2025,https://www.hcdn.gob.ar/institucional/transparencia/declaraciones_juradas/index.html,nombre_compatible_unico_en_oa,ZARACHO NATALIA BEATRIZ,2018|2021|2022|2023|2024,5,2018,2024,,"La Cámara publica cumplimiento. El cruce OA es nominal y no sustituye la verificación de CUIT, organismo y cargo antes de sumar una serie."
dip-zigaran-maria-ines,María Inés Zigarán,Nacional,Legislativo,Diputados nacionales,Diputado/a nacional,Jujuy,PROVINCIAS UNIDAS,10/12/2025,09/12/2029,activo_al_2026-09-01,https://www.hcdn.gob.ar/diputados/,sources/active_roster/hcdn_diputados_vigentes_2026-09-01.csv,Cámara de Diputados · Ley 25.188 / DSAD 545/2025,presentacion_2025_2026_localizada,INICIAL 2025,https://www.hcdn.gob.ar/institucional/transparencia/declaraciones_juradas/index.html,sin_nombre_compatible_oa_2017_2024,,,0,,,,"La Cámara publica cumplimiento. El cruce OA es nominal y no sustituye la verificación de CUIT, organismo y cargo antes de sumar una serie."
dip-zulli-christian-alejandro,Christian Alejandro Zulli,Nacional,Legislativo,Diputados nacionales,Diputado/a nacional,Corrientes,UNIÓN POR LA PATRIA,10/12/2023,09/12/2027,activo_al_2026-09-01,https://www.hcdn.gob.ar/diputados/,sources/active_roster/hcdn_diputados_vigentes_2026-09-01.csv,Cámara de Diputados · Ley 25.188 / DSAD 545/2025,presentacion_2025_2026_localizada,ANUAL 2025,https://www.hcdn.gob.ar/institucional/transparencia/declaraciones_juradas/index.html,nombre_compatible_unico_en_oa,ZULLI CHRISTIAN ALEJANDRO,2019|2020|2021|2022|2023|2024,6,2019,2024,,"La Cámara publica cumplimiento. El cruce OA es nominal y no sustituye la verificación de CUIT, organismo y cargo antes de sumar una serie."
sen-abad-maximiliano,Maximiliano Abad,Nacional,Legislativo,Senado nacional,Senador/a nacional,Buenos Aires,Juntos por el Cambio,10/12/2023,09/12/2029,activo_al_2026-09-01,https://www.senado.gob.ar/senadores/listados/listaSenadoRes,sources/active_roster/senado_listado_vigente_2026-09-01.html,Senado · Ley 25.188 / RC 03/2013,presentacion_2025_localizada,DJPI de Ejercicio 2025,https://www.senado.gob.ar/administrativo/ddjj/,nombre_compatible_unico_en_oa,ABAD MAXIMILIANO,2022|2023|2024,3,2022,2024,,"El Senado publica cumplimiento. El cruce OA es nominal y no sustituye la verificación de CUIT, organismo y cargo antes de sumar una serie."
sen-abdala-bartolome-esteban,Bartolomé Esteban Abdala,Nacional,Legislativo,Senado nacional,Senador/a nacional,San Luis,Alianza la Libertad Avanza,10/12/2023,09/12/2029,activo_al_2026-09-01,https://www.senado.gob.ar/senadores/listados/listaSenadoRes,sources/active_roster/senado_listado_vigente_2026-09-01.html,Senado · Ley 25.188 / RC 03/2013,presentacion_2025_localizada,DJPI de Ejercicio 2025,https://www.senado.gob.ar/administrativo/ddjj/,nombre_compatible_unico_en_oa,ABDALA BARTOLOME ESTEBAN,2022|2023|2024,3,2022,2024,,"El Senado publica cumplimiento. El cruce OA es nominal y no sustituye la verificación de CUIT, organismo y cargo antes de sumar una serie."
sen-almeida-romina-maria,Romina María Almeida,Nacional,Legislativo,Senado nacional,Senador/a nacional,Entre Ríos,Alianza la Libertad Avanza,10/12/2025,09/12/2031,activo_al_2026-09-01,https://www.senado.gob.ar/senadores/listados/listaSenadoRes,sources/active_roster/senado_listado_vigente_2026-09-01.html,Senado · Ley 25.188 / RC 03/2013,presentacion_2025_localizada,DJPI de Ejercicio 2025,https://www.senado.gob.ar/administrativo/ddjj/,nombre_compatible_unico_en_oa,ALMEIDA ROMINA MARIA,2024,1,2024,2024,,"El Senado publica cumplimiento. El cruce OA es nominal y no sustituye la verificación de CUIT, organismo y cargo antes de sumar una serie."
sen-alvarez-rivero-carmen,Carmen Alvarez Rivero,Nacional,Legislativo,Senado nacional,Senador/a nacional,Córdoba,Juntos por el Cambio,10/12/2021,09/12/2027,activo_al_2026-09-01,https://www.senado.gob.ar/senadores/listados/listaSenadoRes,sources/active_roster/senado_listado_vigente_2026-09-01.html,Senado · Ley 25.188 / RC 03/2013,presentacion_2025_localizada,DJPI de Ejercicio 2025,https://www.senado.gob.ar/administrativo/ddjj/,sin_nombre_compatible_oa_2017_2024,,,0,,,,"El Senado publica cumplimiento. El cruce OA es nominal y no sustituye la verificación de CUIT, organismo y cargo antes de sumar una serie."
sen-andrada-guillermo-eduardo,Guillermo Eduardo Andrada,Nacional,Legislativo,Senado nacional,Senador/a nacional,Catamarca,Frente de Todos,10/12/2021,09/12/2027,activo_al_2026-09-01,https://www.senado.gob.ar/senadores/listados/listaSenadoRes,sources/active_roster/senado_listado_vigente_2026-09-01.html,Senado · Ley 25.188 / RC 03/2013,presentacion_2025_localizada,DJPI de Ejercicio 2025,https://www.senado.gob.ar/administrativo/ddjj/,nombre_compatible_unico_en_oa,ANDRADA GUILLERMO EDUARDO,2021|2022|2023|2024,4,2021,2024,,"El Senado publica cumplimiento. El cruce OA es nominal y no sustituye la verificación de CUIT, organismo y cargo antes de sumar una serie."
sen-arce-carlos-omar,Carlos Omar Arce,Nacional,Legislativo,Senado nacional,Senador/a nacional,Misiones,Frente Renovador de la Concordia-Innovación Federal,10/12/2023,09/12/2029,activo_al_2026-09-01,https://www.senado.gob.ar/senadores/listados/listaSenadoRes,sources/active_roster/senado_listado_vigente_2026-09-01.html,Senado · Ley 25.188 / RC 03/2013,presentacion_2025_localizada,DJPI de Ejercicio 2025,https://www.senado.gob.ar/administrativo/ddjj/,nombre_compatible_unico_en_oa,ARCE CARLOS OMAR,2022|2023|2024,3,2022,2024,,"El Senado publica cumplimiento. El cruce OA es nominal y no sustituye la verificación de CUIT, organismo y cargo antes de sumar una serie."
sen-arrascaeta-ivanna-marcela,Ivanna Marcela Arrascaeta,Nacional,Legislativo,Senado nacional,Senador/a nacional,San Luis,Alianza la Libertad Avanza,10/12/2023,09/12/2029,activo_al_2026-09-01,https://www.senado.gob.ar/senadores/listados/listaSenadoRes,sources/active_roster/senado_listado_vigente_2026-09-01.html,Senado · Ley 25.188 / RC 03/2013,sin_presentacion_2025_localizada,,https://www.senado.gob.ar/administrativo/ddjj/,nombre_compatible_unico_en_oa,ARRASCAETA IVANNA MARCELA,2022,1,2022,2022,,"El Senado publica cumplimiento. El cruce OA es nominal y no sustituye la verificación de CUIT, organismo y cargo antes de sumar una serie."
sen-atauche-ezequiel,Ezequiel Atauche,Nacional,Legislativo,Senado nacional,Senador/a nacional,Jujuy,Partido Renovador Federal,10/12/2023,09/12/2029,activo_al_2026-09-01,https://www.senado.gob.ar/senadores/listados/listaSenadoRes,sources/active_roster/senado_listado_vigente_2026-09-01.html,Senado · Ley 25.188 / RC 03/2013,presentacion_2025_localizada,DJPI de Ejercicio 2025,https://www.senado.gob.ar/administrativo/ddjj/,nombre_compatible_unico_en_oa,ATAUCHE EZEQUIEL,2022|2023|2024,3,2022,2024,,"El Senado publica cumplimiento. El cruce OA es nominal y no sustituye la verificación de CUIT, organismo y cargo antes de sumar una serie."
sen-avila-beatriz-luisa,Beatriz Luisa Avila,Nacional,Legislativo,Senado nacional,Senador/a nacional,Tucumán,Juntos por el Cambio,10/12/2021,09/12/2027,activo_al_2026-09-01,https://www.senado.gob.ar/senadores/listados/listaSenadoRes,sources/active_roster/senado_listado_vigente_2026-09-01.html,Senado · Ley 25.188 / RC 03/2013,presentacion_2025_localizada,DJPI de Ejercicio 2025,https://www.senado.gob.ar/administrativo/ddjj/,nombre_compatible_unico_en_oa,AVILA BEATRIZ LUISA,2017|2018|2019|2020|2021|2022|2023|2024,8,2017,2024,,"El Senado publica cumplimiento. El cruce OA es nominal y no sustituye la verificación de CUIT, organismo y cargo antes de sumar una serie."
sen-bahl-adan-humberto,Adán Humberto Bahl,Nacional,Legislativo,Senado nacional,Senador/a nacional,Entre Ríos,Fuerza Entre Ríos,10/12/2025,09/12/2031,activo_al_2026-09-01,https://www.senado.gob.ar/senadores/listados/listaSenadoRes,sources/active_roster/senado_listado_vigente_2026-09-01.html,Senado · Ley 25.188 / RC 03/2013,presentacion_2025_localizada,DJPI de Ejercicio 2025,https://www.senado.gob.ar/administrativo/ddjj/,nombre_compatible_unico_en_oa,BAHL ADAN HUMBERTO,2024,1,2024,2024,,"El Senado publica cumplimiento. El cruce OA es nominal y no sustituye la verificación de CUIT, organismo y cargo antes de sumar una serie."
sen-bedia-vilma-facunda,Vilma Facunda Bedia,Nacional,Legislativo,Senado nacional,Senador/a nacional,Jujuy,Partido Renovador Federal,10/12/2023,09/12/2029,activo_al_2026-09-01,https://www.senado.gob.ar/senadores/listados/listaSenadoRes,sources/active_roster/senado_listado_vigente_2026-09-01.html,Senado · Ley 25.188 / RC 03/2013,sin_presentacion_2025_localizada,,https://www.senado.gob.ar/administrativo/ddjj/,nombre_compatible_unico_en_oa,BEDIA VILMA FACUNDA,2022|2023|2024,3,2022,2024,,"El Senado publica cumplimiento. El cruce OA es nominal y no sustituye la verificación de CUIT, organismo y cargo antes de sumar una serie."
sen-benegas-lynch-joaquin-alberto,Joaquín Alberto Benegas Lynch,Nacional,Legislativo,Senado nacional,Senador/a nacional,Entre Ríos,Alianza la Libertad Avanza,10/12/2025,09/12/2031,activo_al_2026-09-01,https://www.senado.gob.ar/senadores/listados/listaSenadoRes,sources/active_roster/senado_listado_vigente_2026-09-01.html,Senado · Ley 25.188 / RC 03/2013,sin_presentacion_2025_localizada,,https://www.senado.gob.ar/administrativo/ddjj/,sin_nombre_compatible_oa_2017_2024,,,0,,,,"El Senado publica cumplimiento. El cruce OA es nominal y no sustituye la verificación de CUIT, organismo y cargo antes de sumar una serie."
sen-bensusan-daniel-pablo,Daniel Pablo Bensusán,Nacional,Legislativo,Senado nacional,Senador/a nacional,La Pampa,Frente de Todos,10/12/2021,09/12/2027,activo_al_2026-09-01,https://www.senado.gob.ar/senadores/listados/listaSenadoRes,sources/active_roster/senado_listado_vigente_2026-09-01.html,Senado · Ley 25.188 / RC 03/2013,presentacion_2025_localizada,DJPI de Ejercicio 2025,https://www.senado.gob.ar/administrativo/ddjj/,nombre_compatible_unico_en_oa,BENSUSAN DANIEL PABLO,2021|2022|2023|2024,4,2021,2024,,"El Senado publica cumplimiento. El cruce OA es nominal y no sustituye la verificación de CUIT, organismo y cargo antes de sumar una serie."
sen-bullrich-patricia,Patricia Bullrich,Nacional,Legislativo,Senado nacional,Senador/a nacional,Ciudad Autónoma de Buenos Aires,Alianza la Libertad Avanza,10/12/2025,09/12/2031,activo_al_2026-09-01,https://www.senado.gob.ar/senadores/listados/listaSenadoRes,sources/active_roster/senado_listado_vigente_2026-09-01.html,Senado · Ley 25.188 / RC 03/2013,presentacion_2025_localizada,DJPI de Ejercicio 2025,https://www.senado.gob.ar/administrativo/ddjj/,nombre_compatible_unico_en_oa,BULLRICH PATRICIA,2017|2018|2019|2022|2023|2024,6,2017,2024,,"El Senado publica cumplimiento. El cruce OA es nominal y no sustituye la verificación de CUIT, organismo y cargo antes de sumar una serie."
sen-capitanich-jorge-milton,Jorge Milton Capitanich,Nacional,Legislativo,Senado nacional,Senador/a nacional,Chaco,Fuerza Patria,10/12/2025,09/12/2031,activo_al_2026-09-01,https://www.senado.gob.ar/senadores/listados/listaSenadoRes,sources/active_roster/senado_listado_vigente_2026-09-01.html,Senado · Ley 25.188 / RC 03/2013,presentacion_2025_localizada,DJPI de Ejercicio 2025,https://www.senado.gob.ar/administrativo/ddjj/,sin_nombre_compatible_oa_2017_2024,,,0,,,,"El Senado publica cumplimiento. El cruce OA es nominal y no sustituye la verificación de CUIT, organismo y cargo antes de sumar una serie."
sen-carambia-jose-maria,José María Carambia,Nacional,Legislativo,Senado nacional,Senador/a nacional,Santa Cruz,Alianza por Santa Cruz,10/12/2023,09/12/2029,activo_al_2026-09-01,https://www.senado.gob.ar/senadores/listados/listaSenadoRes,sources/active_roster/senado_listado_vigente_2026-09-01.html,Senado · Ley 25.188 / RC 03/2013,sin_presentacion_2025_localizada,,https://www.senado.gob.ar/administrativo/ddjj/,nombre_compatible_unico_en_oa,CARAMBIA JOSE MARIA,2023|2024,2,2023,2024,,"El Senado publica cumplimiento. El cruce OA es nominal y no sustituye la verificación de CUIT, organismo y cargo antes de sumar una serie."
sen-cervi-mario-pablo,Mario Pablo Cervi,Nacional,Legislativo,Senado nacional,Senador/a nacional,Neuquén,Alianza la Libertad Avanza,10/12/2025,09/12/2031,activo_al_2026-09-01,https://www.senado.gob.ar/senadores/listados/listaSenadoRes,sources/active_roster/senado_listado_vigente_2026-09-01.html,Senado · Ley 25.188 / RC 03/2013,sin_presentacion_2025_localizada,,https://www.senado.gob.ar/administrativo/ddjj/,nombre_compatible_unico_en_oa,CERVI MARIO PABLO,2018|2020|2021|2022|2023|2024,6,2018,2024,,"El Senado publica cumplimiento. El cruce OA es nominal y no sustituye la verificación de CUIT, organismo y cargo antes de sumar una serie."
sen-corpacci-lucia-benigna,Lucía Benigna Corpacci,Nacional,Legislativo,Senado nacional,Senador/a nacional,Catamarca,Frente de Todos,10/12/2021,09/12/2027,activo_al_2026-09-01,https://www.senado.gob.ar/senadores/listados/listaSenadoRes,sources/active_roster/senado_listado_vigente_2026-09-01.html,Senado · Ley 25.188 / RC 03/2013,sin_presentacion_2025_localizada,,https://www.senado.gob.ar/administrativo/ddjj/,nombre_compatible_unico_en_oa,CORPACCI LUCIA BENIGNA,2019|2020|2021|2022,4,2019,2022,,"El Senado publica cumplimiento. El cruce OA es nominal y no sustituye la verificación de CUIT, organismo y cargo antes de sumar una serie."
sen-corroza-julieta,Julieta Corroza,Nacional,Legislativo,Senado nacional,Senador/a nacional,Neuquén,La Neuquinidad,10/12/2025,09/12/2031,activo_al_2026-09-01,https://www.senado.gob.ar/senadores/listados/listaSenadoRes,sources/active_roster/senado_listado_vigente_2026-09-01.html,Senado · Ley 25.188 / RC 03/2013,sin_presentacion_2025_localizada,,https://www.senado.gob.ar/administrativo/ddjj/,nombre_compatible_unico_en_oa,CORROZA JULIETA,2024,1,2024,2024,,"El Senado publica cumplimiento. El cruce OA es nominal y no sustituye la verificación de CUIT, organismo y cargo antes de sumar una serie."
sen-coto-agustin-pedro,Agustín Pedro Coto,Nacional,Legislativo,Senado nacional,Senador/a nacional,"Tierra del Fuego, Antártida e Islas del Atlántico Sur",Alianza la Libertad Avanza,10/12/2025,09/12/2031,activo_al_2026-09-01,https://www.senado.gob.ar/senadores/listados/listaSenadoRes,sources/active_roster/senado_listado_vigente_2026-09-01.html,Senado · Ley 25.188 / RC 03/2013,presentacion_2025_localizada,DJPI de Ejercicio 2025,https://www.senado.gob.ar/administrativo/ddjj/,nombre_compatible_unico_en_oa,COTO AGUSTIN PEDRO,2024,1,2024,2024,,"El Senado publica cumplimiento. El cruce OA es nominal y no sustituye la verificación de CUIT, organismo y cargo antes de sumar una serie."
sen-cristina-andrea-marcela,Andrea Marcela Cristina,Nacional,Legislativo,Senado nacional,Senador/a nacional,Chubut,Juntos por el Cambio Chubut,10/12/2021,09/12/2027,activo_al_2026-09-01,https://www.senado.gob.ar/senadores/listados/listaSenadoRes,sources/active_roster/senado_listado_vigente_2026-09-01.html,Senado · Ley 25.188 / RC 03/2013,sin_presentacion_2025_localizada,,https://www.senado.gob.ar/administrativo/ddjj/,nombre_compatible_unico_en_oa,CRISTINA ANDREA MARCELA,2021|2023,2,2021,2023,,"El Senado publica cumplimiento. El cruce OA es nominal y no sustituye la verificación de CUIT, organismo y cargo antes de sumar una serie."
sen-de-pedro-eduardo-enrique,Eduardo Enrique de Pedro,Nacional,Legislativo,Senado nacional,Senador/a nacional,Buenos Aires,Alianza Unión por la Patria,10/12/2023,09/12/2029,activo_al_2026-09-01,https://www.senado.gob.ar/senadores/listados/listaSenadoRes,sources/active_roster/senado_listado_vigente_2026-09-01.html,Senado · Ley 25.188 / RC 03/2013,sin_presentacion_2025_localizada,,https://www.senado.gob.ar/administrativo/ddjj/,nombre_compatible_unico_en_oa,DE PEDRO EDUARDO ENRIQUE,2017|2018|2019|2020|2021|2022|2023|2024,8,2017,2024,,"El Senado publica cumplimiento. El cruce OA es nominal y no sustituye la verificación de CUIT, organismo y cargo antes de sumar una serie."
sen-di-tullio-juliana,Juliana di Tullio,Nacional,Legislativo,Senado nacional,Senador/a nacional,Buenos Aires,Alianza Unión por la Patria,10/12/2023,09/12/2029,activo_al_2026-09-01,https://www.senado.gob.ar/senadores/listados/listaSenadoRes,sources/active_roster/senado_listado_vigente_2026-09-01.html,Senado · Ley 25.188 / RC 03/2013,sin_presentacion_2025_localizada,,https://www.senado.gob.ar/administrativo/ddjj/,nombre_compatible_unico_en_oa,DI TULLIO JULIANA,2017|2021|2022|2023|2024,5,2017,2024,,"El Senado publica cumplimiento. El cruce OA es nominal y no sustituye la verificación de CUIT, organismo y cargo antes de sumar una serie."
sen-espinola-carlos-mauricio,Carlos Mauricio Espínola,Nacional,Legislativo,Senado nacional,Senador/a nacional,Corrientes,Frente Todos,10/12/2021,09/12/2027,activo_al_2026-09-01,https://www.senado.gob.ar/senadores/listados/listaSenadoRes,sources/active_roster/senado_listado_vigente_2026-09-01.html,Senado · Ley 25.188 / RC 03/2013,sin_presentacion_2025_localizada,,https://www.senado.gob.ar/administrativo/ddjj/,nombre_compatible_unico_en_oa,ESPINOLA CARLOS MAURICIO,2017|2018|2019|2020|2021|2022,6,2017,2022,,"El Senado publica cumplimiento. El cruce OA es nominal y no sustituye la verificación de CUIT, organismo y cargo antes de sumar una serie."
sen-fama-flavio-sergio,Flavio Sergio Fama,Nacional,Legislativo,Senado nacional,Senador/a nacional,Catamarca,Juntos por el Cambio,10/12/2021,09/12/2027,activo_al_2026-09-01,https://www.senado.gob.ar/senadores/listados/listaSenadoRes,sources/active_roster/senado_listado_vigente_2026-09-01.html,Senado · Ley 25.188 / RC 03/2013,presentacion_2025_localizada,DJPI de Ejercicio 2025,https://www.senado.gob.ar/administrativo/ddjj/,nombre_compatible_unico_en_oa,FAMA FLAVIO SERGIO,2017|2018|2019|2020|2021|2022|2023|2024,8,2017,2024,,"El Senado publica cumplimiento. El cruce OA es nominal y no sustituye la verificación de CUIT, organismo y cargo antes de sumar una serie."
sen-fernandez-sagasti-anabel,Anabel Fernández Sagasti,Nacional,Legislativo,Senado nacional,Senador/a nacional,Mendoza,Justicialista,10/12/2021,09/12/2027,activo_al_2026-09-01,https://www.senado.gob.ar/senadores/listados/listaSenadoRes,sources/active_roster/senado_listado_vigente_2026-09-01.html,Senado · Ley 25.188 / RC 03/2013,presentacion_2025_localizada,DJPI de Ejercicio 2025,https://www.senado.gob.ar/administrativo/ddjj/,nombre_compatible_unico_en_oa,FERNANDEZ SAGASTI ANABEL,2017|2018|2019|2020|2021|2022|2023|2024,8,2017,2024,,"El Senado publica cumplimiento. El cruce OA es nominal y no sustituye la verificación de CUIT, organismo y cargo antes de sumar una serie."
sen-fullone-enzo-paolo,Enzo Paolo Fullone,Nacional,Legislativo,Senado nacional,Senador/a nacional,Río Negro,Alianza la Libertad Avanza,26/12/2025,09/12/2031,activo_al_2026-09-01,https://www.senado.gob.ar/senadores/listados/listaSenadoRes,sources/active_roster/senado_listado_vigente_2026-09-01.html,Senado · Ley 25.188 / RC 03/2013,presentacion_2025_localizada,DJPI de Ejercicio 2025,https://www.senado.gob.ar/administrativo/ddjj/,nombre_compatible_unico_en_oa,FULLONE ENZO PAOLO,2024,1,2024,2024,,"El Senado publica cumplimiento. El cruce OA es nominal y no sustituye la verificación de CUIT, organismo y cargo antes de sumar una serie."
sen-gadano-natalia-elena,Natalia Elena Gadano,Nacional,Legislativo,Senado nacional,Senador/a nacional,Santa Cruz,Alianza por Santa Cruz,10/12/2023,09/12/2029,activo_al_2026-09-01,https://www.senado.gob.ar/senadores/listados/listaSenadoRes,sources/active_roster/senado_listado_vigente_2026-09-01.html,Senado · Ley 25.188 / RC 03/2013,presentacion_2025_localizada,DJPI de Ejercicio 2025,https://www.senado.gob.ar/administrativo/ddjj/,nombre_compatible_unico_en_oa,GADANO NATALIA ELENA,2017|2018|2019|2020|2023|2024,6,2017,2024,,"El Senado publica cumplimiento. El cruce OA es nominal y no sustituye la verificación de CUIT, organismo y cargo antes de sumar una serie."
sen-galaretto-eduardo-horacio,Eduardo Horacio Galaretto,Nacional,Legislativo,Senado nacional,Senador/a nacional,Santa Fe,Juntos por el Cambio,10/12/2021,09/12/2027,activo_al_2026-09-01,https://www.senado.gob.ar/senadores/listados/listaSenadoRes,sources/active_roster/senado_listado_vigente_2026-09-01.html,Senado · Ley 25.188 / RC 03/2013,presentacion_2025_localizada,DJPI de Ejercicio 2025,https://www.senado.gob.ar/administrativo/ddjj/,nombre_compatible_unico_en_oa,GALARETTO EDUARDO HORACIO,2020|2023|2024,3,2020,2024,,"El Senado publica cumplimiento. El cruce OA es nominal y no sustituye la verificación de CUIT, organismo y cargo antes de sumar una serie."
sen-gimenez-navarro-maria-celeste,María Celeste Giménez Navarro,Nacional,Legislativo,Senado nacional,Senador/a nacional,San Juan,Alianza Unión por la Patria,10/12/2023,09/12/2029,activo_al_2026-09-01,https://www.senado.gob.ar/senadores/listados/listaSenadoRes,sources/active_roster/senado_listado_vigente_2026-09-01.html,Senado · Ley 25.188 / RC 03/2013,presentacion_2025_localizada,DJPI de Ejercicio 2025,https://www.senado.gob.ar/administrativo/ddjj/,nombre_compatible_unico_en_oa,GIMENEZ NAVARRO MARIA CELESTE,2023|2024,2,2023,2024,,"El Senado publica cumplimiento. El cruce OA es nominal y no sustituye la verificación de CUIT, organismo y cargo antes de sumar una serie."
sen-godoy-juan-cruz,Juan Cruz Godoy,Nacional,Legislativo,Senado nacional,Senador/a nacional,Chaco,Alianza la Libertad Avanza,10/12/2025,09/12/2031,activo_al_2026-09-01,https://www.senado.gob.ar/senadores/listados/listaSenadoRes,sources/active_roster/senado_listado_vigente_2026-09-01.html,Senado · Ley 25.188 / RC 03/2013,presentacion_2025_localizada,DJPI de Ejercicio 2025,https://www.senado.gob.ar/administrativo/ddjj/,sin_nombre_compatible_oa_2017_2024,,,0,,,,"El Senado publica cumplimiento. El cruce OA es nominal y no sustituye la verificación de CUIT, organismo y cargo antes de sumar una serie."
sen-goerling-lara-enrique-martin,Enrique Martín Goerling Lara,Nacional,Legislativo,Senado nacional,Senador/a nacional,Misiones,Juntos por el Cambio,10/12/2023,09/12/2029,activo_al_2026-09-01,https://www.senado.gob.ar/senadores/listados/listaSenadoRes,sources/active_roster/senado_listado_vigente_2026-09-01.html,Senado · Ley 25.188 / RC 03/2013,sin_presentacion_2025_localizada,,https://www.senado.gob.ar/administrativo/ddjj/,nombre_compatible_unico_en_oa,GOERLING LARA ENRIQUE MARTIN,2017|2018|2022|2023|2024,5,2017,2024,,"El Senado publica cumplimiento. El cruce OA es nominal y no sustituye la verificación de CUIT, organismo y cargo antes de sumar una serie."
sen-gonzalez-maria-teresa-margarita,María Teresa Margarita González,Nacional,Legislativo,Senado nacional,Senador/a nacional,Formosa,Alianza Unión por la Patria,10/12/2023,09/12/2029,activo_al_2026-09-01,https://www.senado.gob.ar/senadores/listados/listaSenadoRes,sources/active_roster/senado_listado_vigente_2026-09-01.html,Senado · Ley 25.188 / RC 03/2013,presentacion_2025_localizada,DJPI de Ejercicio 2025,https://www.senado.gob.ar/administrativo/ddjj/,sin_nombre_compatible_oa_2017_2024,,,0,,,,"El Senado publica cumplimiento. El cruce OA es nominal y no sustituye la verificación de CUIT, organismo y cargo antes de sumar una serie."
sen-guzman-coraita-gonzalo,Gonzalo Guzmán Coraita,Nacional,Legislativo,Senado nacional,Senador/a nacional,Salta,Alianza la Libertad Avanza,10/12/2025,09/12/2031,activo_al_2026-09-01,https://www.senado.gob.ar/senadores/listados/listaSenadoRes,sources/active_roster/senado_listado_vigente_2026-09-01.html,Senado · Ley 25.188 / RC 03/2013,sin_presentacion_2025_localizada,,https://www.senado.gob.ar/administrativo/ddjj/,sin_nombre_compatible_oa_2017_2024,,,0,,,,"El Senado publica cumplimiento. El cruce OA es nominal y no sustituye la verificación de CUIT, organismo y cargo antes de sumar una serie."
sen-huala-maria-victoria,María Victoria Huala,Nacional,Legislativo,Senado nacional,Senador/a nacional,La Pampa,Juntos por el Cambio,10/12/2021,09/12/2027,activo_al_2026-09-01,https://www.senado.gob.ar/senadores/listados/listaSenadoRes,sources/active_roster/senado_listado_vigente_2026-09-01.html,Senado · Ley 25.188 / RC 03/2013,presentacion_2025_localizada,DJPI de Ejercicio 2025,https://www.senado.gob.ar/administrativo/ddjj/,nombre_compatible_unico_en_oa,HUALA MARIA VICTORIA,2020|2021|2022|2023|2024,5,2020,2024,,"El Senado publica cumplimiento. El cruce OA es nominal y no sustituye la verificación de CUIT, organismo y cargo antes de sumar una serie."
sen-juez-luis-alfredo,Luis Alfredo Juez,Nacional,Legislativo,Senado nacional,Senador/a nacional,Córdoba,Juntos por el Cambio,10/12/2021,09/12/2027,activo_al_2026-09-01,https://www.senado.gob.ar/senadores/listados/listaSenadoRes,sources/active_roster/senado_listado_vigente_2026-09-01.html,Senado · Ley 25.188 / RC 03/2013,presentacion_2025_localizada,DJPI de Ejercicio 2025,https://www.senado.gob.ar/administrativo/ddjj/,nombre_compatible_unico_en_oa,JUEZ LUIS ALFREDO,2017|2018|2019|2020|2021|2022|2023|2024,8,2017,2024,,"El Senado publica cumplimiento. El cruce OA es nominal y no sustituye la verificación de CUIT, organismo y cargo antes de sumar una serie."
sen-juri-mariana,Mariana Juri,Nacional,Legislativo,Senado nacional,Senador/a nacional,Mendoza,Frente Cambia Mendoza,10/12/2021,09/12/2027,activo_al_2026-09-01,https://www.senado.gob.ar/senadores/listados/listaSenadoRes,sources/active_roster/senado_listado_vigente_2026-09-01.html,Senado · Ley 25.188 / RC 03/2013,presentacion_2025_localizada,DJPI de Ejercicio 2025,https://www.senado.gob.ar/administrativo/ddjj/,nombre_compatible_unico_en_oa,JURI MARIANA,2020|2021|2022|2023|2024,5,2020,2024,,"El Senado publica cumplimiento. El cruce OA es nominal y no sustituye la verificación de CUIT, organismo y cargo antes de sumar una serie."
sen-kirchner-alicia-margarita-antonia,Alicia Margarita Antonia Kirchner,Nacional,Legislativo,Senado nacional,Senador/a nacional,Santa Cruz,Alianza Unión por la Patria,10/12/2023,09/12/2029,activo_al_2026-09-01,https://www.senado.gob.ar/senadores/listados/listaSenadoRes,sources/active_roster/senado_listado_vigente_2026-09-01.html,Senado · Ley 25.188 / RC 03/2013,presentacion_2025_localizada,DJPI de Ejercicio 2025,https://www.senado.gob.ar/administrativo/ddjj/,nombre_compatible_unico_en_oa,KIRCHNER ALICIA MARGARITA ANTONIA,2023|2024,2,2023,2024,,"El Senado publica cumplimiento. El cruce OA es nominal y no sustituye la verificación de CUIT, organismo y cargo antes de sumar una serie."
sen-kroneberger-daniel-ricardo,Daniel Ricardo Kroneberger,Nacional,Legislativo,Senado nacional,Senador/a nacional,La Pampa,Juntos por el Cambio,10/12/2021,09/12/2027,activo_al_2026-09-01,https://www.senado.gob.ar/senadores/listados/listaSenadoRes,sources/active_roster/senado_listado_vigente_2026-09-01.html,Senado · Ley 25.188 / RC 03/2013,presentacion_2025_localizada,DJPI de Ejercicio 2025,https://www.senado.gob.ar/administrativo/ddjj/,nombre_compatible_unico_en_oa,KRONEBERGER DANIEL RICARDO,2017|2018|2020|2021|2022|2023|2024,7,2017,2024,,"El Senado publica cumplimiento. El cruce OA es nominal y no sustituye la verificación de CUIT, organismo y cargo antes de sumar una serie."
sen-lewandowski-marcelo-nestor,Marcelo Néstor Lewandowski,Nacional,Legislativo,Senado nacional,Senador/a nacional,Santa Fe,Frente de Todos,10/12/2021,09/12/2027,activo_al_2026-09-01,https://www.senado.gob.ar/senadores/listados/listaSenadoRes,sources/active_roster/senado_listado_vigente_2026-09-01.html,Senado · Ley 25.188 / RC 03/2013,presentacion_2025_localizada,DJPI de Ejercicio 2025,https://www.senado.gob.ar/administrativo/ddjj/,nombre_compatible_unico_en_oa,LEWANDOWSKI MARCELO NESTOR,2020|2021|2022|2023|2024,5,2020,2024,,"El Senado publica cumplimiento. El cruce OA es nominal y no sustituye la verificación de CUIT, organismo y cargo antes de sumar una serie."
sen-linares-carlos-alberto,Carlos Alberto Linares,Nacional,Legislativo,Senado nacional,Senador/a nacional,Chubut,Frente de Todos,10/12/2021,09/12/2027,activo_al_2026-09-01,https://www.senado.gob.ar/senadores/listados/listaSenadoRes,sources/active_roster/senado_listado_vigente_2026-09-01.html,Senado · Ley 25.188 / RC 03/2013,presentacion_2025_localizada,DJPI de Ejercicio 2025,https://www.senado.gob.ar/administrativo/ddjj/,nombre_compatible_unico_en_oa,LINARES CARLOS ALBERTO,2021|2022|2023|2024,4,2021,2024,,"El Senado publica cumplimiento. El cruce OA es nominal y no sustituye la verificación de CUIT, organismo y cargo antes de sumar una serie."
sen-lopez-candida-cristina,Cándida Cristina López,Nacional,Legislativo,Senado nacional,Senador/a nacional,"Tierra del Fuego, Antártida e Islas del Atlántico Sur",Alianza Frente de Todos,10/12/2025,09/12/2031,activo_al_2026-09-01,https://www.senado.gob.ar/senadores/listados/listaSenadoRes,sources/active_roster/senado_listado_vigente_2026-09-01.html,Senado · Ley 25.188 / RC 03/2013,sin_presentacion_2025_localizada,,https://www.senado.gob.ar/administrativo/ddjj/,nombre_compatible_unico_en_oa,LOPEZ CANDIDA CRISTINA,2018|2023|2024,3,2018,2024,,"El Senado publica cumplimiento. El cruce OA es nominal y no sustituye la verificación de CUIT, organismo y cargo antes de sumar una serie."
sen-lopez-maria-florencia,María Florencia López,Nacional,Legislativo,Senado nacional,Senador/a nacional,La Rioja,Alianza Unión por la Patria,10/12/2023,09/12/2029,activo_al_2026-09-01,https://www.senado.gob.ar/senadores/listados/listaSenadoRes,sources/active_roster/senado_listado_vigente_2026-09-01.html,Senado · Ley 25.188 / RC 03/2013,presentacion_2025_localizada,DJPI de Ejercicio 2025,https://www.senado.gob.ar/administrativo/ddjj/,nombre_compatible_unico_en_oa,LOPEZ MARIA FLORENCIA,2017|2022|2023,3,2017,2023,,"El Senado publica cumplimiento. El cruce OA es nominal y no sustituye la verificación de CUIT, organismo y cargo antes de sumar una serie."
sen-losada-carolina,Carolina Losada,Nacional,Legislativo,Senado nacional,Senador/a nacional,Santa Fe,Juntos por el Cambio,10/12/2021,09/12/2027,activo_al_2026-09-01,https://www.senado.gob.ar/senadores/listados/listaSenadoRes,sources/active_roster/senado_listado_vigente_2026-09-01.html,Senado · Ley 25.188 / RC 03/2013,presentacion_2025_localizada,DJPI de Ejercicio 2025,https://www.senado.gob.ar/administrativo/ddjj/,nombre_compatible_unico_en_oa,LOSADA CAROLINA,2020|2021|2022|2023|2024,5,2020,2024,,"El Senado publica cumplimiento. El cruce OA es nominal y no sustituye la verificación de CUIT, organismo y cargo antes de sumar una serie."
sen-manzur-juan-luis,Juan Luis Manzur,Nacional,Legislativo,Senado nacional,Senador/a nacional,Tucumán,Alianza Frente de Todos,09/12/2023,09/12/2029,activo_al_2026-09-01,https://www.senado.gob.ar/senadores/listados/listaSenadoRes,sources/active_roster/senado_listado_vigente_2026-09-01.html,Senado · Ley 25.188 / RC 03/2013,presentacion_2025_localizada,DJPI de Ejercicio 2025,https://www.senado.gob.ar/administrativo/ddjj/,nombre_compatible_unico_en_oa,MANZUR JUAN LUIS,2021|2022|2023|2024,4,2021,2024,,"El Senado publica cumplimiento. El cruce OA es nominal y no sustituye la verificación de CUIT, organismo y cargo antes de sumar una serie."
sen-marks-ana-ines,Ana Inés Marks,Nacional,Legislativo,Senado nacional,Senador/a nacional,Río Negro,Fuerza Patria,10/12/2025,09/12/2031,activo_al_2026-09-01,https://www.senado.gob.ar/senadores/listados/listaSenadoRes,sources/active_roster/senado_listado_vigente_2026-09-01.html,Senado · Ley 25.188 / RC 03/2013,presentacion_2025_localizada,DJPI de Ejercicio 2025,https://www.senado.gob.ar/administrativo/ddjj/,nombre_compatible_unico_en_oa,MARKS ANA INES,2020|2021|2022|2023|2024,5,2020,2024,,"El Senado publica cumplimiento. El cruce OA es nominal y no sustituye la verificación de CUIT, organismo y cargo antes de sumar una serie."
sen-marquez-nadia-judith,Nadia Judith Márquez,Nacional,Legislativo,Senado nacional,Senador/a nacional,Neuquén,Alianza la Libertad Avanza,10/12/2025,09/12/2031,activo_al_2026-09-01,https://www.senado.gob.ar/senadores/listados/listaSenadoRes,sources/active_roster/senado_listado_vigente_2026-09-01.html,Senado · Ley 25.188 / RC 03/2013,presentacion_2025_localizada,DJPI de Ejercicio 2025,https://www.senado.gob.ar/administrativo/ddjj/,nombre_compatible_unico_en_oa,MARQUEZ NADIA JUDITH,2022|2023|2024,3,2022,2024,,"El Senado publica cumplimiento. El cruce OA es nominal y no sustituye la verificación de CUIT, organismo y cargo antes de sumar una serie."
sen-mayans-jose-miguel-angel,José Miguel Ángel Mayans,Nacional,Legislativo,Senado nacional,Senador/a nacional,Formosa,Alianza Unión por la Patria,10/12/2023,09/12/2029,activo_al_2026-09-01,https://www.senado.gob.ar/senadores/listados/listaSenadoRes,sources/active_roster/senado_listado_vigente_2026-09-01.html,Senado · Ley 25.188 / RC 03/2013,sin_presentacion_2025_localizada,,https://www.senado.gob.ar/administrativo/ddjj/,nombre_compatible_unico_en_oa,MAYANS JOSE MIGUEL ANGEL,2017|2018|2019|2020|2021|2022|2023|2024,8,2017,2024,,"El Senado publica cumplimiento. El cruce OA es nominal y no sustituye la verificación de CUIT, organismo y cargo antes de sumar una serie."
sen-mendoza-sandra-mariela,Sandra Mariela Mendoza,Nacional,Legislativo,Senado nacional,Senador/a nacional,Tucumán,Frente de Todos,10/12/2021,09/12/2027,activo_al_2026-09-01,https://www.senado.gob.ar/senadores/listados/listaSenadoRes,sources/active_roster/senado_listado_vigente_2026-09-01.html,Senado · Ley 25.188 / RC 03/2013,presentacion_2025_localizada,DJPI de Ejercicio 2025,https://www.senado.gob.ar/administrativo/ddjj/,nombre_compatible_unico_en_oa,MENDOZA SANDRA MARIELA,2020|2021|2022|2023|2024,5,2020,2024,,"El Senado publica cumplimiento. El cruce OA es nominal y no sustituye la verificación de CUIT, organismo y cargo antes de sumar una serie."
sen-moises-maria-carolina,María Carolina Moises,Nacional,Legislativo,Senado nacional,Senador/a nacional,Jujuy,Alianza Unión por la Patria,10/12/2023,09/12/2029,activo_al_2026-09-01,https://www.senado.gob.ar/senadores/listados/listaSenadoRes,sources/active_roster/senado_listado_vigente_2026-09-01.html,Senado · Ley 25.188 / RC 03/2013,sin_presentacion_2025_localizada,,https://www.senado.gob.ar/administrativo/ddjj/,nombre_compatible_unico_en_oa,MOISES MARIA CAROLINA,2017|2018|2023|2024,4,2017,2024,,"El Senado publica cumplimiento. El cruce OA es nominal y no sustituye la verificación de CUIT, organismo y cargo antes de sumar una serie."
sen-monte-de-oca-maria-belen,María Belén Monte de Oca,Nacional,Legislativo,Senado nacional,Senador/a nacional,"Tierra del Fuego, Antártida e Islas del Atlántico Sur",Alianza la Libertad Avanza,10/12/2025,09/12/2031,activo_al_2026-09-01,https://www.senado.gob.ar/senadores/listados/listaSenadoRes,sources/active_roster/senado_listado_vigente_2026-09-01.html,Senado · Ley 25.188 / RC 03/2013,presentacion_2025_localizada,DJPI de Ejercicio 2025,https://www.senado.gob.ar/administrativo/ddjj/,nombre_compatible_unico_en_oa,MONTE DE OCA MARIA BELEN,2018|2024,2,2018,2024,,"El Senado publica cumplimiento. El cruce OA es nominal y no sustituye la verificación de CUIT, organismo y cargo antes de sumar una serie."
sen-monteverde-agustin-anibal,Agustín Aníbal Monteverde,Nacional,Legislativo,Senado nacional,Senador/a nacional,Ciudad Autónoma de Buenos Aires,Alianza la Libertad Avanza,10/12/2025,09/12/2031,activo_al_2026-09-01,https://www.senado.gob.ar/senadores/listados/listaSenadoRes,sources/active_roster/senado_listado_vigente_2026-09-01.html,Senado · Ley 25.188 / RC 03/2013,presentacion_2025_localizada,DJPI de Ejercicio 2025,https://www.senado.gob.ar/administrativo/ddjj/,nombre_compatible_unico_en_oa,MONTEVERDE AGUSTIN ANIBAL,2024,1,2024,2024,,"El Senado publica cumplimiento. El cruce OA es nominal y no sustituye la verificación de CUIT, organismo y cargo antes de sumar una serie."
sen-moreno-elia-esther-del-carmen,Elia Esther del Carmen Moreno,Nacional,Legislativo,Senado nacional,Senador/a nacional,Santiago del Estero,Frente Cívico por Santiago,10/12/2025,09/12/2031,activo_al_2026-09-01,https://www.senado.gob.ar/senadores/listados/listaSenadoRes,sources/active_roster/senado_listado_vigente_2026-09-01.html,Senado · Ley 25.188 / RC 03/2013,presentacion_2025_localizada,DJPI de Ejercicio 2025,https://www.senado.gob.ar/administrativo/ddjj/,sin_nombre_compatible_oa_2017_2024,,,0,,,,"El Senado publica cumplimiento. El cruce OA es nominal y no sustituye la verificación de CUIT, organismo y cargo antes de sumar una serie."
sen-neder-jose-emilio,José Emilio Neder,Nacional,Legislativo,Senado nacional,Senador/a nacional,Santiago del Estero,Frente Fuerza Patria Peronista,10/12/2025,09/12/2031,activo_al_2026-09-01,https://www.senado.gob.ar/senadores/listados/listaSenadoRes,sources/active_roster/senado_listado_vigente_2026-09-01.html,Senado · Ley 25.188 / RC 03/2013,presentacion_2025_localizada,DJPI de Ejercicio 2025,https://www.senado.gob.ar/administrativo/ddjj/,nombre_compatible_unico_en_oa,NEDER JOSE EMILIO,2018|2019|2020|2021|2022|2023|2024,7,2018,2024,,"El Senado publica cumplimiento. El cruce OA es nominal y no sustituye la verificación de CUIT, organismo y cargo antes de sumar una serie."
sen-olivera-lucero-bruno-antonio,Bruno Antonio Olivera Lucero,Nacional,Legislativo,Senado nacional,Senador/a nacional,San Juan,Alianza la Libertad Avanza,10/12/2023,09/12/2029,activo_al_2026-09-01,https://www.senado.gob.ar/senadores/listados/listaSenadoRes,sources/active_roster/senado_listado_vigente_2026-09-01.html,Senado · Ley 25.188 / RC 03/2013,presentacion_2025_localizada,DJPI de Ejercicio 2025,https://www.senado.gob.ar/administrativo/ddjj/,nombre_compatible_unico_en_oa,OLIVERA LUCERO BRUNO ANTONIO,2022|2023|2024,3,2022,2024,,"El Senado publica cumplimiento. El cruce OA es nominal y no sustituye la verificación de CUIT, organismo y cargo antes de sumar una serie."
sen-orozco-maria-emilia,María Emilia Orozco,Nacional,Legislativo,Senado nacional,Senador/a nacional,Salta,Alianza la Libertad Avanza,10/12/2025,09/12/2031,activo_al_2026-09-01,https://www.senado.gob.ar/senadores/listados/listaSenadoRes,sources/active_roster/senado_listado_vigente_2026-09-01.html,Senado · Ley 25.188 / RC 03/2013,presentacion_2025_localizada,DJPI de Ejercicio 2025,https://www.senado.gob.ar/administrativo/ddjj/,nombre_compatible_unico_en_oa,OROZCO MARIA EMILIA,2022|2023|2024,3,2022,2024,,"El Senado publica cumplimiento. El cruce OA es nominal y no sustituye la verificación de CUIT, organismo y cargo antes de sumar una serie."
sen-pagotto-juan-carlos,Juan Carlos Pagotto,Nacional,Legislativo,Senado nacional,Senador/a nacional,La Rioja,Alianza la Libertad Avanza,10/12/2023,09/12/2029,activo_al_2026-09-01,https://www.senado.gob.ar/senadores/listados/listaSenadoRes,sources/active_roster/senado_listado_vigente_2026-09-01.html,Senado · Ley 25.188 / RC 03/2013,sin_presentacion_2025_localizada,,https://www.senado.gob.ar/administrativo/ddjj/,nombre_compatible_unico_en_oa,PAGOTTO JUAN CARLOS,2023,1,2023,2023,,"El Senado publica cumplimiento. El cruce OA es nominal y no sustituye la verificación de CUIT, organismo y cargo antes de sumar una serie."
sen-paoltroni-francisco-manuel,Francisco Manuel Paoltroni,Nacional,Legislativo,Senado nacional,Senador/a nacional,Formosa,Alianza la Libertad Avanza,10/12/2023,09/12/2029,activo_al_2026-09-01,https://www.senado.gob.ar/senadores/listados/listaSenadoRes,sources/active_roster/senado_listado_vigente_2026-09-01.html,Senado · Ley 25.188 / RC 03/2013,presentacion_2025_localizada,DJPI de Ejercicio 2025,https://www.senado.gob.ar/administrativo/ddjj/,nombre_compatible_unico_en_oa,PAOLTRONI FRANCISCO MANUEL,2022|2023|2024,3,2022,2024,,"El Senado publica cumplimiento. El cruce OA es nominal y no sustituye la verificación de CUIT, organismo y cargo antes de sumar una serie."
sen-recalde-mariano,Mariano Recalde,Nacional,Legislativo,Senado nacional,Senador/a nacional,Ciudad Autónoma de Buenos Aires,Fuerza Patria,10/12/2025,09/12/2031,activo_al_2026-09-01,https://www.senado.gob.ar/senadores/listados/listaSenadoRes,sources/active_roster/senado_listado_vigente_2026-09-01.html,Senado · Ley 25.188 / RC 03/2013,sin_presentacion_2025_localizada,,https://www.senado.gob.ar/administrativo/ddjj/,coincidencia_multiple_revisar_homonimia,RECALDE MARIANO | RECALDE MARIANO RAUL,2018|2019|2020|2021|2022|2023|2024,7,2018,2024,,"El Senado publica cumplimiento. El cruce OA es nominal y no sustituye la verificación de CUIT, organismo y cargo antes de sumar una serie."
sen-rejal-jesus-fernando,Jesús Fernando Rejal,Nacional,Legislativo,Senado nacional,Senador/a nacional,La Rioja,Alianza Unión por la Patria,10/12/2023,09/12/2029,activo_al_2026-09-01,https://www.senado.gob.ar/senadores/listados/listaSenadoRes,sources/active_roster/senado_listado_vigente_2026-09-01.html,Senado · Ley 25.188 / RC 03/2013,presentacion_2025_localizada,DJPI de Ejercicio 2025,https://www.senado.gob.ar/administrativo/ddjj/,nombre_compatible_unico_en_oa,REJAL JESUS FERNANDO,2022|2023|2024,3,2022,2024,,"El Senado publica cumplimiento. El cruce OA es nominal y no sustituye la verificación de CUIT, organismo y cargo antes de sumar una serie."
sen-rojas-decut-sonia-elizabeth,Sonia Elizabeth Rojas Decut,Nacional,Legislativo,Senado nacional,Senador/a nacional,Misiones,Frente Renovador de la Concordia-Innovación Federal,10/12/2023,09/12/2029,activo_al_2026-09-01,https://www.senado.gob.ar/senadores/listados/listaSenadoRes,sources/active_roster/senado_listado_vigente_2026-09-01.html,Senado · Ley 25.188 / RC 03/2013,presentacion_2025_localizada,DJPI de Ejercicio 2025,https://www.senado.gob.ar/administrativo/ddjj/,nombre_compatible_unico_en_oa,ROJAS DECUT SONIA ELIZABETH,2023|2024,2,2023,2024,,"El Senado publica cumplimiento. El cruce OA es nominal y no sustituye la verificación de CUIT, organismo y cargo antes de sumar una serie."
sen-royon-flavia-gabriela,Flavia Gabriela Royon,Nacional,Legislativo,Senado nacional,Senador/a nacional,Salta,Primero Los Salteños,10/12/2025,09/12/2031,activo_al_2026-09-01,https://www.senado.gob.ar/senadores/listados/listaSenadoRes,sources/active_roster/senado_listado_vigente_2026-09-01.html,Senado · Ley 25.188 / RC 03/2013,sin_presentacion_2025_localizada,,https://www.senado.gob.ar/administrativo/ddjj/,sin_nombre_compatible_oa_2017_2024,,,0,,,,"El Senado publica cumplimiento. El cruce OA es nominal y no sustituye la verificación de CUIT, organismo y cargo antes de sumar una serie."
sen-salino-fernando-aldo,Fernando Aldo Salino,Nacional,Legislativo,Senado nacional,Senador/a nacional,San Luis,Alianza Unión por la Patria,10/12/2023,09/12/2029,activo_al_2026-09-01,https://www.senado.gob.ar/senadores/listados/listaSenadoRes,sources/active_roster/senado_listado_vigente_2026-09-01.html,Senado · Ley 25.188 / RC 03/2013,presentacion_2025_localizada,DJPI de Ejercicio 2025,https://www.senado.gob.ar/administrativo/ddjj/,nombre_compatible_unico_en_oa,SALINO FERNANDO ALDO,2023|2024,2,2023,2024,,"El Senado publica cumplimiento. El cruce OA es nominal y no sustituye la verificación de CUIT, organismo y cargo antes de sumar una serie."
sen-schneider-silvana-lorena,Silvana Lorena Schneider,Nacional,Legislativo,Senado nacional,Senador/a nacional,Chaco,Alianza la Libertad Avanza,10/12/2025,09/12/2031,activo_al_2026-09-01,https://www.senado.gob.ar/senadores/listados/listaSenadoRes,sources/active_roster/senado_listado_vigente_2026-09-01.html,Senado · Ley 25.188 / RC 03/2013,presentacion_2025_localizada,DJPI de Ejercicio 2025,https://www.senado.gob.ar/administrativo/ddjj/,sin_nombre_compatible_oa_2017_2024,,,0,,,,"El Senado publica cumplimiento. El cruce OA es nominal y no sustituye la verificación de CUIT, organismo y cargo antes de sumar una serie."
sen-soria-martin-ignacio,Martin Ignacio Soria,Nacional,Legislativo,Senado nacional,Senador/a nacional,Río Negro,Fuerza Patria,10/12/2025,09/12/2031,activo_al_2026-09-01,https://www.senado.gob.ar/senadores/listados/listaSenadoRes,sources/active_roster/senado_listado_vigente_2026-09-01.html,Senado · Ley 25.188 / RC 03/2013,presentacion_2025_localizada,DJPI de Ejercicio 2025,https://www.senado.gob.ar/administrativo/ddjj/,nombre_compatible_unico_en_oa,SORIA MARTIN IGNACIO,2019|2020|2021|2022|2023|2024,6,2019,2024,,"El Senado publica cumplimiento. El cruce OA es nominal y no sustituye la verificación de CUIT, organismo y cargo antes de sumar una serie."
sen-suarez-rodolfo-alejandro,Rodolfo Alejandro Suárez,Nacional,Legislativo,Senado nacional,Senador/a nacional,Mendoza,Frente Cambia Mendoza,10/12/2023,09/12/2029,activo_al_2026-09-01,https://www.senado.gob.ar/senadores/listados/listaSenadoRes,sources/active_roster/senado_listado_vigente_2026-09-01.html,Senado · Ley 25.188 / RC 03/2013,presentacion_2025_localizada,DJPI de Ejercicio 2025,https://www.senado.gob.ar/administrativo/ddjj/,nombre_compatible_unico_en_oa,SUAREZ RODOLFO ALEJANDRO,2020|2023|2024,3,2020,2024,,"El Senado publica cumplimiento. El cruce OA es nominal y no sustituye la verificación de CUIT, organismo y cargo antes de sumar una serie."
sen-terenzi-edith-elizabeth,Edith Elizabeth Terenzi,Nacional,Legislativo,Senado nacional,Senador/a nacional,Chubut,Juntos por el Cambio Chubut,10/12/2021,09/12/2027,activo_al_2026-09-01,https://www.senado.gob.ar/senadores/listados/listaSenadoRes,sources/active_roster/senado_listado_vigente_2026-09-01.html,Senado · Ley 25.188 / RC 03/2013,presentacion_2025_localizada,DJPI de Ejercicio 2025,https://www.senado.gob.ar/administrativo/ddjj/,nombre_compatible_unico_en_oa,TERENZI EDITH ELIZABETH,2021|2022|2023|2024,4,2021,2024,,"El Senado publica cumplimiento. El cruce OA es nominal y no sustituye la verificación de CUIT, organismo y cargo antes de sumar una serie."
sen-unac-sergio-mauricio,Sergio Mauricio Uñac,Nacional,Legislativo,Senado nacional,Senador/a nacional,San Juan,Alianza Unión por la Patria,10/12/2023,09/12/2029,activo_al_2026-09-01,https://www.senado.gob.ar/senadores/listados/listaSenadoRes,sources/active_roster/senado_listado_vigente_2026-09-01.html,Senado · Ley 25.188 / RC 03/2013,sin_presentacion_2025_localizada,,https://www.senado.gob.ar/administrativo/ddjj/,nombre_compatible_unico_en_oa,UÑAC SERGIO MAURICIO,2023|2024,2,2023,2024,,"El Senado publica cumplimiento. El cruce OA es nominal y no sustituye la verificación de CUIT, organismo y cargo antes de sumar una serie."
sen-valenzuela-mercedes-gabriela,Mercedes Gabriela Valenzuela,Nacional,Legislativo,Senado nacional,Senador/a nacional,Corrientes,Eco + Vamos Corrientes,10/12/2021,09/12/2027,activo_al_2026-09-01,https://www.senado.gob.ar/senadores/listados/listaSenadoRes,sources/active_roster/senado_listado_vigente_2026-09-01.html,Senado · Ley 25.188 / RC 03/2013,presentacion_2025_localizada,DJPI de Ejercicio 2025,https://www.senado.gob.ar/administrativo/ddjj/,nombre_compatible_unico_en_oa,VALENZUELA MERCEDES GABRIELA,2021|2022|2023|2024,4,2021,2024,,"El Senado publica cumplimiento. El cruce OA es nominal y no sustituye la verificación de CUIT, organismo y cargo antes de sumar una serie."
sen-vigo-alejandra-maria,Alejandra María Vigo,Nacional,Legislativo,Senado nacional,Senador/a nacional,Córdoba,Hacemos por Córdoba,10/12/2021,09/12/2027,activo_al_2026-09-01,https://www.senado.gob.ar/senadores/listados/listaSenadoRes,sources/active_roster/senado_listado_vigente_2026-09-01.html,Senado · Ley 25.188 / RC 03/2013,presentacion_2025_localizada,DJPI de Ejercicio 2025,https://www.senado.gob.ar/administrativo/ddjj/,nombre_compatible_unico_en_oa,VIGO ALEJANDRA MARIA,2017|2018|2019|2020|2021|2022|2023|2024,8,2017,2024,,"El Senado publica cumplimiento. El cruce OA es nominal y no sustituye la verificación de CUIT, organismo y cargo antes de sumar una serie."
sen-vischi-eduardo-alejandro,Eduardo Alejandro Vischi,Nacional,Legislativo,Senado nacional,Senador/a nacional,Corrientes,Eco + Vamos Corrientes,10/12/2021,09/12/2027,activo_al_2026-09-01,https://www.senado.gob.ar/senadores/listados/listaSenadoRes,sources/active_roster/senado_listado_vigente_2026-09-01.html,Senado · Ley 25.188 / RC 03/2013,sin_presentacion_2025_localizada,,https://www.senado.gob.ar/administrativo/ddjj/,nombre_compatible_unico_en_oa,VISCHI EDUARDO ALEJANDRO,2021|2022|2023|2024,4,2021,2024,,"El Senado publica cumplimiento. El cruce OA es nominal y no sustituye la verificación de CUIT, organismo y cargo antes de sumar una serie."
sen-zamora-gerardo,Gerardo Zamora,Nacional,Legislativo,Senado nacional,Senador/a nacional,Santiago del Estero,Frente Cívico por Santiago,10/12/2025,09/12/2031,activo_al_2026-09-01,https://www.senado.gob.ar/senadores/listados/listaSenadoRes,sources/active_roster/senado_listado_vigente_2026-09-01.html,Senado · Ley 25.188 / RC 03/2013,presentacion_2025_localizada,DJPI de Ejercicio 2025,https://www.senado.gob.ar/administrativo/ddjj/,nombre_compatible_unico_en_oa,ZAMORA GERARDO,2017|2020|2021|2022,4,2017,2022,,"El Senado publica cumplimiento. El cruce OA es nominal y no sustituye la verificación de CUIT, organismo y cargo antes de sumar una serie."
pen-milei-javier-gerardo,Javier Gerardo Milei,Nacional,Ejecutivo,Conducción superior PEN,Presidente de la Nación,Nación,La Libertad Avanza,10/12/2023,,activo_al_2026-09-01,https://www.argentina.gob.ar/presidencia,sources/active_roster/presidencia_autoridades_2026-09-01.html,Oficina Anticorrupción · Ley 25.188 / 26.857,verificacion_2025_2026_pendiente,La base consolidada respaldada llega al ejercicio 2024.,https://datos.jus.gob.ar/dataset/declaraciones-juradas-patrimoniales-integrales,nombre_compatible_unico_en_oa,MILEI JAVIER GERARDO,2020|2021|2022|2023|2024,5,2020,2024,javier,Una designación posterior a 2024 puede no tener todavía un ejercicio anual en el consolidado respaldado.
pen-villarruel-victoria-eugenia,Victoria Eugenia Villarruel,Nacional,Ejecutivo,Conducción superior PEN,Vicepresidenta de la Nación,Nación,La Libertad Avanza,10/12/2023,,activo_al_2026-09-01,https://www.senado.gob.ar/presidencia,sources/active_roster/senado_presidencia_2026-09-01.html,Oficina Anticorrupción · Ley 25.188 / 26.857,verificacion_2025_2026_pendiente,La base consolidada respaldada llega al ejercicio 2024.,https://datos.jus.gob.ar/dataset/declaraciones-juradas-patrimoniales-integrales,nombre_compatible_unico_en_oa,VILLARRUEL VICTORIA EUGENIA,2020|2021|2022|2023|2024,5,2020,2024,,Una designación posterior a 2024 puede no tener todavía un ejercicio anual en el consolidado respaldado.
pen-santilli-diego-cesar,Diego César Santilli,Nacional,Ejecutivo,Conducción superior PEN,Jefe de Gabinete de Ministros,Nación,Designación PEN,29/06/2026,,activo_al_2026-09-01,https://www.argentina.gob.ar/normativa/nacional/norma-427132/texto,sources/active_roster/decreto_548_2026_jefe_gabinete.html,Oficina Anticorrupción · Ley 25.188 / 26.857,verificacion_2025_2026_pendiente,La base consolidada respaldada llega al ejercicio 2024.,https://datos.jus.gob.ar/dataset/declaraciones-juradas-patrimoniales-integrales,nombre_compatible_unico_en_oa,SANTILLI DIEGO CESAR,2020|2021|2022|2023|2024,5,2020,2024,,Una designación posterior a 2024 puede no tener todavía un ejercicio anual en el consolidado respaldado.
pen-coria-gustavo-javier,Gustavo Javier Coria,Nacional,Ejecutivo,Conducción superior PEN,Vicejefe de Gabinete del Interior,Nación,Designación PEN,02/07/2026,,activo_al_2026-09-01,https://www.argentina.gob.ar/interior/transparencia/autoridades-personal,sources/active_roster/vicejefatura_interior_autoridades_2026-09-01.html,Oficina Anticorrupción · Ley 25.188 / 26.857,verificacion_2025_2026_pendiente,La base consolidada respaldada llega al ejercicio 2024.,https://datos.jus.gob.ar/dataset/declaraciones-juradas-patrimoniales-integrales,sin_nombre_compatible_oa_2017_2024,,,0,,,,Una designación posterior a 2024 puede no tener todavía un ejercicio anual en el consolidado respaldado.
pen-milei-karina-elizabeth,Karina Elizabeth Milei,Nacional,Ejecutivo,Conducción superior PEN,Secretaria General de la Presidencia,Nación,Designación PEN,10/12/2023,,activo_al_2026-09-01,https://www.argentina.gob.ar/node/81433,sources/active_roster/presidencia_autoridades_2026-09-01.html,Oficina Anticorrupción · Ley 25.188 / 26.857,verificacion_2025_2026_pendiente,La base consolidada respaldada llega al ejercicio 2024.,https://datos.jus.gob.ar/dataset/declaraciones-juradas-patrimoniales-integrales,nombre_compatible_unico_en_oa,MILEI KARINA ELIZABETH,2023|2024,2,2023,2024,karina,Una designación posterior a 2024 puede no tener todavía un ejercicio anual en el consolidado respaldado.
pen-quirno-pablo,Pablo Quirno,Nacional,Ejecutivo,Conducción superior PEN,"Ministro de Relaciones Exteriores, Comercio Internacional y Culto",Nación,Designación PEN,,,activo_al_2026-09-01,https://www.cancilleria.gob.ar/es/ministerio-de-relaciones-exteriores-comercio-internacional-y-culto,sources/active_roster/cancilleria_autoridad_2026-09-01.html,Oficina Anticorrupción · Ley 25.188 / 26.857,verificacion_2025_2026_pendiente,La base consolidada respaldada llega al ejercicio 2024.,https://datos.jus.gob.ar/dataset/declaraciones-juradas-patrimoniales-integrales,nombre_compatible_unico_en_oa,QUIRNO PABLO,2017|2018|2019|2023|2024,5,2017,2024,,Una designación posterior a 2024 puede no tener todavía un ejercicio anual en el consolidado respaldado.
pen-presti-carlos-alberto,Carlos Alberto Presti,Nacional,Ejecutivo,Conducción superior PEN,Ministro de Defensa,Nación,Designación PEN,10/12/2025,,activo_al_2026-09-01,https://www.argentina.gob.ar/defensa/transparencia/autoridades-personal,sources/active_roster/defensa_autoridades_2026-09-01.html,Oficina Anticorrupción · Ley 25.188 / 26.857,verificacion_2025_2026_pendiente,La base consolidada respaldada llega al ejercicio 2024.,https://datos.jus.gob.ar/dataset/declaraciones-juradas-patrimoniales-integrales,nombre_compatible_unico_en_oa,PRESTI CARLOS ALBERTO,2017|2018|2019|2020|2021|2022|2023,7,2017,2023,,Una designación posterior a 2024 puede no tener todavía un ejercicio anual en el consolidado respaldado.
pen-caputo-luis-andres,Luis Andrés Caputo,Nacional,Ejecutivo,Conducción superior PEN,Ministro de Economía,Nación,Designación PEN,10/12/2023,,activo_al_2026-09-01,https://www.argentina.gob.ar/node/72493,sources/active_roster/economia_autoridades_2026-09-01.html,Oficina Anticorrupción · Ley 25.188 / 26.857,verificacion_2025_2026_pendiente,La base consolidada respaldada llega al ejercicio 2024.,https://datos.jus.gob.ar/dataset/declaraciones-juradas-patrimoniales-integrales,nombre_compatible_unico_en_oa,CAPUTO LUIS ANDRES,2017|2018|2023|2024,4,2017,2024,caputo,Una designación posterior a 2024 puede no tener todavía un ejercicio anual en el consolidado respaldado.
pen-mahiques-juan-bautista,Juan Bautista Mahiques,Nacional,Ejecutivo,Conducción superior PEN,Ministro de Justicia,Nación,Designación PEN,05/03/2026,,activo_al_2026-09-01,https://www.argentina.gob.ar/justicia/transparencia/autoridades-personal,sources/active_roster/justicia_autoridades_2026-09-01.html,Oficina Anticorrupción · Ley 25.188 / 26.857,verificacion_2025_2026_pendiente,La base consolidada respaldada llega al ejercicio 2024.,https://datos.jus.gob.ar/dataset/declaraciones-juradas-patrimoniales-integrales,nombre_compatible_unico_en_oa,MAHIQUES JUAN BAUTISTA,2017|2018|2019,3,2017,2019,,Una designación posterior a 2024 puede no tener todavía un ejercicio anual en el consolidado respaldado.
pen-monteoliva-alejandra-susana,Alejandra Susana Monteoliva,Nacional,Ejecutivo,Conducción superior PEN,Ministra de Seguridad Nacional,Nación,Designación PEN,09/12/2025,,activo_al_2026-09-01,https://www.argentina.gob.ar/seguridad/transparencia/autoridades-personal,sources/active_roster/seguridad_autoridades_2026-09-01.html,Oficina Anticorrupción · Ley 25.188 / 26.857,verificacion_2025_2026_pendiente,La base consolidada respaldada llega al ejercicio 2024.,https://datos.jus.gob.ar/dataset/declaraciones-juradas-patrimoniales-integrales,nombre_compatible_unico_en_oa,MONTEOLIVA ALEJANDRA SUSANA,2017|2018|2019|2020|2024,5,2017,2024,,Una designación posterior a 2024 puede no tener todavía un ejercicio anual en el consolidado respaldado.
pen-lugones-mario-ivan,Mario Iván Lugones,Nacional,Ejecutivo,Conducción superior PEN,Ministro de Salud,Nación,Designación PEN,27/09/2024,,activo_al_2026-09-01,https://www.argentina.gob.ar/salud/transparencia/autoridades-personal,sources/active_roster/salud_autoridades_2026-09-01.html,Oficina Anticorrupción · Ley 25.188 / 26.857,verificacion_2025_2026_pendiente,La base consolidada respaldada llega al ejercicio 2024.,https://datos.jus.gob.ar/dataset/declaraciones-juradas-patrimoniales-integrales,nombre_compatible_unico_en_oa,LUGONES MARIO IVAN,2023|2024,2,2023,2024,,Una designación posterior a 2024 puede no tener todavía un ejercicio anual en el consolidado respaldado.
pen-pettovello-sandra-viviana,Sandra Viviana Pettovello,Nacional,Ejecutivo,Conducción superior PEN,Ministra de Capital Humano,Nación,Designación PEN,10/12/2023,,activo_al_2026-09-01,https://www.argentina.gob.ar/capital-humano/transparencia-ministerio-de-capital-humano/organigrama-autoridades-y-personal,sources/active_roster/capital_humano_autoridades_2026-09-01.html,Oficina Anticorrupción · Ley 25.188 / 26.857,verificacion_2025_2026_pendiente,La base consolidada respaldada llega al ejercicio 2024.,https://datos.jus.gob.ar/dataset/declaraciones-juradas-patrimoniales-integrales,nombre_compatible_unico_en_oa,PETTOVELLO SANDRA VIVIANA,2022|2023|2024,3,2022,2024,,Una designación posterior a 2024 puede no tener todavía un ejercicio anual en el consolidado respaldado.
pen-sturzenegger-federico-adolfo,Federico Adolfo Sturzenegger,Nacional,Ejecutivo,Conducción superior PEN,Ministro de Desregulación y Transformación del Estado,Nación,Designación PEN,05/07/2024,,activo_al_2026-09-01,https://www.argentina.gob.ar/desregulacion,sources/active_roster/desregulacion_autoridad_2026-09-01.html,Oficina Anticorrupción · Ley 25.188 / 26.857,verificacion_2025_2026_pendiente,La base consolidada respaldada llega al ejercicio 2024.,https://datos.jus.gob.ar/dataset/declaraciones-juradas-patrimoniales-integrales,nombre_compatible_unico_en_oa,STURZENEGGER FEDERICO ADOLFO,2017|2018|2024,3,2017,2024,,Una designación posterior a 2024 puede no tener todavía un ejercicio anual en el consolidado respaldado.
gov-kicillof-axel,Axel Kicillof,Provincial/CABA,Ejecutivo,Gobernaciones,Gobernador/a,Buenos Aires,Fuerza Patria,,,activo_al_2026-09-01,https://cfi.org.ar/quienes_somos,sources/active_roster/cfi_gobernadores_2026-09-01.html,Régimen provincial o de CABA · heterogéneo,ruta_provincial_por_relevar,No existe un repositorio federal único.,,nombre_compatible_unico_en_oa,KICILLOF AXEL,2017|2018|2019,3,2017,2019,,Una coincidencia nominal en OA puede corresponder a un cargo nacional previo y no sustituye la DDJJ del cargo provincial actual.
gov-jalil-raul-alejandro,Raúl Alejandro Jalil,Provincial/CABA,Ejecutivo,Gobernaciones,Gobernador/a,Catamarca,PJ,,,activo_al_2026-09-01,https://cfi.org.ar/quienes_somos,sources/active_roster/cfi_gobernadores_2026-09-01.html,Régimen provincial o de CABA · heterogéneo,ruta_provincial_por_relevar,No existe un repositorio federal único.,,sin_nombre_compatible_oa_2017_2024,,,0,,,,Una coincidencia nominal en OA puede corresponder a un cargo nacional previo y no sustituye la DDJJ del cargo provincial actual.
gov-zdero-leandro-cesar,Leandro César Zdero,Provincial/CABA,Ejecutivo,Gobernaciones,Gobernador/a,Chaco,Chaco Puede + LLA,,,activo_al_2026-09-01,https://cfi.org.ar/quienes_somos,sources/active_roster/cfi_gobernadores_2026-09-01.html,Régimen provincial o de CABA · heterogéneo,ruta_provincial_por_relevar,No existe un repositorio federal único.,,nombre_compatible_unico_en_oa,ZDERO LEANDRO CESAR,2017,1,2017,2017,,Una coincidencia nominal en OA puede corresponder a un cargo nacional previo y no sustituye la DDJJ del cargo provincial actual.
gov-torres-ignacio-agustin,Ignacio Agustín Torres,Provincial/CABA,Ejecutivo,Gobernaciones,Gobernador/a,Chubut,Despierta Chubut,,,activo_al_2026-09-01,https://cfi.org.ar/quienes_somos,sources/active_roster/cfi_gobernadores_2026-09-01.html,Régimen provincial o de CABA · heterogéneo,ruta_provincial_por_relevar,No existe un repositorio federal único.,,nombre_compatible_unico_en_oa,TORRES IGNACIO AGUSTIN,2017|2018|2019|2020|2021|2022|2023,7,2017,2023,,Una coincidencia nominal en OA puede corresponder a un cargo nacional previo y no sustituye la DDJJ del cargo provincial actual.
gov-macri-jorge,Jorge Macri,Provincial/CABA,Ejecutivo,Gobernaciones,Jefe de Gobierno,Ciudad Autónoma de Buenos Aires,Vamos por más,,,activo_al_2026-09-01,https://cfi.org.ar/quienes_somos,sources/active_roster/cfi_gobernadores_2026-09-01.html,Régimen provincial o de CABA · heterogéneo,ruta_provincial_por_relevar,No existe un repositorio federal único.,,sin_nombre_compatible_oa_2017_2024,,,0,,,,Una coincidencia nominal en OA puede corresponder a un cargo nacional previo y no sustituye la DDJJ del cargo provincial actual.
gov-llaryora-martin-miguel,Martín Miguel Llaryora,Provincial/CABA,Ejecutivo,Gobernaciones,Gobernador/a,Córdoba,Hacemos Unidos por Córdoba,,,activo_al_2026-09-01,https://cfi.org.ar/quienes_somos,sources/active_roster/cfi_gobernadores_2026-09-01.html,Régimen provincial o de CABA · heterogéneo,ruta_provincial_por_relevar,No existe un repositorio federal único.,,nombre_compatible_unico_en_oa,LLARYORA MARTIN MIGUEL,2017|2018|2019,3,2017,2019,,Una coincidencia nominal en OA puede corresponder a un cargo nacional previo y no sustituye la DDJJ del cargo provincial actual.
gov-valdes-juan-pablo,Juan Pablo Valdés,Provincial/CABA,Ejecutivo,Gobernaciones,Gobernador/a,Corrientes,Vamos Corrientes,,,activo_al_2026-09-01,https://cfi.org.ar/quienes_somos,sources/active_roster/cfi_gobernadores_2026-09-01.html,Régimen provincial o de CABA · heterogéneo,ruta_provincial_por_relevar,No existe un repositorio federal único.,,sin_nombre_compatible_oa_2017_2024,,,0,,,,Una coincidencia nominal en OA puede corresponder a un cargo nacional previo y no sustituye la DDJJ del cargo provincial actual.
gov-frigerio-rogelio,Rogelio Frigerio,Provincial/CABA,Ejecutivo,Gobernaciones,Gobernador/a,Entre Ríos,Juntos + LLA,,,activo_al_2026-09-01,https://cfi.org.ar/quienes_somos,sources/active_roster/cfi_gobernadores_2026-09-01.html,Régimen provincial o de CABA · heterogéneo,ruta_provincial_por_relevar,No existe un repositorio federal único.,,nombre_compatible_unico_en_oa,FRIGERIO ROGELIO,2017|2018|2019|2021|2022,5,2017,2022,,Una coincidencia nominal en OA puede corresponder a un cargo nacional previo y no sustituye la DDJJ del cargo provincial actual.
gov-insfran-gildo,Gildo Insfrán,Provincial/CABA,Ejecutivo,Gobernaciones,Gobernador/a,Formosa,PJ,,,activo_al_2026-09-01,https://cfi.org.ar/quienes_somos,sources/active_roster/cfi_gobernadores_2026-09-01.html,Régimen provincial o de CABA · heterogéneo,ruta_provincial_por_relevar,No existe un repositorio federal único.,,nombre_compatible_unico_en_oa,INSFRAN GILDO,2022,1,2022,2022,,Una coincidencia nominal en OA puede corresponder a un cargo nacional previo y no sustituye la DDJJ del cargo provincial actual.
gov-sadir-carlos-alberto,Carlos Alberto Sadir,Provincial/CABA,Ejecutivo,Gobernaciones,Gobernador/a,Jujuy,Cambia Jujuy,,,activo_al_2026-09-01,https://cfi.org.ar/quienes_somos,sources/active_roster/cfi_gobernadores_2026-09-01.html,Régimen provincial o de CABA · heterogéneo,ruta_provincial_por_relevar,No existe un repositorio federal único.,,sin_nombre_compatible_oa_2017_2024,,,0,,,,Una coincidencia nominal en OA puede corresponder a un cargo nacional previo y no sustituye la DDJJ del cargo provincial actual.
gov-ziliotto-sergio-raul,Sergio Raúl Ziliotto,Provincial/CABA,Ejecutivo,Gobernaciones,Gobernador/a,La Pampa,PJ,,,activo_al_2026-09-01,https://cfi.org.ar/quienes_somos,sources/active_roster/cfi_gobernadores_2026-09-01.html,Régimen provincial o de CABA · heterogéneo,ruta_provincial_por_relevar,No existe un repositorio federal único.,,nombre_compatible_unico_en_oa,ZILIOTTO SERGIO RAUL,2017|2018|2019,3,2017,2019,,Una coincidencia nominal en OA puede corresponder a un cargo nacional previo y no sustituye la DDJJ del cargo provincial actual.
gov-jaldo-osvaldo-francisco,Osvaldo Francisco Jaldo,Provincial/CABA,Ejecutivo,Gobernaciones,Gobernador/a,Tucumán,PJ,,,activo_al_2026-09-01,https://cfi.org.ar/quienes_somos,sources/active_roster/cfi_gobernadores_2026-09-01.html,Régimen provincial o de CABA · heterogéneo,ruta_provincial_por_relevar,No existe un repositorio federal único.,,sin_nombre_compatible_oa_2017_2024,,,0,,,,Una coincidencia nominal en OA puede corresponder a un cargo nacional previo y no sustituye la DDJJ del cargo provincial actual.
gov-quintela-ricardo-clemente,Ricardo Clemente Quintela,Provincial/CABA,Ejecutivo,Gobernaciones,Gobernador/a,La Rioja,Fuerza Patria,,,activo_al_2026-09-01,https://cfi.org.ar/quienes_somos,sources/active_roster/cfi_gobernadores_2026-09-01.html,Régimen provincial o de CABA · heterogéneo,ruta_provincial_por_relevar,No existe un repositorio federal único.,,sin_nombre_compatible_oa_2017_2024,,,0,,,,Una coincidencia nominal en OA puede corresponder a un cargo nacional previo y no sustituye la DDJJ del cargo provincial actual.
gov-melella-gustavo-adrian,Gustavo Adrián Melella,Provincial/CABA,Ejecutivo,Gobernaciones,Gobernador/a,Tierra del Fuego,Unidos Hacemos Futuro,,,activo_al_2026-09-01,https://cfi.org.ar/quienes_somos,sources/active_roster/cfi_gobernadores_2026-09-01.html,Régimen provincial o de CABA · heterogéneo,ruta_provincial_por_relevar,No existe un repositorio federal único.,,sin_nombre_compatible_oa_2017_2024,,,0,,,,Una coincidencia nominal en OA puede corresponder a un cargo nacional previo y no sustituye la DDJJ del cargo provincial actual.
gov-cornejo-neila-alfredo-victor,Alfredo Víctor Cornejo Neila,Provincial/CABA,Ejecutivo,Gobernaciones,Gobernador/a,Mendoza,Cambia Mendoza + LLA,,,activo_al_2026-09-01,https://cfi.org.ar/quienes_somos,sources/active_roster/cfi_gobernadores_2026-09-01.html,Régimen provincial o de CABA · heterogéneo,ruta_provincial_por_relevar,No existe un repositorio federal único.,,sin_nombre_compatible_oa_2017_2024,,,0,,,,Una coincidencia nominal en OA puede corresponder a un cargo nacional previo y no sustituye la DDJJ del cargo provincial actual.
gov-suarez-elias,Elías Suárez,Provincial/CABA,Ejecutivo,Gobernaciones,Gobernador/a,Santiago del Estero,Frente Cívico por Santiago,,,activo_al_2026-09-01,https://cfi.org.ar/quienes_somos,sources/active_roster/cfi_gobernadores_2026-09-01.html,Régimen provincial o de CABA · heterogéneo,ruta_provincial_por_relevar,No existe un repositorio federal único.,,sin_nombre_compatible_oa_2017_2024,,,0,,,,Una coincidencia nominal en OA puede corresponder a un cargo nacional previo y no sustituye la DDJJ del cargo provincial actual.
gov-passalacqua-hugo-mario,Hugo Mario Passalacqua,Provincial/CABA,Ejecutivo,Gobernaciones,Gobernador/a,Misiones,Frente Renovador de la Concordia,,,activo_al_2026-09-01,https://cfi.org.ar/quienes_somos,sources/active_roster/cfi_gobernadores_2026-09-01.html,Régimen provincial o de CABA · heterogéneo,ruta_provincial_por_relevar,No existe un repositorio federal único.,,sin_nombre_compatible_oa_2017_2024,,,0,,,,Una coincidencia nominal en OA puede corresponder a un cargo nacional previo y no sustituye la DDJJ del cargo provincial actual.
gov-pullaro-maximiliano-nicolas,Maximiliano Nicolás Pullaro,Provincial/CABA,Ejecutivo,Gobernaciones,Gobernador/a,Santa Fe,Unidos para Cambiar Santa Fe,,,activo_al_2026-09-01,https://cfi.org.ar/quienes_somos,sources/active_roster/cfi_gobernadores_2026-09-01.html,Régimen provincial o de CABA · heterogéneo,ruta_provincial_por_relevar,No existe un repositorio federal único.,,sin_nombre_compatible_oa_2017_2024,,,0,,,,Una coincidencia nominal en OA puede corresponder a un cargo nacional previo y no sustituye la DDJJ del cargo provincial actual.
gov-figueroa-rolando-ceferino,Rolando Ceferino Figueroa,Provincial/CABA,Ejecutivo,Gobernaciones,Gobernador/a,Neuquén,Comunidad,,,activo_al_2026-09-01,https://cfi.org.ar/quienes_somos,sources/active_roster/cfi_gobernadores_2026-09-01.html,Régimen provincial o de CABA · heterogéneo,ruta_provincial_por_relevar,No existe un repositorio federal único.,,nombre_compatible_unico_en_oa,FIGUEROA ROLANDO CEFERINO,2020|2021|2022,3,2020,2022,,Una coincidencia nominal en OA puede corresponder a un cargo nacional previo y no sustituye la DDJJ del cargo provincial actual.
gov-vidal-claudio-orlando,Claudio Orlando Vidal,Provincial/CABA,Ejecutivo,Gobernaciones,Gobernador/a,Santa Cruz,Por Santa Cruz,,,activo_al_2026-09-01,https://cfi.org.ar/quienes_somos,sources/active_roster/cfi_gobernadores_2026-09-01.html,Régimen provincial o de CABA · heterogéneo,ruta_provincial_por_relevar,No existe un repositorio federal único.,,nombre_compatible_unico_en_oa,VIDAL CLAUDIO ORLANDO,2021|2022,2,2021,2022,,Una coincidencia nominal en OA puede corresponder a un cargo nacional previo y no sustituye la DDJJ del cargo provincial actual.
gov-poggi-claudio-javier,Claudio Javier Poggi,Provincial/CABA,Ejecutivo,Gobernaciones,Gobernador/a,San Luis,Ahora San Luis,,,activo_al_2026-09-01,https://cfi.org.ar/quienes_somos,sources/active_roster/cfi_gobernadores_2026-09-01.html,Régimen provincial o de CABA · heterogéneo,ruta_provincial_por_relevar,No existe un repositorio federal único.,,nombre_compatible_unico_en_oa,POGGI CLAUDIO JAVIER,2017|2018|2019|2020|2021|2022|2023,7,2017,2023,,Una coincidencia nominal en OA puede corresponder a un cargo nacional previo y no sustituye la DDJJ del cargo provincial actual.
gov-orrego-marcelo-humberto,Marcelo Humberto Orrego,Provincial/CABA,Ejecutivo,Gobernaciones,Gobernador/a,San Juan,Unidos por San Juan,,,activo_al_2026-09-01,https://cfi.org.ar/quienes_somos,sources/active_roster/cfi_gobernadores_2026-09-01.html,Régimen provincial o de CABA · heterogéneo,ruta_provincial_por_relevar,No existe un repositorio federal único.,,sin_nombre_compatible_oa_2017_2024,,,0,,,,Una coincidencia nominal en OA puede corresponder a un cargo nacional previo y no sustituye la DDJJ del cargo provincial actual.
gov-weretilneck-alberto-edgardo,Alberto Edgardo Weretilneck,Provincial/CABA,Ejecutivo,Gobernaciones,Gobernador/a,Río Negro,Juntos Somos Río Negro,,,activo_al_2026-09-01,https://cfi.org.ar/quienes_somos,sources/active_roster/cfi_gobernadores_2026-09-01.html,Régimen provincial o de CABA · heterogéneo,ruta_provincial_por_relevar,No existe un repositorio federal único.,,nombre_compatible_unico_en_oa,WERETILNECK ALBERTO EDGARDO,2018|2019|2020|2021|2022|2023,6,2018,2023,,Una coincidencia nominal en OA puede corresponder a un cargo nacional previo y no sustituye la DDJJ del cargo provincial actual.
gov-saenz-gustavo-adolfo,Gustavo Adolfo Sáenz,Provincial/CABA,Ejecutivo,Gobernaciones,Gobernador/a,Salta,Identidad Salteña,,,activo_al_2026-09-01,https://cfi.org.ar/quienes_somos,sources/active_roster/cfi_gobernadores_2026-09-01.html,Régimen provincial o de CABA · heterogéneo,ruta_provincial_por_relevar,No existe un repositorio federal único.,,sin_nombre_compatible_oa_2017_2024,,,0,,,,Una coincidencia nominal en OA puede corresponder a un cargo nacional previo y no sustituye la DDJJ del cargo provincial actual.
prov-ba-dip-abonjo-gaston-andres,Abonjo Gastón Andrés,Provincial,Legislativo,Legislaturas provinciales,Diputado/a provincial,Buenos Aires,LA LIBERTAD AVANZA,2023,2027,activo_al_2026-09-01,https://www.hcdiputados-ba.gov.ar/index.php?page=diputados&search=seccionBloques,sources/subnational_roster/buenos_aires_diputados_vigentes_2026-09-01.html,Régimen provincial · ruta documental por relevar,ruta_provincial_por_relevar,Distrito MAR DEL PLATA · sección QUINTA,,sin_nombre_compatible_oa_2017_2024,,,0,,,,El orden oficial Apellido y Nombre se preserva. El cruce OA exige coincidencia nominal exacta para evitar dividir apellidos compuestos por inferencia.
prov-ba-dip-acerbo-esteban-alejandro,Acerbo Esteban Alejandro,Provincial,Legislativo,Legislaturas provinciales,Diputado/a provincial,Buenos Aires,UNIÓN POR LA PATRIA,2025,2029,activo_al_2026-09-01,https://www.hcdiputados-ba.gov.ar/index.php?page=diputados&search=seccionBloques,sources/subnational_roster/buenos_aires_diputados_vigentes_2026-09-01.html,Régimen provincial · ruta documental por relevar,ruta_provincial_por_relevar,Distrito DAIREAUX · sección SEXTA,,sin_nombre_compatible_oa_2017_2024,,,0,,,,El orden oficial Apellido y Nombre se preserva. El cruce OA exige coincidencia nominal exacta para evitar dividir apellidos compuestos por inferencia.
prov-ba-dip-adorni-francisco-jorge,Adorni Francisco Jorge,Provincial,Legislativo,Legislaturas provinciales,Diputado/a provincial,Buenos Aires,LA LIBERTAD AVANZA,2025,2029,activo_al_2026-09-01,https://www.hcdiputados-ba.gov.ar/index.php?page=diputados&search=seccionBloques,sources/subnational_roster/buenos_aires_diputados_vigentes_2026-09-01.html,Régimen provincial · ruta documental por relevar,ruta_provincial_por_relevar,Distrito LA PLATA · sección OCTAVA,,nombre_compatible_unico_en_oa,ADORNI FRANCISCO JORGE,2024,1,2024,2024,,El orden oficial Apellido y Nombre se preserva. El cruce OA exige coincidencia nominal exacta para evitar dividir apellidos compuestos por inferencia.
prov-ba-dip-alessi-blanca-elida,Alessi Blanca Elida,Provincial,Legislativo,Legislaturas provinciales,Diputado/a provincial,Buenos Aires,UNIÓN Y LIBERTAD,2023,2027,activo_al_2026-09-01,https://www.hcdiputados-ba.gov.ar/index.php?page=diputados&search=seccionBloques,sources/subnational_roster/buenos_aires_diputados_vigentes_2026-09-01.html,Régimen provincial · ruta documental por relevar,ruta_provincial_por_relevar,Distrito  · sección CUARTA,,sin_nombre_compatible_oa_2017_2024,,,0,,,,El orden oficial Apellido y Nombre se preserva. El cruce OA exige coincidencia nominal exacta para evitar dividir apellidos compuestos por inferencia.
prov-ba-dip-alonso-soledad-antonia,Alonso Soledad Antonia,Provincial,Legislativo,Legislaturas provinciales,Diputado/a provincial,Buenos Aires,UNIÓN POR LA PATRIA,2023,2027,activo_al_2026-09-01,https://www.hcdiputados-ba.gov.ar/index.php?page=diputados&search=seccionBloques,sources/subnational_roster/buenos_aires_diputados_vigentes_2026-09-01.html,Régimen provincial · ruta documental por relevar,ruta_provincial_por_relevar,Distrito CAMPANA · sección PRIMERA,,sin_nombre_compatible_oa_2017_2024,,,0,,,,El orden oficial Apellido y Nombre se preserva. El cruce OA exige coincidencia nominal exacta para evitar dividir apellidos compuestos por inferencia.
prov-ba-dip-alvado-maite-milagros,Alvado Maite Milagros,Provincial,Legislativo,Legislaturas provinciales,Diputado/a provincial,Buenos Aires,UNIÓN POR LA PATRIA,2025,2029,activo_al_2026-09-01,https://www.hcdiputados-ba.gov.ar/index.php?page=diputados&search=seccionBloques,sources/subnational_roster/buenos_aires_diputados_vigentes_2026-09-01.html,Régimen provincial · ruta documental por relevar,ruta_provincial_por_relevar,Distrito BAHÍA BLANCA · sección SEXTA,,nombre_compatible_unico_en_oa,ALVADO MAITE MILAGROS,2018,1,2018,2018,,El orden oficial Apellido y Nombre se preserva. El cruce OA exige coincidencia nominal exacta para evitar dividir apellidos compuestos por inferencia.
prov-ba-dip-archanco-juan-ariel,Archanco Juan Ariel,Provincial,Legislativo,Legislaturas provinciales,Diputado/a provincial,Buenos Aires,UNIÓN POR LA PATRIA,2025,2029,activo_al_2026-09-01,https://www.hcdiputados-ba.gov.ar/index.php?page=diputados&search=seccionBloques,sources/subnational_roster/buenos_aires_diputados_vigentes_2026-09-01.html,Régimen provincial · ruta documental por relevar,ruta_provincial_por_relevar,Distrito LA PLATA · sección OCTAVA,,sin_nombre_compatible_oa_2017_2024,,,0,,,,El orden oficial Apellido y Nombre se preserva. El cruce OA exige coincidencia nominal exacta para evitar dividir apellidos compuestos por inferencia.
prov-ba-dip-balor-ana-luz,Balor Ana Luz,Provincial,Legislativo,Legislaturas provinciales,Diputado/a provincial,Buenos Aires,UNIÓN POR LA PATRIA,2023,2027,activo_al_2026-09-01,https://www.hcdiputados-ba.gov.ar/index.php?page=diputados&search=seccionBloques,sources/subnational_roster/buenos_aires_diputados_vigentes_2026-09-01.html,Régimen provincial · ruta documental por relevar,ruta_provincial_por_relevar,Distrito TRES DE FEBRERO · sección PRIMERA,,nombre_compatible_unico_en_oa,BALOR ANA LUZ,2022|2023|2024,3,2022,2024,,El orden oficial Apellido y Nombre se preserva. El cruce OA exige coincidencia nominal exacta para evitar dividir apellidos compuestos por inferencia.
prov-ba-dip-barreiro-romina-melisa,Barreiro Romina Melisa,Provincial,Legislativo,Legislaturas provinciales,Diputado/a provincial,Buenos Aires,UNIÓN POR LA PATRIA,2023,2027,activo_al_2026-09-01,https://www.hcdiputados-ba.gov.ar/index.php?page=diputados&search=seccionBloques,sources/subnational_roster/buenos_aires_diputados_vigentes_2026-09-01.html,Régimen provincial · ruta documental por relevar,ruta_provincial_por_relevar,Distrito AVELLANEDA · sección TERCERA,,sin_nombre_compatible_oa_2017_2024,,,0,,,,El orden oficial Apellido y Nombre se preserva. El cruce OA exige coincidencia nominal exacta para evitar dividir apellidos compuestos por inferencia.
prov-ba-dip-basualdo-marcela-maria-amelia,Basualdo Marcela María Amelia,Provincial,Legislativo,Legislaturas provinciales,Diputado/a provincial,Buenos Aires,UNIÓN POR LA PATRIA,2023,2027,activo_al_2026-09-01,https://www.hcdiputados-ba.gov.ar/index.php?page=diputados&search=seccionBloques,sources/subnational_roster/buenos_aires_diputados_vigentes_2026-09-01.html,Régimen provincial · ruta documental por relevar,ruta_provincial_por_relevar,Distrito sAN MIGUEL DEL MONTE · sección QUINTA,,nombre_compatible_unico_en_oa,BASUALDO MARCELA MARIA AMELIA,2020|2021|2022|2023,4,2020,2023,,El orden oficial Apellido y Nombre se preserva. El cruce OA exige coincidencia nominal exacta para evitar dividir apellidos compuestos por inferencia.
prov-ba-dip-blanco-natalia-miriam,Blanco Natalia Miriam,Provincial,Legislativo,Legislaturas provinciales,Diputado/a provincial,Buenos Aires,PRO,2025,2029,activo_al_2026-09-01,https://www.hcdiputados-ba.gov.ar/index.php?page=diputados&search=seccionBloques,sources/subnational_roster/buenos_aires_diputados_vigentes_2026-09-01.html,Régimen provincial · ruta documental por relevar,ruta_provincial_por_relevar,Distrito ZARATE · sección SEGUNDA,,nombre_compatible_unico_en_oa,BLANCO NATALIA MIRIAM,2018|2019|2020|2021|2022|2023|2024,7,2018,2024,,El orden oficial Apellido y Nombre se preserva. El cruce OA exige coincidencia nominal exacta para evitar dividir apellidos compuestos por inferencia.
prov-ba-dip-bondarenko-maximiliano-ivan,Bondarenko Maximiliano Iván,Provincial,Legislativo,Legislaturas provinciales,Diputado/a provincial,Buenos Aires,LA LIBERTAD AVANZA,2025,2029,activo_al_2026-09-01,https://www.hcdiputados-ba.gov.ar/index.php?page=diputados&search=seccionBloques,sources/subnational_roster/buenos_aires_diputados_vigentes_2026-09-01.html,Régimen provincial · ruta documental por relevar,ruta_provincial_por_relevar,Distrito FLORENCIO VARELA · sección TERCERA,,sin_nombre_compatible_oa_2017_2024,,,0,,,,El orden oficial Apellido y Nombre se preserva. El cruce OA exige coincidencia nominal exacta para evitar dividir apellidos compuestos por inferencia.
prov-ba-dip-bontempo-leticia-ines,Bontempo Leticia Inés,Provincial,Legislativo,Legislaturas provinciales,Diputado/a provincial,Buenos Aires,PRO,2025,2029,activo_al_2026-09-01,https://www.hcdiputados-ba.gov.ar/index.php?page=diputados&search=seccionBloques,sources/subnational_roster/buenos_aires_diputados_vigentes_2026-09-01.html,Régimen provincial · ruta documental por relevar,ruta_provincial_por_relevar,Distrito ALMIRANTE BROWN · sección TERCERA,,nombre_compatible_unico_en_oa,BONTEMPO LETICIA INES,2017|2018|2020,3,2017,2020,,El orden oficial Apellido y Nombre se preserva. El cruce OA exige coincidencia nominal exacta para evitar dividir apellidos compuestos por inferencia.
prov-ba-dip-braga-romina-natali,Braga Romina Natalí,Provincial,Legislativo,Legislaturas provinciales,Diputado/a provincial,Buenos Aires,COALICION CIVICA,2023,2027,activo_al_2026-09-01,https://www.hcdiputados-ba.gov.ar/index.php?page=diputados&search=seccionBloques,sources/subnational_roster/buenos_aires_diputados_vigentes_2026-09-01.html,Régimen provincial · ruta documental por relevar,ruta_provincial_por_relevar,Distrito tandil · sección QUINTA,,sin_nombre_compatible_oa_2017_2024,,,0,,,,El orden oficial Apellido y Nombre se preserva. El cruce OA exige coincidencia nominal exacta para evitar dividir apellidos compuestos por inferencia.
prov-ba-dip-bugallo-di-prinzio-luciano-david,Bugallo Di Prinzio Luciano David,Provincial,Legislativo,Legislaturas provinciales,Diputado/a provincial,Buenos Aires,COALICION CIVICA,2023,2027,activo_al_2026-09-01,https://www.hcdiputados-ba.gov.ar/index.php?page=diputados&search=seccionBloques,sources/subnational_roster/buenos_aires_diputados_vigentes_2026-09-01.html,Régimen provincial · ruta documental por relevar,ruta_provincial_por_relevar,Distrito GRAL. ARENALES · sección CUARTA,,sin_nombre_compatible_oa_2017_2024,,,0,,,,El orden oficial Apellido y Nombre se preserva. El cruce OA exige coincidencia nominal exacta para evitar dividir apellidos compuestos por inferencia.
prov-ba-dip-bustos-maria-paula,Bustos María Paula,Provincial,Legislativo,Legislaturas provinciales,Diputado/a provincial,Buenos Aires,PRO,2025,2029,activo_al_2026-09-01,https://www.hcdiputados-ba.gov.ar/index.php?page=diputados&search=seccionBloques,sources/subnational_roster/buenos_aires_diputados_vigentes_2026-09-01.html,Régimen provincial · ruta documental por relevar,ruta_provincial_por_relevar,Distrito PERGAMINO · sección SEGUNDA,,sin_nombre_compatible_oa_2017_2024,,,0,,,,El orden oficial Apellido y Nombre se preserva. El cruce OA exige coincidencia nominal exacta para evitar dividir apellidos compuestos por inferencia.
prov-ba-dip-calvella-geraldine,Calvella Geraldine,Provincial,Legislativo,Legislaturas provinciales,Diputado/a provincial,Buenos Aires,LA LIBERTAD AVANZA,2023,2027,activo_al_2026-09-01,https://www.hcdiputados-ba.gov.ar/index.php?page=diputados&search=seccionBloques,sources/subnational_roster/buenos_aires_diputados_vigentes_2026-09-01.html,Régimen provincial · ruta documental por relevar,ruta_provincial_por_relevar,Distrito  · sección QUINTA,,sin_nombre_compatible_oa_2017_2024,,,0,,,,El orden oficial Apellido y Nombre se preserva. El cruce OA exige coincidencia nominal exacta para evitar dividir apellidos compuestos por inferencia.
prov-ba-dip-carrizo-jazmin-ailen,Carrizo Jazmín Ailén,Provincial,Legislativo,Legislaturas provinciales,Diputado/a provincial,Buenos Aires,LA LIBERTAD AVANZA,2023,2027,activo_al_2026-09-01,https://www.hcdiputados-ba.gov.ar/index.php?page=diputados&search=seccionBloques,sources/subnational_roster/buenos_aires_diputados_vigentes_2026-09-01.html,Régimen provincial · ruta documental por relevar,ruta_provincial_por_relevar,Distrito  · sección PRIMERA,,sin_nombre_compatible_oa_2017_2024,,,0,,,,El orden oficial Apellido y Nombre se preserva. El cruce OA exige coincidencia nominal exacta para evitar dividir apellidos compuestos por inferencia.
prov-ba-dip-cascallares-mariano,Cascallares Mariano,Provincial,Legislativo,Legislaturas provinciales,Diputado/a provincial,Buenos Aires,UNIÓN POR LA PATRIA,2025,2029,activo_al_2026-09-01,https://www.hcdiputados-ba.gov.ar/index.php?page=diputados&search=seccionBloques,sources/subnational_roster/buenos_aires_diputados_vigentes_2026-09-01.html,Régimen provincial · ruta documental por relevar,ruta_provincial_por_relevar,Distrito ALMIRANTE BROWN · sección TERCERA,,sin_nombre_compatible_oa_2017_2024,,,0,,,,El orden oficial Apellido y Nombre se preserva. El cruce OA exige coincidencia nominal exacta para evitar dividir apellidos compuestos por inferencia.
prov-ba-dip-castillo-christian-presidente-de-bloque,Castillo Christian Presidente De Bloque,Provincial,Legislativo,Legislaturas provinciales,Diputado/a provincial,Buenos Aires,PTS - FIT,2025,2029,activo_al_2026-09-01,https://www.hcdiputados-ba.gov.ar/index.php?page=diputados&search=seccionBloques,sources/subnational_roster/buenos_aires_diputados_vigentes_2026-09-01.html,Régimen provincial · ruta documental por relevar,ruta_provincial_por_relevar,Distrito BERISSO · sección TERCERA,,sin_nombre_compatible_oa_2017_2024,,,0,,,,El orden oficial Apellido y Nombre se preserva. El cruce OA exige coincidencia nominal exacta para evitar dividir apellidos compuestos por inferencia.
prov-ba-dip-civale-matias-raul,Civale Matías Raúl,Provincial,Legislativo,Legislaturas provinciales,Diputado/a provincial,Buenos Aires,UCR + CAMBIO FEDERAL,2023,2027,activo_al_2026-09-01,https://www.hcdiputados-ba.gov.ar/index.php?page=diputados&search=seccionBloques,sources/subnational_roster/buenos_aires_diputados_vigentes_2026-09-01.html,Régimen provincial · ruta documental por relevar,ruta_provincial_por_relevar,Distrito TANDIL · sección QUINTA,,sin_nombre_compatible_oa_2017_2024,,,0,,,,El orden oficial Apellido y Nombre se preserva. El cruce OA exige coincidencia nominal exacta para evitar dividir apellidos compuestos por inferencia.
prov-ba-dip-coitinho-maria-fernanda,Coitinho Maria Fernanda,Provincial,Legislativo,Legislaturas provinciales,Diputado/a provincial,Buenos Aires,LA LIBERTAD AVANZA,2025,2029,activo_al_2026-09-01,https://www.hcdiputados-ba.gov.ar/index.php?page=diputados&search=seccionBloques,sources/subnational_roster/buenos_aires_diputados_vigentes_2026-09-01.html,Régimen provincial · ruta documental por relevar,ruta_provincial_por_relevar,Distrito  · sección PRIMERA,,nombre_compatible_unico_en_oa,COITINHO MARIA FERNANDA,2024,1,2024,2024,,El orden oficial Apellido y Nombre se preserva. El cruce OA exige coincidencia nominal exacta para evitar dividir apellidos compuestos por inferencia.
prov-ba-dip-colugnatti-oriana,Colugnatti Oriana,Provincial,Legislativo,Legislaturas provinciales,Diputado/a provincial,Buenos Aires,LA LIBERTAD AVANZA,2023,2027,activo_al_2026-09-01,https://www.hcdiputados-ba.gov.ar/index.php?page=diputados&search=seccionBloques,sources/subnational_roster/buenos_aires_diputados_vigentes_2026-09-01.html,Régimen provincial · ruta documental por relevar,ruta_provincial_por_relevar,Distrito TRES DE FEBRERO · sección PRIMERA,,sin_nombre_compatible_oa_2017_2024,,,0,,,,El orden oficial Apellido y Nombre se preserva. El cruce OA exige coincidencia nominal exacta para evitar dividir apellidos compuestos por inferencia.
prov-ba-dip-corvino-analia-ester,Corvino Analía Ester,Provincial,Legislativo,Legislaturas provinciales,Diputado/a provincial,Buenos Aires,LA LIBERTAD AVANZA,2025,2029,activo_al_2026-09-01,https://www.hcdiputados-ba.gov.ar/index.php?page=diputados&search=seccionBloques,sources/subnational_roster/buenos_aires_diputados_vigentes_2026-09-01.html,Régimen provincial · ruta documental por relevar,ruta_provincial_por_relevar,Distrito SAN PEDRO · sección SEGUNDA,,nombre_compatible_unico_en_oa,CORVINO ANALIA ESTER,2024,1,2024,2024,,El orden oficial Apellido y Nombre se preserva. El cruce OA exige coincidencia nominal exacta para evitar dividir apellidos compuestos por inferencia.
prov-ba-dip-cuervo-gustavo-sergio-presidente-de-bloque,Cuervo Gustavo Sergio Presidente De Bloque,Provincial,Legislativo,Legislaturas provinciales,Diputado/a provincial,Buenos Aires,NUEVOS AIRES,2023,2027,activo_al_2026-09-01,https://www.hcdiputados-ba.gov.ar/index.php?page=diputados&search=seccionBloques,sources/subnational_roster/buenos_aires_diputados_vigentes_2026-09-01.html,Régimen provincial · ruta documental por relevar,ruta_provincial_por_relevar,Distrito Luján · sección CUARTA,,sin_nombre_compatible_oa_2017_2024,,,0,,,,El orden oficial Apellido y Nombre se preserva. El cruce OA exige coincidencia nominal exacta para evitar dividir apellidos compuestos por inferencia.
prov-ba-dip-de-jesus-juan-pablo,De Jesus Juan Pablo,Provincial,Legislativo,Legislaturas provinciales,Diputado/a provincial,Buenos Aires,UNIÓN POR LA PATRIA,2023,2027,activo_al_2026-09-01,https://www.hcdiputados-ba.gov.ar/index.php?page=diputados&search=seccionBloques,sources/subnational_roster/buenos_aires_diputados_vigentes_2026-09-01.html,Régimen provincial · ruta documental por relevar,ruta_provincial_por_relevar,Distrito LA COSTA · sección QUINTA,,sin_nombre_compatible_oa_2017_2024,,,0,,,,El orden oficial Apellido y Nombre se preserva. El cruce OA exige coincidencia nominal exacta para evitar dividir apellidos compuestos por inferencia.
prov-ba-dip-de-leo-jose-andres-presidente-de-bloque,De Leo José Andrés Presidente De Bloque,Provincial,Legislativo,Legislaturas provinciales,Diputado/a provincial,Buenos Aires,COALICION CIVICA,2025,2029,activo_al_2026-09-01,https://www.hcdiputados-ba.gov.ar/index.php?page=diputados&search=seccionBloques,sources/subnational_roster/buenos_aires_diputados_vigentes_2026-09-01.html,Régimen provincial · ruta documental por relevar,ruta_provincial_por_relevar,Distrito BAHIA BLANCA · sección SEXTA,,sin_nombre_compatible_oa_2017_2024,,,0,,,,El orden oficial Apellido y Nombre se preserva. El cruce OA exige coincidencia nominal exacta para evitar dividir apellidos compuestos por inferencia.
prov-ba-dip-di-cesare-german,Di Cesare German,Provincial,Legislativo,Legislaturas provinciales,Diputado/a provincial,Buenos Aires,UNIÓN POR LA PATRIA,2023,2027,activo_al_2026-09-01,https://www.hcdiputados-ba.gov.ar/index.php?page=diputados&search=seccionBloques,sources/subnational_roster/buenos_aires_diputados_vigentes_2026-09-01.html,Régimen provincial · ruta documental por relevar,ruta_provincial_por_relevar,Distrito GRAL. ALVARADO · sección CUARTA,,sin_nombre_compatible_oa_2017_2024,,,0,,,,El orden oficial Apellido y Nombre se preserva. El cruce OA exige coincidencia nominal exacta para evitar dividir apellidos compuestos por inferencia.
prov-ba-dip-dichiara-enrique-alejandro,Dichiara Enrique Alejandro,Provincial,Legislativo,Legislaturas provinciales,Diputado/a provincial,Buenos Aires,UNIÓN POR LA PATRIA,2025,2029,activo_al_2026-09-01,https://www.hcdiputados-ba.gov.ar/index.php?page=diputados&search=seccionBloques,sources/subnational_roster/buenos_aires_diputados_vigentes_2026-09-01.html,Régimen provincial · ruta documental por relevar,ruta_provincial_por_relevar,Distrito MONTE HERMOSO · sección SEXTA,,sin_nombre_compatible_oa_2017_2024,,,0,,,,El orden oficial Apellido y Nombre se preserva. El cruce OA exige coincidencia nominal exacta para evitar dividir apellidos compuestos por inferencia.
prov-ba-dip-endere-martin-julian,Endere Martín Julián,Provincial,Legislativo,Legislaturas provinciales,Diputado/a provincial,Buenos Aires,PRO,2023,2027,activo_al_2026-09-01,https://www.hcdiputados-ba.gov.ar/index.php?page=diputados&search=seccionBloques,sources/subnational_roster/buenos_aires_diputados_vigentes_2026-09-01.html,Régimen provincial · ruta documental por relevar,ruta_provincial_por_relevar,Distrito OLAVARRÍA · sección SEPTIMA,,nombre_compatible_unico_en_oa,ENDERE MARTIN JULIAN,2017,1,2017,2017,,El orden oficial Apellido y Nombre se preserva. El cruce OA exige coincidencia nominal exacta para evitar dividir apellidos compuestos por inferencia.
prov-ba-dip-eslaiman-hector-ruben,Eslaiman Hector Ruben,Provincial,Legislativo,Legislaturas provinciales,Diputado/a provincial,Buenos Aires,UNIÓN POR LA PATRIA,2023,2027,activo_al_2026-09-01,https://www.hcdiputados-ba.gov.ar/index.php?page=diputados&search=seccionBloques,sources/subnational_roster/buenos_aires_diputados_vigentes_2026-09-01.html,Régimen provincial · ruta documental por relevar,ruta_provincial_por_relevar,Distrito SAN MARTIN · sección PRIMERA,,sin_nombre_compatible_oa_2017_2024,,,0,,,,El orden oficial Apellido y Nombre se preserva. El cruce OA exige coincidencia nominal exacta para evitar dividir apellidos compuestos por inferencia.
prov-ba-dip-esper-zamar-juan-jose-presidente-de-bloque,Esper Zamar Juan José Presidente De Bloque,Provincial,Legislativo,Legislaturas provinciales,Diputado/a provincial,Buenos Aires,DERECHA POPULAR,2023,2027,activo_al_2026-09-01,https://www.hcdiputados-ba.gov.ar/index.php?page=diputados&search=seccionBloques,sources/subnational_roster/buenos_aires_diputados_vigentes_2026-09-01.html,Régimen provincial · ruta documental por relevar,ruta_provincial_por_relevar,Distrito SAN MIGUEL · sección PRIMERA,,sin_nombre_compatible_oa_2017_2024,,,0,,,,El orden oficial Apellido y Nombre se preserva. El cruce OA exige coincidencia nominal exacta para evitar dividir apellidos compuestos por inferencia.
prov-ba-dip-fernandez-maria-laura,Fernández Maria Laura,Provincial,Legislativo,Legislaturas provinciales,Diputado/a provincial,Buenos Aires,UNIÓN Y LIBERTAD,2023,2027,activo_al_2026-09-01,https://www.hcdiputados-ba.gov.ar/index.php?page=diputados&search=seccionBloques,sources/subnational_roster/buenos_aires_diputados_vigentes_2026-09-01.html,Régimen provincial · ruta documental por relevar,ruta_provincial_por_relevar,Distrito Tigre · sección SEPTIMA,,nombre_compatible_unico_en_oa,FERNANDEZ MARIA LAURA,2017|2018|2019|2020|2021|2022|2023|2024,8,2017,2024,,El orden oficial Apellido y Nombre se preserva. El cruce OA exige coincidencia nominal exacta para evitar dividir apellidos compuestos por inferencia.
prov-ba-dip-flores-yanz-evelyn-marlen,Flores Yanz Evelyn Marlen,Provincial,Legislativo,Legislaturas provinciales,Diputado/a provincial,Buenos Aires,UNIÓN POR LA PATRIA,2025,2029,activo_al_2026-09-01,https://www.hcdiputados-ba.gov.ar/index.php?page=diputados&search=seccionBloques,sources/subnational_roster/buenos_aires_diputados_vigentes_2026-09-01.html,Régimen provincial · ruta documental por relevar,ruta_provincial_por_relevar,Distrito SAN NICOLAS · sección SEGUNDA,,sin_nombre_compatible_oa_2017_2024,,,0,,,,El orden oficial Apellido y Nombre se preserva. El cruce OA exige coincidencia nominal exacta para evitar dividir apellidos compuestos por inferencia.
prov-ba-dip-forchieri-agustin,Forchieri Agustín,Provincial,Legislativo,Legislaturas provinciales,Diputado/a provincial,Buenos Aires,PRO,2023,2027,activo_al_2026-09-01,https://www.hcdiputados-ba.gov.ar/index.php?page=diputados&search=seccionBloques,sources/subnational_roster/buenos_aires_diputados_vigentes_2026-09-01.html,Régimen provincial · ruta documental por relevar,ruta_provincial_por_relevar,Distrito PILAR · sección PRIMERA,,sin_nombre_compatible_oa_2017_2024,,,0,,,,El orden oficial Apellido y Nombre se preserva. El cruce OA exige coincidencia nominal exacta para evitar dividir apellidos compuestos por inferencia.
prov-ba-dip-galvan-jose-renaldo,Galván José Renaldo,Provincial,Legislativo,Legislaturas provinciales,Diputado/a provincial,Buenos Aires,UNIÓN POR LA PATRIA,2025,2029,activo_al_2026-09-01,https://www.hcdiputados-ba.gov.ar/index.php?page=diputados&search=seccionBloques,sources/subnational_roster/buenos_aires_diputados_vigentes_2026-09-01.html,Régimen provincial · ruta documental por relevar,ruta_provincial_por_relevar,Distrito LA MATANZA · sección TERCERA,,sin_nombre_compatible_oa_2017_2024,,,0,,,,El orden oficial Apellido y Nombre se preserva. El cruce OA exige coincidencia nominal exacta para evitar dividir apellidos compuestos por inferencia.
prov-ba-dip-garciarena-diego-raul-presidente-de-bloque,Garciarena Diego Raúl Presidente De Bloque,Provincial,Legislativo,Legislaturas provinciales,Diputado/a provincial,Buenos Aires,UCR + CAMBIO FEDERAL,2023,2027,activo_al_2026-09-01,https://www.hcdiputados-ba.gov.ar/index.php?page=diputados&search=seccionBloques,sources/subnational_roster/buenos_aires_diputados_vigentes_2026-09-01.html,Régimen provincial · ruta documental por relevar,ruta_provincial_por_relevar,Distrito GRAL. PUEYRREDÓN · sección QUINTA,,sin_nombre_compatible_oa_2017_2024,,,0,,,,El orden oficial Apellido y Nombre se preserva. El cruce OA exige coincidencia nominal exacta para evitar dividir apellidos compuestos por inferencia.
prov-ba-dip-gay-hector-norberto,Gay Hector Norberto,Provincial,Legislativo,Legislaturas provinciales,Diputado/a provincial,Buenos Aires,LA LIBERTAD AVANZA,2025,2029,activo_al_2026-09-01,https://www.hcdiputados-ba.gov.ar/index.php?page=diputados&search=seccionBloques,sources/subnational_roster/buenos_aires_diputados_vigentes_2026-09-01.html,Régimen provincial · ruta documental por relevar,ruta_provincial_por_relevar,Distrito BAHIA BLANCA · sección SEXTA,,nombre_compatible_unico_en_oa,GAY HECTOR NORBERTO,2017|2018|2019|2020|2021|2022|2023,7,2017,2023,,El orden oficial Apellido y Nombre se preserva. El cruce OA exige coincidencia nominal exacta para evitar dividir apellidos compuestos por inferencia.
prov-ba-dip-guerrera-alexis,Guerrera Alexis,Provincial,Legislativo,Legislaturas provinciales,Diputado/a provincial,Buenos Aires,UNIÓN POR LA PATRIA,2023,2027,activo_al_2026-09-01,https://www.hcdiputados-ba.gov.ar/index.php?page=diputados&search=seccionBloques,sources/subnational_roster/buenos_aires_diputados_vigentes_2026-09-01.html,Régimen provincial · ruta documental por relevar,ruta_provincial_por_relevar,Distrito GRAL. PINTO · sección CUARTA,,sin_nombre_compatible_oa_2017_2024,,,0,,,,El orden oficial Apellido y Nombre se preserva. El cruce OA exige coincidencia nominal exacta para evitar dividir apellidos compuestos por inferencia.
prov-ba-dip-guzzo-viviana-raquel,Guzzo Viviana Raquel,Provincial,Legislativo,Legislaturas provinciales,Diputado/a provincial,Buenos Aires,UNIÓN POR LA PATRIA,2023,2027,activo_al_2026-09-01,https://www.hcdiputados-ba.gov.ar/index.php?page=diputados&search=seccionBloques,sources/subnational_roster/buenos_aires_diputados_vigentes_2026-09-01.html,Régimen provincial · ruta documental por relevar,ruta_provincial_por_relevar,Distrito GENERAL VIAMONTE · sección CUARTA,,sin_nombre_compatible_oa_2017_2024,,,0,,,,El orden oficial Apellido y Nombre se preserva. El cruce OA exige coincidencia nominal exacta para evitar dividir apellidos compuestos por inferencia.
prov-ba-dip-ianez-lucia,Iañez Lucía,Provincial,Legislativo,Legislaturas provinciales,Diputado/a provincial,Buenos Aires,UNIÓN POR LA PATRIA,2025,2029,activo_al_2026-09-01,https://www.hcdiputados-ba.gov.ar/index.php?page=diputados&search=seccionBloques,sources/subnational_roster/buenos_aires_diputados_vigentes_2026-09-01.html,Régimen provincial · ruta documental por relevar,ruta_provincial_por_relevar,Distrito LA PLATA · sección OCTAVA,,sin_nombre_compatible_oa_2017_2024,,,0,,,,El orden oficial Apellido y Nombre se preserva. El cruce OA exige coincidencia nominal exacta para evitar dividir apellidos compuestos por inferencia.
prov-ba-dip-jalil-toledo-maria-salome,Jalil Toledo María Salomé,Provincial,Legislativo,Legislaturas provinciales,Diputado/a provincial,Buenos Aires,UNIÓN Y LIBERTAD,2023,2027,activo_al_2026-09-01,https://www.hcdiputados-ba.gov.ar/index.php?page=diputados&search=seccionBloques,sources/subnational_roster/buenos_aires_diputados_vigentes_2026-09-01.html,Régimen provincial · ruta documental por relevar,ruta_provincial_por_relevar,Distrito  · sección PRIMERA,,sin_nombre_compatible_oa_2017_2024,,,0,,,,El orden oficial Apellido y Nombre se preserva. El cruce OA exige coincidencia nominal exacta para evitar dividir apellidos compuestos por inferencia.
prov-ba-dip-landivar-maria-mercedes,Landivar María Mercedes,Provincial,Legislativo,Legislaturas provinciales,Diputado/a provincial,Buenos Aires,UNIÓN POR LA PATRIA,2023,2027,activo_al_2026-09-01,https://www.hcdiputados-ba.gov.ar/index.php?page=diputados&search=seccionBloques,sources/subnational_roster/buenos_aires_diputados_vigentes_2026-09-01.html,Régimen provincial · ruta documental por relevar,ruta_provincial_por_relevar,Distrito olavarria · sección SEPTIMA,,sin_nombre_compatible_oa_2017_2024,,,0,,,,El orden oficial Apellido y Nombre se preserva. El cruce OA exige coincidencia nominal exacta para evitar dividir apellidos compuestos por inferencia.
prov-ba-dip-liberman-oscar-eduardo,Liberman Oscar Eduardo,Provincial,Legislativo,Legislaturas provinciales,Diputado/a provincial,Buenos Aires,LA LIBERTAD AVANZA,2025,2029,activo_al_2026-09-01,https://www.hcdiputados-ba.gov.ar/index.php?page=diputados&search=seccionBloques,sources/subnational_roster/buenos_aires_diputados_vigentes_2026-09-01.html,Régimen provincial · ruta documental por relevar,ruta_provincial_por_relevar,Distrito BAHIA BLANCA · sección SEXTA,,sin_nombre_compatible_oa_2017_2024,,,0,,,,El orden oficial Apellido y Nombre se preserva. El cruce OA exige coincidencia nominal exacta para evitar dividir apellidos compuestos por inferencia.
prov-ba-dip-limone-maria-eva,Limone María Eva,Provincial,Legislativo,Legislaturas provinciales,Diputado/a provincial,Buenos Aires,UNIÓN POR LA PATRIA,2025,2029,activo_al_2026-09-01,https://www.hcdiputados-ba.gov.ar/index.php?page=diputados&search=seccionBloques,sources/subnational_roster/buenos_aires_diputados_vigentes_2026-09-01.html,Régimen provincial · ruta documental por relevar,ruta_provincial_por_relevar,Distrito LOMAS DE ZAMORA · sección TERCERA,,sin_nombre_compatible_oa_2017_2024,,,0,,,,El orden oficial Apellido y Nombre se preserva. El cruce OA exige coincidencia nominal exacta para evitar dividir apellidos compuestos por inferencia.
prov-ba-dip-lissalde-ricardo,Lissalde Ricardo,Provincial,Legislativo,Legislaturas provinciales,Diputado/a provincial,Buenos Aires,UNIÓN POR LA PATRIA,2023,2027,activo_al_2026-09-01,https://www.hcdiputados-ba.gov.ar/index.php?page=diputados&search=seccionBloques,sources/subnational_roster/buenos_aires_diputados_vigentes_2026-09-01.html,Régimen provincial · ruta documental por relevar,ruta_provincial_por_relevar,Distrito SALADILLO · sección SEPTIMA,,nombre_compatible_unico_en_oa,LISSALDE RICARDO,2020,1,2020,2020,,El orden oficial Apellido y Nombre se preserva. El cruce OA exige coincidencia nominal exacta para evitar dividir apellidos compuestos por inferencia.
prov-ba-dip-lorden-maria-alejandra-presidente-de-bloque,Lorden Maria Alejandra Presidente De Bloque,Provincial,Legislativo,Legislaturas provinciales,Diputado/a provincial,Buenos Aires,UCR - UNIÓN CÍVICA RADICAL,2023,2027,activo_al_2026-09-01,https://www.hcdiputados-ba.gov.ar/index.php?page=diputados&search=seccionBloques,sources/subnational_roster/buenos_aires_diputados_vigentes_2026-09-01.html,Régimen provincial · ruta documental por relevar,ruta_provincial_por_relevar,Distrito SALADILLO · sección SEPTIMA,,sin_nombre_compatible_oa_2017_2024,,,0,,,,El orden oficial Apellido y Nombre se preserva. El cruce OA exige coincidencia nominal exacta para evitar dividir apellidos compuestos por inferencia.
prov-ba-dip-luayza-troncozo-carlos-fabian,Luayza Troncozo Carlos Fabián,Provincial,Legislativo,Legislaturas provinciales,Diputado/a provincial,Buenos Aires,NUEVOS AIRES,2023,2027,activo_al_2026-09-01,https://www.hcdiputados-ba.gov.ar/index.php?page=diputados&search=seccionBloques,sources/subnational_roster/buenos_aires_diputados_vigentes_2026-09-01.html,Régimen provincial · ruta documental por relevar,ruta_provincial_por_relevar,Distrito  · sección PRIMERA,,sin_nombre_compatible_oa_2017_2024,,,0,,,,El orden oficial Apellido y Nombre se preserva. El cruce OA exige coincidencia nominal exacta para evitar dividir apellidos compuestos por inferencia.
prov-ba-dip-malpeli-juan-martin,Malpeli Juan Martín,Provincial,Legislativo,Legislaturas provinciales,Diputado/a provincial,Buenos Aires,UNIÓN POR LA PATRIA,2025,2029,activo_al_2026-09-01,https://www.hcdiputados-ba.gov.ar/index.php?page=diputados&search=seccionBloques,sources/subnational_roster/buenos_aires_diputados_vigentes_2026-09-01.html,Régimen provincial · ruta documental por relevar,ruta_provincial_por_relevar,Distrito LA PLATA · sección OCTAVA,,nombre_compatible_unico_en_oa,MALPELI JUAN MARTIN,2019|2020|2021|2022,4,2019,2022,,El orden oficial Apellido y Nombre se preserva. El cruce OA exige coincidencia nominal exacta para evitar dividir apellidos compuestos por inferencia.
prov-ba-dip-mateucci-ignacio-fernando,Mateucci Ignacio Fernando,Provincial,Legislativo,Legislaturas provinciales,Diputado/a provincial,Buenos Aires,ESPACIO ABIERTO - HECHOS,2025,2029,activo_al_2026-09-01,https://www.hcdiputados-ba.gov.ar/index.php?page=diputados&search=seccionBloques,sources/subnational_roster/buenos_aires_diputados_vigentes_2026-09-01.html,Régimen provincial · ruta documental por relevar,ruta_provincial_por_relevar,Distrito SAN NICOLAS · sección SEGUNDA,,sin_nombre_compatible_oa_2017_2024,,,0,,,,El orden oficial Apellido y Nombre se preserva. El cruce OA exige coincidencia nominal exacta para evitar dividir apellidos compuestos por inferencia.
prov-ba-dip-mendoza-mayra-soledad,Mendoza Mayra Soledad,Provincial,Legislativo,Legislaturas provinciales,Diputado/a provincial,Buenos Aires,UNIÓN POR LA PATRIA,2025,2029,activo_al_2026-09-01,https://www.hcdiputados-ba.gov.ar/index.php?page=diputados&search=seccionBloques,sources/subnational_roster/buenos_aires_diputados_vigentes_2026-09-01.html,Régimen provincial · ruta documental por relevar,ruta_provincial_por_relevar,Distrito QUILMES · sección TERCERA,,nombre_compatible_unico_en_oa,MENDOZA MAYRA SOLEDAD,2017|2018,2,2017,2018,,El orden oficial Apellido y Nombre se preserva. El cruce OA exige coincidencia nominal exacta para evitar dividir apellidos compuestos por inferencia.
prov-ba-dip-minnaard-priscila,Minnaard Priscila,Provincial,Legislativo,Legislaturas provinciales,Diputado/a provincial,Buenos Aires,UCR - UNIÓN CÍVICA RADICAL,2025,2029,activo_al_2026-09-01,https://www.hcdiputados-ba.gov.ar/index.php?page=diputados&search=seccionBloques,sources/subnational_roster/buenos_aires_diputados_vigentes_2026-09-01.html,Régimen provincial · ruta documental por relevar,ruta_provincial_por_relevar,Distrito CORONEL DORREGO · sección SEXTA,,sin_nombre_compatible_oa_2017_2024,,,0,,,,El orden oficial Apellido y Nombre se preserva. El cruce OA exige coincidencia nominal exacta para evitar dividir apellidos compuestos por inferencia.
prov-ba-dip-miranda-valentin,Miranda Valentin,Provincial,Legislativo,Legislaturas provinciales,Diputado/a provincial,Buenos Aires,UCR - UNIÓN CÍVICA RADICAL,2023,2027,activo_al_2026-09-01,https://www.hcdiputados-ba.gov.ar/index.php?page=diputados&search=seccionBloques,sources/subnational_roster/buenos_aires_diputados_vigentes_2026-09-01.html,Régimen provincial · ruta documental por relevar,ruta_provincial_por_relevar,Distrito TRENQUE LAUQUEN · sección CUARTA,,nombre_compatible_unico_en_oa,MIRANDA VALENTIN,2020,1,2020,2020,,El orden oficial Apellido y Nombre se preserva. El cruce OA exige coincidencia nominal exacta para evitar dividir apellidos compuestos por inferencia.
prov-ba-dip-moreno-leonardo-jose,Moreno Leonardo José,Provincial,Legislativo,Legislaturas provinciales,Diputado/a provincial,Buenos Aires,UNIÓN POR LA PATRIA,2023,2027,activo_al_2026-09-01,https://www.hcdiputados-ba.gov.ar/index.php?page=diputados&search=seccionBloques,sources/subnational_roster/buenos_aires_diputados_vigentes_2026-09-01.html,Régimen provincial · ruta documental por relevar,ruta_provincial_por_relevar,Distrito escobar · sección PRIMERA,,nombre_compatible_unico_en_oa,MORENO LEONARDO JOSE,2020|2021|2022,3,2020,2022,,El orden oficial Apellido y Nombre se preserva. El cruce OA exige coincidencia nominal exacta para evitar dividir apellidos compuestos por inferencia.
prov-ba-dip-morillo-pablo-ezequiel,Morillo Pablo Ezequiel,Provincial,Legislativo,Legislaturas provinciales,Diputado/a provincial,Buenos Aires,LA LIBERTAD AVANZA,2025,2029,activo_al_2026-09-01,https://www.hcdiputados-ba.gov.ar/index.php?page=diputados&search=seccionBloques,sources/subnational_roster/buenos_aires_diputados_vigentes_2026-09-01.html,Régimen provincial · ruta documental por relevar,ruta_provincial_por_relevar,Distrito CAPITAN SARMIENTO · sección SEGUNDA,,nombre_compatible_unico_en_oa,MORILLO PABLO EZEQUIEL,2024,1,2024,2024,,El orden oficial Apellido y Nombre se preserva. El cruce OA exige coincidencia nominal exacta para evitar dividir apellidos compuestos por inferencia.
prov-ba-dip-nanni-diego-eduardo,Nanni Diego Eduardo,Provincial,Legislativo,Legislaturas provinciales,Diputado/a provincial,Buenos Aires,UNIÓN POR LA PATRIA,2025,2029,activo_al_2026-09-01,https://www.hcdiputados-ba.gov.ar/index.php?page=diputados&search=seccionBloques,sources/subnational_roster/buenos_aires_diputados_vigentes_2026-09-01.html,Régimen provincial · ruta documental por relevar,ruta_provincial_por_relevar,Distrito EXALTAC. DE LA CRUZ · sección SEGUNDA,,sin_nombre_compatible_oa_2017_2024,,,0,,,,El orden oficial Apellido y Nombre se preserva. El cruce OA exige coincidencia nominal exacta para evitar dividir apellidos compuestos por inferencia.
prov-ba-dip-nardini-maria-silvina,Nardini Maria Silvina,Provincial,Legislativo,Legislaturas provinciales,Diputado/a provincial,Buenos Aires,UNIÓN POR LA PATRIA,2025,2029,activo_al_2026-09-01,https://www.hcdiputados-ba.gov.ar/index.php?page=diputados&search=seccionBloques,sources/subnational_roster/buenos_aires_diputados_vigentes_2026-09-01.html,Régimen provincial · ruta documental por relevar,ruta_provincial_por_relevar,Distrito  · sección TERCERA,,sin_nombre_compatible_oa_2017_2024,,,0,,,,El orden oficial Apellido y Nombre se preserva. El cruce OA exige coincidencia nominal exacta para evitar dividir apellidos compuestos por inferencia.
prov-ba-dip-olivetto-micaela-edith,Olivetto Micaela Edith,Provincial,Legislativo,Legislaturas provinciales,Diputado/a provincial,Buenos Aires,UNIÓN POR LA PATRIA,2023,2027,activo_al_2026-09-01,https://www.hcdiputados-ba.gov.ar/index.php?page=diputados&search=seccionBloques,sources/subnational_roster/buenos_aires_diputados_vigentes_2026-09-01.html,Régimen provincial · ruta documental por relevar,ruta_provincial_por_relevar,Distrito CHACABUCO · sección CUARTA,,sin_nombre_compatible_oa_2017_2024,,,0,,,,El orden oficial Apellido y Nombre se preserva. El cruce OA exige coincidencia nominal exacta para evitar dividir apellidos compuestos por inferencia.
prov-ba-dip-ontiveros-alberto-luis,Ontiveros Alberto Luis,Provincial,Legislativo,Legislaturas provinciales,Diputado/a provincial,Buenos Aires,LA LIBERTAD AVANZA,2025,2029,activo_al_2026-09-01,https://www.hcdiputados-ba.gov.ar/index.php?page=diputados&search=seccionBloques,sources/subnational_roster/buenos_aires_diputados_vigentes_2026-09-01.html,Régimen provincial · ruta documental por relevar,ruta_provincial_por_relevar,Distrito LA MATANZA · sección TERCERA,,sin_nombre_compatible_oa_2017_2024,,,0,,,,El orden oficial Apellido y Nombre se preserva. El cruce OA exige coincidencia nominal exacta para evitar dividir apellidos compuestos por inferencia.
prov-ba-dip-osaba-juan-esteban,Osaba Juan Esteban,Provincial,Legislativo,Legislaturas provinciales,Diputado/a provincial,Buenos Aires,LA LIBERTAD AVANZA,2025,2029,activo_al_2026-09-01,https://www.hcdiputados-ba.gov.ar/index.php?page=diputados&search=seccionBloques,sources/subnational_roster/buenos_aires_diputados_vigentes_2026-09-01.html,Régimen provincial · ruta documental por relevar,ruta_provincial_por_relevar,Distrito LA PLATA · sección OCTAVA,,nombre_compatible_unico_en_oa,OSABA JUAN ESTEBAN,2024,1,2024,2024,,El orden oficial Apellido y Nombre se preserva. El cruce OA exige coincidencia nominal exacta para evitar dividir apellidos compuestos por inferencia.
prov-ba-dip-padulo-luciana,Padulo Luciana,Provincial,Legislativo,Legislaturas provinciales,Diputado/a provincial,Buenos Aires,UNIÓN POR LA PATRIA,2023,2027,activo_al_2026-09-01,https://www.hcdiputados-ba.gov.ar/index.php?page=diputados&search=seccionBloques,sources/subnational_roster/buenos_aires_diputados_vigentes_2026-09-01.html,Régimen provincial · ruta documental por relevar,ruta_provincial_por_relevar,Distrito  · sección QUINTA,,sin_nombre_compatible_oa_2017_2024,,,0,,,,El orden oficial Apellido y Nombre se preserva. El cruce OA exige coincidencia nominal exacta para evitar dividir apellidos compuestos por inferencia.
prov-ba-dip-pannelli-carla,Pannelli Carla,Provincial,Legislativo,Legislaturas provinciales,Diputado/a provincial,Buenos Aires,LA LIBERTAD AVANZA,2025,2029,activo_al_2026-09-01,https://www.hcdiputados-ba.gov.ar/index.php?page=diputados&search=seccionBloques,sources/subnational_roster/buenos_aires_diputados_vigentes_2026-09-01.html,Régimen provincial · ruta documental por relevar,ruta_provincial_por_relevar,Distrito BAHIA BLANCA · sección SEXTA,,sin_nombre_compatible_oa_2017_2024,,,0,,,,El orden oficial Apellido y Nombre se preserva. El cruce OA exige coincidencia nominal exacta para evitar dividir apellidos compuestos por inferencia.
prov-ba-dip-passaglia-manuel,Passaglia Manuel,Provincial,Legislativo,Legislaturas provinciales,Diputado/a provincial,Buenos Aires,ESPACIO ABIERTO - HECHOS,2025,2029,activo_al_2026-09-01,https://www.hcdiputados-ba.gov.ar/index.php?page=diputados&search=seccionBloques,sources/subnational_roster/buenos_aires_diputados_vigentes_2026-09-01.html,Régimen provincial · ruta documental por relevar,ruta_provincial_por_relevar,Distrito  · sección SEGUNDA,,sin_nombre_compatible_oa_2017_2024,,,0,,,,El orden oficial Apellido y Nombre se preserva. El cruce OA exige coincidencia nominal exacta para evitar dividir apellidos compuestos por inferencia.
prov-ba-dip-pomponio-sofia,Pomponio Sofía,Provincial,Legislativo,Legislaturas provinciales,Diputado/a provincial,Buenos Aires,LA LIBERTAD AVANZA,2023,2027,activo_al_2026-09-01,https://www.hcdiputados-ba.gov.ar/index.php?page=diputados&search=seccionBloques,sources/subnational_roster/buenos_aires_diputados_vigentes_2026-09-01.html,Régimen provincial · ruta documental por relevar,ruta_provincial_por_relevar,Distrito GRAL. PUEYRREDÓN · sección QUINTA,,sin_nombre_compatible_oa_2017_2024,,,0,,,,El orden oficial Apellido y Nombre se preserva. El cruce OA exige coincidencia nominal exacta para evitar dividir apellidos compuestos por inferencia.
prov-ba-dip-puglelli-carlos-javier,Puglelli Carlos Javier,Provincial,Legislativo,Legislaturas provinciales,Diputado/a provincial,Buenos Aires,UNIÓN POR LA PATRIA,2025,2029,activo_al_2026-09-01,https://www.hcdiputados-ba.gov.ar/index.php?page=diputados&search=seccionBloques,sources/subnational_roster/buenos_aires_diputados_vigentes_2026-09-01.html,Régimen provincial · ruta documental por relevar,ruta_provincial_por_relevar,Distrito SAN ANDRES DE GILES · sección SEGUNDA,,sin_nombre_compatible_oa_2017_2024,,,0,,,,El orden oficial Apellido y Nombre se preserva. El cruce OA exige coincidencia nominal exacta para evitar dividir apellidos compuestos por inferencia.
prov-ba-dip-quintero-chasman-julieta-elisabet,Quintero Chasman Julieta Elisabet,Provincial,Legislativo,Legislaturas provinciales,Diputado/a provincial,Buenos Aires,PRO,2025,2029,activo_al_2026-09-01,https://www.hcdiputados-ba.gov.ar/index.php?page=diputados&search=seccionBloques,sources/subnational_roster/buenos_aires_diputados_vigentes_2026-09-01.html,Régimen provincial · ruta documental por relevar,ruta_provincial_por_relevar,Distrito LA PLATA · sección OCTAVA,,sin_nombre_compatible_oa_2017_2024,,,0,,,,El orden oficial Apellido y Nombre se preserva. El cruce OA exige coincidencia nominal exacta para evitar dividir apellidos compuestos por inferencia.
prov-ba-dip-rabinovich-alejandro-daniel-presidente-de-bloque,Rabinovich Alejandro Daniel Presidente De Bloque,Provincial,Legislativo,Legislaturas provinciales,Diputado/a provincial,Buenos Aires,PRO,2025,2029,activo_al_2026-09-01,https://www.hcdiputados-ba.gov.ar/index.php?page=diputados&search=seccionBloques,sources/subnational_roster/buenos_aires_diputados_vigentes_2026-09-01.html,Régimen provincial · ruta documental por relevar,ruta_provincial_por_relevar,Distrito GENERAL PUEYRREDON · sección SEGUNDA,,sin_nombre_compatible_oa_2017_2024,,,0,,,,El orden oficial Apellido y Nombre se preserva. El cruce OA exige coincidencia nominal exacta para evitar dividir apellidos compuestos por inferencia.
prov-ba-dip-rasquetti-ayelen-itati,Rasquetti Ayelén Itatí,Provincial,Legislativo,Legislaturas provinciales,Diputado/a provincial,Buenos Aires,UNIÓN POR LA PATRIA,2025,2029,activo_al_2026-09-01,https://www.hcdiputados-ba.gov.ar/index.php?page=diputados&search=seccionBloques,sources/subnational_roster/buenos_aires_diputados_vigentes_2026-09-01.html,Régimen provincial · ruta documental por relevar,ruta_provincial_por_relevar,Distrito CAÑUELAS · sección TERCERA,,sin_nombre_compatible_oa_2017_2024,,,0,,,,El orden oficial Apellido y Nombre se preserva. El cruce OA exige coincidencia nominal exacta para evitar dividir apellidos compuestos por inferencia.
prov-ba-dip-recalde-margarita-alejandra,Recalde Margarita Alejandra,Provincial,Legislativo,Legislaturas provinciales,Diputado/a provincial,Buenos Aires,UNIÓN POR LA PATRIA,2023,2027,activo_al_2026-09-01,https://www.hcdiputados-ba.gov.ar/index.php?page=diputados&search=seccionBloques,sources/subnational_roster/buenos_aires_diputados_vigentes_2026-09-01.html,Régimen provincial · ruta documental por relevar,ruta_provincial_por_relevar,Distrito ITUZAINGÓ · sección PRIMERA,,nombre_compatible_unico_en_oa,RECALDE MARGARITA ALEJANDRA,2020|2021|2022|2023,4,2020,2023,,El orden oficial Apellido y Nombre se preserva. El cruce OA exige coincidencia nominal exacta para evitar dividir apellidos compuestos por inferencia.
prov-ba-dip-retamoso-maria-florencia,Retamoso María Florencia,Provincial,Legislativo,Legislaturas provinciales,Diputado/a provincial,Buenos Aires,LA LIBERTAD AVANZA,2025,2029,activo_al_2026-09-01,https://www.hcdiputados-ba.gov.ar/index.php?page=diputados&search=seccionBloques,sources/subnational_roster/buenos_aires_diputados_vigentes_2026-09-01.html,Régimen provincial · ruta documental por relevar,ruta_provincial_por_relevar,Distrito ALMIRANTE BROWN · sección TERCERA,,nombre_compatible_unico_en_oa,RETAMOSO MARIA FLORENCIA,2018,1,2018,2018,,El orden oficial Apellido y Nombre se preserva. El cruce OA exige coincidencia nominal exacta para evitar dividir apellidos compuestos por inferencia.
prov-ba-dip-ricchini-maria-laura,Ricchini Maria Laura,Provincial,Legislativo,Legislaturas provinciales,Diputado/a provincial,Buenos Aires,PRO,2023,2027,activo_al_2026-09-01,https://www.hcdiputados-ba.gov.ar/index.php?page=diputados&search=seccionBloques,sources/subnational_roster/buenos_aires_diputados_vigentes_2026-09-01.html,Régimen provincial · ruta documental por relevar,ruta_provincial_por_relevar,Distrito JUNIN · sección CUARTA,,sin_nombre_compatible_oa_2017_2024,,,0,,,,El orden oficial Apellido y Nombre se preserva. El cruce OA exige coincidencia nominal exacta para evitar dividir apellidos compuestos por inferencia.
prov-ba-dip-rodriguez-alberti-jorge-martin,Rodriguez Alberti Jorge Martín,Provincial,Legislativo,Legislaturas provinciales,Diputado/a provincial,Buenos Aires,UNIÓN POR LA PATRIA,2023,2027,activo_al_2026-09-01,https://www.hcdiputados-ba.gov.ar/index.php?page=diputados&search=seccionBloques,sources/subnational_roster/buenos_aires_diputados_vigentes_2026-09-01.html,Régimen provincial · ruta documental por relevar,ruta_provincial_por_relevar,Distrito HURLINGAM · sección PRIMERA,,nombre_compatible_unico_en_oa,RODRIGUEZ ALBERTI JORGE MARTIN,2019|2020|2021|2022|2023,5,2019,2023,,El orden oficial Apellido y Nombre se preserva. El cruce OA exige coincidencia nominal exacta para evitar dividir apellidos compuestos por inferencia.
prov-ba-dip-romano-viviana-yolanda,Romano Viviana Yolanda,Provincial,Legislativo,Legislaturas provinciales,Diputado/a provincial,Buenos Aires,NUEVOS AIRES,2023,2027,activo_al_2026-09-01,https://www.hcdiputados-ba.gov.ar/index.php?page=diputados&search=seccionBloques,sources/subnational_roster/buenos_aires_diputados_vigentes_2026-09-01.html,Régimen provincial · ruta documental por relevar,ruta_provincial_por_relevar,Distrito Hurlingham · sección PRIMERA,,sin_nombre_compatible_oa_2017_2024,,,0,,,,El orden oficial Apellido y Nombre se preserva. El cruce OA exige coincidencia nominal exacta para evitar dividir apellidos compuestos por inferencia.
prov-ba-dip-romero-cintia-veronica,Romero Cintia Veronica,Provincial,Legislativo,Legislaturas provinciales,Diputado/a provincial,Buenos Aires,UNIÓN POR LA PATRIA,2025,2029,activo_al_2026-09-01,https://www.hcdiputados-ba.gov.ar/index.php?page=diputados&search=seccionBloques,sources/subnational_roster/buenos_aires_diputados_vigentes_2026-09-01.html,Régimen provincial · ruta documental por relevar,ruta_provincial_por_relevar,Distrito GENERAL PUEYRREDON · sección SEGUNDA,,sin_nombre_compatible_oa_2017_2024,,,0,,,,El orden oficial Apellido y Nombre se preserva. El cruce OA exige coincidencia nominal exacta para evitar dividir apellidos compuestos por inferencia.
prov-ba-dip-romo-agustin-presidente-de-bloque,Romo Agustín Presidente De Bloque,Provincial,Legislativo,Legislaturas provinciales,Diputado/a provincial,Buenos Aires,LA LIBERTAD AVANZA,2023,2027,activo_al_2026-09-01,https://www.hcdiputados-ba.gov.ar/index.php?page=diputados&search=seccionBloques,sources/subnational_roster/buenos_aires_diputados_vigentes_2026-09-01.html,Régimen provincial · ruta documental por relevar,ruta_provincial_por_relevar,Distrito SAN MIGUEL · sección SEPTIMA,,sin_nombre_compatible_oa_2017_2024,,,0,,,,El orden oficial Apellido y Nombre se preserva. El cruce OA exige coincidencia nominal exacta para evitar dividir apellidos compuestos por inferencia.
prov-ba-dip-rossi-jose-ignacio,Rossi Jose Ignacio,Provincial,Legislativo,Legislaturas provinciales,Diputado/a provincial,Buenos Aires,UNIÓN POR LA PATRIA,2025,2027,activo_al_2026-09-01,https://www.hcdiputados-ba.gov.ar/index.php?page=diputados&search=seccionBloques,sources/subnational_roster/buenos_aires_diputados_vigentes_2026-09-01.html,Régimen provincial · ruta documental por relevar,ruta_provincial_por_relevar,Distrito CHASCOMUS · sección QUINTA,,sin_nombre_compatible_oa_2017_2024,,,0,,,,El orden oficial Apellido y Nombre se preserva. El cruce OA exige coincidencia nominal exacta para evitar dividir apellidos compuestos por inferencia.
prov-ba-dip-rovello-fernando,Rovello Fernando,Provincial,Legislativo,Legislaturas provinciales,Diputado/a provincial,Buenos Aires,PRO,2023,2027,activo_al_2026-09-01,https://www.hcdiputados-ba.gov.ar/index.php?page=diputados&search=seccionBloques,sources/subnational_roster/buenos_aires_diputados_vigentes_2026-09-01.html,Régimen provincial · ruta documental por relevar,ruta_provincial_por_relevar,Distrito PEHUAJO · sección CUARTA,,sin_nombre_compatible_oa_2017_2024,,,0,,,,El orden oficial Apellido y Nombre se preserva. El cruce OA exige coincidencia nominal exacta para evitar dividir apellidos compuestos por inferencia.
prov-ba-dip-rozas-martin-adolfo-presidente-de-bloque,Rozas Martín Adolfo Presidente De Bloque,Provincial,Legislativo,Legislaturas provinciales,Diputado/a provincial,Buenos Aires,UNIÓN Y LIBERTAD,2023,2027,activo_al_2026-09-01,https://www.hcdiputados-ba.gov.ar/index.php?page=diputados&search=seccionBloques,sources/subnational_roster/buenos_aires_diputados_vigentes_2026-09-01.html,Régimen provincial · ruta documental por relevar,ruta_provincial_por_relevar,Distrito  · sección CUARTA,,sin_nombre_compatible_oa_2017_2024,,,0,,,,El orden oficial Apellido y Nombre se preserva. El cruce OA exige coincidencia nominal exacta para evitar dividir apellidos compuestos por inferencia.
prov-ba-dip-saavedra-maria-noelia,Saavedra María Noelia,Provincial,Legislativo,Legislaturas provinciales,Diputado/a provincial,Buenos Aires,UNIÓN POR LA PATRIA,2023,2027,activo_al_2026-09-01,https://www.hcdiputados-ba.gov.ar/index.php?page=diputados&search=seccionBloques,sources/subnational_roster/buenos_aires_diputados_vigentes_2026-09-01.html,Régimen provincial · ruta documental por relevar,ruta_provincial_por_relevar,Distrito MORENO · sección PRIMERA,,sin_nombre_compatible_oa_2017_2024,,,0,,,,El orden oficial Apellido y Nombre se preserva. El cruce OA exige coincidencia nominal exacta para evitar dividir apellidos compuestos por inferencia.
prov-ba-dip-sabat-sabrina-ines,Sabat Sabrina Inés,Provincial,Legislativo,Legislaturas provinciales,Diputado/a provincial,Buenos Aires,UNIÓN Y LIBERTAD,2023,2027,activo_al_2026-09-01,https://www.hcdiputados-ba.gov.ar/index.php?page=diputados&search=seccionBloques,sources/subnational_roster/buenos_aires_diputados_vigentes_2026-09-01.html,Régimen provincial · ruta documental por relevar,ruta_provincial_por_relevar,Distrito  · sección QUINTA,,sin_nombre_compatible_oa_2017_2024,,,0,,,,El orden oficial Apellido y Nombre se preserva. El cruce OA exige coincidencia nominal exacta para evitar dividir apellidos compuestos por inferencia.
prov-ba-dip-sallaberry-ana-rita,Sallaberry Ana Rita,Provincial,Legislativo,Legislaturas provinciales,Diputado/a provincial,Buenos Aires,PRO,2023,2027,activo_al_2026-09-01,https://www.hcdiputados-ba.gov.ar/index.php?page=diputados&search=seccionBloques,sources/subnational_roster/buenos_aires_diputados_vigentes_2026-09-01.html,Régimen provincial · ruta documental por relevar,ruta_provincial_por_relevar,Distrito LUJAN · sección PRIMERA,,sin_nombre_compatible_oa_2017_2024,,,0,,,,El orden oficial Apellido y Nombre se preserva. El cruce OA exige coincidencia nominal exacta para evitar dividir apellidos compuestos por inferencia.
prov-ba-dip-schlotthauer-monica-leticia-presidente-de-bloque,Schlotthauer Monica Leticia Presidente De Bloque,Provincial,Legislativo,Legislaturas provinciales,Diputado/a provincial,Buenos Aires,IZQUIERDA SOCIALISTA - FITU,2025,2029,activo_al_2026-09-01,https://www.hcdiputados-ba.gov.ar/index.php?page=diputados&search=seccionBloques,sources/subnational_roster/buenos_aires_diputados_vigentes_2026-09-01.html,Régimen provincial · ruta documental por relevar,ruta_provincial_por_relevar,Distrito LA MATANZA · sección TERCERA,,sin_nombre_compatible_oa_2017_2024,,,0,,,,El orden oficial Apellido y Nombre se preserva. El cruce OA exige coincidencia nominal exacta para evitar dividir apellidos compuestos por inferencia.
prov-ba-dip-sotelo-larcher-nahuel,Sotelo Larcher Nahuel,Provincial,Legislativo,Legislaturas provinciales,Diputado/a provincial,Buenos Aires,LA LIBERTAD AVANZA,2025,2029,activo_al_2026-09-01,https://www.hcdiputados-ba.gov.ar/index.php?page=diputados&search=seccionBloques,sources/subnational_roster/buenos_aires_diputados_vigentes_2026-09-01.html,Régimen provincial · ruta documental por relevar,ruta_provincial_por_relevar,Distrito QUILMES · sección TERCERA,,nombre_compatible_unico_en_oa,SOTELO LARCHER NAHUEL,2024,1,2024,2024,,El orden oficial Apellido y Nombre se preserva. El cruce OA exige coincidencia nominal exacta para evitar dividir apellidos compuestos por inferencia.
prov-ba-dip-sotolano-maria-angel,Sotolano María Angel,Provincial,Legislativo,Legislaturas provinciales,Diputado/a provincial,Buenos Aires,PRO,2025,2029,activo_al_2026-09-01,https://www.hcdiputados-ba.gov.ar/index.php?page=diputados&search=seccionBloques,sources/subnational_roster/buenos_aires_diputados_vigentes_2026-09-01.html,Régimen provincial · ruta documental por relevar,ruta_provincial_por_relevar,Distrito QUILMES · sección TERCERA,,nombre_compatible_unico_en_oa,SOTOLANO MARIA ANGEL,2021|2022|2023,3,2021,2023,,El orden oficial Apellido y Nombre se preserva. El cruce OA exige coincidencia nominal exacta para evitar dividir apellidos compuestos por inferencia.
prov-ba-dip-tignanelli-facundo-presidente-de-bloque,Tignanelli Facundo Presidente De Bloque,Provincial,Legislativo,Legislaturas provinciales,Diputado/a provincial,Buenos Aires,UNIÓN POR LA PATRIA,2025,2029,activo_al_2026-09-01,https://www.hcdiputados-ba.gov.ar/index.php?page=diputados&search=seccionBloques,sources/subnational_roster/buenos_aires_diputados_vigentes_2026-09-01.html,Régimen provincial · ruta documental por relevar,ruta_provincial_por_relevar,Distrito LA MATANZA · sección TERCERA,,sin_nombre_compatible_oa_2017_2024,,,0,,,,El orden oficial Apellido y Nombre se preserva. El cruce OA exige coincidencia nominal exacta para evitar dividir apellidos compuestos por inferencia.
prov-ba-dip-vaccarezza-maria-silvina,Vaccarezza María Silvina,Provincial,Legislativo,Legislaturas provinciales,Diputado/a provincial,Buenos Aires,UCR + CAMBIO FEDERAL,2023,2027,activo_al_2026-09-01,https://www.hcdiputados-ba.gov.ar/index.php?page=diputados&search=seccionBloques,sources/subnational_roster/buenos_aires_diputados_vigentes_2026-09-01.html,Régimen provincial · ruta documental por relevar,ruta_provincial_por_relevar,Distrito ALBERTI · sección CUARTA,,sin_nombre_compatible_oa_2017_2024,,,0,,,,El orden oficial Apellido y Nombre se preserva. El cruce OA exige coincidencia nominal exacta para evitar dividir apellidos compuestos por inferencia.
prov-ba-dip-vannelli-sofia,Vannelli Sofía,Provincial,Legislativo,Legislaturas provinciales,Diputado/a provincial,Buenos Aires,UNIÓN POR LA PATRIA,2025,2029,activo_al_2026-09-01,https://www.hcdiputados-ba.gov.ar/index.php?page=diputados&search=seccionBloques,sources/subnational_roster/buenos_aires_diputados_vigentes_2026-09-01.html,Régimen provincial · ruta documental por relevar,ruta_provincial_por_relevar,Distrito VICENTE LOPEZ · sección SEXTA,,nombre_compatible_unico_en_oa,VANNELLI SOFIA,2020|2021,2,2020,2021,,El orden oficial Apellido y Nombre se preserva. El cruce OA exige coincidencia nominal exacta para evitar dividir apellidos compuestos por inferencia.
prov-ba-dip-vazquez-roberto-ramon,Vazquez Roberto Ramón,Provincial,Legislativo,Legislaturas provinciales,Diputado/a provincial,Buenos Aires,UNIÓN POR LA PATRIA,2025,2029,activo_al_2026-09-01,https://www.hcdiputados-ba.gov.ar/index.php?page=diputados&search=seccionBloques,sources/subnational_roster/buenos_aires_diputados_vigentes_2026-09-01.html,Régimen provincial · ruta documental por relevar,ruta_provincial_por_relevar,Distrito SAN VICENTE · sección TERCERA,,sin_nombre_compatible_oa_2017_2024,,,0,,,,El orden oficial Apellido y Nombre se preserva. El cruce OA exige coincidencia nominal exacta para evitar dividir apellidos compuestos por inferencia.
prov-ba-dip-vera-chavez-teodoro-ramon,Vera Chavez Teodoro Ramón,Provincial,Legislativo,Legislaturas provinciales,Diputado/a provincial,Buenos Aires,LA LIBERTAD AVANZA,2023,2027,activo_al_2026-09-01,https://www.hcdiputados-ba.gov.ar/index.php?page=diputados&search=seccionBloques,sources/subnational_roster/buenos_aires_diputados_vigentes_2026-09-01.html,Régimen provincial · ruta documental por relevar,ruta_provincial_por_relevar,Distrito MORENO · sección PRIMERA,,sin_nombre_compatible_oa_2017_2024,,,0,,,,El orden oficial Apellido y Nombre se preserva. El cruce OA exige coincidencia nominal exacta para evitar dividir apellidos compuestos por inferencia.
prov-ba-dip-vitale-mariela-silvina,Vitale Mariela Silvina,Provincial,Legislativo,Legislaturas provinciales,Diputado/a provincial,Buenos Aires,LA LIBERTAD AVANZA,2025,2029,activo_al_2026-09-01,https://www.hcdiputados-ba.gov.ar/index.php?page=diputados&search=seccionBloques,sources/subnational_roster/buenos_aires_diputados_vigentes_2026-09-01.html,Régimen provincial · ruta documental por relevar,ruta_provincial_por_relevar,Distrito BAHIA BLANCA · sección SEXTA,,nombre_compatible_unico_en_oa,VITALE MARIELA SILVINA,2024,1,2024,2024,,El orden oficial Apellido y Nombre se preserva. El cruce OA exige coincidencia nominal exacta para evitar dividir apellidos compuestos por inferencia.
prov-ba-dip-vivona-luis-omar,Vivona Luis Omar,Provincial,Legislativo,Legislaturas provinciales,Diputado/a provincial,Buenos Aires,UNIÓN POR LA PATRIA,2025,2029,activo_al_2026-09-01,https://www.hcdiputados-ba.gov.ar/index.php?page=diputados&search=seccionBloques,sources/subnational_roster/buenos_aires_diputados_vigentes_2026-09-01.html,Régimen provincial · ruta documental por relevar,ruta_provincial_por_relevar,Distrito MALVINAS ARGENTINAS · sección TERCERA,,sin_nombre_compatible_oa_2017_2024,,,0,,,,El orden oficial Apellido y Nombre se preserva. El cruce OA exige coincidencia nominal exacta para evitar dividir apellidos compuestos por inferencia.
prov-ba-dip-zurro-avelino-ricardo,Zurro Avelino Ricardo,Provincial,Legislativo,Legislaturas provinciales,Diputado/a provincial,Buenos Aires,UNIÓN POR LA PATRIA,2023,2027,activo_al_2026-09-01,https://www.hcdiputados-ba.gov.ar/index.php?page=diputados&search=seccionBloques,sources/subnational_roster/buenos_aires_diputados_vigentes_2026-09-01.html,Régimen provincial · ruta documental por relevar,ruta_provincial_por_relevar,Distrito PEHUAJÓ · sección CUARTA,,nombre_compatible_unico_en_oa,ZURRO AVELINO RICARDO,2019|2020|2021|2022|2023,5,2019,2023,,El orden oficial Apellido y Nombre se preserva. El cruce OA exige coincidencia nominal exacta para evitar dividir apellidos compuestos por inferencia.
prov-ba-sen-arata-valeria,Valeria Arata,Provincial,Legislativo,Legislaturas provinciales,Senador/a provincial,Buenos Aires,Fuerza patria ,2025,2029 ,activo_al_2026-09-01,https://senado-ba.gov.ar/Senadores.aspx,sources/subnational_roster/buenos_aires_senadores_vigentes_2026-09-01.html,Régimen provincial · ruta documental por relevar,ruta_provincial_por_relevar,Sección: 4º ,,sin_nombre_compatible_oa_2017_2024,,,0,,,,La nómina y el mandato provienen de la Cámara; la ruta provincial de DDJJ queda separada.
prov-ba-sen-arietto-maria-florencia,Maria Florencia Arietto,Provincial,Legislativo,Legislaturas provinciales,Senador/a provincial,Buenos Aires,La libertad avanza ,2023,2027 ,activo_al_2026-09-01,https://senado-ba.gov.ar/Senadores.aspx,sources/subnational_roster/buenos_aires_senadores_vigentes_2026-09-01.html,Régimen provincial · ruta documental por relevar,ruta_provincial_por_relevar,Sección: 3º ,,nombre_compatible_unico_en_oa,ARIETTO MARIA FLORENCIA,2017|2018|2019,3,2017,2019,,La nómina y el mandato provienen de la Cámara; la ruta provincial de DDJJ queda separada.
prov-ba-sen-balaudo-analia,Analia Balaudo,Provincial,Legislativo,Legislaturas provinciales,Senador/a provincial,Buenos Aires,La libertad avanza ,2025,2029 ,activo_al_2026-09-01,https://senado-ba.gov.ar/Senadores.aspx,sources/subnational_roster/buenos_aires_senadores_vigentes_2026-09-01.html,Régimen provincial · ruta documental por relevar,ruta_provincial_por_relevar,Sección: 4º ,,nombre_compatible_unico_en_oa,BALAUDO ANALIA,2024,1,2024,2024,,La nómina y el mandato provienen de la Cámara; la ruta provincial de DDJJ queda separada.
prov-ba-sen-bambaci-maria-luz,Maria Luz Bambaci,Provincial,Legislativo,Legislaturas provinciales,Senador/a provincial,Buenos Aires,La libertad avanza ,2025,2029 ,activo_al_2026-09-01,https://senado-ba.gov.ar/Senadores.aspx,sources/subnational_roster/buenos_aires_senadores_vigentes_2026-09-01.html,Régimen provincial · ruta documental por relevar,ruta_provincial_por_relevar,Sección: 1º ,,nombre_compatible_unico_en_oa,BAMBACI MARIA LUZ,2017|2018|2019|2024,4,2017,2024,,La nómina y el mandato provienen de la Cámara; la ruta provincial de DDJJ queda separada.
prov-ba-sen-bastida-sabrina,Sabrina Bastida,Provincial,Legislativo,Legislaturas provinciales,Senador/a provincial,Buenos Aires,Fuerza patria ,2023,2027 ,activo_al_2026-09-01,https://senado-ba.gov.ar/Senadores.aspx,sources/subnational_roster/buenos_aires_senadores_vigentes_2026-09-01.html,Régimen provincial · ruta documental por relevar,ruta_provincial_por_relevar,Sección: Capital ,,sin_nombre_compatible_oa_2017_2024,,,0,,,,La nómina y el mandato provienen de la Cámara; la ruta provincial de DDJJ queda separada.
prov-ba-sen-berni-sergio-alejandro,Sergio Alejandro Berni,Provincial,Legislativo,Legislaturas provinciales,Senador/a provincial,Buenos Aires,Fuerza patria ,2023,2027 ,activo_al_2026-09-01,https://senado-ba.gov.ar/Senadores.aspx,sources/subnational_roster/buenos_aires_senadores_vigentes_2026-09-01.html,Régimen provincial · ruta documental por relevar,ruta_provincial_por_relevar,Sección: 2º ,,sin_nombre_compatible_oa_2017_2024,,,0,,,,La nómina y el mandato provienen de la Cámara; la ruta provincial de DDJJ queda separada.
prov-ba-sen-borgini-pedro-francisco,Pedro Francisco Borgini,Provincial,Legislativo,Legislaturas provinciales,Senador/a provincial,Buenos Aires,Fuerza patria ,2023,2027 ,activo_al_2026-09-01,https://senado-ba.gov.ar/Senadores.aspx,sources/subnational_roster/buenos_aires_senadores_vigentes_2026-09-01.html,Régimen provincial · ruta documental por relevar,ruta_provincial_por_relevar,Sección: Capital ,,sin_nombre_compatible_oa_2017_2024,,,0,,,,La nómina y el mandato provienen de la Cámara; la ruta provincial de DDJJ queda separada.
prov-ba-sen-cabezas-gonzalo,Gonzalo Cabezas,Provincial,Legislativo,Legislaturas provinciales,Senador/a provincial,Buenos Aires,La libertad avanza ,2025,2029 ,activo_al_2026-09-01,https://senado-ba.gov.ar/Senadores.aspx,sources/subnational_roster/buenos_aires_senadores_vigentes_2026-09-01.html,Régimen provincial · ruta documental por relevar,ruta_provincial_por_relevar,Sección: 4º ,,nombre_compatible_unico_en_oa,CABEZAS GONZALO DARIO,2024,1,2024,2024,,La nómina y el mandato provienen de la Cámara; la ruta provincial de DDJJ queda separada.
prov-ba-sen-campbell-alex,Alex Campbell,Provincial,Legislativo,Legislaturas provinciales,Senador/a provincial,Buenos Aires,Pro ,2023,2027 ,activo_al_2026-09-01,https://senado-ba.gov.ar/Senadores.aspx,sources/subnational_roster/buenos_aires_senadores_vigentes_2026-09-01.html,Régimen provincial · ruta documental por relevar,ruta_provincial_por_relevar,Sección: 6º ,,sin_nombre_compatible_oa_2017_2024,,,0,,,,La nómina y el mandato provienen de la Cámara; la ruta provincial de DDJJ queda separada.
prov-ba-sen-clark-laura-magdalena,Laura Magdalena Clark,Provincial,Legislativo,Legislaturas provinciales,Senador/a provincial,Buenos Aires,Fuerza patria ,2023,2027 ,activo_al_2026-09-01,https://senado-ba.gov.ar/Senadores.aspx,sources/subnational_roster/buenos_aires_senadores_vigentes_2026-09-01.html,Régimen provincial · ruta documental por relevar,ruta_provincial_por_relevar,Sección: 2º ,,sin_nombre_compatible_oa_2017_2024,,,0,,,,La nómina y el mandato provienen de la Cámara; la ruta provincial de DDJJ queda separada.
prov-ba-sen-coronel-fernando-gabriel,Fernando Gabriel Coronel,Provincial,Legislativo,Legislaturas provinciales,Senador/a provincial,Buenos Aires,Fuerza patria ,2025,2029 ,activo_al_2026-09-01,https://senado-ba.gov.ar/Senadores.aspx,sources/subnational_roster/buenos_aires_senadores_vigentes_2026-09-01.html,Régimen provincial · ruta documental por relevar,ruta_provincial_por_relevar,Sección: 1º ,,sin_nombre_compatible_oa_2017_2024,,,0,,,,La nómina y el mandato provienen de la Cámara; la ruta provincial de DDJJ queda separada.
prov-ba-sen-curestis-carlos-nicolas,Carlos Nicolas Curestis,Provincial,Legislativo,Legislaturas provinciales,Senador/a provincial,Buenos Aires,La libertad avanza ,2023,2027 ,activo_al_2026-09-01,https://senado-ba.gov.ar/Senadores.aspx,sources/subnational_roster/buenos_aires_senadores_vigentes_2026-09-01.html,Régimen provincial · ruta documental por relevar,ruta_provincial_por_relevar,Sección: 3º ,,sin_nombre_compatible_oa_2017_2024,,,0,,,,La nómina y el mandato provienen de la Cámara; la ruta provincial de DDJJ queda separada.
prov-ba-sen-curi-amira,Amira Curi,Provincial,Legislativo,Legislaturas provinciales,Senador/a provincial,Buenos Aires,Fuerza patria ,2023,2027 ,activo_al_2026-09-01,https://senado-ba.gov.ar/Senadores.aspx,sources/subnational_roster/buenos_aires_senadores_vigentes_2026-09-01.html,Régimen provincial · ruta documental por relevar,ruta_provincial_por_relevar,Sección: 3º ,,sin_nombre_compatible_oa_2017_2024,,,0,,,,La nómina y el mandato provienen de la Cámara; la ruta provincial de DDJJ queda separada.
prov-ba-sen-de-urraza-matias-miguel,Matias Miguel De Urraza,Provincial,Legislativo,Legislaturas provinciales,Senador/a provincial,Buenos Aires,La libertad avanza ,2025,2029 ,activo_al_2026-09-01,https://senado-ba.gov.ar/Senadores.aspx,sources/subnational_roster/buenos_aires_senadores_vigentes_2026-09-01.html,Régimen provincial · ruta documental por relevar,ruta_provincial_por_relevar,Sección: 5º ,,sin_nombre_compatible_oa_2017_2024,,,0,,,,La nómina y el mandato provienen de la Cámara; la ruta provincial de DDJJ queda separada.
prov-ba-sen-diaz-evelyn,Evelyn Diaz,Provincial,Legislativo,Legislaturas provinciales,Senador/a provincial,Buenos Aires,Fuerza patria ,2025,2029 ,activo_al_2026-09-01,https://senado-ba.gov.ar/Senadores.aspx,sources/subnational_roster/buenos_aires_senadores_vigentes_2026-09-01.html,Régimen provincial · ruta documental por relevar,ruta_provincial_por_relevar,Sección: 7º ,,sin_nombre_compatible_oa_2017_2024,,,0,,,,La nómina y el mandato provienen de la Cámara; la ruta provincial de DDJJ queda separada.
prov-ba-sen-duran-ayelen,Ayelén Durán,Provincial,Legislativo,Legislaturas provinciales,Senador/a provincial,Buenos Aires,Fuerza patria ,2023,2027 ,activo_al_2026-09-01,https://senado-ba.gov.ar/Senadores.aspx,sources/subnational_roster/buenos_aires_senadores_vigentes_2026-09-01.html,Régimen provincial · ruta documental por relevar,ruta_provincial_por_relevar,Sección: 6º ,,sin_nombre_compatible_oa_2017_2024,,,0,,,,La nómina y el mandato provienen de la Cámara; la ruta provincial de DDJJ queda separada.
prov-ba-sen-fagioli-federico,Federico Fagioli,Provincial,Legislativo,Legislaturas provinciales,Senador/a provincial,Buenos Aires,Fuerza patria ,2023,2027 ,activo_al_2026-09-01,https://senado-ba.gov.ar/Senadores.aspx,sources/subnational_roster/buenos_aires_senadores_vigentes_2026-09-01.html,Régimen provincial · ruta documental por relevar,ruta_provincial_por_relevar,Sección: 3º ,,nombre_compatible_unico_en_oa,FAGIOLI FEDERICO,2018|2019|2020|2021|2022|2023,6,2018,2023,,La nómina y el mandato provienen de la Cámara; la ruta provincial de DDJJ queda separada.
prov-ba-sen-feliu-marcelo-enrique,Marcelo Enrique Feliú,Provincial,Legislativo,Legislaturas provinciales,Senador/a provincial,Buenos Aires,Fuerza patria ,2023,2027 ,activo_al_2026-09-01,https://senado-ba.gov.ar/Senadores.aspx,sources/subnational_roster/buenos_aires_senadores_vigentes_2026-09-01.html,Régimen provincial · ruta documental por relevar,ruta_provincial_por_relevar,Sección: 6º ,,sin_nombre_compatible_oa_2017_2024,,,0,,,,La nómina y el mandato provienen de la Cámara; la ruta provincial de DDJJ queda separada.
prov-ba-sen-galmarini-malena,Malena Galmarini,Provincial,Legislativo,Legislaturas provinciales,Senador/a provincial,Buenos Aires,Fuerza patria ,2025,2029 ,activo_al_2026-09-01,https://senado-ba.gov.ar/Senadores.aspx,sources/subnational_roster/buenos_aires_senadores_vigentes_2026-09-01.html,Régimen provincial · ruta documental por relevar,ruta_provincial_por_relevar,Sección: 1º ,,nombre_compatible_unico_en_oa,GALMARINI MALENA,2019|2020|2021|2022|2023,5,2019,2023,,La nómina y el mandato provienen de la Cámara; la ruta provincial de DDJJ queda separada.
prov-ba-sen-gonzalez-santalla-emmanuel-severo,Emmanuel Severo González Santalla,Provincial,Legislativo,Legislaturas provinciales,Senador/a provincial,Buenos Aires,Fuerza patria ,2023,2027 ,activo_al_2026-09-01,https://senado-ba.gov.ar/Senadores.aspx,sources/subnational_roster/buenos_aires_senadores_vigentes_2026-09-01.html,Régimen provincial · ruta documental por relevar,ruta_provincial_por_relevar,Sección: 3º ,,nombre_compatible_unico_en_oa,GONZALEZ SANTALLA EMMANUEL SEVERO,2020,1,2020,2020,,La nómina y el mandato provienen de la Cámara; la ruta provincial de DDJJ queda separada.
prov-ba-sen-ishii-mario-alberto,Mario Alberto Ishii,Provincial,Legislativo,Legislaturas provinciales,Senador/a provincial,Buenos Aires,Fuerza patria ,2025,2029 ,activo_al_2026-09-01,https://senado-ba.gov.ar/Senadores.aspx,sources/subnational_roster/buenos_aires_senadores_vigentes_2026-09-01.html,Régimen provincial · ruta documental por relevar,ruta_provincial_por_relevar,Sección: 1º ,,sin_nombre_compatible_oa_2017_2024,,,0,,,,La nómina y el mandato provienen de la Cámara; la ruta provincial de DDJJ queda separada.
prov-ba-sen-kikuchi-carlos-francisco,Carlos Francisco Kikuchi,Provincial,Legislativo,Legislaturas provinciales,Senador/a provincial,Buenos Aires,Unión y libertad ,2023,2027 ,activo_al_2026-09-01,https://senado-ba.gov.ar/Senadores.aspx,sources/subnational_roster/buenos_aires_senadores_vigentes_2026-09-01.html,Régimen provincial · ruta documental por relevar,ruta_provincial_por_relevar,Sección: 2º ,,sin_nombre_compatible_oa_2017_2024,,,0,,,,La nómina y el mandato provienen de la Cámara; la ruta provincial de DDJJ queda separada.
prov-ba-sen-lago-german,German Lago,Provincial,Legislativo,Legislaturas provinciales,Senador/a provincial,Buenos Aires,Fuerza patria ,2025,2029 ,activo_al_2026-09-01,https://senado-ba.gov.ar/Senadores.aspx,sources/subnational_roster/buenos_aires_senadores_vigentes_2026-09-01.html,Régimen provincial · ruta documental por relevar,ruta_provincial_por_relevar,Sección: 4º ,,sin_nombre_compatible_oa_2017_2024,,,0,,,,La nómina y el mandato provienen de la Cámara; la ruta provincial de DDJJ queda separada.
prov-ba-sen-laurini-maria-ines,María Inés Laurini,Provincial,Legislativo,Legislaturas provinciales,Senador/a provincial,Buenos Aires,Fuerza patria ,2025,2029 ,activo_al_2026-09-01,https://senado-ba.gov.ar/Senadores.aspx,sources/subnational_roster/buenos_aires_senadores_vigentes_2026-09-01.html,Régimen provincial · ruta documental por relevar,ruta_provincial_por_relevar,Sección: 7º ,,sin_nombre_compatible_oa_2017_2024,,,0,,,,La nómina y el mandato provienen de la Cámara; la ruta provincial de DDJJ queda separada.
prov-ba-sen-leguizamon-brown-marcelo,Marcelo Leguizamón Brown,Provincial,Legislativo,Legislaturas provinciales,Senador/a provincial,Buenos Aires,Hechos - ucr identidad ,2023,2027 ,activo_al_2026-09-01,https://senado-ba.gov.ar/Senadores.aspx,sources/subnational_roster/buenos_aires_senadores_vigentes_2026-09-01.html,Régimen provincial · ruta documental por relevar,ruta_provincial_por_relevar,Sección: Capital ,,nombre_compatible_unico_en_oa,LEGUIZAMON BROWN MARCELO LEONEL,2017,1,2017,2017,,La nómina y el mandato provienen de la Cámara; la ruta provincial de DDJJ queda separada.
prov-ba-sen-lopez-roxana,Roxana Lopez,Provincial,Legislativo,Legislaturas provinciales,Senador/a provincial,Buenos Aires,Fuerza patria ,2025,2029 ,activo_al_2026-09-01,https://senado-ba.gov.ar/Senadores.aspx,sources/subnational_roster/buenos_aires_senadores_vigentes_2026-09-01.html,Régimen provincial · ruta documental por relevar,ruta_provincial_por_relevar,Sección: 1º ,,coincidencia_multiple_revisar_homonimia,LOPEZ ROXANA DEL VALLE | LOPEZ ROXANA JUDITH,2017|2018|2019|2020|2021|2022|2023|2024,8,2017,2024,,La nómina y el mandato provienen de la Cámara; la ruta provincial de DDJJ queda separada.
prov-ba-sen-macha-monica-fernanda,Monica Fernanda Macha,Provincial,Legislativo,Legislaturas provinciales,Senador/a provincial,Buenos Aires,Fuerza patria ,2025,2029 ,activo_al_2026-09-01,https://senado-ba.gov.ar/Senadores.aspx,sources/subnational_roster/buenos_aires_senadores_vigentes_2026-09-01.html,Régimen provincial · ruta documental por relevar,ruta_provincial_por_relevar,Sección: 1º ,,nombre_compatible_unico_en_oa,MACHA MONICA FERNANDA,2017|2018|2019|2020|2021|2022|2023|2024,8,2017,2024,,La nómina y el mandato provienen de la Cámara; la ruta provincial de DDJJ queda separada.
prov-ba-sen-martinez-maria-cecilia,Maria Cecilia Martinez,Provincial,Legislativo,Legislaturas provinciales,Senador/a provincial,Buenos Aires,La libertad avanza ,2025,2029 ,activo_al_2026-09-01,https://senado-ba.gov.ar/Senadores.aspx,sources/subnational_roster/buenos_aires_senadores_vigentes_2026-09-01.html,Régimen provincial · ruta documental por relevar,ruta_provincial_por_relevar,Sección: 5º ,,nombre_compatible_unico_en_oa,MARTINEZ MARIA CECILIA,2017|2018|2019|2020|2021|2022|2023|2024,8,2017,2024,,La nómina y el mandato provienen de la Cámara; la ruta provincial de DDJJ queda separada.
prov-ba-sen-martinez-maria-rosa,Maria Rosa Martinez,Provincial,Legislativo,Legislaturas provinciales,Senador/a provincial,Buenos Aires,Fuerza patria ,2023,2027 ,activo_al_2026-09-01,https://senado-ba.gov.ar/Senadores.aspx,sources/subnational_roster/buenos_aires_senadores_vigentes_2026-09-01.html,Régimen provincial · ruta documental por relevar,ruta_provincial_por_relevar,Sección: 3º ,,nombre_compatible_unico_en_oa,MARTINEZ MARIA ROSA,2018|2019|2020|2021|2022|2023,6,2018,2023,,La nómina y el mandato provienen de la Cámara; la ruta provincial de DDJJ queda separada.
prov-ba-sen-montenegro-guillermo-tristan,Guillermo Tristan Montenegro,Provincial,Legislativo,Legislaturas provinciales,Senador/a provincial,Buenos Aires,Pro ,2025,2029 ,activo_al_2026-09-01,https://senado-ba.gov.ar/Senadores.aspx,sources/subnational_roster/buenos_aires_senadores_vigentes_2026-09-01.html,Régimen provincial · ruta documental por relevar,ruta_provincial_por_relevar,Sección: 5º ,,nombre_compatible_unico_en_oa,MONTENEGRO GUILLERMO TRISTAN,2017|2018|2019,3,2017,2019,,La nómina y el mandato provienen de la Cámara; la ruta provincial de DDJJ queda separada.
prov-ba-sen-neumann-nerina-daniela,Nerina Daniela Neumann,Provincial,Legislativo,Legislaturas provinciales,Senador/a provincial,Buenos Aires,Ucr ,2023,2027 ,activo_al_2026-09-01,https://senado-ba.gov.ar/Senadores.aspx,sources/subnational_roster/buenos_aires_senadores_vigentes_2026-09-01.html,Régimen provincial · ruta documental por relevar,ruta_provincial_por_relevar,Sección: 6º ,,sin_nombre_compatible_oa_2017_2024,,,0,,,,La nómina y el mandato provienen de la Cámara; la ruta provincial de DDJJ queda separada.
prov-ba-sen-olivera-luciano-emanuel,Luciano Emanuel Olivera,Provincial,Legislativo,Legislaturas provinciales,Senador/a provincial,Buenos Aires,La libertad avanza ,2025,2029 ,activo_al_2026-09-01,https://senado-ba.gov.ar/Senadores.aspx,sources/subnational_roster/buenos_aires_senadores_vigentes_2026-09-01.html,Régimen provincial · ruta documental por relevar,ruta_provincial_por_relevar,Sección: 1º ,,nombre_compatible_unico_en_oa,OLIVERA LUCIANO EMANUEL,2024,1,2024,2024,,La nómina y el mandato provienen de la Cámara; la ruta provincial de DDJJ queda separada.
prov-ba-sen-paredi-jorge-alberto,Jorge Alberto Paredi,Provincial,Legislativo,Legislaturas provinciales,Senador/a provincial,Buenos Aires,Fuerza patria ,2025,2029 ,activo_al_2026-09-01,https://senado-ba.gov.ar/Senadores.aspx,sources/subnational_roster/buenos_aires_senadores_vigentes_2026-09-01.html,Régimen provincial · ruta documental por relevar,ruta_provincial_por_relevar,Sección: 5º ,,sin_nombre_compatible_oa_2017_2024,,,0,,,,La nómina y el mandato provienen de la Cámara; la ruta provincial de DDJJ queda separada.
prov-ba-sen-petrecca-pablo-alexis,Pablo Alexis Petrecca,Provincial,Legislativo,Legislaturas provinciales,Senador/a provincial,Buenos Aires,Pro ,2025,2029 ,activo_al_2026-09-01,https://senado-ba.gov.ar/Senadores.aspx,sources/subnational_roster/buenos_aires_senadores_vigentes_2026-09-01.html,Régimen provincial · ruta documental por relevar,ruta_provincial_por_relevar,Sección: 4º ,,sin_nombre_compatible_oa_2017_2024,,,0,,,,La nómina y el mandato provienen de la Cámara; la ruta provincial de DDJJ queda separada.
prov-ba-sen-pisano-marcos-emilio,Marcos Emilio Pisano,Provincial,Legislativo,Legislaturas provinciales,Senador/a provincial,Buenos Aires,Fuerza patria ,2025,2029 ,activo_al_2026-09-01,https://senado-ba.gov.ar/Senadores.aspx,sources/subnational_roster/buenos_aires_senadores_vigentes_2026-09-01.html,Régimen provincial · ruta documental por relevar,ruta_provincial_por_relevar,Sección: 7º ,,nombre_compatible_unico_en_oa,PISANO MARCOS EMILIO,2017|2018,2,2017,2018,,La nómina y el mandato provienen de la Cámara; la ruta provincial de DDJJ queda separada.
prov-ba-sen-quintana-natalia,Natalia Quintana,Provincial,Legislativo,Legislaturas provinciales,Senador/a provincial,Buenos Aires,Hechos - ucr identidad ,2025,2029 ,activo_al_2026-09-01,https://senado-ba.gov.ar/Senadores.aspx,sources/subnational_roster/buenos_aires_senadores_vigentes_2026-09-01.html,Régimen provincial · ruta documental por relevar,ruta_provincial_por_relevar,Sección: 4º ,,nombre_compatible_unico_en_oa,QUINTANA NATALIA SOLEDAD,2022|2023|2024,3,2022,2024,,La nómina y el mandato provienen de la Cámara; la ruta provincial de DDJJ queda separada.
prov-ba-sen-raverta-maria-fernanda,Maria Fernanda Raverta,Provincial,Legislativo,Legislaturas provinciales,Senador/a provincial,Buenos Aires,Fuerza patria ,2025,2029 ,activo_al_2026-09-01,https://senado-ba.gov.ar/Senadores.aspx,sources/subnational_roster/buenos_aires_senadores_vigentes_2026-09-01.html,Régimen provincial · ruta documental por relevar,ruta_provincial_por_relevar,Sección: 5º ,,nombre_compatible_unico_en_oa,RAVERTA MARIA FERNANDA,2017|2018|2019|2020|2021|2022|2023,7,2017,2023,,La nómina y el mandato provienen de la Cámara; la ruta provincial de DDJJ queda separada.
prov-ba-sen-rico-zini-juan-manuel,Juan Manuel Rico Zini,Provincial,Legislativo,Legislaturas provinciales,Senador/a provincial,Buenos Aires,Pro ,2023,2027 ,activo_al_2026-09-01,https://senado-ba.gov.ar/Senadores.aspx,sources/subnational_roster/buenos_aires_senadores_vigentes_2026-09-01.html,Régimen provincial · ruta documental por relevar,ruta_provincial_por_relevar,Sección: 2º ,,sin_nombre_compatible_oa_2017_2024,,,0,,,,La nómina y el mandato provienen de la Cámara; la ruta provincial de DDJJ queda separada.
prov-ba-sen-riva-betina-clara,Betina Clara Riva,Provincial,Legislativo,Legislaturas provinciales,Senador/a provincial,Buenos Aires,La libertad avanza ,2023,2027 ,activo_al_2026-09-01,https://senado-ba.gov.ar/Senadores.aspx,sources/subnational_roster/buenos_aires_senadores_vigentes_2026-09-01.html,Régimen provincial · ruta documental por relevar,ruta_provincial_por_relevar,Sección: 3º ,,sin_nombre_compatible_oa_2017_2024,,,0,,,,La nómina y el mandato provienen de la Cámara; la ruta provincial de DDJJ queda separada.
prov-ba-sen-santarelli-adrian-carlos,Adrián Carlos Santarelli,Provincial,Legislativo,Legislaturas provinciales,Senador/a provincial,Buenos Aires,Fuerza patria ,2023,2027 ,activo_al_2026-09-01,https://senado-ba.gov.ar/Senadores.aspx,sources/subnational_roster/buenos_aires_senadores_vigentes_2026-09-01.html,Régimen provincial · ruta documental por relevar,ruta_provincial_por_relevar,Sección: 3º ,,sin_nombre_compatible_oa_2017_2024,,,0,,,,La nómina y el mandato provienen de la Cámara; la ruta provincial de DDJJ queda separada.
prov-ba-sen-schiavone-jorge,Jorge Schiavone,Provincial,Legislativo,Legislaturas provinciales,Senador/a provincial,Buenos Aires,Pro ,2023,2027 ,activo_al_2026-09-01,https://senado-ba.gov.ar/Senadores.aspx,sources/subnational_roster/buenos_aires_senadores_vigentes_2026-09-01.html,Régimen provincial · ruta documental por relevar,ruta_provincial_por_relevar,Sección: 3º ,,sin_nombre_compatible_oa_2017_2024,,,0,,,,La nómina y el mandato provienen de la Cámara; la ruta provincial de DDJJ queda separada.
prov-ba-sen-subiza-maria-emilia,Maria Emilia Subiza,Provincial,Legislativo,Legislaturas provinciales,Senador/a provincial,Buenos Aires,Hechos - ucr identidad ,2023,2027 ,activo_al_2026-09-01,https://senado-ba.gov.ar/Senadores.aspx,sources/subnational_roster/buenos_aires_senadores_vigentes_2026-09-01.html,Régimen provincial · ruta documental por relevar,ruta_provincial_por_relevar,Sección: 2º ,,nombre_compatible_unico_en_oa,SUBIZA MARIA EMILIA,2017|2018|2023,3,2017,2023,,La nómina y el mandato provienen de la Cámara; la ruta provincial de DDJJ queda separada.
prov-ba-sen-valenzuela-diego,Diego Valenzuela,Provincial,Legislativo,Legislaturas provinciales,Senador/a provincial,Buenos Aires,La libertad avanza ,2025,2029 ,activo_al_2026-09-01,https://senado-ba.gov.ar/Senadores.aspx,sources/subnational_roster/buenos_aires_senadores_vigentes_2026-09-01.html,Régimen provincial · ruta documental por relevar,ruta_provincial_por_relevar,Sección: 1º ,,nombre_compatible_unico_en_oa,VALENZUELA DIEGO JAVIER,2017|2018|2019|2020,4,2017,2020,,La nómina y el mandato provienen de la Cámara; la ruta provincial de DDJJ queda separada.
prov-ba-sen-vargas-sergio-raul,Sergio Raul Vargas,Provincial,Legislativo,Legislaturas provinciales,Senador/a provincial,Buenos Aires,Unión y libertad ,2023,2027 ,activo_al_2026-09-01,https://senado-ba.gov.ar/Senadores.aspx,sources/subnational_roster/buenos_aires_senadores_vigentes_2026-09-01.html,Régimen provincial · ruta documental por relevar,ruta_provincial_por_relevar,Sección: 6º ,,nombre_compatible_unico_en_oa,VARGAS SERGIO RAUL,2023,1,2023,2023,,La nómina y el mandato provienen de la Cámara; la ruta provincial de DDJJ queda separada.
prov-ba-sen-ventura-silvana-paola,Silvana Paola Ventura,Provincial,Legislativo,Legislaturas provinciales,Senador/a provincial,Buenos Aires,Unión y libertad ,2023,2027 ,activo_al_2026-09-01,https://senado-ba.gov.ar/Senadores.aspx,sources/subnational_roster/buenos_aires_senadores_vigentes_2026-09-01.html,Régimen provincial · ruta documental por relevar,ruta_provincial_por_relevar,Sección: 6º ,,sin_nombre_compatible_oa_2017_2024,,,0,,,,La nómina y el mandato provienen de la Cámara; la ruta provincial de DDJJ queda separada.
prov-ba-sen-videla-diego-alberto,Diego Alberto Videla,Provincial,Legislativo,Legislaturas provinciales,Senador/a provincial,Buenos Aires,Fuerza patria ,2025,2029 ,activo_al_2026-09-01,https://senado-ba.gov.ar/Senadores.aspx,sources/subnational_roster/buenos_aires_senadores_vigentes_2026-09-01.html,Régimen provincial · ruta documental por relevar,ruta_provincial_por_relevar,Sección: 4º ,,sin_nombre_compatible_oa_2017_2024,,,0,,,,La nómina y el mandato provienen de la Cámara; la ruta provincial de DDJJ queda separada.
prov-caba-leg-biasi-vanina,Vanina Biasi,CABA,Legislativo,Legislaturas provinciales,Legislador/a de la Ciudad,Ciudad Autónoma de Buenos Aires,Frente de Izquierda de los Trabajadores / PO,10/12/2025,09/12/2029,activo_al_2026-09-01,https://www.legislatura.gob.ar/seccion/composicion-actual.html,sources/subnational_roster/caba_legisladores_vigentes_2026-09-01.xml,OIP Legislatura CABA · Ley 6.357,listado_ddjj_2025_publicado_sin_cruce_nominal,La Legislatura publica el listado 2025; falta cruzar cada registro nominal.,https://www.legislatura.gob.ar/seccion/listado-diputados-djpi.html,nombre_compatible_unico_en_oa,BIASI VANINA NATALIA,2017|2018|2020|2024,4,2017,2024,,"La publicación del listado de DJPI confirma la ruta institucional, no la presentación individual hasta completar el cruce nominal."
prov-caba-leg-lospennato-silvia,Silvia Lospennato,CABA,Legislativo,Legislaturas provinciales,Legislador/a de la Ciudad,Ciudad Autónoma de Buenos Aires,Vamos por más,10/12/2025,09/12/2029,activo_al_2026-09-01,https://www.legislatura.gob.ar/seccion/composicion-actual.html,sources/subnational_roster/caba_legisladores_vigentes_2026-09-01.xml,OIP Legislatura CABA · Ley 6.357,listado_ddjj_2025_publicado_sin_cruce_nominal,La Legislatura publica el listado 2025; falta cruzar cada registro nominal.,https://www.legislatura.gob.ar/seccion/listado-diputados-djpi.html,nombre_compatible_unico_en_oa,LOSPENNATO SILVIA GABRIELA,2017|2018|2019|2020|2021|2022|2023|2024,8,2017,2024,,"La publicación del listado de DJPI confirma la ruta institucional, no la presentación individual hasta completar el cruce nominal."
prov-caba-leg-casielles-eugenio,Eugenio Casielles,CABA,Legislativo,Legislaturas provinciales,Legislador/a de la Ciudad,Ciudad Autónoma de Buenos Aires,Transformación,10/12/2023,09/12/2027,activo_al_2026-09-01,https://www.legislatura.gob.ar/seccion/composicion-actual.html,sources/subnational_roster/caba_legisladores_vigentes_2026-09-01.xml,OIP Legislatura CABA · Ley 6.357,listado_ddjj_2025_publicado_sin_cruce_nominal,La Legislatura publica el listado 2025; falta cruzar cada registro nominal.,https://www.legislatura.gob.ar/seccion/listado-diputados-djpi.html,sin_nombre_compatible_oa_2017_2024,,,0,,,,"La publicación del listado de DJPI confirma la ruta institucional, no la presentación individual hasta completar el cruce nominal."
prov-caba-leg-ferrario-emmanuel,Emmanuel Ferrario,CABA,Legislativo,Legislaturas provinciales,Legislador/a de la Ciudad,Ciudad Autónoma de Buenos Aires,Confianza y Desarrollo,10/12/2025,09/12/2029,activo_al_2026-09-01,https://www.legislatura.gob.ar/seccion/composicion-actual.html,sources/subnational_roster/caba_legisladores_vigentes_2026-09-01.xml,OIP Legislatura CABA · Ley 6.357,listado_ddjj_2025_publicado_sin_cruce_nominal,La Legislatura publica el listado 2025; falta cruzar cada registro nominal.,https://www.legislatura.gob.ar/seccion/listado-diputados-djpi.html,nombre_compatible_unico_en_oa,FERRARIO EMMANUEL ALBERTO,2018|2021|2023|2024,4,2018,2024,,"La publicación del listado de DJPI confirma la ruta institucional, no la presentación individual hasta completar el cruce nominal."
prov-caba-leg-thourte-manuela,Manuela Thourte,CABA,Legislativo,Legislaturas provinciales,Legislador/a de la Ciudad,Ciudad Autónoma de Buenos Aires,Ciudadanos Unidos / UCR,10/12/2023,09/12/2027,activo_al_2026-09-01,https://www.legislatura.gob.ar/seccion/composicion-actual.html,sources/subnational_roster/caba_legisladores_vigentes_2026-09-01.xml,OIP Legislatura CABA · Ley 6.357,listado_ddjj_2025_publicado_sin_cruce_nominal,La Legislatura publica el listado 2025; falta cruzar cada registro nominal.,https://www.legislatura.gob.ar/seccion/listado-diputados-djpi.html,sin_nombre_compatible_oa_2017_2024,,,0,,,,"La publicación del listado de DJPI confirma la ruta institucional, no la presentación individual hasta completar el cruce nominal."
prov-caba-leg-neira-claudia,Claudia Neira,CABA,Legislativo,Legislaturas provinciales,Legislador/a de la Ciudad,Ciudad Autónoma de Buenos Aires,Fuerza por Buenos Aires,10/12/2023,09/12/2027,activo_al_2026-09-01,https://www.legislatura.gob.ar/seccion/composicion-actual.html,sources/subnational_roster/caba_legisladores_vigentes_2026-09-01.xml,OIP Legislatura CABA · Ley 6.357,listado_ddjj_2025_publicado_sin_cruce_nominal,La Legislatura publica el listado 2025; falta cruzar cada registro nominal.,https://www.legislatura.gob.ar/seccion/listado-diputados-djpi.html,sin_nombre_compatible_oa_2017_2024,,,0,,,,"La publicación del listado de DJPI confirma la ruta institucional, no la presentación individual hasta completar el cruce nominal."
prov-caba-leg-ramirez-maria-del-pilar,María Del Pilar Ramírez,CABA,Legislativo,Legislaturas provinciales,Legislador/a de la Ciudad,Ciudad Autónoma de Buenos Aires,La Libertad avanza,10/12/2023,09/12/2027,activo_al_2026-09-01,https://www.legislatura.gob.ar/seccion/composicion-actual.html,sources/subnational_roster/caba_legisladores_vigentes_2026-09-01.xml,OIP Legislatura CABA · Ley 6.357,listado_ddjj_2025_publicado_sin_cruce_nominal,La Legislatura publica el listado 2025; falta cruzar cada registro nominal.,https://www.legislatura.gob.ar/seccion/listado-diputados-djpi.html,nombre_compatible_unico_en_oa,RAMIREZ MARIA DEL PILAR,2024,1,2024,2024,,"La publicación del listado de DJPI confirma la ruta institucional, no la presentación individual hasta completar el cruce nominal."
prov-caba-leg-alifraco-edgardo-nestor,Edgardo Nestor Alifraco,CABA,Legislativo,Legislaturas provinciales,Legislador/a de la Ciudad,Ciudad Autónoma de Buenos Aires,Confianza y Desarrollo,10/12/2023,09/12/2027,activo_al_2026-09-01,https://www.legislatura.gob.ar/seccion/composicion-actual.html,sources/subnational_roster/caba_legisladores_vigentes_2026-09-01.xml,OIP Legislatura CABA · Ley 6.357,listado_ddjj_2025_publicado_sin_cruce_nominal,La Legislatura publica el listado 2025; falta cruzar cada registro nominal.,https://www.legislatura.gob.ar/seccion/listado-diputados-djpi.html,sin_nombre_compatible_oa_2017_2024,,,0,,,,"La publicación del listado de DJPI confirma la ruta institucional, no la presentación individual hasta completar el cruce nominal."
prov-caba-leg-alonso-laura,Laura Alonso,CABA,Legislativo,Legislaturas provinciales,Legislador/a de la Ciudad,Ciudad Autónoma de Buenos Aires,Vamos por más,10/12/2025,09/12/2029,activo_al_2026-09-01,https://www.legislatura.gob.ar/seccion/composicion-actual.html,sources/subnational_roster/caba_legisladores_vigentes_2026-09-01.xml,OIP Legislatura CABA · Ley 6.357,listado_ddjj_2025_publicado_sin_cruce_nominal,La Legislatura publica el listado 2025; falta cruzar cada registro nominal.,https://www.legislatura.gob.ar/seccion/listado-diputados-djpi.html,coincidencia_multiple_revisar_homonimia,ALONSO LAURA | ALONSO LAURA CECILIA | ALONSO LAURA VALERIA | ALONSO LAURA VIRGINIA,2017|2018|2019|2020|2021|2022|2023|2024,8,2017,2024,,"La publicación del listado de DJPI confirma la ruta institucional, no la presentación individual hasta completar el cruce nominal."
prov-caba-leg-arenaza-juan-pablo,Juan Pablo Arenaza,CABA,Legislativo,Legislaturas provinciales,Legislador/a de la Ciudad,Ciudad Autónoma de Buenos Aires,La Libertad avanza,10/12/2025,09/12/2029,activo_al_2026-09-01,https://www.legislatura.gob.ar/seccion/composicion-actual.html,sources/subnational_roster/caba_legisladores_vigentes_2026-09-01.xml,OIP Legislatura CABA · Ley 6.357,listado_ddjj_2025_publicado_sin_cruce_nominal,La Legislatura publica el listado 2025; falta cruzar cada registro nominal.,https://www.legislatura.gob.ar/seccion/listado-diputados-djpi.html,sin_nombre_compatible_oa_2017_2024,,,0,,,,"La publicación del listado de DJPI confirma la ruta institucional, no la presentación individual hasta completar el cruce nominal."
prov-caba-leg-barroetavena-matias,Matías Barroetaveña,CABA,Legislativo,Legislaturas provinciales,Legislador/a de la Ciudad,Ciudad Autónoma de Buenos Aires,Fuerza por Buenos Aires,10/12/2023,09/12/2027,activo_al_2026-09-01,https://www.legislatura.gob.ar/seccion/composicion-actual.html,sources/subnational_roster/caba_legisladores_vigentes_2026-09-01.xml,OIP Legislatura CABA · Ley 6.357,listado_ddjj_2025_publicado_sin_cruce_nominal,La Legislatura publica el listado 2025; falta cruzar cada registro nominal.,https://www.legislatura.gob.ar/seccion/listado-diputados-djpi.html,sin_nombre_compatible_oa_2017_2024,,,0,,,,"La publicación del listado de DJPI confirma la ruta institucional, no la presentación individual hasta completar el cruce nominal."
prov-caba-leg-bielli-maria,María Bielli,CABA,Legislativo,Legislaturas provinciales,Legislador/a de la Ciudad,Ciudad Autónoma de Buenos Aires,Fuerza por Buenos Aires,10/12/2023,09/12/2027,activo_al_2026-09-01,https://www.legislatura.gob.ar/seccion/composicion-actual.html,sources/subnational_roster/caba_legisladores_vigentes_2026-09-01.xml,OIP Legislatura CABA · Ley 6.357,listado_ddjj_2025_publicado_sin_cruce_nominal,La Legislatura publica el listado 2025; falta cruzar cada registro nominal.,https://www.legislatura.gob.ar/seccion/listado-diputados-djpi.html,sin_nombre_compatible_oa_2017_2024,,,0,,,,"La publicación del listado de DJPI confirma la ruta institucional, no la presentación individual hasta completar el cruce nominal."
prov-caba-leg-caporiccio-francisco,Francisco Caporiccio,CABA,Legislativo,Legislaturas provinciales,Legislador/a de la Ciudad,Ciudad Autónoma de Buenos Aires,Fuerza por Buenos Aires,10/12/2025,09/12/2029,activo_al_2026-09-01,https://www.legislatura.gob.ar/seccion/composicion-actual.html,sources/subnational_roster/caba_legisladores_vigentes_2026-09-01.xml,OIP Legislatura CABA · Ley 6.357,listado_ddjj_2025_publicado_sin_cruce_nominal,La Legislatura publica el listado 2025; falta cruzar cada registro nominal.,https://www.legislatura.gob.ar/seccion/listado-diputados-djpi.html,sin_nombre_compatible_oa_2017_2024,,,0,,,,"La publicación del listado de DJPI confirma la ruta institucional, no la presentación individual hasta completar el cruce nominal."
prov-caba-leg-crucitta-aldana-belen,Aldana Belén Crucitta,CABA,Legislativo,Legislaturas provinciales,Legislador/a de la Ciudad,Ciudad Autónoma de Buenos Aires,Ciudadanos Unidos / UCR,10/12/2023,09/12/2027,activo_al_2026-09-01,https://www.legislatura.gob.ar/seccion/composicion-actual.html,sources/subnational_roster/caba_legisladores_vigentes_2026-09-01.xml,OIP Legislatura CABA · Ley 6.357,listado_ddjj_2025_publicado_sin_cruce_nominal,La Legislatura publica el listado 2025; falta cruzar cada registro nominal.,https://www.legislatura.gob.ar/seccion/listado-diputados-djpi.html,sin_nombre_compatible_oa_2017_2024,,,0,,,,"La publicación del listado de DJPI confirma la ruta institucional, no la presentación individual hasta completar el cruce nominal."
prov-caba-leg-del-gaiso-juan-facundo,Juan Facundo Del Gaiso,CABA,Legislativo,Legislaturas provinciales,Legislador/a de la Ciudad,Ciudad Autónoma de Buenos Aires,Vamos por más,10/12/2023,09/12/2027,activo_al_2026-09-01,https://www.legislatura.gob.ar/seccion/composicion-actual.html,sources/subnational_roster/caba_legisladores_vigentes_2026-09-01.xml,OIP Legislatura CABA · Ley 6.357,listado_ddjj_2025_publicado_sin_cruce_nominal,La Legislatura publica el listado 2025; falta cruzar cada registro nominal.,https://www.legislatura.gob.ar/seccion/listado-diputados-djpi.html,nombre_compatible_unico_en_oa,DEL GAISO JUAN FACUNDO,2024,1,2024,2024,,"La publicación del listado de DJPI confirma la ruta institucional, no la presentación individual hasta completar el cruce nominal."
prov-caba-leg-donati-pablo-alejandro,Pablo Alejandro Donati,CABA,Legislativo,Legislaturas provinciales,Legislador/a de la Ciudad,Ciudad Autónoma de Buenos Aires,Vamos por más,10/12/2023,09/12/2027,activo_al_2026-09-01,https://www.legislatura.gob.ar/seccion/composicion-actual.html,sources/subnational_roster/caba_legisladores_vigentes_2026-09-01.xml,OIP Legislatura CABA · Ley 6.357,listado_ddjj_2025_publicado_sin_cruce_nominal,La Legislatura publica el listado 2025; falta cruzar cada registro nominal.,https://www.legislatura.gob.ar/seccion/listado-diputados-djpi.html,sin_nombre_compatible_oa_2017_2024,,,0,,,,"La publicación del listado de DJPI confirma la ruta institucional, no la presentación individual hasta completar el cruce nominal."
prov-caba-leg-ernst-marcelo-gregorio,Marcelo Gregorio Ernst,CABA,Legislativo,Legislaturas provinciales,Legislador/a de la Ciudad,Ciudad Autónoma de Buenos Aires,La Libertad avanza,10/12/2025,09/12/2029,activo_al_2026-09-01,https://www.legislatura.gob.ar/seccion/composicion-actual.html,sources/subnational_roster/caba_legisladores_vigentes_2026-09-01.xml,OIP Legislatura CABA · Ley 6.357,listado_ddjj_2025_publicado_sin_cruce_nominal,La Legislatura publica el listado 2025; falta cruzar cada registro nominal.,https://www.legislatura.gob.ar/seccion/listado-diputados-djpi.html,sin_nombre_compatible_oa_2017_2024,,,0,,,,"La publicación del listado de DJPI confirma la ruta institucional, no la presentación individual hasta completar el cruce nominal."
prov-caba-leg-fernandez-juan-ignacio,Juan Ignacio Fernández,CABA,Legislativo,Legislaturas provinciales,Legislador/a de la Ciudad,Ciudad Autónoma de Buenos Aires,La Libertad avanza,10/12/2025,09/12/2029,activo_al_2026-09-01,https://www.legislatura.gob.ar/seccion/composicion-actual.html,sources/subnational_roster/caba_legisladores_vigentes_2026-09-01.xml,OIP Legislatura CABA · Ley 6.357,listado_ddjj_2025_publicado_sin_cruce_nominal,La Legislatura publica el listado 2025; falta cruzar cada registro nominal.,https://www.legislatura.gob.ar/seccion/listado-diputados-djpi.html,sin_nombre_compatible_oa_2017_2024,,,0,,,,"La publicación del listado de DJPI confirma la ruta institucional, no la presentación individual hasta completar el cruce nominal."
prov-caba-leg-ferreno-claudio-americo,Claudio Américo Ferreño,CABA,Legislativo,Legislaturas provinciales,Legislador/a de la Ciudad,Ciudad Autónoma de Buenos Aires,Fuerza por Buenos Aires,10/12/2023,09/12/2027,activo_al_2026-09-01,https://www.legislatura.gob.ar/seccion/composicion-actual.html,sources/subnational_roster/caba_legisladores_vigentes_2026-09-01.xml,OIP Legislatura CABA · Ley 6.357,listado_ddjj_2025_publicado_sin_cruce_nominal,La Legislatura publica el listado 2025; falta cruzar cada registro nominal.,https://www.legislatura.gob.ar/seccion/listado-diputados-djpi.html,sin_nombre_compatible_oa_2017_2024,,,0,,,,"La publicación del listado de DJPI confirma la ruta institucional, no la presentación individual hasta completar el cruce nominal."
prov-caba-leg-figueroa-rocio,Rocío Figueroa,CABA,Legislativo,Legislaturas provinciales,Legislador/a de la Ciudad,Ciudad Autónoma de Buenos Aires,Vamos por más,10/12/2025,09/12/2029,activo_al_2026-09-01,https://www.legislatura.gob.ar/seccion/composicion-actual.html,sources/subnational_roster/caba_legisladores_vigentes_2026-09-01.xml,OIP Legislatura CABA · Ley 6.357,listado_ddjj_2025_publicado_sin_cruce_nominal,La Legislatura publica el listado 2025; falta cruzar cada registro nominal.,https://www.legislatura.gob.ar/seccion/listado-diputados-djpi.html,sin_nombre_compatible_oa_2017_2024,,,0,,,,"La publicación del listado de DJPI confirma la ruta institucional, no la presentación individual hasta completar el cruce nominal."
prov-caba-leg-fleitas-rebeca,Rebeca Fleitas,CABA,Legislativo,Legislaturas provinciales,Legislador/a de la Ciudad,Ciudad Autónoma de Buenos Aires,La Libertad avanza,10/12/2025,09/12/2029,activo_al_2026-09-01,https://www.legislatura.gob.ar/seccion/composicion-actual.html,sources/subnational_roster/caba_legisladores_vigentes_2026-09-01.xml,OIP Legislatura CABA · Ley 6.357,listado_ddjj_2025_publicado_sin_cruce_nominal,La Legislatura publica el listado 2025; falta cruzar cada registro nominal.,https://www.legislatura.gob.ar/seccion/listado-diputados-djpi.html,sin_nombre_compatible_oa_2017_2024,,,0,,,,"La publicación del listado de DJPI confirma la ruta institucional, no la presentación individual hasta completar el cruce nominal."
prov-caba-leg-freguia-andrea,Andrea Freguia,CABA,Legislativo,Legislaturas provinciales,Legislador/a de la Ciudad,Ciudad Autónoma de Buenos Aires,La Libertad avanza,10/12/2025,09/12/2029,activo_al_2026-09-01,https://www.legislatura.gob.ar/seccion/composicion-actual.html,sources/subnational_roster/caba_legisladores_vigentes_2026-09-01.xml,OIP Legislatura CABA · Ley 6.357,listado_ddjj_2025_publicado_sin_cruce_nominal,La Legislatura publica el listado 2025; falta cruzar cada registro nominal.,https://www.legislatura.gob.ar/seccion/listado-diputados-djpi.html,sin_nombre_compatible_oa_2017_2024,,,0,,,,"La publicación del listado de DJPI confirma la ruta institucional, no la presentación individual hasta completar el cruce nominal."
prov-caba-leg-freire-victoria,Victoria Freire,CABA,Legislativo,Legislaturas provinciales,Legislador/a de la Ciudad,Ciudad Autónoma de Buenos Aires,Fuerza por Buenos Aires,10/12/2023,09/12/2027,activo_al_2026-09-01,https://www.legislatura.gob.ar/seccion/composicion-actual.html,sources/subnational_roster/caba_legisladores_vigentes_2026-09-01.xml,OIP Legislatura CABA · Ley 6.357,listado_ddjj_2025_publicado_sin_cruce_nominal,La Legislatura publica el listado 2025; falta cruzar cada registro nominal.,https://www.legislatura.gob.ar/seccion/listado-diputados-djpi.html,sin_nombre_compatible_oa_2017_2024,,,0,,,,"La publicación del listado de DJPI confirma la ruta institucional, no la presentación individual hasta completar el cruce nominal."
prov-caba-leg-geminiani-noemi,Noemí Geminiani,CABA,Legislativo,Legislaturas provinciales,Legislador/a de la Ciudad,Ciudad Autónoma de Buenos Aires,Fuerza por Buenos Aires,10/12/2025,09/12/2029,activo_al_2026-09-01,https://www.legislatura.gob.ar/seccion/composicion-actual.html,sources/subnational_roster/caba_legisladores_vigentes_2026-09-01.xml,OIP Legislatura CABA · Ley 6.357,listado_ddjj_2025_publicado_sin_cruce_nominal,La Legislatura publica el listado 2025; falta cruzar cada registro nominal.,https://www.legislatura.gob.ar/seccion/listado-diputados-djpi.html,sin_nombre_compatible_oa_2017_2024,,,0,,,,"La publicación del listado de DJPI confirma la ruta institucional, no la presentación individual hasta completar el cruce nominal."
prov-caba-leg-glize-patricia-ines,Patricia Inés Glize,CABA,Legislativo,Legislaturas provinciales,Legislador/a de la Ciudad,Ciudad Autónoma de Buenos Aires,Vamos por más,10/12/2023,09/12/2027,activo_al_2026-09-01,https://www.legislatura.gob.ar/seccion/composicion-actual.html,sources/subnational_roster/caba_legisladores_vigentes_2026-09-01.xml,OIP Legislatura CABA · Ley 6.357,listado_ddjj_2025_publicado_sin_cruce_nominal,La Legislatura publica el listado 2025; falta cruzar cada registro nominal.,https://www.legislatura.gob.ar/seccion/listado-diputados-djpi.html,sin_nombre_compatible_oa_2017_2024,,,0,,,,"La publicación del listado de DJPI confirma la ruta institucional, no la presentación individual hasta completar el cruce nominal."
prov-caba-leg-gonzalez-andrea-mariana,Andrea Mariana González,CABA,Legislativo,Legislaturas provinciales,Legislador/a de la Ciudad,Ciudad Autónoma de Buenos Aires,Fuerza por Buenos Aires,10/12/2025,09/12/2029,activo_al_2026-09-01,https://www.legislatura.gob.ar/seccion/composicion-actual.html,sources/subnational_roster/caba_legisladores_vigentes_2026-09-01.xml,OIP Legislatura CABA · Ley 6.357,listado_ddjj_2025_publicado_sin_cruce_nominal,La Legislatura publica el listado 2025; falta cruzar cada registro nominal.,https://www.legislatura.gob.ar/seccion/listado-diputados-djpi.html,sin_nombre_compatible_oa_2017_2024,,,0,,,,"La publicación del listado de DJPI confirma la ruta institucional, no la presentación individual hasta completar el cruce nominal."
prov-caba-leg-grillo-alejandro-omar,Alejandro Omar Grillo,CABA,Legislativo,Legislaturas provinciales,Legislador/a de la Ciudad,Ciudad Autónoma de Buenos Aires,Fuerza por Buenos Aires,10/12/2023,09/12/2027,activo_al_2026-09-01,https://www.legislatura.gob.ar/seccion/composicion-actual.html,sources/subnational_roster/caba_legisladores_vigentes_2026-09-01.xml,OIP Legislatura CABA · Ley 6.357,listado_ddjj_2025_publicado_sin_cruce_nominal,La Legislatura publica el listado 2025; falta cruzar cada registro nominal.,https://www.legislatura.gob.ar/seccion/listado-diputados-djpi.html,nombre_compatible_unico_en_oa,GRILLO ALEJANDRO OMAR,2017|2018|2019|2020|2021|2022|2023,7,2017,2023,,"La publicación del listado de DJPI confirma la ruta institucional, no la presentación individual hasta completar el cruce nominal."
prov-caba-leg-ianez-berenice,Berenice Iañez,CABA,Legislativo,Legislaturas provinciales,Legislador/a de la Ciudad,Ciudad Autónoma de Buenos Aires,Fuerza por Buenos Aires,10/12/2025,09/12/2029,activo_al_2026-09-01,https://www.legislatura.gob.ar/seccion/composicion-actual.html,sources/subnational_roster/caba_legisladores_vigentes_2026-09-01.xml,OIP Legislatura CABA · Ley 6.357,listado_ddjj_2025_publicado_sin_cruce_nominal,La Legislatura publica el listado 2025; falta cruzar cada registro nominal.,https://www.legislatura.gob.ar/seccion/listado-diputados-djpi.html,nombre_compatible_unico_en_oa,IAÑEZ BERENICE LIA,2023|2024,2,2023,2024,,"La publicación del listado de DJPI confirma la ruta institucional, no la presentación individual hasta completar el cruce nominal."
prov-caba-leg-imas-silvia,Silvia Imas,CABA,Legislativo,Legislaturas provinciales,Legislador/a de la Ciudad,Ciudad Autónoma de Buenos Aires,La Libertad avanza,10/12/2023,09/12/2027,activo_al_2026-09-01,https://www.legislatura.gob.ar/seccion/composicion-actual.html,sources/subnational_roster/caba_legisladores_vigentes_2026-09-01.xml,OIP Legislatura CABA · Ley 6.357,listado_ddjj_2025_publicado_sin_cruce_nominal,La Legislatura publica el listado 2025; falta cruzar cada registro nominal.,https://www.legislatura.gob.ar/seccion/listado-diputados-djpi.html,sin_nombre_compatible_oa_2017_2024,,,0,,,,"La publicación del listado de DJPI confirma la ruta institucional, no la presentación individual hasta completar el cruce nominal."
prov-caba-leg-kienast-marina,Marina Kienast,CABA,Legislativo,Legislaturas provinciales,Legislador/a de la Ciudad,Ciudad Autónoma de Buenos Aires,La Libertad avanza,10/12/2025,09/12/2029,activo_al_2026-09-01,https://www.legislatura.gob.ar/seccion/composicion-actual.html,sources/subnational_roster/caba_legisladores_vigentes_2026-09-01.xml,OIP Legislatura CABA · Ley 6.357,listado_ddjj_2025_publicado_sin_cruce_nominal,La Legislatura publica el listado 2025; falta cruzar cada registro nominal.,https://www.legislatura.gob.ar/seccion/listado-diputados-djpi.html,sin_nombre_compatible_oa_2017_2024,,,0,,,,"La publicación del listado de DJPI confirma la ruta institucional, no la presentación individual hasta completar el cruce nominal."
prov-caba-leg-la-blunda-andres,Andrés La Blunda,CABA,Legislativo,Legislaturas provinciales,Legislador/a de la Ciudad,Ciudad Autónoma de Buenos Aires,Fuerza por Buenos Aires,10/12/2023,09/12/2027,activo_al_2026-09-01,https://www.legislatura.gob.ar/seccion/composicion-actual.html,sources/subnational_roster/caba_legisladores_vigentes_2026-09-01.xml,OIP Legislatura CABA · Ley 6.357,listado_ddjj_2025_publicado_sin_cruce_nominal,La Legislatura publica el listado 2025; falta cruzar cada registro nominal.,https://www.legislatura.gob.ar/seccion/listado-diputados-djpi.html,sin_nombre_compatible_oa_2017_2024,,,0,,,,"La publicación del listado de DJPI confirma la ruta institucional, no la presentación individual hasta completar el cruce nominal."
prov-caba-leg-lammens-matias,Matías Lammens,CABA,Legislativo,Legislaturas provinciales,Legislador/a de la Ciudad,Ciudad Autónoma de Buenos Aires,Fuerza por Buenos Aires,10/12/2023,09/12/2027,activo_al_2026-09-01,https://www.legislatura.gob.ar/seccion/composicion-actual.html,sources/subnational_roster/caba_legisladores_vigentes_2026-09-01.xml,OIP Legislatura CABA · Ley 6.357,listado_ddjj_2025_publicado_sin_cruce_nominal,La Legislatura publica el listado 2025; falta cruzar cada registro nominal.,https://www.legislatura.gob.ar/seccion/listado-diputados-djpi.html,sin_nombre_compatible_oa_2017_2024,,,0,,,,"La publicación del listado de DJPI confirma la ruta institucional, no la presentación individual hasta completar el cruce nominal."
prov-caba-leg-lopez-matias-damian,Matías Damián López,CABA,Legislativo,Legislaturas provinciales,Legislador/a de la Ciudad,Ciudad Autónoma de Buenos Aires,Vamos por más,10/12/2023,09/12/2027,activo_al_2026-09-01,https://www.legislatura.gob.ar/seccion/composicion-actual.html,sources/subnational_roster/caba_legisladores_vigentes_2026-09-01.xml,OIP Legislatura CABA · Ley 6.357,listado_ddjj_2025_publicado_sin_cruce_nominal,La Legislatura publica el listado 2025; falta cruzar cada registro nominal.,https://www.legislatura.gob.ar/seccion/listado-diputados-djpi.html,sin_nombre_compatible_oa_2017_2024,,,0,,,,"La publicación del listado de DJPI confirma la ruta institucional, no la presentación individual hasta completar el cruce nominal."
prov-caba-leg-loupias-francisco,Francisco Loupias,CABA,Legislativo,Legislaturas provinciales,Legislador/a de la Ciudad,Ciudad Autónoma de Buenos Aires,Ciudadanos Unidos / UCR,10/12/2023,09/12/2027,activo_al_2026-09-01,https://www.legislatura.gob.ar/seccion/composicion-actual.html,sources/subnational_roster/caba_legisladores_vigentes_2026-09-01.xml,OIP Legislatura CABA · Ley 6.357,listado_ddjj_2025_publicado_sin_cruce_nominal,La Legislatura publica el listado 2025; falta cruzar cada registro nominal.,https://www.legislatura.gob.ar/seccion/listado-diputados-djpi.html,sin_nombre_compatible_oa_2017_2024,,,0,,,,"La publicación del listado de DJPI confirma la ruta institucional, no la presentación individual hasta completar el cruce nominal."
prov-caba-leg-martin-amanda,Amanda Martín,CABA,Legislativo,Legislaturas provinciales,Legislador/a de la Ciudad,Ciudad Autónoma de Buenos Aires,Frente de Izquierda de los Trabajadores / PO,18/06/2026,09/12/2027,activo_al_2026-09-01,https://www.legislatura.gob.ar/seccion/composicion-actual.html,sources/subnational_roster/caba_legisladores_vigentes_2026-09-01.xml,OIP Legislatura CABA · Ley 6.357,listado_ddjj_2025_publicado_sin_cruce_nominal,La Legislatura publica el listado 2025; falta cruzar cada registro nominal.,https://www.legislatura.gob.ar/seccion/listado-diputados-djpi.html,nombre_compatible_unico_en_oa,MARTIN AMANDA,2020|2021,2,2020,2021,,"La publicación del listado de DJPI confirma la ruta institucional, no la presentación individual hasta completar el cruce nominal."
prov-caba-leg-mochi-federico,Federico Mochi,CABA,Legislativo,Legislaturas provinciales,Legislador/a de la Ciudad,Ciudad Autónoma de Buenos Aires,Fuerza por Buenos Aires,10/12/2025,09/12/2029,activo_al_2026-09-01,https://www.legislatura.gob.ar/seccion/composicion-actual.html,sources/subnational_roster/caba_legisladores_vigentes_2026-09-01.xml,OIP Legislatura CABA · Ley 6.357,listado_ddjj_2025_publicado_sin_cruce_nominal,La Legislatura publica el listado 2025; falta cruzar cada registro nominal.,https://www.legislatura.gob.ar/seccion/listado-diputados-djpi.html,nombre_compatible_unico_en_oa,MOCHI FEDERICO PATRICIO,2023,1,2023,2023,,"La publicación del listado de DJPI confirma la ruta institucional, no la presentación individual hasta completar el cruce nominal."
prov-caba-leg-modarelli-juan-pablo,Juan Pablo Modarelli,CABA,Legislativo,Legislaturas provinciales,Legislador/a de la Ciudad,Ciudad Autónoma de Buenos Aires,Fuerza por Buenos Aires,10/12/2025,09/12/2029,activo_al_2026-09-01,https://www.legislatura.gob.ar/seccion/composicion-actual.html,sources/subnational_roster/caba_legisladores_vigentes_2026-09-01.xml,OIP Legislatura CABA · Ley 6.357,listado_ddjj_2025_publicado_sin_cruce_nominal,La Legislatura publica el listado 2025; falta cruzar cada registro nominal.,https://www.legislatura.gob.ar/seccion/listado-diputados-djpi.html,nombre_compatible_unico_en_oa,MODARELLI JUAN PABLO,2019|2020|2021|2022|2023,5,2019,2023,,"La publicación del listado de DJPI confirma la ruta institucional, no la presentación individual hasta completar el cruce nominal."
prov-caba-leg-mollard-maria-fernanda,María Fernanda Mollard,CABA,Legislativo,Legislaturas provinciales,Legislador/a de la Ciudad,Ciudad Autónoma de Buenos Aires,Ciudadanos Unidos / UCR,10/12/2023,09/12/2027,activo_al_2026-09-01,https://www.legislatura.gob.ar/seccion/composicion-actual.html,sources/subnational_roster/caba_legisladores_vigentes_2026-09-01.xml,OIP Legislatura CABA · Ley 6.357,listado_ddjj_2025_publicado_sin_cruce_nominal,La Legislatura publica el listado 2025; falta cruzar cada registro nominal.,https://www.legislatura.gob.ar/seccion/listado-diputados-djpi.html,sin_nombre_compatible_oa_2017_2024,,,0,,,,"La publicación del listado de DJPI confirma la ruta institucional, no la presentación individual hasta completar el cruce nominal."
prov-caba-leg-montenegro-lucia,Lucía Montenegro,CABA,Legislativo,Legislaturas provinciales,Legislador/a de la Ciudad,Ciudad Autónoma de Buenos Aires,La Libertad avanza,10/12/2025,09/12/2029,activo_al_2026-09-01,https://www.legislatura.gob.ar/seccion/composicion-actual.html,sources/subnational_roster/caba_legisladores_vigentes_2026-09-01.xml,OIP Legislatura CABA · Ley 6.357,listado_ddjj_2025_publicado_sin_cruce_nominal,La Legislatura publica el listado 2025; falta cruzar cada registro nominal.,https://www.legislatura.gob.ar/seccion/listado-diputados-djpi.html,sin_nombre_compatible_oa_2017_2024,,,0,,,,"La publicación del listado de DJPI confirma la ruta institucional, no la presentación individual hasta completar el cruce nominal."
prov-caba-leg-nagata-sebastian,Sebastián Nagata,CABA,Legislativo,Legislaturas provinciales,Legislador/a de la Ciudad,Ciudad Autónoma de Buenos Aires,Confianza y Desarrollo,10/12/2023,09/12/2027,activo_al_2026-09-01,https://www.legislatura.gob.ar/seccion/composicion-actual.html,sources/subnational_roster/caba_legisladores_vigentes_2026-09-01.xml,OIP Legislatura CABA · Ley 6.357,listado_ddjj_2025_publicado_sin_cruce_nominal,La Legislatura publica el listado 2025; falta cruzar cada registro nominal.,https://www.legislatura.gob.ar/seccion/listado-diputados-djpi.html,sin_nombre_compatible_oa_2017_2024,,,0,,,,"La publicación del listado de DJPI confirma la ruta institucional, no la presentación individual hasta completar el cruce nominal."
prov-caba-leg-negri-claudia,Claudia Negri,CABA,Legislativo,Legislaturas provinciales,Legislador/a de la Ciudad,Ciudad Autónoma de Buenos Aires,Fuerza por Buenos Aires,10/12/2025,09/12/2029,activo_al_2026-09-01,https://www.legislatura.gob.ar/seccion/composicion-actual.html,sources/subnational_roster/caba_legisladores_vigentes_2026-09-01.xml,OIP Legislatura CABA · Ley 6.357,listado_ddjj_2025_publicado_sin_cruce_nominal,La Legislatura publica el listado 2025; falta cruzar cada registro nominal.,https://www.legislatura.gob.ar/seccion/listado-diputados-djpi.html,nombre_compatible_unico_en_oa,NEGRI CLAUDIA VIVIANA,2022|2023|2024,3,2022,2024,,"La publicación del listado de DJPI confirma la ruta institucional, no la presentación individual hasta completar el cruce nominal."
prov-caba-leg-nieto-dario-hugo,Darío Hugo Nieto,CABA,Legislativo,Legislaturas provinciales,Legislador/a de la Ciudad,Ciudad Autónoma de Buenos Aires,Vamos por más,10/12/2025,09/12/2029,activo_al_2026-09-01,https://www.legislatura.gob.ar/seccion/composicion-actual.html,sources/subnational_roster/caba_legisladores_vigentes_2026-09-01.xml,OIP Legislatura CABA · Ley 6.357,listado_ddjj_2025_publicado_sin_cruce_nominal,La Legislatura publica el listado 2025; falta cruzar cada registro nominal.,https://www.legislatura.gob.ar/seccion/listado-diputados-djpi.html,nombre_compatible_unico_en_oa,NIETO DARIO HUGO,2017|2018|2019|2021|2022,5,2017,2022,,"La publicación del listado de DJPI confirma la ruta institucional, no la presentación individual hasta completar el cruce nominal."
prov-caba-leg-ocana-maria-graciela,María Graciela Ocaña,CABA,Legislativo,Legislaturas provinciales,Legislador/a de la Ciudad,Ciudad Autónoma de Buenos Aires,Confianza y Desarrollo,10/12/2023,09/12/2027,activo_al_2026-09-01,https://www.legislatura.gob.ar/seccion/composicion-actual.html,sources/subnational_roster/caba_legisladores_vigentes_2026-09-01.xml,OIP Legislatura CABA · Ley 6.357,listado_ddjj_2025_publicado_sin_cruce_nominal,La Legislatura publica el listado 2025; falta cruzar cada registro nominal.,https://www.legislatura.gob.ar/seccion/listado-diputados-djpi.html,nombre_compatible_unico_en_oa,OCAÑA MARIA GRACIELA,2017|2018|2019|2020|2021|2022|2024,7,2017,2024,,"La publicación del listado de DJPI confirma la ruta institucional, no la presentación individual hasta completar el cruce nominal."
prov-caba-leg-pakgojz-nicolas,Nicolás Pakgojz,CABA,Legislativo,Legislaturas provinciales,Legislador/a de la Ciudad,Ciudad Autónoma de Buenos Aires,La Libertad avanza,10/12/2025,09/12/2029,activo_al_2026-09-01,https://www.legislatura.gob.ar/seccion/composicion-actual.html,sources/subnational_roster/caba_legisladores_vigentes_2026-09-01.xml,OIP Legislatura CABA · Ley 6.357,listado_ddjj_2025_publicado_sin_cruce_nominal,La Legislatura publica el listado 2025; falta cruzar cada registro nominal.,https://www.legislatura.gob.ar/seccion/listado-diputados-djpi.html,nombre_compatible_unico_en_oa,PAKGOJZ NICOLAS ALBERTO,2023|2024,2,2023,2024,,"La publicación del listado de DJPI confirma la ruta institucional, no la presentación individual hasta completar el cruce nominal."
prov-caba-leg-parera-ignacio-jose,Ignacio José Parera,CABA,Legislativo,Legislaturas provinciales,Legislador/a de la Ciudad,Ciudad Autónoma de Buenos Aires,Vamos por más,10/12/2023,09/12/2027,activo_al_2026-09-01,https://www.legislatura.gob.ar/seccion/composicion-actual.html,sources/subnational_roster/caba_legisladores_vigentes_2026-09-01.xml,OIP Legislatura CABA · Ley 6.357,listado_ddjj_2025_publicado_sin_cruce_nominal,La Legislatura publica el listado 2025; falta cruzar cada registro nominal.,https://www.legislatura.gob.ar/seccion/listado-diputados-djpi.html,sin_nombre_compatible_oa_2017_2024,,,0,,,,"La publicación del listado de DJPI confirma la ruta institucional, no la presentación individual hasta completar el cruce nominal."
prov-caba-leg-pelayo-solana,Solana Pelayo,CABA,Legislativo,Legislaturas provinciales,Legislador/a de la Ciudad,Ciudad Autónoma de Buenos Aires,La Libertad avanza,10/12/2025,09/12/2029,activo_al_2026-09-01,https://www.legislatura.gob.ar/seccion/composicion-actual.html,sources/subnational_roster/caba_legisladores_vigentes_2026-09-01.xml,OIP Legislatura CABA · Ley 6.357,listado_ddjj_2025_publicado_sin_cruce_nominal,La Legislatura publica el listado 2025; falta cruzar cada registro nominal.,https://www.legislatura.gob.ar/seccion/listado-diputados-djpi.html,nombre_compatible_unico_en_oa,PELAYO SOLANA AGUSTINA,2024,1,2024,2024,,"La publicación del listado de DJPI confirma la ruta institucional, no la presentación individual hasta completar el cruce nominal."
prov-caba-leg-penafort-graciana,Graciana Peñafort,CABA,Legislativo,Legislaturas provinciales,Legislador/a de la Ciudad,Ciudad Autónoma de Buenos Aires,Fuerza por Buenos Aires,10/12/2023,09/12/2027,activo_al_2026-09-01,https://www.legislatura.gob.ar/seccion/composicion-actual.html,sources/subnational_roster/caba_legisladores_vigentes_2026-09-01.xml,OIP Legislatura CABA · Ley 6.357,listado_ddjj_2025_publicado_sin_cruce_nominal,La Legislatura publica el listado 2025; falta cruzar cada registro nominal.,https://www.legislatura.gob.ar/seccion/listado-diputados-djpi.html,sin_nombre_compatible_oa_2017_2024,,,0,,,,"La publicación del listado de DJPI confirma la ruta institucional, no la presentación individual hasta completar el cruce nominal."
prov-caba-leg-rey-sandra-monica,Sandra Mónica Rey,CABA,Legislativo,Legislaturas provinciales,Legislador/a de la Ciudad,Ciudad Autónoma de Buenos Aires,La Libertad avanza,10/12/2023,09/12/2027,activo_al_2026-09-01,https://www.legislatura.gob.ar/seccion/composicion-actual.html,sources/subnational_roster/caba_legisladores_vigentes_2026-09-01.xml,OIP Legislatura CABA · Ley 6.357,listado_ddjj_2025_publicado_sin_cruce_nominal,La Legislatura publica el listado 2025; falta cruzar cada registro nominal.,https://www.legislatura.gob.ar/seccion/listado-diputados-djpi.html,sin_nombre_compatible_oa_2017_2024,,,0,,,,"La publicación del listado de DJPI confirma la ruta institucional, no la presentación individual hasta completar el cruce nominal."
prov-caba-leg-rodriguez-larreta-horacio,Horacio Rodríguez Larreta,CABA,Legislativo,Legislaturas provinciales,Legislador/a de la Ciudad,Ciudad Autónoma de Buenos Aires,Confianza y Desarrollo,10/12/2025,09/12/2029,activo_al_2026-09-01,https://www.legislatura.gob.ar/seccion/composicion-actual.html,sources/subnational_roster/caba_legisladores_vigentes_2026-09-01.xml,OIP Legislatura CABA · Ley 6.357,listado_ddjj_2025_publicado_sin_cruce_nominal,La Legislatura publica el listado 2025; falta cruzar cada registro nominal.,https://www.legislatura.gob.ar/seccion/listado-diputados-djpi.html,sin_nombre_compatible_oa_2017_2024,,,0,,,,"La publicación del listado de DJPI confirma la ruta institucional, no la presentación individual hasta completar el cruce nominal."
prov-caba-leg-rossen-barbara,Bárbara Rossen,CABA,Legislativo,Legislaturas provinciales,Legislador/a de la Ciudad,Ciudad Autónoma de Buenos Aires,Fuerza por Buenos Aires,10/12/2025,09/12/2029,activo_al_2026-09-01,https://www.legislatura.gob.ar/seccion/composicion-actual.html,sources/subnational_roster/caba_legisladores_vigentes_2026-09-01.xml,OIP Legislatura CABA · Ley 6.357,listado_ddjj_2025_publicado_sin_cruce_nominal,La Legislatura publica el listado 2025; falta cruzar cada registro nominal.,https://www.legislatura.gob.ar/seccion/listado-diputados-djpi.html,nombre_compatible_unico_en_oa,ROSSEN BARBARA LAURA,2017|2018,2,2017,2018,,"La publicación del listado de DJPI confirma la ruta institucional, no la presentación individual hasta completar el cruce nominal."
prov-caba-leg-saifert-leonardo,Leonardo Saifert,CABA,Legislativo,Legislaturas provinciales,Legislador/a de la Ciudad,Ciudad Autónoma de Buenos Aires,La Libertad avanza,10/12/2025,09/12/2029,activo_al_2026-09-01,https://www.legislatura.gob.ar/seccion/composicion-actual.html,sources/subnational_roster/caba_legisladores_vigentes_2026-09-01.xml,OIP Legislatura CABA · Ley 6.357,listado_ddjj_2025_publicado_sin_cruce_nominal,La Legislatura publica el listado 2025; falta cruzar cada registro nominal.,https://www.legislatura.gob.ar/seccion/listado-diputados-djpi.html,sin_nombre_compatible_oa_2017_2024,,,0,,,,"La publicación del listado de DJPI confirma la ruta institucional, no la presentación individual hasta completar el cruce nominal."
prov-caba-leg-salvatierra-alejandro,Alejandro Salvatierra,CABA,Legislativo,Legislaturas provinciales,Legislador/a de la Ciudad,Ciudad Autónoma de Buenos Aires,Fuerza por Buenos Aires,10/12/2025,09/12/2029,activo_al_2026-09-01,https://www.legislatura.gob.ar/seccion/composicion-actual.html,sources/subnational_roster/caba_legisladores_vigentes_2026-09-01.xml,OIP Legislatura CABA · Ley 6.357,listado_ddjj_2025_publicado_sin_cruce_nominal,La Legislatura publica el listado 2025; falta cruzar cada registro nominal.,https://www.legislatura.gob.ar/seccion/listado-diputados-djpi.html,sin_nombre_compatible_oa_2017_2024,,,0,,,,"La publicación del listado de DJPI confirma la ruta institucional, no la presentación individual hasta completar el cruce nominal."
prov-caba-leg-santoro-leandro,Leandro Santoro,CABA,Legislativo,Legislaturas provinciales,Legislador/a de la Ciudad,Ciudad Autónoma de Buenos Aires,Fuerza por Buenos Aires,10/12/2025,09/12/2029,activo_al_2026-09-01,https://www.legislatura.gob.ar/seccion/composicion-actual.html,sources/subnational_roster/caba_legisladores_vigentes_2026-09-01.xml,OIP Legislatura CABA · Ley 6.357,listado_ddjj_2025_publicado_sin_cruce_nominal,La Legislatura publica el listado 2025; falta cruzar cada registro nominal.,https://www.legislatura.gob.ar/seccion/listado-diputados-djpi.html,nombre_compatible_unico_en_oa,SANTORO LEANDRO JORGE,2017|2018|2019|2020|2021|2022|2023|2024,8,2017,2024,,"La publicación del listado de DJPI confirma la ruta institucional, no la presentación individual hasta completar el cruce nominal."
prov-caba-leg-siciliano-sergio-hernan,Sergio Hernán Siciliano,CABA,Legislativo,Legislaturas provinciales,Legislador/a de la Ciudad,Ciudad Autónoma de Buenos Aires,Vamos por más,10/12/2023,09/12/2027,activo_al_2026-09-01,https://www.legislatura.gob.ar/seccion/composicion-actual.html,sources/subnational_roster/caba_legisladores_vigentes_2026-09-01.xml,OIP Legislatura CABA · Ley 6.357,listado_ddjj_2025_publicado_sin_cruce_nominal,La Legislatura publica el listado 2025; falta cruzar cada registro nominal.,https://www.legislatura.gob.ar/seccion/listado-diputados-djpi.html,sin_nombre_compatible_oa_2017_2024,,,0,,,,"La publicación del listado de DJPI confirma la ruta institucional, no la presentación individual hasta completar el cruce nominal."
prov-caba-leg-suarez-guillermo,Guillermo Suárez,CABA,Legislativo,Legislaturas provinciales,Legislador/a de la Ciudad,Ciudad Autónoma de Buenos Aires,Ciudadanos Unidos / UCR,10/12/2023,09/12/2027,activo_al_2026-09-01,https://www.legislatura.gob.ar/seccion/composicion-actual.html,sources/subnational_roster/caba_legisladores_vigentes_2026-09-01.xml,OIP Legislatura CABA · Ley 6.357,listado_ddjj_2025_publicado_sin_cruce_nominal,La Legislatura publica el listado 2025; falta cruzar cada registro nominal.,https://www.legislatura.gob.ar/seccion/listado-diputados-djpi.html,nombre_compatible_unico_en_oa,SUAREZ GUILLERMO MANUEL,2020,1,2020,2020,,"La publicación del listado de DJPI confirma la ruta institucional, no la presentación individual hasta completar el cruce nominal."
prov-caba-leg-tagliaferri-guadalupe,Guadalupe Tagliaferri,CABA,Legislativo,Legislaturas provinciales,Legislador/a de la Ciudad,Ciudad Autónoma de Buenos Aires,Confianza y Desarrollo,10/12/2025,09/12/2029,activo_al_2026-09-01,https://www.legislatura.gob.ar/seccion/composicion-actual.html,sources/subnational_roster/caba_legisladores_vigentes_2026-09-01.xml,OIP Legislatura CABA · Ley 6.357,listado_ddjj_2025_publicado_sin_cruce_nominal,La Legislatura publica el listado 2025; falta cruzar cada registro nominal.,https://www.legislatura.gob.ar/seccion/listado-diputados-djpi.html,nombre_compatible_unico_en_oa,TAGLIAFERRI GUADALUPE,2018|2019|2020|2021|2022|2023|2024,7,2018,2024,,"La publicación del listado de DJPI confirma la ruta institucional, no la presentación individual hasta completar el cruce nominal."
prov-caba-leg-vartabedian-diego,Diego Vartabedian,CABA,Legislativo,Legislaturas provinciales,Legislador/a de la Ciudad,Ciudad Autónoma de Buenos Aires,La Libertad avanza,10/12/2025,09/12/2029,activo_al_2026-09-01,https://www.legislatura.gob.ar/seccion/composicion-actual.html,sources/subnational_roster/caba_legisladores_vigentes_2026-09-01.xml,OIP Legislatura CABA · Ley 6.357,listado_ddjj_2025_publicado_sin_cruce_nominal,La Legislatura publica el listado 2025; falta cruzar cada registro nominal.,https://www.legislatura.gob.ar/seccion/listado-diputados-djpi.html,nombre_compatible_unico_en_oa,VARTABEDIAN DIEGO MANUEL,2024,1,2024,2024,,"La publicación del listado de DJPI confirma la ruta institucional, no la presentación individual hasta completar el cruce nominal."
prov-caba-leg-velazquez-delfina,Delfina Velázquez,CABA,Legislativo,Legislaturas provinciales,Legislador/a de la Ciudad,Ciudad Autónoma de Buenos Aires,Fuerza por Buenos Aires,10/12/2023,09/12/2027,activo_al_2026-09-01,https://www.legislatura.gob.ar/seccion/composicion-actual.html,sources/subnational_roster/caba_legisladores_vigentes_2026-09-01.xml,OIP Legislatura CABA · Ley 6.357,listado_ddjj_2025_publicado_sin_cruce_nominal,La Legislatura publica el listado 2025; falta cruzar cada registro nominal.,https://www.legislatura.gob.ar/seccion/listado-diputados-djpi.html,sin_nombre_compatible_oa_2017_2024,,,0,,,,"La publicación del listado de DJPI confirma la ruta institucional, no la presentación individual hasta completar el cruce nominal."
prov-caba-leg-villafruela-gimena,Gimena Villafruela,CABA,Legislativo,Legislaturas provinciales,Legislador/a de la Ciudad,Ciudad Autónoma de Buenos Aires,Vamos por más,10/12/2023,09/12/2027,activo_al_2026-09-01,https://www.legislatura.gob.ar/seccion/composicion-actual.html,sources/subnational_roster/caba_legisladores_vigentes_2026-09-01.xml,OIP Legislatura CABA · Ley 6.357,listado_ddjj_2025_publicado_sin_cruce_nominal,La Legislatura publica el listado 2025; falta cruzar cada registro nominal.,https://www.legislatura.gob.ar/seccion/listado-diputados-djpi.html,sin_nombre_compatible_oa_2017_2024,,,0,,,,"La publicación del listado de DJPI confirma la ruta institucional, no la presentación individual hasta completar el cruce nominal."
prov-caba-leg-wolff-waldo,Waldo Wolff,CABA,Legislativo,Legislaturas provinciales,Legislador/a de la Ciudad,Ciudad Autónoma de Buenos Aires,Vamos por más,10/12/2025,09/12/2029,activo_al_2026-09-01,https://www.legislatura.gob.ar/seccion/composicion-actual.html,sources/subnational_roster/caba_legisladores_vigentes_2026-09-01.xml,OIP Legislatura CABA · Ley 6.357,listado_ddjj_2025_publicado_sin_cruce_nominal,La Legislatura publica el listado 2025; falta cruzar cada registro nominal.,https://www.legislatura.gob.ar/seccion/listado-diputados-djpi.html,nombre_compatible_unico_en_oa,WOLFF WALDO EZEQUIEL,2017|2018|2019|2020|2021,5,2017,2021,,"La publicación del listado de DJPI confirma la ruta institucional, no la presentación individual hasta completar el cruce nominal."
prov-cba-leg-quaglino-ileana,Ileana Quaglino,Provincial,Legislativo,Legislaturas provinciales,Legislador/a provincial,Córdoba,Hacemos Unidos por Córdoba,2023,2027,activo_al_2026-09-01,https://legislaturacba.gob.ar/composicion-de-la-camara/,sources/subnational_roster/cordoba_legisladores_vigentes_2026-09-01.json,Legislatura de Córdoba · publicación institucional,ruta_provincial_localizada_sin_cruce_nominal,La sección oficial de DDJJ fue respaldada; falta verificación persona por persona.,https://legislaturacba.gob.ar/declaraciones-juradas/,sin_nombre_compatible_oa_2017_2024,,,0,,,,Banca 1 · distrito Distrito único. No se publican DNI ni datos de contacto en el derivado.
prov-cba-leg-suarez-carmen-esther,Carmen Esther Suárez,Provincial,Legislativo,Legislaturas provinciales,Legislador/a provincial,Córdoba,Hacemos Unidos por Córdoba,2023,2027,activo_al_2026-09-01,https://legislaturacba.gob.ar/composicion-de-la-camara/,sources/subnational_roster/cordoba_legisladores_vigentes_2026-09-01.json,Legislatura de Córdoba · publicación institucional,ruta_provincial_localizada_sin_cruce_nominal,La sección oficial de DDJJ fue respaldada; falta verificación persona por persona.,https://legislaturacba.gob.ar/declaraciones-juradas/,sin_nombre_compatible_oa_2017_2024,,,0,,,,Banca 2 · distrito Distrito único. No se publican DNI ni datos de contacto en el derivado.
prov-cba-leg-navarro-alegre-veronica,Verónica Navarro Alegre,Provincial,Legislativo,Legislaturas provinciales,Legislador/a provincial,Córdoba,Hacemos Unidos por Córdoba,2023,2027,activo_al_2026-09-01,https://legislaturacba.gob.ar/composicion-de-la-camara/,sources/subnational_roster/cordoba_legisladores_vigentes_2026-09-01.json,Legislatura de Córdoba · publicación institucional,ruta_provincial_localizada_sin_cruce_nominal,La sección oficial de DDJJ fue respaldada; falta verificación persona por persona.,https://legislaturacba.gob.ar/declaraciones-juradas/,sin_nombre_compatible_oa_2017_2024,,,0,,,,Banca 3 · distrito Distrito Unico. No se publican DNI ni datos de contacto en el derivado.
prov-cba-leg-acuna-karen-belen,Karen Belén Acuña,Provincial,Legislativo,Legislaturas provinciales,Legislador/a provincial,Córdoba,Hacemos Unidos por Córdoba,2023,2027,activo_al_2026-09-01,https://legislaturacba.gob.ar/composicion-de-la-camara/,sources/subnational_roster/cordoba_legisladores_vigentes_2026-09-01.json,Legislatura de Córdoba · publicación institucional,ruta_provincial_localizada_sin_cruce_nominal,La sección oficial de DDJJ fue respaldada; falta verificación persona por persona.,https://legislaturacba.gob.ar/declaraciones-juradas/,sin_nombre_compatible_oa_2017_2024,,,0,,,,Banca 4 · distrito Distrito único. No se publican DNI ni datos de contacto en el derivado.
prov-cba-leg-pereyra-cristina-alicia,Cristina Alicia Pereyra,Provincial,Legislativo,Legislaturas provinciales,Legislador/a provincial,Córdoba,Hacemos Unidos por Córdoba,2023,2027,activo_al_2026-09-01,https://legislaturacba.gob.ar/composicion-de-la-camara/,sources/subnational_roster/cordoba_legisladores_vigentes_2026-09-01.json,Legislatura de Córdoba · publicación institucional,ruta_provincial_localizada_sin_cruce_nominal,La sección oficial de DDJJ fue respaldada; falta verificación persona por persona.,https://legislaturacba.gob.ar/declaraciones-juradas/,sin_nombre_compatible_oa_2017_2024,,,0,,,,Banca 5 · distrito Distrito único. No se publican DNI ni datos de contacto en el derivado.
prov-cba-leg-lorenzo-carlos-mariano,Carlos Mariano Lorenzo,Provincial,Legislativo,Legislaturas provinciales,Legislador/a provincial,Córdoba,Hacemos Unidos por Córdoba,2023,2027,activo_al_2026-09-01,https://legislaturacba.gob.ar/composicion-de-la-camara/,sources/subnational_roster/cordoba_legisladores_vigentes_2026-09-01.json,Legislatura de Córdoba · publicación institucional,ruta_provincial_localizada_sin_cruce_nominal,La sección oficial de DDJJ fue respaldada; falta verificación persona por persona.,https://legislaturacba.gob.ar/declaraciones-juradas/,sin_nombre_compatible_oa_2017_2024,,,0,,,,Banca 6 · distrito Distrito único. No se publican DNI ni datos de contacto en el derivado.
prov-cba-leg-chamorro-matias-ezequiel,Matías Ezequiel Chamorro,Provincial,Legislativo,Legislaturas provinciales,Legislador/a provincial,Córdoba,Hacemos Unidos por Córdoba,2023,2027,activo_al_2026-09-01,https://legislaturacba.gob.ar/composicion-de-la-camara/,sources/subnational_roster/cordoba_legisladores_vigentes_2026-09-01.json,Legislatura de Córdoba · publicación institucional,ruta_provincial_localizada_sin_cruce_nominal,La sección oficial de DDJJ fue respaldada; falta verificación persona por persona.,https://legislaturacba.gob.ar/declaraciones-juradas/,sin_nombre_compatible_oa_2017_2024,,,0,,,,Banca 7 · distrito Distrito único. No se publican DNI ni datos de contacto en el derivado.
prov-cba-leg-nostrala-nestor-walter,Nestór Walter Nostrala,Provincial,Legislativo,Legislaturas provinciales,Legislador/a provincial,Córdoba,Frente Cívico de Córdoba,2023,2027,activo_al_2026-09-01,https://legislaturacba.gob.ar/composicion-de-la-camara/,sources/subnational_roster/cordoba_legisladores_vigentes_2026-09-01.json,Legislatura de Córdoba · publicación institucional,ruta_provincial_localizada_sin_cruce_nominal,La sección oficial de DDJJ fue respaldada; falta verificación persona por persona.,https://legislaturacba.gob.ar/declaraciones-juradas/,sin_nombre_compatible_oa_2017_2024,,,0,,,,Banca 8 · distrito Distrito único. No se publican DNI ni datos de contacto en el derivado.
prov-cba-leg-juez-daniel-alejandro,Daniel Alejandro Juez,Provincial,Legislativo,Legislaturas provinciales,Legislador/a provincial,Córdoba,Frente Cívico de Córdoba,2023,2027,activo_al_2026-09-01,https://legislaturacba.gob.ar/composicion-de-la-camara/,sources/subnational_roster/cordoba_legisladores_vigentes_2026-09-01.json,Legislatura de Córdoba · publicación institucional,ruta_provincial_localizada_sin_cruce_nominal,La sección oficial de DDJJ fue respaldada; falta verificación persona por persona.,https://legislaturacba.gob.ar/declaraciones-juradas/,sin_nombre_compatible_oa_2017_2024,,,0,,,,Banca 9 · distrito Distrito único. No se publican DNI ni datos de contacto en el derivado.
prov-cba-leg-martoccia-viviana-raquel,Viviana Raquel Martoccia,Provincial,Legislativo,Legislaturas provinciales,Legislador/a provincial,Córdoba,Frente Cívico de Córdoba,2023,2027,activo_al_2026-09-01,https://legislaturacba.gob.ar/composicion-de-la-camara/,sources/subnational_roster/cordoba_legisladores_vigentes_2026-09-01.json,Legislatura de Córdoba · publicación institucional,ruta_provincial_localizada_sin_cruce_nominal,La sección oficial de DDJJ fue respaldada; falta verificación persona por persona.,https://legislaturacba.gob.ar/declaraciones-juradas/,nombre_compatible_unico_en_oa,MARTOCCIA VIVIANA RAQUEL DEL VALLE,2017|2018|2019|2020,4,2017,2020,,Banca 10 · distrito Distrito único. No se publican DNI ni datos de contacto en el derivado.
prov-cba-leg-almada-nancy-edith,Nancy Edith Almada,Provincial,Legislativo,Legislaturas provinciales,Legislador/a provincial,Córdoba,Frente Cívico de Córdoba,2023,2027,activo_al_2026-09-01,https://legislaturacba.gob.ar/composicion-de-la-camara/,sources/subnational_roster/cordoba_legisladores_vigentes_2026-09-01.json,Legislatura de Córdoba · publicación institucional,ruta_provincial_localizada_sin_cruce_nominal,La sección oficial de DDJJ fue respaldada; falta verificación persona por persona.,https://legislaturacba.gob.ar/declaraciones-juradas/,sin_nombre_compatible_oa_2017_2024,,,0,,,,Banca 11 · distrito Distrito único. No se publican DNI ni datos de contacto en el derivado.
prov-cba-leg-gispert-walter-oscar,Walter Oscar Gispert,Provincial,Legislativo,Legislaturas provinciales,Legislador/a provincial,Córdoba,Frente Cívico de Córdoba,2023,2027,activo_al_2026-09-01,https://legislaturacba.gob.ar/composicion-de-la-camara/,sources/subnational_roster/cordoba_legisladores_vigentes_2026-09-01.json,Legislatura de Córdoba · publicación institucional,ruta_provincial_localizada_sin_cruce_nominal,La sección oficial de DDJJ fue respaldada; falta verificación persona por persona.,https://legislaturacba.gob.ar/declaraciones-juradas/,sin_nombre_compatible_oa_2017_2024,,,0,,,,Banca 12 · distrito Punilla. No se publican DNI ni datos de contacto en el derivado.
prov-cba-leg-peirone-juan-pablo,Juan Pablo Peirone,Provincial,Legislativo,Legislaturas provinciales,Legislador/a provincial,Córdoba,Frente Cívico de Córdoba,2023,2027,activo_al_2026-09-01,https://legislaturacba.gob.ar/composicion-de-la-camara/,sources/subnational_roster/cordoba_legisladores_vigentes_2026-09-01.json,Legislatura de Córdoba · publicación institucional,ruta_provincial_localizada_sin_cruce_nominal,La sección oficial de DDJJ fue respaldada; falta verificación persona por persona.,https://legislaturacba.gob.ar/declaraciones-juradas/,sin_nombre_compatible_oa_2017_2024,,,0,,,,Banca 13 · distrito Tercero Arriba. No se publican DNI ni datos de contacto en el derivado.
prov-cba-leg-pereyra-carmen-gloria,Carmen Gloria Pereyra,Provincial,Legislativo,Legislaturas provinciales,Legislador/a provincial,Córdoba,Frente Cívico de Córdoba,2023,2027,activo_al_2026-09-01,https://legislaturacba.gob.ar/composicion-de-la-camara/,sources/subnational_roster/cordoba_legisladores_vigentes_2026-09-01.json,Legislatura de Córdoba · publicación institucional,ruta_provincial_localizada_sin_cruce_nominal,La sección oficial de DDJJ fue respaldada; falta verificación persona por persona.,https://legislaturacba.gob.ar/declaraciones-juradas/,sin_nombre_compatible_oa_2017_2024,,,0,,,,Banca 14 · distrito Distrito único. No se publican DNI ni datos de contacto en el derivado.
prov-cba-leg-frias-cristian-adrian,Cristian Adrián Frías,Provincial,Legislativo,Legislaturas provinciales,Legislador/a provincial,Córdoba,Hacemos Unidos por Córdoba,2023,2027,activo_al_2026-09-01,https://legislaturacba.gob.ar/composicion-de-la-camara/,sources/subnational_roster/cordoba_legisladores_vigentes_2026-09-01.json,Legislatura de Córdoba · publicación institucional,ruta_provincial_localizada_sin_cruce_nominal,La sección oficial de DDJJ fue respaldada; falta verificación persona por persona.,https://legislaturacba.gob.ar/declaraciones-juradas/,sin_nombre_compatible_oa_2017_2024,,,0,,,,Banca 15 · distrito Minas. No se publican DNI ni datos de contacto en el derivado.
prov-cba-leg-figueroa-raul-alberto,Raúl Alberto Figueroa,Provincial,Legislativo,Legislaturas provinciales,Legislador/a provincial,Córdoba,Hacemos Unidos por Córdoba,2023,2027,activo_al_2026-09-01,https://legislaturacba.gob.ar/composicion-de-la-camara/,sources/subnational_roster/cordoba_legisladores_vigentes_2026-09-01.json,Legislatura de Córdoba · publicación institucional,ruta_provincial_localizada_sin_cruce_nominal,La sección oficial de DDJJ fue respaldada; falta verificación persona por persona.,https://legislaturacba.gob.ar/declaraciones-juradas/,sin_nombre_compatible_oa_2017_2024,,,0,,,,Banca 16 · distrito Ischilin. No se publican DNI ni datos de contacto en el derivado.
prov-cba-leg-knipscheer-reyna-carlos-bernardo,Carlos Bernardo Knipscheer Reyna,Provincial,Legislativo,Legislaturas provinciales,Legislador/a provincial,Córdoba,Hacemos Unidos por Córdoba,2023,2027,activo_al_2026-09-01,https://legislaturacba.gob.ar/composicion-de-la-camara/,sources/subnational_roster/cordoba_legisladores_vigentes_2026-09-01.json,Legislatura de Córdoba · publicación institucional,ruta_provincial_localizada_sin_cruce_nominal,La sección oficial de DDJJ fue respaldada; falta verificación persona por persona.,https://legislaturacba.gob.ar/declaraciones-juradas/,sin_nombre_compatible_oa_2017_2024,,,0,,,,Banca 17 · distrito Distrito único. No se publican DNI ni datos de contacto en el derivado.
prov-cba-leg-acevedo-maria-del-rosario,María del Rosario Acevedo,Provincial,Legislativo,Legislaturas provinciales,Legislador/a provincial,Córdoba,Hacemos Unidos por Córdoba,2023,2027,activo_al_2026-09-01,https://legislaturacba.gob.ar/composicion-de-la-camara/,sources/subnational_roster/cordoba_legisladores_vigentes_2026-09-01.json,Legislatura de Córdoba · publicación institucional,ruta_provincial_localizada_sin_cruce_nominal,La sección oficial de DDJJ fue respaldada; falta verificación persona por persona.,https://legislaturacba.gob.ar/declaraciones-juradas/,sin_nombre_compatible_oa_2017_2024,,,0,,,,Banca 18 · distrito Distrito único. No se publican DNI ni datos de contacto en el derivado.
prov-cba-leg-eslava-marcelo-alejandro,Marcelo Alejandro Eslava,Provincial,Legislativo,Legislaturas provinciales,Legislador/a provincial,Córdoba,Hacemos Unidos por Córdoba,2023,2027,activo_al_2026-09-01,https://legislaturacba.gob.ar/composicion-de-la-camara/,sources/subnational_roster/cordoba_legisladores_vigentes_2026-09-01.json,Legislatura de Córdoba · publicación institucional,ruta_provincial_localizada_sin_cruce_nominal,La sección oficial de DDJJ fue respaldada; falta verificación persona por persona.,https://legislaturacba.gob.ar/declaraciones-juradas/,sin_nombre_compatible_oa_2017_2024,,,0,,,,Banca 19 · distrito Sobremonte. No se publican DNI ni datos de contacto en el derivado.
prov-cba-leg-flores-ernesto-ramon,Ernesto Ramón Flores,Provincial,Legislativo,Legislaturas provinciales,Legislador/a provincial,Córdoba,Hacemos Unidos por Córdoba,2023,2027,activo_al_2026-09-01,https://legislaturacba.gob.ar/composicion-de-la-camara/,sources/subnational_roster/cordoba_legisladores_vigentes_2026-09-01.json,Legislatura de Córdoba · publicación institucional,ruta_provincial_localizada_sin_cruce_nominal,La sección oficial de DDJJ fue respaldada; falta verificación persona por persona.,https://legislaturacba.gob.ar/declaraciones-juradas/,sin_nombre_compatible_oa_2017_2024,,,0,,,,Banca 20 · distrito Rio Seco. No se publican DNI ni datos de contacto en el derivado.
prov-cba-leg-tevez-gustavo-alejandro,Gustavo Alejandro Tevéz,Provincial,Legislativo,Legislaturas provinciales,Legislador/a provincial,Córdoba,Hacemos Unidos por Córdoba,2023,2027,activo_al_2026-09-01,https://legislaturacba.gob.ar/composicion-de-la-camara/,sources/subnational_roster/cordoba_legisladores_vigentes_2026-09-01.json,Legislatura de Córdoba · publicación institucional,ruta_provincial_localizada_sin_cruce_nominal,La sección oficial de DDJJ fue respaldada; falta verificación persona por persona.,https://legislaturacba.gob.ar/declaraciones-juradas/,nombre_compatible_unico_en_oa,TEVEZ GUSTAVO ALEJANDRO,2018,1,2018,2018,,Banca 21 · distrito San Justo. No se publican DNI ni datos de contacto en el derivado.
prov-cba-leg-presas-luciana-maria,Luciana María Presas,Provincial,Legislativo,Legislaturas provinciales,Legislador/a provincial,Córdoba,Hacemos Unidos por Córdoba,2023,2027,activo_al_2026-09-01,https://legislaturacba.gob.ar/composicion-de-la-camara/,sources/subnational_roster/cordoba_legisladores_vigentes_2026-09-01.json,Legislatura de Córdoba · publicación institucional,ruta_provincial_localizada_sin_cruce_nominal,La sección oficial de DDJJ fue respaldada; falta verificación persona por persona.,https://legislaturacba.gob.ar/declaraciones-juradas/,sin_nombre_compatible_oa_2017_2024,,,0,,,,Banca 22 · distrito Colón. No se publican DNI ni datos de contacto en el derivado.
prov-cba-leg-valiente-lucas-german,Lucas Germán Valiente,Provincial,Legislativo,Legislaturas provinciales,Legislador/a provincial,Córdoba,Unión Cívica Radical,2023,2027,activo_al_2026-09-01,https://legislaturacba.gob.ar/composicion-de-la-camara/,sources/subnational_roster/cordoba_legisladores_vigentes_2026-09-01.json,Legislatura de Córdoba · publicación institucional,ruta_provincial_localizada_sin_cruce_nominal,La sección oficial de DDJJ fue respaldada; falta verificación persona por persona.,https://legislaturacba.gob.ar/declaraciones-juradas/,sin_nombre_compatible_oa_2017_2024,,,0,,,,Banca 23 · distrito Rio Segundo. No se publican DNI ni datos de contacto en el derivado.
prov-cba-leg-szpanin-ariela-yanina,Ariela Yanina Szpanin,Provincial,Legislativo,Legislaturas provinciales,Legislador/a provincial,Córdoba,Unión Cívica Radical,2023,2027,activo_al_2026-09-01,https://legislaturacba.gob.ar/composicion-de-la-camara/,sources/subnational_roster/cordoba_legisladores_vigentes_2026-09-01.json,Legislatura de Córdoba · publicación institucional,ruta_provincial_localizada_sin_cruce_nominal,La sección oficial de DDJJ fue respaldada; falta verificación persona por persona.,https://legislaturacba.gob.ar/declaraciones-juradas/,sin_nombre_compatible_oa_2017_2024,,,0,,,,Banca 24 · distrito Distrito único. No se publican DNI ni datos de contacto en el derivado.
prov-cba-leg-nigro-alfredo-mariano,Alfredo Mariano Nigro,Provincial,Legislativo,Legislaturas provinciales,Legislador/a provincial,Córdoba,Unión Cívica Radical,2023,2027,activo_al_2026-09-01,https://legislaturacba.gob.ar/composicion-de-la-camara/,sources/subnational_roster/cordoba_legisladores_vigentes_2026-09-01.json,Legislatura de Córdoba · publicación institucional,ruta_provincial_localizada_sin_cruce_nominal,La sección oficial de DDJJ fue respaldada; falta verificación persona por persona.,https://legislaturacba.gob.ar/declaraciones-juradas/,sin_nombre_compatible_oa_2017_2024,,,0,,,,Banca 25 · distrito General San Martín. No se publican DNI ni datos de contacto en el derivado.
prov-cba-leg-austin-brenda-lis,Brenda Lís Austin,Provincial,Legislativo,Legislaturas provinciales,Legislador/a provincial,Córdoba,Unión Cívica Radical,2023,2027,activo_al_2026-09-01,https://legislaturacba.gob.ar/composicion-de-la-camara/,sources/subnational_roster/cordoba_legisladores_vigentes_2026-09-01.json,Legislatura de Córdoba · publicación institucional,ruta_provincial_localizada_sin_cruce_nominal,La sección oficial de DDJJ fue respaldada; falta verificación persona por persona.,https://legislaturacba.gob.ar/declaraciones-juradas/,nombre_compatible_unico_en_oa,AUSTIN BRENDA LIS,2017|2018|2019|2020|2021|2023,6,2017,2023,,Banca 26 · distrito Distrito único. No se publican DNI ni datos de contacto en el derivado.
prov-cba-leg-gvozdenovich-matias-pablo,Matías Pablo Gvozdenovich,Provincial,Legislativo,Legislaturas provinciales,Legislador/a provincial,Córdoba,Unión Cívica Radical,2023,2027,activo_al_2026-09-01,https://legislaturacba.gob.ar/composicion-de-la-camara/,sources/subnational_roster/cordoba_legisladores_vigentes_2026-09-01.json,Legislatura de Córdoba · publicación institucional,ruta_provincial_localizada_sin_cruce_nominal,La sección oficial de DDJJ fue respaldada; falta verificación persona por persona.,https://legislaturacba.gob.ar/declaraciones-juradas/,nombre_compatible_unico_en_oa,GVOZDENOVICH MATIAS PABLO,2018,1,2018,2018,,Banca 27 · distrito Distrito único. No se publican DNI ni datos de contacto en el derivado.
prov-cba-leg-ferrero-alejandra,Alejandra Ferrero,Provincial,Legislativo,Legislaturas provinciales,Legislador/a provincial,Córdoba,Unión Cívica Radical,2023,2027,activo_al_2026-09-01,https://legislaturacba.gob.ar/composicion-de-la-camara/,sources/subnational_roster/cordoba_legisladores_vigentes_2026-09-01.json,Legislatura de Córdoba · publicación institucional,ruta_provincial_localizada_sin_cruce_nominal,La sección oficial de DDJJ fue respaldada; falta verificación persona por persona.,https://legislaturacba.gob.ar/declaraciones-juradas/,sin_nombre_compatible_oa_2017_2024,,,0,,,,Banca 28 · distrito Distrito único. No se publican DNI ni datos de contacto en el derivado.
prov-cba-leg-nicolas-miguel-osvaldo,Miguel Osvaldo Nicolás,Provincial,Legislativo,Legislaturas provinciales,Legislador/a provincial,Córdoba,Unión Cívica Radical,2023,2027,activo_al_2026-09-01,https://legislaturacba.gob.ar/composicion-de-la-camara/,sources/subnational_roster/cordoba_legisladores_vigentes_2026-09-01.json,Legislatura de Córdoba · publicación institucional,ruta_provincial_localizada_sin_cruce_nominal,La sección oficial de DDJJ fue respaldada; falta verificación persona por persona.,https://legislaturacba.gob.ar/declaraciones-juradas/,sin_nombre_compatible_oa_2017_2024,,,0,,,,Banca 29 · distrito Distrito único. No se publican DNI ni datos de contacto en el derivado.
prov-cba-leg-gudino-daniela-soledad,Daniela Soledad Gudiño,Provincial,Legislativo,Legislaturas provinciales,Legislador/a provincial,Córdoba,Unión Cívica Radical,2023,2027,activo_al_2026-09-01,https://legislaturacba.gob.ar/composicion-de-la-camara/,sources/subnational_roster/cordoba_legisladores_vigentes_2026-09-01.json,Legislatura de Córdoba · publicación institucional,ruta_provincial_localizada_sin_cruce_nominal,La sección oficial de DDJJ fue respaldada; falta verificación persona por persona.,https://legislaturacba.gob.ar/declaraciones-juradas/,sin_nombre_compatible_oa_2017_2024,,,0,,,,Banca 30 · distrito Distrito único. No se publican DNI ni datos de contacto en el derivado.
prov-cba-leg-blangino-juan-jose,Juan José Blangino,Provincial,Legislativo,Legislaturas provinciales,Legislador/a provincial,Córdoba,Hacemos Unidos por Córdoba,2023,2027,activo_al_2026-09-01,https://legislaturacba.gob.ar/composicion-de-la-camara/,sources/subnational_roster/cordoba_legisladores_vigentes_2026-09-01.json,Legislatura de Córdoba · publicación institucional,ruta_provincial_localizada_sin_cruce_nominal,La sección oficial de DDJJ fue respaldada; falta verificación persona por persona.,https://legislaturacba.gob.ar/declaraciones-juradas/,sin_nombre_compatible_oa_2017_2024,,,0,,,,Banca 31 · distrito Río Primero. No se publican DNI ni datos de contacto en el derivado.
prov-cba-leg-rinaldi-julieta,Julieta Rinaldi,Provincial,Legislativo,Legislaturas provinciales,Legislador/a provincial,Córdoba,Hacemos Unidos por Córdoba,2023,2027,activo_al_2026-09-01,https://legislaturacba.gob.ar/composicion-de-la-camara/,sources/subnational_roster/cordoba_legisladores_vigentes_2026-09-01.json,Legislatura de Córdoba · publicación institucional,ruta_provincial_localizada_sin_cruce_nominal,La sección oficial de DDJJ fue respaldada; falta verificación persona por persona.,https://legislaturacba.gob.ar/declaraciones-juradas/,sin_nombre_compatible_oa_2017_2024,,,0,,,,Banca 32 · distrito Distrito único. No se publican DNI ni datos de contacto en el derivado.
prov-cba-leg-busso-maria-victoria,María Victoria Busso,Provincial,Legislativo,Legislaturas provinciales,Legislador/a provincial,Córdoba,Hacemos Unidos por Córdoba,2023,2027,activo_al_2026-09-01,https://legislaturacba.gob.ar/composicion-de-la-camara/,sources/subnational_roster/cordoba_legisladores_vigentes_2026-09-01.json,Legislatura de Córdoba · publicación institucional,ruta_provincial_localizada_sin_cruce_nominal,La sección oficial de DDJJ fue respaldada; falta verificación persona por persona.,https://legislaturacba.gob.ar/declaraciones-juradas/,sin_nombre_compatible_oa_2017_2024,,,0,,,,Banca 33 · distrito Roque Saenz Peña. No se publican DNI ni datos de contacto en el derivado.
prov-cba-leg-galo-abraham,Abraham Galo,Provincial,Legislativo,Legislaturas provinciales,Legislador/a provincial,Córdoba,Hacemos Unidos por Córdoba,2023,2027,activo_al_2026-09-01,https://legislaturacba.gob.ar/composicion-de-la-camara/,sources/subnational_roster/cordoba_legisladores_vigentes_2026-09-01.json,Legislatura de Córdoba · publicación institucional,ruta_provincial_localizada_sin_cruce_nominal,La sección oficial de DDJJ fue respaldada; falta verificación persona por persona.,https://legislaturacba.gob.ar/declaraciones-juradas/,sin_nombre_compatible_oa_2017_2024,,,0,,,,Banca 34 · distrito Distrito único. No se publican DNI ni datos de contacto en el derivado.
prov-cba-leg-llamosas-juan-manuel,Juan Manuel Llamosas,Provincial,Legislativo,Legislaturas provinciales,Legislador/a provincial,Córdoba,Hacemos Unidos por Córdoba,2023,2027,activo_al_2026-09-01,https://legislaturacba.gob.ar/composicion-de-la-camara/,sources/subnational_roster/cordoba_legisladores_vigentes_2026-09-01.json,Legislatura de Córdoba · publicación institucional,ruta_provincial_localizada_sin_cruce_nominal,La sección oficial de DDJJ fue respaldada; falta verificación persona por persona.,https://legislaturacba.gob.ar/declaraciones-juradas/,sin_nombre_compatible_oa_2017_2024,,,0,,,,Banca 35 · distrito Rio Cuarto. No se publican DNI ni datos de contacto en el derivado.
prov-cba-leg-torres-lima-facundo,Facundo Torres Lima,Provincial,Legislativo,Legislaturas provinciales,Legislador/a provincial,Córdoba,Hacemos Unidos por Córdoba,2023,2027,activo_al_2026-09-01,https://legislaturacba.gob.ar/composicion-de-la-camara/,sources/subnational_roster/cordoba_legisladores_vigentes_2026-09-01.json,Legislatura de Córdoba · publicación institucional,ruta_provincial_localizada_sin_cruce_nominal,La sección oficial de DDJJ fue respaldada; falta verificación persona por persona.,https://legislaturacba.gob.ar/declaraciones-juradas/,sin_nombre_compatible_oa_2017_2024,,,0,,,,Banca 36 · distrito Santa María. No se publican DNI ni datos de contacto en el derivado.
prov-cba-leg-fernandez-nadia-vanesa,Nadia Vanesa Fernandez,Provincial,Legislativo,Legislaturas provinciales,Legislador/a provincial,Córdoba,Hacemos Unidos por Córdoba,2023,2027,activo_al_2026-09-01,https://legislaturacba.gob.ar/composicion-de-la-camara/,sources/subnational_roster/cordoba_legisladores_vigentes_2026-09-01.json,Legislatura de Córdoba · publicación institucional,ruta_provincial_localizada_sin_cruce_nominal,La sección oficial de DDJJ fue respaldada; falta verificación persona por persona.,https://legislaturacba.gob.ar/declaraciones-juradas/,sin_nombre_compatible_oa_2017_2024,,,0,,,,Banca 37 · distrito Distrito único. No se publican DNI ni datos de contacto en el derivado.
prov-cba-leg-sosa-ricardo-roberto,Ricardo Roberto Sosa,Provincial,Legislativo,Legislaturas provinciales,Legislador/a provincial,Córdoba,Hacemos Unidos por Córdoba,2023,2027,activo_al_2026-09-01,https://legislaturacba.gob.ar/composicion-de-la-camara/,sources/subnational_roster/cordoba_legisladores_vigentes_2026-09-01.json,Legislatura de Córdoba · publicación institucional,ruta_provincial_localizada_sin_cruce_nominal,La sección oficial de DDJJ fue respaldada; falta verificación persona por persona.,https://legislaturacba.gob.ar/declaraciones-juradas/,sin_nombre_compatible_oa_2017_2024,,,0,,,,Banca 38 · distrito Distrito único. No se publican DNI ni datos de contacto en el derivado.
prov-cba-leg-limia-luis-leonardo,Luis Leonardo Limia,Provincial,Legislativo,Legislaturas provinciales,Legislador/a provincial,Córdoba,Hacemos Unidos por Córdoba,2023,2027,activo_al_2026-09-01,https://legislaturacba.gob.ar/composicion-de-la-camara/,sources/subnational_roster/cordoba_legisladores_vigentes_2026-09-01.json,Legislatura de Córdoba · publicación institucional,ruta_provincial_localizada_sin_cruce_nominal,La sección oficial de DDJJ fue respaldada; falta verificación persona por persona.,https://legislaturacba.gob.ar/declaraciones-juradas/,sin_nombre_compatible_oa_2017_2024,,,0,,,,Banca 39 · distrito Distrito único. No se publican DNI ni datos de contacto en el derivado.
prov-cba-leg-bisotto-graciela-maria,Graciela María Bisotto,Provincial,Legislativo,Legislaturas provinciales,Legislador/a provincial,Córdoba,Juntos Por El Interior,2023,2027,activo_al_2026-09-01,https://legislaturacba.gob.ar/composicion-de-la-camara/,sources/subnational_roster/cordoba_legisladores_vigentes_2026-09-01.json,Legislatura de Córdoba · publicación institucional,ruta_provincial_localizada_sin_cruce_nominal,La sección oficial de DDJJ fue respaldada; falta verificación persona por persona.,https://legislaturacba.gob.ar/declaraciones-juradas/,sin_nombre_compatible_oa_2017_2024,,,0,,,,Banca 40 · distrito Juárez Celman. No se publican DNI ni datos de contacto en el derivado.
prov-cba-leg-jaimes-mauricio-sebastian,Mauricio Sebastián Jaimes,Provincial,Legislativo,Legislaturas provinciales,Legislador/a provincial,Córdoba,Unión Cívica Radical,2023,2027,activo_al_2026-09-01,https://legislaturacba.gob.ar/composicion-de-la-camara/,sources/subnational_roster/cordoba_legisladores_vigentes_2026-09-01.json,Legislatura de Córdoba · publicación institucional,ruta_provincial_localizada_sin_cruce_nominal,La sección oficial de DDJJ fue respaldada; falta verificación persona por persona.,https://legislaturacba.gob.ar/declaraciones-juradas/,sin_nombre_compatible_oa_2017_2024,,,0,,,,Banca 41 · distrito Calamuchita. No se publican DNI ni datos de contacto en el derivado.
prov-cba-leg-luna-fernando-javier,Fernando Javier Luna,Provincial,Legislativo,Legislaturas provinciales,Legislador/a provincial,Córdoba,Unión Cívica Radical,2023,2027,activo_al_2026-09-01,https://legislaturacba.gob.ar/composicion-de-la-camara/,sources/subnational_roster/cordoba_legisladores_vigentes_2026-09-01.json,Legislatura de Córdoba · publicación institucional,ruta_provincial_localizada_sin_cruce_nominal,La sección oficial de DDJJ fue respaldada; falta verificación persona por persona.,https://legislaturacba.gob.ar/declaraciones-juradas/,sin_nombre_compatible_oa_2017_2024,,,0,,,,Banca 42 · distrito Cruz del Eje. No se publican DNI ni datos de contacto en el derivado.
prov-cba-leg-saliba-oscar-elias,Oscar Elias Saliba,Provincial,Legislativo,Legislaturas provinciales,Legislador/a provincial,Córdoba,Unión Cívica Radical,2023,2027,activo_al_2026-09-01,https://legislaturacba.gob.ar/composicion-de-la-camara/,sources/subnational_roster/cordoba_legisladores_vigentes_2026-09-01.json,Legislatura de Córdoba · publicación institucional,ruta_provincial_localizada_sin_cruce_nominal,La sección oficial de DDJJ fue respaldada; falta verificación persona por persona.,https://legislaturacba.gob.ar/declaraciones-juradas/,sin_nombre_compatible_oa_2017_2024,,,0,,,,Banca 43 · distrito General Roca. No se publican DNI ni datos de contacto en el derivado.
prov-cba-leg-grisch-ariel-denis,Ariel Denís Grisch,Provincial,Legislativo,Legislaturas provinciales,Legislador/a provincial,Córdoba,Unión Cívica Radical,2023,2027,activo_al_2026-09-01,https://legislaturacba.gob.ar/composicion-de-la-camara/,sources/subnational_roster/cordoba_legisladores_vigentes_2026-09-01.json,Legislatura de Córdoba · publicación institucional,ruta_provincial_localizada_sin_cruce_nominal,La sección oficial de DDJJ fue respaldada; falta verificación persona por persona.,https://legislaturacba.gob.ar/declaraciones-juradas/,sin_nombre_compatible_oa_2017_2024,,,0,,,,Banca 44 · distrito Río Cuarto. No se publican DNI ni datos de contacto en el derivado.
prov-cba-leg-briner-carlos-edgardo,Carlos Edgardo Briner,Provincial,Legislativo,Legislaturas provinciales,Legislador/a provincial,Córdoba,Unión Cívica Radical,2023,2027,activo_al_2026-09-01,https://legislaturacba.gob.ar/composicion-de-la-camara/,sources/subnational_roster/cordoba_legisladores_vigentes_2026-09-01.json,Legislatura de Córdoba · publicación institucional,ruta_provincial_localizada_sin_cruce_nominal,La sección oficial de DDJJ fue respaldada; falta verificación persona por persona.,https://legislaturacba.gob.ar/declaraciones-juradas/,sin_nombre_compatible_oa_2017_2024,,,0,,,,Banca 45 · distrito Unión. No se publican DNI ni datos de contacto en el derivado.
prov-cba-leg-bottasso-gustavo-armando,Gustavo Armando Bottasso,Provincial,Legislativo,Legislaturas provinciales,Legislador/a provincial,Córdoba,Unión Cívica Radical,2023,2027,activo_al_2026-09-01,https://legislaturacba.gob.ar/composicion-de-la-camara/,sources/subnational_roster/cordoba_legisladores_vigentes_2026-09-01.json,Legislatura de Córdoba · publicación institucional,ruta_provincial_localizada_sin_cruce_nominal,La sección oficial de DDJJ fue respaldada; falta verificación persona por persona.,https://legislaturacba.gob.ar/declaraciones-juradas/,sin_nombre_compatible_oa_2017_2024,,,0,,,,Banca 46 · distrito Distrito único. No se publican DNI ni datos de contacto en el derivado.
prov-cba-leg-bria-jose-alberto,José Alberto Bría,Provincial,Legislativo,Legislaturas provinciales,Legislador/a provincial,Córdoba,Unión Cívica Radical,2023,2027,activo_al_2026-09-01,https://legislaturacba.gob.ar/composicion-de-la-camara/,sources/subnational_roster/cordoba_legisladores_vigentes_2026-09-01.json,Legislatura de Córdoba · publicación institucional,ruta_provincial_localizada_sin_cruce_nominal,La sección oficial de DDJJ fue respaldada; falta verificación persona por persona.,https://legislaturacba.gob.ar/declaraciones-juradas/,sin_nombre_compatible_oa_2017_2024,,,0,,,,Banca 47 · distrito Distrito único. No se publican DNI ni datos de contacto en el derivado.
prov-cba-leg-molina-victor-eduardo,Víctor Eduardo Molina,Provincial,Legislativo,Legislaturas provinciales,Legislador/a provincial,Córdoba,Unión Cívica Radical,2023,2027,activo_al_2026-09-01,https://legislaturacba.gob.ar/composicion-de-la-camara/,sources/subnational_roster/cordoba_legisladores_vigentes_2026-09-01.json,Legislatura de Córdoba · publicación institucional,ruta_provincial_localizada_sin_cruce_nominal,La sección oficial de DDJJ fue respaldada; falta verificación persona por persona.,https://legislaturacba.gob.ar/declaraciones-juradas/,sin_nombre_compatible_oa_2017_2024,,,0,,,,Banca 48 · distrito Totoral. No se publican DNI ni datos de contacto en el derivado.
prov-cba-leg-ovejeros-pablo-cesar,Pablo César Ovejeros,Provincial,Legislativo,Legislaturas provinciales,Legislador/a provincial,Córdoba,Hacemos Unidos por Córdoba,2023,2027,activo_al_2026-09-01,https://legislaturacba.gob.ar/composicion-de-la-camara/,sources/subnational_roster/cordoba_legisladores_vigentes_2026-09-01.json,Legislatura de Córdoba · publicación institucional,ruta_provincial_localizada_sin_cruce_nominal,La sección oficial de DDJJ fue respaldada; falta verificación persona por persona.,https://legislaturacba.gob.ar/declaraciones-juradas/,sin_nombre_compatible_oa_2017_2024,,,0,,,,Banca 49 · distrito Distrito único. No se publican DNI ni datos de contacto en el derivado.
prov-cba-leg-rebora-enrique-rodolfo,Enrique Rodolfo Rébora,Provincial,Legislativo,Legislaturas provinciales,Legislador/a provincial,Córdoba,Hacemos Unidos por Córdoba,2023,2027,activo_al_2026-09-01,https://legislaturacba.gob.ar/composicion-de-la-camara/,sources/subnational_roster/cordoba_legisladores_vigentes_2026-09-01.json,Legislatura de Córdoba · publicación institucional,ruta_provincial_localizada_sin_cruce_nominal,La sección oficial de DDJJ fue respaldada; falta verificación persona por persona.,https://legislaturacba.gob.ar/declaraciones-juradas/,sin_nombre_compatible_oa_2017_2024,,,0,,,,Banca 50 · distrito San Javier. No se publican DNI ni datos de contacto en el derivado.
prov-cba-leg-peralta-stella-maris,Stella Maris Peralta,Provincial,Legislativo,Legislaturas provinciales,Legislador/a provincial,Córdoba,Hacemos Unidos por Córdoba,2023,2027,activo_al_2026-09-01,https://legislaturacba.gob.ar/composicion-de-la-camara/,sources/subnational_roster/cordoba_legisladores_vigentes_2026-09-01.json,Legislatura de Córdoba · publicación institucional,ruta_provincial_localizada_sin_cruce_nominal,La sección oficial de DDJJ fue respaldada; falta verificación persona por persona.,https://legislaturacba.gob.ar/declaraciones-juradas/,sin_nombre_compatible_oa_2017_2024,,,0,,,,Banca 51 · distrito Distrito único. No se publican DNI ni datos de contacto en el derivado.
prov-cba-leg-romero-delia-dolores,Delia Dolores Romero,Provincial,Legislativo,Legislaturas provinciales,Legislador/a provincial,Córdoba,Hacemos Unidos por Córdoba,2023,2027,activo_al_2026-09-01,https://legislaturacba.gob.ar/composicion-de-la-camara/,sources/subnational_roster/cordoba_legisladores_vigentes_2026-09-01.json,Legislatura de Córdoba · publicación institucional,ruta_provincial_localizada_sin_cruce_nominal,La sección oficial de DDJJ fue respaldada; falta verificación persona por persona.,https://legislaturacba.gob.ar/declaraciones-juradas/,sin_nombre_compatible_oa_2017_2024,,,0,,,,Banca 52 · distrito Distrito único. No se publican DNI ni datos de contacto en el derivado.
prov-cba-leg-heredia-jorge-edberto,Jorge Edberto Heredia,Provincial,Legislativo,Legislaturas provinciales,Legislador/a provincial,Córdoba,Hacemos Unidos por Córdoba,2023,2027,activo_al_2026-09-01,https://legislaturacba.gob.ar/composicion-de-la-camara/,sources/subnational_roster/cordoba_legisladores_vigentes_2026-09-01.json,Legislatura de Córdoba · publicación institucional,ruta_provincial_localizada_sin_cruce_nominal,La sección oficial de DDJJ fue respaldada; falta verificación persona por persona.,https://legislaturacba.gob.ar/declaraciones-juradas/,sin_nombre_compatible_oa_2017_2024,,,0,,,,Banca 53 · distrito Pocho. No se publican DNI ni datos de contacto en el derivado.
prov-cba-leg-jurich-silvina-dolores,Silvina Dolores Jurich,Provincial,Legislativo,Legislaturas provinciales,Legislador/a provincial,Córdoba,Hacemos Unidos por Córdoba,2023,2027,activo_al_2026-09-01,https://legislaturacba.gob.ar/composicion-de-la-camara/,sources/subnational_roster/cordoba_legisladores_vigentes_2026-09-01.json,Legislatura de Córdoba · publicación institucional,ruta_provincial_localizada_sin_cruce_nominal,La sección oficial de DDJJ fue respaldada; falta verificación persona por persona.,https://legislaturacba.gob.ar/declaraciones-juradas/,sin_nombre_compatible_oa_2017_2024,,,0,,,,Banca 54 · distrito Capital. No se publican DNI ni datos de contacto en el derivado.
prov-cba-leg-russo-antonio-edgardo,Antonio Edgardo Russo,Provincial,Legislativo,Legislaturas provinciales,Legislador/a provincial,Córdoba,Hacemos Unidos por Córdoba,2023,2027,activo_al_2026-09-01,https://legislaturacba.gob.ar/composicion-de-la-camara/,sources/subnational_roster/cordoba_legisladores_vigentes_2026-09-01.json,Legislatura de Córdoba · publicación institucional,ruta_provincial_localizada_sin_cruce_nominal,La sección oficial de DDJJ fue respaldada; falta verificación persona por persona.,https://legislaturacba.gob.ar/declaraciones-juradas/,sin_nombre_compatible_oa_2017_2024,,,0,,,,Banca 55 · distrito Distrito único. No se publican DNI ni datos de contacto en el derivado.
prov-cba-leg-ceballos-recalde-mariano,Mariano Ceballos Recalde,Provincial,Legislativo,Legislaturas provinciales,Legislador/a provincial,Córdoba,Hacemos Unidos por Córdoba,2023,2027,activo_al_2026-09-01,https://legislaturacba.gob.ar/composicion-de-la-camara/,sources/subnational_roster/cordoba_legisladores_vigentes_2026-09-01.json,Legislatura de Córdoba · publicación institucional,ruta_provincial_localizada_sin_cruce_nominal,La sección oficial de DDJJ fue respaldada; falta verificación persona por persona.,https://legislaturacba.gob.ar/declaraciones-juradas/,sin_nombre_compatible_oa_2017_2024,,,0,,,,Banca 56 · distrito San Alberto. No se publican DNI ni datos de contacto en el derivado.
prov-cba-leg-rufeil-rodrigo-miguel,Rodrigo Miguel Rufeil,Provincial,Legislativo,Legislaturas provinciales,Legislador/a provincial,Córdoba,Hacemos Unidos por Córdoba,2023,2027,activo_al_2026-09-01,https://legislaturacba.gob.ar/composicion-de-la-camara/,sources/subnational_roster/cordoba_legisladores_vigentes_2026-09-01.json,Legislatura de Córdoba · publicación institucional,ruta_provincial_localizada_sin_cruce_nominal,La sección oficial de DDJJ fue respaldada; falta verificación persona por persona.,https://legislaturacba.gob.ar/declaraciones-juradas/,sin_nombre_compatible_oa_2017_2024,,,0,,,,Banca 57 · distrito Distrito único. No se publican DNI ni datos de contacto en el derivado.
prov-cba-leg-alesandri-carlos-federico,Carlos Federico Alesandri,Provincial,Legislativo,Legislaturas provinciales,Legislador/a provincial,Córdoba,Hacemos Unidos por Córdoba,2023,2027,activo_al_2026-09-01,https://legislaturacba.gob.ar/composicion-de-la-camara/,sources/subnational_roster/cordoba_legisladores_vigentes_2026-09-01.json,Legislatura de Córdoba · publicación institucional,ruta_provincial_localizada_sin_cruce_nominal,La sección oficial de DDJJ fue respaldada; falta verificación persona por persona.,https://legislaturacba.gob.ar/declaraciones-juradas/,sin_nombre_compatible_oa_2017_2024,,,0,,,,Banca 58 · distrito Distrito único. No se publican DNI ni datos de contacto en el derivado.
prov-cba-leg-bruno-karina-gabriela,Karina Gabriela Bruno,Provincial,Legislativo,Legislaturas provinciales,Legislador/a provincial,Córdoba,Córdoba,2023,2027,activo_al_2026-09-01,https://legislaturacba.gob.ar/composicion-de-la-camara/,sources/subnational_roster/cordoba_legisladores_vigentes_2026-09-01.json,Legislatura de Córdoba · publicación institucional,ruta_provincial_localizada_sin_cruce_nominal,La sección oficial de DDJJ fue respaldada; falta verificación persona por persona.,https://legislaturacba.gob.ar/declaraciones-juradas/,sin_nombre_compatible_oa_2017_2024,,,0,,,,Banca 59 · distrito Distrito único. No se publican DNI ni datos de contacto en el derivado.
prov-cba-leg-agost-carreno-oscar,Oscar Agost Carreño,Provincial,Legislativo,Legislaturas provinciales,Legislador/a provincial,Córdoba,Pro,2023,2027,activo_al_2026-09-01,https://legislaturacba.gob.ar/composicion-de-la-camara/,sources/subnational_roster/cordoba_legisladores_vigentes_2026-09-01.json,Legislatura de Córdoba · publicación institucional,ruta_provincial_localizada_sin_cruce_nominal,La sección oficial de DDJJ fue respaldada; falta verificación persona por persona.,https://legislaturacba.gob.ar/declaraciones-juradas/,nombre_compatible_unico_en_oa,AGOST CARREÑO OSCAR,2017|2018|2019|2021|2023|2024,6,2017,2024,,Banca 60 · distrito Distrito único. No se publican DNI ni datos de contacto en el derivado.
prov-cba-leg-sala-ignacio-antonio,Ignacio Antonio Sala,Provincial,Legislativo,Legislaturas provinciales,Legislador/a provincial,Córdoba,Pro,2023,2027,activo_al_2026-09-01,https://legislaturacba.gob.ar/composicion-de-la-camara/,sources/subnational_roster/cordoba_legisladores_vigentes_2026-09-01.json,Legislatura de Córdoba · publicación institucional,ruta_provincial_localizada_sin_cruce_nominal,La sección oficial de DDJJ fue respaldada; falta verificación persona por persona.,https://legislaturacba.gob.ar/declaraciones-juradas/,sin_nombre_compatible_oa_2017_2024,,,0,,,,Banca 61 · distrito Distrito único. No se publican DNI ni datos de contacto en el derivado.
prov-cba-leg-botta-patricia-isabel,Patricia Isabel Botta,Provincial,Legislativo,Legislaturas provinciales,Legislador/a provincial,Córdoba,Pro,2023,2027,activo_al_2026-09-01,https://legislaturacba.gob.ar/composicion-de-la-camara/,sources/subnational_roster/cordoba_legisladores_vigentes_2026-09-01.json,Legislatura de Córdoba · publicación institucional,ruta_provincial_localizada_sin_cruce_nominal,La sección oficial de DDJJ fue respaldada; falta verificación persona por persona.,https://legislaturacba.gob.ar/declaraciones-juradas/,sin_nombre_compatible_oa_2017_2024,,,0,,,,Banca 62 · distrito Distrito único. No se publican DNI ni datos de contacto en el derivado.
prov-cba-leg-contrera-ines-mercedes,Inés Mercedes Contrera,Provincial,Legislativo,Legislaturas provinciales,Legislador/a provincial,Córdoba,Unión Cívica Radical,2023,2027,activo_al_2026-09-01,https://legislaturacba.gob.ar/composicion-de-la-camara/,sources/subnational_roster/cordoba_legisladores_vigentes_2026-09-01.json,Legislatura de Córdoba · publicación institucional,ruta_provincial_localizada_sin_cruce_nominal,La sección oficial de DDJJ fue respaldada; falta verificación persona por persona.,https://legislaturacba.gob.ar/declaraciones-juradas/,sin_nombre_compatible_oa_2017_2024,,,0,,,,Banca 63 · distrito Distrito único. No se publican DNI ni datos de contacto en el derivado.
prov-cba-leg-carignano-carlos-atilio,Carlos Atilio Carignano,Provincial,Legislativo,Legislaturas provinciales,Legislador/a provincial,Córdoba,Unión Cívica Radical,2023,2027,activo_al_2026-09-01,https://legislaturacba.gob.ar/composicion-de-la-camara/,sources/subnational_roster/cordoba_legisladores_vigentes_2026-09-01.json,Legislatura de Córdoba · publicación institucional,ruta_provincial_localizada_sin_cruce_nominal,La sección oficial de DDJJ fue respaldada; falta verificación persona por persona.,https://legislaturacba.gob.ar/declaraciones-juradas/,sin_nombre_compatible_oa_2017_2024,,,0,,,,Banca 64 · distrito Marcos Juárez. No se publican DNI ni datos de contacto en el derivado.
prov-cba-leg-rossi-dante-valentin,Dante Valentín Rossi,Provincial,Legislativo,Legislaturas provinciales,Legislador/a provincial,Córdoba,Construyendo Córdoba,2023,2027,activo_al_2026-09-01,https://legislaturacba.gob.ar/composicion-de-la-camara/,sources/subnational_roster/cordoba_legisladores_vigentes_2026-09-01.json,Legislatura de Córdoba · publicación institucional,ruta_provincial_localizada_sin_cruce_nominal,La sección oficial de DDJJ fue respaldada; falta verificación persona por persona.,https://legislaturacba.gob.ar/declaraciones-juradas/,sin_nombre_compatible_oa_2017_2024,,,0,,,,Banca 65 · distrito Distrito único. No se publican DNI ni datos de contacto en el derivado.
prov-cba-leg-peralta-sebastian-amadeo,Sebastián Amadeo Peralta,Provincial,Legislativo,Legislaturas provinciales,Legislador/a provincial,Córdoba,Construyendo Córdoba,2023,2027,activo_al_2026-09-01,https://legislaturacba.gob.ar/composicion-de-la-camara/,sources/subnational_roster/cordoba_legisladores_vigentes_2026-09-01.json,Legislatura de Córdoba · publicación institucional,ruta_provincial_localizada_sin_cruce_nominal,La sección oficial de DDJJ fue respaldada; falta verificación persona por persona.,https://legislaturacba.gob.ar/declaraciones-juradas/,sin_nombre_compatible_oa_2017_2024,,,0,,,,Banca 66 · distrito Tulumba. No se publican DNI ni datos de contacto en el derivado.
prov-cba-leg-spaccesi-agustin-alejandro,Agustín Alejandro Spaccesi,Provincial,Legislativo,Legislaturas provinciales,Legislador/a provincial,Córdoba,La Libertad Avanza,2023,2027,activo_al_2026-09-01,https://legislaturacba.gob.ar/composicion-de-la-camara/,sources/subnational_roster/cordoba_legisladores_vigentes_2026-09-01.json,Legislatura de Córdoba · publicación institucional,ruta_provincial_localizada_sin_cruce_nominal,La sección oficial de DDJJ fue respaldada; falta verificación persona por persona.,https://legislaturacba.gob.ar/declaraciones-juradas/,sin_nombre_compatible_oa_2017_2024,,,0,,,,Banca 67 · distrito Distrito único. No se publican DNI ni datos de contacto en el derivado.
prov-cba-leg-grosso-gerardo-jose,Gerardo José Grosso,Provincial,Legislativo,Legislaturas provinciales,Legislador/a provincial,Córdoba,Encuentro Vecinal Córdoba,2023,2027,activo_al_2026-09-01,https://legislaturacba.gob.ar/composicion-de-la-camara/,sources/subnational_roster/cordoba_legisladores_vigentes_2026-09-01.json,Legislatura de Córdoba · publicación institucional,ruta_provincial_localizada_sin_cruce_nominal,La sección oficial de DDJJ fue respaldada; falta verificación persona por persona.,https://legislaturacba.gob.ar/declaraciones-juradas/,nombre_compatible_unico_en_oa,GROSSO GERARDO JOSE,2018|2020,2,2018,2020,,Banca 68 · distrito Distrito único. No se publican DNI ni datos de contacto en el derivado.
prov-cba-leg-echevarria-luciana,Luciana Echevarría,Provincial,Legislativo,Legislaturas provinciales,Legislador/a provincial,Córdoba,MST en el FIT Unidad,2023,2027,activo_al_2026-09-01,https://legislaturacba.gob.ar/composicion-de-la-camara/,sources/subnational_roster/cordoba_legisladores_vigentes_2026-09-01.json,Legislatura de Córdoba · publicación institucional,ruta_provincial_localizada_sin_cruce_nominal,La sección oficial de DDJJ fue respaldada; falta verificación persona por persona.,https://legislaturacba.gob.ar/declaraciones-juradas/,nombre_compatible_unico_en_oa,ECHEVARRIA LUCIANA GABRIELA,2017|2020,2,2017,2020,,Banca 69 · distrito Distrito único. No se publican DNI ni datos de contacto en el derivado.
prov-cba-leg-hernandez-maqueda-gregorio,Gregorio Hernández Maqueda,Provincial,Legislativo,Legislaturas provinciales,Legislador/a provincial,Córdoba,Mejor Futuro,2023,2027,activo_al_2026-09-01,https://legislaturacba.gob.ar/composicion-de-la-camara/,sources/subnational_roster/cordoba_legisladores_vigentes_2026-09-01.json,Legislatura de Córdoba · publicación institucional,ruta_provincial_localizada_sin_cruce_nominal,La sección oficial de DDJJ fue respaldada; falta verificación persona por persona.,https://legislaturacba.gob.ar/declaraciones-juradas/,sin_nombre_compatible_oa_2017_2024,,,0,,,,Banca 70 · distrito Distrito único. No se publican DNI ni datos de contacto en el derivado.
prov-sf-dip-agosto-walter,Walter AGOSTO,Provincial,Legislativo,Legislaturas provinciales,Diputado/a provincial,Santa Fe,HACEMOS SANTA FE,2023,2027,activo_al_2026-09-01,https://diputadossantafe.gov.ar/web/camara/diputados,sources/subnational_roster/santa_fe_diputados_vigentes_2026-09-01.html,Régimen provincial · ruta documental por relevar,ruta_provincial_por_relevar,No se localizó todavía un listado nominal institucional de presentaciones.,,nombre_compatible_unico_en_oa,AGOSTO WALTER ALFREDO,2018|2019,2,2018,2019,,La nómina y el bloque provienen de la Cámara de Diputadas y Diputados de Santa Fe.
prov-sf-dip-arena-celia,Celia ARENA,Provincial,Legislativo,Legislaturas provinciales,Diputado/a provincial,Santa Fe,HACEMOS SANTA FE,2023,2027,activo_al_2026-09-01,https://diputadossantafe.gov.ar/web/camara/diputados,sources/subnational_roster/santa_fe_diputados_vigentes_2026-09-01.html,Régimen provincial · ruta documental por relevar,ruta_provincial_por_relevar,No se localizó todavía un listado nominal institucional de presentaciones.,,nombre_compatible_unico_en_oa,ARENA CELIA ISABEL,2017,1,2017,2017,,La nómina y el bloque provienen de la Cámara de Diputadas y Diputados de Santa Fe.
prov-sf-dip-arganaraz-juan-domingo,Juan Domingo ARGAÑARÁZ,Provincial,Legislativo,Legislaturas provinciales,Diputado/a provincial,Santa Fe,INSPIRAR,2023,2027,activo_al_2026-09-01,https://diputadossantafe.gov.ar/web/camara/diputados,sources/subnational_roster/santa_fe_diputados_vigentes_2026-09-01.html,Régimen provincial · ruta documental por relevar,ruta_provincial_por_relevar,No se localizó todavía un listado nominal institucional de presentaciones.,,nombre_compatible_unico_en_oa,ARGAÑARAZ JUAN DOMINGO,2020,1,2020,2020,,La nómina y el bloque provienen de la Cámara de Diputadas y Diputados de Santa Fe.
prov-sf-dip-armas-belavi-natalia,Natalia ARMAS BELAVI,Provincial,Legislativo,Legislaturas provinciales,Diputado/a provincial,Santa Fe,VIDA Y FAMILIA,2023,2027,activo_al_2026-09-01,https://diputadossantafe.gov.ar/web/camara/diputados,sources/subnational_roster/santa_fe_diputados_vigentes_2026-09-01.html,Régimen provincial · ruta documental por relevar,ruta_provincial_por_relevar,No se localizó todavía un listado nominal institucional de presentaciones.,,sin_nombre_compatible_oa_2017_2024,,,0,,,,La nómina y el bloque provienen de la Cámara de Diputadas y Diputados de Santa Fe.
prov-sf-dip-azanza-alicia,Alicia AZANZA,Provincial,Legislativo,Legislaturas provinciales,Diputado/a provincial,Santa Fe,SOMOS VIDA,2023,2027,activo_al_2026-09-01,https://diputadossantafe.gov.ar/web/camara/diputados,sources/subnational_roster/santa_fe_diputados_vigentes_2026-09-01.html,Régimen provincial · ruta documental por relevar,ruta_provincial_por_relevar,No se localizó todavía un listado nominal institucional de presentaciones.,,sin_nombre_compatible_oa_2017_2024,,,0,,,,La nómina y el bloque provienen de la Cámara de Diputadas y Diputados de Santa Fe.
prov-sf-dip-balague-claudia,Claudia BALAGUÉ,Provincial,Legislativo,Legislaturas provinciales,Diputado/a provincial,Santa Fe,FRENTE AMPLIO POR LA SOBERANÍA,2023,2027,activo_al_2026-09-01,https://diputadossantafe.gov.ar/web/camara/diputados,sources/subnational_roster/santa_fe_diputados_vigentes_2026-09-01.html,Régimen provincial · ruta documental por relevar,ruta_provincial_por_relevar,No se localizó todavía un listado nominal institucional de presentaciones.,,sin_nombre_compatible_oa_2017_2024,,,0,,,,La nómina y el bloque provienen de la Cámara de Diputadas y Diputados de Santa Fe.
prov-sf-dip-bellatti-rosana,Rosana BELLATTI,Provincial,Legislativo,Legislaturas provinciales,Diputado/a provincial,Santa Fe,SOCIALISTA,2023,2027,activo_al_2026-09-01,https://diputadossantafe.gov.ar/web/camara/diputados,sources/subnational_roster/santa_fe_diputados_vigentes_2026-09-01.html,Régimen provincial · ruta documental por relevar,ruta_provincial_por_relevar,No se localizó todavía un listado nominal institucional de presentaciones.,,sin_nombre_compatible_oa_2017_2024,,,0,,,,La nómina y el bloque provienen de la Cámara de Diputadas y Diputados de Santa Fe.
prov-sf-dip-bermudez-ariel,Ariel BERMÚDEZ,Provincial,Legislativo,Legislaturas provinciales,Diputado/a provincial,Santa Fe,CREO,2023,2027,activo_al_2026-09-01,https://diputadossantafe.gov.ar/web/camara/diputados,sources/subnational_roster/santa_fe_diputados_vigentes_2026-09-01.html,Régimen provincial · ruta documental por relevar,ruta_provincial_por_relevar,No se localizó todavía un listado nominal institucional de presentaciones.,,nombre_compatible_unico_en_oa,BERMUDEZ ARIEL EDUARDO,2017|2018,2,2017,2018,,La nómina y el bloque provienen de la Cámara de Diputadas y Diputados de Santa Fe.
prov-sf-dip-blanco-joaquin-andres,Joaquín Andrés BLANCO,Provincial,Legislativo,Legislaturas provinciales,Diputado/a provincial,Santa Fe,SOCIALISTA,2023,2027,activo_al_2026-09-01,https://diputadossantafe.gov.ar/web/camara/diputados,sources/subnational_roster/santa_fe_diputados_vigentes_2026-09-01.html,Régimen provincial · ruta documental por relevar,ruta_provincial_por_relevar,No se localizó todavía un listado nominal institucional de presentaciones.,,sin_nombre_compatible_oa_2017_2024,,,0,,,,La nómina y el bloque provienen de la Cámara de Diputadas y Diputados de Santa Fe.
prov-sf-dip-bonfatti-antonio,Antonio BONFATTI,Provincial,Legislativo,Legislaturas provinciales,Diputado/a provincial,Santa Fe,SOCIALISTA,2023,2027,activo_al_2026-09-01,https://diputadossantafe.gov.ar/web/camara/diputados,sources/subnational_roster/santa_fe_diputados_vigentes_2026-09-01.html,Régimen provincial · ruta documental por relevar,ruta_provincial_por_relevar,No se localizó todavía un listado nominal institucional de presentaciones.,,sin_nombre_compatible_oa_2017_2024,,,0,,,,La nómina y el bloque provienen de la Cámara de Diputadas y Diputados de Santa Fe.
prov-sf-dip-brouwer-beatriz,Beatriz BROUWER,Provincial,Legislativo,Legislaturas provinciales,Diputado/a provincial,Santa Fe,UNITE,2023,2027,activo_al_2026-09-01,https://diputadossantafe.gov.ar/web/camara/diputados,sources/subnational_roster/santa_fe_diputados_vigentes_2026-09-01.html,Régimen provincial · ruta documental por relevar,ruta_provincial_por_relevar,No se localizó todavía un listado nominal institucional de presentaciones.,,sin_nombre_compatible_oa_2017_2024,,,0,,,,La nómina y el bloque provienen de la Cámara de Diputadas y Diputados de Santa Fe.
prov-sf-dip-calaianov-leonardo,Leonardo CALAIANOV,Provincial,Legislativo,Legislaturas provinciales,Diputado/a provincial,Santa Fe,SOCIALISTA,2023,2027,activo_al_2026-09-01,https://diputadossantafe.gov.ar/web/camara/diputados,sources/subnational_roster/santa_fe_diputados_vigentes_2026-09-01.html,Régimen provincial · ruta documental por relevar,ruta_provincial_por_relevar,No se localizó todavía un listado nominal institucional de presentaciones.,,sin_nombre_compatible_oa_2017_2024,,,0,,,,La nómina y el bloque provienen de la Cámara de Diputadas y Diputados de Santa Fe.
prov-sf-dip-castellani-maria-fernanda,María Fernanda CASTELLANI,Provincial,Legislativo,Legislaturas provinciales,Diputado/a provincial,Santa Fe,PRO,2023,2027,activo_al_2026-09-01,https://diputadossantafe.gov.ar/web/camara/diputados,sources/subnational_roster/santa_fe_diputados_vigentes_p2_2026-09-01.html,Régimen provincial · ruta documental por relevar,ruta_provincial_por_relevar,No se localizó todavía un listado nominal institucional de presentaciones.,,nombre_compatible_unico_en_oa,CASTELLANI MARIA FERNANDA,2020,1,2020,2020,,La nómina y el bloque provienen de la Cámara de Diputadas y Diputados de Santa Fe.
prov-sf-dip-cattalini-lionella,Lionella CATTALINI,Provincial,Legislativo,Legislaturas provinciales,Diputado/a provincial,Santa Fe,SOCIALISTA,2023,2027,activo_al_2026-09-01,https://diputadossantafe.gov.ar/web/camara/diputados,sources/subnational_roster/santa_fe_diputados_vigentes_p2_2026-09-01.html,Régimen provincial · ruta documental por relevar,ruta_provincial_por_relevar,No se localizó todavía un listado nominal institucional de presentaciones.,,sin_nombre_compatible_oa_2017_2024,,,0,,,,La nómina y el bloque provienen de la Cámara de Diputadas y Diputados de Santa Fe.
prov-sf-dip-cejas-fabian,Fabian Cejas,Provincial,Legislativo,Legislaturas provinciales,Diputado/a provincial,Santa Fe,SOCIALISTA,2023,2027,activo_al_2026-09-01,https://diputadossantafe.gov.ar/web/camara/diputados,sources/subnational_roster/santa_fe_diputados_vigentes_p2_2026-09-01.html,Régimen provincial · ruta documental por relevar,ruta_provincial_por_relevar,No se localizó todavía un listado nominal institucional de presentaciones.,,sin_nombre_compatible_oa_2017_2024,,,0,,,,La nómina y el bloque provienen de la Cámara de Diputadas y Diputados de Santa Fe.
prov-sf-dip-corach-marcos,Marcos CORACH,Provincial,Legislativo,Legislaturas provinciales,Diputado/a provincial,Santa Fe,HACEMOS SANTA FE,2023,2027,activo_al_2026-09-01,https://diputadossantafe.gov.ar/web/camara/diputados,sources/subnational_roster/santa_fe_diputados_vigentes_p2_2026-09-01.html,Régimen provincial · ruta documental por relevar,ruta_provincial_por_relevar,No se localizó todavía un listado nominal institucional de presentaciones.,,sin_nombre_compatible_oa_2017_2024,,,0,,,,La nómina y el bloque provienen de la Cámara de Diputadas y Diputados de Santa Fe.
prov-sf-dip-corral-jose,José CORRAL,Provincial,Legislativo,Legislaturas provinciales,Diputado/a provincial,Santa Fe,UCR,2023,2027,activo_al_2026-09-01,https://diputadossantafe.gov.ar/web/camara/diputados,sources/subnational_roster/santa_fe_diputados_vigentes_p2_2026-09-01.html,Régimen provincial · ruta documental por relevar,ruta_provincial_por_relevar,No se localizó todavía un listado nominal institucional de presentaciones.,,nombre_compatible_unico_en_oa,CORRAL JOSE MANUEL,2021|2022|2023,3,2021,2023,,La nómina y el bloque provienen de la Cámara de Diputadas y Diputados de Santa Fe.
prov-sf-dip-cuvertino-mariano,Mariano CUVERTINO,Provincial,Legislativo,Legislaturas provinciales,Diputado/a provincial,Santa Fe,SOCIALISTA,2023,2027,activo_al_2026-09-01,https://diputadossantafe.gov.ar/web/camara/diputados,sources/subnational_roster/santa_fe_diputados_vigentes_p2_2026-09-01.html,Régimen provincial · ruta documental por relevar,ruta_provincial_por_relevar,No se localizó todavía un listado nominal institucional de presentaciones.,,sin_nombre_compatible_oa_2017_2024,,,0,,,,La nómina y el bloque provienen de la Cámara de Diputadas y Diputados de Santa Fe.
prov-sf-dip-de-ponti-lucila,Lucila DE PONTI,Provincial,Legislativo,Legislaturas provinciales,Diputado/a provincial,Santa Fe,BLOQUE PERONISTA,2023,2027,activo_al_2026-09-01,https://diputadossantafe.gov.ar/web/camara/diputados,sources/subnational_roster/santa_fe_diputados_vigentes_p2_2026-09-01.html,Régimen provincial · ruta documental por relevar,ruta_provincial_por_relevar,No se localizó todavía un listado nominal institucional de presentaciones.,,nombre_compatible_unico_en_oa,DE PONTI LUCILA MARIA,2017|2018|2019|2020,4,2017,2020,,La nómina y el bloque provienen de la Cámara de Diputadas y Diputados de Santa Fe.
prov-sf-dip-del-frade-carlos-alfredo,Carlos Alfredo DEL FRADE,Provincial,Legislativo,Legislaturas provinciales,Diputado/a provincial,Santa Fe,FRENTE AMPLIO POR LA SOBERANÍA,2023,2027,activo_al_2026-09-01,https://diputadossantafe.gov.ar/web/camara/diputados,sources/subnational_roster/santa_fe_diputados_vigentes_p2_2026-09-01.html,Régimen provincial · ruta documental por relevar,ruta_provincial_por_relevar,No se localizó todavía un listado nominal institucional de presentaciones.,,sin_nombre_compatible_oa_2017_2024,,,0,,,,La nómina y el bloque provienen de la Cámara de Diputadas y Diputados de Santa Fe.
prov-sf-dip-di-stefano-silvana,Silvana DI STEFANO,Provincial,Legislativo,Legislaturas provinciales,Diputado/a provincial,Santa Fe,UCR,2023,2027,activo_al_2026-09-01,https://diputadossantafe.gov.ar/web/camara/diputados,sources/subnational_roster/santa_fe_diputados_vigentes_p2_2026-09-01.html,Régimen provincial · ruta documental por relevar,ruta_provincial_por_relevar,No se localizó todavía un listado nominal institucional de presentaciones.,,sin_nombre_compatible_oa_2017_2024,,,0,,,,La nómina y el bloque provienen de la Cámara de Diputadas y Diputados de Santa Fe.
prov-sf-dip-drisun-varinia-luciana,Varinia Luciana DRISUN,Provincial,Legislativo,Legislaturas provinciales,Diputado/a provincial,Santa Fe,SOCIALISTA,2023,2027,activo_al_2026-09-01,https://diputadossantafe.gov.ar/web/camara/diputados,sources/subnational_roster/santa_fe_diputados_vigentes_p2_2026-09-01.html,Régimen provincial · ruta documental por relevar,ruta_provincial_por_relevar,No se localizó todavía un listado nominal institucional de presentaciones.,,sin_nombre_compatible_oa_2017_2024,,,0,,,,La nómina y el bloque provienen de la Cámara de Diputadas y Diputados de Santa Fe.
prov-sf-dip-galassi-ruben,Rubén GALASSI,Provincial,Legislativo,Legislaturas provinciales,Diputado/a provincial,Santa Fe,SOCIALISTA,2023,2027,activo_al_2026-09-01,https://diputadossantafe.gov.ar/web/camara/diputados,sources/subnational_roster/santa_fe_diputados_vigentes_p2_2026-09-01.html,Régimen provincial · ruta documental por relevar,ruta_provincial_por_relevar,No se localizó todavía un listado nominal institucional de presentaciones.,,sin_nombre_compatible_oa_2017_2024,,,0,,,,La nómina y el bloque provienen de la Cámara de Diputadas y Diputados de Santa Fe.
prov-sf-dip-galnares-sofia,Sofía GALNARES,Provincial,Legislativo,Legislaturas provinciales,Diputado/a provincial,Santa Fe,UCR,2023,2027,activo_al_2026-09-01,https://diputadossantafe.gov.ar/web/camara/diputados,sources/subnational_roster/santa_fe_diputados_vigentes_p2_2026-09-01.html,Régimen provincial · ruta documental por relevar,ruta_provincial_por_relevar,No se localizó todavía un listado nominal institucional de presentaciones.,,sin_nombre_compatible_oa_2017_2024,,,0,,,,La nómina y el bloque provienen de la Cámara de Diputadas y Diputados de Santa Fe.
prov-sf-dip-garcia-clara-rut,Clara Rut GARCÍA,Provincial,Legislativo,Legislaturas provinciales,Diputado/a provincial,Santa Fe,SOCIALISTA,2023,2027,activo_al_2026-09-01,https://diputadossantafe.gov.ar/web/camara/diputados,sources/subnational_roster/santa_fe_diputados_vigentes_p3_2026-09-01.html,Régimen provincial · ruta documental por relevar,ruta_provincial_por_relevar,No se localizó todavía un listado nominal institucional de presentaciones.,,nombre_compatible_unico_en_oa,GARCIA CLARA RUT,2020,1,2020,2020,,La nómina y el bloque provienen de la Cámara de Diputadas y Diputados de Santa Fe.
prov-sf-dip-garcia-ximena,Ximena GARCÍA,Provincial,Legislativo,Legislaturas provinciales,Diputado/a provincial,Santa Fe,UCR,2023,2027,activo_al_2026-09-01,https://diputadossantafe.gov.ar/web/camara/diputados,sources/subnational_roster/santa_fe_diputados_vigentes_p3_2026-09-01.html,Régimen provincial · ruta documental por relevar,ruta_provincial_por_relevar,No se localizó todavía un listado nominal institucional de presentaciones.,,nombre_compatible_unico_en_oa,GARCIA XIMENA,2018|2019|2020|2021|2022|2023|2024,7,2018,2024,,La nómina y el bloque provienen de la Cámara de Diputadas y Diputados de Santa Fe.
prov-sf-dip-ghione-arnaldo-walter,Arnaldo Walter GHIONE,Provincial,Legislativo,Legislaturas provinciales,Diputado/a provincial,Santa Fe,UNO,2023,2027,activo_al_2026-09-01,https://diputadossantafe.gov.ar/web/camara/diputados,sources/subnational_roster/santa_fe_diputados_vigentes_p3_2026-09-01.html,Régimen provincial · ruta documental por relevar,ruta_provincial_por_relevar,No se localizó todavía un listado nominal institucional de presentaciones.,,sin_nombre_compatible_oa_2017_2024,,,0,,,,La nómina y el bloque provienen de la Cámara de Diputadas y Diputados de Santa Fe.
prov-sf-dip-gonzalez-marcelo,Marcelo GONZÁLEZ,Provincial,Legislativo,Legislaturas provinciales,Diputado/a provincial,Santa Fe,UCR,2023,2027,activo_al_2026-09-01,https://diputadossantafe.gov.ar/web/camara/diputados,sources/subnational_roster/santa_fe_diputados_vigentes_p3_2026-09-01.html,Régimen provincial · ruta documental por relevar,ruta_provincial_por_relevar,No se localizó todavía un listado nominal institucional de presentaciones.,,coincidencia_multiple_revisar_homonimia,GONZALEZ MARCELO | GONZALEZ MARCELO ADRIAN | GONZALEZ MARCELO DANIEL | GONZALEZ MARCELO EDUARDO | GONZALEZ MARCELO ESTEBAN | GONZALEZ MARCELO FABIAN | GONZALEZ MARCELO HECTOR | GONZALEZ MARCELO JOSE | GONZALEZ MARCELO RAMON | GONZALEZ MARCELO RAMON ADRIAN | GONZALEZ MARCELO RICARDO,2017|2018|2019|2020|2021|2022|2023|2024,8,2017,2024,,La nómina y el bloque provienen de la Cámara de Diputadas y Diputados de Santa Fe.
prov-sf-dip-granata-amalia,Amalia GRANATA,Provincial,Legislativo,Legislaturas provinciales,Diputado/a provincial,Santa Fe,SOMOS VIDA,2023,2027,activo_al_2026-09-01,https://diputadossantafe.gov.ar/web/camara/diputados,sources/subnational_roster/santa_fe_diputados_vigentes_p3_2026-09-01.html,Régimen provincial · ruta documental por relevar,ruta_provincial_por_relevar,No se localizó todavía un listado nominal institucional de presentaciones.,,sin_nombre_compatible_oa_2017_2024,,,0,,,,La nómina y el bloque provienen de la Cámara de Diputadas y Diputados de Santa Fe.
prov-sf-dip-hummel-astrid,Astrid HUMMEL,Provincial,Legislativo,Legislaturas provinciales,Diputado/a provincial,Santa Fe,PRO,2023,2027,activo_al_2026-09-01,https://diputadossantafe.gov.ar/web/camara/diputados,sources/subnational_roster/santa_fe_diputados_vigentes_p3_2026-09-01.html,Régimen provincial · ruta documental por relevar,ruta_provincial_por_relevar,No se localizó todavía un listado nominal institucional de presentaciones.,,nombre_compatible_unico_en_oa,HUMMEL ASTRID CAROLINA ANDREA,2017|2018|2019,3,2017,2019,,La nómina y el bloque provienen de la Cámara de Diputadas y Diputados de Santa Fe.
prov-sf-dip-mahmud-gisel,Gisel MAHMUD,Provincial,Legislativo,Legislaturas provinciales,Diputado/a provincial,Santa Fe,SOCIALISTA,2023,2027,activo_al_2026-09-01,https://diputadossantafe.gov.ar/web/camara/diputados,sources/subnational_roster/santa_fe_diputados_vigentes_p3_2026-09-01.html,Régimen provincial · ruta documental por relevar,ruta_provincial_por_relevar,No se localizó todavía un listado nominal institucional de presentaciones.,,sin_nombre_compatible_oa_2017_2024,,,0,,,,La nómina y el bloque provienen de la Cámara de Diputadas y Diputados de Santa Fe.
prov-sf-dip-malfesi-silvia,Silvia MALFESI,Provincial,Legislativo,Legislaturas provinciales,Diputado/a provincial,Santa Fe,SOMOS VIDA,2023,2027,activo_al_2026-09-01,https://diputadossantafe.gov.ar/web/camara/diputados,sources/subnational_roster/santa_fe_diputados_vigentes_p3_2026-09-01.html,Régimen provincial · ruta documental por relevar,ruta_provincial_por_relevar,No se localizó todavía un listado nominal institucional de presentaciones.,,sin_nombre_compatible_oa_2017_2024,,,0,,,,La nómina y el bloque provienen de la Cámara de Diputadas y Diputados de Santa Fe.
prov-sf-dip-mancini-maria-del-rosario,María del Rosario MANCINI,Provincial,Legislativo,Legislaturas provinciales,Diputado/a provincial,Santa Fe,SOCIALISTA,2023,2027,activo_al_2026-09-01,https://diputadossantafe.gov.ar/web/camara/diputados,sources/subnational_roster/santa_fe_diputados_vigentes_p3_2026-09-01.html,Régimen provincial · ruta documental por relevar,ruta_provincial_por_relevar,No se localizó todavía un listado nominal institucional de presentaciones.,,sin_nombre_compatible_oa_2017_2024,,,0,,,,La nómina y el bloque provienen de la Cámara de Diputadas y Diputados de Santa Fe.
prov-sf-dip-martorano-sonia,Sonia MARTORANO,Provincial,Legislativo,Legislaturas provinciales,Diputado/a provincial,Santa Fe,HACEMOS SANTA FE,2023,2027,activo_al_2026-09-01,https://diputadossantafe.gov.ar/web/camara/diputados,sources/subnational_roster/santa_fe_diputados_vigentes_p3_2026-09-01.html,Régimen provincial · ruta documental por relevar,ruta_provincial_por_relevar,No se localizó todavía un listado nominal institucional de presentaciones.,,sin_nombre_compatible_oa_2017_2024,,,0,,,,La nómina y el bloque provienen de la Cámara de Diputadas y Diputados de Santa Fe.
prov-sf-dip-masutti-sofia,Sofía MASUTTI,Provincial,Legislativo,Legislaturas provinciales,Diputado/a provincial,Santa Fe,SOCIALISTA,2023,2027,activo_al_2026-09-01,https://diputadossantafe.gov.ar/web/camara/diputados,sources/subnational_roster/santa_fe_diputados_vigentes_p3_2026-09-01.html,Régimen provincial · ruta documental por relevar,ruta_provincial_por_relevar,No se localizó todavía un listado nominal institucional de presentaciones.,,sin_nombre_compatible_oa_2017_2024,,,0,,,,La nómina y el bloque provienen de la Cámara de Diputadas y Diputados de Santa Fe.
prov-sf-dip-palo-oliver-claudio-fabian,Claudio Fabián PALO OLIVER,Provincial,Legislativo,Legislaturas provinciales,Diputado/a provincial,Santa Fe,FRENTE AMPLIO POR LA SOBERANÍA,2023,2027,activo_al_2026-09-01,https://diputadossantafe.gov.ar/web/camara/diputados,sources/subnational_roster/santa_fe_diputados_vigentes_p3_2026-09-01.html,Régimen provincial · ruta documental por relevar,ruta_provincial_por_relevar,No se localizó todavía un listado nominal institucional de presentaciones.,,nombre_compatible_unico_en_oa,PALO OLIVER CLAUDIO FABIAN,2020,1,2020,2020,,La nómina y el bloque provienen de la Cámara de Diputadas y Diputados de Santa Fe.
prov-sf-dip-paredes-omar,Omar PAREDES,Provincial,Legislativo,Legislaturas provinciales,Diputado/a provincial,Santa Fe,UNIDAD POR SANTA FE,2023,2027,activo_al_2026-09-01,https://diputadossantafe.gov.ar/web/camara/diputados,sources/subnational_roster/santa_fe_diputados_vigentes_p4_2026-09-01.html,Régimen provincial · ruta documental por relevar,ruta_provincial_por_relevar,No se localizó todavía un listado nominal institucional de presentaciones.,,sin_nombre_compatible_oa_2017_2024,,,0,,,,La nómina y el bloque provienen de la Cámara de Diputadas y Diputados de Santa Fe.
prov-sf-dip-peralta-emiliano,Emiliano PERALTA,Provincial,Legislativo,Legislaturas provinciales,Diputado/a provincial,Santa Fe,SOMOS VIDA,2023,2027,activo_al_2026-09-01,https://diputadossantafe.gov.ar/web/camara/diputados,sources/subnational_roster/santa_fe_diputados_vigentes_p4_2026-09-01.html,Régimen provincial · ruta documental por relevar,ruta_provincial_por_relevar,No se localizó todavía un listado nominal institucional de presentaciones.,,nombre_compatible_unico_en_oa,PERALTA EMILIANO,2018|2019|2020|2021|2022|2023|2024,7,2018,2024,,La nómina y el bloque provienen de la Cámara de Diputadas y Diputados de Santa Fe.
prov-sf-dip-perotti-omar,Omar PEROTTI,Provincial,Legislativo,Legislaturas provinciales,Diputado/a provincial,Santa Fe,HACEMOS SANTA FE,2023,2027,activo_al_2026-09-01,https://diputadossantafe.gov.ar/web/camara/diputados,sources/subnational_roster/santa_fe_diputados_vigentes_p4_2026-09-01.html,Régimen provincial · ruta documental por relevar,ruta_provincial_por_relevar,No se localizó todavía un listado nominal institucional de presentaciones.,,nombre_compatible_unico_en_oa,PEROTTI OMAR ANGEL,2017|2018|2019|2020|2021,5,2017,2021,,La nómina y el bloque provienen de la Cámara de Diputadas y Diputados de Santa Fe.
prov-sf-dip-piedrabuena-juan-jose,Juan José PIEDRABUENA,Provincial,Legislativo,Legislaturas provinciales,Diputado/a provincial,Santa Fe,DEL BARRIO PARA LA GENTE,2023,2027,activo_al_2026-09-01,https://diputadossantafe.gov.ar/web/camara/diputados,sources/subnational_roster/santa_fe_diputados_vigentes_p4_2026-09-01.html,Régimen provincial · ruta documental por relevar,ruta_provincial_por_relevar,No se localizó todavía un listado nominal institucional de presentaciones.,,sin_nombre_compatible_oa_2017_2024,,,0,,,,La nómina y el bloque provienen de la Cámara de Diputadas y Diputados de Santa Fe.
prov-sf-dip-porcelli-baro-graf-veronica,Verónica PORCELLI BARÓ GRAF,Provincial,Legislativo,Legislaturas provinciales,Diputado/a provincial,Santa Fe,FRENTE RENOVADOR 100% SANTAFESINO,2023,2027,activo_al_2026-09-01,https://diputadossantafe.gov.ar/web/camara/diputados,sources/subnational_roster/santa_fe_diputados_vigentes_p4_2026-09-01.html,Régimen provincial · ruta documental por relevar,ruta_provincial_por_relevar,No se localizó todavía un listado nominal institucional de presentaciones.,,sin_nombre_compatible_oa_2017_2024,,,0,,,,La nómina y el bloque provienen de la Cámara de Diputadas y Diputados de Santa Fe.
prov-sf-dip-porfiri-edgardo,Edgardo PORFIRI,Provincial,Legislativo,Legislaturas provinciales,Diputado/a provincial,Santa Fe,UNIDAD POR SANTA FE,2023,2027,activo_al_2026-09-01,https://diputadossantafe.gov.ar/web/camara/diputados,sources/subnational_roster/santa_fe_diputados_vigentes_p4_2026-09-01.html,Régimen provincial · ruta documental por relevar,ruta_provincial_por_relevar,No se localizó todavía un listado nominal institucional de presentaciones.,,sin_nombre_compatible_oa_2017_2024,,,0,,,,La nómina y el bloque provienen de la Cámara de Diputadas y Diputados de Santa Fe.
prov-sf-dip-rabbia-miguel,Miguel RABBIA,Provincial,Legislativo,Legislaturas provinciales,Diputado/a provincial,Santa Fe,CONSTRUYENDO FUTURO,2023,2027,activo_al_2026-09-01,https://diputadossantafe.gov.ar/web/camara/diputados,sources/subnational_roster/santa_fe_diputados_vigentes_p4_2026-09-01.html,Régimen provincial · ruta documental por relevar,ruta_provincial_por_relevar,No se localizó todavía un listado nominal institucional de presentaciones.,,sin_nombre_compatible_oa_2017_2024,,,0,,,,La nómina y el bloque provienen de la Cámara de Diputadas y Diputados de Santa Fe.
prov-sf-dip-rodenas-alejandra,Alejandra RODENAS,Provincial,Legislativo,Legislaturas provinciales,Diputado/a provincial,Santa Fe,COMPROMISO JUSTICIALISTA,2023,2027,activo_al_2026-09-01,https://diputadossantafe.gov.ar/web/camara/diputados,sources/subnational_roster/santa_fe_diputados_vigentes_p4_2026-09-01.html,Régimen provincial · ruta documental por relevar,ruta_provincial_por_relevar,No se localizó todavía un listado nominal institucional de presentaciones.,,nombre_compatible_unico_en_oa,RODENAS ALEJANDRA SILVANA,2017|2018|2021|2022,4,2017,2022,,La nómina y el bloque provienen de la Cámara de Diputadas y Diputados de Santa Fe.
prov-sf-dip-rojas-sergio,Sergio ROJAS,Provincial,Legislativo,Legislaturas provinciales,Diputado/a provincial,Santa Fe,SOCIALISTA,2023,2027,activo_al_2026-09-01,https://diputadossantafe.gov.ar/web/camara/diputados,sources/subnational_roster/santa_fe_diputados_vigentes_p4_2026-09-01.html,Régimen provincial · ruta documental por relevar,ruta_provincial_por_relevar,No se localizó todavía un listado nominal institucional de presentaciones.,,coincidencia_multiple_revisar_homonimia,ROJAS SERGIO DAVID | ROJAS SERGIO EDUARDO,2017|2018|2019|2020|2021,5,2017,2021,,La nómina y el bloque provienen de la Cámara de Diputadas y Diputados de Santa Fe.
prov-sf-dip-rosua-martin,Martín ROSÚA,Provincial,Legislativo,Legislaturas provinciales,Diputado/a provincial,Santa Fe,UCR,2023,2027,activo_al_2026-09-01,https://diputadossantafe.gov.ar/web/camara/diputados,sources/subnational_roster/santa_fe_diputados_vigentes_p4_2026-09-01.html,Régimen provincial · ruta documental por relevar,ruta_provincial_por_relevar,No se localizó todavía un listado nominal institucional de presentaciones.,,sin_nombre_compatible_oa_2017_2024,,,0,,,,La nómina y el bloque provienen de la Cámara de Diputadas y Diputados de Santa Fe.
prov-sf-dip-scarpin-dionisio,Dionisio SCARPÍN,Provincial,Legislativo,Legislaturas provinciales,Diputado/a provincial,Santa Fe,UCR,2023,2027,activo_al_2026-09-01,https://diputadossantafe.gov.ar/web/camara/diputados,sources/subnational_roster/santa_fe_diputados_vigentes_p4_2026-09-01.html,Régimen provincial · ruta documental por relevar,ruta_provincial_por_relevar,No se localizó todavía un listado nominal institucional de presentaciones.,,nombre_compatible_unico_en_oa,SCARPIN DIONISIO FERNANDO,2020|2021|2022,3,2020,2022,,La nómina y el bloque provienen de la Cámara de Diputadas y Diputados de Santa Fe.
prov-sf-dip-scavuzzo-german,Germán SCAVUZZO,Provincial,Legislativo,Legislaturas provinciales,Diputado/a provincial,Santa Fe,UCR,2023,2027,activo_al_2026-09-01,https://diputadossantafe.gov.ar/web/camara/diputados,sources/subnational_roster/santa_fe_diputados_vigentes_p4_2026-09-01.html,Régimen provincial · ruta documental por relevar,ruta_provincial_por_relevar,No se localizó todavía un listado nominal institucional de presentaciones.,,sin_nombre_compatible_oa_2017_2024,,,0,,,,La nómina y el bloque provienen de la Cámara de Diputadas y Diputados de Santa Fe.
prov-sf-dip-senn-jimena,Jimena SENN,Provincial,Legislativo,Legislaturas provinciales,Diputado/a provincial,Santa Fe,UCR,2023,2027,activo_al_2026-09-01,https://diputadossantafe.gov.ar/web/camara/diputados,sources/subnational_roster/santa_fe_diputados_vigentes_p5_2026-09-01.html,Régimen provincial · ruta documental por relevar,ruta_provincial_por_relevar,No se localizó todavía un listado nominal institucional de presentaciones.,,sin_nombre_compatible_oa_2017_2024,,,0,,,,La nómina y el bloque provienen de la Cámara de Diputadas y Diputados de Santa Fe.
prov-sf-dip-sola-maria-ximena,María Ximena SOLA,Provincial,Legislativo,Legislaturas provinciales,Diputado/a provincial,Santa Fe,PRO,2023,2027,activo_al_2026-09-01,https://diputadossantafe.gov.ar/web/camara/diputados,sources/subnational_roster/santa_fe_diputados_vigentes_p5_2026-09-01.html,Régimen provincial · ruta documental por relevar,ruta_provincial_por_relevar,No se localizó todavía un listado nominal institucional de presentaciones.,,sin_nombre_compatible_oa_2017_2024,,,0,,,,La nómina y el bloque provienen de la Cámara de Diputadas y Diputados de Santa Fe.
prov-sf-sen-gramajo-joaquin-raul,Joaquín Raúl Gramajo,Provincial,Legislativo,Legislaturas provinciales,Senador/a provincial,Santa Fe,Unite,2023,2027,activo_al_2026-09-01,https://www.senadosantafe.gob.ar/,sources/subnational_roster/santa_fe_senadores_vigentes_2026-09-01.html,Régimen provincial · ruta documental por relevar,ruta_provincial_por_relevar,Departamento 9 de Julio,,sin_nombre_compatible_oa_2017_2024,,,0,,,,"La nómina, el departamento, el mandato y el bloque provienen de la Cámara de Senadores de Santa Fe."
prov-sf-sen-verdecchia-pablo-horacio,Pablo Horacio Verdecchia,Provincial,Legislativo,Legislaturas provinciales,Senador/a provincial,Santa Fe,Unidos para Cambiar Santa Fe,2023,2027,activo_al_2026-09-01,https://www.senadosantafe.gob.ar/,sources/subnational_roster/santa_fe_senadores_vigentes_2026-09-01.html,Régimen provincial · ruta documental por relevar,ruta_provincial_por_relevar,Departamento Belgrano,,sin_nombre_compatible_oa_2017_2024,,,0,,,,"La nómina, el departamento, el mandato y el bloque provienen de la Cámara de Senadores de Santa Fe."
prov-sf-sen-rosconi-eduardo-daniel,Eduardo Daniel Rosconi,Provincial,Legislativo,Legislaturas provinciales,Senador/a provincial,Santa Fe,Partido Justicialista BPJ,2023,2027,activo_al_2026-09-01,https://www.senadosantafe.gob.ar/,sources/subnational_roster/santa_fe_senadores_vigentes_2026-09-01.html,Régimen provincial · ruta documental por relevar,ruta_provincial_por_relevar,Departamento Caseros,,sin_nombre_compatible_oa_2017_2024,,,0,,,,"La nómina, el departamento, el mandato y el bloque provienen de la Cámara de Senadores de Santa Fe."
prov-sf-sen-calvo-alcides-lorenzo,Alcides Lorenzo Calvo,Provincial,Legislativo,Legislaturas provinciales,Senador/a provincial,Santa Fe,Partido Justicialista BPJ,2023,2027,activo_al_2026-09-01,https://www.senadosantafe.gob.ar/,sources/subnational_roster/santa_fe_senadores_vigentes_2026-09-01.html,Régimen provincial · ruta documental por relevar,ruta_provincial_por_relevar,Departamento Castellanos,,sin_nombre_compatible_oa_2017_2024,,,0,,,,"La nómina, el departamento, el mandato y el bloque provienen de la Cámara de Senadores de Santa Fe."
prov-sf-sen-giacomino-german-eduardo,Germán Eduardo Giacomino,Provincial,Legislativo,Legislaturas provinciales,Senador/a provincial,Santa Fe,Unidos para Cambiar Santa Fe,2023,2027,activo_al_2026-09-01,https://www.senadosantafe.gob.ar/,sources/subnational_roster/santa_fe_senadores_vigentes_2026-09-01.html,Régimen provincial · ruta documental por relevar,ruta_provincial_por_relevar,Departamento Constitución,,sin_nombre_compatible_oa_2017_2024,,,0,,,,"La nómina, el departamento, el mandato y el bloque provienen de la Cámara de Senadores de Santa Fe."
prov-sf-sen-baumgartner-german-ariel,Germán Ariel Baumgartner,Provincial,Legislativo,Legislaturas provinciales,Senador/a provincial,Santa Fe,Unidos para Cambiar Santa Fe,2023,2027,activo_al_2026-09-01,https://www.senadosantafe.gob.ar/,sources/subnational_roster/santa_fe_senadores_vigentes_2026-09-01.html,Régimen provincial · ruta documental por relevar,ruta_provincial_por_relevar,Departamento Garay,,sin_nombre_compatible_oa_2017_2024,,,0,,,,"La nómina, el departamento, el mandato y el bloque provienen de la Cámara de Senadores de Santa Fe."
prov-sf-sen-di-gregorio-leticia,Leticia Di Gregorio,Provincial,Legislativo,Legislaturas provinciales,Senador/a provincial,Santa Fe,Unidos para Cambiar Santa Fe,2023,2027,activo_al_2026-09-01,https://www.senadosantafe.gob.ar/,sources/subnational_roster/santa_fe_senadores_vigentes_2026-09-01.html,Régimen provincial · ruta documental por relevar,ruta_provincial_por_relevar,Departamento General López,,sin_nombre_compatible_oa_2017_2024,,,0,,,,"La nómina, el departamento, el mandato y el bloque provienen de la Cámara de Senadores de Santa Fe."
prov-sf-sen-marcon-orfilio-eliseo-jose,Orfilio Eliseo José Marcón,Provincial,Legislativo,Legislaturas provinciales,Senador/a provincial,Santa Fe,Unidos para Cambiar Santa Fe,2023,2027,activo_al_2026-09-01,https://www.senadosantafe.gob.ar/,sources/subnational_roster/santa_fe_senadores_vigentes_2026-09-01.html,Régimen provincial · ruta documental por relevar,ruta_provincial_por_relevar,Departamento General Obligado,,sin_nombre_compatible_oa_2017_2024,,,0,,,,"La nómina, el departamento, el mandato y el bloque provienen de la Cámara de Senadores de Santa Fe."
prov-sf-sen-rasetto-hugo-jesus,Hugo Jesús Rasetto,Provincial,Legislativo,Legislaturas provinciales,Senador/a provincial,Santa Fe,Unidos para Cambiar Santa Fe,2023,2027,activo_al_2026-09-01,https://www.senadosantafe.gob.ar/,sources/subnational_roster/santa_fe_senadores_vigentes_2026-09-01.html,Régimen provincial · ruta documental por relevar,ruta_provincial_por_relevar,Departamento Iriondo,,sin_nombre_compatible_oa_2017_2024,,,0,,,,"La nómina, el departamento, el mandato y el bloque provienen de la Cámara de Senadores de Santa Fe."
prov-sf-sen-garibaldi-julio-francisco,Julio Francisco Garibaldi,Provincial,Legislativo,Legislaturas provinciales,Senador/a provincial,Santa Fe,Unidos para Cambiar Santa Fe,2023,2027,activo_al_2026-09-01,https://www.senadosantafe.gob.ar/,sources/subnational_roster/santa_fe_senadores_vigentes_2026-09-01.html,Régimen provincial · ruta documental por relevar,ruta_provincial_por_relevar,Departamento La Capital,,nombre_compatible_unico_en_oa,GARIBALDI JULIO FRANCISCO,2020,1,2020,2020,,"La nómina, el departamento, el mandato y el bloque provienen de la Cámara de Senadores de Santa Fe."
prov-sf-sen-pirola-ruben-regis,Rubén Regis Pirola,Provincial,Legislativo,Legislaturas provinciales,Senador/a provincial,Santa Fe,Partido Justicialista BPJ,2023,2027,activo_al_2026-09-01,https://www.senadosantafe.gob.ar/,sources/subnational_roster/santa_fe_senadores_vigentes_2026-09-01.html,Régimen provincial · ruta documental por relevar,ruta_provincial_por_relevar,Departamento Las Colonias,,sin_nombre_compatible_oa_2017_2024,,,0,,,,"La nómina, el departamento, el mandato y el bloque provienen de la Cámara de Senadores de Santa Fe."
prov-sf-sen-seisas-ciro-ruperto,Ciro Ruperto Seisas,Provincial,Legislativo,Legislaturas provinciales,Senador/a provincial,Santa Fe,Unidos para Cambiar Santa Fe,2023,2027,activo_al_2026-09-01,https://www.senadosantafe.gob.ar/,sources/subnational_roster/santa_fe_senadores_vigentes_2026-09-01.html,Régimen provincial · ruta documental por relevar,ruta_provincial_por_relevar,Departamento Rosario,,sin_nombre_compatible_oa_2017_2024,,,0,,,,"La nómina, el departamento, el mandato y el bloque provienen de la Cámara de Senadores de Santa Fe."
prov-sf-sen-michlig-felipe-enrique,Felipe Enrique Michlig,Provincial,Legislativo,Legislaturas provinciales,Senador/a provincial,Santa Fe,Unidos para Cambiar Santa Fe,2023,2027,activo_al_2026-09-01,https://www.senadosantafe.gob.ar/,sources/subnational_roster/santa_fe_senadores_vigentes_2026-09-01.html,Régimen provincial · ruta documental por relevar,ruta_provincial_por_relevar,Departamento San Cristóbal,,sin_nombre_compatible_oa_2017_2024,,,0,,,,"La nómina, el departamento, el mandato y el bloque provienen de la Cámara de Senadores de Santa Fe."
prov-sf-sen-dolzani-oscar-alfredo,Oscar Alfredo Dolzani,Provincial,Legislativo,Legislaturas provinciales,Senador/a provincial,Santa Fe,Unidos para Cambiar Santa Fe,2023,2027,activo_al_2026-09-01,https://www.senadosantafe.gob.ar/,sources/subnational_roster/santa_fe_senadores_vigentes_2026-09-01.html,Régimen provincial · ruta documental por relevar,ruta_provincial_por_relevar,Departamento San Javier,,sin_nombre_compatible_oa_2017_2024,,,0,,,,"La nómina, el departamento, el mandato y el bloque provienen de la Cámara de Senadores de Santa Fe."
prov-sf-sen-diana-leonardo-andres,Leonardo Andrés Diana,Provincial,Legislativo,Legislaturas provinciales,Senador/a provincial,Santa Fe,Unidos para Cambiar Santa Fe,2023,2027,activo_al_2026-09-01,https://www.senadosantafe.gob.ar/,sources/subnational_roster/santa_fe_senadores_vigentes_2026-09-01.html,Régimen provincial · ruta documental por relevar,ruta_provincial_por_relevar,Departamento San Jerónimo,,sin_nombre_compatible_oa_2017_2024,,,0,,,,"La nómina, el departamento, el mandato y el bloque provienen de la Cámara de Senadores de Santa Fe."
prov-sf-sen-borla-rodrigo-leandro,Rodrigo Leandro Borla,Provincial,Legislativo,Legislaturas provinciales,Senador/a provincial,Santa Fe,Unidos para Cambiar Santa Fe,2023,2027,activo_al_2026-09-01,https://www.senadosantafe.gob.ar/,sources/subnational_roster/santa_fe_senadores_vigentes_2026-09-01.html,Régimen provincial · ruta documental por relevar,ruta_provincial_por_relevar,Departamento San Justo,,sin_nombre_compatible_oa_2017_2024,,,0,,,,"La nómina, el departamento, el mandato y el bloque provienen de la Cámara de Senadores de Santa Fe."
prov-sf-sen-traferri-armando,Armando Traferri,Provincial,Legislativo,Legislaturas provinciales,Senador/a provincial,Santa Fe,Partido Justicialista BPJ,2023,2027,activo_al_2026-09-01,https://www.senadosantafe.gob.ar/,sources/subnational_roster/santa_fe_senadores_vigentes_2026-09-01.html,Régimen provincial · ruta documental por relevar,ruta_provincial_por_relevar,Departamento San Lorenzo,,sin_nombre_compatible_oa_2017_2024,,,0,,,,"La nómina, el departamento, el mandato y el bloque provienen de la Cámara de Senadores de Santa Fe."
prov-sf-sen-motta-esteban-federico,Esteban Federico Motta,Provincial,Legislativo,Legislaturas provinciales,Senador/a provincial,Santa Fe,Unidos para Cambiar Santa Fe,2023,2027,activo_al_2026-09-01,https://www.senadosantafe.gob.ar/,sources/subnational_roster/santa_fe_senadores_vigentes_2026-09-01.html,Régimen provincial · ruta documental por relevar,ruta_provincial_por_relevar,Departamento San Martín,,sin_nombre_compatible_oa_2017_2024,,,0,,,,"La nómina, el departamento, el mandato y el bloque provienen de la Cámara de Senadores de Santa Fe."
prov-sf-sen-sosa-osvaldo-hugo-segundo,Osvaldo Hugo Segundo Sosa,Provincial,Legislativo,Legislaturas provinciales,Senador/a provincial,Santa Fe,Partido Justicialista BPJ,2023,2027,activo_al_2026-09-01,https://www.senadosantafe.gob.ar/,sources/subnational_roster/santa_fe_senadores_vigentes_2026-09-01.html,Régimen provincial · ruta documental por relevar,ruta_provincial_por_relevar,Departamento Vera,,sin_nombre_compatible_oa_2017_2024,,,0,,,,"La nómina, el departamento, el mandato y el bloque provienen de la Cámara de Senadores de Santa Fe."
prov-rn-leg-bernatene-ariel-roberto,Ariel Roberto BERNATENE,Provincial,Legislativo,Legislaturas provinciales,Legislador/a provincial,Río Negro,BLOQUE UNIÓN CÍVICA RADICAL,,,activo_al_2026-09-01,https://web.legisrn.gov.ar/institucional/legisladores,sources/subnational_roster/rio_negro_legisladores_vigentes_2026-09-01.csv,Régimen provincial · ruta documental por relevar,ruta_provincial_por_relevar,No se localizó todavía un listado nominal institucional de presentaciones.,,sin_nombre_compatible_oa_2017_2024,,,0,,,,Transcripción estructurada de la nómina y los ocho bloques publicados por la Legislatura de Río Negro; cada fila conserva su URL oficial de bloque.
prov-rn-leg-matzen-lorena-maria-matilde,Lorena María Matilde MATZEN,Provincial,Legislativo,Legislaturas provinciales,Legislador/a provincial,Río Negro,BLOQUE UNIÓN CÍVICA RADICAL,,,activo_al_2026-09-01,https://web.legisrn.gov.ar/institucional/legisladores,sources/subnational_roster/rio_negro_legisladores_vigentes_2026-09-01.csv,Régimen provincial · ruta documental por relevar,ruta_provincial_por_relevar,No se localizó todavía un listado nominal institucional de presentaciones.,,nombre_compatible_unico_en_oa,MATZEN LORENA MARIA MATILDE,2017,1,2017,2017,,Transcripción estructurada de la nómina y los ocho bloques publicados por la Legislatura de Río Negro; cada fila conserva su URL oficial de bloque.
prov-rn-leg-acevedo-javier-edue,Javier Edue ACEVEDO,Provincial,Legislativo,Legislaturas provinciales,Legislador/a provincial,Río Negro,BLOQUE COALICIÓN CÍVICA ARI - CAMBIEMOS,,,activo_al_2026-09-01,https://web.legisrn.gov.ar/institucional/legisladores,sources/subnational_roster/rio_negro_legisladores_vigentes_2026-09-01.csv,Régimen provincial · ruta documental por relevar,ruta_provincial_por_relevar,No se localizó todavía un listado nominal institucional de presentaciones.,,nombre_compatible_unico_en_oa,ACEVEDO JAVIER EDUE,2017,1,2017,2017,,Transcripción estructurada de la nómina y los ocho bloques publicados por la Legislatura de Río Negro; cada fila conserva su URL oficial de bloque.
prov-rn-leg-agostino-daniela-beatriz,Daniela Beatriz AGOSTINO,Provincial,Legislativo,Legislaturas provinciales,Legislador/a provincial,Río Negro,BLOQUE COALICIÓN CÍVICA ARI - CAMBIEMOS,,,activo_al_2026-09-01,https://web.legisrn.gov.ar/institucional/legisladores,sources/subnational_roster/rio_negro_legisladores_vigentes_2026-09-01.csv,Régimen provincial · ruta documental por relevar,ruta_provincial_por_relevar,No se localizó todavía un listado nominal institucional de presentaciones.,,nombre_compatible_unico_en_oa,AGOSTINO DANIELA BEATRIZ,2018,1,2018,2018,,Transcripción estructurada de la nómina y los ocho bloques publicados por la Legislatura de Río Negro; cada fila conserva su URL oficial de bloque.
prov-rn-leg-frugoni-fernando-g,Fernando G. FRUGONI,Provincial,Legislativo,Legislaturas provinciales,Legislador/a provincial,Río Negro,BLOQUE COALICIÓN CÍVICA ARI - CAMBIEMOS,,,activo_al_2026-09-01,https://web.legisrn.gov.ar/institucional/legisladores,sources/subnational_roster/rio_negro_legisladores_vigentes_2026-09-01.csv,Régimen provincial · ruta documental por relevar,ruta_provincial_por_relevar,No se localizó todavía un listado nominal institucional de presentaciones.,,sin_nombre_compatible_oa_2017_2024,,,0,,,,Transcripción estructurada de la nómina y los ocho bloques publicados por la Legislatura de Río Negro; cada fila conserva su URL oficial de bloque.
prov-rn-leg-scavo-roberta,Roberta SCAVO,Provincial,Legislativo,Legislaturas provinciales,Legislador/a provincial,Río Negro,BLOQUE COALICIÓN CÍVICA ARI - CAMBIEMOS,,,activo_al_2026-09-01,https://web.legisrn.gov.ar/institucional/legisladores,sources/subnational_roster/rio_negro_legisladores_vigentes_2026-09-01.csv,Régimen provincial · ruta documental por relevar,ruta_provincial_por_relevar,No se localizó todavía un listado nominal institucional de presentaciones.,,nombre_compatible_unico_en_oa,SCAVO ROBERTA,2018,1,2018,2018,,Transcripción estructurada de la nómina y los ocho bloques publicados por la Legislatura de Río Negro; cada fila conserva su URL oficial de bloque.
prov-rn-leg-dominguez-cesar-rafael,César Rafael DOMÍNGUEZ,Provincial,Legislativo,Legislaturas provinciales,Legislador/a provincial,Río Negro,BLOQUE PRIMERO RÍO NEGRO,,,activo_al_2026-09-01,https://web.legisrn.gov.ar/institucional/legisladores,sources/subnational_roster/rio_negro_legisladores_vigentes_2026-09-01.csv,Régimen provincial · ruta documental por relevar,ruta_provincial_por_relevar,No se localizó todavía un listado nominal institucional de presentaciones.,,sin_nombre_compatible_oa_2017_2024,,,0,,,,Transcripción estructurada de la nómina y los ocho bloques publicados por la Legislatura de Río Negro; cada fila conserva su URL oficial de bloque.
prov-rn-leg-mansilla-elba-yolanda,Elba Yolanda MANSILLA,Provincial,Legislativo,Legislaturas provinciales,Legislador/a provincial,Río Negro,BLOQUE PRIMERO RÍO NEGRO,,,activo_al_2026-09-01,https://web.legisrn.gov.ar/institucional/legisladores,sources/subnational_roster/rio_negro_legisladores_vigentes_2026-09-01.csv,Régimen provincial · ruta documental por relevar,ruta_provincial_por_relevar,No se localizó todavía un listado nominal institucional de presentaciones.,,sin_nombre_compatible_oa_2017_2024,,,0,,,,Transcripción estructurada de la nómina y los ocho bloques publicados por la Legislatura de Río Negro; cada fila conserva su URL oficial de bloque.
prov-rn-leg-cevoli-maria-celia,María Celia CÉVOLI,Provincial,Legislativo,Legislaturas provinciales,Legislador/a provincial,Río Negro,BLOQUE ALIANZA JUNTOS SOMOS RÍO NEGRO,,,activo_al_2026-09-01,https://web.legisrn.gov.ar/institucional/legisladores,sources/subnational_roster/rio_negro_legisladores_vigentes_2026-09-01.csv,Régimen provincial · ruta documental por relevar,ruta_provincial_por_relevar,No se localizó todavía un listado nominal institucional de presentaciones.,,sin_nombre_compatible_oa_2017_2024,,,0,,,,Transcripción estructurada de la nómina y los ocho bloques publicados por la Legislatura de Río Negro; cada fila conserva su URL oficial de bloque.
prov-rn-leg-cides-juan-elbi,Juan Elbi CIDES,Provincial,Legislativo,Legislaturas provinciales,Legislador/a provincial,Río Negro,BLOQUE ALIANZA JUNTOS SOMOS RÍO NEGRO,,,activo_al_2026-09-01,https://web.legisrn.gov.ar/institucional/legisladores,sources/subnational_roster/rio_negro_legisladores_vigentes_2026-09-01.csv,Régimen provincial · ruta documental por relevar,ruta_provincial_por_relevar,No se localizó todavía un listado nominal institucional de presentaciones.,,sin_nombre_compatible_oa_2017_2024,,,0,,,,Transcripción estructurada de la nómina y los ocho bloques publicados por la Legislatura de Río Negro; cada fila conserva su URL oficial de bloque.
prov-rn-leg-escudero-maria-andrea,María Andrea ESCUDERO,Provincial,Legislativo,Legislaturas provinciales,Legislador/a provincial,Río Negro,BLOQUE ALIANZA JUNTOS SOMOS RÍO NEGRO,,,activo_al_2026-09-01,https://web.legisrn.gov.ar/institucional/legisladores,sources/subnational_roster/rio_negro_legisladores_vigentes_2026-09-01.csv,Régimen provincial · ruta documental por relevar,ruta_provincial_por_relevar,No se localizó todavía un listado nominal institucional de presentaciones.,,sin_nombre_compatible_oa_2017_2024,,,0,,,,Transcripción estructurada de la nómina y los ocho bloques publicados por la Legislatura de Río Negro; cada fila conserva su URL oficial de bloque.
prov-rn-leg-gonzalez-abdala-marcela-haydee,Marcela Haydeé GONZÁLEZ ABDALA,Provincial,Legislativo,Legislaturas provinciales,Legislador/a provincial,Río Negro,BLOQUE ALIANZA JUNTOS SOMOS RÍO NEGRO,,,activo_al_2026-09-01,https://web.legisrn.gov.ar/institucional/legisladores,sources/subnational_roster/rio_negro_legisladores_vigentes_2026-09-01.csv,Régimen provincial · ruta documental por relevar,ruta_provincial_por_relevar,No se localizó todavía un listado nominal institucional de presentaciones.,,sin_nombre_compatible_oa_2017_2024,,,0,,,,Transcripción estructurada de la nómina y los ocho bloques publicados por la Legislatura de Río Negro; cada fila conserva su URL oficial de bloque.
prov-rn-leg-kircher-castanarez-aime-manuela,Aime Manuela KIRCHER CASTAÑAREZ,Provincial,Legislativo,Legislaturas provinciales,Legislador/a provincial,Río Negro,BLOQUE ALIANZA JUNTOS SOMOS RÍO NEGRO,,,activo_al_2026-09-01,https://web.legisrn.gov.ar/institucional/legisladores,sources/subnational_roster/rio_negro_legisladores_vigentes_2026-09-01.csv,Régimen provincial · ruta documental por relevar,ruta_provincial_por_relevar,No se localizó todavía un listado nominal institucional de presentaciones.,,sin_nombre_compatible_oa_2017_2024,,,0,,,,Transcripción estructurada de la nómina y los ocho bloques publicados por la Legislatura de Río Negro; cada fila conserva su URL oficial de bloque.
prov-rn-leg-lopez-facundo-manuel,Facundo Manuel LÓPEZ,Provincial,Legislativo,Legislaturas provinciales,Legislador/a provincial,Río Negro,BLOQUE ALIANZA JUNTOS SOMOS RÍO NEGRO,,,activo_al_2026-09-01,https://web.legisrn.gov.ar/institucional/legisladores,sources/subnational_roster/rio_negro_legisladores_vigentes_2026-09-01.csv,Régimen provincial · ruta documental por relevar,ruta_provincial_por_relevar,No se localizó todavía un listado nominal institucional de presentaciones.,,nombre_compatible_unico_en_oa,LOPEZ FACUNDO MANUEL,2020|2021|2022|2023,4,2020,2023,,Transcripción estructurada de la nómina y los ocho bloques publicados por la Legislatura de Río Negro; cada fila conserva su URL oficial de bloque.
prov-rn-leg-morales-silvia-beatriz,Silvia Beatriz MORALES,Provincial,Legislativo,Legislaturas provinciales,Legislador/a provincial,Río Negro,BLOQUE ALIANZA JUNTOS SOMOS RÍO NEGRO,,,activo_al_2026-09-01,https://web.legisrn.gov.ar/institucional/legisladores,sources/subnational_roster/rio_negro_legisladores_vigentes_2026-09-01.csv,Régimen provincial · ruta documental por relevar,ruta_provincial_por_relevar,No se localizó todavía un listado nominal institucional de presentaciones.,,sin_nombre_compatible_oa_2017_2024,,,0,,,,Transcripción estructurada de la nómina y los ocho bloques publicados por la Legislatura de Río Negro; cada fila conserva su URL oficial de bloque.
prov-rn-leg-moreno-norberto-emanuel,Norberto Emanuel MORENO,Provincial,Legislativo,Legislaturas provinciales,Legislador/a provincial,Río Negro,BLOQUE ALIANZA JUNTOS SOMOS RÍO NEGRO,,,activo_al_2026-09-01,https://web.legisrn.gov.ar/institucional/legisladores,sources/subnational_roster/rio_negro_legisladores_vigentes_2026-09-01.csv,Régimen provincial · ruta documental por relevar,ruta_provincial_por_relevar,No se localizó todavía un listado nominal institucional de presentaciones.,,sin_nombre_compatible_oa_2017_2024,,,0,,,,Transcripción estructurada de la nómina y los ocho bloques publicados por la Legislatura de Río Negro; cada fila conserva su URL oficial de bloque.
prov-rn-leg-noale-luis-angel,Luis Ángel NOALE,Provincial,Legislativo,Legislaturas provinciales,Legislador/a provincial,Río Negro,BLOQUE ALIANZA JUNTOS SOMOS RÍO NEGRO,,,activo_al_2026-09-01,https://web.legisrn.gov.ar/institucional/legisladores,sources/subnational_roster/rio_negro_legisladores_vigentes_2026-09-01.csv,Régimen provincial · ruta documental por relevar,ruta_provincial_por_relevar,No se localizó todavía un listado nominal institucional de presentaciones.,,sin_nombre_compatible_oa_2017_2024,,,0,,,,Transcripción estructurada de la nómina y los ocho bloques publicados por la Legislatura de Río Negro; cada fila conserva su URL oficial de bloque.
prov-rn-leg-pica-lucas-romeo,Lucas Romeo PICA,Provincial,Legislativo,Legislaturas provinciales,Legislador/a provincial,Río Negro,BLOQUE ALIANZA JUNTOS SOMOS RÍO NEGRO,,,activo_al_2026-09-01,https://web.legisrn.gov.ar/institucional/legisladores,sources/subnational_roster/rio_negro_legisladores_vigentes_2026-09-01.csv,Régimen provincial · ruta documental por relevar,ruta_provincial_por_relevar,No se localizó todavía un listado nominal institucional de presentaciones.,,sin_nombre_compatible_oa_2017_2024,,,0,,,,Transcripción estructurada de la nómina y los ocho bloques publicados por la Legislatura de Río Negro; cada fila conserva su URL oficial de bloque.
prov-rn-leg-reynoso-natalia-emilia,Natalia Emilia REYNOSO,Provincial,Legislativo,Legislaturas provinciales,Legislador/a provincial,Río Negro,BLOQUE ALIANZA JUNTOS SOMOS RÍO NEGRO,,,activo_al_2026-09-01,https://web.legisrn.gov.ar/institucional/legisladores,sources/subnational_roster/rio_negro_legisladores_vigentes_2026-09-01.csv,Régimen provincial · ruta documental por relevar,ruta_provincial_por_relevar,No se localizó todavía un listado nominal institucional de presentaciones.,,sin_nombre_compatible_oa_2017_2024,,,0,,,,Transcripción estructurada de la nómina y los ocho bloques publicados por la Legislatura de Río Negro; cada fila conserva su URL oficial de bloque.
prov-rn-leg-rossio-maria-marcela,María Marcela ROSSIO,Provincial,Legislativo,Legislaturas provinciales,Legislador/a provincial,Río Negro,BLOQUE ALIANZA JUNTOS SOMOS RÍO NEGRO,,,activo_al_2026-09-01,https://web.legisrn.gov.ar/institucional/legisladores,sources/subnational_roster/rio_negro_legisladores_vigentes_2026-09-01.csv,Régimen provincial · ruta documental por relevar,ruta_provincial_por_relevar,No se localizó todavía un listado nominal institucional de presentaciones.,,sin_nombre_compatible_oa_2017_2024,,,0,,,,Transcripción estructurada de la nómina y los ocho bloques publicados por la Legislatura de Río Negro; cada fila conserva su URL oficial de bloque.
prov-rn-leg-san-roman-gustavo-modesto,Gustavo Modesto SAN ROMÁN,Provincial,Legislativo,Legislaturas provinciales,Legislador/a provincial,Río Negro,BLOQUE ALIANZA JUNTOS SOMOS RÍO NEGRO,,,activo_al_2026-09-01,https://web.legisrn.gov.ar/institucional/legisladores,sources/subnational_roster/rio_negro_legisladores_vigentes_2026-09-01.csv,Régimen provincial · ruta documental por relevar,ruta_provincial_por_relevar,No se localizó todavía un listado nominal institucional de presentaciones.,,sin_nombre_compatible_oa_2017_2024,,,0,,,,Transcripción estructurada de la nómina y los ocho bloques publicados por la Legislatura de Río Negro; cada fila conserva su URL oficial de bloque.
prov-rn-leg-sanguinetti-daniel-horacio,Daniel Horacio SANGUINETTI,Provincial,Legislativo,Legislaturas provinciales,Legislador/a provincial,Río Negro,BLOQUE ALIANZA JUNTOS SOMOS RÍO NEGRO,,,activo_al_2026-09-01,https://web.legisrn.gov.ar/institucional/legisladores,sources/subnational_roster/rio_negro_legisladores_vigentes_2026-09-01.csv,Régimen provincial · ruta documental por relevar,ruta_provincial_por_relevar,No se localizó todavía un listado nominal institucional de presentaciones.,,sin_nombre_compatible_oa_2017_2024,,,0,,,,Transcripción estructurada de la nómina y los ocho bloques publicados por la Legislatura de Río Negro; cada fila conserva su URL oficial de bloque.
prov-rn-leg-szczygol-marcelo-fabian,Marcelo Fabián SZCZYGOL,Provincial,Legislativo,Legislaturas provinciales,Legislador/a provincial,Río Negro,BLOQUE ALIANZA JUNTOS SOMOS RÍO NEGRO,,,activo_al_2026-09-01,https://web.legisrn.gov.ar/institucional/legisladores,sources/subnational_roster/rio_negro_legisladores_vigentes_2026-09-01.csv,Régimen provincial · ruta documental por relevar,ruta_provincial_por_relevar,No se localizó todavía un listado nominal institucional de presentaciones.,,sin_nombre_compatible_oa_2017_2024,,,0,,,,Transcripción estructurada de la nómina y los ocho bloques publicados por la Legislatura de Río Negro; cada fila conserva su URL oficial de bloque.
prov-rn-leg-valeri-carlos-alfredo,Carlos Alfredo VALERI,Provincial,Legislativo,Legislaturas provinciales,Legislador/a provincial,Río Negro,BLOQUE ALIANZA JUNTOS SOMOS RÍO NEGRO,,,activo_al_2026-09-01,https://web.legisrn.gov.ar/institucional/legisladores,sources/subnational_roster/rio_negro_legisladores_vigentes_2026-09-01.csv,Régimen provincial · ruta documental por relevar,ruta_provincial_por_relevar,No se localizó todavía un listado nominal institucional de presentaciones.,,sin_nombre_compatible_oa_2017_2024,,,0,,,,Transcripción estructurada de la nómina y los ocho bloques publicados por la Legislatura de Río Negro; cada fila conserva su URL oficial de bloque.
prov-rn-leg-yauhar-soraya-elisandra-iris,Soraya Elisandra Iris YAUHAR,Provincial,Legislativo,Legislaturas provinciales,Legislador/a provincial,Río Negro,BLOQUE ALIANZA JUNTOS SOMOS RÍO NEGRO,,,activo_al_2026-09-01,https://web.legisrn.gov.ar/institucional/legisladores,sources/subnational_roster/rio_negro_legisladores_vigentes_2026-09-01.csv,Régimen provincial · ruta documental por relevar,ruta_provincial_por_relevar,No se localizó todavía un listado nominal institucional de presentaciones.,,sin_nombre_compatible_oa_2017_2024,,,0,,,,Transcripción estructurada de la nómina y los ocho bloques publicados por la Legislatura de Río Negro; cada fila conserva su URL oficial de bloque.
prov-rn-leg-yensen-lorena-rosana,Lorena Rosana YENSEN,Provincial,Legislativo,Legislaturas provinciales,Legislador/a provincial,Río Negro,BLOQUE ALIANZA JUNTOS SOMOS RÍO NEGRO,,,activo_al_2026-09-01,https://web.legisrn.gov.ar/institucional/legisladores,sources/subnational_roster/rio_negro_legisladores_vigentes_2026-09-01.csv,Régimen provincial · ruta documental por relevar,ruta_provincial_por_relevar,No se localizó todavía un listado nominal institucional de presentaciones.,,sin_nombre_compatible_oa_2017_2024,,,0,,,,Transcripción estructurada de la nómina y los ocho bloques publicados por la Legislatura de Río Negro; cada fila conserva su URL oficial de bloque.
prov-rn-leg-zgaib-luis-fabian,Luis Fabián ZGAIB,Provincial,Legislativo,Legislaturas provinciales,Legislador/a provincial,Río Negro,BLOQUE ALIANZA JUNTOS SOMOS RÍO NEGRO,,,activo_al_2026-09-01,https://web.legisrn.gov.ar/institucional/legisladores,sources/subnational_roster/rio_negro_legisladores_vigentes_2026-09-01.csv,Régimen provincial · ruta documental por relevar,ruta_provincial_por_relevar,No se localizó todavía un listado nominal institucional de presentaciones.,,sin_nombre_compatible_oa_2017_2024,,,0,,,,Transcripción estructurada de la nómina y los ocho bloques publicados por la Legislatura de Río Negro; cada fila conserva su URL oficial de bloque.
prov-rn-leg-belloso-daniel-ruben,Daniel Rubén BELLOSO,Provincial,Legislativo,Legislaturas provinciales,Legislador/a provincial,Río Negro,BLOQUE PARTIDO JUSTICIALISTA - NUEVO ENCUENTRO,,,activo_al_2026-09-01,https://web.legisrn.gov.ar/institucional/legisladores,sources/subnational_roster/rio_negro_legisladores_vigentes_2026-09-01.csv,Régimen provincial · ruta documental por relevar,ruta_provincial_por_relevar,No se localizó todavía un listado nominal institucional de presentaciones.,,sin_nombre_compatible_oa_2017_2024,,,0,,,,Transcripción estructurada de la nómina y los ocho bloques publicados por la Legislatura de Río Negro; cada fila conserva su URL oficial de bloque.
prov-rn-leg-dantas-pedro-cristian,Pedro Cristian DANTAS,Provincial,Legislativo,Legislaturas provinciales,Legislador/a provincial,Río Negro,BLOQUE PARTIDO JUSTICIALISTA - NUEVO ENCUENTRO,,,activo_al_2026-09-01,https://web.legisrn.gov.ar/institucional/legisladores,sources/subnational_roster/rio_negro_legisladores_vigentes_2026-09-01.csv,Régimen provincial · ruta documental por relevar,ruta_provincial_por_relevar,No se localizó todavía un listado nominal institucional de presentaciones.,,nombre_compatible_unico_en_oa,DANTAS PEDRO CRISTIAN,2020|2021|2022,3,2020,2022,,Transcripción estructurada de la nómina y los ocho bloques publicados por la Legislatura de Río Negro; cada fila conserva su URL oficial de bloque.
prov-rn-leg-garcia-leandro-gaston,Leandro Gastón GARCÍA,Provincial,Legislativo,Legislaturas provinciales,Legislador/a provincial,Río Negro,BLOQUE PARTIDO JUSTICIALISTA - NUEVO ENCUENTRO,,,activo_al_2026-09-01,https://web.legisrn.gov.ar/institucional/legisladores,sources/subnational_roster/rio_negro_legisladores_vigentes_2026-09-01.csv,Régimen provincial · ruta documental por relevar,ruta_provincial_por_relevar,No se localizó todavía un listado nominal institucional de presentaciones.,,nombre_compatible_unico_en_oa,GARCIA LEANDRO GASTON,2020|2021|2022,3,2020,2022,,Transcripción estructurada de la nómina y los ocho bloques publicados por la Legislatura de Río Negro; cada fila conserva su URL oficial de bloque.
prov-rn-leg-ivancich-luis-angel,Luis Ángel IVANCICH,Provincial,Legislativo,Legislaturas provinciales,Legislador/a provincial,Río Negro,BLOQUE PARTIDO JUSTICIALISTA - NUEVO ENCUENTRO,,,activo_al_2026-09-01,https://web.legisrn.gov.ar/institucional/legisladores,sources/subnational_roster/rio_negro_legisladores_vigentes_2026-09-01.csv,Régimen provincial · ruta documental por relevar,ruta_provincial_por_relevar,No se localizó todavía un listado nominal institucional de presentaciones.,,sin_nombre_compatible_oa_2017_2024,,,0,,,,Transcripción estructurada de la nómina y los ocho bloques publicados por la Legislatura de Río Negro; cada fila conserva su URL oficial de bloque.
prov-rn-leg-mas-maria-alejandra,María Alejandra MAS,Provincial,Legislativo,Legislaturas provinciales,Legislador/a provincial,Río Negro,BLOQUE PARTIDO JUSTICIALISTA - NUEVO ENCUENTRO,,,activo_al_2026-09-01,https://web.legisrn.gov.ar/institucional/legisladores,sources/subnational_roster/rio_negro_legisladores_vigentes_2026-09-01.csv,Régimen provincial · ruta documental por relevar,ruta_provincial_por_relevar,No se localizó todavía un listado nominal institucional de presentaciones.,,sin_nombre_compatible_oa_2017_2024,,,0,,,,Transcripción estructurada de la nómina y los ocho bloques publicados por la Legislatura de Río Negro; cada fila conserva su URL oficial de bloque.
prov-rn-leg-berros-jose-luis,José Luis BERROS,Provincial,Legislativo,Legislaturas provinciales,Legislador/a provincial,Río Negro,BLOQUE VAMOS CON TODOS,,,activo_al_2026-09-01,https://web.legisrn.gov.ar/institucional/legisladores,sources/subnational_roster/rio_negro_legisladores_vigentes_2026-09-01.csv,Régimen provincial · ruta documental por relevar,ruta_provincial_por_relevar,No se localizó todavía un listado nominal institucional de presentaciones.,,sin_nombre_compatible_oa_2017_2024,,,0,,,,Transcripción estructurada de la nómina y los ocho bloques publicados por la Legislatura de Río Negro; cada fila conserva su URL oficial de bloque.
prov-rn-leg-delgado-sempe-luciano-jesus,Luciano Jesús DELGADO SEMPÉ,Provincial,Legislativo,Legislaturas provinciales,Legislador/a provincial,Río Negro,BLOQUE VAMOS CON TODOS,,,activo_al_2026-09-01,https://web.legisrn.gov.ar/institucional/legisladores,sources/subnational_roster/rio_negro_legisladores_vigentes_2026-09-01.csv,Régimen provincial · ruta documental por relevar,ruta_provincial_por_relevar,No se localizó todavía un listado nominal institucional de presentaciones.,,nombre_compatible_unico_en_oa,DELGADO SEMPE LUCIANO JESUS,2019|2020|2021|2022,4,2019,2022,,Transcripción estructurada de la nómina y los ocho bloques publicados por la Legislatura de Río Negro; cada fila conserva su URL oficial de bloque.
prov-rn-leg-odarda-maria-magdalena,María Magdalena ODARDA,Provincial,Legislativo,Legislaturas provinciales,Legislador/a provincial,Río Negro,BLOQUE VAMOS CON TODOS,,,activo_al_2026-09-01,https://web.legisrn.gov.ar/institucional/legisladores,sources/subnational_roster/rio_negro_legisladores_vigentes_2026-09-01.csv,Régimen provincial · ruta documental por relevar,ruta_provincial_por_relevar,No se localizó todavía un listado nominal institucional de presentaciones.,,nombre_compatible_unico_en_oa,ODARDA MARIA MAGDALENA,2017|2018|2019|2020|2021|2022,6,2017,2022,,Transcripción estructurada de la nómina y los ocho bloques publicados por la Legislatura de Río Negro; cada fila conserva su URL oficial de bloque.
prov-rn-leg-pilquinao-carmelio-fabian,Carmelio Fabián PILQUINAO,Provincial,Legislativo,Legislaturas provinciales,Legislador/a provincial,Río Negro,BLOQUE VAMOS CON TODOS,,,activo_al_2026-09-01,https://web.legisrn.gov.ar/institucional/legisladores,sources/subnational_roster/rio_negro_legisladores_vigentes_2026-09-01.csv,Régimen provincial · ruta documental por relevar,ruta_provincial_por_relevar,No se localizó todavía un listado nominal institucional de presentaciones.,,sin_nombre_compatible_oa_2017_2024,,,0,,,,Transcripción estructurada de la nómina y los ocho bloques publicados por la Legislatura de Río Negro; cada fila conserva su URL oficial de bloque.
prov-rn-leg-sposito-ayelen,Ayelén SPÓSITO,Provincial,Legislativo,Legislaturas provinciales,Legislador/a provincial,Río Negro,BLOQUE VAMOS CON TODOS,,,activo_al_2026-09-01,https://web.legisrn.gov.ar/institucional/legisladores,sources/subnational_roster/rio_negro_legisladores_vigentes_2026-09-01.csv,Régimen provincial · ruta documental por relevar,ruta_provincial_por_relevar,No se localizó todavía un listado nominal institucional de presentaciones.,,nombre_compatible_unico_en_oa,SPOSITO AYELEN,2019|2020,2,2019,2020,,Transcripción estructurada de la nómina y los ocho bloques publicados por la Legislatura de Río Negro; cada fila conserva su URL oficial de bloque.
prov-rn-leg-frei-maria-laura,María Laura FREI,Provincial,Legislativo,Legislaturas provinciales,Legislador/a provincial,Río Negro,BLOQUE PRO UNIÓN REPUBLICANA,,,activo_al_2026-09-01,https://web.legisrn.gov.ar/institucional/legisladores,sources/subnational_roster/rio_negro_legisladores_vigentes_2026-09-01.csv,Régimen provincial · ruta documental por relevar,ruta_provincial_por_relevar,No se localizó todavía un listado nominal institucional de presentaciones.,,sin_nombre_compatible_oa_2017_2024,,,0,,,,Transcripción estructurada de la nómina y los ocho bloques publicados por la Legislatura de Río Negro; cada fila conserva su URL oficial de bloque.
prov-rn-leg-lacour-martina-valeria,Martina Valeria LACOUR,Provincial,Legislativo,Legislaturas provinciales,Legislador/a provincial,Río Negro,BLOQUE PRO UNIÓN REPUBLICANA,,,activo_al_2026-09-01,https://web.legisrn.gov.ar/institucional/legisladores,sources/subnational_roster/rio_negro_legisladores_vigentes_2026-09-01.csv,Régimen provincial · ruta documental por relevar,ruta_provincial_por_relevar,No se localizó todavía un listado nominal institucional de presentaciones.,,nombre_compatible_unico_en_oa,LACOUR MARTINA VALERIA,2024,1,2024,2024,,Transcripción estructurada de la nómina y los ocho bloques publicados por la Legislatura de Río Negro; cada fila conserva su URL oficial de bloque.
prov-rn-leg-martin-juan-carlos,Juan Carlos MARTIN,Provincial,Legislativo,Legislaturas provinciales,Legislador/a provincial,Río Negro,BLOQUE PRO UNIÓN REPUBLICANA,,,activo_al_2026-09-01,https://web.legisrn.gov.ar/institucional/legisladores,sources/subnational_roster/rio_negro_legisladores_vigentes_2026-09-01.csv,Régimen provincial · ruta documental por relevar,ruta_provincial_por_relevar,No se localizó todavía un listado nominal institucional de presentaciones.,,nombre_compatible_unico_en_oa,MARTIN JUAN CARLOS,2017|2018|2019|2020|2024,5,2017,2024,,Transcripción estructurada de la nómina y los ocho bloques publicados por la Legislatura de Río Negro; cada fila conserva su URL oficial de bloque.
prov-rn-leg-murillo-ongaro-juan-sebastian,Juan Sebastián MURILLO ONGARO,Provincial,Legislativo,Legislaturas provinciales,Legislador/a provincial,Río Negro,BLOQUE PRO UNIÓN REPUBLICANA,,,activo_al_2026-09-01,https://web.legisrn.gov.ar/institucional/legisladores,sources/subnational_roster/rio_negro_legisladores_vigentes_2026-09-01.csv,Régimen provincial · ruta documental por relevar,ruta_provincial_por_relevar,No se localizó todavía un listado nominal institucional de presentaciones.,,nombre_compatible_unico_en_oa,MURILLO ONGARO JUAN SEBASTIAN,2024,1,2024,2024,,Transcripción estructurada de la nómina y los ocho bloques publicados por la Legislatura de Río Negro; cada fila conserva su URL oficial de bloque.
prov-rn-leg-stupenengo-ofelia-irene,Ofelia Irene STUPENENGO,Provincial,Legislativo,Legislaturas provinciales,Legislador/a provincial,Río Negro,BLOQUE PRO UNIÓN REPUBLICANA,,,activo_al_2026-09-01,https://web.legisrn.gov.ar/institucional/legisladores,sources/subnational_roster/rio_negro_legisladores_vigentes_2026-09-01.csv,Régimen provincial · ruta documental por relevar,ruta_provincial_por_relevar,No se localizó todavía un listado nominal institucional de presentaciones.,,nombre_compatible_unico_en_oa,STUPENENGO OFELIA IRENE,2017|2018|2019|2020,4,2017,2020,,Transcripción estructurada de la nómina y los ocho bloques publicados por la Legislatura de Río Negro; cada fila conserva su URL oficial de bloque.
prov-rn-leg-doctorovich-claudio-alejandro,Claudio Alejandro DOCTOROVICH,Provincial,Legislativo,Legislaturas provinciales,Legislador/a provincial,Río Negro,Bloque Cambia Río Negro (en suspenso),,,activo_al_2026-09-01,https://web.legisrn.gov.ar/institucional/legisladores,sources/subnational_roster/rio_negro_legisladores_vigentes_2026-09-01.csv,Régimen provincial · ruta documental por relevar,ruta_provincial_por_relevar,No se localizó todavía un listado nominal institucional de presentaciones.,,sin_nombre_compatible_oa_2017_2024,,,0,,,,Transcripción estructurada de la nómina y los ocho bloques publicados por la Legislatura de Río Negro; cada fila conserva su URL oficial de bloque.
prov-rn-leg-ibarrolaza-santiago,Santiago IBARROLAZA,Provincial,Legislativo,Legislaturas provinciales,Legislador/a provincial,Río Negro,Bloque Cambia Río Negro (en suspenso),,,activo_al_2026-09-01,https://web.legisrn.gov.ar/institucional/legisladores,sources/subnational_roster/rio_negro_legisladores_vigentes_2026-09-01.csv,Régimen provincial · ruta documental por relevar,ruta_provincial_por_relevar,No se localizó todavía un listado nominal institucional de presentaciones.,,sin_nombre_compatible_oa_2017_2024,,,0,,,,Transcripción estructurada de la nómina y los ocho bloques publicados por la Legislatura de Río Negro; cada fila conserva su URL oficial de bloque.
prov-rn-leg-mc-kidd-maria-patricia,María Patricia MC KIDD,Provincial,Legislativo,Legislaturas provinciales,Legislador/a provincial,Río Negro,Bloque Cambia Río Negro (en suspenso),,,activo_al_2026-09-01,https://web.legisrn.gov.ar/institucional/legisladores,sources/subnational_roster/rio_negro_legisladores_vigentes_2026-09-01.csv,Régimen provincial · ruta documental por relevar,ruta_provincial_por_relevar,No se localizó todavía un listado nominal institucional de presentaciones.,,sin_nombre_compatible_oa_2017_2024,,,0,,,,Transcripción estructurada de la nómina y los ocho bloques publicados por la Legislatura de Río Negro; cada fila conserva su URL oficial de bloque.
prov-rn-leg-picotti-gabriela-alejandra,Gabriela Alejandra PICOTTI,Provincial,Legislativo,Legislaturas provinciales,Legislador/a provincial,Río Negro,Bloque Cambia Río Negro (en suspenso),,,activo_al_2026-09-01,https://web.legisrn.gov.ar/institucional/legisladores,sources/subnational_roster/rio_negro_legisladores_vigentes_2026-09-01.csv,Régimen provincial · ruta documental por relevar,ruta_provincial_por_relevar,No se localizó todavía un listado nominal institucional de presentaciones.,,sin_nombre_compatible_oa_2017_2024,,,0,,,,Transcripción estructurada de la nómina y los ocho bloques publicados por la Legislatura de Río Negro; cada fila conserva su URL oficial de bloque.
prov-mis-leg-ahumada-juan-alberto,Juan Alberto Ahumada,Provincial,Legislativo,Legislaturas provinciales,Representante provincial,Misiones,Bloque Movimiento por lo que Viene,,,activo_al_2026-09-01,https://www.diputadosmisiones.gov.ar/nuevo/diputados,sources/subnational_roster/misiones_diputados_vigentes_2026-09-01.html,Régimen provincial · ruta documental por relevar,ruta_provincial_por_relevar,No se localizó todavía un listado nominal institucional de presentaciones.,,sin_nombre_compatible_oa_2017_2024,,,0,,,,La nómina y el bloque provienen del período vigente publicado por la Cámara de Representantes de Misiones; el bloque de Carlos Rovira figura vacío en la fuente.
prov-mis-leg-amarilla-ramon-oscar,Ramon Oscar Amarilla,Provincial,Legislativo,Legislaturas provinciales,Representante provincial,Misiones,Algo Nuevo por los Trabajadores,,,activo_al_2026-09-01,https://www.diputadosmisiones.gov.ar/nuevo/diputados,sources/subnational_roster/misiones_diputados_vigentes_2026-09-01.html,Régimen provincial · ruta documental por relevar,ruta_provincial_por_relevar,No se localizó todavía un listado nominal institucional de presentaciones.,,sin_nombre_compatible_oa_2017_2024,,,0,,,,La nómina y el bloque provienen del período vigente publicado por la Cámara de Representantes de Misiones; el bloque de Carlos Rovira figura vacío en la fuente.
prov-mis-leg-arjol-martin-alfredo,Martin Alfredo Arjol,Provincial,Legislativo,Legislaturas provinciales,Representante provincial,Misiones,Bloque Partido Libertario,,,activo_al_2026-09-01,https://www.diputadosmisiones.gov.ar/nuevo/diputados,sources/subnational_roster/misiones_diputados_vigentes_2026-09-01.html,Régimen provincial · ruta documental por relevar,ruta_provincial_por_relevar,No se localizó todavía un listado nominal institucional de presentaciones.,,sin_nombre_compatible_oa_2017_2024,,,0,,,,La nómina y el bloque provienen del período vigente publicado por la Cámara de Representantes de Misiones; el bloque de Carlos Rovira figura vacío en la fuente.
prov-mis-leg-arnhold-alejandro-fabian,Alejandro Fabian Arnhold,Provincial,Legislativo,Legislaturas provinciales,Representante provincial,Misiones,Bloque Movimiento por lo que Viene,,,activo_al_2026-09-01,https://www.diputadosmisiones.gov.ar/nuevo/diputados,sources/subnational_roster/misiones_diputados_vigentes_2026-09-01.html,Régimen provincial · ruta documental por relevar,ruta_provincial_por_relevar,No se localizó todavía un listado nominal institucional de presentaciones.,,sin_nombre_compatible_oa_2017_2024,,,0,,,,La nómina y el bloque provienen del período vigente publicado por la Cámara de Representantes de Misiones; el bloque de Carlos Rovira figura vacío en la fuente.
prov-mis-leg-baez-walter-fabio,Walter Fabio Baez,Provincial,Legislativo,Legislaturas provinciales,Representante provincial,Misiones,La Libertad Avanza (L.L.A),,,activo_al_2026-09-01,https://www.diputadosmisiones.gov.ar/nuevo/diputados,sources/subnational_roster/misiones_diputados_vigentes_2026-09-01.html,Régimen provincial · ruta documental por relevar,ruta_provincial_por_relevar,No se localizó todavía un listado nominal institucional de presentaciones.,,sin_nombre_compatible_oa_2017_2024,,,0,,,,La nómina y el bloque provienen del período vigente publicado por la Cámara de Representantes de Misiones; el bloque de Carlos Rovira figura vacío en la fuente.
prov-mis-leg-bahr-aryhatne-nicold,Aryhatne Nicold Bahr,Provincial,Legislativo,Legislaturas provinciales,Representante provincial,Misiones,Bloque Movimiento por lo que Viene,,,activo_al_2026-09-01,https://www.diputadosmisiones.gov.ar/nuevo/diputados,sources/subnational_roster/misiones_diputados_vigentes_2026-09-01.html,Régimen provincial · ruta documental por relevar,ruta_provincial_por_relevar,No se localizó todavía un listado nominal institucional de presentaciones.,,sin_nombre_compatible_oa_2017_2024,,,0,,,,La nómina y el bloque provienen del período vigente publicado por la Cámara de Representantes de Misiones; el bloque de Carlos Rovira figura vacío en la fuente.
prov-mis-leg-ba-rbaro-hector-orlando,Hector Orlando BÃ¡rbaro,Provincial,Legislativo,Legislaturas provinciales,Representante provincial,Misiones,Bloque Agrario y Social,,,activo_al_2026-09-01,https://www.diputadosmisiones.gov.ar/nuevo/diputados,sources/subnational_roster/misiones_diputados_vigentes_2026-09-01.html,Régimen provincial · ruta documental por relevar,ruta_provincial_por_relevar,No se localizó todavía un listado nominal institucional de presentaciones.,,sin_nombre_compatible_oa_2017_2024,,,0,,,,La nómina y el bloque provienen del período vigente publicado por la Cámara de Representantes de Misiones; el bloque de Carlos Rovira figura vacío en la fuente.
prov-mis-leg-benitez-roberto-hugo,Roberto Hugo Benitez,Provincial,Legislativo,Legislaturas provinciales,Representante provincial,Misiones,Bloque Movimiento por lo que Viene,,,activo_al_2026-09-01,https://www.diputadosmisiones.gov.ar/nuevo/diputados,sources/subnational_roster/misiones_diputados_vigentes_2026-09-01.html,Régimen provincial · ruta documental por relevar,ruta_provincial_por_relevar,No se localizó todavía un listado nominal institucional de presentaciones.,,sin_nombre_compatible_oa_2017_2024,,,0,,,,La nómina y el bloque provienen del período vigente publicado por la Cámara de Representantes de Misiones; el bloque de Carlos Rovira figura vacío en la fuente.
prov-mis-leg-bundziak-rudi-samuel,Rudi Samuel Bundziak,Provincial,Legislativo,Legislaturas provinciales,Representante provincial,Misiones,Bloque Movimiento por lo que Viene,,,activo_al_2026-09-01,https://www.diputadosmisiones.gov.ar/nuevo/diputados,sources/subnational_roster/misiones_diputados_vigentes_2026-09-01.html,Régimen provincial · ruta documental por relevar,ruta_provincial_por_relevar,No se localizó todavía un listado nominal institucional de presentaciones.,,sin_nombre_compatible_oa_2017_2024,,,0,,,,La nómina y el bloque provienen del período vigente publicado por la Cámara de Representantes de Misiones; el bloque de Carlos Rovira figura vacío en la fuente.
prov-mis-leg-butvilofsky-sara-carolina,Sara Carolina Butvilofsky,Provincial,Legislativo,Legislaturas provinciales,Representante provincial,Misiones,Bloque Movimiento por lo que Viene,,,activo_al_2026-09-01,https://www.diputadosmisiones.gov.ar/nuevo/diputados,sources/subnational_roster/misiones_diputados_vigentes_2026-09-01.html,Régimen provincial · ruta documental por relevar,ruta_provincial_por_relevar,No se localizó todavía un listado nominal institucional de presentaciones.,,sin_nombre_compatible_oa_2017_2024,,,0,,,,La nómina y el bloque provienen del período vigente publicado por la Cámara de Representantes de Misiones; el bloque de Carlos Rovira figura vacío en la fuente.
prov-mis-leg-castro-cristian-gabriel,Cristian Gabriel Castro,Provincial,Legislativo,Legislaturas provinciales,Representante provincial,Misiones,Bloque Agrario y Social,,,activo_al_2026-09-01,https://www.diputadosmisiones.gov.ar/nuevo/diputados,sources/subnational_roster/misiones_diputados_vigentes_2026-09-01.html,Régimen provincial · ruta documental por relevar,ruta_provincial_por_relevar,No se localizó todavía un listado nominal institucional de presentaciones.,,nombre_compatible_unico_en_oa,CASTRO CRISTIAN GABRIEL,2021|2022|2023,3,2021,2023,,La nómina y el bloque provienen del período vigente publicado por la Cámara de Representantes de Misiones; el bloque de Carlos Rovira figura vacío en la fuente.
prov-mis-leg-centeno-anazul,Anazul Centeno,Provincial,Legislativo,Legislaturas provinciales,Representante provincial,Misiones,Bloque Movimiento por lo que Viene,,,activo_al_2026-09-01,https://www.diputadosmisiones.gov.ar/nuevo/diputados,sources/subnational_roster/misiones_diputados_vigentes_2026-09-01.html,Régimen provincial · ruta documental por relevar,ruta_provincial_por_relevar,No se localizó todavía un listado nominal institucional de presentaciones.,,sin_nombre_compatible_oa_2017_2024,,,0,,,,La nómina y el bloque provienen del período vigente publicado por la Cámara de Representantes de Misiones; el bloque de Carlos Rovira figura vacío en la fuente.
prov-mis-leg-flores-rita-marina,Rita Marina Flores,Provincial,Legislativo,Legislaturas provinciales,Representante provincial,Misiones,Bloque Movimiento por lo que Viene,,,activo_al_2026-09-01,https://www.diputadosmisiones.gov.ar/nuevo/diputados,sources/subnational_roster/misiones_diputados_vigentes_2026-09-01.html,Régimen provincial · ruta documental por relevar,ruta_provincial_por_relevar,No se localizó todavía un listado nominal institucional de presentaciones.,,sin_nombre_compatible_oa_2017_2024,,,0,,,,La nómina y el bloque provienen del período vigente publicado por la Cámara de Representantes de Misiones; el bloque de Carlos Rovira figura vacío en la fuente.
prov-mis-leg-fonseca-francisco,Francisco Fonseca,Provincial,Legislativo,Legislaturas provinciales,Representante provincial,Misiones,UniÃ³n CÃ­vica Radical (UCR),,,activo_al_2026-09-01,https://www.diputadosmisiones.gov.ar/nuevo/diputados,sources/subnational_roster/misiones_diputados_vigentes_2026-09-01.html,Régimen provincial · ruta documental por relevar,ruta_provincial_por_relevar,No se localizó todavía un listado nominal institucional de presentaciones.,,sin_nombre_compatible_oa_2017_2024,,,0,,,,La nómina y el bloque provienen del período vigente publicado por la Cámara de Representantes de Misiones; el bloque de Carlos Rovira figura vacío en la fuente.
prov-mis-leg-franco-paula-virginia,Paula Virginia Franco,Provincial,Legislativo,Legislaturas provinciales,Representante provincial,Misiones,Bloque Encuentro Misionero,,,activo_al_2026-09-01,https://www.diputadosmisiones.gov.ar/nuevo/diputados,sources/subnational_roster/misiones_diputados_vigentes_2026-09-01.html,Régimen provincial · ruta documental por relevar,ruta_provincial_por_relevar,No se localizó todavía un listado nominal institucional de presentaciones.,,sin_nombre_compatible_oa_2017_2024,,,0,,,,La nómina y el bloque provienen del período vigente publicado por la Cámara de Representantes de Misiones; el bloque de Carlos Rovira figura vacío en la fuente.
prov-mis-leg-goring-elvani-elisa,Elvani Elisa Goring,Provincial,Legislativo,Legislaturas provinciales,Representante provincial,Misiones,Bloque Agrario y Social,,,activo_al_2026-09-01,https://www.diputadosmisiones.gov.ar/nuevo/diputados,sources/subnational_roster/misiones_diputados_vigentes_2026-09-01.html,Régimen provincial · ruta documental por relevar,ruta_provincial_por_relevar,No se localizó todavía un listado nominal institucional de presentaciones.,,nombre_compatible_unico_en_oa,GÖRING ELVANI ELISA,2023,1,2023,2023,,La nómina y el bloque provienen del período vigente publicado por la Cámara de Representantes de Misiones; el bloque de Carlos Rovira figura vacío en la fuente.
prov-mis-leg-guerrero-nelli-beatriz,Nelli Beatriz Guerrero,Provincial,Legislativo,Legislaturas provinciales,Representante provincial,Misiones,Bloque Por Misiones y la Libertad,,,activo_al_2026-09-01,https://www.diputadosmisiones.gov.ar/nuevo/diputados,sources/subnational_roster/misiones_diputados_vigentes_2026-09-01.html,Régimen provincial · ruta documental por relevar,ruta_provincial_por_relevar,No se localizó todavía un listado nominal institucional de presentaciones.,,nombre_compatible_unico_en_oa,GUERRERO NELLI BEATRIZ,2024,1,2024,2024,,La nómina y el bloque provienen del período vigente publicado por la Cámara de Representantes de Misiones; el bloque de Carlos Rovira figura vacío en la fuente.
prov-mis-leg-koch-santiago-nicolas,Santiago Nicolas Koch,Provincial,Legislativo,Legislaturas provinciales,Representante provincial,Misiones,UniÃ³n CÃ­vica Radical (UCR),,,activo_al_2026-09-01,https://www.diputadosmisiones.gov.ar/nuevo/diputados,sources/subnational_roster/misiones_diputados_vigentes_2026-09-01.html,Régimen provincial · ruta documental por relevar,ruta_provincial_por_relevar,No se localizó todavía un listado nominal institucional de presentaciones.,,nombre_compatible_unico_en_oa,KOCH SANTIAGO NICOLAS,2019,1,2019,2019,,La nómina y el bloque provienen del período vigente publicado por la Cámara de Representantes de Misiones; el bloque de Carlos Rovira figura vacío en la fuente.
prov-mis-leg-kurtz-rosa-margarita,Rosa Margarita Kurtz,Provincial,Legislativo,Legislaturas provinciales,Representante provincial,Misiones,UniÃ³n CÃ­vica Radical (UCR),,,activo_al_2026-09-01,https://www.diputadosmisiones.gov.ar/nuevo/diputados,sources/subnational_roster/misiones_diputados_vigentes_2026-09-01.html,Régimen provincial · ruta documental por relevar,ruta_provincial_por_relevar,No se localizó todavía un listado nominal institucional de presentaciones.,,sin_nombre_compatible_oa_2017_2024,,,0,,,,La nómina y el bloque provienen del período vigente publicado por la Cámara de Representantes de Misiones; el bloque de Carlos Rovira figura vacío en la fuente.
prov-mis-leg-labandoczka-analia-bibiana,Analia Bibiana Labandoczka,Provincial,Legislativo,Legislaturas provinciales,Representante provincial,Misiones,Bloque PRO,,,activo_al_2026-09-01,https://www.diputadosmisiones.gov.ar/nuevo/diputados,sources/subnational_roster/misiones_diputados_vigentes_2026-09-01.html,Régimen provincial · ruta documental por relevar,ruta_provincial_por_relevar,No se localizó todavía un listado nominal institucional de presentaciones.,,sin_nombre_compatible_oa_2017_2024,,,0,,,,La nómina y el bloque provienen del período vigente publicado por la Cámara de Representantes de Misiones; el bloque de Carlos Rovira figura vacío en la fuente.
prov-mis-leg-lemes-waldovino-enio,Waldovino Enio Lemes,Provincial,Legislativo,Legislaturas provinciales,Representante provincial,Misiones,Bloque Movimiento por lo que Viene,,,activo_al_2026-09-01,https://www.diputadosmisiones.gov.ar/nuevo/diputados,sources/subnational_roster/misiones_diputados_vigentes_2026-09-01.html,Régimen provincial · ruta documental por relevar,ruta_provincial_por_relevar,No se localizó todavía un listado nominal institucional de presentaciones.,,sin_nombre_compatible_oa_2017_2024,,,0,,,,La nómina y el bloque provienen del período vigente publicado por la Cámara de Representantes de Misiones; el bloque de Carlos Rovira figura vacío en la fuente.
prov-mis-leg-maca-as-sebastian-horacio,Sebastian Horacio MacÃ­as,Provincial,Legislativo,Legislaturas provinciales,Representante provincial,Misiones,Bloque Encuentro Misionero,,,activo_al_2026-09-01,https://www.diputadosmisiones.gov.ar/nuevo/diputados,sources/subnational_roster/misiones_diputados_vigentes_2026-09-01.html,Régimen provincial · ruta documental por relevar,ruta_provincial_por_relevar,No se localizó todavía un listado nominal institucional de presentaciones.,,sin_nombre_compatible_oa_2017_2024,,,0,,,,La nómina y el bloque provienen del período vigente publicado por la Cámara de Representantes de Misiones; el bloque de Carlos Rovira figura vacío en la fuente.
prov-mis-leg-mangone-debora-solange,Debora Solange Mangone,Provincial,Legislativo,Legislaturas provinciales,Representante provincial,Misiones,Por la Vida y los Valores,,,activo_al_2026-09-01,https://www.diputadosmisiones.gov.ar/nuevo/diputados,sources/subnational_roster/misiones_diputados_vigentes_2026-09-01.html,Régimen provincial · ruta documental por relevar,ruta_provincial_por_relevar,No se localizó todavía un listado nominal institucional de presentaciones.,,sin_nombre_compatible_oa_2017_2024,,,0,,,,La nómina y el bloque provienen del período vigente publicado por la Cámara de Representantes de Misiones; el bloque de Carlos Rovira figura vacío en la fuente.
prov-mis-leg-manzoni-osvaldo-hector,Osvaldo Hector Manzoni,Provincial,Legislativo,Legislaturas provinciales,Representante provincial,Misiones,La Libertad Avanza (L.L.A),,,activo_al_2026-09-01,https://www.diputadosmisiones.gov.ar/nuevo/diputados,sources/subnational_roster/misiones_diputados_vigentes_2026-09-01.html,Régimen provincial · ruta documental por relevar,ruta_provincial_por_relevar,No se localizó todavía un listado nominal institucional de presentaciones.,,sin_nombre_compatible_oa_2017_2024,,,0,,,,La nómina y el bloque provienen del período vigente publicado por la Cámara de Representantes de Misiones; el bloque de Carlos Rovira figura vacío en la fuente.
prov-mis-leg-martinez-carlos-horacio,Carlos Horacio Martinez,Provincial,Legislativo,Legislaturas provinciales,Representante provincial,Misiones,Bloque Movimiento por lo que Viene,,,activo_al_2026-09-01,https://www.diputadosmisiones.gov.ar/nuevo/diputados,sources/subnational_roster/misiones_diputados_vigentes_2026-09-01.html,Régimen provincial · ruta documental por relevar,ruta_provincial_por_relevar,No se localizó todavía un listado nominal institucional de presentaciones.,,sin_nombre_compatible_oa_2017_2024,,,0,,,,La nómina y el bloque provienen del período vigente publicado por la Cámara de Representantes de Misiones; el bloque de Carlos Rovira figura vacío en la fuente.
prov-mis-leg-mendez-ason-maria-del-carmen,Maria del Carmen Mendez Ason,Provincial,Legislativo,Legislaturas provinciales,Representante provincial,Misiones,Bloque Movimiento por lo que Viene,,,activo_al_2026-09-01,https://www.diputadosmisiones.gov.ar/nuevo/diputados,sources/subnational_roster/misiones_diputados_vigentes_2026-09-01.html,Régimen provincial · ruta documental por relevar,ruta_provincial_por_relevar,No se localizó todavía un listado nominal institucional de presentaciones.,,nombre_compatible_unico_en_oa,MENDEZ ASON MARIA DEL CARMEN,2020,1,2020,2020,,La nómina y el bloque provienen del período vigente publicado por la Cámara de Representantes de Misiones; el bloque de Carlos Rovira figura vacío en la fuente.
prov-mis-leg-nua-ez-blanca-raquel,Blanca Raquel NuÃ±ez,Provincial,Legislativo,Legislaturas provinciales,Representante provincial,Misiones,Bloque Movimiento por lo que Viene,,,activo_al_2026-09-01,https://www.diputadosmisiones.gov.ar/nuevo/diputados,sources/subnational_roster/misiones_diputados_vigentes_2026-09-01.html,Régimen provincial · ruta documental por relevar,ruta_provincial_por_relevar,No se localizó todavía un listado nominal institucional de presentaciones.,,sin_nombre_compatible_oa_2017_2024,,,0,,,,La nómina y el bloque provienen del período vigente publicado por la Cámara de Representantes de Misiones; el bloque de Carlos Rovira figura vacío en la fuente.
prov-mis-leg-nua-ez-carlos-adrian,Carlos Adrian NuÃ±ez,Provincial,Legislativo,Legislaturas provinciales,Representante provincial,Misiones,La Libertad Avanza (L.L.A),,,activo_al_2026-09-01,https://www.diputadosmisiones.gov.ar/nuevo/diputados,sources/subnational_roster/misiones_diputados_vigentes_2026-09-01.html,Régimen provincial · ruta documental por relevar,ruta_provincial_por_relevar,No se localizó todavía un listado nominal institucional de presentaciones.,,sin_nombre_compatible_oa_2017_2024,,,0,,,,La nómina y el bloque provienen del período vigente publicado por la Cámara de Representantes de Misiones; el bloque de Carlos Rovira figura vacío en la fuente.
prov-mis-leg-nua-ez-miguel-orlando,Miguel Orlando NuÃ±ez,Provincial,Legislativo,Legislaturas provinciales,Representante provincial,Misiones,Algo Nuevo por los Trabajadores,,,activo_al_2026-09-01,https://www.diputadosmisiones.gov.ar/nuevo/diputados,sources/subnational_roster/misiones_diputados_vigentes_2026-09-01.html,Régimen provincial · ruta documental por relevar,ruta_provincial_por_relevar,No se localizó todavía un listado nominal institucional de presentaciones.,,sin_nombre_compatible_oa_2017_2024,,,0,,,,La nómina y el bloque provienen del período vigente publicado por la Cámara de Representantes de Misiones; el bloque de Carlos Rovira figura vacío en la fuente.
prov-mis-leg-pastori-jose-luis,Jose Luis Pastori,Provincial,Legislativo,Legislaturas provinciales,Representante provincial,Misiones,Bloque Movimiento por lo que Viene,,,activo_al_2026-09-01,https://www.diputadosmisiones.gov.ar/nuevo/diputados,sources/subnational_roster/misiones_diputados_vigentes_2026-09-01.html,Régimen provincial · ruta documental por relevar,ruta_provincial_por_relevar,No se localizó todavía un listado nominal institucional de presentaciones.,,sin_nombre_compatible_oa_2017_2024,,,0,,,,La nómina y el bloque provienen del período vigente publicado por la Cámara de Representantes de Misiones; el bloque de Carlos Rovira figura vacío en la fuente.
prov-mis-leg-rios-walter-roque,Walter Roque Rios,Provincial,Legislativo,Legislaturas provinciales,Representante provincial,Misiones,Por la Vida y los Valores,,,activo_al_2026-09-01,https://www.diputadosmisiones.gov.ar/nuevo/diputados,sources/subnational_roster/misiones_diputados_vigentes_2026-09-01.html,Régimen provincial · ruta documental por relevar,ruta_provincial_por_relevar,No se localizó todavía un listado nominal institucional de presentaciones.,,sin_nombre_compatible_oa_2017_2024,,,0,,,,La nómina y el bloque provienen del período vigente publicado por la Cámara de Representantes de Misiones; el bloque de Carlos Rovira figura vacío en la fuente.
prov-mis-leg-rodriguez-juan-manuel,Juan Manuel Rodriguez,Provincial,Legislativo,Legislaturas provinciales,Representante provincial,Misiones,Bloque Movimiento por lo que Viene,,,activo_al_2026-09-01,https://www.diputadosmisiones.gov.ar/nuevo/diputados,sources/subnational_roster/misiones_diputados_vigentes_2026-09-01.html,Régimen provincial · ruta documental por relevar,ruta_provincial_por_relevar,No se localizó todavía un listado nominal institucional de presentaciones.,,nombre_compatible_unico_en_oa,RODRIGUEZ JUAN MANUEL,2017|2018|2019|2020|2021|2022|2023|2024,8,2017,2024,,La nómina y el bloque provienen del período vigente publicado por la Cámara de Representantes de Misiones; el bloque de Carlos Rovira figura vacío en la fuente.
prov-mis-leg-rovira-carlos-eduardo,Carlos Eduardo Rovira,Provincial,Legislativo,Legislaturas provinciales,Representante provincial,Misiones,,,,activo_al_2026-09-01,https://www.diputadosmisiones.gov.ar/nuevo/diputados,sources/subnational_roster/misiones_diputados_vigentes_2026-09-01.html,Régimen provincial · ruta documental por relevar,ruta_provincial_por_relevar,No se localizó todavía un listado nominal institucional de presentaciones.,,sin_nombre_compatible_oa_2017_2024,,,0,,,,La nómina y el bloque provienen del período vigente publicado por la Cámara de Representantes de Misiones; el bloque de Carlos Rovira figura vacío en la fuente.
prov-mis-leg-schierse-maria-heidy,Maria Heidy Schierse,Provincial,Legislativo,Legislaturas provinciales,Representante provincial,Misiones,Bloque Encuentro Misionero,,,activo_al_2026-09-01,https://www.diputadosmisiones.gov.ar/nuevo/diputados,sources/subnational_roster/misiones_diputados_vigentes_2026-09-01.html,Régimen provincial · ruta documental por relevar,ruta_provincial_por_relevar,No se localizó todavía un listado nominal institucional de presentaciones.,,sin_nombre_compatible_oa_2017_2024,,,0,,,,La nómina y el bloque provienen del período vigente publicado por la Cámara de Representantes de Misiones; el bloque de Carlos Rovira figura vacío en la fuente.
prov-mis-leg-soboczinski-roque,Roque Soboczinski,Provincial,Legislativo,Legislaturas provinciales,Representante provincial,Misiones,Bloque Movimiento por lo que Viene,,,activo_al_2026-09-01,https://www.diputadosmisiones.gov.ar/nuevo/diputados,sources/subnational_roster/misiones_diputados_vigentes_2026-09-01.html,Régimen provincial · ruta documental por relevar,ruta_provincial_por_relevar,No se localizó todavía un listado nominal institucional de presentaciones.,,sin_nombre_compatible_oa_2017_2024,,,0,,,,La nómina y el bloque provienen del período vigente publicado por la Cámara de Representantes de Misiones; el bloque de Carlos Rovira figura vacío en la fuente.
prov-mis-leg-soler-arabela-azul-maria,Arabela Azul Maria Soler,Provincial,Legislativo,Legislaturas provinciales,Representante provincial,Misiones,Bloque Movimiento por lo que Viene,,,activo_al_2026-09-01,https://www.diputadosmisiones.gov.ar/nuevo/diputados,sources/subnational_roster/misiones_diputados_vigentes_2026-09-01.html,Régimen provincial · ruta documental por relevar,ruta_provincial_por_relevar,No se localizó todavía un listado nominal institucional de presentaciones.,,sin_nombre_compatible_oa_2017_2024,,,0,,,,La nómina y el bloque provienen del período vigente publicado por la Cámara de Representantes de Misiones; el bloque de Carlos Rovira figura vacío en la fuente.
prov-mis-leg-stekler-barbara-samantha,Barbara Samantha Stekler,Provincial,Legislativo,Legislaturas provinciales,Representante provincial,Misiones,La Libertad Avanza (L.L.A),,,activo_al_2026-09-01,https://www.diputadosmisiones.gov.ar/nuevo/diputados,sources/subnational_roster/misiones_diputados_vigentes_2026-09-01.html,Régimen provincial · ruta documental por relevar,ruta_provincial_por_relevar,No se localizó todavía un listado nominal institucional de presentaciones.,,nombre_compatible_unico_en_oa,STEKLER BARBARA SAMANTHA,2024,1,2024,2024,,La nómina y el bloque provienen del período vigente publicado por la Cámara de Representantes de Misiones; el bloque de Carlos Rovira figura vacío en la fuente.
prov-mis-leg-szychowski-juan-jose,Juan Jose Szychowski,Provincial,Legislativo,Legislaturas provinciales,Representante provincial,Misiones,Bloque Movimiento por lo que Viene,,,activo_al_2026-09-01,https://www.diputadosmisiones.gov.ar/nuevo/diputados,sources/subnational_roster/misiones_diputados_vigentes_2026-09-01.html,Régimen provincial · ruta documental por relevar,ruta_provincial_por_relevar,No se localizó todavía un listado nominal institucional de presentaciones.,,sin_nombre_compatible_oa_2017_2024,,,0,,,,La nómina y el bloque provienen del período vigente publicado por la Cámara de Representantes de Misiones; el bloque de Carlos Rovira figura vacío en la fuente.
prov-mis-leg-tartaglino-lilian-catalina,Lilian Catalina Tartaglino,Provincial,Legislativo,Legislaturas provinciales,Representante provincial,Misiones,Bloque Encuentro Misionero,,,activo_al_2026-09-01,https://www.diputadosmisiones.gov.ar/nuevo/diputados,sources/subnational_roster/misiones_diputados_vigentes_2026-09-01.html,Régimen provincial · ruta documental por relevar,ruta_provincial_por_relevar,No se localizó todavía un listado nominal institucional de presentaciones.,,sin_nombre_compatible_oa_2017_2024,,,0,,,,La nómina y el bloque provienen del período vigente publicado por la Cámara de Representantes de Misiones; el bloque de Carlos Rovira figura vacío en la fuente.
prov-mis-leg-zalesak-alicia-beatriz,Alicia Beatriz Zalesak,Provincial,Legislativo,Legislaturas provinciales,Representante provincial,Misiones,Bloque Movimiento por lo que Viene,,,activo_al_2026-09-01,https://www.diputadosmisiones.gov.ar/nuevo/diputados,sources/subnational_roster/misiones_diputados_vigentes_2026-09-01.html,Régimen provincial · ruta documental por relevar,ruta_provincial_por_relevar,No se localizó todavía un listado nominal institucional de presentaciones.,,sin_nombre_compatible_oa_2017_2024,,,0,,,,La nómina y el bloque provienen del período vigente publicado por la Cámara de Representantes de Misiones; el bloque de Carlos Rovira figura vacío en la fuente.
