persona_id,persona,nivel_cargo_actual,jurisdiccion_actual,oa_nombre,oa_person_key,estado_revision_identidad,anio,tipo_ddjj,rectificativa,dj_id,organismo_oa,cargo_oa,total_bienes_ars,deudas_ars,diferencia_valuacion_ars,ingresos_neto_gastos_ars,fuente_url,publicable_en_tab
dip-aguirre-hilda,Hilda Aguirre,Diputados nacionales,La Rioja,AGUIRRE HILDA CLELIA,ce66cf1896514e23,identidad_confirmada_cruce_oficial,2018,Anual,0,413490,HONORABLE SENADO DE LA NACION,DIPUTADA NACIONAL,10204100.00,139586.35,107278.95,855094.66,https://datos.jus.gob.ar/dataset/declaraciones-juradas-patrimoniales-integrales,sí · identidad confirmada
dip-aguirre-hilda,Hilda Aguirre,Diputados nacionales,La Rioja,AGUIRRE HILDA CLELIA,ce66cf1896514e23,identidad_confirmada_cruce_oficial,2019,Anual,0,459938,HONORABLE SENADO DE LA NACION,DIPUTADA NACIONAL,21379800.00,89312.20,0.00,855094.66,https://datos.jus.gob.ar/dataset/declaraciones-juradas-patrimoniales-integrales,sí · identidad confirmada
dip-aguirre-hilda,Hilda Aguirre,Diputados nacionales,La Rioja,AGUIRRE HILDA CLELIA,ce66cf1896514e23,identidad_confirmada_cruce_oficial,2020,Anual,1,521857,HONORABLE CAMARA DE DIPUTADOS DE LA NACION,DIPUTADA DE LA NACION ARGENTINA,34200000.00,0.00,0.00,1704092.30,https://datos.jus.gob.ar/dataset/declaraciones-juradas-patrimoniales-integrales,sí · identidad confirmada
dip-aguirre-hilda,Hilda Aguirre,Diputados nacionales,La Rioja,AGUIRRE HILDA CLELIA,ce66cf1896514e23,identidad_confirmada_cruce_oficial,2021,Anual,0,602444,HONORABLE CAMARA DE DIPUTADOS DE LA NACION,DIPUTADA DE LA NACION ARGENTINA,102196770.00,0.00,4271833.66,1710744.30,https://datos.jus.gob.ar/dataset/declaraciones-juradas-patrimoniales-integrales,sí · identidad confirmada
dip-aguirre-hilda,Hilda Aguirre,Diputados nacionales,La Rioja,AGUIRRE HILDA CLELIA,ce66cf1896514e23,identidad_confirmada_cruce_oficial,2022,Anual,0,676924,HONORABLE CAMARA DE DIPUTADOS DE LA NACION,DIPUTADA DE LA NACION ARGENTINA,8897764.81,10055190.00,2071544.02,6903074.83,https://datos.jus.gob.ar/dataset/declaraciones-juradas-patrimoniales-integrales,sí · identidad confirmada
dip-aguirre-hilda,Hilda Aguirre,Diputados nacionales,La Rioja,AGUIRRE HILDA CLELIA,ce66cf1896514e23,identidad_confirmada_cruce_oficial,2023,Anual,0,826768,HONORABLE CAMARA DE DIPUTADOS DE LA NACION,DIPUTADA DE LA NACION ARGENTINA,247704800.00,421815.20,46343.52,16553572.32,https://datos.jus.gob.ar/dataset/declaraciones-juradas-patrimoniales-integrales,sí · identidad confirmada
dip-aguirre-hilda,Hilda Aguirre,Diputados nacionales,La Rioja,AGUIRRE HILDA CLELIA,ce66cf1896514e23,identidad_confirmada_cruce_oficial,2024,Anual,0,826916,HONORABLE CAMARA DE DIPUTADOS DE LA NACION,DIPUTADA DE LA NACION ARGENTINA,459773790.00,0.00,18093169.57,39721883.77,https://datos.jus.gob.ar/dataset/declaraciones-juradas-patrimoniales-integrales,sí · identidad confirmada
dip-ajmechet-sabrina,Sabrina Ajmechet,Diputados nacionales,Ciudad De Buenos Aires,AJMECHET SABRINA CARLOTA,2d776c6b3c5e7b71,identidad_confirmada_cruce_oficial,2021,Anual,0,601455,HONORABLE CAMARA DE DIPUTADOS DE LA NACION,DIPUTADA NACIONAL,11403828.45,0.00,0.00,211659.61,https://datos.jus.gob.ar/dataset/declaraciones-juradas-patrimoniales-integrales,sí · identidad confirmada
dip-ajmechet-sabrina,Sabrina Ajmechet,Diputados nacionales,Ciudad De Buenos Aires,AJMECHET SABRINA CARLOTA,2d776c6b3c5e7b71,identidad_confirmada_cruce_oficial,2022,Anual,0,672844,HONORABLE CAMARA DE DIPUTADOS DE LA NACION,DIPUTADA NACIONAL,22094136.95,0.00,8582560.78,8964483.78,https://datos.jus.gob.ar/dataset/declaraciones-juradas-patrimoniales-integrales,sí · identidad confirmada
dip-ajmechet-sabrina,Sabrina Ajmechet,Diputados nacionales,Ciudad De Buenos Aires,AJMECHET SABRINA CARLOTA,2d776c6b3c5e7b71,identidad_confirmada_cruce_oficial,2023,Anual,0,742424,HONORABLE CAMARA DE DIPUTADOS DE LA NACION,DIPUTADA NACIONAL,78432747.35,3567420.23,44476398.08,309711350.00,https://datos.jus.gob.ar/dataset/declaraciones-juradas-patrimoniales-integrales,sí · identidad confirmada
dip-ajmechet-sabrina,Sabrina Ajmechet,Diputados nacionales,Ciudad De Buenos Aires,AJMECHET SABRINA CARLOTA,2d776c6b3c5e7b71,identidad_confirmada_cruce_oficial,2024,Anual,0,792365,HONORABLE CAMARA DE DIPUTADOS DE LA NACION,DIPUTADA NACIONAL,150224669.49,8461698.36,53454774.87,88741868.53,https://datos.jus.gob.ar/dataset/declaraciones-juradas-patrimoniales-integrales,sí · identidad confirmada
dip-alvarez-claudio,Claudio Álvarez,Diputados nacionales,San Luis,ALVAREZ CLAUDIO ARIEL,93406d770418f0f6,identidad_confirmada_cruce_oficial,2023,Inicial,0,677352,UNION TRABAJADORES GASTRONOMICO R A SECC SAN LUI,DIPUTADO NACIONAL,295334400.00,0.00,0.00,0.00,https://datos.jus.gob.ar/dataset/declaraciones-juradas-patrimoniales-integrales,sí · identidad confirmada
dip-andrade-javier,Javier Andrade,Diputados nacionales,Ciudad De Buenos Aires,ANDRADE JAVIER,f41ae687572ccd17,revision_manual_identidad,2022,Anual,0,676204,,Legislador CABA,29226003.83,240629.69,0.00,7564680.98,https://datos.jus.gob.ar/dataset/declaraciones-juradas-patrimoniales-integrales,no · identidad pendiente
dip-ansaloni-pablo,Pablo Ansaloni,Diputados nacionales,Buenos Aires,ANSALONI PABLO MIGUEL,e73e4d9ee3f39bc8,identidad_confirmada_cruce_oficial,2017,Inicial,0,262711,,DIPUTADO NACIONAL,1522630.31,0.00,0.00,0.00,https://datos.jus.gob.ar/dataset/declaraciones-juradas-patrimoniales-integrales,sí · identidad confirmada
dip-ansaloni-pablo,Pablo Ansaloni,Diputados nacionales,Buenos Aires,ANSALONI PABLO MIGUEL,e73e4d9ee3f39bc8,identidad_confirmada_cruce_oficial,2018,Anual,0,365471,,DIPUTADO NACIONAL,27013100.00,0.00,1791780.03,3667195.20,https://datos.jus.gob.ar/dataset/declaraciones-juradas-patrimoniales-integrales,sí · identidad confirmada
dip-ansaloni-pablo,Pablo Ansaloni,Diputados nacionales,Buenos Aires,ANSALONI PABLO MIGUEL,e73e4d9ee3f39bc8,identidad_confirmada_cruce_oficial,2020,Anual,0,543594,,DIPUTADO NACIONAL,9092293.83,0.00,1206853.75,8797319.54,https://datos.jus.gob.ar/dataset/declaraciones-juradas-patrimoniales-integrales,sí · identidad confirmada
dip-ansaloni-pablo,Pablo Ansaloni,Diputados nacionales,Buenos Aires,ANSALONI PABLO MIGUEL,e73e4d9ee3f39bc8,identidad_confirmada_cruce_oficial,2022,Anual,0,677377,,DIPUTADO NACIONAL,31917309.09,0.00,4869318.98,19066929.76,https://datos.jus.gob.ar/dataset/declaraciones-juradas-patrimoniales-integrales,sí · identidad confirmada
dip-ansaloni-pablo,Pablo Ansaloni,Diputados nacionales,Buenos Aires,ANSALONI PABLO MIGUEL,e73e4d9ee3f39bc8,identidad_confirmada_cruce_oficial,2023,Anual,0,753464,,DIPUTADO NACIONAL,91632892.68,5380000.00,61329374.59,3757519.34,https://datos.jus.gob.ar/dataset/declaraciones-juradas-patrimoniales-integrales,sí · identidad confirmada
dip-arabia-damian,Damián Arabia,Diputados nacionales,Ciudad De Buenos Aires,ARABIA DAMIAN EDUARDO,c4ec4a53c792b6aa,identidad_confirmada_cruce_oficial,2017,Anual,0,282695,MINISTERIO DE SEGURIDAD,Director de Ejecución de Pruebas de Integridad,17434990.00,0.00,1030890.00,662983.38,https://datos.jus.gob.ar/dataset/declaraciones-juradas-patrimoniales-integrales,sí · identidad confirmada
dip-arabia-damian,Damián Arabia,Diputados nacionales,Ciudad De Buenos Aires,ARABIA DAMIAN EDUARDO,c4ec4a53c792b6aa,identidad_confirmada_cruce_oficial,2018,Anual,0,403949,MINISTERIO DE SEGURIDAD,Director de Prevención de la Corrupción,2478470.93,0.00,1000000.00,1037825.20,https://datos.jus.gob.ar/dataset/declaraciones-juradas-patrimoniales-integrales,sí · identidad confirmada
dip-arabia-damian,Damián Arabia,Diputados nacionales,Ciudad De Buenos Aires,ARABIA DAMIAN EDUARDO,c4ec4a53c792b6aa,identidad_confirmada_cruce_oficial,2019,Baja,0,418307,MINISTERIO DE SEGURIDAD,Director de Prevención de la Corrupción,43695200.00,0.00,4600000.00,19279080.00,https://datos.jus.gob.ar/dataset/declaraciones-juradas-patrimoniales-integrales,sí · identidad confirmada
dip-arabia-damian,Damián Arabia,Diputados nacionales,Ciudad De Buenos Aires,ARABIA DAMIAN EDUARDO,c4ec4a53c792b6aa,identidad_confirmada_cruce_oficial,2022,Anual,0,676899,,Candidato a Diputado Nacional,503039450.00,7140000.00,207284800.00,39000000.00,https://datos.jus.gob.ar/dataset/declaraciones-juradas-patrimoniales-integrales,sí · identidad confirmada
dip-arabia-damian,Damián Arabia,Diputados nacionales,Ciudad De Buenos Aires,ARABIA DAMIAN EDUARDO,c4ec4a53c792b6aa,identidad_confirmada_cruce_oficial,2023,Anual,0,744365,HONORABLE CAMARA DE DIPUTADOS DE LA NACION,Diputado Nacional,1405773000.00,2520000.00,29348870.93,82502000.00,https://datos.jus.gob.ar/dataset/declaraciones-juradas-patrimoniales-integrales,sí · identidad confirmada
dip-arabia-damian,Damián Arabia,Diputados nacionales,Ciudad De Buenos Aires,ARABIA DAMIAN EDUARDO,c4ec4a53c792b6aa,identidad_confirmada_cruce_oficial,2024,Anual,0,795430,HONORABLE CAMARA DE DIPUTADOS DE LA NACION,Diputado Nacional,206455482.86,0.00,43046571.34,41583831.52,https://datos.jus.gob.ar/dataset/declaraciones-juradas-patrimoniales-integrales,sí · identidad confirmada
dip-araujo-hernandez-jorge-neri,Jorge Neri Araujo Hernández,Diputados nacionales,Tierra Del Fuego,ARAUJO HERNANDEZ JORGE NERI,2a4db95745cb3fa5,identidad_confirmada_cruce_oficial,2023,Inicial,0,687657,,DIPUTADO,550000000.00,0.00,0.00,0.00,https://datos.jus.gob.ar/dataset/declaraciones-juradas-patrimoniales-integrales,sí · identidad confirmada
dip-ardohain-martin,Martín Ardohain,Diputados nacionales,La Pampa,ARDOHAIN MARTIN MIGUEL,90ed3e6268339457,identidad_confirmada_cruce_oficial,2022,Anual,0,676933,,DIPUTADO NACIONAL,12527456.72,0.00,0.00,5776508.69,https://datos.jus.gob.ar/dataset/declaraciones-juradas-patrimoniales-integrales,sí · identidad confirmada
dip-ardohain-martin,Martín Ardohain,Diputados nacionales,La Pampa,ARDOHAIN MARTIN MIGUEL,90ed3e6268339457,identidad_confirmada_cruce_oficial,2023,Inicial,0,685111,,DIPUTADO NACIONAL,47711370.00,0.00,0.00,0.00,https://datos.jus.gob.ar/dataset/declaraciones-juradas-patrimoniales-integrales,sí · identidad confirmada
dip-ardohain-martin,Martín Ardohain,Diputados nacionales,La Pampa,ARDOHAIN MARTIN MIGUEL,90ed3e6268339457,identidad_confirmada_cruce_oficial,2024,Anual,0,783363,,DIPUTADO NACIONAL,45978632.14,0.00,0.00,69977854.16,https://datos.jus.gob.ar/dataset/declaraciones-juradas-patrimoniales-integrales,sí · identidad confirmada
dip-arrieta-lourdes-micaela,Lourdes Micaela Arrieta,Diputados nacionales,Mendoza,ARRIETA LOURDES MICAELA,403abfc408976ede,revision_manual_identidad,2022,Anual,0,685109,,DIPUTADA NACIONAL,0.00,673020.86,0.00,0.00,https://datos.jus.gob.ar/dataset/declaraciones-juradas-patrimoniales-integrales,no · identidad pendiente
dip-arrieta-lourdes-micaela,Lourdes Micaela Arrieta,Diputados nacionales,Mendoza,ARRIETA LOURDES MICAELA,403abfc408976ede,revision_manual_identidad,2023,Anual,1,760549,,DIPUTADA DE LA NACION,0.00,2875464.56,0.00,0.00,https://datos.jus.gob.ar/dataset/declaraciones-juradas-patrimoniales-integrales,no · identidad pendiente
dip-arrieta-lourdes-micaela,Lourdes Micaela Arrieta,Diputados nacionales,Mendoza,ARRIETA LOURDES MICAELA,403abfc408976ede,revision_manual_identidad,2024,Inicial,1,760548,,DIPUTADA DE LA NACION,278.27,0.00,0.00,0.00,https://datos.jus.gob.ar/dataset/declaraciones-juradas-patrimoniales-integrales,no · identidad pendiente
dip-aveiro-martin,Martín Aveiro,Diputados nacionales,Mendoza,AVEIRO MARTIN GUILLERMO,c5b583006ccfecbd,identidad_confirmada_cruce_oficial,2022,Anual,0,677349,MUNICIPALIDAD DE TUNUYAN,DIPUTADO NACIONAL,12162711.53,8420000.00,38818160.00,78354550.00,https://datos.jus.gob.ar/dataset/declaraciones-juradas-patrimoniales-integrales,sí · identidad confirmada
dip-aveiro-martin,Martín Aveiro,Diputados nacionales,Mendoza,AVEIRO MARTIN GUILLERMO,c5b583006ccfecbd,identidad_confirmada_cruce_oficial,2023,Inicial,0,688076,MUNICIPALIDAD DE TUNUYAN,DIPUTADO NACIONAL,708699980.00,0.00,0.00,0.00,https://datos.jus.gob.ar/dataset/declaraciones-juradas-patrimoniales-integrales,sí · identidad confirmada
dip-aveiro-martin,Martín Aveiro,Diputados nacionales,Mendoza,AVEIRO MARTIN GUILLERMO,c5b583006ccfecbd,identidad_confirmada_cruce_oficial,2024,Anual,0,812638,,DIPUTADO NACIONAL,106868987.32,233909460.00,7343592.29,52551635.24,https://datos.jus.gob.ar/dataset/declaraciones-juradas-patrimoniales-integrales,sí · identidad confirmada
dip-avila-jorge-antonio,Jorge Antonio Avila,Diputados nacionales,Chubut,AVILA JORGE ANTONIO,635304183a8845ad,revision_manual_identidad,2023,Anual,0,756692,SINDICATO DEL PETROLEO Y GAS PRIVADO DEL CHUBUT,DIPUTADO NACIONAL,207200907.76,141840000.00,0.00,81894237.04,https://datos.jus.gob.ar/dataset/declaraciones-juradas-patrimoniales-integrales,no · identidad pendiente
dip-avila-jorge-antonio,Jorge Antonio Avila,Diputados nacionales,Chubut,AVILA JORGE ANTONIO,635304183a8845ad,revision_manual_identidad,2024,Anual,0,772871,,diputado nacional,445894074.74,82140000.00,0.00,240566978.64,https://datos.jus.gob.ar/dataset/declaraciones-juradas-patrimoniales-integrales,no · identidad pendiente
dip-banfi-karina,Karina Banfi,Diputados nacionales,Buenos Aires,BANFI KARINA VERONICA,1c1f7427c8030784,revision_manual_identidad,2017,Anual,0,314056,HONORABLE CAMARA DE DIPUTADOS DE LA NACION,DIPUTADA NACIONAL,1879643.60,385489.93,0.00,1518935.73,https://datos.jus.gob.ar/dataset/declaraciones-juradas-patrimoniales-integrales,no · identidad pendiente
dip-banfi-karina,Karina Banfi,Diputados nacionales,Buenos Aires,BANFI KARINA VERONICA,1c1f7427c8030784,revision_manual_identidad,2018,Anual,0,397871,HONORABLE CAMARA DE DIPUTADOS DE LA NACION,DIPUTADA NACIONAL,1638959.94,417012.59,435303.66,1736826.89,https://datos.jus.gob.ar/dataset/declaraciones-juradas-patrimoniales-integrales,no · identidad pendiente
dip-banfi-karina,Karina Banfi,Diputados nacionales,Buenos Aires,BANFI KARINA VERONICA,1c1f7427c8030784,revision_manual_identidad,2019,Anual,0,472851,HONORABLE CAMARA DE DIPUTADOS DE LA NACION,DIPUTADA NACIONAL,1752422.50,0.00,6790140.00,1488999.07,https://datos.jus.gob.ar/dataset/declaraciones-juradas-patrimoniales-integrales,no · identidad pendiente
dip-banfi-karina,Karina Banfi,Diputados nacionales,Buenos Aires,BANFI KARINA VERONICA,1c1f7427c8030784,revision_manual_identidad,2020,Anual,0,528027,HONORABLE CAMARA DE DIPUTADOS DE LA NACION,DIPUTADA NACIONAL,2240880.81,0.00,1307783.14,1436241.45,https://datos.jus.gob.ar/dataset/declaraciones-juradas-patrimoniales-integrales,no · identidad pendiente
dip-banfi-karina,Karina Banfi,Diputados nacionales,Buenos Aires,BANFI KARINA VERONICA,1c1f7427c8030784,revision_manual_identidad,2021,Anual,0,597720,HONORABLE CAMARA DE DIPUTADOS DE LA NACION,diputada nacional,3007021.83,0.00,1367464.41,1670707.29,https://datos.jus.gob.ar/dataset/declaraciones-juradas-patrimoniales-integrales,no · identidad pendiente
dip-banfi-karina,Karina Banfi,Diputados nacionales,Buenos Aires,BANFI KARINA VERONICA,1c1f7427c8030784,revision_manual_identidad,2022,Anual,0,651452,HONORABLE CAMARA DE DIPUTADOS DE LA NACION,Diputada nacional,4132342.76,0.00,2581754.88,3341229.85,https://datos.jus.gob.ar/dataset/declaraciones-juradas-patrimoniales-integrales,no · identidad pendiente
dip-banfi-karina,Karina Banfi,Diputados nacionales,Buenos Aires,BANFI KARINA VERONICA,1c1f7427c8030784,revision_manual_identidad,2023,Anual,0,745103,HONORABLE CAMARA DE DIPUTADOS DE LA NACION,Diputada Nacional,28553593.25,90000000.00,0.00,13850901.85,https://datos.jus.gob.ar/dataset/declaraciones-juradas-patrimoniales-integrales,no · identidad pendiente
dip-banfi-karina,Karina Banfi,Diputados nacionales,Buenos Aires,BANFI KARINA VERONICA,1c1f7427c8030784,revision_manual_identidad,2024,Anual,0,797656,HONORABLE CAMARA DE DIPUTADOS DE LA NACION,Diputada Nacional,258866160.00,80000000.00,0.00,38534916.60,https://datos.jus.gob.ar/dataset/declaraciones-juradas-patrimoniales-integrales,no · identidad pendiente
dip-basterra-luis-eugenio,Luis Eugenio Basterra,Diputados nacionales,Formosa,BASTERRA LUIS EUGENIO,4fa411946c1dc5f9,identidad_confirmada_cruce_oficial,2017,Anual,0,273563,HONORABLE CAMARA DE DIPUTADOS DE LA NACION,DIPUTADO NACIONAL,969128.82,0.00,134408.17,1394944.29,https://datos.jus.gob.ar/dataset/declaraciones-juradas-patrimoniales-integrales,sí · identidad confirmada
dip-basterra-luis-eugenio,Luis Eugenio Basterra,Diputados nacionales,Formosa,BASTERRA LUIS EUGENIO,4fa411946c1dc5f9,identidad_confirmada_cruce_oficial,2018,Anual,0,383039,HONORABLE CAMARA DE DIPUTADOS DE LA NACION,DIPUTADO NACIONAL,1730679.15,0.00,563255.20,1700025.96,https://datos.jus.gob.ar/dataset/declaraciones-juradas-patrimoniales-integrales,sí · identidad confirmada
dip-basterra-luis-eugenio,Luis Eugenio Basterra,Diputados nacionales,Formosa,BASTERRA LUIS EUGENIO,4fa411946c1dc5f9,identidad_confirmada_cruce_oficial,2019,Anual,0,441228,MINISTERIO DE AGRICULTURA -GANADERIA Y PESCA,Ministro de agricultura -ganaderia y pesca,2409798.22,0.00,5074220.00,2252763.73,https://datos.jus.gob.ar/dataset/declaraciones-juradas-patrimoniales-integrales,sí · identidad confirmada
dip-basterra-luis-eugenio,Luis Eugenio Basterra,Diputados nacionales,Formosa,BASTERRA LUIS EUGENIO,4fa411946c1dc5f9,identidad_confirmada_cruce_oficial,2020,Anual,0,511307,MINISTERIO DE AGRICULTURA -GANADERIA Y PESCA,Ministro de agricultura -ganaderia y pesca,4354351.03,0.00,1106984.28,3497452.47,https://datos.jus.gob.ar/dataset/declaraciones-juradas-patrimoniales-integrales,sí · identidad confirmada
dip-basterra-luis-eugenio,Luis Eugenio Basterra,Diputados nacionales,Formosa,BASTERRA LUIS EUGENIO,4fa411946c1dc5f9,identidad_confirmada_cruce_oficial,2021,Anual,0,578757,MINISTERIO DE CULTURA Y EDUCACION DE FORMOSA,MINISTRO DE CULTURA Y EDUCACION DE FORMOSA,6459032.05,0.00,1640595.74,6268160.28,https://datos.jus.gob.ar/dataset/declaraciones-juradas-patrimoniales-integrales,sí · identidad confirmada
dip-basterra-luis-eugenio,Luis Eugenio Basterra,Diputados nacionales,Formosa,BASTERRA LUIS EUGENIO,4fa411946c1dc5f9,identidad_confirmada_cruce_oficial,2022,Anual,0,628389,MINISTERIO DE CULTURA Y EDUCACION DE FORMOSA,MINISTRO DE CULTURA Y EDUCACION DE FORMOSA,11374252.04,0.00,4230916.99,10462793.04,https://datos.jus.gob.ar/dataset/declaraciones-juradas-patrimoniales-integrales,sí · identidad confirmada
dip-basterra-luis-eugenio,Luis Eugenio Basterra,Diputados nacionales,Formosa,BASTERRA LUIS EUGENIO,4fa411946c1dc5f9,identidad_confirmada_cruce_oficial,2023,Anual,0,706963,HONORABLE CAMARA DE DIPUTADOS DE LA NACION,DIPUTADO NACIONAL,41338636.40,0.00,29041454.08,23267570.83,https://datos.jus.gob.ar/dataset/declaraciones-juradas-patrimoniales-integrales,sí · identidad confirmada
dip-basterra-luis-eugenio,Luis Eugenio Basterra,Diputados nacionales,Formosa,BASTERRA LUIS EUGENIO,4fa411946c1dc5f9,identidad_confirmada_cruce_oficial,2024,Anual,0,786928,HONORABLE CAMARA DE DIPUTADOS DE LA NACION,DIPUTADO NACIONAL,80861718.35,0.00,19255973.91,41006023.36,https://datos.jus.gob.ar/dataset/declaraciones-juradas-patrimoniales-integrales,sí · identidad confirmada
dip-basualdo-carolina,Carolina Basualdo,Diputados nacionales,Cordoba,BASUALDO CAROLINA DEL VALLE,5a8a68765abdfcf8,identidad_confirmada_cruce_oficial,2018,Anual,0,413711,,DIPUTADA NACIONAL,1325948.58,110723.70,516949.78,859042.15,https://datos.jus.gob.ar/dataset/declaraciones-juradas-patrimoniales-integrales,sí · identidad confirmada
dip-benedit-beltran,Beltrán Benedit,Diputados nacionales,Entre Rios,BENEDIT BELTRAN,0672b89337d40b66,identidad_confirmada_cruce_oficial,2023,Anual,0,723489,HONORABLE CAMARA DE DIPUTADOS DE LA NACION,DIPUTADO NACIONAL,326093750.00,0.00,0.00,5638629.22,https://datos.jus.gob.ar/dataset/declaraciones-juradas-patrimoniales-integrales,sí · identidad confirmada
dip-benedit-beltran,Beltrán Benedit,Diputados nacionales,Entre Rios,BENEDIT BELTRAN,0672b89337d40b66,identidad_confirmada_cruce_oficial,2024,Anual,0,804639,HONORABLE CAMARA DE DIPUTADOS DE LA NACION,DIPUTADO NACIONAL,430951520.00,0.00,0.00,16516929.36,https://datos.jus.gob.ar/dataset/declaraciones-juradas-patrimoniales-integrales,sí · identidad confirmada
dip-bonacci-rocio,Rocío Bonacci,Diputados nacionales,Santa Fe,BONACCI ROCIO BELEN,9f56429d790be72b,identidad_confirmada_cruce_oficial,2022,Anual,0,677504,,DIPUTADO NACIONAL,0.00,0.00,0.00,12000000.00,https://datos.jus.gob.ar/dataset/declaraciones-juradas-patrimoniales-integrales,sí · identidad confirmada
dip-bonacci-rocio,Rocío Bonacci,Diputados nacionales,Santa Fe,BONACCI ROCIO BELEN,9f56429d790be72b,identidad_confirmada_cruce_oficial,2023,Inicial,0,686918,,DIPUTADO NACIONAL,0.00,0.00,0.00,0.00,https://datos.jus.gob.ar/dataset/declaraciones-juradas-patrimoniales-integrales,sí · identidad confirmada
dip-bonacci-rocio,Rocío Bonacci,Diputados nacionales,Santa Fe,BONACCI ROCIO BELEN,9f56429d790be72b,identidad_confirmada_cruce_oficial,2024,Anual,0,826621,HONORABLE CAMARA DE DIPUTADOS DE LA NACION,DIPUTADO NACIONAL,124930099.42,0.00,0.00,53914227.36,https://datos.jus.gob.ar/dataset/declaraciones-juradas-patrimoniales-integrales,sí · identidad confirmada
dip-bongiovanni-alejandro,Alejandro Bongiovanni,Diputados nacionales,Santa Fe,BONGIOVANNI ALEJANDRO,8b67c4f8d340b781,identidad_confirmada_cruce_oficial,2017,Baja,0,240448,NACION BURSATIL S. A.,DIRECTOR NACION BURSATIL SA,937172.65,6340800.00,29221.61,1074527.68,https://datos.jus.gob.ar/dataset/declaraciones-juradas-patrimoniales-integrales,sí · identidad confirmada
dip-bongiovanni-alejandro,Alejandro Bongiovanni,Diputados nacionales,Santa Fe,BONGIOVANNI ALEJANDRO,8b67c4f8d340b781,identidad_confirmada_cruce_oficial,2022,Inicial,0,677664,FUNDACION DEL ORDEN SOCIAL DE LA LIBERTAD,DIPUTADO NACIONAL,0.00,0.00,0.00,0.00,https://datos.jus.gob.ar/dataset/declaraciones-juradas-patrimoniales-integrales,sí · identidad confirmada
dip-bongiovanni-alejandro,Alejandro Bongiovanni,Diputados nacionales,Santa Fe,BONGIOVANNI ALEJANDRO,8b67c4f8d340b781,identidad_confirmada_cruce_oficial,2023,Anual,1,800114,,DIPUTADO NACIONAL,1628606.59,0.00,0.00,1685075.69,https://datos.jus.gob.ar/dataset/declaraciones-juradas-patrimoniales-integrales,sí · identidad confirmada
dip-bongiovanni-alejandro,Alejandro Bongiovanni,Diputados nacionales,Santa Fe,BONGIOVANNI ALEJANDRO,8b67c4f8d340b781,identidad_confirmada_cruce_oficial,2024,Anual,1,802146,FUNDACION DEL ORDEN SOCIAL DE LA LIBERTAD,DIPUTADO NACIONAL,23895873.88,240031.48,0.00,51101540.44,https://datos.jus.gob.ar/dataset/declaraciones-juradas-patrimoniales-integrales,sí · identidad confirmada
dip-bordet-gustavo,Gustavo Bordet,Diputados nacionales,Entre Rios,BORDET GUSTAVO EDUARDO,8053174f88f34498,identidad_confirmada_cruce_oficial,2023,Anual,0,717713,HONORABLE CAMARA DE DIPUTADOS DE LA NACION,DIPUTADO NACIONAL POR ENTRE RIOS,202780443.21,1035984.64,72535702.68,17526287.89,https://datos.jus.gob.ar/dataset/declaraciones-juradas-patrimoniales-integrales,sí · identidad confirmada
dip-bordet-gustavo,Gustavo Bordet,Diputados nacionales,Entre Rios,BORDET GUSTAVO EDUARDO,8053174f88f34498,identidad_confirmada_cruce_oficial,2024,Anual,0,817859,HONORABLE CAMARA DE DIPUTADOS DE LA NACION,DIPUTADO NACIONAL POR ENTRE RIOS,395809334.04,222387.78,66128808.10,45519347.12,https://datos.jus.gob.ar/dataset/declaraciones-juradas-patrimoniales-integrales,sí · identidad confirmada
dip-borgatta-alejandrina,Alejandrina Borgatta,Diputados nacionales,Santa Fe,BORGATTA ALEJANDRINA BELEN,be9b101950203f17,identidad_confirmada_cruce_oficial,2024,Anual,0,822269,,DIPUTADA NACIONAL,303093000.00,0.00,0.00,22085780.27,https://datos.jus.gob.ar/dataset/declaraciones-juradas-patrimoniales-integrales,sí · identidad confirmada
dip-bornoroni-gabriel,Gabriel Bornoroni,Diputados nacionales,Cordoba,BORNORONI GABRIEL MARCOS,92d1171357f63701,identidad_confirmada_cruce_oficial,2022,Anual,1,683230,,DIPUTADO NACIONAL,79457938.13,23327081.19,0.00,693333.33,https://datos.jus.gob.ar/dataset/declaraciones-juradas-patrimoniales-integrales,sí · identidad confirmada
dip-bornoroni-gabriel,Gabriel Bornoroni,Diputados nacionales,Cordoba,BORNORONI GABRIEL MARCOS,92d1171357f63701,identidad_confirmada_cruce_oficial,2023,Anual,0,732721,,DIPUTADO NACIONAL,2907665950.00,19843751.67,0.00,25670672.30,https://datos.jus.gob.ar/dataset/declaraciones-juradas-patrimoniales-integrales,sí · identidad confirmada
dip-bornoroni-gabriel,Gabriel Bornoroni,Diputados nacionales,Cordoba,BORNORONI GABRIEL MARCOS,92d1171357f63701,identidad_confirmada_cruce_oficial,2024,Anual,0,784811,,DIPUTADO NACIONAL,504784358.67,65330311.83,0.00,59691254.85,https://datos.jus.gob.ar/dataset/declaraciones-juradas-patrimoniales-integrales,sí · identidad confirmada
dip-bregman-myriam,Myriam Bregman,Diputados nacionales,Ciudad De Buenos Aires,BREGMAN MYRIAM TERESA,c501f7ad6b598dda,identidad_confirmada_cruce_oficial,2018,Anual,1,414161,,DIPUTADA NACIONAL,420551.44,0.00,0.00,1344906.80,https://datos.jus.gob.ar/dataset/declaraciones-juradas-patrimoniales-integrales,sí · identidad confirmada
dip-bregman-myriam,Myriam Bregman,Diputados nacionales,Ciudad De Buenos Aires,BREGMAN MYRIAM TERESA,c501f7ad6b598dda,identidad_confirmada_cruce_oficial,2020,Anual,0,540667,,DIPUTADA NACIONAL,234732.93,0.00,0.00,2516767.33,https://datos.jus.gob.ar/dataset/declaraciones-juradas-patrimoniales-integrales,sí · identidad confirmada
dip-bregman-myriam,Myriam Bregman,Diputados nacionales,Ciudad De Buenos Aires,BREGMAN MYRIAM TERESA,c501f7ad6b598dda,identidad_confirmada_cruce_oficial,2021,Anual,0,600278,,DIPUTADA NACIONAL,232558.56,0.00,0.00,1638372.97,https://datos.jus.gob.ar/dataset/declaraciones-juradas-patrimoniales-integrales,sí · identidad confirmada
dip-bregman-myriam,Myriam Bregman,Diputados nacionales,Ciudad De Buenos Aires,BREGMAN MYRIAM TERESA,c501f7ad6b598dda,identidad_confirmada_cruce_oficial,2022,Anual,2,668022,,DIPUTADA NACIONAL,887739.28,0.00,0.00,31283830.00,https://datos.jus.gob.ar/dataset/declaraciones-juradas-patrimoniales-integrales,sí · identidad confirmada
dip-bregman-myriam,Myriam Bregman,Diputados nacionales,Ciudad De Buenos Aires,BREGMAN MYRIAM TERESA,c501f7ad6b598dda,identidad_confirmada_cruce_oficial,2024,Anual,0,821031,,CANDIDATA A DIPUTADA NACIONAL,3324896.81,0.00,1660564.75,22302691.04,https://datos.jus.gob.ar/dataset/declaraciones-juradas-patrimoniales-integrales,sí · identidad confirmada
dip-bruno-eliana,Eliana Bruno,Diputados nacionales,Salta,BRUNO ELIANA LORENA,61a15be9cf0090e5,revision_manual_identidad,2022,Anual,0,677336,,,0.00,0.00,0.00,0.00,https://datos.jus.gob.ar/dataset/declaraciones-juradas-patrimoniales-integrales,no · identidad pendiente
dip-bruno-eliana,Eliana Bruno,Diputados nacionales,Salta,BRUNO ELIANA LORENA,61a15be9cf0090e5,revision_manual_identidad,2024,Anual,0,799043,ADMINISTRACION NACIONAL DE LA SEGURIDAD SOCIAL ANS,JEFATURA OFICINA ORAN,742616090.00,0.00,23267990.00,25760836.52,https://datos.jus.gob.ar/dataset/declaraciones-juradas-patrimoniales-integrales,no · identidad pendiente
dip-brugge-juan-fernando,Juan Fernando Brügge,Diputados nacionales,Cordoba,BRUGGE JUAN FERNANDO,a1c15e99de8b8ed9,identidad_confirmada_cruce_oficial,2017,Anual,0,316760,HONORABLE CAMARA DE DIPUTADOS DE LA NACION,DIPUTADO NACIONAL,4652259.41,61229.55,0.00,1821300.21,https://datos.jus.gob.ar/dataset/declaraciones-juradas-patrimoniales-integrales,sí · identidad confirmada
dip-brugge-juan-fernando,Juan Fernando Brügge,Diputados nacionales,Cordoba,BRUGGE JUAN FERNANDO,a1c15e99de8b8ed9,identidad_confirmada_cruce_oficial,2018,Anual,0,369807,HONORABLE CAMARA DE DIPUTADOS DE LA NACION,DIPUTADO NACIONAL,7251433.95,1090133.81,0.00,2288794.88,https://datos.jus.gob.ar/dataset/declaraciones-juradas-patrimoniales-integrales,sí · identidad confirmada
dip-brugge-juan-fernando,Juan Fernando Brügge,Diputados nacionales,Cordoba,BRUGGE JUAN FERNANDO,a1c15e99de8b8ed9,identidad_confirmada_cruce_oficial,2019,Baja,0,419046,HONORABLE CAMARA DE DIPUTADOS DE LA NACION,DIPUTADO NACIONAL,7751439.80,772810.00,6200000.00,3378480.81,https://datos.jus.gob.ar/dataset/declaraciones-juradas-patrimoniales-integrales,sí · identidad confirmada
dip-brugge-juan-fernando,Juan Fernando Brügge,Diputados nacionales,Cordoba,BRUGGE JUAN FERNANDO,a1c15e99de8b8ed9,identidad_confirmada_cruce_oficial,2022,Anual,0,676057,HONORABLE CAMARA DE DIPUTADOS DE LA NACION,DIPUTADO NACIONAL,23435492.05,7901765.97,0.00,6609840.52,https://datos.jus.gob.ar/dataset/declaraciones-juradas-patrimoniales-integrales,sí · identidad confirmada
dip-brugge-juan-fernando,Juan Fernando Brügge,Diputados nacionales,Cordoba,BRUGGE JUAN FERNANDO,a1c15e99de8b8ed9,identidad_confirmada_cruce_oficial,2023,Anual,0,710748,HONORABLE CAMARA DE DIPUTADOS DE LA NACION,DIPUTADO NACIONAL,56802358.11,17009574.76,26893179.78,11538335.27,https://datos.jus.gob.ar/dataset/declaraciones-juradas-patrimoniales-integrales,sí · identidad confirmada
dip-brugge-juan-fernando,Juan Fernando Brügge,Diputados nacionales,Cordoba,BRUGGE JUAN FERNANDO,a1c15e99de8b8ed9,identidad_confirmada_cruce_oficial,2024,Anual,1,824821,HONORABLE CAMARA DE DIPUTADOS DE LA NACION,DIPUTADO NACIONAL,104030846.68,237245610.00,0.00,61692074.72,https://datos.jus.gob.ar/dataset/declaraciones-juradas-patrimoniales-integrales,sí · identidad confirmada
dip-cafiero-santiago,Santiago Cafiero,Diputados nacionales,Buenos Aires,CAFIERO SANTIAGO ANDRES,3864a16581d86a6c,identidad_confirmada_cruce_oficial,2019,Anual,0,467794,JEFATURA DE GABINETE DE MINISTROS,JEFE DE GABINETE DE MINISTROS,4850401.18,6450000.00,760649.42,1066159.50,https://datos.jus.gob.ar/dataset/declaraciones-juradas-patrimoniales-integrales,sí · identidad confirmada
dip-cafiero-santiago,Santiago Cafiero,Diputados nacionales,Buenos Aires,CAFIERO SANTIAGO ANDRES,3864a16581d86a6c,identidad_confirmada_cruce_oficial,2020,Anual,1,542032,JEFATURA DE GABINETE DE MINISTROS,JEFE DE GABINETE DE MINISTROS,6102147.90,954267.82,326157.76,3407419.95,https://datos.jus.gob.ar/dataset/declaraciones-juradas-patrimoniales-integrales,sí · identidad confirmada
dip-cafiero-santiago,Santiago Cafiero,Diputados nacionales,Buenos Aires,CAFIERO SANTIAGO ANDRES,3864a16581d86a6c,identidad_confirmada_cruce_oficial,2021,Anual,0,591692,JEFATURA DE GABINETE DE MINISTROS,JEFE DE GABINETE DE MINISTROS,8488690.47,742883.01,1661262.90,5230397.71,https://datos.jus.gob.ar/dataset/declaraciones-juradas-patrimoniales-integrales,sí · identidad confirmada
dip-cafiero-santiago,Santiago Cafiero,Diputados nacionales,Buenos Aires,CAFIERO SANTIAGO ANDRES,3864a16581d86a6c,identidad_confirmada_cruce_oficial,2022,Anual,0,655028,MINISTERIO DE RELACIONES EXTERIORES Y CULTO,MINISTRO DE RELACIONES EXTERIORES -COM INT Y CULTO,15449899.22,407880.06,5590407.46,8704328.83,https://datos.jus.gob.ar/dataset/declaraciones-juradas-patrimoniales-integrales,sí · identidad confirmada
dip-cafiero-santiago,Santiago Cafiero,Diputados nacionales,Buenos Aires,CAFIERO SANTIAGO ANDRES,3864a16581d86a6c,identidad_confirmada_cruce_oficial,2023,Anual,1,747348,HONORABLE CAMARA DE DIPUTADOS DE LA NACION,: DIPUTADO NACIONAL POR LA PROVINCIA DE BUENOS AIR,57675643.23,0.00,25609859.90,34922627.71,https://datos.jus.gob.ar/dataset/declaraciones-juradas-patrimoniales-integrales,sí · identidad confirmada
dip-cafiero-santiago,Santiago Cafiero,Diputados nacionales,Buenos Aires,CAFIERO SANTIAGO ANDRES,3864a16581d86a6c,identidad_confirmada_cruce_oficial,2024,Anual,0,806605,HONORABLE CAMARA DE DIPUTADOS DE LA NACION,DIPUTADO NACIONAL POR LA PROV DE BS AS,110974631.12,0.00,62540113.90,32141337.81,https://datos.jus.gob.ar/dataset/declaraciones-juradas-patrimoniales-integrales,sí · identidad confirmada
dip-campero-mariano,Mariano Campero,Diputados nacionales,Tucuman,CAMPERO MARIANO,4f2c50c68e3195c7,identidad_confirmada_cruce_oficial,2022,Anual,0,688123,MUNICIPALIDAD DE YERBA BUENA,INTENDENTE MUNICIPALIDAD YERBA BUENA TUCUMAN,58251740.00,77336.72,0.00,2639388.57,https://datos.jus.gob.ar/dataset/declaraciones-juradas-patrimoniales-integrales,sí · identidad confirmada
dip-campero-mariano,Mariano Campero,Diputados nacionales,Tucuman,CAMPERO MARIANO,4f2c50c68e3195c7,identidad_confirmada_cruce_oficial,2023,Anual,0,753115,MUNICIPALIDAD DE YERBA BUENA,INTENDENTE MUNICIPALIDAD YERBA BUENA TUCUMAN,21435414.59,363262.69,0.00,5321656.67,https://datos.jus.gob.ar/dataset/declaraciones-juradas-patrimoniales-integrales,sí · identidad confirmada
dip-campero-mariano,Mariano Campero,Diputados nacionales,Tucuman,CAMPERO MARIANO,4f2c50c68e3195c7,identidad_confirmada_cruce_oficial,2024,Anual,0,771502,HONORABLE CAMARA DE DIPUTADOS DE LA NACION,DIPUTADO NACIONAL,538909960.00,0.00,0.00,50462173.45,https://datos.jus.gob.ar/dataset/declaraciones-juradas-patrimoniales-integrales,sí · identidad confirmada
dip-campitelli-celia,Celia Campitelli,Diputados nacionales,Santiago Del Estero,CAMPITELLI CELIA MARIA,200d5116e36badec,identidad_confirmada_cruce_oficial,2023,Anual,0,714775,,DIPUTADA NACIONAL,232799320.00,0.00,81665590.00,0.00,https://datos.jus.gob.ar/dataset/declaraciones-juradas-patrimoniales-integrales,sí · identidad confirmada
dip-campitelli-celia,Celia Campitelli,Diputados nacionales,Santiago Del Estero,CAMPITELLI CELIA MARIA,200d5116e36badec,identidad_confirmada_cruce_oficial,2024,Anual,0,781783,,DIPUTADA NACIONAL,71771615.51,0.00,0.00,0.00,https://datos.jus.gob.ar/dataset/declaraciones-juradas-patrimoniales-integrales,sí · identidad confirmada
dip-campo-julieta-marisol,Julieta Marisol Campo,Diputados nacionales,Chaco,CAMPO JULIETA MARISOL,d94b26a252bab907,revision_manual_identidad,2022,Anual,0,675797,MINISTERIO DE DESARROLLO SOCIAL,SUBSECRETARIA DE JUVENTUDES Y DIVERSIDADES,7560190.00,0.00,0.00,1886261.22,https://datos.jus.gob.ar/dataset/declaraciones-juradas-patrimoniales-integrales,no · identidad pendiente
dip-campo-julieta-marisol,Julieta Marisol Campo,Diputados nacionales,Chaco,CAMPO JULIETA MARISOL,d94b26a252bab907,revision_manual_identidad,2023,Baja,1,690617,MINISTERIO DE DESARROLLO HUMANO,SUBSECRETARIA DE JUVENTUDES Y DIVERSIDADES,91057590.00,2470000.00,4088582.54,3214157.46,https://datos.jus.gob.ar/dataset/declaraciones-juradas-patrimoniales-integrales,no · identidad pendiente
dip-capozzi-sergio-eduardo,Sergio Eduardo Capozzi,Diputados nacionales,Rio Negro,CAPOZZI SERGIO EDUARDO,9e8364fc1e5f6917,revision_manual_identidad,2022,Anual,0,676818,,diputado nacional,17680016.74,0.00,0.00,1890655.58,https://datos.jus.gob.ar/dataset/declaraciones-juradas-patrimoniales-integrales,no · identidad pendiente
dip-capozzi-sergio-eduardo,Sergio Eduardo Capozzi,Diputados nacionales,Rio Negro,CAPOZZI SERGIO EDUARDO,9e8364fc1e5f6917,revision_manual_identidad,2023,Inicial,0,687776,,DIPUTADO NACIONAL,19509411.89,0.00,0.00,0.00,https://datos.jus.gob.ar/dataset/declaraciones-juradas-patrimoniales-integrales,no · identidad pendiente
dip-capozzi-sergio-eduardo,Sergio Eduardo Capozzi,Diputados nacionales,Rio Negro,CAPOZZI SERGIO EDUARDO,9e8364fc1e5f6917,revision_manual_identidad,2024,Anual,0,783917,,DIPUTADO NACIONAL,120465120.77,0.00,0.00,48058085.06,https://datos.jus.gob.ar/dataset/declaraciones-juradas-patrimoniales-integrales,no · identidad pendiente
dip-casas-sergio-guillermo,Sergio Guillermo Casas,Diputados nacionales,La Rioja,CASAS SERGIO GUILLERMO,daea432c6d57b9e1,revision_manual_identidad,2022,Anual,0,677564,,DIPUTADO NACIONAL,4100749.10,0.00,5791594.83,6903074.83,https://datos.jus.gob.ar/dataset/declaraciones-juradas-patrimoniales-integrales,no · identidad pendiente
dip-castagneto-carlos-daniel,Carlos Daniel Castagneto,Diputados nacionales,Buenos Aires,CASTAGNETO CARLOS DANIEL,fae95ffca18db386,identidad_confirmada_cruce_oficial,2017,Anual,1,374338,HONORABLE CAMARA DE DIPUTADOS DE LA NACION,DIPUTADO NACIONAL,4606399.15,0.00,91767.12,1443033.74,https://datos.jus.gob.ar/dataset/declaraciones-juradas-patrimoniales-integrales,sí · identidad confirmada
dip-castagneto-carlos-daniel,Carlos Daniel Castagneto,Diputados nacionales,Buenos Aires,CASTAGNETO CARLOS DANIEL,fae95ffca18db386,identidad_confirmada_cruce_oficial,2018,Anual,1,446054,HONORABLE CAMARA DE DIPUTADOS DE LA NACION,DIPUTADO NACIONAL,7438956.28,0.00,0.00,1755211.42,https://datos.jus.gob.ar/dataset/declaraciones-juradas-patrimoniales-integrales,sí · identidad confirmada
dip-castagneto-carlos-daniel,Carlos Daniel Castagneto,Diputados nacionales,Buenos Aires,CASTAGNETO CARLOS DANIEL,fae95ffca18db386,identidad_confirmada_cruce_oficial,2019,Anual,2,541788,HONORABLE CAMARA DE DIPUTADOS DE LA NACION,DIPUTADO NACIONAL,13670714.22,0.00,4307838.01,2252781.28,https://datos.jus.gob.ar/dataset/declaraciones-juradas-patrimoniales-integrales,sí · identidad confirmada
dip-castagneto-carlos-daniel,Carlos Daniel Castagneto,Diputados nacionales,Buenos Aires,CASTAGNETO CARLOS DANIEL,fae95ffca18db386,identidad_confirmada_cruce_oficial,2020,Anual,1,512573,ADMINISTRACION FEDERAL DE INGRESOS PUBLICOS,director general de los recursos de la seg social,24016258.79,0.00,4242487.36,9198322.79,https://datos.jus.gob.ar/dataset/declaraciones-juradas-patrimoniales-integrales,sí · identidad confirmada
dip-castagneto-carlos-daniel,Carlos Daniel Castagneto,Diputados nacionales,Buenos Aires,CASTAGNETO CARLOS DANIEL,fae95ffca18db386,identidad_confirmada_cruce_oficial,2021,Anual,0,571949,ADMINISTRACION FEDERAL DE INGRESOS PUBLICOS,DIRECTOR,35812500.17,0.00,4624068.36,12910565.85,https://datos.jus.gob.ar/dataset/declaraciones-juradas-patrimoniales-integrales,sí · identidad confirmada
dip-castagneto-carlos-daniel,Carlos Daniel Castagneto,Diputados nacionales,Buenos Aires,CASTAGNETO CARLOS DANIEL,fae95ffca18db386,identidad_confirmada_cruce_oficial,2022,Anual,0,626248,ADMINISTRACION FEDERAL DE INGRESOS PUBLICOS,Administrador federal,74482908.92,0.00,14775479.76,29436858.96,https://datos.jus.gob.ar/dataset/declaraciones-juradas-patrimoniales-integrales,sí · identidad confirmada
dip-castagneto-carlos-daniel,Carlos Daniel Castagneto,Diputados nacionales,Buenos Aires,CASTAGNETO CARLOS DANIEL,fae95ffca18db386,identidad_confirmada_cruce_oficial,2023,Anual,0,717740,HONORABLE CAMARA DE DIPUTADOS DE LA NACION,DIPUTADO NACIONAL,298695593.04,0.00,124668956.22,108265207.55,https://datos.jus.gob.ar/dataset/declaraciones-juradas-patrimoniales-integrales,sí · identidad confirmada
dip-castagneto-carlos-daniel,Carlos Daniel Castagneto,Diputados nacionales,Buenos Aires,CASTAGNETO CARLOS DANIEL,fae95ffca18db386,identidad_confirmada_cruce_oficial,2024,Anual,0,777199,HONORABLE CAMARA DE DIPUTADOS DE LA NACION,DIPUTADO NACIONAL,447882984.88,0.00,54214510.86,90515212.80,https://datos.jus.gob.ar/dataset/declaraciones-juradas-patrimoniales-integrales,sí · identidad confirmada
dip-castelnuovo-giselle,Giselle Castelnuovo,Diputados nacionales,Buenos Aires,CASTELNUOVO GISELLE,5426f958d973bc06,revision_manual_identidad,2017,Anual,0,273890,,,2173192.06,0.00,288838.41,1723594.28,https://datos.jus.gob.ar/dataset/declaraciones-juradas-patrimoniales-integrales,no · identidad pendiente
dip-castelnuovo-giselle,Giselle Castelnuovo,Diputados nacionales,Buenos Aires,CASTELNUOVO GISELLE,5426f958d973bc06,revision_manual_identidad,2018,Anual,0,380691,,,3243060.24,0.00,163063.04,710186.26,https://datos.jus.gob.ar/dataset/declaraciones-juradas-patrimoniales-integrales,no · identidad pendiente
dip-castelnuovo-giselle,Giselle Castelnuovo,Diputados nacionales,Buenos Aires,CASTELNUOVO GISELLE,5426f958d973bc06,revision_manual_identidad,2019,Baja,0,422228,MINISTERIO DEL INTERIOR,DIRECTORA DE ASISTENCIA PARA LA REFORMA POLITICA,3238578.40,0.00,627057.59,4770000.00,https://datos.jus.gob.ar/dataset/declaraciones-juradas-patrimoniales-integrales,no · identidad pendiente
dip-castelnuovo-giselle,Giselle Castelnuovo,Diputados nacionales,Buenos Aires,CASTELNUOVO GISELLE,5426f958d973bc06,revision_manual_identidad,2024,Anual,0,772437,VICEJEFATURA DE GABINETE DEL INTERIOR,SUBSECRETARIA DE AUSNTOS POLITICOS,135501299.92,0.00,46800133.13,27956850.47,https://datos.jus.gob.ar/dataset/declaraciones-juradas-patrimoniales-integrales,no · identidad pendiente
dip-cipolini-gerardo,Gerardo Cipolini,Diputados nacionales,Chaco,CIPOLINI GERARDO,512bfb6fb6f7764b,revision_manual_identidad,2018,Anual,0,413980,MUNICIPALIDAD DE PCIA R SAENZ PEÑA,INTENDENTE,14828240.00,0.00,4062240.00,0.00,https://datos.jus.gob.ar/dataset/declaraciones-juradas-patrimoniales-integrales,no · identidad pendiente
dip-cipolini-gerardo,Gerardo Cipolini,Diputados nacionales,Chaco,CIPOLINI GERARDO,512bfb6fb6f7764b,revision_manual_identidad,2019,Anual,0,498983,,DIPUTADO NACIONAL,51223510.00,0.00,14045270.00,9350000.00,https://datos.jus.gob.ar/dataset/declaraciones-juradas-patrimoniales-integrales,no · identidad pendiente
dip-cipolini-gerardo,Gerardo Cipolini,Diputados nacionales,Chaco,CIPOLINI GERARDO,512bfb6fb6f7764b,revision_manual_identidad,2020,Anual,0,695411,,DIPUTADO NACIONAL,65084900.00,0.00,9205390.00,36804520.00,https://datos.jus.gob.ar/dataset/declaraciones-juradas-patrimoniales-integrales,no · identidad pendiente
dip-cipolini-gerardo,Gerardo Cipolini,Diputados nacionales,Chaco,CIPOLINI GERARDO,512bfb6fb6f7764b,revision_manual_identidad,2021,Anual,0,695415,,DIPUTADO NACIONAL,87618900.00,0.00,8754000.00,48862000.00,https://datos.jus.gob.ar/dataset/declaraciones-juradas-patrimoniales-integrales,no · identidad pendiente
dip-cipolini-gerardo,Gerardo Cipolini,Diputados nacionales,Chaco,CIPOLINI GERARDO,512bfb6fb6f7764b,revision_manual_identidad,2022,Anual,0,695417,,DIPUTADO NACIONAL,170416420.00,0.00,43177520.00,87009250.00,https://datos.jus.gob.ar/dataset/declaraciones-juradas-patrimoniales-integrales,no · identidad pendiente
dip-cisneros-carlos,Carlos Cisneros,Diputados nacionales,Tucuman,CISNEROS CARLOS ANIBAL,5a6a4ff8d519aa19,identidad_confirmada_cruce_oficial,2019,Anual,0,475325,HONORABLE CAMARA DE DIPUTADOS DE LA NACION,DIPUTADO NACIONAL,8306249.94,48000000.00,481258.68,2025962.86,https://datos.jus.gob.ar/dataset/declaraciones-juradas-patrimoniales-integrales,sí · identidad confirmada
dip-cisneros-carlos,Carlos Cisneros,Diputados nacionales,Tucuman,CISNEROS CARLOS ANIBAL,5a6a4ff8d519aa19,identidad_confirmada_cruce_oficial,2020,Anual,0,496397,HONORABLE CAMARA DE DIPUTADOS DE LA NACION,DIPUTADO NACIONAL,16177619.80,36160000.00,4344165.86,5422018.58,https://datos.jus.gob.ar/dataset/declaraciones-juradas-patrimoniales-integrales,sí · identidad confirmada
dip-cisneros-carlos,Carlos Cisneros,Diputados nacionales,Tucuman,CISNEROS CARLOS ANIBAL,5a6a4ff8d519aa19,identidad_confirmada_cruce_oficial,2021,Anual,0,602478,HONORABLE CAMARA DE DIPUTADOS DE LA NACION,DIPUTADO NACIONAL,40615489.07,36120000.00,24437869.27,7313865.92,https://datos.jus.gob.ar/dataset/declaraciones-juradas-patrimoniales-integrales,sí · identidad confirmada
dip-cisneros-carlos,Carlos Cisneros,Diputados nacionales,Tucuman,CISNEROS CARLOS ANIBAL,5a6a4ff8d519aa19,identidad_confirmada_cruce_oficial,2022,Anual,0,652604,HONORABLE CAMARA DE DIPUTADOS DE LA NACION,DIPUTADO NACIONAL,125937964.25,200210000.00,9403029.32,13553067.22,https://datos.jus.gob.ar/dataset/declaraciones-juradas-patrimoniales-integrales,sí · identidad confirmada
dip-cisneros-carlos,Carlos Cisneros,Diputados nacionales,Tucuman,CISNEROS CARLOS ANIBAL,5a6a4ff8d519aa19,identidad_confirmada_cruce_oficial,2023,Anual,0,739939,HONORABLE CAMARA DE DIPUTADOS DE LA NACION,DIPUTADO NACIONAL,176331397.48,800000.00,50868205.45,36495116.07,https://datos.jus.gob.ar/dataset/declaraciones-juradas-patrimoniales-integrales,sí · identidad confirmada
dip-cisneros-carlos,Carlos Cisneros,Diputados nacionales,Tucuman,CISNEROS CARLOS ANIBAL,5a6a4ff8d519aa19,identidad_confirmada_cruce_oficial,2024,Anual,0,805694,HONORABLE CAMARA DE DIPUTADOS DE LA NACION,DIPUTADO NACIONAL,465711724.16,5379680.00,220306482.78,100106672.22,https://datos.jus.gob.ar/dataset/declaraciones-juradas-patrimoniales-integrales,sí · identidad confirmada
dip-coletta-mariela,Mariela Coletta,Diputados nacionales,Ciudad De Buenos Aires,COLETTA MARIELA GISELLE,6fe79a1eef21bd8b,revision_manual_identidad,2022,Anual,0,677396,,diputada nacional,15230950.15,1315468.56,0.00,7890323.17,https://datos.jus.gob.ar/dataset/declaraciones-juradas-patrimoniales-integrales,no · identidad pendiente
dip-coletta-mariela,Mariela Coletta,Diputados nacionales,Ciudad De Buenos Aires,COLETTA MARIELA GISELLE,6fe79a1eef21bd8b,revision_manual_identidad,2023,Anual,0,795238,,DIPUTADA NACIONAL,321196920.00,1165374.07,0.00,19533975.98,https://datos.jus.gob.ar/dataset/declaraciones-juradas-patrimoniales-integrales,no · identidad pendiente
dip-coletta-mariela,Mariela Coletta,Diputados nacionales,Ciudad De Buenos Aires,COLETTA MARIELA GISELLE,6fe79a1eef21bd8b,revision_manual_identidad,2024,Anual,0,795254,,DIPUTADA NACIONAL,251854202.42,550000000.00,0.00,36626721.36,https://datos.jus.gob.ar/dataset/declaraciones-juradas-patrimoniales-integrales,no · identidad pendiente
dip-correa-llano-facundo,Facundo Correa Llano,Diputados nacionales,Mendoza,CORREA LLANO FACUNDO,73e839b8b11df8b9,identidad_confirmada_cruce_oficial,2022,Anual,0,687510,HONORABLE CAMARA DE DIPUTADOS DE LA NACION,DIPUTADO DE LA NACION,7412277.39,1854928.78,36904.29,3927509.48,https://datos.jus.gob.ar/dataset/declaraciones-juradas-patrimoniales-integrales,sí · identidad confirmada
dip-correa-llano-facundo,Facundo Correa Llano,Diputados nacionales,Mendoza,CORREA LLANO FACUNDO,73e839b8b11df8b9,identidad_confirmada_cruce_oficial,2023,Anual,0,734662,HONORABLE CAMARA DE DIPUTADOS DE LA NACION,DIPUTADO DE LA NACION,12959378.41,14191545.26,605831.27,2885335.17,https://datos.jus.gob.ar/dataset/declaraciones-juradas-patrimoniales-integrales,sí · identidad confirmada
dip-correa-llano-facundo,Facundo Correa Llano,Diputados nacionales,Mendoza,CORREA LLANO FACUNDO,73e839b8b11df8b9,identidad_confirmada_cruce_oficial,2024,Anual,0,789410,HONORABLE CAMARA DE DIPUTADOS DE LA NACION,DIPUTADO DE LA NACION,166580777.68,5628503.30,105247432.93,49075232.04,https://datos.jus.gob.ar/dataset/declaraciones-juradas-patrimoniales-integrales,sí · identidad confirmada
dip-daives-ricardo,Ricardo Daives,Diputados nacionales,Santiago Del Estero,DAIVES RICARDO DANIEL,23b0f916081d778c,identidad_confirmada_cruce_oficial,2018,Anual,0,412990,,,14065730.00,0.00,0.00,851531.12,https://datos.jus.gob.ar/dataset/declaraciones-juradas-patrimoniales-integrales,sí · identidad confirmada
dip-daives-ricardo,Ricardo Daives,Diputados nacionales,Santiago Del Estero,DAIVES RICARDO DANIEL,23b0f916081d778c,identidad_confirmada_cruce_oficial,2019,Inicial,0,418390,HONORABLE CAMARA DE DIPUTADOS DE LA NACION,DIPUTADO NACIONAL,1353108.84,0.00,0.00,0.00,https://datos.jus.gob.ar/dataset/declaraciones-juradas-patrimoniales-integrales,sí · identidad confirmada
dip-daives-ricardo,Ricardo Daives,Diputados nacionales,Santiago Del Estero,DAIVES RICARDO DANIEL,23b0f916081d778c,identidad_confirmada_cruce_oficial,2020,Anual,0,520595,HONORABLE CAMARA DE DIPUTADOS DE LA NACION,DIPUTADO NACIONAL,3074441.70,0.00,474611.50,2461424.60,https://datos.jus.gob.ar/dataset/declaraciones-juradas-patrimoniales-integrales,sí · identidad confirmada
dip-daives-ricardo,Ricardo Daives,Diputados nacionales,Santiago Del Estero,DAIVES RICARDO DANIEL,23b0f916081d778c,identidad_confirmada_cruce_oficial,2021,Anual,0,580471,HONORABLE CAMARA DE DIPUTADOS DE LA NACION,DIPUTADO NACIONAL,4354838.32,0.00,743330.84,3289492.62,https://datos.jus.gob.ar/dataset/declaraciones-juradas-patrimoniales-integrales,sí · identidad confirmada
dip-daives-ricardo,Ricardo Daives,Diputados nacionales,Santiago Del Estero,DAIVES RICARDO DANIEL,23b0f916081d778c,identidad_confirmada_cruce_oficial,2022,Anual,0,645578,HONORABLE CAMARA DE DIPUTADOS DE LA NACION,DIPUTADO NACIONAL,12896392.56,0.00,1525342.24,5425167.62,https://datos.jus.gob.ar/dataset/declaraciones-juradas-patrimoniales-integrales,sí · identidad confirmada
dip-daives-ricardo,Ricardo Daives,Diputados nacionales,Santiago Del Estero,DAIVES RICARDO DANIEL,23b0f916081d778c,identidad_confirmada_cruce_oficial,2023,Anual,0,709566,HONORABLE CAMARA DE DIPUTADOS DE LA NACION,DIPUTADO NACIONAL,46081387.50,0.00,16530647.94,13493338.64,https://datos.jus.gob.ar/dataset/declaraciones-juradas-patrimoniales-integrales,sí · identidad confirmada
dip-daives-ricardo,Ricardo Daives,Diputados nacionales,Santiago Del Estero,DAIVES RICARDO DANIEL,23b0f916081d778c,identidad_confirmada_cruce_oficial,2024,Anual,0,792791,HONORABLE CAMARA DE DIPUTADOS DE LA NACION,DIPUTADO NACIONAL,113925603.47,0.00,16855429.97,46733622.86,https://datos.jus.gob.ar/dataset/declaraciones-juradas-patrimoniales-integrales,sí · identidad confirmada
dip-de-andreis-fernando,Fernando de Andreis,Diputados nacionales,Ciudad De Buenos Aires,DE ANDREIS FERNANDO,dac1191b482d0566,identidad_confirmada_cruce_oficial,2017,Anual,1,417692,SECRETARIA GENERAL DE LA PRESIDENCIA DE LA NACION,SECRETARIA GENERAL DE LA PRESIDENCIA,3772599.99,168733.62,234627.14,1939051.52,https://datos.jus.gob.ar/dataset/declaraciones-juradas-patrimoniales-integrales,sí · identidad confirmada
dip-de-andreis-fernando,Fernando de Andreis,Diputados nacionales,Ciudad De Buenos Aires,DE ANDREIS FERNANDO,dac1191b482d0566,identidad_confirmada_cruce_oficial,2018,Anual,0,382894,SECRETARIA GENERAL DE LA PRESIDENCIA DE LA NACION,SECRETARIA GENERAL DE LA PRESIDENCIA,20521400.19,7849733.62,768624.83,2190082.09,https://datos.jus.gob.ar/dataset/declaraciones-juradas-patrimoniales-integrales,sí · identidad confirmada
dip-de-andreis-fernando,Fernando de Andreis,Diputados nacionales,Ciudad De Buenos Aires,DE ANDREIS FERNANDO,dac1191b482d0566,identidad_confirmada_cruce_oficial,2019,Baja,0,419331,SECRETARIA GENERAL DE LA PRESIDENCIA DE LA NACION,SECRETARIA GENERAL DE LA PRESIDENCIA,20998923.92,7849733.62,0.00,2832831.21,https://datos.jus.gob.ar/dataset/declaraciones-juradas-patrimoniales-integrales,sí · identidad confirmada
dip-de-andreis-fernando,Fernando de Andreis,Diputados nacionales,Ciudad De Buenos Aires,DE ANDREIS FERNANDO,dac1191b482d0566,identidad_confirmada_cruce_oficial,2024,Anual,0,826811,,Diputado nacional,2144695973.80,42993338.48,1832588357.29,2737022.94,https://datos.jus.gob.ar/dataset/declaraciones-juradas-patrimoniales-integrales,sí · identidad confirmada
dip-de-la-rosa-maria-graciela,María Graciela de la Rosa,Diputados nacionales,Formosa,DE LA ROSA MARIA GRACIELA,0550e327655e12e2,revision_manual_identidad,2017,Anual,0,285253,AUDITORIA GENERAL DE LA NACION,AUDITORA GENERAL DE LA NACIÓN,1385404.03,0.00,0.00,1253007.35,https://datos.jus.gob.ar/dataset/declaraciones-juradas-patrimoniales-integrales,no · identidad pendiente
dip-de-la-rosa-maria-graciela,María Graciela de la Rosa,Diputados nacionales,Formosa,DE LA ROSA MARIA GRACIELA,0550e327655e12e2,revision_manual_identidad,2018,Anual,0,388745,AUDITORIA GENERAL DE LA NACION,AUDITORIA GENERAL DE LA NACIÓN,2504156.57,0.00,3838820.00,1870477.17,https://datos.jus.gob.ar/dataset/declaraciones-juradas-patrimoniales-integrales,no · identidad pendiente
dip-de-la-rosa-maria-graciela,María Graciela de la Rosa,Diputados nacionales,Formosa,DE LA ROSA MARIA GRACIELA,0550e327655e12e2,revision_manual_identidad,2019,Anual,0,446384,AUDITORIA GENERAL DE LA NACION,AUDITORIA GENERAL DE LA NACION,2534449.20,10000000.00,480316.57,2458885.77,https://datos.jus.gob.ar/dataset/declaraciones-juradas-patrimoniales-integrales,no · identidad pendiente
dip-de-la-rosa-maria-graciela,María Graciela de la Rosa,Diputados nacionales,Formosa,DE LA ROSA MARIA GRACIELA,0550e327655e12e2,revision_manual_identidad,2020,Anual,0,518109,AUDITORIA GENERAL DE LA NACION,AUDITORA GENERAL DE LA NACION,3061764.88,0.00,936669.94,3156704.06,https://datos.jus.gob.ar/dataset/declaraciones-juradas-patrimoniales-integrales,no · identidad pendiente
dip-de-la-rosa-maria-graciela,María Graciela de la Rosa,Diputados nacionales,Formosa,DE LA ROSA MARIA GRACIELA,0550e327655e12e2,revision_manual_identidad,2021,Anual,0,578673,AUDITORIA GENERAL DE LA NACION,AUDITORA DE LA NACION,4768501.88,0.00,0.00,3026968.95,https://datos.jus.gob.ar/dataset/declaraciones-juradas-patrimoniales-integrales,no · identidad pendiente
dip-de-la-rosa-maria-graciela,María Graciela de la Rosa,Diputados nacionales,Formosa,DE LA ROSA MARIA GRACIELA,0550e327655e12e2,revision_manual_identidad,2022,Anual,0,674639,AUDITORIA GENERAL DE LA NACION,AUDITORA DE LA NACION,10193126.88,0.00,32919070.00,8501616.67,https://datos.jus.gob.ar/dataset/declaraciones-juradas-patrimoniales-integrales,no · identidad pendiente
dip-de-la-rosa-maria-graciela,María Graciela de la Rosa,Diputados nacionales,Formosa,DE LA ROSA MARIA GRACIELA,0550e327655e12e2,revision_manual_identidad,2023,Anual,0,745467,AUDITORIA GENERAL DE LA NACION,AUDITORA DE LA NACION,21592949.59,0.00,84889000.00,45136862.44,https://datos.jus.gob.ar/dataset/declaraciones-juradas-patrimoniales-integrales,no · identidad pendiente
dip-de-la-rosa-maria-graciela,María Graciela de la Rosa,Diputados nacionales,Formosa,DE LA ROSA MARIA GRACIELA,0550e327655e12e2,revision_manual_identidad,2024,Anual,0,816051,AUDITORIA GENERAL DE LA NACION,AUDITORA DE LA NACION,43770330.57,0.00,0.00,903410550.00,https://datos.jus.gob.ar/dataset/declaraciones-juradas-patrimoniales-integrales,no · identidad pendiente
dip-de-la-sota-natalia,Natalia de la Sota,Diputados nacionales,Cordoba,DE LA SOTA NATALIA,96e841cf59a65c1f,identidad_confirmada_cruce_oficial,2021,Anual,0,604554,,DIPUTADA NACIONAL,57224588.01,2708011.53,15116308.69,5100033.01,https://datos.jus.gob.ar/dataset/declaraciones-juradas-patrimoniales-integrales,sí · identidad confirmada
dip-de-la-sota-natalia,Natalia de la Sota,Diputados nacionales,Cordoba,DE LA SOTA NATALIA,96e841cf59a65c1f,identidad_confirmada_cruce_oficial,2022,Anual,0,631912,,DIPUTADA NACIONAL,121809838.54,3533498.33,2057425.95,6810236.59,https://datos.jus.gob.ar/dataset/declaraciones-juradas-patrimoniales-integrales,sí · identidad confirmada
dip-de-la-sota-natalia,Natalia de la Sota,Diputados nacionales,Cordoba,DE LA SOTA NATALIA,96e841cf59a65c1f,identidad_confirmada_cruce_oficial,2023,Anual,0,708656,,DIPUTADA NACIONAL,535151479.71,8193537.32,121422253.17,18055865.60,https://datos.jus.gob.ar/dataset/declaraciones-juradas-patrimoniales-integrales,sí · identidad confirmada
dip-de-la-sota-natalia,Natalia de la Sota,Diputados nacionales,Cordoba,DE LA SOTA NATALIA,96e841cf59a65c1f,identidad_confirmada_cruce_oficial,2024,Anual,0,800434,,DIPUTADA,716427375.69,7923319.50,154357703.17,46099482.27,https://datos.jus.gob.ar/dataset/declaraciones-juradas-patrimoniales-integrales,sí · identidad confirmada
dip-de-sensi-maria-florencia,María Florencia De Sensi,Diputados nacionales,Buenos Aires,DE SENSI MARIA FLORENCIA,b47eca6f1dfa5821,identidad_confirmada_cruce_oficial,2018,Anual,0,412112,MINISTERIO DE SEGURIDAD -SEGURIDAD PROVINCIAL,Diputada Nacional por la Provincia de Buenos Aires,3220000.00,0.00,0.00,375450.00,https://datos.jus.gob.ar/dataset/declaraciones-juradas-patrimoniales-integrales,sí · identidad confirmada
dip-de-sensi-maria-florencia,María Florencia De Sensi,Diputados nacionales,Buenos Aires,DE SENSI MARIA FLORENCIA,b47eca6f1dfa5821,identidad_confirmada_cruce_oficial,2020,Anual,0,540537,MINISTERIO PUBLICO DE LA CIUDAD AUTONOMA DE BUENOS,Candidata a Diputada Nacional por PBA,0.00,0.00,0.00,.2000000.00,https://datos.jus.gob.ar/dataset/declaraciones-juradas-patrimoniales-integrales,sí · identidad confirmada
dip-de-sensi-maria-florencia,María Florencia De Sensi,Diputados nacionales,Buenos Aires,DE SENSI MARIA FLORENCIA,b47eca6f1dfa5821,identidad_confirmada_cruce_oficial,2023,Anual,0,737789,CONSEJO DE LA MAGISTRATURA DE LA CIUDAD AUTONOMA D,PROSECRETARIA ADMINISTRATIVA,62756281.26,0.00,13175017.72,13564406.71,https://datos.jus.gob.ar/dataset/declaraciones-juradas-patrimoniales-integrales,sí · identidad confirmada
dip-de-sensi-maria-florencia,María Florencia De Sensi,Diputados nacionales,Buenos Aires,DE SENSI MARIA FLORENCIA,b47eca6f1dfa5821,identidad_confirmada_cruce_oficial,2024,Anual,0,801105,,DIPUTADA DE LA NACION,65475489.55,12975621.48,10256413.19,84776644.58,https://datos.jus.gob.ar/dataset/declaraciones-juradas-patrimoniales-integrales,sí · identidad confirmada
dip-del-cano-nicolas,Nicolás del Caño,Diputados nacionales,Buenos Aires,DEL CAÑO NICOLAS,f30792fb93440493,identidad_confirmada_cruce_oficial,2017,Anual,0,332058,,DIPUTADO NACIONAL,260937.52,0.00,1034.44,0.00,https://datos.jus.gob.ar/dataset/declaraciones-juradas-patrimoniales-integrales,sí · identidad confirmada
dip-del-cano-nicolas,Nicolás del Caño,Diputados nacionales,Buenos Aires,DEL CAÑO NICOLAS,f30792fb93440493,identidad_confirmada_cruce_oficial,2018,Anual,0,394930,,Diputado Nacional,303580.49,0.00,42642.97,1315598.93,https://datos.jus.gob.ar/dataset/declaraciones-juradas-patrimoniales-integrales,sí · identidad confirmada
dip-del-cano-nicolas,Nicolás del Caño,Diputados nacionales,Buenos Aires,DEL CAÑO NICOLAS,f30792fb93440493,identidad_confirmada_cruce_oficial,2019,Anual,0,444671,,Diputado Nacional,776217.56,0.00,441387.04,2327203.72,https://datos.jus.gob.ar/dataset/declaraciones-juradas-patrimoniales-integrales,sí · identidad confirmada
dip-del-cano-nicolas,Nicolás del Caño,Diputados nacionales,Buenos Aires,DEL CAÑO NICOLAS,f30792fb93440493,identidad_confirmada_cruce_oficial,2020,Anual,0,499101,,Diputado Nacional,1542100.25,0.00,767146.44,1953407.34,https://datos.jus.gob.ar/dataset/declaraciones-juradas-patrimoniales-integrales,sí · identidad confirmada
dip-del-cano-nicolas,Nicolás del Caño,Diputados nacionales,Buenos Aires,DEL CAÑO NICOLAS,f30792fb93440493,identidad_confirmada_cruce_oficial,2021,Anual,0,600746,,diputado nacional,1578243.07,0.00,36142.82,1119052.72,https://datos.jus.gob.ar/dataset/declaraciones-juradas-patrimoniales-integrales,sí · identidad confirmada
dip-del-cano-nicolas,Nicolás del Caño,Diputados nacionales,Buenos Aires,DEL CAÑO NICOLAS,f30792fb93440493,identidad_confirmada_cruce_oficial,2022,Anual,2,667840,,Diputado nacional,2486113.15,0.00,907870.08,4210609.02,https://datos.jus.gob.ar/dataset/declaraciones-juradas-patrimoniales-integrales,sí · identidad confirmada
dip-del-cano-nicolas,Nicolás del Caño,Diputados nacionales,Buenos Aires,DEL CAÑO NICOLAS,f30792fb93440493,identidad_confirmada_cruce_oficial,2023,Anual,0,741184,,DIPUTADO NACIONAL,5525909.96,0.00,30397960.00,11641338.96,https://datos.jus.gob.ar/dataset/declaraciones-juradas-patrimoniales-integrales,sí · identidad confirmada
dip-del-cano-nicolas,Nicolás del Caño,Diputados nacionales,Buenos Aires,DEL CAÑO NICOLAS,f30792fb93440493,identidad_confirmada_cruce_oficial,2024,Anual,0,811919,,DIPUTADO NACIONAL,5874188.09,0.00,339071.25,28145212.09,https://datos.jus.gob.ar/dataset/declaraciones-juradas-patrimoniales-integrales,sí · identidad confirmada
dip-del-pla-romina,Romina Del Plá,Diputados nacionales,Buenos Aires,DEL PLA ROMINA,e79e78e9f03e5e85,identidad_confirmada_cruce_oficial,2017,Anual,0,272913,,DIPUTADA NACIONAL,6141890.00,0.00,0.00,3000000.00,https://datos.jus.gob.ar/dataset/declaraciones-juradas-patrimoniales-integrales,sí · identidad confirmada
dip-del-pla-romina,Romina Del Plá,Diputados nacionales,Buenos Aires,DEL PLA ROMINA,e79e78e9f03e5e85,identidad_confirmada_cruce_oficial,2018,Anual,0,409100,,DIPUTADA NACIONAL,285681.74,0.00,0.00,10200000.00,https://datos.jus.gob.ar/dataset/declaraciones-juradas-patrimoniales-integrales,sí · identidad confirmada
dip-del-pla-romina,Romina Del Plá,Diputados nacionales,Buenos Aires,DEL PLA ROMINA,e79e78e9f03e5e85,identidad_confirmada_cruce_oficial,2019,Anual,0,444481,,DIPUTADA NACIONAL,4153530.00,0.00,0.00,14040000.00,https://datos.jus.gob.ar/dataset/declaraciones-juradas-patrimoniales-integrales,sí · identidad confirmada
dip-del-pla-romina,Romina Del Plá,Diputados nacionales,Buenos Aires,DEL PLA ROMINA,e79e78e9f03e5e85,identidad_confirmada_cruce_oficial,2020,Anual,0,540415,,Diputada Nacional,5349700.00,0.00,0.00,11700000.00,https://datos.jus.gob.ar/dataset/declaraciones-juradas-patrimoniales-integrales,sí · identidad confirmada
dip-del-pla-romina,Romina Del Plá,Diputados nacionales,Buenos Aires,DEL PLA ROMINA,e79e78e9f03e5e85,identidad_confirmada_cruce_oficial,2021,Inicial,0,546054,,Diputada Nacional,8053810.00,0.00,0.00,0.00,https://datos.jus.gob.ar/dataset/declaraciones-juradas-patrimoniales-integrales,sí · identidad confirmada
dip-del-pla-romina,Romina Del Plá,Diputados nacionales,Buenos Aires,DEL PLA ROMINA,e79e78e9f03e5e85,identidad_confirmada_cruce_oficial,2023,Baja,0,700411,UNIVERSIDAD DE BUENOS AIRES,DIPUTADA NACIONAL,6434480.92,0.00,4568541.13,12327698.30,https://datos.jus.gob.ar/dataset/declaraciones-juradas-patrimoniales-integrales,sí · identidad confirmada
dip-del-pla-romina,Romina Del Plá,Diputados nacionales,Buenos Aires,DEL PLA ROMINA,e79e78e9f03e5e85,identidad_confirmada_cruce_oficial,2024,Anual,0,820747,,Diputada Nacional,599620000.00,0.00,0.00,222778000.00,https://datos.jus.gob.ar/dataset/declaraciones-juradas-patrimoniales-integrales,sí · identidad confirmada
dip-diaz-fernanda,Fernanda Díaz,Diputados nacionales,Buenos Aires,DIAZ FERNANDA,8267bfbd7a3936f6,identidad_confirmada_cruce_oficial,2024,Anual,0,824504,,DIPUTADA NACIONAL,14883620.49,16213507.50,4301841.82,47991140.18,https://datos.jus.gob.ar/dataset/declaraciones-juradas-patrimoniales-integrales,sí · identidad confirmada
dip-emma-nicolas,Nicolás Emma,Diputados nacionales,Ciudad De Buenos Aires,EMMA NICOLAS MARIO,e2a7399827e94af9,identidad_confirmada_cruce_oficial,2023,Anual,0,743881,HONORABLE CAMARA DE DIPUTADOS DE LA NACION,DIPUTADO NACIONAL POR LA CIUDAD DE BUENOS AIRES,4884281.82,2018329.44,0.00,852680.51,https://datos.jus.gob.ar/dataset/declaraciones-juradas-patrimoniales-integrales,sí · identidad confirmada
dip-emma-nicolas,Nicolás Emma,Diputados nacionales,Ciudad De Buenos Aires,EMMA NICOLAS MARIO,e2a7399827e94af9,identidad_confirmada_cruce_oficial,2024,Anual,0,784464,HONORABLE CAMARA DE DIPUTADOS DE LA NACION,DIPUTADO NACIONAL POR LA CIUDAD DE BUENOS AIRES,36333890.74,245000000.00,5710658.83,15896188.61,https://datos.jus.gob.ar/dataset/declaraciones-juradas-patrimoniales-integrales,sí · identidad confirmada
dip-estevez-gabriela-beatriz,Gabriela Beatriz Estévez,Diputados nacionales,Cordoba,ESTEVEZ GABRIELA BEATRIZ,eab9b3bc5eef63bc,identidad_confirmada_cruce_oficial,2017,Anual,0,276751,HONORABLE CAMARA DE DIPUTADOS DE LA NACION,Diputada Nacional,1202059.40,1063478.12,0.00,1355893.07,https://datos.jus.gob.ar/dataset/declaraciones-juradas-patrimoniales-integrales,sí · identidad confirmada
dip-estevez-gabriela-beatriz,Gabriela Beatriz Estévez,Diputados nacionales,Cordoba,ESTEVEZ GABRIELA BEATRIZ,eab9b3bc5eef63bc,identidad_confirmada_cruce_oficial,2018,Anual,1,402014,HONORABLE CAMARA DE DIPUTADOS DE LA NACION,Diputada Nacional,1813408.50,6430000.00,5569500.00,2012268.74,https://datos.jus.gob.ar/dataset/declaraciones-juradas-patrimoniales-integrales,sí · identidad confirmada
dip-estevez-gabriela-beatriz,Gabriela Beatriz Estévez,Diputados nacionales,Cordoba,ESTEVEZ GABRIELA BEATRIZ,eab9b3bc5eef63bc,identidad_confirmada_cruce_oficial,2019,Anual,0,472503,HONORABLE CAMARA DE DIPUTADOS DE LA NACION,DIPUTADA NACIONAL,1741959.81,5850000.00,588668.84,1702095.05,https://datos.jus.gob.ar/dataset/declaraciones-juradas-patrimoniales-integrales,sí · identidad confirmada
dip-estevez-gabriela-beatriz,Gabriela Beatriz Estévez,Diputados nacionales,Cordoba,ESTEVEZ GABRIELA BEATRIZ,eab9b3bc5eef63bc,identidad_confirmada_cruce_oficial,2020,Anual,0,509494,HONORABLE CAMARA DE DIPUTADOS DE LA NACION,DIPUTADA NACIONAL,2728358.50,1011404.46,417251.32,1493149.29,https://datos.jus.gob.ar/dataset/declaraciones-juradas-patrimoniales-integrales,sí · identidad confirmada
dip-estevez-gabriela-beatriz,Gabriela Beatriz Estévez,Diputados nacionales,Cordoba,ESTEVEZ GABRIELA BEATRIZ,eab9b3bc5eef63bc,identidad_confirmada_cruce_oficial,2021,Anual,0,566812,HONORABLE CAMARA DE DIPUTADOS DE LA NACION,DIPUTADA NACIONAL,2773402.75,11195000.00,574539.46,1809082.54,https://datos.jus.gob.ar/dataset/declaraciones-juradas-patrimoniales-integrales,sí · identidad confirmada
dip-estevez-gabriela-beatriz,Gabriela Beatriz Estévez,Diputados nacionales,Cordoba,ESTEVEZ GABRIELA BEATRIZ,eab9b3bc5eef63bc,identidad_confirmada_cruce_oficial,2022,Anual,0,661294,HONORABLE CAMARA DE DIPUTADOS DE LA NACION,DIPUTADA NACIONAL,4207867.65,5020000.00,1434464.90,3497371.94,https://datos.jus.gob.ar/dataset/declaraciones-juradas-patrimoniales-integrales,sí · identidad confirmada
dip-estevez-gabriela-beatriz,Gabriela Beatriz Estévez,Diputados nacionales,Cordoba,ESTEVEZ GABRIELA BEATRIZ,eab9b3bc5eef63bc,identidad_confirmada_cruce_oficial,2023,Anual,0,718182,HONORABLE CAMARA DE DIPUTADOS DE LA NACION,DIPUTADA NACIONAL,314262300.00,2940000.00,4509724.38,11136251.20,https://datos.jus.gob.ar/dataset/declaraciones-juradas-patrimoniales-integrales,sí · identidad confirmada
dip-estevez-gabriela-beatriz,Gabriela Beatriz Estévez,Diputados nacionales,Cordoba,ESTEVEZ GABRIELA BEATRIZ,eab9b3bc5eef63bc,identidad_confirmada_cruce_oficial,2024,Anual,0,805974,HONORABLE CAMARA DE DIPUTADOS DE LA NACION,DIPUTADA NACIONAL,398423100.00,18476349.42,0.00,13882895.25,https://datos.jus.gob.ar/dataset/declaraciones-juradas-patrimoniales-integrales,sí · identidad confirmada
dip-falcone-eduardo,Eduardo Falcone,Diputados nacionales,Buenos Aires,FALCONE EDUARDO GABRIEL,f4d533b2d78f6cb9,revision_manual_identidad,2022,Anual,2,685875,,,547875760.00,0.00,74690700.00,38340750.00,https://datos.jus.gob.ar/dataset/declaraciones-juradas-patrimoniales-integrales,no · identidad pendiente
dip-falcone-eduardo,Eduardo Falcone,Diputados nacionales,Buenos Aires,FALCONE EDUARDO GABRIEL,f4d533b2d78f6cb9,revision_manual_identidad,2023,Inicial,0,685868,SOCIEDAD ARGENTINA DE AUTORES Y COMPOSITORES DE MU,DIPUTADO NACIONAL,0.00,0.00,0.00,0.00,https://datos.jus.gob.ar/dataset/declaraciones-juradas-patrimoniales-integrales,no · identidad pendiente
dip-fargosi-alejandro,Alejandro Fargosi,Diputados nacionales,Ciudad De Buenos Aires,FARGOSI ALEJANDRO EDUARDO,4cdff9e6be5c3210,identidad_confirmada_cruce_oficial,2024,Anual,0,823124,,DIPUTADO NACIONAL,347467502.61,58171888.22,52359432.31,45048146.65,https://datos.jus.gob.ar/dataset/declaraciones-juradas-patrimoniales-integrales,sí · identidad confirmada
dip-farias-pablo,Pablo Farías,Diputados nacionales,Santa Fe,FARIAS PABLO GUSTAVO,716bae744f13a4c6,identidad_confirmada_cruce_oficial,2024,Anual,0,828387,,DIPUTADO NACIONAL,68312135.72,84010000.00,8464726.74,132373694.25,https://datos.jus.gob.ar/dataset/declaraciones-juradas-patrimoniales-integrales,sí · identidad confirmada
dip-felix-emir,Emir Félix,Diputados nacionales,Mendoza,FELIX EMIR ROBERTO,945216c0a75aeea6,revision_manual_identidad,2024,Anual,0,826072,,DIPUTADO NACIONAL,199816771.25,73698000.00,12672269.77,164875000.00,https://datos.jus.gob.ar/dataset/declaraciones-juradas-patrimoniales-integrales,no · identidad pendiente
dip-fernandez-elia-marina,Elia Marina Fernández,Diputados nacionales,Tucuman,FERNANDEZ ELIA MARINA,851046cd291ed104,identidad_confirmada_cruce_oficial,2023,Anual,0,708388,,DIPUTADA NACIONAL,56674030.91,0.00,1191225.57,8637423.56,https://datos.jus.gob.ar/dataset/declaraciones-juradas-patrimoniales-integrales,sí · identidad confirmada
dip-fernandez-elia-marina,Elia Marina Fernández,Diputados nacionales,Tucuman,FERNANDEZ ELIA MARINA,851046cd291ed104,identidad_confirmada_cruce_oficial,2024,Anual,0,787296,,DIPUTADA NACIONAL,107477936.63,14220967.26,34223462.52,45913600.82,https://datos.jus.gob.ar/dataset/declaraciones-juradas-patrimoniales-integrales,sí · identidad confirmada
dip-fernandez-molero-daiana,Daiana Fernández Molero,Diputados nacionales,Ciudad De Buenos Aires,FERNANDEZ MOLERO DAIANA,007dae953540d2a7,identidad_confirmada_cruce_oficial,2017,Anual,0,314899,MINISTERIO DE PRODUCCION,COORDINADOR DE COMERCIO DE PROXIMIDAD,859718.21,0.00,271163.99,1193097.34,https://datos.jus.gob.ar/dataset/declaraciones-juradas-patrimoniales-integrales,sí · identidad confirmada
dip-fernandez-molero-daiana,Daiana Fernández Molero,Diputados nacionales,Ciudad De Buenos Aires,FERNANDEZ MOLERO DAIANA,007dae953540d2a7,identidad_confirmada_cruce_oficial,2018,Anual,0,379080,MINISTERIO DE PRODUCCION Y TRABAJO,COORDINADOR DE COMERCIO DE PROXIMIDAD,1632586.19,0.00,597529.98,1582407.11,https://datos.jus.gob.ar/dataset/declaraciones-juradas-patrimoniales-integrales,sí · identidad confirmada
dip-fernandez-molero-daiana,Daiana Fernández Molero,Diputados nacionales,Ciudad De Buenos Aires,FERNANDEZ MOLERO DAIANA,007dae953540d2a7,identidad_confirmada_cruce_oficial,2019,Baja,0,418528,MINISTERIO DE ECONOMIA,SUBSECRETARIA DE PROGRAMACION MACROECONOMICA,2751353.34,0.00,719475.71,2147557.19,https://datos.jus.gob.ar/dataset/declaraciones-juradas-patrimoniales-integrales,sí · identidad confirmada
dip-fernandez-molero-daiana,Daiana Fernández Molero,Diputados nacionales,Ciudad De Buenos Aires,FERNANDEZ MOLERO DAIANA,007dae953540d2a7,identidad_confirmada_cruce_oficial,2022,Anual,0,677138,MINISTERIO DE ECONOMIA,SUBSECRETARIA DE PROGRAMACION MACROECONOMICA,11656328.80,0.00,345495.21,66234470.00,https://datos.jus.gob.ar/dataset/declaraciones-juradas-patrimoniales-integrales,sí · identidad confirmada
dip-fernandez-molero-daiana,Daiana Fernández Molero,Diputados nacionales,Ciudad De Buenos Aires,FERNANDEZ MOLERO DAIANA,007dae953540d2a7,identidad_confirmada_cruce_oficial,2023,Anual,0,728451,LEGISLATURA DE LA CIUDAD AUTONOMA DE BUENOS AIRES,: DIPUTADO NACIONAL POR LA CIUDAD DE BUENOS AIRES,108928656.84,0.00,86819239.68,5398752.51,https://datos.jus.gob.ar/dataset/declaraciones-juradas-patrimoniales-integrales,sí · identidad confirmada
dip-fernandez-molero-daiana,Daiana Fernández Molero,Diputados nacionales,Ciudad De Buenos Aires,FERNANDEZ MOLERO DAIANA,007dae953540d2a7,identidad_confirmada_cruce_oficial,2024,Anual,0,803118,LEGISLATURA DE LA CIUDAD AUTONOMA DE BUENOS AIRES,DIPUTADO NACIONAL POR LA CIUDAD DE BUENOS AIRES,146063942.45,0.00,0.00,45741477.88,https://datos.jus.gob.ar/dataset/declaraciones-juradas-patrimoniales-integrales,sí · identidad confirmada
dip-ferran-abelardo,Abelardo Ferrán,Diputados nacionales,La Pampa,FERRAN ABELARDO MARIO,a97a1cc2a56a441e,revision_manual_identidad,2017,Anual,0,280663,UNIVERSIDAD NACIONAL DE LA PAMPA,SECRETARIO ADMINISTRATIVO,559836.92,0.00,1051707.40,964041.30,https://datos.jus.gob.ar/dataset/declaraciones-juradas-patrimoniales-integrales,no · identidad pendiente
dip-ferran-abelardo,Abelardo Ferrán,Diputados nacionales,La Pampa,FERRAN ABELARDO MARIO,a97a1cc2a56a441e,revision_manual_identidad,2018,Anual,0,388290,UNIVERSIDAD NACIONAL DE LA PAMPA,DECANO,969117.34,0.00,0.00,1194827.68,https://datos.jus.gob.ar/dataset/declaraciones-juradas-patrimoniales-integrales,no · identidad pendiente
dip-ferran-abelardo,Abelardo Ferrán,Diputados nacionales,La Pampa,FERRAN ABELARDO MARIO,a97a1cc2a56a441e,revision_manual_identidad,2019,Anual,0,456358,UNIVERSIDAD NACIONAL DE LA PAMPA,DECANO,1092618.26,0.00,0.00,1726313.45,https://datos.jus.gob.ar/dataset/declaraciones-juradas-patrimoniales-integrales,no · identidad pendiente
dip-ferran-abelardo,Abelardo Ferrán,Diputados nacionales,La Pampa,FERRAN ABELARDO MARIO,a97a1cc2a56a441e,revision_manual_identidad,2020,Anual,0,519105,UNIVERSIDAD NACIONAL DE LA PAMPA,DECANO,1644330.51,0.00,1780020.25,2331732.50,https://datos.jus.gob.ar/dataset/declaraciones-juradas-patrimoniales-integrales,no · identidad pendiente
dip-ferran-abelardo,Abelardo Ferrán,Diputados nacionales,La Pampa,FERRAN ABELARDO MARIO,a97a1cc2a56a441e,revision_manual_identidad,2021,Anual,0,590975,UNIVERSIDAD NACIONAL DE LA PAMPA,DECANO,2620681.49,0.00,0.00,3365895.39,https://datos.jus.gob.ar/dataset/declaraciones-juradas-patrimoniales-integrales,no · identidad pendiente
dip-ferran-abelardo,Abelardo Ferrán,Diputados nacionales,La Pampa,FERRAN ABELARDO MARIO,a97a1cc2a56a441e,revision_manual_identidad,2022,Anual,0,663403,UNIVERSIDAD NACIONAL DE LA PAMPA,DECANO,5125897.57,0.00,4196469.18,6701685.26,https://datos.jus.gob.ar/dataset/declaraciones-juradas-patrimoniales-integrales,no · identidad pendiente
dip-ferran-abelardo,Abelardo Ferrán,Diputados nacionales,La Pampa,FERRAN ABELARDO MARIO,a97a1cc2a56a441e,revision_manual_identidad,2023,Anual,0,738161,UNIVERSIDAD NACIONAL DE LA PAMPA,DECANO,20073974.05,70000000.00,0.00,16129592.28,https://datos.jus.gob.ar/dataset/declaraciones-juradas-patrimoniales-integrales,no · identidad pendiente
dip-ferran-abelardo,Abelardo Ferrán,Diputados nacionales,La Pampa,FERRAN ABELARDO MARIO,a97a1cc2a56a441e,revision_manual_identidad,2024,Anual,0,809045,UNIVERSIDAD NACIONAL DE LA PAMPA O. P.,DECANO,41238202.93,3378776.61,9282210.03,25067662.30,https://datos.jus.gob.ar/dataset/declaraciones-juradas-patrimoniales-integrales,no · identidad pendiente
dip-ferraro-maximiliano,Maximiliano Ferraro,Diputados nacionales,Ciudad De Buenos Aires,FERRARO MAXIMILIANO,729cbca664d3e171,identidad_confirmada_cruce_oficial,2018,Anual,0,413787,,,1043993.70,18549.40,0.00,1426966.44,https://datos.jus.gob.ar/dataset/declaraciones-juradas-patrimoniales-integrales,sí · identidad confirmada
dip-ferraro-maximiliano,Maximiliano Ferraro,Diputados nacionales,Ciudad De Buenos Aires,FERRARO MAXIMILIANO,729cbca664d3e171,identidad_confirmada_cruce_oficial,2019,Anual,0,466737,HONORABLE CAMARA DE DIPUTADOS DE LA NACION,diputado nacional,1495062.68,236574.52,5280.00,.2950323.84,https://datos.jus.gob.ar/dataset/declaraciones-juradas-patrimoniales-integrales,sí · identidad confirmada
dip-ferraro-maximiliano,Maximiliano Ferraro,Diputados nacionales,Ciudad De Buenos Aires,FERRARO MAXIMILIANO,729cbca664d3e171,identidad_confirmada_cruce_oficial,2020,Anual,0,514631,HONORABLE CAMARA DE DIPUTADOS DE LA NACION,diputado nacional,1950668.21,54602.96,7020970.00,.2874948.95,https://datos.jus.gob.ar/dataset/declaraciones-juradas-patrimoniales-integrales,sí · identidad confirmada
dip-ferraro-maximiliano,Maximiliano Ferraro,Diputados nacionales,Ciudad De Buenos Aires,FERRARO MAXIMILIANO,729cbca664d3e171,identidad_confirmada_cruce_oficial,2021,Anual,0,559898,,diputado nacional,1953721.31,55659.89,0.00,.3559494.68,https://datos.jus.gob.ar/dataset/declaraciones-juradas-patrimoniales-integrales,sí · identidad confirmada
dip-ferraro-maximiliano,Maximiliano Ferraro,Diputados nacionales,Ciudad De Buenos Aires,FERRARO MAXIMILIANO,729cbca664d3e171,identidad_confirmada_cruce_oficial,2022,Anual,0,659066,HONORABLE CAMARA DE DIPUTADOS DE LA NACION,diputado nacional,2596945.78,232317.07,160049.41,35425450.00,https://datos.jus.gob.ar/dataset/declaraciones-juradas-patrimoniales-integrales,sí · identidad confirmada
dip-ferraro-maximiliano,Maximiliano Ferraro,Diputados nacionales,Ciudad De Buenos Aires,FERRARO MAXIMILIANO,729cbca664d3e171,identidad_confirmada_cruce_oficial,2023,Anual,0,740076,,diputado nacional,5942925.69,926002.10,0.00,10559718.13,https://datos.jus.gob.ar/dataset/declaraciones-juradas-patrimoniales-integrales,sí · identidad confirmada
dip-ferraro-maximiliano,Maximiliano Ferraro,Diputados nacionales,Ciudad De Buenos Aires,FERRARO MAXIMILIANO,729cbca664d3e171,identidad_confirmada_cruce_oficial,2024,Anual,0,812591,,diputado nacional,12538985.92,2264584.62,0.00,41720304.96,https://datos.jus.gob.ar/dataset/declaraciones-juradas-patrimoniales-integrales,sí · identidad confirmada
dip-ferreyra-alida,Alida Ferreyra,Diputados nacionales,Ciudad De Buenos Aires,FERREYRA ALIDA MONICA,e887a4e479d2e351,revision_manual_identidad,2022,Anual,1,677549,,DIPUTADA,0.00,2996270.00,0.00,1570000.00,https://datos.jus.gob.ar/dataset/declaraciones-juradas-patrimoniales-integrales,no · identidad pendiente
dip-ferreyra-alida,Alida Ferreyra,Diputados nacionales,Ciudad De Buenos Aires,FERREYRA ALIDA MONICA,e887a4e479d2e351,revision_manual_identidad,2023,Inicial,0,677109,,DIPUTADA,0.00,0.00,0.00,0.00,https://datos.jus.gob.ar/dataset/declaraciones-juradas-patrimoniales-integrales,no · identidad pendiente
dip-ferreyra-alida,Alida Ferreyra,Diputados nacionales,Ciudad De Buenos Aires,FERREYRA ALIDA MONICA,e887a4e479d2e351,revision_manual_identidad,2024,Inicial,0,718943,FERREYRA ALIDA MONICA,DIPUTADA DE LA NACION (CARGO ACTUAL),0.00,0.00,0.00,0.00,https://datos.jus.gob.ar/dataset/declaraciones-juradas-patrimoniales-integrales,no · identidad pendiente
dip-finocchiaro-alejandro,Alejandro Finocchiaro,Diputados nacionales,Buenos Aires,FINOCCHIARO ALEJANDRO OSCAR,0cd159cd7e746afe,identidad_confirmada_cruce_oficial,2017,Anual,0,328355,MINISTERIO DE EDUCACION,MINISTRO DE EDUCACION,8632666.77,0.00,517478.63,2309927.52,https://datos.jus.gob.ar/dataset/declaraciones-juradas-patrimoniales-integrales,sí · identidad confirmada
dip-finocchiaro-alejandro,Alejandro Finocchiaro,Diputados nacionales,Buenos Aires,FINOCCHIARO ALEJANDRO OSCAR,0cd159cd7e746afe,identidad_confirmada_cruce_oficial,2018,Anual,0,371699,MINISTERIO DE EDUCACION,MINISTRO DE EDUCACION,113297270.00,0.00,1514125.54,3348821.82,https://datos.jus.gob.ar/dataset/declaraciones-juradas-patrimoniales-integrales,sí · identidad confirmada
dip-finocchiaro-alejandro,Alejandro Finocchiaro,Diputados nacionales,Buenos Aires,FINOCCHIARO ALEJANDRO OSCAR,0cd159cd7e746afe,identidad_confirmada_cruce_oficial,2019,Anual,0,448128,MINISTERIO DE EDUCACION,MINISTRO DE EDUCACION,16562739.45,0.00,2249997.75,4611616.43,https://datos.jus.gob.ar/dataset/declaraciones-juradas-patrimoniales-integrales,sí · identidad confirmada
dip-finocchiaro-alejandro,Alejandro Finocchiaro,Diputados nacionales,Buenos Aires,FINOCCHIARO ALEJANDRO OSCAR,0cd159cd7e746afe,identidad_confirmada_cruce_oficial,2020,Anual,1,540261,,DIPUTADO NACIONAL,19693834.61,146551.78,2729900.32,2650076.75,https://datos.jus.gob.ar/dataset/declaraciones-juradas-patrimoniales-integrales,sí · identidad confirmada
dip-finocchiaro-alejandro,Alejandro Finocchiaro,Diputados nacionales,Buenos Aires,FINOCCHIARO ALEJANDRO OSCAR,0cd159cd7e746afe,identidad_confirmada_cruce_oficial,2021,Anual,0,585735,HONORABLE CAMARA DE DIPUTADOS DE LA NACION,DIPUTADO NACIONAL,49309480.49,464132.62,28779520.76,3630772.17,https://datos.jus.gob.ar/dataset/declaraciones-juradas-patrimoniales-integrales,sí · identidad confirmada
dip-finocchiaro-alejandro,Alejandro Finocchiaro,Diputados nacionales,Buenos Aires,FINOCCHIARO ALEJANDRO OSCAR,0cd159cd7e746afe,identidad_confirmada_cruce_oficial,2022,Anual,1,667170,HONORABLE CAMARA DE DIPUTADOS DE LA NACION,DIPUTADO NACIONAL,86880872.18,3407500.00,29898206.87,11122454.86,https://datos.jus.gob.ar/dataset/declaraciones-juradas-patrimoniales-integrales,sí · identidad confirmada
dip-finocchiaro-alejandro,Alejandro Finocchiaro,Diputados nacionales,Buenos Aires,FINOCCHIARO ALEJANDRO OSCAR,0cd159cd7e746afe,identidad_confirmada_cruce_oficial,2023,Anual,0,733772,HONORABLE CAMARA DE DIPUTADOS DE LA NACION,DIPUTADO NACIONAL,138076741.04,1978070.00,32904513.03,26721398.89,https://datos.jus.gob.ar/dataset/declaraciones-juradas-patrimoniales-integrales,sí · identidad confirmada
dip-finocchiaro-alejandro,Alejandro Finocchiaro,Diputados nacionales,Buenos Aires,FINOCCHIARO ALEJANDRO OSCAR,0cd159cd7e746afe,identidad_confirmada_cruce_oficial,2024,Anual,0,787036,HONORABLE CAMARA DE DIPUTADOS DE LA NACION,DIPUTADO NACIONAL,277791960.40,0.00,94936302.20,63073650.98,https://datos.jus.gob.ar/dataset/declaraciones-juradas-patrimoniales-integrales,sí · identidad confirmada
dip-frade-monica,Mónica Frade,Diputados nacionales,Buenos Aires,FRADE MONICA EDITH,bc2ef5b8f4a9ee49,identidad_confirmada_cruce_oficial,2018,Anual,0,413438,,FUNC. PUBLICA CATEGOR.A-3-T -BLOQUE COALIC.CIVICA,2643098.10,0.00,161852.65,1012209.61,https://datos.jus.gob.ar/dataset/declaraciones-juradas-patrimoniales-integrales,sí · identidad confirmada
dip-frade-monica,Mónica Frade,Diputados nacionales,Buenos Aires,FRADE MONICA EDITH,bc2ef5b8f4a9ee49,identidad_confirmada_cruce_oficial,2019,Anual,0,444017,FRADE MONICA EDITH,ABOGADA,3605240.84,0.00,825905.25,1329033.98,https://datos.jus.gob.ar/dataset/declaraciones-juradas-patrimoniales-integrales,sí · identidad confirmada
dip-frade-monica,Mónica Frade,Diputados nacionales,Buenos Aires,FRADE MONICA EDITH,bc2ef5b8f4a9ee49,identidad_confirmada_cruce_oficial,2020,Anual,0,503906,FRADE MONICA EDITH,ABOGADA,3595381.56,0.00,0.00,2354827.38,https://datos.jus.gob.ar/dataset/declaraciones-juradas-patrimoniales-integrales,sí · identidad confirmada
dip-frade-monica,Mónica Frade,Diputados nacionales,Buenos Aires,FRADE MONICA EDITH,bc2ef5b8f4a9ee49,identidad_confirmada_cruce_oficial,2021,Anual,0,596659,HONORABLE CAMARA DE DIPUTADOS DE LA NACION,DIPUTADA NACION,4666137.35,0.00,0.00,3049493.57,https://datos.jus.gob.ar/dataset/declaraciones-juradas-patrimoniales-integrales,sí · identidad confirmada
dip-frade-monica,Mónica Frade,Diputados nacionales,Buenos Aires,FRADE MONICA EDITH,bc2ef5b8f4a9ee49,identidad_confirmada_cruce_oficial,2022,Anual,0,643954,HONORABLE CAMARA DE DIPUTADOS DE LA NACION,DIPUTADA NACION,10033115.72,0.00,0.00,5713648.98,https://datos.jus.gob.ar/dataset/declaraciones-juradas-patrimoniales-integrales,sí · identidad confirmada
dip-frade-monica,Mónica Frade,Diputados nacionales,Buenos Aires,FRADE MONICA EDITH,bc2ef5b8f4a9ee49,identidad_confirmada_cruce_oficial,2023,Anual,0,707715,HONORABLE CAMARA DE DIPUTADOS DE LA NACION,DIPUTADA NACION,55556746.70,0.00,6357121.24,13897961.69,https://datos.jus.gob.ar/dataset/declaraciones-juradas-patrimoniales-integrales,sí · identidad confirmada
dip-frade-monica,Mónica Frade,Diputados nacionales,Buenos Aires,FRADE MONICA EDITH,bc2ef5b8f4a9ee49,identidad_confirmada_cruce_oficial,2024,Anual,0,797853,HONORABLE CAMARA DE DIPUTADOS DE LA NACION,DIPUTADA NACION,87585548.96,0.00,12080970.26,40579024.19,https://datos.jus.gob.ar/dataset/declaraciones-juradas-patrimoniales-integrales,sí · identidad confirmada
dip-fregonese-alicia,Alicia Fregonese,Diputados nacionales,Entre Rios,FREGONESE ALICIA MARIA,ab9b00ebd58ca640,identidad_confirmada_cruce_oficial,2017,Anual,0,286455,HONORABLE CAMARA DE DIPUTADOS DE LA NACION,DIPUTADO NACIONAL,352090.88,0.00,7547.79,0.00,https://datos.jus.gob.ar/dataset/declaraciones-juradas-patrimoniales-integrales,sí · identidad confirmada
dip-fregonese-alicia,Alicia Fregonese,Diputados nacionales,Entre Rios,FREGONESE ALICIA MARIA,ab9b00ebd58ca640,identidad_confirmada_cruce_oficial,2018,Anual,0,407805,HONORABLE CAMARA DE DIPUTADOS DE LA NACION,DIPUTADO NACIONAL,811375.14,0.00,0.00,1068572.18,https://datos.jus.gob.ar/dataset/declaraciones-juradas-patrimoniales-integrales,sí · identidad confirmada
dip-fregonese-alicia,Alicia Fregonese,Diputados nacionales,Entre Rios,FREGONESE ALICIA MARIA,ab9b00ebd58ca640,identidad_confirmada_cruce_oficial,2019,Anual,0,433625,,,1192387.41,0.00,699000.34,2463224.31,https://datos.jus.gob.ar/dataset/declaraciones-juradas-patrimoniales-integrales,sí · identidad confirmada
dip-fregonese-alicia,Alicia Fregonese,Diputados nacionales,Entre Rios,FREGONESE ALICIA MARIA,ab9b00ebd58ca640,identidad_confirmada_cruce_oficial,2020,Anual,0,523146,HONORABLE CAMARA DE DIPUTADOS DE LA NACION,DIPUTADA NACIONAL,2227521.20,0.00,722917.15,1523242.87,https://datos.jus.gob.ar/dataset/declaraciones-juradas-patrimoniales-integrales,sí · identidad confirmada
dip-fregonese-alicia,Alicia Fregonese,Diputados nacionales,Entre Rios,FREGONESE ALICIA MARIA,ab9b00ebd58ca640,identidad_confirmada_cruce_oficial,2021,Baja,0,682096,,,2726388.42,295982.08,1409085.88,1907953.10,https://datos.jus.gob.ar/dataset/declaraciones-juradas-patrimoniales-integrales,sí · identidad confirmada
dip-freites-andrea,Andrea Freites,Diputados nacionales,Tierra Del Fuego,FREITES ANDREA GRACIELA,41464f21e8979a10,identidad_confirmada_cruce_oficial,2023,Anual,0,753307,HONORABLE CAMARA DE DIPUTADOS DE LA NACION,Diputado Nacional,30781370.36,8233089.19,4099171.90,18610232.56,https://datos.jus.gob.ar/dataset/declaraciones-juradas-patrimoniales-integrales,sí · identidad confirmada
dip-frias-maira,Maira Frias,Diputados nacionales,Chubut,FRIAS MAIRA RAQUEL,8a0d0d30dcdb1b4f,identidad_confirmada_cruce_oficial,2018,Anual,0,413071,,DIPUTADA NACIONAL,0.00,0.00,0.00,0.00,https://datos.jus.gob.ar/dataset/declaraciones-juradas-patrimoniales-integrales,sí · identidad confirmada
dip-frias-maira,Maira Frias,Diputados nacionales,Chubut,FRIAS MAIRA RAQUEL,8a0d0d30dcdb1b4f,identidad_confirmada_cruce_oficial,2024,Anual,0,791382,ADMINISTRACION NACIONAL DE LA SEGURIDAD SOCIAL ANS,jefa de oficina,81121970.00,0.00,0.00,0.00,https://datos.jus.gob.ar/dataset/declaraciones-juradas-patrimoniales-integrales,sí · identidad confirmada
dip-galmarini-sebastian,Sebastián Galmarini,Diputados nacionales,Buenos Aires,GALMARINI SEBASTIAN,065e23421025743f,identidad_confirmada_cruce_oficial,2021,Anual,0,589190,BANCO DE LA PROVINCIA DE BUENOS AIRES,DIRECTOR BANCO PROVINCIA,64637388.31,0.00,4529103.01,20020781.01,https://datos.jus.gob.ar/dataset/declaraciones-juradas-patrimoniales-integrales,sí · identidad confirmada
dip-galmarini-sebastian,Sebastián Galmarini,Diputados nacionales,Buenos Aires,GALMARINI SEBASTIAN,065e23421025743f,identidad_confirmada_cruce_oficial,2024,Anual,0,824600,BANCO DE LA PROVINCIA DE BUENOS AIRES,DIPUTADO NACIONAL,467294286.86,0.00,60138279.98,254304134.83,https://datos.jus.gob.ar/dataset/declaraciones-juradas-patrimoniales-integrales,sí · identidad confirmada
dip-garcia-carlos,Carlos García,Diputados nacionales,Chaco,GARCIA CARLOS DANIEL,24fc20286595f8a4,identidad_confirmada_cruce_oficial,2022,Inicial,0,677635,,DIPUTADO NACIONAL,42306000.00,0.00,0.00,0.00,https://datos.jus.gob.ar/dataset/declaraciones-juradas-patrimoniales-integrales,sí · identidad confirmada
dip-garcia-carlos,Carlos García,Diputados nacionales,Chaco,GARCIA CARLOS DANIEL,24fc20286595f8a4,identidad_confirmada_cruce_oficial,2024,Inicial,0,690570,,DIPUTADO NACIONAL,42306000.00,0.00,0.00,0.00,https://datos.jus.gob.ar/dataset/declaraciones-juradas-patrimoniales-integrales,sí · identidad confirmada
dip-garcia-maria-teresa,María Teresa García,Diputados nacionales,Buenos Aires,GARCIA MARIA TERESA,c2df9aac1695ec55,revision_manual_identidad,2017,Anual,0,281056,HONORABLE CAMARA DE SENADORES PCIA BS AS,SENADORA DE LA PROVINCIA DE BUENOS AIRES,3463595.55,0.00,27174.47,1193594.17,https://datos.jus.gob.ar/dataset/declaraciones-juradas-patrimoniales-integrales,no · identidad pendiente
dip-garcia-maria-teresa,María Teresa García,Diputados nacionales,Buenos Aires,GARCIA MARIA TERESA,c2df9aac1695ec55,revision_manual_identidad,2018,Anual,0,376848,HONORABLE CAMARA DE SENADORES PCIA BS AS,SENADORA DE LA PROVINCIA DE BUENOS AIRES,8998837.95,0.00,5799376.17,2054840.46,https://datos.jus.gob.ar/dataset/declaraciones-juradas-patrimoniales-integrales,no · identidad pendiente
dip-garcia-maria-teresa,María Teresa García,Diputados nacionales,Buenos Aires,GARCIA MARIA TERESA,c2df9aac1695ec55,revision_manual_identidad,2019,Baja,0,467952,HONORABLE CAMARA DE SENADORES PCIA BS AS,SENADORA DE LA PROVINCIA DE BUENOS AIRES,2919667.60,0.00,6442839.12,2699249.94,https://datos.jus.gob.ar/dataset/declaraciones-juradas-patrimoniales-integrales,no · identidad pendiente
dip-garcia-maria-teresa,María Teresa García,Diputados nacionales,Buenos Aires,GARCIA MARIA TERESA,c2df9aac1695ec55,revision_manual_identidad,2020,Anual,0,513674,MINISTERIO DE GOBIERNO BS.AS.,MINISTRA DE GOBIERNO,5719208.87,0.00,880868.38,1968458.89,https://datos.jus.gob.ar/dataset/declaraciones-juradas-patrimoniales-integrales,no · identidad pendiente
dip-garcia-maria-teresa,María Teresa García,Diputados nacionales,Buenos Aires,GARCIA MARIA TERESA,c2df9aac1695ec55,revision_manual_identidad,2021,Anual,0,597670,MINISTERIO DE GOBIERNO BS.AS.,MINISTRA DE GOBIERNO DE LA PROVINCIA DE BUENOS AIR,13513362.83,0.00,5677895.03,2116258.93,https://datos.jus.gob.ar/dataset/declaraciones-juradas-patrimoniales-integrales,no · identidad pendiente
dip-garcia-maria-teresa,María Teresa García,Diputados nacionales,Buenos Aires,GARCIA MARIA TERESA,c2df9aac1695ec55,revision_manual_identidad,2022,Anual,0,662132,HONORABLE CAMARA DE SENADORES PCIA BS AS,SENADORA POR LA PROVINCIA DE BUENOS AIRES,29828362.69,0.00,6575789.35,9764094.39,https://datos.jus.gob.ar/dataset/declaraciones-juradas-patrimoniales-integrales,no · identidad pendiente
dip-garcia-maria-teresa,María Teresa García,Diputados nacionales,Buenos Aires,GARCIA MARIA TERESA,c2df9aac1695ec55,revision_manual_identidad,2023,Anual,0,717359,HONORABLE CAMARA DE SENADORES PCIA BS AS,SENADORA POR LA PROVINCIA DE BUENOS AIRES,83415909.44,0.00,31018577.31,22568969.44,https://datos.jus.gob.ar/dataset/declaraciones-juradas-patrimoniales-integrales,no · identidad pendiente
dip-garcia-maria-teresa,María Teresa García,Diputados nacionales,Buenos Aires,GARCIA MARIA TERESA,c2df9aac1695ec55,revision_manual_identidad,2024,Anual,0,808756,HONORABLE CAMARA DE SENADORES PCIA BS AS,SENADORA POR LA PROVINCIA DE BUENOS AIRES,157691105.34,0.00,36839008.38,37436187.52,https://datos.jus.gob.ar/dataset/declaraciones-juradas-patrimoniales-integrales,no · identidad pendiente
dip-garcia-alvaro,Álvaro García,Diputados nacionales,Buenos Aires,GARCIA ALVARO,2cb302b8e2a70a23,identidad_confirmada_cruce_oficial,2018,Anual,0,583641,FONDO COMPENSADOR PARAJUBILADOS Y PENSIONADOS TELE,Sindico fondo compensador jubil y pens telefónicos,46823382.85,8100000.00,6078872.74,.30520.54,https://datos.jus.gob.ar/dataset/declaraciones-juradas-patrimoniales-integrales,sí · identidad confirmada
dip-garcia-alvaro,Álvaro García,Diputados nacionales,Buenos Aires,GARCIA ALVARO,2cb302b8e2a70a23,identidad_confirmada_cruce_oficial,2019,Anual,0,583674,FONDO COMPENSADOR PARAJUBILADOS Y PENSIONADOS TELE,FONDO COMPENSADOR PARAJUBILADOS Y PENSIONADOS TELE,82656527.32,1500000.00,10391518.81,1269809.97,https://datos.jus.gob.ar/dataset/declaraciones-juradas-patrimoniales-integrales,sí · identidad confirmada
dip-garcia-alvaro,Álvaro García,Diputados nacionales,Buenos Aires,GARCIA ALVARO,2cb302b8e2a70a23,identidad_confirmada_cruce_oficial,2020,Anual,0,583725,,,113283299.79,1500000.00,29870702.30,.838311.65,https://datos.jus.gob.ar/dataset/declaraciones-juradas-patrimoniales-integrales,sí · identidad confirmada
dip-garcia-alvaro,Álvaro García,Diputados nacionales,Buenos Aires,GARCIA ALVARO,2cb302b8e2a70a23,identidad_confirmada_cruce_oficial,2021,Anual,0,583749,FONDO COMPENSADOR PARAJUBILADOS Y PENSIONADOS TELE,Sindico Fondo Compensador jubil y pens telefónicos,137002595.64,1500000.00,21347765.07,1107870.46,https://datos.jus.gob.ar/dataset/declaraciones-juradas-patrimoniales-integrales,sí · identidad confirmada
dip-garcia-alvaro,Álvaro García,Diputados nacionales,Buenos Aires,GARCIA ALVARO,2cb302b8e2a70a23,identidad_confirmada_cruce_oficial,2022,Baja,0,604731,FONDO COMPENSADOR PARAJUBILADOS Y PENSIONADOS TELE,Síndico fondo compensador jubil y pens telefónicos,152099010.30,1500000.00,13356642.66,0.00,https://datos.jus.gob.ar/dataset/declaraciones-juradas-patrimoniales-integrales,sí · identidad confirmada
dip-garcia-aresca-ignacio,Ignacio García Aresca,Diputados nacionales,Cordoba,GARCIA ARESCA IGNACIO JOSE,aa659cf476c022ff,identidad_confirmada_cruce_oficial,2021,Anual,0,610016,GARCIA ARESCA IGNACIO JOSE,DIPUTADO NACIONAL,65365753.10,109678800.00,1793128.74,14698063.95,https://datos.jus.gob.ar/dataset/declaraciones-juradas-patrimoniales-integrales,sí · identidad confirmada
dip-garcia-aresca-ignacio,Ignacio García Aresca,Diputados nacionales,Cordoba,GARCIA ARESCA IGNACIO JOSE,aa659cf476c022ff,identidad_confirmada_cruce_oficial,2022,Anual,0,663765,GARCIA ARESCA IGNACIO JOSE,DIPUTADO NACIONAL,110817646.39,40000000.00,9180465.63,28249459.87,https://datos.jus.gob.ar/dataset/declaraciones-juradas-patrimoniales-integrales,sí · identidad confirmada
dip-garcia-aresca-ignacio,Ignacio García Aresca,Diputados nacionales,Cordoba,GARCIA ARESCA IGNACIO JOSE,aa659cf476c022ff,identidad_confirmada_cruce_oficial,2023,Anual,0,729773,GARCIA ARESCA IGNACIO JOSE,DIPUTADO NACIONAL,355440581.61,25000000.00,53947085.34,97216254.33,https://datos.jus.gob.ar/dataset/declaraciones-juradas-patrimoniales-integrales,sí · identidad confirmada
dip-garrido-jose-luis,José Luis Garrido,Diputados nacionales,Santa Cruz,GARRIDO JOSE LUIS,5a57ab293748e90e,identidad_confirmada_cruce_oficial,2023,Inicial,0,687973,HONORABLE CAMARA DE DIPUTADOS DE LA NACION,DIPUTADO NACIONAL,106121691.81,0.00,0.00,0.00,https://datos.jus.gob.ar/dataset/declaraciones-juradas-patrimoniales-integrales,sí · identidad confirmada
dip-garrido-jose-luis,José Luis Garrido,Diputados nacionales,Santa Cruz,GARRIDO JOSE LUIS,5a57ab293748e90e,identidad_confirmada_cruce_oficial,2024,Anual,0,798630,HONORABLE CAMARA DE DIPUTADOS DE LA NACION,DIPUTADO NACIONAL,152217676.54,2853401.75,17340410.86,46733445.86,https://datos.jus.gob.ar/dataset/declaraciones-juradas-patrimoniales-integrales,sí · identidad confirmada
dip-giampieri-antonela,Antonela Giampieri,Diputados nacionales,Ciudad De Buenos Aires,GIAMPIERI ANTONELA,0475183257f27009,revision_manual_identidad,2024,Anual,0,822771,,,116120070.00,0.00,10266250.00,25981534.58,https://datos.jus.gob.ar/dataset/declaraciones-juradas-patrimoniales-integrales,no · identidad pendiente
dip-giordano-juan-carlos,Juan Carlos Giordano,Diputados nacionales,Buenos Aires,GIORDANO JUAN CARLOS,,revision_manual_identidad,2017,Anual,0,323493,GIORDANO JUAN CARLOS,ENCARGADO TITULAR REGISTRO AUTOMOTOR 1 CDA DE GÓME,5804755.37,18072890.00,0.00,11609480.00,https://datos.jus.gob.ar/dataset/declaraciones-juradas-patrimoniales-integrales,no · identidad pendiente
dip-giordano-juan-carlos,Juan Carlos Giordano,Diputados nacionales,Buenos Aires,GIORDANO JUAN CARLOS,,revision_manual_identidad,2018,Anual,0,413575,,Diputado Nacional,159107.64,0.00,792.99,540084.87,https://datos.jus.gob.ar/dataset/declaraciones-juradas-patrimoniales-integrales,no · identidad pendiente
dip-giordano-juan-carlos,Juan Carlos Giordano,Diputados nacionales,Buenos Aires,GIORDANO JUAN CARLOS,,revision_manual_identidad,2019,Anual,0,442276,GIORDANO JUAN CARLOS,ENCARGADO TITULAR REGISTRO AUTOMOTOR 1 CDA DE GÓME,11776952.48,20671810.00,2580477.24,14682370.00,https://datos.jus.gob.ar/dataset/declaraciones-juradas-patrimoniales-integrales,no · identidad pendiente
dip-giordano-juan-carlos,Juan Carlos Giordano,Diputados nacionales,Buenos Aires,GIORDANO JUAN CARLOS,,revision_manual_identidad,2020,Anual,0,496958,GIORDANO JUAN CARLOS,ENCARGADO TITULAR REGISTRO AUTOMOTOR 1 CDA DE GÓME,18365013.07,13455990.00,1131669.19,1439152.34,https://datos.jus.gob.ar/dataset/declaraciones-juradas-patrimoniales-integrales,no · identidad pendiente
dip-giordano-juan-carlos,Juan Carlos Giordano,Diputados nacionales,Buenos Aires,GIORDANO JUAN CARLOS,,revision_manual_identidad,2021,Anual,0,572205,GIORDANO JUAN CARLOS,ENCARGADO TITULAR REGISTRO AUTOMOTOR 1 CDA DE GÓME,22810927.95,13954410.00,2494678.88,2911274.67,https://datos.jus.gob.ar/dataset/declaraciones-juradas-patrimoniales-integrales,no · identidad pendiente
dip-giordano-juan-carlos,Juan Carlos Giordano,Diputados nacionales,Buenos Aires,GIORDANO JUAN CARLOS,,revision_manual_identidad,2022,Anual,0,676920,,DIPUTADO NACIONAL,19892290.00,0.00,635086.50,2949476.12,https://datos.jus.gob.ar/dataset/declaraciones-juradas-patrimoniales-integrales,no · identidad pendiente
dip-giordano-juan-carlos,Juan Carlos Giordano,Diputados nacionales,Buenos Aires,GIORDANO JUAN CARLOS,,revision_manual_identidad,2023,Anual,0,759388,GIORDANO JUAN CARLOS,ENCARGADO TITULAR REGISTRO AUTOMOTOR 1 CDA DE GÓME,117013262.35,135079610.00,41969192.98,95066010.00,https://datos.jus.gob.ar/dataset/declaraciones-juradas-patrimoniales-integrales,no · identidad pendiente
dip-giordano-juan-carlos,Juan Carlos Giordano,Diputados nacionales,Buenos Aires,GIORDANO JUAN CARLOS,,revision_manual_identidad,2024,Anual,0,819796,,DIPUTADO NACIONAL,13321844.64,0.00,0.00,21924731.48,https://datos.jus.gob.ar/dataset/declaraciones-juradas-patrimoniales-integrales,no · identidad pendiente
dip-giudici-silvana,Silvana Giudici,Diputados nacionales,Ciudad De Buenos Aires,GIUDICI SILVANA MYRIAM,1b88aa5e26d137bd,identidad_confirmada_cruce_oficial,2017,Anual,0,269037,ENTE NACIONAL DE COMUNICACIONES,SUBSECRETARIO ENTE NACIONAL DE COMUNICACIONES,982788.77,237600.00,0.00,1309430.80,https://datos.jus.gob.ar/dataset/declaraciones-juradas-patrimoniales-integrales,sí · identidad confirmada
dip-giudici-silvana,Silvana Giudici,Diputados nacionales,Ciudad De Buenos Aires,GIUDICI SILVANA MYRIAM,1b88aa5e26d137bd,identidad_confirmada_cruce_oficial,2018,Anual,0,367679,ENTE NACIONAL DE COMUNICACIONES,Presidenta Ente Nacional de Comunicaciones,1359449.71,0.00,46666.03,1906356.83,https://datos.jus.gob.ar/dataset/declaraciones-juradas-patrimoniales-integrales,sí · identidad confirmada
dip-giudici-silvana,Silvana Giudici,Diputados nacionales,Ciudad De Buenos Aires,GIUDICI SILVANA MYRIAM,1b88aa5e26d137bd,identidad_confirmada_cruce_oficial,2019,Baja,0,418802,ENTE NACIONAL DE COMUNICACIONES,Presidenta Ente Nacional de Comunicaciones,1870953.12,0.00,45104.32,3173967.79,https://datos.jus.gob.ar/dataset/declaraciones-juradas-patrimoniales-integrales,sí · identidad confirmada
dip-giudici-silvana,Silvana Giudici,Diputados nacionales,Ciudad De Buenos Aires,GIUDICI SILVANA MYRIAM,1b88aa5e26d137bd,identidad_confirmada_cruce_oficial,2020,Anual,0,533191,ENTE NACIONAL DE COMUNICACIONES,Directora,3299684.51,0.00,43767.01,360021.26,https://datos.jus.gob.ar/dataset/declaraciones-juradas-patrimoniales-integrales,sí · identidad confirmada
dip-giudici-silvana,Silvana Giudici,Diputados nacionales,Ciudad De Buenos Aires,GIUDICI SILVANA MYRIAM,1b88aa5e26d137bd,identidad_confirmada_cruce_oficial,2021,Anual,1,613818,ENTE NACIONAL DE COMUNICACIONES,DIRECTORA,10672394.43,0.00,6954950.39,30925200.00,https://datos.jus.gob.ar/dataset/declaraciones-juradas-patrimoniales-integrales,sí · identidad confirmada
dip-giudici-silvana,Silvana Giudici,Diputados nacionales,Ciudad De Buenos Aires,GIUDICI SILVANA MYRIAM,1b88aa5e26d137bd,identidad_confirmada_cruce_oficial,2022,Anual,2,675835,ENTE NACIONAL DE COMUNICACIONES,Directora,18737516.06,0.00,6530454.32,9486300.77,https://datos.jus.gob.ar/dataset/declaraciones-juradas-patrimoniales-integrales,sí · identidad confirmada
dip-giudici-silvana,Silvana Giudici,Diputados nacionales,Ciudad De Buenos Aires,GIUDICI SILVANA MYRIAM,1b88aa5e26d137bd,identidad_confirmada_cruce_oficial,2023,Anual,0,725977,ENTE NACIONAL DE COMUNICACIONES,DIRECTORA,50158297.68,12609020.00,18139161.83,30883498.58,https://datos.jus.gob.ar/dataset/declaraciones-juradas-patrimoniales-integrales,sí · identidad confirmada
dip-giudici-silvana,Silvana Giudici,Diputados nacionales,Ciudad De Buenos Aires,GIUDICI SILVANA MYRIAM,1b88aa5e26d137bd,identidad_confirmada_cruce_oficial,2024,Anual,0,785360,HONORABLE CAMARA DE DIPUTADOS DE LA NACION,Diputada nacional,101905165.53,0.00,48093578.97,39145276.38,https://datos.jus.gob.ar/dataset/declaraciones-juradas-patrimoniales-integrales,sí · identidad confirmada
dip-glinski-jose,José Glinski,Diputados nacionales,Chubut,GLINSKI JOSE ALEJANDRO,be9972a4598d8ceb,identidad_confirmada_cruce_oficial,2020,Anual,0,604153,POLICIA DE SEGURIDAD AEROPORTUARIA,Director Nacional Policía de Seg. Aeroportuaria,5383176.44,1582835.26,438360.80,3021331.09,https://datos.jus.gob.ar/dataset/declaraciones-juradas-patrimoniales-integrales,sí · identidad confirmada
dip-glinski-jose,José Glinski,Diputados nacionales,Chubut,GLINSKI JOSE ALEJANDRO,be9972a4598d8ceb,identidad_confirmada_cruce_oficial,2021,Anual,0,605170,POLICIA DE SEGURIDAD AEROPORTUARIA,Director Nacional Policía de Seg. Aeroportuaria,5638439.81,1214237.74,863479.02,3897109.27,https://datos.jus.gob.ar/dataset/declaraciones-juradas-patrimoniales-integrales,sí · identidad confirmada
dip-glinski-jose,José Glinski,Diputados nacionales,Chubut,GLINSKI JOSE ALEJANDRO,be9972a4598d8ceb,identidad_confirmada_cruce_oficial,2022,Anual,0,682044,POLICIA DE SEGURIDAD AEROPORTUARIA,Director Nacional Policía de Seg. Aeroportuaria,7687164.30,2575993.20,1079913.37,7982409.65,https://datos.jus.gob.ar/dataset/declaraciones-juradas-patrimoniales-integrales,sí · identidad confirmada
dip-glinski-jose,José Glinski,Diputados nacionales,Chubut,GLINSKI JOSE ALEJANDRO,be9972a4598d8ceb,identidad_confirmada_cruce_oficial,2023,Anual,0,736253,HONORABLE CAMARA DE DIPUTADOS DE LA NACION,DIPUTADO NACIONAL,15016937.61,2402060.03,4435263.68,20775831.10,https://datos.jus.gob.ar/dataset/declaraciones-juradas-patrimoniales-integrales,sí · identidad confirmada
dip-glinski-jose,José Glinski,Diputados nacionales,Chubut,GLINSKI JOSE ALEJANDRO,be9972a4598d8ceb,identidad_confirmada_cruce_oficial,2024,Anual,0,787314,HONORABLE CAMARA DE DIPUTADOS DE LA NACION,DIPUTADO NACIONAL,32949239.97,24364226.43,2012370.94,43753469.05,https://datos.jus.gob.ar/dataset/declaraciones-juradas-patrimoniales-integrales,sí · identidad confirmada
dip-gomez-jose,José Gomez,Diputados nacionales,Santiago Del Estero,GOMEZ JOSE EDGARDO,1ced57f0d0101114,identidad_confirmada_cruce_oficial,2020,Anual,0,540102,,CANDIDATO A PRIMER SUPLENTE DE DIPUTADO NACIONAL,58623350.00,300000.00,0.00,1369481.21,https://datos.jus.gob.ar/dataset/declaraciones-juradas-patrimoniales-integrales,sí · identidad confirmada
dip-gomez-jose,José Gomez,Diputados nacionales,Santiago Del Estero,GOMEZ JOSE EDGARDO,1ced57f0d0101114,identidad_confirmada_cruce_oficial,2022,Inicial,0,676675,EMPRESA DISTRIBUIDORA DE ELECTRICIDAD DESANTIAGO D,DIPUTADO NACIONAL,300000000.00,0.00,0.00,0.00,https://datos.jus.gob.ar/dataset/declaraciones-juradas-patrimoniales-integrales,sí · identidad confirmada
dip-gomez-jose,José Gomez,Diputados nacionales,Santiago Del Estero,GOMEZ JOSE EDGARDO,1ced57f0d0101114,identidad_confirmada_cruce_oficial,2023,Anual,0,709956,EMPRESA DISTRIBUIDORA DE ELECTRICIDAD DESANTIAGO D,Diputado Nacional,846491110.00,0.00,12018673.70,12167784.70,https://datos.jus.gob.ar/dataset/declaraciones-juradas-patrimoniales-integrales,sí · identidad confirmada
dip-gomez-jose,José Gomez,Diputados nacionales,Santiago Del Estero,GOMEZ JOSE EDGARDO,1ced57f0d0101114,identidad_confirmada_cruce_oficial,2024,Anual,0,771756,,Diputado Nacional,1294359290.00,0.00,7023831.71,40674140.29,https://datos.jus.gob.ar/dataset/declaraciones-juradas-patrimoniales-integrales,sí · identidad confirmada
dip-gonzalez-gerardo-gustavo,Gerardo Gustavo González,Diputados nacionales,Formosa,GONZALEZ GERARDO GUSTAVO,9d38ef6592d40c77,identidad_confirmada_cruce_oficial,2022,Anual,0,677165,,DIPUTADO NACIONAL TITULAR PRIMER LUGAR,40000000.00,0.00,0.00,0.00,https://datos.jus.gob.ar/dataset/declaraciones-juradas-patrimoniales-integrales,sí · identidad confirmada
dip-gonzalez-gerardo-gustavo,Gerardo Gustavo González,Diputados nacionales,Formosa,GONZALEZ GERARDO GUSTAVO,9d38ef6592d40c77,identidad_confirmada_cruce_oficial,2023,Inicial,0,687906,,,180671350.00,0.00,0.00,0.00,https://datos.jus.gob.ar/dataset/declaraciones-juradas-patrimoniales-integrales,sí · identidad confirmada
dip-gonzalez-gerardo-gustavo,Gerardo Gustavo González,Diputados nacionales,Formosa,GONZALEZ GERARDO GUSTAVO,9d38ef6592d40c77,identidad_confirmada_cruce_oficial,2024,Anual,0,804772,,,24069078.86,0.00,0.00,50245243.02,https://datos.jus.gob.ar/dataset/declaraciones-juradas-patrimoniales-integrales,sí · identidad confirmada
dip-gonzalez-alvaro,Álvaro González,Diputados nacionales,Ciudad De Buenos Aires,GONZALEZ ALVARO GUSTAVO,a8a2c6ae6d411a72,identidad_confirmada_cruce_oficial,2017,Anual,0,327819,HONORABLE CAMARA DE DIPUTADOS DE LA NACION,DIPUTADO NACIONAL,14101541.66,26929810.00,4242478.74,2060235.72,https://datos.jus.gob.ar/dataset/declaraciones-juradas-patrimoniales-integrales,sí · identidad confirmada
dip-gonzalez-alvaro,Álvaro González,Diputados nacionales,Ciudad De Buenos Aires,GONZALEZ ALVARO GUSTAVO,a8a2c6ae6d411a72,identidad_confirmada_cruce_oficial,2018,Anual,0,397490,HONORABLE CAMARA DE DIPUTADOS DE LA NACION,DIPUTADO NACIONAL,24174245.66,3806480.13,9537593.46,2566141.18,https://datos.jus.gob.ar/dataset/declaraciones-juradas-patrimoniales-integrales,sí · identidad confirmada
dip-gonzalez-alvaro,Álvaro González,Diputados nacionales,Ciudad De Buenos Aires,GONZALEZ ALVARO GUSTAVO,a8a2c6ae6d411a72,identidad_confirmada_cruce_oficial,2019,Anual,0,450960,HONORABLE CAMARA DE DIPUTADOS DE LA NACION,DIPUTADO NACIONAL,45346622.88,6382142.35,19827674.50,3135811.25,https://datos.jus.gob.ar/dataset/declaraciones-juradas-patrimoniales-integrales,sí · identidad confirmada
dip-gonzalez-alvaro,Álvaro González,Diputados nacionales,Ciudad De Buenos Aires,GONZALEZ ALVARO GUSTAVO,a8a2c6ae6d411a72,identidad_confirmada_cruce_oficial,2020,Anual,0,516123,HONORABLE CAMARA DE DIPUTADOS DE LA NACION,DIPUTADO NACIONAL,61831770.51,10129653.05,15627094.41,3166165.88,https://datos.jus.gob.ar/dataset/declaraciones-juradas-patrimoniales-integrales,sí · identidad confirmada
dip-gonzalez-alvaro,Álvaro González,Diputados nacionales,Ciudad De Buenos Aires,GONZALEZ ALVARO GUSTAVO,a8a2c6ae6d411a72,identidad_confirmada_cruce_oficial,2021,Anual,0,564775,HONORABLE CAMARA DE DIPUTADOS DE LA NACION,DIPUTADO NACIONAL,113508474.87,20226135.51,50946150.60,3829073.64,https://datos.jus.gob.ar/dataset/declaraciones-juradas-patrimoniales-integrales,sí · identidad confirmada
dip-gonzalez-alvaro,Álvaro González,Diputados nacionales,Ciudad De Buenos Aires,GONZALEZ ALVARO GUSTAVO,a8a2c6ae6d411a72,identidad_confirmada_cruce_oficial,2022,Anual,0,637309,HONORABLE CAMARA DE DIPUTADOS DE LA NACION,DIPUTADO NACIONAL,208828156.98,27627926.80,94873400.55,6624661.31,https://datos.jus.gob.ar/dataset/declaraciones-juradas-patrimoniales-integrales,sí · identidad confirmada
dip-gonzalez-alvaro,Álvaro González,Diputados nacionales,Ciudad De Buenos Aires,GONZALEZ ALVARO GUSTAVO,a8a2c6ae6d411a72,identidad_confirmada_cruce_oficial,2023,Anual,0,724764,HONORABLE CAMARA DE DIPUTADOS DE LA NACION,DIPUTADO NACIONAL,617478884.21,49061546.83,373795237.22,23523043.57,https://datos.jus.gob.ar/dataset/declaraciones-juradas-patrimoniales-integrales,sí · identidad confirmada
dip-gonzalez-alvaro,Álvaro González,Diputados nacionales,Ciudad De Buenos Aires,GONZALEZ ALVARO GUSTAVO,a8a2c6ae6d411a72,identidad_confirmada_cruce_oficial,2024,Anual,0,795789,HONORABLE CAMARA DE DIPUTADOS DE LA NACION,DIPUTADO NACIONAL,1186847243.98,116908416.60,434821167.57,47368161.41,https://datos.jus.gob.ar/dataset/declaraciones-juradas-patrimoniales-integrales,sí · identidad confirmada
dip-grabois-juan,Juan Grabois,Diputados nacionales,Buenos Aires,GRABOIS JUAN,002d428d158ef0c2,revision_manual_identidad,2024,Anual,0,822499,,,11077784.62,0.00,0.00,132551700.00,https://datos.jus.gob.ar/dataset/declaraciones-juradas-patrimoniales-integrales,no · identidad pendiente
dip-gruber-maura,Maura Gruber,Diputados nacionales,Misiones,GRUBER MAURA ESTER,ffaa9223c0512667,identidad_confirmada_cruce_oficial,2024,Anual,0,821704,,DIPUTADO NACIONAL,60500000.00,0.00,0.00,0.00,https://datos.jus.gob.ar/dataset/declaraciones-juradas-patrimoniales-integrales,sí · identidad confirmada
dip-gutierrez-carlos,Carlos Gutiérrez,Diputados nacionales,Cordoba,GUTIERREZ CARLOS MARIO,21184a5df7ac16f7,identidad_confirmada_cruce_oficial,2018,Anual,0,413795,,DIPUTADO NACIONAL,7165600.65,28746.14,2183062.85,1691851.25,https://datos.jus.gob.ar/dataset/declaraciones-juradas-patrimoniales-integrales,sí · identidad confirmada
dip-gutierrez-carlos,Carlos Gutiérrez,Diputados nacionales,Cordoba,GUTIERREZ CARLOS MARIO,21184a5df7ac16f7,identidad_confirmada_cruce_oficial,2019,Anual,0,450942,HONORABLE CAMARA DE DIPUTADOS DE LA NACION,DIPUTADO NACIONAL,11651998.74,0.00,2971911.31,2290943.76,https://datos.jus.gob.ar/dataset/declaraciones-juradas-patrimoniales-integrales,sí · identidad confirmada
dip-gutierrez-carlos,Carlos Gutiérrez,Diputados nacionales,Cordoba,GUTIERREZ CARLOS MARIO,21184a5df7ac16f7,identidad_confirmada_cruce_oficial,2020,Anual,0,524677,HONORABLE CAMARA DE DIPUTADOS DE LA NACION,DIPUTADO NACIONAL,14474712.98,0.00,1538571.39,2213815.64,https://datos.jus.gob.ar/dataset/declaraciones-juradas-patrimoniales-integrales,sí · identidad confirmada
dip-gutierrez-carlos,Carlos Gutiérrez,Diputados nacionales,Cordoba,GUTIERREZ CARLOS MARIO,21184a5df7ac16f7,identidad_confirmada_cruce_oficial,2021,Anual,0,606797,HONORABLE CAMARA DE DIPUTADOS DE LA NACION,DIPUTADO NACIONAL,22813633.78,0.00,3430426.48,3195362.21,https://datos.jus.gob.ar/dataset/declaraciones-juradas-patrimoniales-integrales,sí · identidad confirmada
dip-gutierrez-carlos,Carlos Gutiérrez,Diputados nacionales,Cordoba,GUTIERREZ CARLOS MARIO,21184a5df7ac16f7,identidad_confirmada_cruce_oficial,2022,Anual,0,656407,HONORABLE CAMARA DE DIPUTADOS DE LA NACION,DIPUTADO NACIONAL,39303710.49,0.00,6169140.65,5803936.14,https://datos.jus.gob.ar/dataset/declaraciones-juradas-patrimoniales-integrales,sí · identidad confirmada
dip-gutierrez-carlos,Carlos Gutiérrez,Diputados nacionales,Cordoba,GUTIERREZ CARLOS MARIO,21184a5df7ac16f7,identidad_confirmada_cruce_oficial,2023,Anual,0,713677,HONORABLE CAMARA DE DIPUTADOS DE LA NACION,DIPUTADO NACIONAL,133506952.09,0.00,859185500.00,16214890.45,https://datos.jus.gob.ar/dataset/declaraciones-juradas-patrimoniales-integrales,sí · identidad confirmada
dip-gutierrez-carlos,Carlos Gutiérrez,Diputados nacionales,Cordoba,GUTIERREZ CARLOS MARIO,21184a5df7ac16f7,identidad_confirmada_cruce_oficial,2024,Anual,0,795216,HONORABLE CAMARA DE DIPUTADOS DE LA NACION,DIPUTADO NACIONAL,284096461.09,8898809.10,81387007.12,41514706.48,https://datos.jus.gob.ar/dataset/declaraciones-juradas-patrimoniales-integrales,sí · identidad confirmada
dip-guzman-jairo,Jairo Guzmán,Diputados nacionales,Santa Cruz,GUZMAN JAIRO HENOCH,3921b2448e356a14,revision_manual_identidad,2024,Anual,0,814649,,,0.00,0.00,0.00,45233489.37,https://datos.jus.gob.ar/dataset/declaraciones-juradas-patrimoniales-integrales,no · identidad pendiente
dip-hagman-itai,Itai Hagman,Diputados nacionales,Ciudad De Buenos Aires,HAGMAN ITAI,9f14c4c0df5e3e88,identidad_confirmada_cruce_oficial,2018,Anual,0,413860,,,1903860.20,0.00,809197.69,3600000.00,https://datos.jus.gob.ar/dataset/declaraciones-juradas-patrimoniales-integrales,sí · identidad confirmada
dip-hagman-itai,Itai Hagman,Diputados nacionales,Ciudad De Buenos Aires,HAGMAN ITAI,9f14c4c0df5e3e88,identidad_confirmada_cruce_oficial,2019,Anual,0,474238,,,4618093.57,0.00,1926625.50,7200000.00,https://datos.jus.gob.ar/dataset/declaraciones-juradas-patrimoniales-integrales,sí · identidad confirmada
dip-hagman-itai,Itai Hagman,Diputados nacionales,Ciudad De Buenos Aires,HAGMAN ITAI,9f14c4c0df5e3e88,identidad_confirmada_cruce_oficial,2020,Anual,0,534274,,,2997549.43,0.00,613131.69,1708104.28,https://datos.jus.gob.ar/dataset/declaraciones-juradas-patrimoniales-integrales,sí · identidad confirmada
dip-hagman-itai,Itai Hagman,Diputados nacionales,Ciudad De Buenos Aires,HAGMAN ITAI,9f14c4c0df5e3e88,identidad_confirmada_cruce_oficial,2021,Anual,0,595392,,,6686469.92,0.00,1666592.29,2064732.35,https://datos.jus.gob.ar/dataset/declaraciones-juradas-patrimoniales-integrales,sí · identidad confirmada
dip-hagman-itai,Itai Hagman,Diputados nacionales,Ciudad De Buenos Aires,HAGMAN ITAI,9f14c4c0df5e3e88,identidad_confirmada_cruce_oficial,2022,Anual,0,673113,HONORABLE CAMARA DE DIPUTADOS DE LA NACION,Diputado de la Nación,13792261.84,0.00,2956650.71,5527591.65,https://datos.jus.gob.ar/dataset/declaraciones-juradas-patrimoniales-integrales,sí · identidad confirmada
dip-hagman-itai,Itai Hagman,Diputados nacionales,Ciudad De Buenos Aires,HAGMAN ITAI,9f14c4c0df5e3e88,identidad_confirmada_cruce_oficial,2023,Anual,0,715103,HONORABLE CAMARA DE DIPUTADOS DE LA NACION,Diputado de la Nación,42647865.48,0.00,185160350.00,14434511.55,https://datos.jus.gob.ar/dataset/declaraciones-juradas-patrimoniales-integrales,sí · identidad confirmada
dip-hagman-itai,Itai Hagman,Diputados nacionales,Ciudad De Buenos Aires,HAGMAN ITAI,9f14c4c0df5e3e88,identidad_confirmada_cruce_oficial,2024,Anual,0,805464,HONORABLE CAMARA DE DIPUTADOS DE LA NACION,Diputado de la Nación,149068010.95,630000000.00,13642019.36,39147076.62,https://datos.jus.gob.ar/dataset/declaraciones-juradas-patrimoniales-integrales,sí · identidad confirmada
dip-hartfield-diego,Diego Hartfield,Diputados nacionales,Misiones,HARTFIELD DIEGO GABRIEL,b52414cf91f21dcb,identidad_confirmada_cruce_oficial,2024,Anual,0,821447,,DIPUTADO,256694397.97,18563674.27,25348225.03,21564575.97,https://datos.jus.gob.ar/dataset/declaraciones-juradas-patrimoniales-integrales,sí · identidad confirmada
dip-holzman-patricia,Patricia Holzman,Diputados nacionales,Ciudad De Buenos Aires,HOLZMAN PATRICIA NOEMI,d2b71dc23e7f5f42,identidad_confirmada_cruce_oficial,2017,Anual,0,320681,MINISTERIO DE AMBIENTE Y DESARROLLO SUSTENTABLE,JEFA GABINETE DE ASESORES,30993860.00,354058.01,0.00,1792119.52,https://datos.jus.gob.ar/dataset/declaraciones-juradas-patrimoniales-integrales,sí · identidad confirmada
dip-holzman-patricia,Patricia Holzman,Diputados nacionales,Ciudad De Buenos Aires,HOLZMAN PATRICIA NOEMI,d2b71dc23e7f5f42,identidad_confirmada_cruce_oficial,2018,Anual,0,379259,SECRETARIA DE GOBIERNO DE AMBIENTE Y DESARROLLO SU,JEFA GABINETE DE ASESORES,5254334.75,366893.14,1596204.31,2137151.09,https://datos.jus.gob.ar/dataset/declaraciones-juradas-patrimoniales-integrales,sí · identidad confirmada
dip-holzman-patricia,Patricia Holzman,Diputados nacionales,Ciudad De Buenos Aires,HOLZMAN PATRICIA NOEMI,d2b71dc23e7f5f42,identidad_confirmada_cruce_oficial,2019,Baja,0,419418,SECRETARIA DE GOBIERNO DE AMBIENTE Y DESARROLLO SU,Jefe de Gabinete Secretaria de Gob Ambiente y Des.,5767832.96,382445.81,935482.87,22526530.00,https://datos.jus.gob.ar/dataset/declaraciones-juradas-patrimoniales-integrales,sí · identidad confirmada
dip-holzman-patricia,Patricia Holzman,Diputados nacionales,Ciudad De Buenos Aires,HOLZMAN PATRICIA NOEMI,d2b71dc23e7f5f42,identidad_confirmada_cruce_oficial,2024,Anual,0,826985,,DIPUTADA NACIONAL,513190577.77,56706828.93,0.00,15325609.82,https://datos.jus.gob.ar/dataset/declaraciones-juradas-patrimoniales-integrales,sí · identidad confirmada
dip-humenuk-gladys,Gladys Humenuk,Diputados nacionales,Buenos Aires,HUMENUK GLADYS NOEMI,070b241946fae885,revision_manual_identidad,2022,Anual,0,676908,SERVICIOS INTEGRALES AMERICA S.A,Senador Nacional,3997514.25,0.00,0.00,3647480.58,https://datos.jus.gob.ar/dataset/declaraciones-juradas-patrimoniales-integrales,no · identidad pendiente
dip-humenuk-gladys,Gladys Humenuk,Diputados nacionales,Buenos Aires,HUMENUK GLADYS NOEMI,070b241946fae885,revision_manual_identidad,2024,Anual,0,803731,CORREO OFICIAL DE LA REPUBLICA ARGENTINA SOCIEDAD,DIRECTORA en Correo Argentino,56282565.64,92973140.00,14431597.53,33118770.00,https://datos.jus.gob.ar/dataset/declaraciones-juradas-patrimoniales-integrales,no · identidad pendiente
dip-ianni-ana-maria,Ana María Ianni,Diputados nacionales,Santa Cruz,IANNI ANA MARIA,2771f2b249ea9448,identidad_confirmada_cruce_oficial,2017,Anual,0,283606,HONORABLE SENADO DE LA NACION,SENADORA NACIONA,2107236.72,0.00,700574.76,612325.79,https://datos.jus.gob.ar/dataset/declaraciones-juradas-patrimoniales-integrales,sí · identidad confirmada
dip-ianni-ana-maria,Ana María Ianni,Diputados nacionales,Santa Cruz,IANNI ANA MARIA,2771f2b249ea9448,identidad_confirmada_cruce_oficial,2018,Anual,0,377886,HONORABLE SENADO DE LA NACION,SENADORA NACIONAL,26967400.00,306194.94,408608.88,1838996.08,https://datos.jus.gob.ar/dataset/declaraciones-juradas-patrimoniales-integrales,sí · identidad confirmada
dip-ianni-ana-maria,Ana María Ianni,Diputados nacionales,Santa Cruz,IANNI ANA MARIA,2771f2b249ea9448,identidad_confirmada_cruce_oficial,2019,Anual,0,445103,HONORABLE SENADO DE LA NACION,SENADORA NACIONAL,1755555.29,905558.77,1029671.15,2512438.36,https://datos.jus.gob.ar/dataset/declaraciones-juradas-patrimoniales-integrales,sí · identidad confirmada
dip-ianni-ana-maria,Ana María Ianni,Diputados nacionales,Santa Cruz,IANNI ANA MARIA,2771f2b249ea9448,identidad_confirmada_cruce_oficial,2020,Anual,0,517869,HONORABLE SENADO DE LA NACION,SENADORA NACIONAL,4563062.76,451469.07,996838.24,2712739.96,https://datos.jus.gob.ar/dataset/declaraciones-juradas-patrimoniales-integrales,sí · identidad confirmada
dip-ianni-ana-maria,Ana María Ianni,Diputados nacionales,Santa Cruz,IANNI ANA MARIA,2771f2b249ea9448,identidad_confirmada_cruce_oficial,2021,Anual,0,563052,HONORABLE SENADO DE LA NACION,SENADORA NACIONAL,10562273.26,1448304.09,3612892.26,3180281.74,https://datos.jus.gob.ar/dataset/declaraciones-juradas-patrimoniales-integrales,sí · identidad confirmada
dip-ianni-ana-maria,Ana María Ianni,Diputados nacionales,Santa Cruz,IANNI ANA MARIA,2771f2b249ea9448,identidad_confirmada_cruce_oficial,2022,Anual,0,641440,HONORABLE SENADO DE LA NACION,SENADORA NACIONAL,26898946.42,1220055.84,7347979.02,5089243.34,https://datos.jus.gob.ar/dataset/declaraciones-juradas-patrimoniales-integrales,sí · identidad confirmada
dip-ianni-ana-maria,Ana María Ianni,Diputados nacionales,Santa Cruz,IANNI ANA MARIA,2771f2b249ea9448,identidad_confirmada_cruce_oficial,2023,Anual,0,728153,HONORABLE CAMARA DE DIPUTADOS DE LA NACION,DIPUTADA NACIONAL,73007455.14,1743565.05,0.00,13317435.58,https://datos.jus.gob.ar/dataset/declaraciones-juradas-patrimoniales-integrales,sí · identidad confirmada
dip-ianni-ana-maria,Ana María Ianni,Diputados nacionales,Santa Cruz,IANNI ANA MARIA,2771f2b249ea9448,identidad_confirmada_cruce_oficial,2024,Anual,0,791863,HONORABLE CAMARA DE DIPUTADOS DE LA NACION,DIPUTADA NACIONAL,159304673.65,13046933.33,66051861.87,41802863.97,https://datos.jus.gob.ar/dataset/declaraciones-juradas-patrimoniales-integrales,sí · identidad confirmada
dip-ibanez-maria-cecilia,María Cecilia Ibañez,Diputados nacionales,Cordoba,IBAÑEZ MARIA CECILIA,33dcc55b8268f703,identidad_confirmada_cruce_oficial,2023,Anual,0,748934,HONORABLE CAMARA DE DIPUTADOS DE LA NACION,DIPUTADA NACIONAL,155066000.00,0.00,0.00,55632330.00,https://datos.jus.gob.ar/dataset/declaraciones-juradas-patrimoniales-integrales,sí · identidad confirmada
dip-ibanez-maria-cecilia,María Cecilia Ibañez,Diputados nacionales,Cordoba,IBAÑEZ MARIA CECILIA,33dcc55b8268f703,identidad_confirmada_cruce_oficial,2024,Anual,0,773496,HONORABLE CAMARA DE DIPUTADOS DE LA NACION,DIPUTADA NACIONAL,335570440.00,0.00,0.00,384898950.00,https://datos.jus.gob.ar/dataset/declaraciones-juradas-patrimoniales-integrales,sí · identidad confirmada
dip-juliano-pablo,Pablo Juliano,Diputados nacionales,Buenos Aires,JULIANO PABLO ADRIAN,82e9e6cf7804aab3,identidad_confirmada_cruce_oficial,2020,Anual,1,687681,,DIPUTADO NACIONAL,675177.50,25286.51,918219.28,643826.39,https://datos.jus.gob.ar/dataset/declaraciones-juradas-patrimoniales-integrales,sí · identidad confirmada
dip-juliano-pablo,Pablo Juliano,Diputados nacionales,Buenos Aires,JULIANO PABLO ADRIAN,82e9e6cf7804aab3,identidad_confirmada_cruce_oficial,2023,Anual,0,757849,,Diputado Nacional,4750000.00,0.00,0.00,0.00,https://datos.jus.gob.ar/dataset/declaraciones-juradas-patrimoniales-integrales,sí · identidad confirmada
dip-juliano-pablo,Pablo Juliano,Diputados nacionales,Buenos Aires,JULIANO PABLO ADRIAN,82e9e6cf7804aab3,identidad_confirmada_cruce_oficial,2024,Anual,1,794082,,Diputado Nacional,39711093.50,168400000.00,13729852.50,0.00,https://datos.jus.gob.ar/dataset/declaraciones-juradas-patrimoniales-integrales,sí · identidad confirmada
dip-kirchner-maximo-carlos,Máximo Carlos Kirchner,Diputados nacionales,Buenos Aires,KIRCHNER MAXIMO CARLOS,8400b7e378d944f9,serie_curada,2017,Anual,1,468165,,DIPUTADO NACIONAL,120374888.11,7829016.36,25871249.14,1443033.73,https://datos.jus.gob.ar/dataset/declaraciones-juradas-patrimoniales-integrales,sí · identidad confirmada
dip-kirchner-maximo-carlos,Máximo Carlos Kirchner,Diputados nacionales,Buenos Aires,KIRCHNER MAXIMO CARLOS,8400b7e378d944f9,serie_curada,2018,Anual,1,468170,,DIPUTADO NACIONAL,191182823.12,8303166.77,16734365.74,1758507.42,https://datos.jus.gob.ar/dataset/declaraciones-juradas-patrimoniales-integrales,sí · identidad confirmada
dip-kirchner-maximo-carlos,Máximo Carlos Kirchner,Diputados nacionales,Buenos Aires,KIRCHNER MAXIMO CARLOS,8400b7e378d944f9,serie_curada,2019,Anual,0,469944,,DIPUTADO NACIONAL,291739213.02,6667097.88,104417587.34,721043.41,https://datos.jus.gob.ar/dataset/declaraciones-juradas-patrimoniales-integrales,sí · identidad confirmada
dip-kirchner-maximo-carlos,Máximo Carlos Kirchner,Diputados nacionales,Buenos Aires,KIRCHNER MAXIMO CARLOS,8400b7e378d944f9,serie_curada,2020,Anual,0,531359,HONORABLE CAMARA DE DIPUTADOS DE LA NACION,DIPUTADO NACIONAL,400841818.69,8936745.35,105071113.62,3176521.81,https://datos.jus.gob.ar/dataset/declaraciones-juradas-patrimoniales-integrales,sí · identidad confirmada
dip-kirchner-maximo-carlos,Máximo Carlos Kirchner,Diputados nacionales,Buenos Aires,KIRCHNER MAXIMO CARLOS,8400b7e378d944f9,serie_curada,2021,Anual,0,597872,HONORABLE CAMARA DE DIPUTADOS DE LA NACION,DIPUTADO NACIONAL,523382019.69,8861563.48,129242223.92,4579713.43,https://datos.jus.gob.ar/dataset/declaraciones-juradas-patrimoniales-integrales,sí · identidad confirmada
dip-kirchner-maximo-carlos,Máximo Carlos Kirchner,Diputados nacionales,Buenos Aires,KIRCHNER MAXIMO CARLOS,8400b7e378d944f9,serie_curada,2022,Anual,0,650311,HONORABLE CAMARA DE DIPUTADOS DE LA NACION,DIPUTADO NACIONAL,1099930211.99,20122538.30,566433091.14,10354132.54,https://datos.jus.gob.ar/dataset/declaraciones-juradas-patrimoniales-integrales,sí · identidad confirmada
dip-kirchner-maximo-carlos,Máximo Carlos Kirchner,Diputados nacionales,Buenos Aires,KIRCHNER MAXIMO CARLOS,8400b7e378d944f9,serie_curada,2023,Anual,0,735140,HONORABLE CAMARA DE DIPUTADOS DE LA NACION,DIPUTADO NACIONAL,4719066772.97,56260297.44,0.00,22865017.15,https://datos.jus.gob.ar/dataset/declaraciones-juradas-patrimoniales-integrales,sí · identidad confirmada
dip-kirchner-maximo-carlos,Máximo Carlos Kirchner,Diputados nacionales,Buenos Aires,KIRCHNER MAXIMO CARLOS,8400b7e378d944f9,serie_curada,2024,Anual,0,788672,HONORABLE CAMARA DE DIPUTADOS DE LA NACION,DIPUTADO NACIONAL,8311567011.23,86963957.66,3550634367.45,67018272.22,https://datos.jus.gob.ar/dataset/declaraciones-juradas-patrimoniales-integrales,sí · identidad confirmada
dip-leiva-aldo,Aldo Leiva,Diputados nacionales,Chaco,LEIVA ALDO ADOLFO,deb2310d0fa82d45,revision_manual_identidad,2018,Anual,1,420559,,Diputa Nacional,13607550.00,0.00,0.00,571722.55,https://datos.jus.gob.ar/dataset/declaraciones-juradas-patrimoniales-integrales,no · identidad pendiente
dip-leiva-aldo,Aldo Leiva,Diputados nacionales,Chaco,LEIVA ALDO ADOLFO,deb2310d0fa82d45,revision_manual_identidad,2019,Anual,0,471580,,DIPUTADO NACIONAL,1265785.85,0.00,0.00,190936.69,https://datos.jus.gob.ar/dataset/declaraciones-juradas-patrimoniales-integrales,no · identidad pendiente
dip-leiva-aldo,Aldo Leiva,Diputados nacionales,Chaco,LEIVA ALDO ADOLFO,deb2310d0fa82d45,revision_manual_identidad,2020,Anual,0,537174,,DIPUTADO NACIONAL,2568696.75,0.00,1302910.90,2493579.70,https://datos.jus.gob.ar/dataset/declaraciones-juradas-patrimoniales-integrales,no · identidad pendiente
dip-leiva-aldo,Aldo Leiva,Diputados nacionales,Chaco,LEIVA ALDO ADOLFO,deb2310d0fa82d45,revision_manual_identidad,2021,Anual,0,609291,,DIPUTADO NACIONAL,7828690.50,18340000.00,376240.25,3172206.31,https://datos.jus.gob.ar/dataset/declaraciones-juradas-patrimoniales-integrales,no · identidad pendiente
dip-leiva-aldo,Aldo Leiva,Diputados nacionales,Chaco,LEIVA ALDO ADOLFO,deb2310d0fa82d45,revision_manual_identidad,2022,Anual,0,675288,,DIPUTADO NACIONAL,12985056.05,269380.10,2315119.91,4139107.61,https://datos.jus.gob.ar/dataset/declaraciones-juradas-patrimoniales-integrales,no · identidad pendiente
dip-leiva-aldo,Aldo Leiva,Diputados nacionales,Chaco,LEIVA ALDO ADOLFO,deb2310d0fa82d45,revision_manual_identidad,2023,Anual,0,751241,,DIPUTADO NACIONAL,35328651.90,0.00,20880248.61,12212884.26,https://datos.jus.gob.ar/dataset/declaraciones-juradas-patrimoniales-integrales,no · identidad pendiente
dip-leiva-aldo,Aldo Leiva,Diputados nacionales,Chaco,LEIVA ALDO ADOLFO,deb2310d0fa82d45,revision_manual_identidad,2024,Anual,0,825976,,DIPUTADO NACIONAL,555824690.00,0.00,20253817.10,31147883.46,https://datos.jus.gob.ar/dataset/declaraciones-juradas-patrimoniales-integrales,no · identidad pendiente
dip-leone-andres,Andrés Leone,Diputados nacionales,Ciudad De Buenos Aires,LEONE ANDRES MARCELO,bfc44805b3df4b1f,identidad_confirmada_cruce_oficial,2022,Anual,0,676842,,Diputado Nacional por CABA,270000000.00,752200.00,0.00,28532770.00,https://datos.jus.gob.ar/dataset/declaraciones-juradas-patrimoniales-integrales,sí · identidad confirmada
dip-leone-andres,Andrés Leone,Diputados nacionales,Ciudad De Buenos Aires,LEONE ANDRES MARCELO,bfc44805b3df4b1f,identidad_confirmada_cruce_oficial,2024,Anual,0,822532,SECRETARIA DE INDUSTRIA Y DESARROLLO PRODUCTIVO,DIPUTADO NACIONAL,995000000.00,672000.00,0.00,151961350.00,https://datos.jus.gob.ar/dataset/declaraciones-juradas-patrimoniales-integrales,sí · identidad confirmada
dip-lluch-enrique,Enrique Lluch,Diputados nacionales,Cordoba,LLUCH ENRIQUE,cc6d2eb79f442e67,revision_manual_identidad,2024,Anual,0,794969,DIRECCION NACIONAL DE VIALIDAD,JEFE DE DISTRITO,22522155.73,0.00,3279858.50,16616668.23,https://datos.jus.gob.ar/dataset/declaraciones-juradas-patrimoniales-integrales,no · identidad pendiente
dip-longo-johanna-sabrina,Johanna Sabrina Longo,Diputados nacionales,Buenos Aires,LONGO JOHANNA SABRINA,465a8eca3fed0c50,identidad_confirmada_cruce_oficial,2022,Anual,0,676490,LONGO JOHANNA SABRINA,DIPUTADO NACIONAL POR LA PROVINCIA DE BUENOS AIRES,5602358.50,0.00,0.00,0.00,https://datos.jus.gob.ar/dataset/declaraciones-juradas-patrimoniales-integrales,sí · identidad confirmada
dip-longo-johanna-sabrina,Johanna Sabrina Longo,Diputados nacionales,Buenos Aires,LONGO JOHANNA SABRINA,465a8eca3fed0c50,identidad_confirmada_cruce_oficial,2024,Anual,0,823065,CORREO OFICIAL DE LA REPUBLICA ARGENTINA SOCIEDAD,CANDIDATA DIPUTADA NACIONAL,18072031.27,0.00,0.00,105272510.00,https://datos.jus.gob.ar/dataset/declaraciones-juradas-patrimoniales-integrales,sí · identidad confirmada
dip-lousteau-martin,Martín Lousteau,Diputados nacionales,Ciudad De Buenos Aires,LOUSTEAU MARTIN,49960983526375d2,revision_manual_identidad,2017,Anual,0,330483,HONORABLE CAMARA DE DIPUTADOS DE LA NACION,DIPUTADO NACIONAL,15063993.05,218603.53,0.00,738143.48,https://datos.jus.gob.ar/dataset/declaraciones-juradas-patrimoniales-integrales,no · identidad pendiente
dip-lousteau-martin,Martín Lousteau,Diputados nacionales,Ciudad De Buenos Aires,LOUSTEAU MARTIN,49960983526375d2,revision_manual_identidad,2018,Anual,0,388182,HONORABLE CAMARA DE DIPUTADOS DE LA NACION,DIPUTADO NACIONAL,54927994.65,406890.00,0.00,2218369.90,https://datos.jus.gob.ar/dataset/declaraciones-juradas-patrimoniales-integrales,no · identidad pendiente
dip-lousteau-martin,Martín Lousteau,Diputados nacionales,Ciudad De Buenos Aires,LOUSTEAU MARTIN,49960983526375d2,revision_manual_identidad,2019,Anual,0,461595,HONORABLE SENADO DE LA NACION,SENADOR NACIONAL,77772471.70,222081.75,0.00,6474460.64,https://datos.jus.gob.ar/dataset/declaraciones-juradas-patrimoniales-integrales,no · identidad pendiente
dip-lousteau-martin,Martín Lousteau,Diputados nacionales,Ciudad De Buenos Aires,LOUSTEAU MARTIN,49960983526375d2,revision_manual_identidad,2020,Anual,0,533006,HONORABLE SENADO DE LA NACION,SENADOR NACIONAL,108384400.27,725874.38,0.00,5153883.13,https://datos.jus.gob.ar/dataset/declaraciones-juradas-patrimoniales-integrales,no · identidad pendiente
dip-lousteau-martin,Martín Lousteau,Diputados nacionales,Ciudad De Buenos Aires,LOUSTEAU MARTIN,49960983526375d2,revision_manual_identidad,2021,Anual,0,588423,HONORABLE SENADO DE LA NACION,SENADOR NACIONAL,162185739.79,5846390.00,0.00,12269803.74,https://datos.jus.gob.ar/dataset/declaraciones-juradas-patrimoniales-integrales,no · identidad pendiente
dip-lousteau-martin,Martín Lousteau,Diputados nacionales,Ciudad De Buenos Aires,LOUSTEAU MARTIN,49960983526375d2,revision_manual_identidad,2022,Anual,0,640406,HONORABLE SENADO DE LA NACION,SENADOR NACIONAL,268162931.80,286422.54,0.00,8903738.02,https://datos.jus.gob.ar/dataset/declaraciones-juradas-patrimoniales-integrales,no · identidad pendiente
dip-lousteau-martin,Martín Lousteau,Diputados nacionales,Ciudad De Buenos Aires,LOUSTEAU MARTIN,49960983526375d2,revision_manual_identidad,2023,Anual,0,744873,HONORABLE SENADO DE LA NACION,SENADOR NACIONAL,1131566796.17,18609932.72,0.00,47649492.74,https://datos.jus.gob.ar/dataset/declaraciones-juradas-patrimoniales-integrales,no · identidad pendiente
dip-lousteau-martin,Martín Lousteau,Diputados nacionales,Ciudad De Buenos Aires,LOUSTEAU MARTIN,49960983526375d2,revision_manual_identidad,2024,Anual,0,807315,HONORABLE SENADO DE LA NACION,SENADOR NACIONAL,1912577841.84,23149715.50,0.00,195904766.16,https://datos.jus.gob.ar/dataset/declaraciones-juradas-patrimoniales-integrales,no · identidad pendiente
dip-luque-juan-pablo,Juan Pablo Luque,Diputados nacionales,Chubut,LUQUE JUAN PABLO,3fecf885a1398e89,revision_manual_identidad,2020,Anual,0,498150,MINISTERIO DE RELACIONES EXTERIORES Y CULTO,CONSEJERO EN EMBAJADA ARGENTINA EN MADRID,9572324.95,0.00,2477393.81,2367054.67,https://datos.jus.gob.ar/dataset/declaraciones-juradas-patrimoniales-integrales,no · identidad pendiente
dip-luque-juan-pablo,Juan Pablo Luque,Diputados nacionales,Chubut,LUQUE JUAN PABLO,3fecf885a1398e89,revision_manual_identidad,2021,Anual,0,578284,MINISTERIO DE RELACIONES EXTERIORES Y CULTO,CONSEJERO EN EMBAJADA ARGENTINA EN MADRID,13210301.58,0.00,724072.36,4800369.93,https://datos.jus.gob.ar/dataset/declaraciones-juradas-patrimoniales-integrales,no · identidad pendiente
dip-luque-juan-pablo,Juan Pablo Luque,Diputados nacionales,Chubut,LUQUE JUAN PABLO,3fecf885a1398e89,revision_manual_identidad,2022,Anual,0,652631,MINISTERIO DE RELACIONES EXTERIORES Y CULTO,CONSEJERO EN EMBAJADA ARGENTINA EN MADRID,26196660.03,0.00,7566341.86,8471245.04,https://datos.jus.gob.ar/dataset/declaraciones-juradas-patrimoniales-integrales,no · identidad pendiente
dip-luque-juan-pablo,Juan Pablo Luque,Diputados nacionales,Chubut,LUQUE JUAN PABLO,3fecf885a1398e89,revision_manual_identidad,2023,Anual,0,727926,MINISTERIO DE RELACIONES EXTERIORES Y CULTO,CONSEJERO EN EMBAJADA ARGENTINA EN MADRID,164411752.61,0.00,121571803.67,22821301.36,https://datos.jus.gob.ar/dataset/declaraciones-juradas-patrimoniales-integrales,no · identidad pendiente
dip-luque-juan-pablo,Juan Pablo Luque,Diputados nacionales,Chubut,LUQUE JUAN PABLO,3fecf885a1398e89,revision_manual_identidad,2024,Baja,0,698076,MINISTERIO DE RELACIONES EXTERIORES Y CULTO,CONSEJERO EN EMBAJADA ARGENTINA EN MADRID,203386877.64,0.00,10665031.20,16871361.43,https://datos.jus.gob.ar/dataset/declaraciones-juradas-patrimoniales-integrales,no · identidad pendiente
dip-manrique-mario,Mario Manrique,Diputados nacionales,Buenos Aires,MANRIQUE MARIO ROBERTO,53b32e4764d0ec95,identidad_confirmada_cruce_oficial,2022,Anual,0,675895,,DIPUTADO NACIONAL,24414768.23,0.00,5745409.16,5256879.67,https://datos.jus.gob.ar/dataset/declaraciones-juradas-patrimoniales-integrales,sí · identidad confirmada
dip-manrique-mario,Mario Manrique,Diputados nacionales,Buenos Aires,MANRIQUE MARIO ROBERTO,53b32e4764d0ec95,identidad_confirmada_cruce_oficial,2023,Anual,0,717568,,diputado,87269906.52,435191.57,42255561.15,20164385.57,https://datos.jus.gob.ar/dataset/declaraciones-juradas-patrimoniales-integrales,sí · identidad confirmada
dip-manrique-mario,Mario Manrique,Diputados nacionales,Buenos Aires,MANRIQUE MARIO ROBERTO,53b32e4764d0ec95,identidad_confirmada_cruce_oficial,2024,Anual,0,792341,SINDICATO DE MECANICOS Y AFINES DEL TRANSPORTE AUT,diputado nacional,176175760.24,0.00,0.00,141625846.72,https://datos.jus.gob.ar/dataset/declaraciones-juradas-patrimoniales-integrales,sí · identidad confirmada
dip-marin-varinia-lis,Varinia Lis Marín,Diputados nacionales,La Pampa,MARIN VARINIA LIS,b9a8ca19fb9740ab,identidad_confirmada_cruce_oficial,2021,Anual,0,577988,,Diputada Nacional,13034553.93,0.00,0.00,3150781.89,https://datos.jus.gob.ar/dataset/declaraciones-juradas-patrimoniales-integrales,sí · identidad confirmada
dip-marin-varinia-lis,Varinia Lis Marín,Diputados nacionales,La Pampa,MARIN VARINIA LIS,b9a8ca19fb9740ab,identidad_confirmada_cruce_oficial,2022,Anual,0,633859,,Diputada Nacional,21640720.65,0.00,4798494.70,6571180.46,https://datos.jus.gob.ar/dataset/declaraciones-juradas-patrimoniales-integrales,sí · identidad confirmada
dip-marin-varinia-lis,Varinia Lis Marín,Diputados nacionales,La Pampa,MARIN VARINIA LIS,b9a8ca19fb9740ab,identidad_confirmada_cruce_oficial,2023,Anual,0,730989,,Diputada,82402680.66,0.00,50970905.71,17818081.56,https://datos.jus.gob.ar/dataset/declaraciones-juradas-patrimoniales-integrales,sí · identidad confirmada
dip-marin-varinia-lis,Varinia Lis Marín,Diputados nacionales,La Pampa,MARIN VARINIA LIS,b9a8ca19fb9740ab,identidad_confirmada_cruce_oficial,2024,Anual,0,786897,,Diputada,123639765.40,0.00,33936534.11,54552427.80,https://datos.jus.gob.ar/dataset/declaraciones-juradas-patrimoniales-integrales,sí · identidad confirmada
dip-marino-juan,Juan Marino,Diputados nacionales,Buenos Aires,MARINO JUAN,96e4d1ad398bfe84,identidad_confirmada_cruce_oficial,2018,Anual,0,413818,,,132000.01,0.00,1200000.00,0.00,https://datos.jus.gob.ar/dataset/declaraciones-juradas-patrimoniales-integrales,sí · identidad confirmada
dip-marino-juan,Juan Marino,Diputados nacionales,Buenos Aires,MARINO JUAN,96e4d1ad398bfe84,identidad_confirmada_cruce_oficial,2022,Anual,0,652256,HONORABLE CAMARA DE DIPUTADOS DE LA NACION,DIPUTADO,4400041.95,0.00,992820.00,4276680.34,https://datos.jus.gob.ar/dataset/declaraciones-juradas-patrimoniales-integrales,sí · identidad confirmada
dip-marino-juan,Juan Marino,Diputados nacionales,Buenos Aires,MARINO JUAN,96e4d1ad398bfe84,identidad_confirmada_cruce_oficial,2023,Anual,0,719022,HONORABLE CAMARA DE DIPUTADOS DE LA NACION,DIPUTADO,11526526.42,0.00,0.00,12173985.97,https://datos.jus.gob.ar/dataset/declaraciones-juradas-patrimoniales-integrales,sí · identidad confirmada
dip-marino-juan,Juan Marino,Diputados nacionales,Buenos Aires,MARINO JUAN,96e4d1ad398bfe84,identidad_confirmada_cruce_oficial,2024,Anual,0,784461,HONORABLE CAMARA DE DIPUTADOS DE LA NACION,DIPUTADO,6306905.52,0.00,0.00,32881599.32,https://datos.jus.gob.ar/dataset/declaraciones-juradas-patrimoniales-integrales,sí · identidad confirmada
dip-martinez-german-pedro,Germán Pedro Martínez,Diputados nacionales,Santa Fe,MARTINEZ GERMAN PEDRO,da87e12dc3a85c0c,identidad_confirmada_cruce_oficial,2018,Anual,0,413268,,DIPUTADO NACIONAL,1325553.87,0.00,38073.79,1206202.41,https://datos.jus.gob.ar/dataset/declaraciones-juradas-patrimoniales-integrales,sí · identidad confirmada
dip-martinez-german-pedro,Germán Pedro Martínez,Diputados nacionales,Santa Fe,MARTINEZ GERMAN PEDRO,da87e12dc3a85c0c,identidad_confirmada_cruce_oficial,2019,Anual,0,433667,HONORABLE CAMARA DE DIPUTADOS DE LA NACION,DIPUTADO NACIONAL,1658878.87,0.00,75887.73,488153.41,https://datos.jus.gob.ar/dataset/declaraciones-juradas-patrimoniales-integrales,sí · identidad confirmada
dip-martinez-german-pedro,Germán Pedro Martínez,Diputados nacionales,Santa Fe,MARTINEZ GERMAN PEDRO,da87e12dc3a85c0c,identidad_confirmada_cruce_oficial,2020,Anual,0,497554,HONORABLE CAMARA DE DIPUTADOS DE LA NACION,DIPUTADO NACIONAL,2994334.21,0.00,1219202.64,2422675.22,https://datos.jus.gob.ar/dataset/declaraciones-juradas-patrimoniales-integrales,sí · identidad confirmada
dip-martinez-german-pedro,Germán Pedro Martínez,Diputados nacionales,Santa Fe,MARTINEZ GERMAN PEDRO,da87e12dc3a85c0c,identidad_confirmada_cruce_oficial,2021,Anual,0,589459,HONORABLE CAMARA DE DIPUTADOS DE LA NACION,DIPUTADO NACIONAL,4780851.82,0.00,727981.83,3024527.91,https://datos.jus.gob.ar/dataset/declaraciones-juradas-patrimoniales-integrales,sí · identidad confirmada
dip-martinez-german-pedro,Germán Pedro Martínez,Diputados nacionales,Santa Fe,MARTINEZ GERMAN PEDRO,da87e12dc3a85c0c,identidad_confirmada_cruce_oficial,2022,Anual,0,644667,HONORABLE CAMARA DE DIPUTADOS DE LA NACION,DIPUTADO NACIONAL,9456144.51,0.00,781077.19,5396418.85,https://datos.jus.gob.ar/dataset/declaraciones-juradas-patrimoniales-integrales,sí · identidad confirmada
dip-martinez-german-pedro,Germán Pedro Martínez,Diputados nacionales,Santa Fe,MARTINEZ GERMAN PEDRO,da87e12dc3a85c0c,identidad_confirmada_cruce_oficial,2023,Inicial,0,690087,HONORABLE CAMARA DE DIPUTADOS DE LA NACION,DIPUTADO NACIONAL,18697277.20,0.00,0.00,0.00,https://datos.jus.gob.ar/dataset/declaraciones-juradas-patrimoniales-integrales,sí · identidad confirmada
dip-martinez-german-pedro,Germán Pedro Martínez,Diputados nacionales,Santa Fe,MARTINEZ GERMAN PEDRO,da87e12dc3a85c0c,identidad_confirmada_cruce_oficial,2024,Anual,0,799135,HONORABLE CAMARA DE DIPUTADOS DE LA NACION,DIPUTADO NACIONAL,45719036.54,0.00,8330750.50,45366866.67,https://datos.jus.gob.ar/dataset/declaraciones-juradas-patrimoniales-integrales,sí · identidad confirmada
dip-martinez-alvaro,Álvaro Martínez,Diputados nacionales,Mendoza,MARTINEZ ALVARO FERNANDO,fa7c08fc2ec6efea,identidad_confirmada_cruce_oficial,2020,Anual,0,540902,,Candidato a Diputado Nacional,34000000.00,0.00,0.00,0.00,https://datos.jus.gob.ar/dataset/declaraciones-juradas-patrimoniales-integrales,sí · identidad confirmada
dip-martinez-alvaro,Álvaro Martínez,Diputados nacionales,Mendoza,MARTINEZ ALVARO FERNANDO,fa7c08fc2ec6efea,identidad_confirmada_cruce_oficial,2021,Anual,1,547555,HONORABLE CAMARA DE DIPUTADOS DE LA NACION,Diputado Nacional,4284010.80,0.00,372457.30,2340779.53,https://datos.jus.gob.ar/dataset/declaraciones-juradas-patrimoniales-integrales,sí · identidad confirmada
dip-martinez-alvaro,Álvaro Martínez,Diputados nacionales,Mendoza,MARTINEZ ALVARO FERNANDO,fa7c08fc2ec6efea,identidad_confirmada_cruce_oficial,2022,Anual,0,672212,HONORABLE CAMARA DE DIPUTADOS DE LA NACION,DIPUTADO NACIONAL,5733775.11,0.00,4877291.43,5193408.27,https://datos.jus.gob.ar/dataset/declaraciones-juradas-patrimoniales-integrales,sí · identidad confirmada
dip-martinez-alvaro,Álvaro Martínez,Diputados nacionales,Mendoza,MARTINEZ ALVARO FERNANDO,fa7c08fc2ec6efea,identidad_confirmada_cruce_oficial,2023,Anual,0,754597,HONORABLE CAMARA DE DIPUTADOS DE LA NACION,DIPUTADO NACIONAL,23236259.85,25800000.00,85926700.00,13990525.19,https://datos.jus.gob.ar/dataset/declaraciones-juradas-patrimoniales-integrales,sí · identidad confirmada
dip-martinez-alvaro,Álvaro Martínez,Diputados nacionales,Mendoza,MARTINEZ ALVARO FERNANDO,fa7c08fc2ec6efea,identidad_confirmada_cruce_oficial,2024,Anual,0,818053,HONORABLE CAMARA DE DIPUTADOS DE LA NACION,DIPUTADO DE LA NACION,88037911.60,47340000.00,73238760.00,45186741.01,https://datos.jus.gob.ar/dataset/declaraciones-juradas-patrimoniales-integrales,sí · identidad confirmada
dip-massot-nicolas,Nicolás Massot,Diputados nacionales,Buenos Aires,MASSOT NICOLAS MARIA,65ab0888dbd0327e,identidad_confirmada_cruce_oficial,2017,Anual,1,323966,HONORABLE CAMARA DE DIPUTADOS DE LA NACION,DIPUTADO NACIONAL,5719074.59,321.37,52841.52,1456858.30,https://datos.jus.gob.ar/dataset/declaraciones-juradas-patrimoniales-integrales,sí · identidad confirmada
dip-massot-nicolas,Nicolás Massot,Diputados nacionales,Buenos Aires,MASSOT NICOLAS MARIA,65ab0888dbd0327e,identidad_confirmada_cruce_oficial,2018,Anual,1,380839,HONORABLE CAMARA DE DIPUTADOS DE LA NACION,DIPUTADO NACIONAL,10726645.09,0.00,2179063.66,1740656.58,https://datos.jus.gob.ar/dataset/declaraciones-juradas-patrimoniales-integrales,sí · identidad confirmada
dip-massot-nicolas,Nicolás Massot,Diputados nacionales,Buenos Aires,MASSOT NICOLAS MARIA,65ab0888dbd0327e,identidad_confirmada_cruce_oficial,2019,Baja,0,419081,HONORABLE CAMARA DE DIPUTADOS DE LA NACION,DIPUTADO NACIONAL,26458344.76,0.00,40715970.00,3009180.56,https://datos.jus.gob.ar/dataset/declaraciones-juradas-patrimoniales-integrales,sí · identidad confirmada
dip-massot-nicolas,Nicolás Massot,Diputados nacionales,Buenos Aires,MASSOT NICOLAS MARIA,65ab0888dbd0327e,identidad_confirmada_cruce_oficial,2023,Anual,0,716302,HONORABLE CAMARA DE DIPUTADOS DE LA NACION,DIPUTADO NACIONAL,692029678.40,82245712.64,0.00,79204897.37,https://datos.jus.gob.ar/dataset/declaraciones-juradas-patrimoniales-integrales,sí · identidad confirmada
dip-massot-nicolas,Nicolás Massot,Diputados nacionales,Buenos Aires,MASSOT NICOLAS MARIA,65ab0888dbd0327e,identidad_confirmada_cruce_oficial,2024,Anual,0,812885,HONORABLE CAMARA DE DIPUTADOS DE LA NACION,DIPUTADO,1889124762.42,259863080.29,562275827.80,196912877.09,https://datos.jus.gob.ar/dataset/declaraciones-juradas-patrimoniales-integrales,sí · identidad confirmada
dip-matzkin-martin,Martín Matzkin,Diputados nacionales,La Pampa,MATZKIN MARTIN,2a0b4e8df069eab5,revision_manual_identidad,2017,Anual,0,347080,PCIAS BS AS LA PAMPA Y RIO NEGRO ENTE EJECUTIVO PR,Representante,7714686.85,0.00,0.00,0.00,https://datos.jus.gob.ar/dataset/declaraciones-juradas-patrimoniales-integrales,no · identidad pendiente
dip-matzkin-martin,Martín Matzkin,Diputados nacionales,La Pampa,MATZKIN MARTIN,2a0b4e8df069eab5,revision_manual_identidad,2018,Anual,0,394221,PCIAS BS AS LA PAMPA Y RIO NEGRO ENTE EJECUTIVO PR,Representante,10497177.34,0.00,0.00,1563135.72,https://datos.jus.gob.ar/dataset/declaraciones-juradas-patrimoniales-integrales,no · identidad pendiente
dip-matzkin-martin,Martín Matzkin,Diputados nacionales,La Pampa,MATZKIN MARTIN,2a0b4e8df069eab5,revision_manual_identidad,2019,Anual,0,474422,PCIAS BS AS LA PAMPA Y RIO NEGRO ENTE EJECUTIVO PR,Representante,9968547.21,0.00,0.00,0.00,https://datos.jus.gob.ar/dataset/declaraciones-juradas-patrimoniales-integrales,no · identidad pendiente
dip-matzkin-martin,Martín Matzkin,Diputados nacionales,La Pampa,MATZKIN MARTIN,2a0b4e8df069eab5,revision_manual_identidad,2020,Anual,0,530910,PCIAS BS AS LA PAMPA Y RIO NEGRO ENTE EJECUTIVO PR,representante,13436766.17,501999.15,0.00,1852353.92,https://datos.jus.gob.ar/dataset/declaraciones-juradas-patrimoniales-integrales,no · identidad pendiente
dip-matzkin-martin,Martín Matzkin,Diputados nacionales,La Pampa,MATZKIN MARTIN,2a0b4e8df069eab5,revision_manual_identidad,2021,Anual,0,586651,PCIAS BS AS LA PAMPA Y RIO NEGRO ENTE EJECUTIVO PR,representante,20701019.41,821633.97,0.00,3393066.82,https://datos.jus.gob.ar/dataset/declaraciones-juradas-patrimoniales-integrales,no · identidad pendiente
dip-matzkin-martin,Martín Matzkin,Diputados nacionales,La Pampa,MATZKIN MARTIN,2a0b4e8df069eab5,revision_manual_identidad,2022,Anual,0,656729,PCIAS BS AS LA PAMPA Y RIO NEGRO ENTE EJECUTIVO PR,Representante,33240434.56,1152010.25,0.00,3690702.54,https://datos.jus.gob.ar/dataset/declaraciones-juradas-patrimoniales-integrales,no · identidad pendiente
dip-matzkin-martin,Martín Matzkin,Diputados nacionales,La Pampa,MATZKIN MARTIN,2a0b4e8df069eab5,revision_manual_identidad,2023,Anual,0,719802,PCIAS BS AS LA PAMPA Y RIO NEGRO ENTE EJECUTIVO PR,Representante,123202688.21,365213.16,47366090.86,22422764.95,https://datos.jus.gob.ar/dataset/declaraciones-juradas-patrimoniales-integrales,no · identidad pendiente
dip-matzkin-martin,Martín Matzkin,Diputados nacionales,La Pampa,MATZKIN MARTIN,2a0b4e8df069eab5,revision_manual_identidad,2024,Anual,1,824951,PCIAS BS AS LA PAMPA Y RIO NEGRO ENTE EJECUTIVO PR,REPRESENTANTE,326473267.20,87582300.00,126641822.98,64979693.55,https://datos.jus.gob.ar/dataset/declaraciones-juradas-patrimoniales-integrales,no · identidad pendiente
dip-maureira-karina,Karina Maureira,Diputados nacionales,Neuquen,MAUREIRA KARINA ALEJANDRA,35a024ef3cac0a50,identidad_confirmada_cruce_oficial,2024,Anual,0,820254,,DIPUTADA NACIONAL,16303880.01,78860.53,5400137.44,18986073.34,https://datos.jus.gob.ar/dataset/declaraciones-juradas-patrimoniales-integrales,sí · identidad confirmada
dip-mayoraz-nicolas,Nicolás Mayoraz,Diputados nacionales,Santa Fe,MAYORAZ NICOLAS FERNANDO,37c67f2ee31b7aeb,identidad_confirmada_cruce_oficial,2022,Anual,0,678232,,CANDIDATO A DIPUTADO NACIONAL,24459504.51,0.00,3188400.96,18757307.30,https://datos.jus.gob.ar/dataset/declaraciones-juradas-patrimoniales-integrales,sí · identidad confirmada
dip-mayoraz-nicolas,Nicolás Mayoraz,Diputados nacionales,Santa Fe,MAYORAZ NICOLAS FERNANDO,37c67f2ee31b7aeb,identidad_confirmada_cruce_oficial,2023,Anual,0,746622,HONORABLE CAMARA DE DIPUTADOS DE LA NACION,DIPUTADO NACIONAL,92839410.70,0.00,27889838.16,59941249.09,https://datos.jus.gob.ar/dataset/declaraciones-juradas-patrimoniales-integrales,sí · identidad confirmada
dip-mayoraz-nicolas,Nicolás Mayoraz,Diputados nacionales,Santa Fe,MAYORAZ NICOLAS FERNANDO,37c67f2ee31b7aeb,identidad_confirmada_cruce_oficial,2024,Anual,0,803956,,DIPUTADO NACIONAL,172517332.28,0.00,41859959.70,99623054.66,https://datos.jus.gob.ar/dataset/declaraciones-juradas-patrimoniales-integrales,sí · identidad confirmada
dip-medina-gladys,Gladys Medina,Diputados nacionales,Tucuman,MEDINA GLADYS DEL VALLE,5836a729ff7262e8,identidad_confirmada_cruce_oficial,2017,Anual,0,346850,HONORABLE LEGISLATURA DE TUCUMAN,DIPUTADO NACIONAL,2900642.66,0.00,1262496.08,254931.58,https://datos.jus.gob.ar/dataset/declaraciones-juradas-patrimoniales-integrales,sí · identidad confirmada
dip-medina-gladys,Gladys Medina,Diputados nacionales,Tucuman,MEDINA GLADYS DEL VALLE,5836a729ff7262e8,identidad_confirmada_cruce_oficial,2018,Anual,0,385859,HONORABLE CAMARA DE DIPUTADOS DE LA NACION,DIPITADA NACIONAL,2584090.74,19475000.00,1994826.18,1872693.23,https://datos.jus.gob.ar/dataset/declaraciones-juradas-patrimoniales-integrales,sí · identidad confirmada
dip-medina-gladys,Gladys Medina,Diputados nacionales,Tucuman,MEDINA GLADYS DEL VALLE,5836a729ff7262e8,identidad_confirmada_cruce_oficial,2019,Anual,0,470018,HONORABLE CAMARA DE DIPUTADOS DE LA NACION,DIPUTADA DE LA NACION,6678834.02,33880000.00,1815372.41,2512940.87,https://datos.jus.gob.ar/dataset/declaraciones-juradas-patrimoniales-integrales,sí · identidad confirmada
dip-medina-gladys,Gladys Medina,Diputados nacionales,Tucuman,MEDINA GLADYS DEL VALLE,5836a729ff7262e8,identidad_confirmada_cruce_oficial,2020,Anual,0,538416,HONORABLE CAMARA DE DIPUTADOS DE LA NACION,DIPUTADA NACIONAL,7336031.68,10790000.00,661767.22,2558322.43,https://datos.jus.gob.ar/dataset/declaraciones-juradas-patrimoniales-integrales,sí · identidad confirmada
dip-medina-gladys,Gladys Medina,Diputados nacionales,Tucuman,MEDINA GLADYS DEL VALLE,5836a729ff7262e8,identidad_confirmada_cruce_oficial,2023,Anual,0,747540,HONORABLE CAMARA DE DIPUTADOS DE LA NACION,DIPUTADA DE LA NACION,24154334.36,0.00,11584481.66,6332299.03,https://datos.jus.gob.ar/dataset/declaraciones-juradas-patrimoniales-integrales,sí · identidad confirmada
dip-medina-gladys,Gladys Medina,Diputados nacionales,Tucuman,MEDINA GLADYS DEL VALLE,5836a729ff7262e8,identidad_confirmada_cruce_oficial,2024,Anual,0,821491,HONORABLE CAMARA DE DIPUTADOS DE LA NACION,DIPUTADA DE LA NACION,54748623.70,0.00,0.00,46205263.48,https://datos.jus.gob.ar/dataset/declaraciones-juradas-patrimoniales-integrales,sí · identidad confirmada
dip-menem-martin,Martín Menem,Diputados nacionales,La Rioja,MENEM MARTIN ALEXIS,1a15f926c7d53963,serie_curada,2022,Anual,0,677410,,DIPUTADO NACIONAL,295650916.27,12907917.26,121923081.95,1691596.26,https://datos.jus.gob.ar/dataset/declaraciones-juradas-patrimoniales-integrales,sí · identidad confirmada
dip-menem-martin,Martín Menem,Diputados nacionales,La Rioja,MENEM MARTIN ALEXIS,1a15f926c7d53963,serie_curada,2023,Anual,0,749142,HONORABLE CAMARA DE DIPUTADOS DE LA NACION,DIPUTADO NACIONAL,605015973.68,34079632.28,264947890.71,24875641.35,https://datos.jus.gob.ar/dataset/declaraciones-juradas-patrimoniales-integrales,sí · identidad confirmada
dip-menem-martin,Martín Menem,Diputados nacionales,La Rioja,MENEM MARTIN ALEXIS,1a15f926c7d53963,serie_curada,2024,Anual,1,819664,,,1524442619.27,131214876.26,686826909.53,.11165033.44,https://datos.jus.gob.ar/dataset/declaraciones-juradas-patrimoniales-integrales,sí · identidad confirmada
dip-michel-guillermo,Guillermo Michel,Diputados nacionales,Entre Rios,MICHEL GUILLERMO,05d218b5fecf3549,identidad_confirmada_cruce_oficial,2022,Anual,0,661399,ADMINISTRACION FEDERAL DE INGRESOS PUBLICOS,DIRECTOR GENERAL DE ADUANAS,59826932.45,2403098.67,3604173.35,23752015.47,https://datos.jus.gob.ar/dataset/declaraciones-juradas-patrimoniales-integrales,sí · identidad confirmada
dip-michel-guillermo,Guillermo Michel,Diputados nacionales,Entre Rios,MICHEL GUILLERMO,05d218b5fecf3549,identidad_confirmada_cruce_oficial,2023,Baja,0,689633,ADMINISTRACION FEDERAL DE INGRESOS PUBLICOS,DIRECTOR GENERAL DE ADUANAS,94110379.34,1935821.71,0.00,67218329.73,https://datos.jus.gob.ar/dataset/declaraciones-juradas-patrimoniales-integrales,sí · identidad confirmada
dip-michel-guillermo,Guillermo Michel,Diputados nacionales,Entre Rios,MICHEL GUILLERMO,05d218b5fecf3549,identidad_confirmada_cruce_oficial,2024,Anual,0,823749,,DIPUTADO NACIONAL,420742158.42,8316166.02,226092912.88,311406178.29,https://datos.jus.gob.ar/dataset/declaraciones-juradas-patrimoniales-integrales,sí · identidad confirmada
dip-molina-juan-carlos,Juan Carlos Molina,Diputados nacionales,Santa Cruz,MOLINA JUAN CARLOS,cca8eee22b6a48ab,revision_manual_identidad,2022,Baja,0,698151,SECRETARIA NACIONAL DE NIÑEZ -ADOLESCENCIA Y FAMIL,ASESOR AD HONOREM,52422136.89,0.00,4855097.83,4855097.83,https://datos.jus.gob.ar/dataset/declaraciones-juradas-patrimoniales-integrales,no · identidad pendiente
dip-molle-matias,Matías Molle,Diputados nacionales,Buenos Aires,MOLLE MATIAS,9dd54e4a1516da27,identidad_confirmada_cruce_oficial,2022,Anual,0,677722,,DIPUTADO NACIONAL,124493800.00,0.00,3991371.84,3991371.84,https://datos.jus.gob.ar/dataset/declaraciones-juradas-patrimoniales-integrales,sí · identidad confirmada
dip-montenegro-juan-pablo,Juan Pablo Montenegro,Diputados nacionales,Santa Fe,MONTENEGRO JUAN PABLO,bcb80dea879dd266,identidad_confirmada_cruce_oficial,2022,Anual,0,677213,,DIPUTADO NACIONAL,71000000.00,0.00,0.00,0.00,https://datos.jus.gob.ar/dataset/declaraciones-juradas-patrimoniales-integrales,sí · identidad confirmada
dip-montenegro-juan-pablo,Juan Pablo Montenegro,Diputados nacionales,Santa Fe,MONTENEGRO JUAN PABLO,bcb80dea879dd266,identidad_confirmada_cruce_oficial,2024,Anual,0,795215,ADMINISTRACION NACIONAL DE LA SEGURIDAD SOCIAL ANS,JEFE REGIONAL DEL LITORAL,889913620.00,0.00,0.00,13438488.25,https://datos.jus.gob.ar/dataset/declaraciones-juradas-patrimoniales-integrales,sí · identidad confirmada
dip-montenegro-guillermo,Guillermo Montenegro,Diputados nacionales,Buenos Aires,MONTENEGRO GUILLERMO MAXIMILIANO,101398818f48c660,identidad_confirmada_cruce_oficial,2022,Anual,0,677736,,,15927436.50,2658500.00,8117735.87,1101537.63,https://datos.jus.gob.ar/dataset/declaraciones-juradas-patrimoniales-integrales,sí · identidad confirmada
dip-montenegro-guillermo,Guillermo Montenegro,Diputados nacionales,Buenos Aires,MONTENEGRO GUILLERMO MAXIMILIANO,101398818f48c660,identidad_confirmada_cruce_oficial,2023,Anual,0,745290,HONORABLE CAMARA DE DIPUTADOS DE LA NACION,Diputado Nacional,1450000000.00,0.00,0.00,600000000.00,https://datos.jus.gob.ar/dataset/declaraciones-juradas-patrimoniales-integrales,sí · identidad confirmada
dip-monzon-roxana,Roxana Monzón,Diputados nacionales,Buenos Aires,MONZON ROXANA ELIZABETH,c7cd76b452d949d8,identidad_confirmada_cruce_oficial,2022,Inicial,2,684873,HONORABLE CAMARA DE DIPUTADOS DE LA NACION,diputada nacional por la provincia de Buenos Aires,32800000.00,0.00,0.00,0.00,https://datos.jus.gob.ar/dataset/declaraciones-juradas-patrimoniales-integrales,sí · identidad confirmada
dip-monzon-roxana,Roxana Monzón,Diputados nacionales,Buenos Aires,MONZON ROXANA ELIZABETH,c7cd76b452d949d8,identidad_confirmada_cruce_oficial,2023,Anual,1,820834,HONORABLE CAMARA DE DIPUTADOS DE LA NACION,diputada nacional por la provincia de Buenos Aires,11528952.18,0.00,6379407.39,19459138.99,https://datos.jus.gob.ar/dataset/declaraciones-juradas-patrimoniales-integrales,sí · identidad confirmada
dip-monzon-roxana,Roxana Monzón,Diputados nacionales,Buenos Aires,MONZON ROXANA ELIZABETH,c7cd76b452d949d8,identidad_confirmada_cruce_oficial,2024,Anual,2,820838,MUNICIPALIDAD DE MERLO,diputada nacional de la provincia de buenos aires,26495101.14,0.00,10776561.14,141409760.10,https://datos.jus.gob.ar/dataset/declaraciones-juradas-patrimoniales-integrales,sí · identidad confirmada
dip-morchio-francisco,Francisco Morchio,Diputados nacionales,Entre Rios,MORCHIO FRANCISCO ALEJANDRO,165a8eb47319df73,revision_manual_identidad,2022,Anual,0,677803,,Candidato a Diputado Nacional por Entre Ríos.,52927149.58,1002716.39,5522979.34,168565410.00,https://datos.jus.gob.ar/dataset/declaraciones-juradas-patrimoniales-integrales,no · identidad pendiente
dip-morchio-francisco,Francisco Morchio,Diputados nacionales,Entre Rios,MORCHIO FRANCISCO ALEJANDRO,165a8eb47319df73,revision_manual_identidad,2023,Anual,0,732103,HONORABLE CAMARA DE DIPUTADOS DE LA NACION,DIPUTADO NACIONAL,212876974.42,1300745.71,55815595.06,37554778.64,https://datos.jus.gob.ar/dataset/declaraciones-juradas-patrimoniales-integrales,no · identidad pendiente
dip-morchio-francisco,Francisco Morchio,Diputados nacionales,Entre Rios,MORCHIO FRANCISCO ALEJANDRO,165a8eb47319df73,revision_manual_identidad,2024,Anual,0,826395,HONORABLE CAMARA DE DIPUTADOS DE LA NACION,DIPUTADO NACIONAL,438291890.77,2417331.84,45548708.74,69431201.98,https://datos.jus.gob.ar/dataset/declaraciones-juradas-patrimoniales-integrales,no · identidad pendiente
dip-moreau-cecilia,Cecilia Moreau,Diputados nacionales,Buenos Aires,MOREAU CECILIA,1f783b9fa576fa15,identidad_confirmada_cruce_oficial,2017,Anual,0,280374,HONORABLE CAMARA DE DIPUTADOS DE LA NACION,DIPUTADA NACIONAL,17621190.00,0.00,0.00,1064403.07,https://datos.jus.gob.ar/dataset/declaraciones-juradas-patrimoniales-integrales,sí · identidad confirmada
dip-moreau-cecilia,Cecilia Moreau,Diputados nacionales,Buenos Aires,MOREAU CECILIA,1f783b9fa576fa15,identidad_confirmada_cruce_oficial,2018,Anual,0,398757,HONORABLE CAMARA DE DIPUTADOS DE LA NACION,DIPUTADA NACIONAL,1584192.55,0.00,45156.90,1635594.39,https://datos.jus.gob.ar/dataset/declaraciones-juradas-patrimoniales-integrales,sí · identidad confirmada
dip-moreau-cecilia,Cecilia Moreau,Diputados nacionales,Buenos Aires,MOREAU CECILIA,1f783b9fa576fa15,identidad_confirmada_cruce_oficial,2019,Anual,0,434550,HONORABLE CAMARA DE DIPUTADOS DE LA NACION,DIPUTADA NACIONAL,1774266.12,0.00,15800290.00,1590102.57,https://datos.jus.gob.ar/dataset/declaraciones-juradas-patrimoniales-integrales,sí · identidad confirmada
dip-moreau-cecilia,Cecilia Moreau,Diputados nacionales,Buenos Aires,MOREAU CECILIA,1f783b9fa576fa15,identidad_confirmada_cruce_oficial,2020,Anual,0,507574,HONORABLE CAMARA DE DIPUTADOS DE LA NACION,DIPUTADA NACIONAL,1726882.38,0.00,1635406.49,1468022.75,https://datos.jus.gob.ar/dataset/declaraciones-juradas-patrimoniales-integrales,sí · identidad confirmada
dip-moreau-cecilia,Cecilia Moreau,Diputados nacionales,Buenos Aires,MOREAU CECILIA,1f783b9fa576fa15,identidad_confirmada_cruce_oficial,2021,Anual,0,565650,HONORABLE CAMARA DE DIPUTADOS DE LA NACION,DIPUTADA NACIONAL,2558462.22,0.00,993426.83,1670707.29,https://datos.jus.gob.ar/dataset/declaraciones-juradas-patrimoniales-integrales,sí · identidad confirmada
dip-moreau-cecilia,Cecilia Moreau,Diputados nacionales,Buenos Aires,MOREAU CECILIA,1f783b9fa576fa15,identidad_confirmada_cruce_oficial,2022,Anual,0,654641,HONORABLE CAMARA DE DIPUTADOS DE LA NACION,DIPUTADA NACIONAL,12640406.34,162803200.00,11522621.68,4779353.61,https://datos.jus.gob.ar/dataset/declaraciones-juradas-patrimoniales-integrales,sí · identidad confirmada
dip-moreau-cecilia,Cecilia Moreau,Diputados nacionales,Buenos Aires,MOREAU CECILIA,1f783b9fa576fa15,identidad_confirmada_cruce_oficial,2023,Anual,0,729198,HONORABLE CAMARA DE DIPUTADOS DE LA NACION,DIPUTADA NACIONAL,30717719.38,725190000.00,46740651.84,13380573.65,https://datos.jus.gob.ar/dataset/declaraciones-juradas-patrimoniales-integrales,sí · identidad confirmada
dip-moreau-cecilia,Cecilia Moreau,Diputados nacionales,Buenos Aires,MOREAU CECILIA,1f783b9fa576fa15,identidad_confirmada_cruce_oficial,2024,Anual,0,793150,HONORABLE CAMARA DE DIPUTADOS DE LA NACION,DIPUTADA NACIONAL,122022480.96,968300000.00,44528230.79,32712199.43,https://datos.jus.gob.ar/dataset/declaraciones-juradas-patrimoniales-integrales,sí · identidad confirmada
dip-moyano-hugo-antonio,Hugo Antonio Moyano,Diputados nacionales,Buenos Aires,MOYANO HUGO ANTONIO,97b029d8e1f78c97,identidad_confirmada_cruce_oficial,2024,Anual,1,824065,ESTUDIO JURIDICO DR. HUGO MOYANO & ASOCIADOS S.R.L,DIPUTADO NACIONAL,255760304.34,0.00,51016640.86,55867606.59,https://datos.jus.gob.ar/dataset/declaraciones-juradas-patrimoniales-integrales,sí · identidad confirmada
dip-munoz-gabriela-luciana,Gabriela Luciana Muñoz,Diputados nacionales,Neuquen,MUÑOZ GABRIELA LUCIANA MABEL,fac54e84f608d0e1,revision_manual_identidad,2024,Anual,2,825525,ADMINISTRACION NACIONAL DE LA SEGURIDAD SOCIAL ANS,JEFE DE OFICINA ANSES NEUQUEN,624579790.00,0.00,0.00,0.00,https://datos.jus.gob.ar/dataset/declaraciones-juradas-patrimoniales-integrales,no · identidad pendiente
dip-neder-estela-mary,Estela Mary Neder,Diputados nacionales,Santiago Del Estero,NEDER ESTELA MARY,e4c8386997bd42bb,revision_manual_identidad,2017,Anual,1,281761,HONORABLE CAMARA DE DIPUTADOS DE LA NACION,DIPUTADO NACIONAL,908625.36,0.00,0.00,1036173.97,https://datos.jus.gob.ar/dataset/declaraciones-juradas-patrimoniales-integrales,no · identidad pendiente
dip-neder-estela-mary,Estela Mary Neder,Diputados nacionales,Santiago Del Estero,NEDER ESTELA MARY,e4c8386997bd42bb,revision_manual_identidad,2018,Anual,0,411758,HONORABLE CAMARA DE DIPUTADOS DE LA NACION,DIPUTADO NACIONAL,2076732.87,0.00,274186.24,1825425.33,https://datos.jus.gob.ar/dataset/declaraciones-juradas-patrimoniales-integrales,no · identidad pendiente
dip-neder-estela-mary,Estela Mary Neder,Diputados nacionales,Santiago Del Estero,NEDER ESTELA MARY,e4c8386997bd42bb,revision_manual_identidad,2019,Anual,0,449710,HONORABLE CAMARA DE DIPUTADOS DE LA NACION,DIPUTADO NACIONAL,3320336.26,0.00,0.00,2403304.57,https://datos.jus.gob.ar/dataset/declaraciones-juradas-patrimoniales-integrales,no · identidad pendiente
dip-neder-estela-mary,Estela Mary Neder,Diputados nacionales,Santiago Del Estero,NEDER ESTELA MARY,e4c8386997bd42bb,revision_manual_identidad,2020,Anual,0,522769,HONORABLE CAMARA DE DIPUTADOS DE LA NACION,DIPUTADA NACIONAL,5110637.76,0.00,0.00,2565228.42,https://datos.jus.gob.ar/dataset/declaraciones-juradas-patrimoniales-integrales,no · identidad pendiente
dip-neder-estela-mary,Estela Mary Neder,Diputados nacionales,Santiago Del Estero,NEDER ESTELA MARY,e4c8386997bd42bb,revision_manual_identidad,2021,Anual,0,563000,HONORABLE CAMARA DE DIPUTADOS DE LA NACION,DIPUTADA NACIONAL,8627566.46,0.00,967076.98,3167206.31,https://datos.jus.gob.ar/dataset/declaraciones-juradas-patrimoniales-integrales,no · identidad pendiente
dip-neder-estela-mary,Estela Mary Neder,Diputados nacionales,Santiago Del Estero,NEDER ESTELA MARY,e4c8386997bd42bb,revision_manual_identidad,2022,Anual,0,626657,HONORABLE CAMARA DE DIPUTADOS DE LA NACION,DIPUTADO NACIONAL,12897678.74,0.00,2137632.60,5492164.15,https://datos.jus.gob.ar/dataset/declaraciones-juradas-patrimoniales-integrales,no · identidad pendiente
dip-neder-estela-mary,Estela Mary Neder,Diputados nacionales,Santiago Del Estero,NEDER ESTELA MARY,e4c8386997bd42bb,revision_manual_identidad,2023,Anual,0,714377,HONORABLE CAMARA DE DIPUTADOS DE LA NACION,DIPUTADO NACIONAL,33738853.75,0.00,8236652.01,15641298.36,https://datos.jus.gob.ar/dataset/declaraciones-juradas-patrimoniales-integrales,no · identidad pendiente
dip-niveyro-miriam,Miriam Niveyro,Diputados nacionales,Buenos Aires,NIVEYRO MIRIAM DEL CARMEN,d55f03bea7836817,revision_manual_identidad,2022,Anual,0,677674,,PARLAMENTARIA MERCOSUR NACIONAL,6458620.00,0.00,0.00,3037804.91,https://datos.jus.gob.ar/dataset/declaraciones-juradas-patrimoniales-integrales,no · identidad pendiente
dip-niveyro-miriam,Miriam Niveyro,Diputados nacionales,Buenos Aires,NIVEYRO MIRIAM DEL CARMEN,d55f03bea7836817,revision_manual_identidad,2024,Anual,1,794505,,DIRECTORA DE ACCESO AL SUELO URBANO,463359500.00,0.00,0.00,18806046.32,https://datos.jus.gob.ar/dataset/declaraciones-juradas-patrimoniales-integrales,no · identidad pendiente
dip-nunez-jose,José Nuñez,Diputados nacionales,Santa Fe,NUÑEZ JOSE CARLOS,8d9566d3eade51fa,identidad_confirmada_cruce_oficial,2017,Anual,0,284798,HONORABLE CAMARA DE DIPUTADOS DE LA NACION,DIPUTADO NACIONAL,3480153.29,224754.96,0.00,1600658.91,https://datos.jus.gob.ar/dataset/declaraciones-juradas-patrimoniales-integrales,sí · identidad confirmada
dip-nunez-jose,José Nuñez,Diputados nacionales,Santa Fe,NUÑEZ JOSE CARLOS,8d9566d3eade51fa,identidad_confirmada_cruce_oficial,2018,Anual,0,408565,HONORABLE CAMARA DE DIPUTADOS DE LA NACION,DIPUTADO NACIONAL,5131974.17,241410.03,370138.01,1670582.06,https://datos.jus.gob.ar/dataset/declaraciones-juradas-patrimoniales-integrales,sí · identidad confirmada
dip-nunez-jose,José Nuñez,Diputados nacionales,Santa Fe,NUÑEZ JOSE CARLOS,8d9566d3eade51fa,identidad_confirmada_cruce_oficial,2019,Anual,0,474164,HONORABLE CAMARA DE DIPUTADOS DE LA NACION,DIPUTADO NACIONAL,8480027.03,112813.70,1337039.08,2197768.96,https://datos.jus.gob.ar/dataset/declaraciones-juradas-patrimoniales-integrales,sí · identidad confirmada
dip-nunez-jose,José Nuñez,Diputados nacionales,Santa Fe,NUÑEZ JOSE CARLOS,8d9566d3eade51fa,identidad_confirmada_cruce_oficial,2020,Anual,0,535286,HONORABLE CAMARA DE DIPUTADOS DE LA NACION,DIPUTADO NACIONAL,9927830.48,70059.46,1333769.09,2319298.89,https://datos.jus.gob.ar/dataset/declaraciones-juradas-patrimoniales-integrales,sí · identidad confirmada
dip-nunez-jose,José Nuñez,Diputados nacionales,Santa Fe,NUÑEZ JOSE CARLOS,8d9566d3eade51fa,identidad_confirmada_cruce_oficial,2021,Anual,0,649095,HONORABLE CAMARA DE DIPUTADOS DE LA NACION,DIPUTADO NACIONAL,15233377.53,152132.70,465348.91,3124055.85,https://datos.jus.gob.ar/dataset/declaraciones-juradas-patrimoniales-integrales,sí · identidad confirmada
dip-nunez-jose,José Nuñez,Diputados nacionales,Santa Fe,NUÑEZ JOSE CARLOS,8d9566d3eade51fa,identidad_confirmada_cruce_oficial,2022,Anual,0,652982,HONORABLE CAMARA DE DIPUTADOS DE LA NACION,DIPUTADO NACIONAL,51909955.90,285600000.00,1651634.42,5416176.85,https://datos.jus.gob.ar/dataset/declaraciones-juradas-patrimoniales-integrales,sí · identidad confirmada
dip-nunez-jose,José Nuñez,Diputados nacionales,Santa Fe,NUÑEZ JOSE CARLOS,8d9566d3eade51fa,identidad_confirmada_cruce_oficial,2023,Anual,0,803740,HONORABLE CAMARA DE DIPUTADOS DE LA NACION,DIPUTADO NACIONAL,76081506.84,10075799.87,2384242.70,14435535.83,https://datos.jus.gob.ar/dataset/declaraciones-juradas-patrimoniales-integrales,sí · identidad confirmada
dip-nunez-jose,José Nuñez,Diputados nacionales,Santa Fe,NUÑEZ JOSE CARLOS,8d9566d3eade51fa,identidad_confirmada_cruce_oficial,2024,Anual,0,803967,HONORABLE CAMARA DE DIPUTADOS DE LA NACION,DIPUTADO NACIONAL,110473646.44,8132227.72,27665735.50,44975698.56,https://datos.jus.gob.ar/dataset/declaraciones-juradas-patrimoniales-integrales,sí · identidad confirmada
dip-osuna-blanca-ines,Blanca Inés Osuna,Diputados nacionales,Entre Rios,OSUNA BLANCA INES,90a8f3176dc06369,revision_manual_identidad,2018,Anual,0,416109,,DIPUTADA NACIONAL,584106.99,2000000.00,1085218.75,1163823.40,https://datos.jus.gob.ar/dataset/declaraciones-juradas-patrimoniales-integrales,no · identidad pendiente
dip-osuna-blanca-ines,Blanca Inés Osuna,Diputados nacionales,Entre Rios,OSUNA BLANCA INES,90a8f3176dc06369,revision_manual_identidad,2019,Anual,0,476803,,DIPUTADA NACIONAL,0.00,0.00,584196.99,0.00,https://datos.jus.gob.ar/dataset/declaraciones-juradas-patrimoniales-integrales,no · identidad pendiente
dip-osuna-blanca-ines,Blanca Inés Osuna,Diputados nacionales,Entre Rios,OSUNA BLANCA INES,90a8f3176dc06369,revision_manual_identidad,2020,Anual,2,559127,,DIPUTADA NACIONAL,3476170.86,0.00,939733.27,1871602.05,https://datos.jus.gob.ar/dataset/declaraciones-juradas-patrimoniales-integrales,no · identidad pendiente
dip-osuna-blanca-ines,Blanca Inés Osuna,Diputados nacionales,Entre Rios,OSUNA BLANCA INES,90a8f3176dc06369,revision_manual_identidad,2021,Anual,0,567944,,DIPUTADO NACIONAL,7408759.73,0.00,1807789.36,3829492.62,https://datos.jus.gob.ar/dataset/declaraciones-juradas-patrimoniales-integrales,no · identidad pendiente
dip-osuna-blanca-ines,Blanca Inés Osuna,Diputados nacionales,Entre Rios,OSUNA BLANCA INES,90a8f3176dc06369,revision_manual_identidad,2022,Anual,0,644027,,DIPUTADO NACIONAL,16927091.78,0.00,4275943.22,6172147.83,https://datos.jus.gob.ar/dataset/declaraciones-juradas-patrimoniales-integrales,no · identidad pendiente
dip-osuna-blanca-ines,Blanca Inés Osuna,Diputados nacionales,Entre Rios,OSUNA BLANCA INES,90a8f3176dc06369,revision_manual_identidad,2023,Anual,1,752017,,DIPUTADO NACIONAL,31399174.06,0.00,13514071.98,13283540.39,https://datos.jus.gob.ar/dataset/declaraciones-juradas-patrimoniales-integrales,no · identidad pendiente
dip-osuna-blanca-ines,Blanca Inés Osuna,Diputados nacionales,Entre Rios,OSUNA BLANCA INES,90a8f3176dc06369,revision_manual_identidad,2024,Anual,0,819504,HONORABLE CAMARA DE DIPUTADOS DE LA NACION,Diputada Nacional,36850116.31,0.00,0.00,5016263673.01,https://datos.jus.gob.ar/dataset/declaraciones-juradas-patrimoniales-integrales,no · identidad pendiente
dip-outes-pablo,Pablo Outes,Diputados nacionales,Salta,OUTES PABLO ISMAEL,d532c14cc20293b5,revision_manual_identidad,2023,Anual,0,762916,,DIPUTADO NACIONAL,25864519.01,5816875.70,0.00,14497228.52,https://datos.jus.gob.ar/dataset/declaraciones-juradas-patrimoniales-integrales,no · identidad pendiente
dip-outes-pablo,Pablo Outes,Diputados nacionales,Salta,OUTES PABLO ISMAEL,d532c14cc20293b5,revision_manual_identidad,2024,Anual,0,812553,,DIPUTADO NACIONAL,84623308.81,14293875.70,0.00,0.00,https://datos.jus.gob.ar/dataset/declaraciones-juradas-patrimoniales-integrales,no · identidad pendiente
dip-pagano-marcela-marina,Marcela Marina Pagano,Diputados nacionales,Buenos Aires,PAGANO MARCELA MARINA,3d0f7e46232e2cee,identidad_confirmada_cruce_oficial,2022,Anual,0,676851,AMERICA T.V. SA,diputado nacional,29220000.72,989728.64,10390117.05,11272954.61,https://datos.jus.gob.ar/dataset/declaraciones-juradas-patrimoniales-integrales,sí · identidad confirmada
dip-pagano-marcela-marina,Marcela Marina Pagano,Diputados nacionales,Buenos Aires,PAGANO MARCELA MARINA,3d0f7e46232e2cee,identidad_confirmada_cruce_oficial,2023,Anual,0,733320,AMERICA T.V. SA,DIPUTADA NACIONAL,88059990.97,0.00,42473584.46,4119000.42,https://datos.jus.gob.ar/dataset/declaraciones-juradas-patrimoniales-integrales,sí · identidad confirmada
dip-pagano-marcela-marina,Marcela Marina Pagano,Diputados nacionales,Buenos Aires,PAGANO MARCELA MARINA,3d0f7e46232e2cee,identidad_confirmada_cruce_oficial,2024,Anual,0,773520,AMERICA T.V. SA,DIPUTADA NACIONAL,129001393.52,0.00,31148269.84,52390160.20,https://datos.jus.gob.ar/dataset/declaraciones-juradas-patrimoniales-integrales,sí · identidad confirmada
dip-palazzo-sergio-omar,Sergio Omar Palazzo,Diputados nacionales,Buenos Aires,PALAZZO SERGIO OMAR,7036ece7e08ec96f,identidad_confirmada_cruce_oficial,2020,Anual,0,540557,,DIPUTADO NACIONAL POR PROVINCIA DE BS AS,7070767.17,1617134.09,649953.95,1455504.21,https://datos.jus.gob.ar/dataset/declaraciones-juradas-patrimoniales-integrales,sí · identidad confirmada
dip-palazzo-sergio-omar,Sergio Omar Palazzo,Diputados nacionales,Buenos Aires,PALAZZO SERGIO OMAR,7036ece7e08ec96f,identidad_confirmada_cruce_oficial,2021,Anual,0,593010,,DIPUTADO NACIONAL,10746424.73,1705016.35,1314719.56,2248544.69,https://datos.jus.gob.ar/dataset/declaraciones-juradas-patrimoniales-integrales,sí · identidad confirmada
dip-palazzo-sergio-omar,Sergio Omar Palazzo,Diputados nacionales,Buenos Aires,PALAZZO SERGIO OMAR,7036ece7e08ec96f,identidad_confirmada_cruce_oficial,2022,Anual,0,660209,HONORABLE CAMARA DE DIPUTADOS DE LA NACION,DIPUTADO NACIONAL,16761671.93,771813.86,4240721.19,4747609.41,https://datos.jus.gob.ar/dataset/declaraciones-juradas-patrimoniales-integrales,sí · identidad confirmada
dip-palazzo-sergio-omar,Sergio Omar Palazzo,Diputados nacionales,Buenos Aires,PALAZZO SERGIO OMAR,7036ece7e08ec96f,identidad_confirmada_cruce_oficial,2023,Anual,0,734844,HONORABLE CAMARA DE DIPUTADOS DE LA NACION,DIPUTADO NACIONAL,47867105.88,316447.88,20943792.71,12679509.91,https://datos.jus.gob.ar/dataset/declaraciones-juradas-patrimoniales-integrales,sí · identidad confirmada
dip-palazzo-sergio-omar,Sergio Omar Palazzo,Diputados nacionales,Buenos Aires,PALAZZO SERGIO OMAR,7036ece7e08ec96f,identidad_confirmada_cruce_oficial,2024,Anual,0,795749,HONORABLE CAMARA DE DIPUTADOS DE LA NACION,DIPUTADO NACIONAL,130932342.31,0.00,56631252.21,32835703.19,https://datos.jus.gob.ar/dataset/declaraciones-juradas-patrimoniales-integrales,sí · identidad confirmada
dip-pareja-sebastian,Sebastián Pareja,Diputados nacionales,Buenos Aires,PAREJA SEBASTIAN MIGUEL,d9ee4d21f00136c3,identidad_confirmada_cruce_oficial,2017,Anual,0,281947,HONORABLE SENADO DE LA NACION,Director de Fiscalizacion RNP,2327090.69,0.00,263405.89,604080.78,https://datos.jus.gob.ar/dataset/declaraciones-juradas-patrimoniales-integrales,sí · identidad confirmada
dip-pareja-sebastian,Sebastián Pareja,Diputados nacionales,Buenos Aires,PAREJA SEBASTIAN MIGUEL,d9ee4d21f00136c3,identidad_confirmada_cruce_oficial,2018,Anual,0,393450,,director tecnico juridico,4158254.43,143433.26,0.00,921470.65,https://datos.jus.gob.ar/dataset/declaraciones-juradas-patrimoniales-integrales,sí · identidad confirmada
dip-pareja-sebastian,Sebastián Pareja,Diputados nacionales,Buenos Aires,PAREJA SEBASTIAN MIGUEL,d9ee4d21f00136c3,identidad_confirmada_cruce_oficial,2019,Baja,0,447896,HONORABLE SENADO DE LA NACION,DIRECTOR TECNICO JURIDICO,6514782.60,119696.78,2232101.01,1306702.37,https://datos.jus.gob.ar/dataset/declaraciones-juradas-patrimoniales-integrales,sí · identidad confirmada
dip-pareja-sebastian,Sebastián Pareja,Diputados nacionales,Buenos Aires,PAREJA SEBASTIAN MIGUEL,d9ee4d21f00136c3,identidad_confirmada_cruce_oficial,2023,Anual,0,741199,HONORABLE SENADO DE LA NACION,SUBSECRETARIO DE INTEGRACION SOCIO URBANA,82753812.79,213251.83,0.00,2837947.29,https://datos.jus.gob.ar/dataset/declaraciones-juradas-patrimoniales-integrales,sí · identidad confirmada
dip-pareja-sebastian,Sebastián Pareja,Diputados nacionales,Buenos Aires,PAREJA SEBASTIAN MIGUEL,d9ee4d21f00136c3,identidad_confirmada_cruce_oficial,2024,Anual,0,799809,HONORABLE SENADO DE LA NACION,SUBSECRETARIO DE INTEGRACION SOCIO URBANA,130417981.54,89883.58,0.00,37017550.06,https://datos.jus.gob.ar/dataset/declaraciones-juradas-patrimoniales-integrales,sí · identidad confirmada
dip-parola-maria-graciela,María Graciela Parola,Diputados nacionales,Formosa,PAROLA MARIA GRACIELA,c3bbc9b0a108b526,identidad_confirmada_cruce_oficial,2018,Anual,0,410895,MINISTERIO DE LA COMUNIDAD,DIPUTADO NACIONAL,40427.10,0.00,171300.00,1540785.62,https://datos.jus.gob.ar/dataset/declaraciones-juradas-patrimoniales-integrales,sí · identidad confirmada
dip-parola-maria-graciela,María Graciela Parola,Diputados nacionales,Formosa,PAROLA MARIA GRACIELA,c3bbc9b0a108b526,identidad_confirmada_cruce_oficial,2019,Anual,0,473710,MINISTERIO SECRETARIA GENERAL DEL PODER EJECUTIVO,DIPUTADA NACIONAL,0.00,0.00,0.00,2315723.66,https://datos.jus.gob.ar/dataset/declaraciones-juradas-patrimoniales-integrales,sí · identidad confirmada
dip-parola-maria-graciela,María Graciela Parola,Diputados nacionales,Formosa,PAROLA MARIA GRACIELA,c3bbc9b0a108b526,identidad_confirmada_cruce_oficial,2020,Anual,0,496010,HONORABLE CAMARA DE DIPUTADOS DE LA NACION,DIPUTADA NACIONAL,0.00,0.00,0.00,2537756.82,https://datos.jus.gob.ar/dataset/declaraciones-juradas-patrimoniales-integrales,sí · identidad confirmada
dip-parola-maria-graciela,María Graciela Parola,Diputados nacionales,Formosa,PAROLA MARIA GRACIELA,c3bbc9b0a108b526,identidad_confirmada_cruce_oficial,2021,Anual,0,580339,HONORABLE CAMARA DE DIPUTADOS DE LA NACION,DIPUTADA NACIONAL,0.00,0.00,0.00,0.00,https://datos.jus.gob.ar/dataset/declaraciones-juradas-patrimoniales-integrales,sí · identidad confirmada
dip-parola-maria-graciela,María Graciela Parola,Diputados nacionales,Formosa,PAROLA MARIA GRACIELA,c3bbc9b0a108b526,identidad_confirmada_cruce_oficial,2022,Anual,0,630983,HONORABLE CAMARA DE DIPUTADOS DE LA NACION,DIPUTADA NACIONAL,0.00,0.00,0.00,0.00,https://datos.jus.gob.ar/dataset/declaraciones-juradas-patrimoniales-integrales,sí · identidad confirmada
dip-parola-maria-graciela,María Graciela Parola,Diputados nacionales,Formosa,PAROLA MARIA GRACIELA,c3bbc9b0a108b526,identidad_confirmada_cruce_oficial,2023,Inicial,0,701394,HONORABLE CAMARA DE DIPUTADOS DE LA NACION,DIPUTADA NACIONAL,0.00,0.00,0.00,0.00,https://datos.jus.gob.ar/dataset/declaraciones-juradas-patrimoniales-integrales,sí · identidad confirmada
dip-parola-maria-graciela,María Graciela Parola,Diputados nacionales,Formosa,PAROLA MARIA GRACIELA,c3bbc9b0a108b526,identidad_confirmada_cruce_oficial,2024,Anual,0,826403,HONORABLE CAMARA DE DIPUTADOS DE LA NACION,DIPUTADA NACIONAL,5965603.73,0.00,3486890.86,42777695.33,https://datos.jus.gob.ar/dataset/declaraciones-juradas-patrimoniales-integrales,sí · identidad confirmada
dip-patino-brizuela-marcos,Marcos Patiño Brizuela,Diputados nacionales,Cordoba,PATIÑO BRIZUELA MARCOS,6d35786c23228b2e,revision_manual_identidad,2024,Anual,0,804957,INSTITUTO NACIONAL DE SERVICIOS SOCIALES PARA JUBI,Director Ejecutivo UGL III,56098230.00,0.00,14519528.96,37331351.96,https://datos.jus.gob.ar/dataset/declaraciones-juradas-patrimoniales-integrales,no · identidad pendiente
dip-paulon-esteban,Esteban Paulón,Diputados nacionales,Santa Fe,PAULON ESTEBAN,483e5ca585b9cd63,identidad_confirmada_cruce_oficial,2022,Anual,0,677450,,Candidato a Diputado,20168750.00,0.00,1966978.21,38871.79,https://datos.jus.gob.ar/dataset/declaraciones-juradas-patrimoniales-integrales,sí · identidad confirmada
dip-paulon-esteban,Esteban Paulón,Diputados nacionales,Santa Fe,PAULON ESTEBAN,483e5ca585b9cd63,identidad_confirmada_cruce_oficial,2023,Anual,0,723879,HONORABLE CAMARA DE DIPUTADOS DE LA NACION,DIPUTADO NACIONAL,14811121.98,0.00,0.00,96703620.00,https://datos.jus.gob.ar/dataset/declaraciones-juradas-patrimoniales-integrales,sí · identidad confirmada
dip-paulon-esteban,Esteban Paulón,Diputados nacionales,Santa Fe,PAULON ESTEBAN,483e5ca585b9cd63,identidad_confirmada_cruce_oficial,2024,Anual,0,822460,HONORABLE CAMARA DE DIPUTADOS DE LA NACION,DIPUTADO NACIONAL,22475211.28,0.00,7579379.30,26505872.17,https://datos.jus.gob.ar/dataset/declaraciones-juradas-patrimoniales-integrales,sí · identidad confirmada
dip-pedrali-gabriela,Gabriela Pedrali,Diputados nacionales,La Rioja,PEDRALI GABRIELA,320e1db059bbc6e6,revision_manual_identidad,2021,Inicial,1,548407,,,7252745.63,0.00,0.00,0.00,https://datos.jus.gob.ar/dataset/declaraciones-juradas-patrimoniales-integrales,no · identidad pendiente
dip-pedrali-gabriela,Gabriela Pedrali,Diputados nacionales,La Rioja,PEDRALI GABRIELA,320e1db059bbc6e6,revision_manual_identidad,2022,Anual,0,657836,,,12910320.52,0.00,2114074.89,0.00,https://datos.jus.gob.ar/dataset/declaraciones-juradas-patrimoniales-integrales,no · identidad pendiente
dip-pedrali-gabriela,Gabriela Pedrali,Diputados nacionales,La Rioja,PEDRALI GABRIELA,320e1db059bbc6e6,revision_manual_identidad,2023,Anual,1,752058,,,35216081.94,0.00,0.00,0.00,https://datos.jus.gob.ar/dataset/declaraciones-juradas-patrimoniales-integrales,no · identidad pendiente
dip-pedrali-gabriela,Gabriela Pedrali,Diputados nacionales,La Rioja,PEDRALI GABRIELA,320e1db059bbc6e6,revision_manual_identidad,2024,Anual,0,807686,,,49165647.81,0.00,0.00,54058020.23,https://datos.jus.gob.ar/dataset/declaraciones-juradas-patrimoniales-integrales,no · identidad pendiente
dip-pelli-federico-agustin,Federico Agustín Pelli,Diputados nacionales,Tucuman,PELLI FEDERICO AGUSTIN,e97067d8209d38fe,revision_manual_identidad,2024,Anual,0,827022,,,2290486540.00,0.00,22824202.04,26359141.96,https://datos.jus.gob.ar/dataset/declaraciones-juradas-patrimoniales-integrales,no · identidad pendiente
dip-peluc-jose,José Peluc,Diputados nacionales,San Juan,PELUC JOSE ASAD,a33a981165168dca,revision_manual_identidad,2017,Baja,0,316419,NACION ADMINISTRADORA DE FONDOS DE JUBILACIONES Y,DIRECTOR,3660010.00,0.00,16944.70,0.00,https://datos.jus.gob.ar/dataset/declaraciones-juradas-patrimoniales-integrales,no · identidad pendiente
dip-peluc-jose,José Peluc,Diputados nacionales,San Juan,PELUC JOSE ASAD,a33a981165168dca,revision_manual_identidad,2022,Anual,0,676734,,DIPUTADO NACIONAL TITULAR EN 1ER TERMINO,10312000.00,0.00,0.00,0.00,https://datos.jus.gob.ar/dataset/declaraciones-juradas-patrimoniales-integrales,no · identidad pendiente
dip-peluc-jose,José Peluc,Diputados nacionales,San Juan,PELUC JOSE ASAD,a33a981165168dca,revision_manual_identidad,2023,Inicial,1,683030,,DIPUTADO NACIONAL,25882000.00,0.00,0.00,0.00,https://datos.jus.gob.ar/dataset/declaraciones-juradas-patrimoniales-integrales,no · identidad pendiente
dip-peluc-jose,José Peluc,Diputados nacionales,San Juan,PELUC JOSE ASAD,a33a981165168dca,revision_manual_identidad,2024,Anual,0,802165,,DIPUTADO NACIONAL,20598307.80,0.00,0.00,50462173.45,https://datos.jus.gob.ar/dataset/declaraciones-juradas-patrimoniales-integrales,no · identidad pendiente
dip-penacca-paula-andrea,Paula Andrea Penacca,Diputados nacionales,Ciudad De Buenos Aires,PENACCA PAULA ANDREA,8325f36c5bc710a0,revision_manual_identidad,2018,Anual,0,412526,,Diputada Nacional,2384321.15,6646250.00,438902.72,1369102.89,https://datos.jus.gob.ar/dataset/declaraciones-juradas-patrimoniales-integrales,no · identidad pendiente
dip-penacca-paula-andrea,Paula Andrea Penacca,Diputados nacionales,Ciudad De Buenos Aires,PENACCA PAULA ANDREA,8325f36c5bc710a0,revision_manual_identidad,2019,Anual,0,458500,,,2989668.31,853922.77,43957.62,1984467.71,https://datos.jus.gob.ar/dataset/declaraciones-juradas-patrimoniales-integrales,no · identidad pendiente
dip-penacca-paula-andrea,Paula Andrea Penacca,Diputados nacionales,Ciudad De Buenos Aires,PENACCA PAULA ANDREA,8325f36c5bc710a0,revision_manual_identidad,2020,Anual,0,530478,HONORABLE CAMARA DE DIPUTADOS DE LA NACION,Diputada,3269025.72,5623750.00,227491.41,1927147.31,https://datos.jus.gob.ar/dataset/declaraciones-juradas-patrimoniales-integrales,no · identidad pendiente
dip-penacca-paula-andrea,Paula Andrea Penacca,Diputados nacionales,Ciudad De Buenos Aires,PENACCA PAULA ANDREA,8325f36c5bc710a0,revision_manual_identidad,2021,Anual,0,601667,HONORABLE CAMARA DE DIPUTADOS DE LA NACION,Diputada Nacional,3879050.12,5623750.00,497876.22,3011749.10,https://datos.jus.gob.ar/dataset/declaraciones-juradas-patrimoniales-integrales,no · identidad pendiente
dip-penacca-paula-andrea,Paula Andrea Penacca,Diputados nacionales,Ciudad De Buenos Aires,PENACCA PAULA ANDREA,8325f36c5bc710a0,revision_manual_identidad,2022,Anual,0,651993,HONORABLE CAMARA DE DIPUTADOS DE LA NACION,Diputada Nacional,8030244.37,4908000.00,3760436.15,5137760.98,https://datos.jus.gob.ar/dataset/declaraciones-juradas-patrimoniales-integrales,no · identidad pendiente
dip-penacca-paula-andrea,Paula Andrea Penacca,Diputados nacionales,Ciudad De Buenos Aires,PENACCA PAULA ANDREA,8325f36c5bc710a0,revision_manual_identidad,2023,Anual,0,757872,HONORABLE CAMARA DE DIPUTADOS DE LA NACION,Diputada,22043239.63,4908000.00,11531463.41,8899845.43,https://datos.jus.gob.ar/dataset/declaraciones-juradas-patrimoniales-integrales,no · identidad pendiente
dip-petri-luis,Luis Petri,Diputados nacionales,Mendoza,PETRI LUIS ALFONSO,fc5982095c4972cc,identidad_confirmada_cruce_oficial,2017,Anual,1,349442,HONORABLE CAMARA DE DIPUTADOS DE LA NACION,DIPUTADO NACIONAL,1060444.96,0.00,297290.39,1127548.70,https://datos.jus.gob.ar/dataset/declaraciones-juradas-patrimoniales-integrales,sí · identidad confirmada
dip-petri-luis,Luis Petri,Diputados nacionales,Mendoza,PETRI LUIS ALFONSO,fc5982095c4972cc,identidad_confirmada_cruce_oficial,2018,Anual,0,387966,HONORABLE CAMARA DE DIPUTADOS DE LA NACION,DIPUTADO NACIONAL,3290110.34,4301660.00,525290.04,1665357.67,https://datos.jus.gob.ar/dataset/declaraciones-juradas-patrimoniales-integrales,sí · identidad confirmada
dip-petri-luis,Luis Petri,Diputados nacionales,Mendoza,PETRI LUIS ALFONSO,fc5982095c4972cc,identidad_confirmada_cruce_oficial,2019,Anual,1,473245,HONORABLE CAMARA DE DIPUTADOS DE LA NACION,DIPUTADO NACIONAL,5132021.55,158482.13,662398.87,2100236.16,https://datos.jus.gob.ar/dataset/declaraciones-juradas-patrimoniales-integrales,sí · identidad confirmada
dip-petri-luis,Luis Petri,Diputados nacionales,Mendoza,PETRI LUIS ALFONSO,fc5982095c4972cc,identidad_confirmada_cruce_oficial,2020,Anual,0,511626,HONORABLE CAMARA DE DIPUTADOS DE LA NACION,DIPUTADO NACIONAL,6419256.08,28252.22,1715762.96,2282799.30,https://datos.jus.gob.ar/dataset/declaraciones-juradas-patrimoniales-integrales,sí · identidad confirmada
dip-petri-luis,Luis Petri,Diputados nacionales,Mendoza,PETRI LUIS ALFONSO,fc5982095c4972cc,identidad_confirmada_cruce_oficial,2021,Baja,0,545008,HONORABLE CAMARA DE DIPUTADOS DE LA NACION,DIPUTADO NACIONAL,7519781.81,0.00,2427198.73,0.00,https://datos.jus.gob.ar/dataset/declaraciones-juradas-patrimoniales-integrales,sí · identidad confirmada
dip-petri-luis,Luis Petri,Diputados nacionales,Mendoza,PETRI LUIS ALFONSO,fc5982095c4972cc,identidad_confirmada_cruce_oficial,2022,Anual,0,679162,HONORABLE CAMARA DE DIPUTADOS DE LA NACION,DIPUTADO NACIONAL,14045771.35,0.00,0.00,1230595.88,https://datos.jus.gob.ar/dataset/declaraciones-juradas-patrimoniales-integrales,sí · identidad confirmada
dip-petri-luis,Luis Petri,Diputados nacionales,Mendoza,PETRI LUIS ALFONSO,fc5982095c4972cc,identidad_confirmada_cruce_oficial,2023,Anual,1,794184,,DIPUTADO NACIONAL,38788089.12,86527.81,0.00,6218567.16,https://datos.jus.gob.ar/dataset/declaraciones-juradas-patrimoniales-integrales,sí · identidad confirmada
dip-petri-luis,Luis Petri,Diputados nacionales,Mendoza,PETRI LUIS ALFONSO,fc5982095c4972cc,identidad_confirmada_cruce_oficial,2024,Anual,1,812687,,DIPUTADO NACIONAL,79622037.65,177000000.00,128260000.00,41826726.44,https://datos.jus.gob.ar/dataset/declaraciones-juradas-patrimoniales-integrales,sí · identidad confirmada
dip-petrovich-maria-lorena,María Lorena Petrovich,Diputados nacionales,Buenos Aires,PETROVICH MARIA LORENA,53ea3e9dfe4d6fb4,identidad_confirmada_cruce_oficial,2022,Anual,0,677608,,DIPUTADO NACIONAL,21601569.57,46953.65,0.00,7664670.60,https://datos.jus.gob.ar/dataset/declaraciones-juradas-patrimoniales-integrales,sí · identidad confirmada
dip-petrovich-maria-lorena,María Lorena Petrovich,Diputados nacionales,Buenos Aires,PETROVICH MARIA LORENA,53ea3e9dfe4d6fb4,identidad_confirmada_cruce_oficial,2024,Anual,0,823727,MINISTERIO DE SEGURIDAD,Directora Nacional de Bienestar,0.00,0.00,0.00,0.00,https://datos.jus.gob.ar/dataset/declaraciones-juradas-patrimoniales-integrales,sí · identidad confirmada
dip-picat-luis-albino,Luis Albino Picat,Diputados nacionales,Cordoba,PICAT LUIS ALBINO,b45cc800f6967209,identidad_confirmada_cruce_oficial,2022,Anual,0,676380,,,80857403.12,0.00,0.00,22520996.34,https://datos.jus.gob.ar/dataset/declaraciones-juradas-patrimoniales-integrales,sí · identidad confirmada
dip-picat-luis-albino,Luis Albino Picat,Diputados nacionales,Cordoba,PICAT LUIS ALBINO,b45cc800f6967209,identidad_confirmada_cruce_oficial,2023,Anual,0,751538,HONORABLE CAMARA DE DIPUTADOS DE LA NACION,Diputado Nacional,367479478.04,0.00,0.00,16732224.95,https://datos.jus.gob.ar/dataset/declaraciones-juradas-patrimoniales-integrales,sí · identidad confirmada
dip-picat-luis-albino,Luis Albino Picat,Diputados nacionales,Cordoba,PICAT LUIS ALBINO,b45cc800f6967209,identidad_confirmada_cruce_oficial,2024,Anual,0,769700,HONORABLE CAMARA DE DIPUTADOS DE LA NACION,Diputado Nacional,611168731.62,19518306.24,94389587.09,71264643.75,https://datos.jus.gob.ar/dataset/declaraciones-juradas-patrimoniales-integrales,sí · identidad confirmada
dip-pichetto-miguel-angel,Miguel Ángel Pichetto,Diputados nacionales,Buenos Aires,PICHETTO MIGUEL ANGEL,1045af7ec60f7a23,identidad_confirmada_cruce_oficial,2017,Anual,0,328634,HONORABLE SENADO DE LA NACION,SENADOR NACIONAL,14988743.37,816744.69,2009624.67,1307919.79,https://datos.jus.gob.ar/dataset/declaraciones-juradas-patrimoniales-integrales,sí · identidad confirmada
dip-pichetto-miguel-angel,Miguel Ángel Pichetto,Diputados nacionales,Buenos Aires,PICHETTO MIGUEL ANGEL,1045af7ec60f7a23,identidad_confirmada_cruce_oficial,2018,Anual,0,395408,HONORABLE SENADO DE LA NACION,SENADOR NACIONAL,16684012.60,7185.75,1885257.96,1492364.26,https://datos.jus.gob.ar/dataset/declaraciones-juradas-patrimoniales-integrales,sí · identidad confirmada
dip-pichetto-miguel-angel,Miguel Ángel Pichetto,Diputados nacionales,Buenos Aires,PICHETTO MIGUEL ANGEL,1045af7ec60f7a23,identidad_confirmada_cruce_oficial,2019,Baja,1,440922,HONORABLE SENADO DE LA NACION,Senador Nacional,17948376.89,46629.40,1109612.94,2022468.01,https://datos.jus.gob.ar/dataset/declaraciones-juradas-patrimoniales-integrales,sí · identidad confirmada
dip-pichetto-miguel-angel,Miguel Ángel Pichetto,Diputados nacionales,Buenos Aires,PICHETTO MIGUEL ANGEL,1045af7ec60f7a23,identidad_confirmada_cruce_oficial,2020,Anual,0,533639,AUDITORIA GENERAL DE LA NACION,AUDITOR GENERAL DE LA NACION,24817172.91,27256.20,3223527.18,2776127.31,https://datos.jus.gob.ar/dataset/declaraciones-juradas-patrimoniales-integrales,sí · identidad confirmada
dip-pichetto-miguel-angel,Miguel Ángel Pichetto,Diputados nacionales,Buenos Aires,PICHETTO MIGUEL ANGEL,1045af7ec60f7a23,identidad_confirmada_cruce_oficial,2021,Anual,0,596674,AUDITORIA GENERAL DE LA NACION,AUDITOR GENERAL DE LA NACION,38187352.77,366299.51,10781395.93,3900705.59,https://datos.jus.gob.ar/dataset/declaraciones-juradas-patrimoniales-integrales,sí · identidad confirmada
dip-pichetto-miguel-angel,Miguel Ángel Pichetto,Diputados nacionales,Buenos Aires,PICHETTO MIGUEL ANGEL,1045af7ec60f7a23,identidad_confirmada_cruce_oficial,2022,Anual,0,665365,AUDITORIA GENERAL DE LA NACION,AUDITOR GENERAL DE LA NACION,57018364.20,2875531.57,17755246.88,6960678.18,https://datos.jus.gob.ar/dataset/declaraciones-juradas-patrimoniales-integrales,sí · identidad confirmada
dip-pichetto-miguel-angel,Miguel Ángel Pichetto,Diputados nacionales,Buenos Aires,PICHETTO MIGUEL ANGEL,1045af7ec60f7a23,identidad_confirmada_cruce_oficial,2023,Anual,0,728297,HONORABLE CAMARA DE DIPUTADOS DE LA NACION,DIPUTADO NACIONAL,183671395.22,1793486.20,101597081.70,14986548.51,https://datos.jus.gob.ar/dataset/declaraciones-juradas-patrimoniales-integrales,sí · identidad confirmada
dip-pichetto-miguel-angel,Miguel Ángel Pichetto,Diputados nacionales,Buenos Aires,PICHETTO MIGUEL ANGEL,1045af7ec60f7a23,identidad_confirmada_cruce_oficial,2024,Anual,0,793396,HONORABLE CAMARA DE DIPUTADOS DE LA NACION,DIPUTADO NACIONAL,366447371.27,2447920.15,156279857.14,41309347.44,https://datos.jus.gob.ar/dataset/declaraciones-juradas-patrimoniales-integrales,sí · identidad confirmada
dip-picon-martinez-nancy-viviana,Nancy Viviana Picón Martínez,Diputados nacionales,San Juan,PICON MARTINEZ NANCY VIVIANA,4879c0d07159fa64,identidad_confirmada_cruce_oficial,2022,Anual,1,677639,,DIPUTADA NACIONAL TITULAR EN PRIMER TERMINO,42810780.00,0.00,0.00,10485521.31,https://datos.jus.gob.ar/dataset/declaraciones-juradas-patrimoniales-integrales,sí · identidad confirmada
dip-picon-martinez-nancy-viviana,Nancy Viviana Picón Martínez,Diputados nacionales,San Juan,PICON MARTINEZ NANCY VIVIANA,4879c0d07159fa64,identidad_confirmada_cruce_oficial,2023,Inicial,0,685506,,DIPUTADA NACIONAL TITULAR EN PRIMER TERMINO,82035000.00,0.00,0.00,0.00,https://datos.jus.gob.ar/dataset/declaraciones-juradas-patrimoniales-integrales,sí · identidad confirmada
dip-pietragalla-corti-horacio,Horacio Pietragalla Corti,Diputados nacionales,Buenos Aires,PIETRAGALLA CORTI HORACIO CESAR,4aeef3c2e853b570,identidad_confirmada_cruce_oficial,2017,Anual,0,276230,HONORABLE CAMARA DE DIPUTADOS DE LA NACION,DIPUTADO NACIONAL,461306.64,0.00,58207.32,253242.78,https://datos.jus.gob.ar/dataset/declaraciones-juradas-patrimoniales-integrales,sí · identidad confirmada
dip-pietragalla-corti-horacio,Horacio Pietragalla Corti,Diputados nacionales,Buenos Aires,PIETRAGALLA CORTI HORACIO CESAR,4aeef3c2e853b570,identidad_confirmada_cruce_oficial,2018,Anual,0,406493,HONORABLE CAMARA DE DIPUTADOS DE LA NACION,DIPUTADO NACIONAL,4445871.62,33870000.00,562681.90,1680705.32,https://datos.jus.gob.ar/dataset/declaraciones-juradas-patrimoniales-integrales,sí · identidad confirmada
dip-pietragalla-corti-horacio,Horacio Pietragalla Corti,Diputados nacionales,Buenos Aires,PIETRAGALLA CORTI HORACIO CESAR,4aeef3c2e853b570,identidad_confirmada_cruce_oficial,2019,Anual,1,477598,MINISTERIO DE JUSTICIA Y DERECHOS HUMANOS,SECRETARIO DE DERECHOS HUMANOS,95938660.00,0.00,2034000.00,2070536.47,https://datos.jus.gob.ar/dataset/declaraciones-juradas-patrimoniales-integrales,sí · identidad confirmada
dip-pietragalla-corti-horacio,Horacio Pietragalla Corti,Diputados nacionales,Buenos Aires,PIETRAGALLA CORTI HORACIO CESAR,4aeef3c2e853b570,identidad_confirmada_cruce_oficial,2020,Anual,1,610698,MINISTERIO DE JUSTICIA Y DERECHOS HUMANOS,SECRETARIO DE DERECHOS HUMANOS,99208720.00,3930000.00,2270750.00,3372272.12,https://datos.jus.gob.ar/dataset/declaraciones-juradas-patrimoniales-integrales,sí · identidad confirmada
dip-pietragalla-corti-horacio,Horacio Pietragalla Corti,Diputados nacionales,Buenos Aires,PIETRAGALLA CORTI HORACIO CESAR,4aeef3c2e853b570,identidad_confirmada_cruce_oficial,2021,Anual,1,610699,MINISTERIO DE JUSTICIA Y DERECHOS HUMANOS,SECRETARIO DE DERECHOS HUMANOS,111001090.00,22850000.00,0.00,4655515.04,https://datos.jus.gob.ar/dataset/declaraciones-juradas-patrimoniales-integrales,sí · identidad confirmada
dip-pietragalla-corti-horacio,Horacio Pietragalla Corti,Diputados nacionales,Buenos Aires,PIETRAGALLA CORTI HORACIO CESAR,4aeef3c2e853b570,identidad_confirmada_cruce_oficial,2022,Anual,0,666224,MINISTERIO DE JUSTICIA Y DERECHOS HUMANOS,SECRETARIO DE DERECHOS HUMANOS,178264520.00,20040000.00,0.00,9896689.31,https://datos.jus.gob.ar/dataset/declaraciones-juradas-patrimoniales-integrales,sí · identidad confirmada
dip-pietragalla-corti-horacio,Horacio Pietragalla Corti,Diputados nacionales,Buenos Aires,PIETRAGALLA CORTI HORACIO CESAR,4aeef3c2e853b570,identidad_confirmada_cruce_oficial,2023,Baja,0,689147,MINISTERIO DE JUSTICIA Y DERECHOS HUMANOS,SECRETARIO DE DERECHOS HUMANOS,39488709.01,14110000.00,122140000.00,20538180.35,https://datos.jus.gob.ar/dataset/declaraciones-juradas-patrimoniales-integrales,sí · identidad confirmada
dip-pietragalla-corti-horacio,Horacio Pietragalla Corti,Diputados nacionales,Buenos Aires,PIETRAGALLA CORTI HORACIO CESAR,4aeef3c2e853b570,identidad_confirmada_cruce_oficial,2024,Anual,0,824282,,DIPUTADO NACIONAL,72587293.10,245440000.00,257600000.00,30003451.02,https://datos.jus.gob.ar/dataset/declaraciones-juradas-patrimoniales-integrales,sí · identidad confirmada
dip-pokoik-lorena,Lorena Pokoik,Diputados nacionales,Ciudad De Buenos Aires,POKOIK LORENA I,8309acfbf02371f8,revision_manual_identidad,2017,Anual,0,312961,LEGISLATURA DE LA CIUDAD AUTONOMA DE BUENOS AIRES,LEGISLADORA GCABA,1391364.24,81771.33,149171.53,1420273.17,https://datos.jus.gob.ar/dataset/declaraciones-juradas-patrimoniales-integrales,no · identidad pendiente
dip-pokoik-lorena,Lorena Pokoik,Diputados nacionales,Ciudad De Buenos Aires,POKOIK LORENA I,8309acfbf02371f8,revision_manual_identidad,2018,Anual,0,382464,LEGISLATURA DE LA CIUDAD AUTONOMA DE BUENOS AIRES,LEGISLADORA GCABA,4909479.03,782383.11,226026.26,1816890.64,https://datos.jus.gob.ar/dataset/declaraciones-juradas-patrimoniales-integrales,no · identidad pendiente
dip-pokoik-lorena,Lorena Pokoik,Diputados nacionales,Ciudad De Buenos Aires,POKOIK LORENA I,8309acfbf02371f8,revision_manual_identidad,2019,Anual,0,442240,LEGISLATURA DE LA CIUDAD AUTONOMA DE BUENOS AIRES,LEGISLADORA GCABA,4940921.43,39642.23,327250.41,2499122.01,https://datos.jus.gob.ar/dataset/declaraciones-juradas-patrimoniales-integrales,no · identidad pendiente
dip-pokoik-lorena,Lorena Pokoik,Diputados nacionales,Ciudad De Buenos Aires,POKOIK LORENA I,8309acfbf02371f8,revision_manual_identidad,2020,Anual,0,512102,LEGISLATURA DE LA CIUDAD AUTONOMA DE BUENOS AIRES,LEGISLADORA GCABA,6132657.52,99890.90,149348.47,3135294.12,https://datos.jus.gob.ar/dataset/declaraciones-juradas-patrimoniales-integrales,no · identidad pendiente
dip-pokoik-lorena,Lorena Pokoik,Diputados nacionales,Ciudad De Buenos Aires,POKOIK LORENA I,8309acfbf02371f8,revision_manual_identidad,2021,Baja,0,558784,LEGISLATURA DE LA CIUDAD AUTONOMA DE BUENOS AIRES,LEGISLADORA GCABA,9353364.77,144312.57,2059534.32,4591500.43,https://datos.jus.gob.ar/dataset/declaraciones-juradas-patrimoniales-integrales,no · identidad pendiente
dip-pokoik-lorena,Lorena Pokoik,Diputados nacionales,Ciudad De Buenos Aires,POKOIK LORENA I,8309acfbf02371f8,revision_manual_identidad,2022,Anual,0,676087,,LEGISLADORA NACIONAL,12114179.37,195652.98,3861189.96,0.00,https://datos.jus.gob.ar/dataset/declaraciones-juradas-patrimoniales-integrales,no · identidad pendiente
dip-pokoik-lorena,Lorena Pokoik,Diputados nacionales,Ciudad De Buenos Aires,POKOIK LORENA I,8309acfbf02371f8,revision_manual_identidad,2023,Anual,0,730133,HONORABLE CAMARA DE DIPUTADOS DE LA NACION,DIPUTADA NACIONAL,34700806.42,531962.96,21807627.16,7500961.01,https://datos.jus.gob.ar/dataset/declaraciones-juradas-patrimoniales-integrales,no · identidad pendiente
dip-pokoik-lorena,Lorena Pokoik,Diputados nacionales,Ciudad De Buenos Aires,POKOIK LORENA I,8309acfbf02371f8,revision_manual_identidad,2024,Anual,0,796202,HONORABLE CAMARA DE DIPUTADOS DE LA NACION,DIPUTADA NACIONAL,80976662.48,2255853.56,38204689.31,36947741.65,https://datos.jus.gob.ar/dataset/declaraciones-juradas-patrimoniales-integrales,no · identidad pendiente
dip-ponce-maria-celeste,María Celeste Ponce,Diputados nacionales,Cordoba,PONCE MARIA CELESTE,bce48e23d16765c4,revision_manual_identidad,2022,Anual,0,677107,,Diputada Nacional,1567000.00,0.00,0.00,0.00,https://datos.jus.gob.ar/dataset/declaraciones-juradas-patrimoniales-integrales,no · identidad pendiente
dip-ponce-maria-celeste,María Celeste Ponce,Diputados nacionales,Cordoba,PONCE MARIA CELESTE,bce48e23d16765c4,revision_manual_identidad,2023,Inicial,0,688021,HONORABLE CAMARA DE DIPUTADOS DE LA NACION,Diputada Nacional,66000000.00,0.00,0.00,0.00,https://datos.jus.gob.ar/dataset/declaraciones-juradas-patrimoniales-integrales,no · identidad pendiente
dip-potenza-luciana,Luciana Potenza,Diputados nacionales,Buenos Aires,POTENZA LUCIANA,bc043dc3a8a5f54f,identidad_confirmada_cruce_oficial,2021,Anual,0,592220,INSTITUTO NACIONAL DE SERVICIOS SOCIALES PARA JUBI,Coordinadora,1711793.50,0.00,2650000.00,522630.20,https://datos.jus.gob.ar/dataset/declaraciones-juradas-patrimoniales-integrales,sí · identidad confirmada
dip-potenza-luciana,Luciana Potenza,Diputados nacionales,Buenos Aires,POTENZA LUCIANA,bc043dc3a8a5f54f,identidad_confirmada_cruce_oficial,2022,Anual,1,676660,INSTITUTO NACIONAL DE SERVICIOS SOCIALES PARA JUBI,Coordinadora,3288398.44,0.00,462462.50,3222708.51,https://datos.jus.gob.ar/dataset/declaraciones-juradas-patrimoniales-integrales,sí · identidad confirmada
dip-potenza-luciana,Luciana Potenza,Diputados nacionales,Buenos Aires,POTENZA LUCIANA,bc043dc3a8a5f54f,identidad_confirmada_cruce_oficial,2023,Anual,1,738496,HONORABLE CAMARA DE DIPUTADOS DE LA NACION,DIPUTADA NACIONAL,14165489.46,0.00,7706139.75,11507590.74,https://datos.jus.gob.ar/dataset/declaraciones-juradas-patrimoniales-integrales,sí · identidad confirmada
dip-potenza-luciana,Luciana Potenza,Diputados nacionales,Buenos Aires,POTENZA LUCIANA,bc043dc3a8a5f54f,identidad_confirmada_cruce_oficial,2024,Anual,0,788063,HONORABLE CAMARA DE DIPUTADOS DE LA NACION,DIPUTADA NACIONAL,29709842.01,0.00,61801000.00,41513581.54,https://datos.jus.gob.ar/dataset/declaraciones-juradas-patrimoniales-integrales,sí · identidad confirmada
dip-propato-agustina-lucrecia,Agustina Lucrecia Propato,Diputados nacionales,Buenos Aires,PROPATO AGUSTINA LUCRECIA,cbce746a23646175,identidad_confirmada_cruce_oficial,2020,Anual,0,541026,,DIPUTADA NACIONAL,7621302.99,653825.46,0.00,2446236.15,https://datos.jus.gob.ar/dataset/declaraciones-juradas-patrimoniales-integrales,sí · identidad confirmada
dip-propato-agustina-lucrecia,Agustina Lucrecia Propato,Diputados nacionales,Buenos Aires,PROPATO AGUSTINA LUCRECIA,cbce746a23646175,identidad_confirmada_cruce_oficial,2021,Anual,0,584658,,DIPUTADA NACIONAL,20981688.57,6538250.00,900619.46,38277750.00,https://datos.jus.gob.ar/dataset/declaraciones-juradas-patrimoniales-integrales,sí · identidad confirmada
dip-propato-agustina-lucrecia,Agustina Lucrecia Propato,Diputados nacionales,Buenos Aires,PROPATO AGUSTINA LUCRECIA,cbce746a23646175,identidad_confirmada_cruce_oficial,2022,Anual,0,655540,HONORABLE CAMARA DE DIPUTADOS DE LA NACION,diputada nacional,26367572.22,6452330.00,0.00,26816640.00,https://datos.jus.gob.ar/dataset/declaraciones-juradas-patrimoniales-integrales,sí · identidad confirmada
dip-propato-agustina-lucrecia,Agustina Lucrecia Propato,Diputados nacionales,Buenos Aires,PROPATO AGUSTINA LUCRECIA,cbce746a23646175,identidad_confirmada_cruce_oficial,2023,Anual,0,758505,HONORABLE CAMARA DE DIPUTADOS DE LA NACION,DIPUTADA NACIONAL,86196311.13,0.00,0.00,12525396.44,https://datos.jus.gob.ar/dataset/declaraciones-juradas-patrimoniales-integrales,sí · identidad confirmada
dip-propato-agustina-lucrecia,Agustina Lucrecia Propato,Diputados nacionales,Buenos Aires,PROPATO AGUSTINA LUCRECIA,cbce746a23646175,identidad_confirmada_cruce_oficial,2024,Anual,0,779570,,DIPUTADA NACIONAL,171308394.68,0.00,0.00,43356946.69,https://datos.jus.gob.ar/dataset/declaraciones-juradas-patrimoniales-integrales,sí · identidad confirmada
dip-quintar-manuel,Manuel Quintar,Diputados nacionales,Jujuy,QUINTAR MANUEL,5ed57882b503d671,identidad_confirmada_cruce_oficial,2023,Anual,0,751695,HONORABLE CAMARA DE DIPUTADOS DE LA NACION,DIPUTADO NACIONAL,252255203.64,0.00,0.00,48383025.16,https://datos.jus.gob.ar/dataset/declaraciones-juradas-patrimoniales-integrales,sí · identidad confirmada
dip-quintar-manuel,Manuel Quintar,Diputados nacionales,Jujuy,QUINTAR MANUEL,5ed57882b503d671,identidad_confirmada_cruce_oficial,2024,Anual,0,825553,HONORABLE CAMARA DE DIPUTADOS DE LA NACION,DIPUTADO NACIONAL,231635753.22,0.00,0.00,72905777.90,https://datos.jus.gob.ar/dataset/declaraciones-juradas-patrimoniales-integrales,sí · identidad confirmada
dip-rauschenberger-ariel,Ariel Rauschenberger,Diputados nacionales,La Pampa,RAUSCHENBERGER ARIEL,6bea597fb4e29583,identidad_confirmada_cruce_oficial,2017,Anual,0,332867,HONORABLE CAMARA DE DIPUTADOS DE LA NACION,DIPUTADO NACIONAL,3396594.07,15619.90,296730.82,654599.57,https://datos.jus.gob.ar/dataset/declaraciones-juradas-patrimoniales-integrales,sí · identidad confirmada
dip-rauschenberger-ariel,Ariel Rauschenberger,Diputados nacionales,La Pampa,RAUSCHENBERGER ARIEL,6bea597fb4e29583,identidad_confirmada_cruce_oficial,2018,Anual,0,379276,HONORABLE CAMARA DE DIPUTADOS DE LA NACION,DIPUTADO NACIONAL,4527065.82,21743.92,900822.66,1586598.50,https://datos.jus.gob.ar/dataset/declaraciones-juradas-patrimoniales-integrales,sí · identidad confirmada
dip-rauschenberger-ariel,Ariel Rauschenberger,Diputados nacionales,La Pampa,RAUSCHENBERGER ARIEL,6bea597fb4e29583,identidad_confirmada_cruce_oficial,2019,Anual,0,459665,HONORABLE CAMARA DE DIPUTADOS DE LA NACION,Diputado Nacional,5991791.60,33052.51,1428659.93,2646818.03,https://datos.jus.gob.ar/dataset/declaraciones-juradas-patrimoniales-integrales,sí · identidad confirmada
dip-rauschenberger-ariel,Ariel Rauschenberger,Diputados nacionales,La Pampa,RAUSCHENBERGER ARIEL,6bea597fb4e29583,identidad_confirmada_cruce_oficial,2020,Anual,0,520697,HONORABLE CAMARA DE DIPUTADOS DE LA NACION,DIPUTADO NACIONAL,12487245.66,40259.03,2072308.83,2546928.96,https://datos.jus.gob.ar/dataset/declaraciones-juradas-patrimoniales-integrales,sí · identidad confirmada
dip-rauschenberger-ariel,Ariel Rauschenberger,Diputados nacionales,La Pampa,RAUSCHENBERGER ARIEL,6bea597fb4e29583,identidad_confirmada_cruce_oficial,2021,Baja,0,547307,HONORABLE CAMARA DE DIPUTADOS DE LA NACION,Diputado Nacional,16835917.18,26301.90,2934280.98,1166870.89,https://datos.jus.gob.ar/dataset/declaraciones-juradas-patrimoniales-integrales,sí · identidad confirmada
dip-rauschenberger-ariel,Ariel Rauschenberger,Diputados nacionales,La Pampa,RAUSCHENBERGER ARIEL,6bea597fb4e29583,identidad_confirmada_cruce_oficial,2023,Anual,1,744154,HONORABLE CAMARA DE DIPUTADOS DE LA NACION,Diputado Nacional,127433783.01,230061.86,55045220.05,.12331917.34,https://datos.jus.gob.ar/dataset/declaraciones-juradas-patrimoniales-integrales,sí · identidad confirmada
dip-rauschenberger-ariel,Ariel Rauschenberger,Diputados nacionales,La Pampa,RAUSCHENBERGER ARIEL,6bea597fb4e29583,identidad_confirmada_cruce_oficial,2024,Anual,0,791491,HONORABLE CAMARA DE DIPUTADOS DE LA NACION,Diputado Nacional,252990623.92,454509.06,88509939.45,18857861.45,https://datos.jus.gob.ar/dataset/declaraciones-juradas-patrimoniales-integrales,sí · identidad confirmada
dip-razzini-veronica,Verónica Razzini,Diputados nacionales,Santa Fe,RAZZINI VERONICA GABRIELA,63ecebbf83f648a5,revision_manual_identidad,2022,Inicial,0,677926,,DIPUTADA NACIONAL,8266212.49,0.00,0.00,0.00,https://datos.jus.gob.ar/dataset/declaraciones-juradas-patrimoniales-integrales,no · identidad pendiente
dip-razzini-veronica,Verónica Razzini,Diputados nacionales,Santa Fe,RAZZINI VERONICA GABRIELA,63ecebbf83f648a5,revision_manual_identidad,2023,Anual,0,730535,,DIPUTADA NACIONAL,40107949.77,25786876.90,0.00,27256728.28,https://datos.jus.gob.ar/dataset/declaraciones-juradas-patrimoniales-integrales,no · identidad pendiente
dip-rizzotti-jorge,Jorge Rizzotti,Diputados nacionales,Jujuy,RIZZOTTI JORGE RAUL,0d2a10d239987f03,identidad_confirmada_cruce_oficial,2019,Anual,0,547161,MINISTERIO DE INFRAESTRUCTURA -SERVICIOS PUBLICOS-,MINISTRO DE INFRAESTRUCTURA Y SERVICIOS PUBLICOS,7174831.77,238766.70,2917698.14,1559702.09,https://datos.jus.gob.ar/dataset/declaraciones-juradas-patrimoniales-integrales,sí · identidad confirmada
dip-rizzotti-jorge,Jorge Rizzotti,Diputados nacionales,Jujuy,RIZZOTTI JORGE RAUL,0d2a10d239987f03,identidad_confirmada_cruce_oficial,2020,Anual,0,543088,MINISTERIO DE INFRAESTRUCTURA -SERVICIOS PUBLICOS-,MINISTRO DE INFRAESTRUCTURA Y SERVICIOPUBLICO,6921283.84,358032.24,1644404.24,2033899.46,https://datos.jus.gob.ar/dataset/declaraciones-juradas-patrimoniales-integrales,sí · identidad confirmada
dip-rizzotti-jorge,Jorge Rizzotti,Diputados nacionales,Jujuy,RIZZOTTI JORGE RAUL,0d2a10d239987f03,identidad_confirmada_cruce_oficial,2021,Anual,0,609915,MINISTERIO DE INFRAESTRUCTURA -SERVICIOS PUBLICOS-,MINISTERIO DE INFRAESTRUCTURA Y SERVICIOS,9662732.23,244074.15,1888718.92,2227633.32,https://datos.jus.gob.ar/dataset/declaraciones-juradas-patrimoniales-integrales,sí · identidad confirmada
dip-rizzotti-jorge,Jorge Rizzotti,Diputados nacionales,Jujuy,RIZZOTTI JORGE RAUL,0d2a10d239987f03,identidad_confirmada_cruce_oficial,2022,Anual,0,679968,,DIPUTADO NACIONAL,28736958.42,472730.92,6784745.09,8376699.32,https://datos.jus.gob.ar/dataset/declaraciones-juradas-patrimoniales-integrales,sí · identidad confirmada
dip-rizzotti-jorge,Jorge Rizzotti,Diputados nacionales,Jujuy,RIZZOTTI JORGE RAUL,0d2a10d239987f03,identidad_confirmada_cruce_oficial,2023,Anual,0,754909,,DIPUTADO NACIONAL,60042502.99,2903577.09,259648350.00,16233711.99,https://datos.jus.gob.ar/dataset/declaraciones-juradas-patrimoniales-integrales,sí · identidad confirmada
dip-rizzotti-jorge,Jorge Rizzotti,Diputados nacionales,Jujuy,RIZZOTTI JORGE RAUL,0d2a10d239987f03,identidad_confirmada_cruce_oficial,2024,Anual,0,823670,HONORABLE CAMARA DE DIPUTADOS DE LA NACION,DIPUTADO NACIONAL,167528553.60,6093329.15,52667499.84,63889595.49,https://datos.jus.gob.ar/dataset/declaraciones-juradas-patrimoniales-integrales,sí · identidad confirmada
dip-rodriguez-machado-laura-elena,Laura Elena Rodríguez Machado,Diputados nacionales,Cordoba,RODRIGUEZ MACHADO LAURA ELENA,30a2f39836dd84c8,identidad_confirmada_cruce_oficial,2017,Anual,0,325028,HONORABLE SENADO DE LA NACION,SENADORA NACIONAL,3047676.77,8684770.00,0.00,1237943.70,https://datos.jus.gob.ar/dataset/declaraciones-juradas-patrimoniales-integrales,sí · identidad confirmada
dip-rodriguez-machado-laura-elena,Laura Elena Rodríguez Machado,Diputados nacionales,Cordoba,RODRIGUEZ MACHADO LAURA ELENA,30a2f39836dd84c8,identidad_confirmada_cruce_oficial,2018,Anual,0,390692,,SENADORA DE LA NACION,4557078.74,6684440.00,1500504.23,1463603.98,https://datos.jus.gob.ar/dataset/declaraciones-juradas-patrimoniales-integrales,sí · identidad confirmada
dip-rodriguez-machado-laura-elena,Laura Elena Rodríguez Machado,Diputados nacionales,Cordoba,RODRIGUEZ MACHADO LAURA ELENA,30a2f39836dd84c8,identidad_confirmada_cruce_oficial,2019,Anual,0,468150,,SENADORA DE LA NACION,6061677.31,3765000.00,1504598.57,1843375.67,https://datos.jus.gob.ar/dataset/declaraciones-juradas-patrimoniales-integrales,sí · identidad confirmada
dip-rodriguez-machado-laura-elena,Laura Elena Rodríguez Machado,Diputados nacionales,Cordoba,RODRIGUEZ MACHADO LAURA ELENA,30a2f39836dd84c8,identidad_confirmada_cruce_oficial,2020,Anual,0,531616,HONORABLE SENADO DE LA NACION,SENADORA NACIONAL,12256763.16,1246000.00,37840520.00,2089367.81,https://datos.jus.gob.ar/dataset/declaraciones-juradas-patrimoniales-integrales,sí · identidad confirmada
dip-rodriguez-machado-laura-elena,Laura Elena Rodríguez Machado,Diputados nacionales,Cordoba,RODRIGUEZ MACHADO LAURA ELENA,30a2f39836dd84c8,identidad_confirmada_cruce_oficial,2021,Anual,0,598698,,DIPUTADA NACIONAL,17671215.05,0.00,40000000.00,2691023.44,https://datos.jus.gob.ar/dataset/declaraciones-juradas-patrimoniales-integrales,sí · identidad confirmada
dip-rodriguez-machado-laura-elena,Laura Elena Rodríguez Machado,Diputados nacionales,Cordoba,RODRIGUEZ MACHADO LAURA ELENA,30a2f39836dd84c8,identidad_confirmada_cruce_oficial,2023,Anual,0,716625,,DIPUTADA NACIONAL,103968574.62,0.00,78566457.70,10648943.25,https://datos.jus.gob.ar/dataset/declaraciones-juradas-patrimoniales-integrales,sí · identidad confirmada
dip-rodriguez-machado-laura-elena,Laura Elena Rodríguez Machado,Diputados nacionales,Cordoba,RODRIGUEZ MACHADO LAURA ELENA,30a2f39836dd84c8,identidad_confirmada_cruce_oficial,2024,Anual,0,786665,,DIPUTADA NACIONAL,219362859.35,0.00,101813988.91,46847295.82,https://datos.jus.gob.ar/dataset/declaraciones-juradas-patrimoniales-integrales,sí · identidad confirmada
dip-rossi-agustin-oscar,Agustín Oscar Rossi,Diputados nacionales,Santa Fe,ROSSI AGUSTIN OSCAR,dd3b0846f5de54c0,identidad_confirmada_cruce_oficial,2017,Anual,0,275223,HONORABLE CAMARA DE DIPUTADOS DE LA NACION,DIPUTADO NACIONAL,1272637.18,4000000.00,141883.07,0.00,https://datos.jus.gob.ar/dataset/declaraciones-juradas-patrimoniales-integrales,sí · identidad confirmada
dip-rossi-agustin-oscar,Agustín Oscar Rossi,Diputados nacionales,Santa Fe,ROSSI AGUSTIN OSCAR,dd3b0846f5de54c0,identidad_confirmada_cruce_oficial,2018,Anual,0,371419,HONORABLE CAMARA DE DIPUTADOS DE LA NACION,DIPUTADO NACIONAL,3494973.58,4000000.00,582826.88,1761787.78,https://datos.jus.gob.ar/dataset/declaraciones-juradas-patrimoniales-integrales,sí · identidad confirmada
dip-rossi-agustin-oscar,Agustín Oscar Rossi,Diputados nacionales,Santa Fe,ROSSI AGUSTIN OSCAR,dd3b0846f5de54c0,identidad_confirmada_cruce_oficial,2019,Anual,0,463372,MINISTERIO DE DEFENSA,MINISTRO DE DEFENSA,5495748.35,423852.37,700149.26,2476725.48,https://datos.jus.gob.ar/dataset/declaraciones-juradas-patrimoniales-integrales,sí · identidad confirmada
dip-rossi-agustin-oscar,Agustín Oscar Rossi,Diputados nacionales,Santa Fe,ROSSI AGUSTIN OSCAR,dd3b0846f5de54c0,identidad_confirmada_cruce_oficial,2020,Anual,0,518844,MINISTERIO DE DEFENSA,MINISTRO DE DEFENSA,7732015.73,12276.01,1124720.22,3645195.15,https://datos.jus.gob.ar/dataset/declaraciones-juradas-patrimoniales-integrales,sí · identidad confirmada
dip-rossi-agustin-oscar,Agustín Oscar Rossi,Diputados nacionales,Santa Fe,ROSSI AGUSTIN OSCAR,dd3b0846f5de54c0,identidad_confirmada_cruce_oficial,2021,Baja,1,551459,MINISTERIO DE DEFENSA,MINISTRO DE DEFENSA,8823791.63,0.00,642926.33,2490007.35,https://datos.jus.gob.ar/dataset/declaraciones-juradas-patrimoniales-integrales,sí · identidad confirmada
dip-rossi-agustin-oscar,Agustín Oscar Rossi,Diputados nacionales,Santa Fe,ROSSI AGUSTIN OSCAR,dd3b0846f5de54c0,identidad_confirmada_cruce_oficial,2022,Anual,1,668186,AGENCIA FEDERAL DE INTELIGENCIA,INTERVENTOR DE LA AGENCIA FEDERAL DE INTELIGENCIA,16108223.86,40003.32,2650869.57,6620238.01,https://datos.jus.gob.ar/dataset/declaraciones-juradas-patrimoniales-integrales,sí · identidad confirmada
dip-rossi-agustin-oscar,Agustín Oscar Rossi,Diputados nacionales,Santa Fe,ROSSI AGUSTIN OSCAR,dd3b0846f5de54c0,identidad_confirmada_cruce_oficial,2023,Baja,0,688451,JEFATURA DE GABINETE DE MINISTROS,JEFE DE GABINETE DE MINISTROS DE LA NACIÓN,26142227.78,0.00,0.00,18935125.21,https://datos.jus.gob.ar/dataset/declaraciones-juradas-patrimoniales-integrales,sí · identidad confirmada
dip-ruiz-yamila,Yamila Ruíz,Diputados nacionales,Misiones,RUIZ YAMILA LISETTE,c2a65e5fe2045b05,revision_manual_identidad,2022,Inicial,0,675440,HONORABLE CAMARA DE REPRESENTANTES,DIPUTADA NACIONAL,30840530.00,0.00,0.00,0.00,https://datos.jus.gob.ar/dataset/declaraciones-juradas-patrimoniales-integrales,no · identidad pendiente
dip-ruiz-yamila,Yamila Ruíz,Diputados nacionales,Misiones,RUIZ YAMILA LISETTE,c2a65e5fe2045b05,revision_manual_identidad,2023,Inicial,0,689349,HONORABLE CAMARA DE DIPUTADOS DE LA NACION,DIPUTADA NACIONAL,98064880.00,0.00,0.00,0.00,https://datos.jus.gob.ar/dataset/declaraciones-juradas-patrimoniales-integrales,no · identidad pendiente
dip-ruiz-yamila,Yamila Ruíz,Diputados nacionales,Misiones,RUIZ YAMILA LISETTE,c2a65e5fe2045b05,revision_manual_identidad,2024,Anual,0,828028,HONORABLE CAMARA DE DIPUTADOS DE LA NACION,DIPUTADA NACIONAL,372838170.00,144638640.00,0.00,369427700.00,https://datos.jus.gob.ar/dataset/declaraciones-juradas-patrimoniales-integrales,no · identidad pendiente
dip-salzmann-marina-dorotea,Marina Dorotea Salzmann,Diputados nacionales,Buenos Aires,SALZMANN MARINA DOROTEA,05c7d7fdce55404b,revision_manual_identidad,2024,Anual,0,824550,MUNICIPALIDAD DE MARCOS PAZ,CONCEJAL MUNICIPALIDAD MARCOS PAZ,90827441.62,0.00,0.00,27286941.28,https://datos.jus.gob.ar/dataset/declaraciones-juradas-patrimoniales-integrales,no · identidad pendiente
dip-sanchez-wrba-javier,Javier Sánchez Wrba,Diputados nacionales,Buenos Aires,SANCHEZ WRBA JAVIER,896127c0618fe88b,revision_manual_identidad,2017,Anual,0,332924,HONORABLE SENADO DE LA NACION,Director General de Relaciones Parlamentarias,3488737.07,3500.00,27816.78,1489552.38,https://datos.jus.gob.ar/dataset/declaraciones-juradas-patrimoniales-integrales,no · identidad pendiente
dip-sanchez-wrba-javier,Javier Sánchez Wrba,Diputados nacionales,Buenos Aires,SANCHEZ WRBA JAVIER,896127c0618fe88b,revision_manual_identidad,2018,Anual,0,411210,HONORABLE SENADO DE LA NACION,Director General de Relaciones Parlamentarias,4812185.31,2317.67,906374.13,1785895.99,https://datos.jus.gob.ar/dataset/declaraciones-juradas-patrimoniales-integrales,no · identidad pendiente
dip-sanchez-wrba-javier,Javier Sánchez Wrba,Diputados nacionales,Buenos Aires,SANCHEZ WRBA JAVIER,896127c0618fe88b,revision_manual_identidad,2019,Baja,0,419818,HONORABLE SENADO DE LA NACION,Director Gral de Relaciones Parlamentarias,1745884.52,0.00,0.00,1290241.49,https://datos.jus.gob.ar/dataset/declaraciones-juradas-patrimoniales-integrales,no · identidad pendiente
dip-sanchez-wrba-javier,Javier Sánchez Wrba,Diputados nacionales,Buenos Aires,SANCHEZ WRBA JAVIER,896127c0618fe88b,revision_manual_identidad,2020,Anual,0,540679,,Diputado Nacional,6890450.46,505.31,0.00,1590748.76,https://datos.jus.gob.ar/dataset/declaraciones-juradas-patrimoniales-integrales,no · identidad pendiente
dip-sanchez-wrba-javier,Javier Sánchez Wrba,Diputados nacionales,Buenos Aires,SANCHEZ WRBA JAVIER,896127c0618fe88b,revision_manual_identidad,2023,Anual,0,752242,HONORABLE SENADO DE LA NACION,Prosecretario Parlamentario de Bloque en el Senado,57930626.09,2070756.18,34506643.92,6764421.44,https://datos.jus.gob.ar/dataset/declaraciones-juradas-patrimoniales-integrales,no · identidad pendiente
dip-sanchez-wrba-javier,Javier Sánchez Wrba,Diputados nacionales,Buenos Aires,SANCHEZ WRBA JAVIER,896127c0618fe88b,revision_manual_identidad,2024,Anual,0,811612,HONORABLE SENADO DE LA NACION,Prosecretario Parlamentario de Bloque en el Senado,112480431.17,212889.22,21471852.54,57292712.13,https://datos.jus.gob.ar/dataset/declaraciones-juradas-patrimoniales-integrales,no · identidad pendiente
dip-scaglia-gisela,Gisela Scaglia,Diputados nacionales,Santa Fe,SCAGLIA GISELA,a26fa0aadbab7350,identidad_confirmada_cruce_oficial,2017,Anual,0,279363,PODER LEGISLATIVO CAMARA DE DIPUTADOS,DIPUTADA NACIONAL POR LA PROVINCIA DE SANTA FE,7780690.00,227753.53,569373.43,877693.90,https://datos.jus.gob.ar/dataset/declaraciones-juradas-patrimoniales-integrales,sí · identidad confirmada
dip-scaglia-gisela,Gisela Scaglia,Diputados nacionales,Santa Fe,SCAGLIA GISELA,a26fa0aadbab7350,identidad_confirmada_cruce_oficial,2018,Anual,0,367034,PODER LEGISLATIVO CAMARA DE DIPUTADOS,DIPUTADA NACIONAL POR LA PROVINCIA DE SANTA FE,8095870.00,102196.81,280734.87,1125375.06,https://datos.jus.gob.ar/dataset/declaraciones-juradas-patrimoniales-integrales,sí · identidad confirmada
dip-scaglia-gisela,Gisela Scaglia,Diputados nacionales,Santa Fe,SCAGLIA GISELA,a26fa0aadbab7350,identidad_confirmada_cruce_oficial,2019,Anual,0,461544,PODER LEGISLATIVO CAMARA DE DIPUTADOS,DIPUTADA NACIONAL POR LA PROVINCIA DE SANTA FE,1710071.23,16666.67,634178.48,1782109.25,https://datos.jus.gob.ar/dataset/declaraciones-juradas-patrimoniales-integrales,sí · identidad confirmada
dip-scaglia-gisela,Gisela Scaglia,Diputados nacionales,Santa Fe,SCAGLIA GISELA,a26fa0aadbab7350,identidad_confirmada_cruce_oficial,2020,Anual,0,516312,PODER LEGISLATIVO CAMARA DE DIPUTADOS,DIPUTADA NACIONAL POR LA PROVINCIA DE SANTA FE,2456745.27,0.00,563109.62,1658532.34,https://datos.jus.gob.ar/dataset/declaraciones-juradas-patrimoniales-integrales,sí · identidad confirmada
dip-scaglia-gisela,Gisela Scaglia,Diputados nacionales,Santa Fe,SCAGLIA GISELA,a26fa0aadbab7350,identidad_confirmada_cruce_oficial,2021,Baja,0,544949,PODER LEGISLATIVO CAMARA DE DIPUTADOS,DIPUTADO NACIONAL POR LA PROVINCIA DE SANTA FE,2793012.41,0.00,660799.15,2189560.04,https://datos.jus.gob.ar/dataset/declaraciones-juradas-patrimoniales-integrales,sí · identidad confirmada
dip-scaglia-gisela,Gisela Scaglia,Diputados nacionales,Santa Fe,SCAGLIA GISELA,a26fa0aadbab7350,identidad_confirmada_cruce_oficial,2024,Anual,2,822298,,DIPUTADA NACIONAL,58142090.72,0.00,840566460.00,1633136940.00,https://datos.jus.gob.ar/dataset/declaraciones-juradas-patrimoniales-integrales,sí · identidad confirmada
dip-schiaretti-juan,Juan Schiaretti,Diputados nacionales,Cordoba,SCHIARETTI JUAN,ff1a986c69df41aa,revision_manual_identidad,2022,Anual,0,676435,,PRESIDENTE DE LA NACION,80193602.91,23320.38,0.00,5633638.45,https://datos.jus.gob.ar/dataset/declaraciones-juradas-patrimoniales-integrales,no · identidad pendiente
dip-selva-sabrina,Sabrina Selva,Diputados nacionales,Buenos Aires,SELVA SABRINA,d472d0056b2da275,identidad_confirmada_cruce_oficial,2022,Anual,0,669168,ADMINISTRACION DE PARQUES NACIONALES,Jefa de Gabinete Adm. Parque Nacionales,18000000.00,0.00,329535.04,2129535.04,https://datos.jus.gob.ar/dataset/declaraciones-juradas-patrimoniales-integrales,sí · identidad confirmada
dip-selva-sabrina,Sabrina Selva,Diputados nacionales,Buenos Aires,SELVA SABRINA,d472d0056b2da275,identidad_confirmada_cruce_oficial,2023,Anual,0,714466,HONORABLE CAMARA DE DIPUTADOS DE LA NACION,DIPUTADA NACIONAL,9361410.07,877794.36,3872083.55,6177626.98,https://datos.jus.gob.ar/dataset/declaraciones-juradas-patrimoniales-integrales,sí · identidad confirmada
dip-selva-sabrina,Sabrina Selva,Diputados nacionales,Buenos Aires,SELVA SABRINA,d472d0056b2da275,identidad_confirmada_cruce_oficial,2024,Anual,0,786947,HONORABLE CAMARA DE DIPUTADOS DE LA NACION,DIPUTADA NACIONAL,16840973.08,3263791.16,9865559.81,14959126.02,https://datos.jus.gob.ar/dataset/declaraciones-juradas-patrimoniales-integrales,sí · identidad confirmada
dip-serquis-adriana-cristina,Adriana Cristina Serquis,Diputados nacionales,Rio Negro,SERQUIS ADRIANA CRISTINA,ccd1c5aff583d17a,identidad_confirmada_cruce_oficial,2021,Anual,1,750899,COMISION NACIONAL DE ENERGIA ATOMICA,Presidenta,14844764.37,585037.24,5327191.07,3363119.33,https://datos.jus.gob.ar/dataset/declaraciones-juradas-patrimoniales-integrales,sí · identidad confirmada
dip-serquis-adriana-cristina,Adriana Cristina Serquis,Diputados nacionales,Rio Negro,SERQUIS ADRIANA CRISTINA,ccd1c5aff583d17a,identidad_confirmada_cruce_oficial,2022,Anual,2,751920,COMISION NACIONAL DE ENERGIA ATOMICA,Presidenta,27460321.51,0.00,11294430.97,6837985.25,https://datos.jus.gob.ar/dataset/declaraciones-juradas-patrimoniales-integrales,sí · identidad confirmada
dip-serquis-adriana-cristina,Adriana Cristina Serquis,Diputados nacionales,Rio Negro,SERQUIS ADRIANA CRISTINA,ccd1c5aff583d17a,identidad_confirmada_cruce_oficial,2023,Anual,1,750191,COMISION NACIONAL DE ENERGIA ATOMICA,Presidenta,77625596.16,1690078.18,38267942.60,14987020.97,https://datos.jus.gob.ar/dataset/declaraciones-juradas-patrimoniales-integrales,sí · identidad confirmada
dip-serquis-adriana-cristina,Adriana Cristina Serquis,Diputados nacionales,Rio Negro,SERQUIS ADRIANA CRISTINA,ccd1c5aff583d17a,identidad_confirmada_cruce_oficial,2024,Anual,0,787838,,,176139773.01,2809337.08,10348232.40,33275335.11,https://datos.jus.gob.ar/dataset/declaraciones-juradas-patrimoniales-integrales,sí · identidad confirmada
dip-siley-vanesa-raquel,Vanesa Raquel Siley,Diputados nacionales,Buenos Aires,SILEY VANESA RAQUEL,9307405adc08c952,identidad_confirmada_cruce_oficial,2017,Anual,0,278191,HONORABLE CAMARA DE DIPUTADOS DE LA NACION,DIPUTADA NACIONAL DISTRITO PCIA BS AS,1000.00,0.00,0.00,337.34,https://datos.jus.gob.ar/dataset/declaraciones-juradas-patrimoniales-integrales,sí · identidad confirmada
dip-siley-vanesa-raquel,Vanesa Raquel Siley,Diputados nacionales,Buenos Aires,SILEY VANESA RAQUEL,9307405adc08c952,identidad_confirmada_cruce_oficial,2018,Anual,0,365458,HONORABLE CAMARA DE DIPUTADOS DE LA NACION,DIPUTADA NACIONAL DISTRITO PCIA. BS. AS.,9126130.00,0.00,1010299.48,1309041.64,https://datos.jus.gob.ar/dataset/declaraciones-juradas-patrimoniales-integrales,sí · identidad confirmada
dip-siley-vanesa-raquel,Vanesa Raquel Siley,Diputados nacionales,Buenos Aires,SILEY VANESA RAQUEL,9307405adc08c952,identidad_confirmada_cruce_oficial,2019,Anual,1,440014,HONORABLE CAMARA DE DIPUTADOS DE LA NACION,DIPUTADA NACIONAL DISTRITO PCIA. BS. AS.,1220432.42,0.00,2865000.00,1707297.26,https://datos.jus.gob.ar/dataset/declaraciones-juradas-patrimoniales-integrales,sí · identidad confirmada
dip-siley-vanesa-raquel,Vanesa Raquel Siley,Diputados nacionales,Buenos Aires,SILEY VANESA RAQUEL,9307405adc08c952,identidad_confirmada_cruce_oficial,2020,Anual,0,500389,HONORABLE CAMARA DE DIPUTADOS DE LA NACION,DIPUTADA NACIONAL DISTRITO PCIA. BS. AS.,4319813.47,970429.60,283246.04,2412250.92,https://datos.jus.gob.ar/dataset/declaraciones-juradas-patrimoniales-integrales,sí · identidad confirmada
dip-siley-vanesa-raquel,Vanesa Raquel Siley,Diputados nacionales,Buenos Aires,SILEY VANESA RAQUEL,9307405adc08c952,identidad_confirmada_cruce_oficial,2021,Anual,0,574663,HONORABLE CAMARA DE DIPUTADOS DE LA NACION,DIPUTADA NACIONAL DISTRITO PCIA BS. AS.,6655968.86,1470507.09,0.00,3804947.20,https://datos.jus.gob.ar/dataset/declaraciones-juradas-patrimoniales-integrales,sí · identidad confirmada
dip-siley-vanesa-raquel,Vanesa Raquel Siley,Diputados nacionales,Buenos Aires,SILEY VANESA RAQUEL,9307405adc08c952,identidad_confirmada_cruce_oficial,2022,Anual,0,627857,HONORABLE CAMARA DE DIPUTADOS DE LA NACION,DIPUTADA NACIONAL DISTRITO PCIA BS. AS.,8911902.31,332919.70,0.00,5044873.26,https://datos.jus.gob.ar/dataset/declaraciones-juradas-patrimoniales-integrales,sí · identidad confirmada
dip-siley-vanesa-raquel,Vanesa Raquel Siley,Diputados nacionales,Buenos Aires,SILEY VANESA RAQUEL,9307405adc08c952,identidad_confirmada_cruce_oficial,2023,Anual,0,705311,HONORABLE CAMARA DE DIPUTADOS DE LA NACION,DIPUTADA NACIONAL DISTRITO PCIA BS AS,13388542.56,873585.66,2182525.31,13547275.72,https://datos.jus.gob.ar/dataset/declaraciones-juradas-patrimoniales-integrales,sí · identidad confirmada
dip-siley-vanesa-raquel,Vanesa Raquel Siley,Diputados nacionales,Buenos Aires,SILEY VANESA RAQUEL,9307405adc08c952,identidad_confirmada_cruce_oficial,2024,Anual,0,772678,HONORABLE CAMARA DE DIPUTADOS DE LA NACION,DIPUTADA NACIONAL DISTRITO OCIA BS AS,24511237.23,3249706.57,296343.34,37744405.59,https://datos.jus.gob.ar/dataset/declaraciones-juradas-patrimoniales-integrales,sí · identidad confirmada
dip-snopek-guillermo,Guillermo Snopek,Diputados nacionales,Jujuy,SNOPEK GUILLERMO EUGENIO MA,f39d9cca739ca071,revision_manual_identidad,2017,Baja,0,341669,HONORABLE CAMARA DE DIPUTADOS DE LA NACION,Diputado Nacional,1146822.92,440881.52,1283248.06,1479529.83,https://datos.jus.gob.ar/dataset/declaraciones-juradas-patrimoniales-integrales,no · identidad pendiente
dip-snopek-guillermo,Guillermo Snopek,Diputados nacionales,Jujuy,SNOPEK GUILLERMO EUGENIO MA,f39d9cca739ca071,revision_manual_identidad,2018,Anual,0,403185,HONORABLE SENADO DE LA NACION,Senador Nacional,17609190.00,260879.68,278700.48,1804821.91,https://datos.jus.gob.ar/dataset/declaraciones-juradas-patrimoniales-integrales,no · identidad pendiente
dip-snopek-guillermo,Guillermo Snopek,Diputados nacionales,Jujuy,SNOPEK GUILLERMO EUGENIO MA,f39d9cca739ca071,revision_manual_identidad,2019,Anual,0,450794,HONORABLE SENADO DE LA NACION,Senador Nacional,4658108.50,172296.13,2435735.44,2383848.74,https://datos.jus.gob.ar/dataset/declaraciones-juradas-patrimoniales-integrales,no · identidad pendiente
dip-snopek-guillermo,Guillermo Snopek,Diputados nacionales,Jujuy,SNOPEK GUILLERMO EUGENIO MA,f39d9cca739ca071,revision_manual_identidad,2020,Anual,0,515416,HONORABLE SENADO DE LA NACION,HONORABLE SENADO DE LA NACION,6486874.64,169793.91,1802229.64,2703962.20,https://datos.jus.gob.ar/dataset/declaraciones-juradas-patrimoniales-integrales,no · identidad pendiente
dip-snopek-guillermo,Guillermo Snopek,Diputados nacionales,Jujuy,SNOPEK GUILLERMO EUGENIO MA,f39d9cca739ca071,revision_manual_identidad,2021,Anual,0,571560,HONORABLE SENADO DE LA NACION,SENADOR NACIONAL,7744881.27,36899.06,2237699.40,3325018.76,https://datos.jus.gob.ar/dataset/declaraciones-juradas-patrimoniales-integrales,no · identidad pendiente
dip-snopek-guillermo,Guillermo Snopek,Diputados nacionales,Jujuy,SNOPEK GUILLERMO EUGENIO MA,f39d9cca739ca071,revision_manual_identidad,2022,Anual,0,657403,HONORABLE SENADO DE LA NACION,SENADOR NACIONAL,13334942.15,0.00,4448626.82,5407227.60,https://datos.jus.gob.ar/dataset/declaraciones-juradas-patrimoniales-integrales,no · identidad pendiente
dip-snopek-guillermo,Guillermo Snopek,Diputados nacionales,Jujuy,SNOPEK GUILLERMO EUGENIO MA,f39d9cca739ca071,revision_manual_identidad,2023,Anual,0,735838,HONORABLE CAMARA DE DIPUTADOS DE LA NACION,DIPUTADO NACIONAL,489331180.00,0.00,0.00,12502241.07,https://datos.jus.gob.ar/dataset/declaraciones-juradas-patrimoniales-integrales,no · identidad pendiente
dip-snopek-guillermo,Guillermo Snopek,Diputados nacionales,Jujuy,SNOPEK GUILLERMO EUGENIO MA,f39d9cca739ca071,revision_manual_identidad,2024,Anual,0,823901,HONORABLE CAMARA DE DIPUTADOS DE LA NACION,DIPUTADO NACIONAL,815092680.00,0.00,10593745.44,40780887.09,https://datos.jus.gob.ar/dataset/declaraciones-juradas-patrimoniales-integrales,no · identidad pendiente
dip-taiana-jorge,Jorge Taiana,Diputados nacionales,Buenos Aires,TAIANA JORGE ENRIQUE,cc92349857337e63,identidad_confirmada_cruce_oficial,2017,Anual,0,341750,,Legislador del Parlamento del MERCOSUR,3249361.13,0.00,0.00,566735.91,https://datos.jus.gob.ar/dataset/declaraciones-juradas-patrimoniales-integrales,sí · identidad confirmada
dip-taiana-jorge,Jorge Taiana,Diputados nacionales,Buenos Aires,TAIANA JORGE ENRIQUE,cc92349857337e63,identidad_confirmada_cruce_oficial,2018,Anual,0,419284,,Legislador del Parlamento del Mercosur,5534625.31,0.00,237952.61,465657.53,https://datos.jus.gob.ar/dataset/declaraciones-juradas-patrimoniales-integrales,sí · identidad confirmada
dip-taiana-jorge,Jorge Taiana,Diputados nacionales,Buenos Aires,TAIANA JORGE ENRIQUE,cc92349857337e63,identidad_confirmada_cruce_oficial,2019,Anual,0,453677,,SENADOR NACIONAL,8392556.97,0.00,2904926.58,673414.70,https://datos.jus.gob.ar/dataset/declaraciones-juradas-patrimoniales-integrales,sí · identidad confirmada
dip-taiana-jorge,Jorge Taiana,Diputados nacionales,Buenos Aires,TAIANA JORGE ENRIQUE,cc92349857337e63,identidad_confirmada_cruce_oficial,2020,Anual,1,538368,,SENADOR NACIONAL,13594981.65,0.00,3369976.88,3643093.77,https://datos.jus.gob.ar/dataset/declaraciones-juradas-patrimoniales-integrales,sí · identidad confirmada
dip-taiana-jorge,Jorge Taiana,Diputados nacionales,Buenos Aires,TAIANA JORGE ENRIQUE,cc92349857337e63,identidad_confirmada_cruce_oficial,2021,Anual,0,584910,MINISTERIO DE DEFENSA,MINISTRO DE DEFENSA DE LA NACION,32138768.70,170451.79,16292747.49,5501924.60,https://datos.jus.gob.ar/dataset/declaraciones-juradas-patrimoniales-integrales,sí · identidad confirmada
dip-taiana-jorge,Jorge Taiana,Diputados nacionales,Buenos Aires,TAIANA JORGE ENRIQUE,cc92349857337e63,identidad_confirmada_cruce_oficial,2022,Anual,0,658131,MINISTERIO DE DEFENSA,MINISTRO DE DEFENSA DE LA NACIÓN,58877373.38,0.00,23859935.59,11812038.38,https://datos.jus.gob.ar/dataset/declaraciones-juradas-patrimoniales-integrales,sí · identidad confirmada
dip-taiana-jorge,Jorge Taiana,Diputados nacionales,Buenos Aires,TAIANA JORGE ENRIQUE,cc92349857337e63,identidad_confirmada_cruce_oficial,2023,Baja,0,687068,MINISTERIO DE DEFENSA,MINISTRO DE DEFENSA DE LA NACION,77988581.25,0.00,12329579.61,31676776.08,https://datos.jus.gob.ar/dataset/declaraciones-juradas-patrimoniales-integrales,sí · identidad confirmada
dip-taiana-jorge,Jorge Taiana,Diputados nacionales,Buenos Aires,TAIANA JORGE ENRIQUE,cc92349857337e63,identidad_confirmada_cruce_oficial,2024,Anual,0,824913,,CANDIDATO A DIPUTADO NACIONAL,214858726.03,0.00,94863444.38,19766921.62,https://datos.jus.gob.ar/dataset/declaraciones-juradas-patrimoniales-integrales,sí · identidad confirmada
dip-tepp-caren,Caren Tepp,Diputados nacionales,Santa Fe,TEPP CAREN ESTEFANIA,f32b52210919c2b9,identidad_confirmada_cruce_oficial,2024,Anual,0,821669,,Diputados/as Nacionales- Distrito Santa Fe,11373748.33,0.00,0.00,34363954.62,https://datos.jus.gob.ar/dataset/declaraciones-juradas-patrimoniales-integrales,sí · identidad confirmada
dip-tita-paulo-agustin,Paulo Agustín Tita,Diputados nacionales,Tierra Del Fuego,TITA PAULO AGUSTIN,4b87a331a6892734,identidad_confirmada_cruce_oficial,2024,Anual,0,822582,,DIPUTADO NACIONAL,207750161.34,4440092.05,207810950.00,56504861.53,https://datos.jus.gob.ar/dataset/declaraciones-juradas-patrimoniales-integrales,sí · identidad confirmada
dip-todero-pablo,Pablo Todero,Diputados nacionales,Neuquen,TODERO PABLO ALEJANDRO,2061dc2fde05cca3,identidad_confirmada_cruce_oficial,2020,Anual,0,503477,ADMINISTRACION NACIONAL DE LA SEGURIDAD SOCIAL ANS,JEFE REGIONAL SUR 1 ANSESS,9707653.72,0.00,1156574.68,1917080.70,https://datos.jus.gob.ar/dataset/declaraciones-juradas-patrimoniales-integrales,sí · identidad confirmada
dip-todero-pablo,Pablo Todero,Diputados nacionales,Neuquen,TODERO PABLO ALEJANDRO,2061dc2fde05cca3,identidad_confirmada_cruce_oficial,2021,Anual,0,569243,ADMINISTRACION NACIONAL DE LA SEGURIDAD SOCIAL ANS,JEFE REGIONAL SUR 1 ANSESS,11907056.25,0.00,612759.30,3370616.86,https://datos.jus.gob.ar/dataset/declaraciones-juradas-patrimoniales-integrales,sí · identidad confirmada
dip-todero-pablo,Pablo Todero,Diputados nacionales,Neuquen,TODERO PABLO ALEJANDRO,2061dc2fde05cca3,identidad_confirmada_cruce_oficial,2022,Anual,0,664107,ADMINISTRACION NACIONAL DE LA SEGURIDAD SOCIAL ANS,JEFE REGIONAL SUR 1 ANSESS,22541079.52,0.00,7898780.64,5643935.90,https://datos.jus.gob.ar/dataset/declaraciones-juradas-patrimoniales-integrales,sí · identidad confirmada
dip-todero-pablo,Pablo Todero,Diputados nacionales,Neuquen,TODERO PABLO ALEJANDRO,2061dc2fde05cca3,identidad_confirmada_cruce_oficial,2023,Anual,0,713407,HONORABLE CAMARA DE DIPUTADOS DE LA NACION,DIPUTADO NACIONAL,99286396.55,0.00,50221675.32,22441716.60,https://datos.jus.gob.ar/dataset/declaraciones-juradas-patrimoniales-integrales,sí · identidad confirmada
dip-todero-pablo,Pablo Todero,Diputados nacionales,Neuquen,TODERO PABLO ALEJANDRO,2061dc2fde05cca3,identidad_confirmada_cruce_oficial,2024,Anual,0,771514,HONORABLE CAMARA DE DIPUTADOS DE LA NACION,DIPUTADO NACIONAL,214429303.69,0.00,32648584.72,41877025.26,https://datos.jus.gob.ar/dataset/declaraciones-juradas-patrimoniales-integrales,sí · identidad confirmada
dip-tolosa-paz-victoria,Victoria Tolosa Paz,Diputados nacionales,Buenos Aires,TOLOSA PAZ VICTORIA,1a37f479907083ea,revision_manual_identidad,2019,Anual,1,559183,,Presidenta del CNCPS,9251830.70,0.00,3237191.01,1412302.55,https://datos.jus.gob.ar/dataset/declaraciones-juradas-patrimoniales-integrales,no · identidad pendiente
dip-tolosa-paz-victoria,Victoria Tolosa Paz,Diputados nacionales,Buenos Aires,TOLOSA PAZ VICTORIA,1a37f479907083ea,revision_manual_identidad,2020,Anual,1,543870,CONSEJO NACIONAL DE COORDINACION DE POLITICAS SOCI,Presidenta del Consejo Nacional de Coordinacion de,13263593.91,0.00,2737860.39,2931761.52,https://datos.jus.gob.ar/dataset/declaraciones-juradas-patrimoniales-integrales,no · identidad pendiente
dip-tolosa-paz-victoria,Victoria Tolosa Paz,Diputados nacionales,Buenos Aires,TOLOSA PAZ VICTORIA,1a37f479907083ea,revision_manual_identidad,2021,Anual,0,603129,,diputada nacional provincia de buenos aires,21443601.17,0.00,7945636.05,3046263.86,https://datos.jus.gob.ar/dataset/declaraciones-juradas-patrimoniales-integrales,no · identidad pendiente
dip-tolosa-paz-victoria,Victoria Tolosa Paz,Diputados nacionales,Buenos Aires,TOLOSA PAZ VICTORIA,1a37f479907083ea,revision_manual_identidad,2022,Anual,1,676377,MINISTERIO DE DESARROLLO SOCIAL,ministra de desarrollo social de la nacion,46515536.99,63096.84,21387559.77,7458680.96,https://datos.jus.gob.ar/dataset/declaraciones-juradas-patrimoniales-integrales,no · identidad pendiente
dip-tolosa-paz-victoria,Victoria Tolosa Paz,Diputados nacionales,Buenos Aires,TOLOSA PAZ VICTORIA,1a37f479907083ea,revision_manual_identidad,2023,Anual,0,747627,HONORABLE CAMARA DE DIPUTADOS DE LA NACION,DIPUTADA NACIONAL,158961404.55,0.00,91031619.86,27914623.87,https://datos.jus.gob.ar/dataset/declaraciones-juradas-patrimoniales-integrales,no · identidad pendiente
dip-tolosa-paz-victoria,Victoria Tolosa Paz,Diputados nacionales,Buenos Aires,TOLOSA PAZ VICTORIA,1a37f479907083ea,revision_manual_identidad,2024,Anual,0,795673,HONORABLE CAMARA DE DIPUTADOS DE LA NACION,diputada nacional,370992549.92,19865.08,205606314.97,36578188.31,https://datos.jus.gob.ar/dataset/declaraciones-juradas-patrimoniales-integrales,no · identidad pendiente
dip-tomassoni-yamile,Yamile Tomassoni,Diputados nacionales,Santa Fe,TOMASSONI YAMILE VANESA,56b412cde83bd55a,identidad_confirmada_cruce_oficial,2022,Anual,0,676975,,Diputada nacional titular,27500000.00,0.00,0.00,0.00,https://datos.jus.gob.ar/dataset/declaraciones-juradas-patrimoniales-integrales,sí · identidad confirmada
dip-tomassoni-yamile,Yamile Tomassoni,Diputados nacionales,Santa Fe,TOMASSONI YAMILE VANESA,56b412cde83bd55a,identidad_confirmada_cruce_oficial,2024,Anual,0,789931,ADMINISTRACION NACIONAL DE LA SEGURIDAD SOCIAL ANS,Jefe de Oficina,250000000.00,0.00,11622811.92,16243811.92,https://datos.jus.gob.ar/dataset/declaraciones-juradas-patrimoniales-integrales,sí · identidad confirmada
dip-tortoriello-anibal,Aníbal Tortoriello,Diputados nacionales,Rio Negro,TORTORIELLO ANIBAL ANTONIO,674c6c5c4552bc1f,identidad_confirmada_cruce_oficial,2021,Anual,0,582874,HONORABLE CAMARA DE DIPUTADOS DE LA NACION,DIPUTADO NACIONAL,78148268.70,0.00,0.00,13585272.54,https://datos.jus.gob.ar/dataset/declaraciones-juradas-patrimoniales-integrales,sí · identidad confirmada
dip-tortoriello-anibal,Aníbal Tortoriello,Diputados nacionales,Rio Negro,TORTORIELLO ANIBAL ANTONIO,674c6c5c4552bc1f,identidad_confirmada_cruce_oficial,2022,Anual,0,663799,HONORABLE CAMARA DE DIPUTADOS DE LA NACION,DIPUTADO MUNICIPAL,131635526.99,55254511.22,0.00,28873724.07,https://datos.jus.gob.ar/dataset/declaraciones-juradas-patrimoniales-integrales,sí · identidad confirmada
dip-tortoriello-anibal,Aníbal Tortoriello,Diputados nacionales,Rio Negro,TORTORIELLO ANIBAL ANTONIO,674c6c5c4552bc1f,identidad_confirmada_cruce_oficial,2023,Anual,0,735203,HONORABLE CAMARA DE DIPUTADOS DE LA NACION,DIPUTADO NACIONAL,406521759.36,94340143.13,0.00,122458321.85,https://datos.jus.gob.ar/dataset/declaraciones-juradas-patrimoniales-integrales,sí · identidad confirmada
dip-tortoriello-anibal,Aníbal Tortoriello,Diputados nacionales,Rio Negro,TORTORIELLO ANIBAL ANTONIO,674c6c5c4552bc1f,identidad_confirmada_cruce_oficial,2024,Anual,0,787563,HONORABLE CAMARA DE DIPUTADOS DE LA NACION,DIPUTADO NACIONAL,878610061.12,2049866.87,0.00,257042216.84,https://datos.jus.gob.ar/dataset/declaraciones-juradas-patrimoniales-integrales,sí · identidad confirmada
dip-tournier-jose-federico,José Federico Tournier,Diputados nacionales,Corrientes,TOURNIER JOSE FEDERICO,943065d9c20d5425,revision_manual_identidad,2023,Inicial,0,677487,MUNICIPALIDAD DE GOYA,CONSEJAL MUNICIPAL,7088692.31,0.00,0.00,0.00,https://datos.jus.gob.ar/dataset/declaraciones-juradas-patrimoniales-integrales,no · identidad pendiente
dip-treffinger-cesar,César Treffinger,Diputados nacionales,Chubut,TREFFINGER CESAR HERNAN,060a552be0219afd,identidad_confirmada_cruce_oficial,2022,Anual,0,677205,,DIPUTADO NACIONAL,45250876.43,0.00,7800093.29,6730909.41,https://datos.jus.gob.ar/dataset/declaraciones-juradas-patrimoniales-integrales,sí · identidad confirmada
dip-treffinger-cesar,César Treffinger,Diputados nacionales,Chubut,TREFFINGER CESAR HERNAN,060a552be0219afd,identidad_confirmada_cruce_oficial,2023,Anual,0,736008,HONORABLE CAMARA DE DIPUTADOS DE LA NACION,DIPUTADO NACIONAL,114008123.05,0.00,33350274.33,35437691.07,https://datos.jus.gob.ar/dataset/declaraciones-juradas-patrimoniales-integrales,sí · identidad confirmada
dip-treffinger-cesar,César Treffinger,Diputados nacionales,Chubut,TREFFINGER CESAR HERNAN,060a552be0219afd,identidad_confirmada_cruce_oficial,2024,Anual,0,802239,HONORABLE CAMARA DE DIPUTADOS DE LA NACION,DIPUTADO NACIONAL,195014633.23,0.00,52727179.89,76298455.77,https://datos.jus.gob.ar/dataset/declaraciones-juradas-patrimoniales-integrales,sí · identidad confirmada
dip-trotta-nicolas-alfredo,Nicolás Alfredo Trotta,Diputados nacionales,Buenos Aires,TROTTA NICOLAS ALFREDO,bddfb43d8ed5bdf5,identidad_confirmada_cruce_oficial,2019,Anual,0,442631,MINISTERIO DE EDUCACION,Ministro de Educación,5886987.55,0.00,1823164.29,837259.98,https://datos.jus.gob.ar/dataset/declaraciones-juradas-patrimoniales-integrales,sí · identidad confirmada
dip-trotta-nicolas-alfredo,Nicolás Alfredo Trotta,Diputados nacionales,Buenos Aires,TROTTA NICOLAS ALFREDO,bddfb43d8ed5bdf5,identidad_confirmada_cruce_oficial,2020,Anual,0,526372,MINISTERIO DE EDUCACION,Ministro de Educación,8258758.82,0.00,1911187.69,3443019.22,https://datos.jus.gob.ar/dataset/declaraciones-juradas-patrimoniales-integrales,sí · identidad confirmada
dip-trotta-nicolas-alfredo,Nicolás Alfredo Trotta,Diputados nacionales,Buenos Aires,TROTTA NICOLAS ALFREDO,bddfb43d8ed5bdf5,identidad_confirmada_cruce_oficial,2021,Baja,0,543864,MINISTERIO DE EDUCACION,Ministro de Educación,7229679.07,0.00,0.00,2586921.93,https://datos.jus.gob.ar/dataset/declaraciones-juradas-patrimoniales-integrales,sí · identidad confirmada
dip-trotta-nicolas-alfredo,Nicolás Alfredo Trotta,Diputados nacionales,Buenos Aires,TROTTA NICOLAS ALFREDO,bddfb43d8ed5bdf5,identidad_confirmada_cruce_oficial,2024,Anual,0,824889,,Candidato Diputado Nacional,251845328.13,0.00,87494537.17,102044213.74,https://datos.jus.gob.ar/dataset/declaraciones-juradas-patrimoniales-integrales,sí · identidad confirmada
dip-urien-hernan,Hernán Urien,Diputados nacionales,Buenos Aires,URIEN HERNAN,805432631feea0be,revision_manual_identidad,2024,Anual,0,804232,SECRETARIA GENERAL DE LA PRESIDENCIA DE LA NACION,DIRECTOR GENERAL DE PROGRAMAS DE GOBIERNOO,16167171.34,0.00,8470007.45,24637178.79,https://datos.jus.gob.ar/dataset/declaraciones-juradas-patrimoniales-integrales,no · identidad pendiente
dip-valdes-eduardo-felix,Eduardo Félix Valdés,Diputados nacionales,Ciudad De Buenos Aires,VALDES EDUARDO FELIX,158b6bc080014a6e,identidad_confirmada_cruce_oficial,2017,Anual,0,281452,JEFATURA DE GABINETE DE MINISTROS,MIEMBRO PARLASUR,1574159.41,0.00,149722.27,1393161.80,https://datos.jus.gob.ar/dataset/declaraciones-juradas-patrimoniales-integrales,sí · identidad confirmada
dip-valdes-eduardo-felix,Eduardo Félix Valdés,Diputados nacionales,Ciudad De Buenos Aires,VALDES EDUARDO FELIX,158b6bc080014a6e,identidad_confirmada_cruce_oficial,2018,Anual,0,397064,JEFATURA DE GABINETE DE MINISTROS,MIEMBRO PARLASUR,2031280.95,0.00,277080.67,2719014.46,https://datos.jus.gob.ar/dataset/declaraciones-juradas-patrimoniales-integrales,sí · identidad confirmada
dip-valdes-eduardo-felix,Eduardo Félix Valdés,Diputados nacionales,Ciudad De Buenos Aires,VALDES EDUARDO FELIX,158b6bc080014a6e,identidad_confirmada_cruce_oficial,2019,Anual,0,452804,HONORABLE CAMARA DE DIPUTADOS DE LA NACION,DIPUTADO NACIONAL,4048284.08,0.00,650695.15,2544339.73,https://datos.jus.gob.ar/dataset/declaraciones-juradas-patrimoniales-integrales,sí · identidad confirmada
dip-valdes-eduardo-felix,Eduardo Félix Valdés,Diputados nacionales,Ciudad De Buenos Aires,VALDES EDUARDO FELIX,158b6bc080014a6e,identidad_confirmada_cruce_oficial,2020,Anual,1,507869,HONORABLE CAMARA DE DIPUTADOS DE LA NACION,DIPUTADO NACIONAL,7623137.30,0.00,2325645.48,4282029.94,https://datos.jus.gob.ar/dataset/declaraciones-juradas-patrimoniales-integrales,sí · identidad confirmada
dip-valdes-eduardo-felix,Eduardo Félix Valdés,Diputados nacionales,Ciudad De Buenos Aires,VALDES EDUARDO FELIX,158b6bc080014a6e,identidad_confirmada_cruce_oficial,2021,Anual,0,562280,HONORABLE CAMARA DE DIPUTADOS DE LA NACION,DIPUTADO NACIONAL,22862841.27,0.00,136107720.00,2843404.66,https://datos.jus.gob.ar/dataset/declaraciones-juradas-patrimoniales-integrales,sí · identidad confirmada
dip-valdes-eduardo-felix,Eduardo Félix Valdés,Diputados nacionales,Ciudad De Buenos Aires,VALDES EDUARDO FELIX,158b6bc080014a6e,identidad_confirmada_cruce_oficial,2022,Anual,0,639456,HONORABLE CAMARA DE DIPUTADOS DE LA NACION,DIPUTADO NACIONAL,44795487.60,0.00,16715480.02,5694768.43,https://datos.jus.gob.ar/dataset/declaraciones-juradas-patrimoniales-integrales,sí · identidad confirmada
dip-valdes-eduardo-felix,Eduardo Félix Valdés,Diputados nacionales,Ciudad De Buenos Aires,VALDES EDUARDO FELIX,158b6bc080014a6e,identidad_confirmada_cruce_oficial,2023,Anual,0,718437,HONORABLE CAMARA DE DIPUTADOS DE LA NACION,DIPUTADO NACIONAL,153235424.83,0.00,0.00,14452747.26,https://datos.jus.gob.ar/dataset/declaraciones-juradas-patrimoniales-integrales,sí · identidad confirmada
dip-valdes-eduardo-felix,Eduardo Félix Valdés,Diputados nacionales,Ciudad De Buenos Aires,VALDES EDUARDO FELIX,158b6bc080014a6e,identidad_confirmada_cruce_oficial,2024,Anual,0,825331,HONORABLE CAMARA DE DIPUTADOS DE LA NACION,DIPUTADO NACIONAL,235946274.31,67900000.00,84113851.55,43008593.65,https://datos.jus.gob.ar/dataset/declaraciones-juradas-patrimoniales-integrales,sí · identidad confirmada
dip-vancsik-daniel,Daniel Vancsik,Diputados nacionales,Misiones,VANCSIK DANIEL ALFREDO,7774e6b16cc70954,identidad_confirmada_cruce_oficial,2022,Inicial,0,675162,,DIPUTADO NACIONAL,4690478.57,0.00,0.00,0.00,https://datos.jus.gob.ar/dataset/declaraciones-juradas-patrimoniales-integrales,sí · identidad confirmada
dip-vancsik-daniel,Daniel Vancsik,Diputados nacionales,Misiones,VANCSIK DANIEL ALFREDO,7774e6b16cc70954,identidad_confirmada_cruce_oficial,2023,Anual,0,716277,HONORABLE CAMARA DE DIPUTADOS DE LA NACION,DIPUTADO PROVINCIAL,49794500.00,50680000.00,30149500.00,6276272.71,https://datos.jus.gob.ar/dataset/declaraciones-juradas-patrimoniales-integrales,sí · identidad confirmada
dip-vancsik-daniel,Daniel Vancsik,Diputados nacionales,Misiones,VANCSIK DANIEL ALFREDO,7774e6b16cc70954,identidad_confirmada_cruce_oficial,2024,Anual,0,793236,HONORABLE CAMARA DE DIPUTADOS DE LA NACION,DIPUTADO NACIONAL,186269080.00,60020000.00,98000000.00,46827513.71,https://datos.jus.gob.ar/dataset/declaraciones-juradas-patrimoniales-integrales,sí · identidad confirmada
dip-vasquez-patricia,Patricia Vásquez,Diputados nacionales,Buenos Aires,VASQUEZ PATRICIA MARIA,edcb67e6371d839a,identidad_confirmada_cruce_oficial,2017,Anual,1,348399,VASQUEZ PATRICIA MARIA,Directora Caja Ret. Jub. y Pens. Policia Federal,2515885.50,0.00,0.00,0.00,https://datos.jus.gob.ar/dataset/declaraciones-juradas-patrimoniales-integrales,sí · identidad confirmada
dip-vasquez-patricia,Patricia Vásquez,Diputados nacionales,Buenos Aires,VASQUEZ PATRICIA MARIA,edcb67e6371d839a,identidad_confirmada_cruce_oficial,2018,Anual,0,371059,,,26678870.00,0.00,0.00,517992.28,https://datos.jus.gob.ar/dataset/declaraciones-juradas-patrimoniales-integrales,sí · identidad confirmada
dip-vasquez-patricia,Patricia Vásquez,Diputados nacionales,Buenos Aires,VASQUEZ PATRICIA MARIA,edcb67e6371d839a,identidad_confirmada_cruce_oficial,2019,Anual,0,475531,VASQUEZ PATRICIA MARIA,funcionaria,2629911.28,0.00,0.00,1854463.19,https://datos.jus.gob.ar/dataset/declaraciones-juradas-patrimoniales-integrales,sí · identidad confirmada
dip-vasquez-patricia,Patricia Vásquez,Diputados nacionales,Buenos Aires,VASQUEZ PATRICIA MARIA,edcb67e6371d839a,identidad_confirmada_cruce_oficial,2020,Anual,0,540485,,DIPUTADA NACIONAL POR LA PROVINCIA DE BUENOS AIRES,3915076.31,0.00,0.00,0.00,https://datos.jus.gob.ar/dataset/declaraciones-juradas-patrimoniales-integrales,sí · identidad confirmada
dip-vasquez-patricia,Patricia Vásquez,Diputados nacionales,Buenos Aires,VASQUEZ PATRICIA MARIA,edcb67e6371d839a,identidad_confirmada_cruce_oficial,2022,Anual,0,678077,,DIPUTADA NACIONAL POR LA PROVINCIA DE BUENOS AIRES,20176279.76,0.00,13460591.13,18519580.00,https://datos.jus.gob.ar/dataset/declaraciones-juradas-patrimoniales-integrales,sí · identidad confirmada
dip-vasquez-patricia,Patricia Vásquez,Diputados nacionales,Buenos Aires,VASQUEZ PATRICIA MARIA,edcb67e6371d839a,identidad_confirmada_cruce_oficial,2023,Anual,1,732253,,DIPUTADA NACIONAL POR LA PROVINCIA DE BUENOS AIRES,33786521.76,0.00,12435109.75,1175132.25,https://datos.jus.gob.ar/dataset/declaraciones-juradas-patrimoniales-integrales,sí · identidad confirmada
dip-vasquez-patricia,Patricia Vásquez,Diputados nacionales,Buenos Aires,VASQUEZ PATRICIA MARIA,edcb67e6371d839a,identidad_confirmada_cruce_oficial,2024,Anual,0,793321,,DIPUTADA NACIONAL POR LA PROVINCIA DE BUENOS AIRES,312586191.47,0.00,227055373.37,51744296.34,https://datos.jus.gob.ar/dataset/declaraciones-juradas-patrimoniales-integrales,sí · identidad confirmada
dip-vega-yolanda,Yolanda Vega,Diputados nacionales,Salta,VEGA YOLANDA GRACIELA,ad6f39a53b285707,identidad_confirmada_cruce_oficial,2023,Inicial,1,687371,HONORABLE CAMARA DE DIPUTADOS DE LA NACION,Diputada Nacional,2222259.09,0.00,0.00,0.00,https://datos.jus.gob.ar/dataset/declaraciones-juradas-patrimoniales-integrales,sí · identidad confirmada
dip-vega-yolanda,Yolanda Vega,Diputados nacionales,Salta,VEGA YOLANDA GRACIELA,ad6f39a53b285707,identidad_confirmada_cruce_oficial,2024,Anual,0,809852,HONORABLE CAMARA DE DIPUTADOS DE LA NACION,diputada nacional,73054692.09,149210000.00,0.00,50462173.32,https://datos.jus.gob.ar/dataset/declaraciones-juradas-patrimoniales-integrales,sí · identidad confirmada
dip-verasay-pamela-fernanda,Pamela Fernanda Verasay,Diputados nacionales,Mendoza,VERASAY PAMELA FERNANDA,f225f97268117aa0,identidad_confirmada_cruce_oficial,2017,Anual,0,320188,HONORABLE SENADO DE LA NACION,SENADORA NACIONAL,1718091.54,0.00,347900.00,1499401.55,https://datos.jus.gob.ar/dataset/declaraciones-juradas-patrimoniales-integrales,sí · identidad confirmada
dip-verasay-pamela-fernanda,Pamela Fernanda Verasay,Diputados nacionales,Mendoza,VERASAY PAMELA FERNANDA,f225f97268117aa0,identidad_confirmada_cruce_oficial,2018,Anual,1,376083,HONORABLE SENADO DE LA NACION,SENADORA NACIONAL,5312980.49,3349638.99,502186.24,1701876.02,https://datos.jus.gob.ar/dataset/declaraciones-juradas-patrimoniales-integrales,sí · identidad confirmada
dip-verasay-pamela-fernanda,Pamela Fernanda Verasay,Diputados nacionales,Mendoza,VERASAY PAMELA FERNANDA,f225f97268117aa0,identidad_confirmada_cruce_oficial,2019,Anual,1,546893,HONORABLE SENADO DE LA NACION,SENADORA NACIONAL,7442201.55,4846198.38,632652.67,2218036.90,https://datos.jus.gob.ar/dataset/declaraciones-juradas-patrimoniales-integrales,sí · identidad confirmada
dip-verasay-pamela-fernanda,Pamela Fernanda Verasay,Diputados nacionales,Mendoza,VERASAY PAMELA FERNANDA,f225f97268117aa0,identidad_confirmada_cruce_oficial,2020,Anual,1,547054,HONORABLE SENADO DE LA NACION,SENADORA NACIONAL,9541529.70,6257693.64,453509.95,2539122.02,https://datos.jus.gob.ar/dataset/declaraciones-juradas-patrimoniales-integrales,sí · identidad confirmada
dip-verasay-pamela-fernanda,Pamela Fernanda Verasay,Diputados nacionales,Mendoza,VERASAY PAMELA FERNANDA,f225f97268117aa0,identidad_confirmada_cruce_oficial,2021,Anual,0,592920,HONORABLE CAMARA DE DIPUTADOS DE LA NACION,DIPUTADA NACIONAL,10030752.19,6880069.50,186646.13,3288536.48,https://datos.jus.gob.ar/dataset/declaraciones-juradas-patrimoniales-integrales,sí · identidad confirmada
dip-verasay-pamela-fernanda,Pamela Fernanda Verasay,Diputados nacionales,Mendoza,VERASAY PAMELA FERNANDA,f225f97268117aa0,identidad_confirmada_cruce_oficial,2022,Anual,0,636738,HONORABLE CAMARA DE DIPUTADOS DE LA NACION,DIPUTADA NACIONAL,15807236.16,16421836.21,5137438.14,5025159.54,https://datos.jus.gob.ar/dataset/declaraciones-juradas-patrimoniales-integrales,sí · identidad confirmada
dip-verasay-pamela-fernanda,Pamela Fernanda Verasay,Diputados nacionales,Mendoza,VERASAY PAMELA FERNANDA,f225f97268117aa0,identidad_confirmada_cruce_oficial,2023,Anual,0,705562,HONORABLE CAMARA DE DIPUTADOS DE LA NACION,DIPUTADA NACIONAL,44990673.91,38766148.10,23496633.74,13244940.86,https://datos.jus.gob.ar/dataset/declaraciones-juradas-patrimoniales-integrales,sí · identidad confirmada
dip-verasay-pamela-fernanda,Pamela Fernanda Verasay,Diputados nacionales,Mendoza,VERASAY PAMELA FERNANDA,f225f97268117aa0,identidad_confirmada_cruce_oficial,2024,Anual,1,821513,HONORABLE CAMARA DE DIPUTADOS DE LA NACION,DIPUTADA NACIONAL,83292260.44,96169190.22,31990290.23,37299956.34,https://datos.jus.gob.ar/dataset/declaraciones-juradas-patrimoniales-integrales,sí · identidad confirmada
dip-volnovich-luana,Luana Volnovich,Diputados nacionales,Buenos Aires,VOLNOVICH LUANA,239ba194ce53cd90,identidad_confirmada_cruce_oficial,2017,Anual,0,327614,HONORABLE CAMARA DE DIPUTADOS DE LA NACION,DIPUTADA NACIONAL,1121211.54,402017.21,241208.05,1468856.30,https://datos.jus.gob.ar/dataset/declaraciones-juradas-patrimoniales-integrales,sí · identidad confirmada
dip-volnovich-luana,Luana Volnovich,Diputados nacionales,Buenos Aires,VOLNOVICH LUANA,239ba194ce53cd90,identidad_confirmada_cruce_oficial,2018,Anual,2,409138,HONORABLE CAMARA DE DIPUTADOS DE LA NACION,DIPUTADA NACIONAL,1251233.13,438826.56,66917.91,1726316.67,https://datos.jus.gob.ar/dataset/declaraciones-juradas-patrimoniales-integrales,sí · identidad confirmada
dip-volnovich-luana,Luana Volnovich,Diputados nacionales,Buenos Aires,VOLNOVICH LUANA,239ba194ce53cd90,identidad_confirmada_cruce_oficial,2019,Anual,0,453611,INSTITUTO NACIONAL DE SERVICIOS SOCIALES PARA JUBI,DIRECTORA EJECUTIVA,1710286.93,364509.19,345100.28,2282156.69,https://datos.jus.gob.ar/dataset/declaraciones-juradas-patrimoniales-integrales,sí · identidad confirmada
dip-volnovich-luana,Luana Volnovich,Diputados nacionales,Buenos Aires,VOLNOVICH LUANA,239ba194ce53cd90,identidad_confirmada_cruce_oficial,2020,Anual,0,526105,INSTITUTO NACIONAL DE SERVICIOS SOCIALES PARA JUBI,DIRECTORA EJECUTIVA,1753516.77,360519.35,7177.44,4724542.92,https://datos.jus.gob.ar/dataset/declaraciones-juradas-patrimoniales-integrales,sí · identidad confirmada
dip-volnovich-luana,Luana Volnovich,Diputados nacionales,Buenos Aires,VOLNOVICH LUANA,239ba194ce53cd90,identidad_confirmada_cruce_oficial,2021,Anual,1,620210,INSTITUTO NACIONAL DE SERVICIOS SOCIALES PARA JUBI,DIRECTORA EJECUTIVA,5324955.87,355430.41,3558992.85,5972896.93,https://datos.jus.gob.ar/dataset/declaraciones-juradas-patrimoniales-integrales,sí · identidad confirmada
dip-volnovich-luana,Luana Volnovich,Diputados nacionales,Buenos Aires,VOLNOVICH LUANA,239ba194ce53cd90,identidad_confirmada_cruce_oficial,2022,Anual,0,657160,INSTITUTO NACIONAL DE SERVICIOS SOCIALES PARA JUBI,DIRECTORA EJECUTIVA,23072273.77,40000000.00,348939.62,13348482.62,https://datos.jus.gob.ar/dataset/declaraciones-juradas-patrimoniales-integrales,sí · identidad confirmada
dip-volnovich-luana,Luana Volnovich,Diputados nacionales,Buenos Aires,VOLNOVICH LUANA,239ba194ce53cd90,identidad_confirmada_cruce_oficial,2023,Anual,0,711851,HONORABLE CAMARA DE DIPUTADOS DE LA NACION,DIPUTADA NACIONAL,48018075.09,3993860.84,40793.61,29761387.08,https://datos.jus.gob.ar/dataset/declaraciones-juradas-patrimoniales-integrales,sí · identidad confirmada
dip-volnovich-luana,Luana Volnovich,Diputados nacionales,Buenos Aires,VOLNOVICH LUANA,239ba194ce53cd90,identidad_confirmada_cruce_oficial,2024,Anual,0,800015,HONORABLE CAMARA DE DIPUTADOS DE LA NACION,DIPUTADA NACIONAL,85737709.25,3538523.57,30351282.87,14816435.60,https://datos.jus.gob.ar/dataset/declaraciones-juradas-patrimoniales-integrales,sí · identidad confirmada
dip-yasky-hugo,Hugo Yasky,Diputados nacionales,Buenos Aires,YASKY HUGO RUBEN,6f15e9264e5f3f90,identidad_confirmada_cruce_oficial,2017,Anual,0,343099,,DIPUTADO NACIONAL,288905.87,0.00,438.90,0.00,https://datos.jus.gob.ar/dataset/declaraciones-juradas-patrimoniales-integrales,sí · identidad confirmada
dip-yasky-hugo,Hugo Yasky,Diputados nacionales,Buenos Aires,YASKY HUGO RUBEN,6f15e9264e5f3f90,identidad_confirmada_cruce_oficial,2018,Anual,0,366782,,DIPUTADO NACIONAL,187089.65,0.00,0.00,1343838.28,https://datos.jus.gob.ar/dataset/declaraciones-juradas-patrimoniales-integrales,sí · identidad confirmada
dip-yasky-hugo,Hugo Yasky,Diputados nacionales,Buenos Aires,YASKY HUGO RUBEN,6f15e9264e5f3f90,identidad_confirmada_cruce_oficial,2019,Anual,0,440330,,diputado,189352.89,0.00,0.00,17207120.00,https://datos.jus.gob.ar/dataset/declaraciones-juradas-patrimoniales-integrales,sí · identidad confirmada
dip-yasky-hugo,Hugo Yasky,Diputados nacionales,Buenos Aires,YASKY HUGO RUBEN,6f15e9264e5f3f90,identidad_confirmada_cruce_oficial,2020,Anual,0,509335,,diputado,1487275.07,0.00,0.00,1745325.39,https://datos.jus.gob.ar/dataset/declaraciones-juradas-patrimoniales-integrales,sí · identidad confirmada
dip-yasky-hugo,Hugo Yasky,Diputados nacionales,Buenos Aires,YASKY HUGO RUBEN,6f15e9264e5f3f90,identidad_confirmada_cruce_oficial,2021,Anual,0,578337,,diputado,3523631.74,0.00,0.00,2072489.23,https://datos.jus.gob.ar/dataset/declaraciones-juradas-patrimoniales-integrales,sí · identidad confirmada
dip-yasky-hugo,Hugo Yasky,Diputados nacionales,Buenos Aires,YASKY HUGO RUBEN,6f15e9264e5f3f90,identidad_confirmada_cruce_oficial,2022,Anual,0,624529,,DIPUTADO,4208303.62,0.00,2181356.30,3916028.18,https://datos.jus.gob.ar/dataset/declaraciones-juradas-patrimoniales-integrales,sí · identidad confirmada
dip-yasky-hugo,Hugo Yasky,Diputados nacionales,Buenos Aires,YASKY HUGO RUBEN,6f15e9264e5f3f90,identidad_confirmada_cruce_oficial,2023,Anual,1,708359,,DIPUTADO NACIONAL,18696631.50,0.00,4759987.56,10658340.32,https://datos.jus.gob.ar/dataset/declaraciones-juradas-patrimoniales-integrales,sí · identidad confirmada
dip-yasky-hugo,Hugo Yasky,Diputados nacionales,Buenos Aires,YASKY HUGO RUBEN,6f15e9264e5f3f90,identidad_confirmada_cruce_oficial,2024,Anual,0,789216,,DIPUTADO,37780588.52,0.00,13050317.47,17033639.55,https://datos.jus.gob.ar/dataset/declaraciones-juradas-patrimoniales-integrales,sí · identidad confirmada
dip-yedlin-pablo-raul,Pablo Raúl Yedlin,Diputados nacionales,Tucuman,YEDLIN PABLO RAUL,2149cd596936f14d,identidad_confirmada_cruce_oficial,2017,Anual,0,317527,,Diputado Nacional,5478713.47,1514.67,626463.72,1023753.16,https://datos.jus.gob.ar/dataset/declaraciones-juradas-patrimoniales-integrales,sí · identidad confirmada
dip-yedlin-pablo-raul,Pablo Raúl Yedlin,Diputados nacionales,Tucuman,YEDLIN PABLO RAUL,2149cd596936f14d,identidad_confirmada_cruce_oficial,2018,Anual,0,386867,,Diputado Nacional,8666302.29,2024.26,1762631.31,2525519.43,https://datos.jus.gob.ar/dataset/declaraciones-juradas-patrimoniales-integrales,sí · identidad confirmada
dip-yedlin-pablo-raul,Pablo Raúl Yedlin,Diputados nacionales,Tucuman,YEDLIN PABLO RAUL,2149cd596936f14d,identidad_confirmada_cruce_oficial,2019,Anual,0,455558,,Diputado Nacional,12478539.55,2366.72,2802239.24,3174698.78,https://datos.jus.gob.ar/dataset/declaraciones-juradas-patrimoniales-integrales,sí · identidad confirmada
dip-yedlin-pablo-raul,Pablo Raúl Yedlin,Diputados nacionales,Tucuman,YEDLIN PABLO RAUL,2149cd596936f14d,identidad_confirmada_cruce_oficial,2020,Anual,0,506498,,Diputado Nacional,17428535.76,1175.01,3847893.98,3330535.69,https://datos.jus.gob.ar/dataset/declaraciones-juradas-patrimoniales-integrales,sí · identidad confirmada
dip-yedlin-pablo-raul,Pablo Raúl Yedlin,Diputados nacionales,Tucuman,YEDLIN PABLO RAUL,2149cd596936f14d,identidad_confirmada_cruce_oficial,2021,Anual,0,583583,,Senador Nacional,28082461.24,7029.21,6074368.92,4847718.28,https://datos.jus.gob.ar/dataset/declaraciones-juradas-patrimoniales-integrales,sí · identidad confirmada
dip-yedlin-pablo-raul,Pablo Raúl Yedlin,Diputados nacionales,Tucuman,YEDLIN PABLO RAUL,2149cd596936f14d,identidad_confirmada_cruce_oficial,2022,Anual,0,642507,,senador Nacional,48123975.36,22603.78,17884276.48,7904091.87,https://datos.jus.gob.ar/dataset/declaraciones-juradas-patrimoniales-integrales,sí · identidad confirmada
dip-yedlin-pablo-raul,Pablo Raúl Yedlin,Diputados nacionales,Tucuman,YEDLIN PABLO RAUL,2149cd596936f14d,identidad_confirmada_cruce_oficial,2023,Anual,0,742999,,Diputado Nacional,149807110.93,35865.45,93340201.19,19148344.94,https://datos.jus.gob.ar/dataset/declaraciones-juradas-patrimoniales-integrales,sí · identidad confirmada
dip-yedlin-pablo-raul,Pablo Raúl Yedlin,Diputados nacionales,Tucuman,YEDLIN PABLO RAUL,2149cd596936f14d,identidad_confirmada_cruce_oficial,2024,Anual,0,782905,,Diputado Nacional,480242582.41,220253.91,303789826.96,45926079.49,https://datos.jus.gob.ar/dataset/declaraciones-juradas-patrimoniales-integrales,sí · identidad confirmada
dip-yeza-martin,Martín Yeza,Diputados nacionales,Buenos Aires,YEZA MARTIN IVAN,efc4a3785dda1311,identidad_confirmada_cruce_oficial,2022,Anual,2,677499,,DIPUTADO NACIONAL,4885107.02,0.00,0.00,0.00,https://datos.jus.gob.ar/dataset/declaraciones-juradas-patrimoniales-integrales,sí · identidad confirmada
dip-yeza-martin,Martín Yeza,Diputados nacionales,Buenos Aires,YEZA MARTIN IVAN,efc4a3785dda1311,identidad_confirmada_cruce_oficial,2023,Anual,0,758647,,DIPUTADO NACIONAL,10656000.66,0.00,0.00,0.00,https://datos.jus.gob.ar/dataset/declaraciones-juradas-patrimoniales-integrales,sí · identidad confirmada
dip-yeza-martin,Martín Yeza,Diputados nacionales,Buenos Aires,YEZA MARTIN IVAN,efc4a3785dda1311,identidad_confirmada_cruce_oficial,2024,Anual,0,771703,,DIPUTADO NACIONAL,24686094.20,0.00,0.00,0.00,https://datos.jus.gob.ar/dataset/declaraciones-juradas-patrimoniales-integrales,sí · identidad confirmada
dip-zago-oscar,Oscar Zago,Diputados nacionales,Ciudad De Buenos Aires,ZAGO OSCAR ROBERTO,4167e224941b1b28,identidad_confirmada_cruce_oficial,2022,Inicial,0,677397,,DIPUTADO NACIONAL,251465990.00,0.00,0.00,0.00,https://datos.jus.gob.ar/dataset/declaraciones-juradas-patrimoniales-integrales,sí · identidad confirmada
dip-zago-oscar,Oscar Zago,Diputados nacionales,Ciudad De Buenos Aires,ZAGO OSCAR ROBERTO,4167e224941b1b28,identidad_confirmada_cruce_oficial,2023,Anual,0,751806,,diputado nacional,44987763.48,0.00,0.00,18148327.04,https://datos.jus.gob.ar/dataset/declaraciones-juradas-patrimoniales-integrales,sí · identidad confirmada
dip-zago-oscar,Oscar Zago,Diputados nacionales,Ciudad De Buenos Aires,ZAGO OSCAR ROBERTO,4167e224941b1b28,identidad_confirmada_cruce_oficial,2024,Anual,0,817670,,dipurado nacional,86587875.83,0.00,0.00,44026987.53,https://datos.jus.gob.ar/dataset/declaraciones-juradas-patrimoniales-integrales,sí · identidad confirmada
dip-zapata-carlos-raul,Carlos Raúl Zapata,Diputados nacionales,Salta,ZAPATA CARLOS RAUL,dadede8afd3ac7e2,revision_manual_identidad,2017,Inicial,0,254847,,Diputado nacional,89906.83,0.00,0.00,0.00,https://datos.jus.gob.ar/dataset/declaraciones-juradas-patrimoniales-integrales,no · identidad pendiente
dip-zapata-carlos-raul,Carlos Raúl Zapata,Diputados nacionales,Salta,ZAPATA CARLOS RAUL,dadede8afd3ac7e2,revision_manual_identidad,2021,Inicial,0,547066,HONORABLE CAMARA DE DIPUTADOS DE LA NACION,Diputado Nacional,1365963.72,0.00,0.00,0.00,https://datos.jus.gob.ar/dataset/declaraciones-juradas-patrimoniales-integrales,no · identidad pendiente
dip-zapata-carlos-raul,Carlos Raúl Zapata,Diputados nacionales,Salta,ZAPATA CARLOS RAUL,dadede8afd3ac7e2,revision_manual_identidad,2022,Anual,0,637157,HONORABLE CAMARA DE DIPUTADOS DE LA NACION,Diputado Nacional,6427373.60,191078.67,350364.98,5074110.70,https://datos.jus.gob.ar/dataset/declaraciones-juradas-patrimoniales-integrales,no · identidad pendiente
dip-zapata-carlos-raul,Carlos Raúl Zapata,Diputados nacionales,Salta,ZAPATA CARLOS RAUL,dadede8afd3ac7e2,revision_manual_identidad,2023,Anual,0,742653,HONORABLE CAMARA DE DIPUTADOS DE LA NACION,DIPUTADO NACIONAL,11337041.65,913144.66,0.00,13385520.13,https://datos.jus.gob.ar/dataset/declaraciones-juradas-patrimoniales-integrales,no · identidad pendiente
dip-zapata-carlos-raul,Carlos Raúl Zapata,Diputados nacionales,Salta,ZAPATA CARLOS RAUL,dadede8afd3ac7e2,revision_manual_identidad,2024,Anual,0,815855,HONORABLE CAMARA DE DIPUTADOS DE LA NACION,diputado nacional,24280306.17,1956311.88,0.00,0.00,https://datos.jus.gob.ar/dataset/declaraciones-juradas-patrimoniales-integrales,no · identidad pendiente
dip-zaracho-natalia,Natalia Zaracho,Diputados nacionales,Buenos Aires,ZARACHO NATALIA BEATRIZ,4203aed87aecc976,identidad_confirmada_cruce_oficial,2018,Anual,0,413970,COOPERATIVA DE TRABAJO AMANECER DE LOS CARTONEROS,Diputada Nacional por la Provincia de Buenos Aires,510000.00,30000.00,0.00,1995500.00,https://datos.jus.gob.ar/dataset/declaraciones-juradas-patrimoniales-integrales,sí · identidad confirmada
dip-zaracho-natalia,Natalia Zaracho,Diputados nacionales,Buenos Aires,ZARACHO NATALIA BEATRIZ,4203aed87aecc976,identidad_confirmada_cruce_oficial,2021,Inicial,0,585564,HONORABLE CAMARA DE DIPUTADOS DE LA NACION,DIPUTADA NACIONAL,87135.99,0.00,0.00,0.00,https://datos.jus.gob.ar/dataset/declaraciones-juradas-patrimoniales-integrales,sí · identidad confirmada
dip-zaracho-natalia,Natalia Zaracho,Diputados nacionales,Buenos Aires,ZARACHO NATALIA BEATRIZ,4203aed87aecc976,identidad_confirmada_cruce_oficial,2022,Anual,0,674262,HONORABLE CAMARA DE DIPUTADOS DE LA NACION,DIPUTADDA NACIONAL,1680733.57,0.00,1954146.27,3553143.85,https://datos.jus.gob.ar/dataset/declaraciones-juradas-patrimoniales-integrales,sí · identidad confirmada
dip-zaracho-natalia,Natalia Zaracho,Diputados nacionales,Buenos Aires,ZARACHO NATALIA BEATRIZ,4203aed87aecc976,identidad_confirmada_cruce_oficial,2023,Anual,0,759438,HONORABLE CAMARA DE DIPUTADOS DE LA NACION,DIPUTADA NACIONAL,48039680.00,589959.60,1631027.51,10103344.92,https://datos.jus.gob.ar/dataset/declaraciones-juradas-patrimoniales-integrales,sí · identidad confirmada
dip-zaracho-natalia,Natalia Zaracho,Diputados nacionales,Buenos Aires,ZARACHO NATALIA BEATRIZ,4203aed87aecc976,identidad_confirmada_cruce_oficial,2024,Anual,0,769789,HONORABLE CAMARA DE DIPUTADOS DE LA NACION,DIPUTADA NACIONAL,83662080.00,1149771.69,2589228.10,11391656.01,https://datos.jus.gob.ar/dataset/declaraciones-juradas-patrimoniales-integrales,sí · identidad confirmada
dip-zulli-christian-alejandro,Christian Alejandro Zulli,Diputados nacionales,Corrientes,ZULLI CHRISTIAN ALEJANDRO,1ed824a4ede0837f,identidad_confirmada_cruce_oficial,2019,Anual,0,583324,ADMINISTRACION NACIONAL DE LA SEGURIDAD SOCIAL ANS,Jefe UDAI ANSES Corrientes,0.00,0.00,0.00,0.00,https://datos.jus.gob.ar/dataset/declaraciones-juradas-patrimoniales-integrales,sí · identidad confirmada
dip-zulli-christian-alejandro,Christian Alejandro Zulli,Diputados nacionales,Corrientes,ZULLI CHRISTIAN ALEJANDRO,1ed824a4ede0837f,identidad_confirmada_cruce_oficial,2020,Anual,0,494759,ADMINISTRACION NACIONAL DE LA SEGURIDAD SOCIAL ANS,JEFE UDAI CORRIENTES ANSES,5955790.00,2410000.00,0.00,976441.62,https://datos.jus.gob.ar/dataset/declaraciones-juradas-patrimoniales-integrales,sí · identidad confirmada
dip-zulli-christian-alejandro,Christian Alejandro Zulli,Diputados nacionales,Corrientes,ZULLI CHRISTIAN ALEJANDRO,1ed824a4ede0837f,identidad_confirmada_cruce_oficial,2021,Anual,0,594996,ADMINISTRACION NACIONAL DE LA SEGURIDAD SOCIAL ANS,JEFE UDAI CORRIENTES,8166830.00,3760000.00,1309000.00,2402848.93,https://datos.jus.gob.ar/dataset/declaraciones-juradas-patrimoniales-integrales,sí · identidad confirmada
dip-zulli-christian-alejandro,Christian Alejandro Zulli,Diputados nacionales,Corrientes,ZULLI CHRISTIAN ALEJANDRO,1ed824a4ede0837f,identidad_confirmada_cruce_oficial,2022,Anual,0,666590,ADMINISTRACION NACIONAL DE LA SEGURIDAD SOCIAL ANS,JEFE UDAI CORRIENTES,20234620.00,2600000.00,9219430.00,5245253.81,https://datos.jus.gob.ar/dataset/declaraciones-juradas-patrimoniales-integrales,sí · identidad confirmada
dip-zulli-christian-alejandro,Christian Alejandro Zulli,Diputados nacionales,Corrientes,ZULLI CHRISTIAN ALEJANDRO,1ed824a4ede0837f,identidad_confirmada_cruce_oficial,2023,Anual,0,737119,HONORABLE CAMARA DE DIPUTADOS DE LA NACION,DIPUTADO NACIONAL,93887400.00,5660000.00,17476200.00,19293512.11,https://datos.jus.gob.ar/dataset/declaraciones-juradas-patrimoniales-integrales,sí · identidad confirmada
dip-zulli-christian-alejandro,Christian Alejandro Zulli,Diputados nacionales,Corrientes,ZULLI CHRISTIAN ALEJANDRO,1ed824a4ede0837f,identidad_confirmada_cruce_oficial,2024,Anual,0,804507,HONORABLE CAMARA DE DIPUTADOS DE LA NACION,DIPUTADO NACIONAL,288557910.00,286743800.00,159950510.00,50012350.37,https://datos.jus.gob.ar/dataset/declaraciones-juradas-patrimoniales-integrales,sí · identidad confirmada
sen-abad-maximiliano,Maximiliano Abad,Senado nacional,Buenos Aires,ABAD MAXIMILIANO,2858a9ec7c88116f,identidad_confirmada_cruce_oficial,2022,Anual,0,679722,H CAMARA DE DIPUTADOS PCIA BS AS,DIPUTADO PROVINCIAL,33721340.49,0.00,8417989.33,6488214.74,https://datos.jus.gob.ar/dataset/declaraciones-juradas-patrimoniales-integrales,sí · identidad confirmada
sen-abad-maximiliano,Maximiliano Abad,Senado nacional,Buenos Aires,ABAD MAXIMILIANO,2858a9ec7c88116f,identidad_confirmada_cruce_oficial,2023,Inicial,0,693266,,SENADOR NACIONAL,28217118.96,0.00,0.00,0.00,https://datos.jus.gob.ar/dataset/declaraciones-juradas-patrimoniales-integrales,sí · identidad confirmada
sen-abad-maximiliano,Maximiliano Abad,Senado nacional,Buenos Aires,ABAD MAXIMILIANO,2858a9ec7c88116f,identidad_confirmada_cruce_oficial,2024,Anual,0,821429,HONORABLE SENADO DE LA NACION,SENADOR NACIONAL,207344565.45,0.00,0.00,67443693.51,https://datos.jus.gob.ar/dataset/declaraciones-juradas-patrimoniales-integrales,sí · identidad confirmada
sen-abdala-bartolome-esteban,Bartolomé Esteban Abdala,Senado nacional,San Luis,ABDALA BARTOLOME ESTEBAN,62726d2f16a94d67,identidad_confirmada_cruce_oficial,2022,Anual,0,677121,,SENADOR NACIONAL 1° TITULAR,58387164.53,7500000.00,38528123.11,3738009.93,https://datos.jus.gob.ar/dataset/declaraciones-juradas-patrimoniales-integrales,sí · identidad confirmada
sen-abdala-bartolome-esteban,Bartolomé Esteban Abdala,Senado nacional,San Luis,ABDALA BARTOLOME ESTEBAN,62726d2f16a94d67,identidad_confirmada_cruce_oficial,2023,Anual,0,818157,,,110703314.95,0.00,0.00,8152506.75,https://datos.jus.gob.ar/dataset/declaraciones-juradas-patrimoniales-integrales,sí · identidad confirmada
sen-abdala-bartolome-esteban,Bartolomé Esteban Abdala,Senado nacional,San Luis,ABDALA BARTOLOME ESTEBAN,62726d2f16a94d67,identidad_confirmada_cruce_oficial,2024,Anual,0,818193,,,197910994.26,0.00,0.00,43619056.37,https://datos.jus.gob.ar/dataset/declaraciones-juradas-patrimoniales-integrales,sí · identidad confirmada
sen-almeida-romina-maria,Romina María Almeida,Senado nacional,Entre Ríos,ALMEIDA ROMINA MARIA,da9f6d2d0c7d4f4b,identidad_confirmada_cruce_oficial,2024,Anual,0,822755,,Candidata a Senadora Nacional,7651677.34,0.00,26910000.00,0.00,https://datos.jus.gob.ar/dataset/declaraciones-juradas-patrimoniales-integrales,sí · identidad confirmada
sen-andrada-guillermo-eduardo,Guillermo Eduardo Andrada,Senado nacional,Catamarca,ANDRADA GUILLERMO EDUARDO,11327925c401fab3,identidad_confirmada_cruce_oficial,2021,Anual,0,593574,HONORABLE SENADO DE LA NACION,senador nacional,14267772.35,267414.08,8871285.03,4610710.44,https://datos.jus.gob.ar/dataset/declaraciones-juradas-patrimoniales-integrales,sí · identidad confirmada
sen-andrada-guillermo-eduardo,Guillermo Eduardo Andrada,Senado nacional,Catamarca,ANDRADA GUILLERMO EDUARDO,11327925c401fab3,identidad_confirmada_cruce_oficial,2022,Anual,0,649856,,SENADOR NACIONAL,31310818.23,2223950.00,0.00,5102970.11,https://datos.jus.gob.ar/dataset/declaraciones-juradas-patrimoniales-integrales,sí · identidad confirmada
sen-andrada-guillermo-eduardo,Guillermo Eduardo Andrada,Senado nacional,Catamarca,ANDRADA GUILLERMO EDUARDO,11327925c401fab3,identidad_confirmada_cruce_oficial,2023,Anual,0,736576,,SENADOR NACIONAL,102847251.54,6707732.05,55231499.64,15744600.33,https://datos.jus.gob.ar/dataset/declaraciones-juradas-patrimoniales-integrales,sí · identidad confirmada
sen-andrada-guillermo-eduardo,Guillermo Eduardo Andrada,Senado nacional,Catamarca,ANDRADA GUILLERMO EDUARDO,11327925c401fab3,identidad_confirmada_cruce_oficial,2024,Anual,0,787128,,SENADOR NACIONAL,158533790.02,1089637.94,12478408.99,66311915.28,https://datos.jus.gob.ar/dataset/declaraciones-juradas-patrimoniales-integrales,sí · identidad confirmada
sen-arce-carlos-omar,Carlos Omar Arce,Senado nacional,Misiones,ARCE CARLOS OMAR,8c89b310ab1e8b7f,identidad_confirmada_cruce_oficial,2022,Anual,0,675047,,SENADOR NACIONAL,53592850.00,0.00,0.00,2545629.08,https://datos.jus.gob.ar/dataset/declaraciones-juradas-patrimoniales-integrales,sí · identidad confirmada
sen-arce-carlos-omar,Carlos Omar Arce,Senado nacional,Misiones,ARCE CARLOS OMAR,8c89b310ab1e8b7f,identidad_confirmada_cruce_oficial,2023,Anual,0,757731,,SENADOR NACIONAL,12498406.14,0.00,0.00,10784119.43,https://datos.jus.gob.ar/dataset/declaraciones-juradas-patrimoniales-integrales,sí · identidad confirmada
sen-arce-carlos-omar,Carlos Omar Arce,Senado nacional,Misiones,ARCE CARLOS OMAR,8c89b310ab1e8b7f,identidad_confirmada_cruce_oficial,2024,Anual,0,772010,,senador nacional,26686865.15,0.00,0.00,36104268.61,https://datos.jus.gob.ar/dataset/declaraciones-juradas-patrimoniales-integrales,sí · identidad confirmada
sen-arrascaeta-ivanna-marcela,Ivanna Marcela Arrascaeta,Senado nacional,San Luis,ARRASCAETA IVANNA MARCELA,776d4fdf330645aa,revision_manual_identidad,2022,Anual,0,677724,,SEGUNDO TITULAR SENADOR NACIONAL,30439610.00,0.00,0.00,0.00,https://datos.jus.gob.ar/dataset/declaraciones-juradas-patrimoniales-integrales,no · identidad pendiente
sen-atauche-ezequiel,Ezequiel Atauche,Senado nacional,Jujuy,ATAUCHE EZEQUIEL,8fbf19a9adc33b90,identidad_confirmada_cruce_oficial,2022,Anual,0,677181,,senador nacional,197508280.97,4339297.99,0.00,10013876.13,https://datos.jus.gob.ar/dataset/declaraciones-juradas-patrimoniales-integrales,sí · identidad confirmada
sen-atauche-ezequiel,Ezequiel Atauche,Senado nacional,Jujuy,ATAUCHE EZEQUIEL,8fbf19a9adc33b90,identidad_confirmada_cruce_oficial,2023,Anual,0,748891,,senador nacional,593194831.91,5625000.00,0.00,45542700.12,https://datos.jus.gob.ar/dataset/declaraciones-juradas-patrimoniales-integrales,sí · identidad confirmada
sen-atauche-ezequiel,Ezequiel Atauche,Senado nacional,Jujuy,ATAUCHE EZEQUIEL,8fbf19a9adc33b90,identidad_confirmada_cruce_oficial,2024,Anual,0,790765,ATAUCHE EZEQUIEL,senador nacional,1091510958.61,38353038.67,0.00,110901084.97,https://datos.jus.gob.ar/dataset/declaraciones-juradas-patrimoniales-integrales,sí · identidad confirmada
sen-avila-beatriz-luisa,Beatriz Luisa Avila,Senado nacional,Tucumán,AVILA BEATRIZ LUISA,0858e0d4da9b41ba,identidad_confirmada_cruce_oficial,2017,Anual,0,335989,,DIPUTADA NACIONAL,460243.28,0.00,.01,628920.64,https://datos.jus.gob.ar/dataset/declaraciones-juradas-patrimoniales-integrales,sí · identidad confirmada
sen-avila-beatriz-luisa,Beatriz Luisa Avila,Senado nacional,Tucumán,AVILA BEATRIZ LUISA,0858e0d4da9b41ba,identidad_confirmada_cruce_oficial,2018,Anual,0,386247,,DIPUTADA NACIONAL,1244099.77,281611.81,0.00,1759878.49,https://datos.jus.gob.ar/dataset/declaraciones-juradas-patrimoniales-integrales,sí · identidad confirmada
sen-avila-beatriz-luisa,Beatriz Luisa Avila,Senado nacional,Tucumán,AVILA BEATRIZ LUISA,0858e0d4da9b41ba,identidad_confirmada_cruce_oficial,2019,Anual,0,445957,,DIPUTADA NACIONAL,1487092.09,233257.32,419953.31,2344017.67,https://datos.jus.gob.ar/dataset/declaraciones-juradas-patrimoniales-integrales,sí · identidad confirmada
sen-avila-beatriz-luisa,Beatriz Luisa Avila,Senado nacional,Tucumán,AVILA BEATRIZ LUISA,0858e0d4da9b41ba,identidad_confirmada_cruce_oficial,2020,Anual,1,538319,,DIPUTADA NACIONAL,2279313.44,0.00,792221.35,2411167.49,https://datos.jus.gob.ar/dataset/declaraciones-juradas-patrimoniales-integrales,sí · identidad confirmada
sen-avila-beatriz-luisa,Beatriz Luisa Avila,Senado nacional,Tucumán,AVILA BEATRIZ LUISA,0858e0d4da9b41ba,identidad_confirmada_cruce_oficial,2021,Anual,0,566987,,SENADORA NACIONAL,8592590.30,0.00,333233.34,3113141.96,https://datos.jus.gob.ar/dataset/declaraciones-juradas-patrimoniales-integrales,sí · identidad confirmada
sen-avila-beatriz-luisa,Beatriz Luisa Avila,Senado nacional,Tucumán,AVILA BEATRIZ LUISA,0858e0d4da9b41ba,identidad_confirmada_cruce_oficial,2022,Anual,0,656962,,SENADORA NACIONAL,15351523.79,2472015.05,215317.82,6916505.59,https://datos.jus.gob.ar/dataset/declaraciones-juradas-patrimoniales-integrales,sí · identidad confirmada
sen-avila-beatriz-luisa,Beatriz Luisa Avila,Senado nacional,Tucumán,AVILA BEATRIZ LUISA,0858e0d4da9b41ba,identidad_confirmada_cruce_oficial,2023,Anual,0,733713,,SENADORA NACIONAL,30649030.89,27270000.00,4373851.21,19426580.18,https://datos.jus.gob.ar/dataset/declaraciones-juradas-patrimoniales-integrales,sí · identidad confirmada
sen-avila-beatriz-luisa,Beatriz Luisa Avila,Senado nacional,Tucumán,AVILA BEATRIZ LUISA,0858e0d4da9b41ba,identidad_confirmada_cruce_oficial,2024,Anual,0,796438,,SENADORA NACIONAL,138184401.90,175530000.00,7416932.95,80021425.60,https://datos.jus.gob.ar/dataset/declaraciones-juradas-patrimoniales-integrales,sí · identidad confirmada
sen-bahl-adan-humberto,Adán Humberto Bahl,Senado nacional,Entre Ríos,BAHL ADAN HUMBERTO,75d4b411fc6b9614,identidad_confirmada_cruce_oficial,2024,Anual,0,823516,,Senador Nacional,583407622.53,0.00,1000000000.00,0.00,https://datos.jus.gob.ar/dataset/declaraciones-juradas-patrimoniales-integrales,sí · identidad confirmada
sen-bedia-vilma-facunda,Vilma Facunda Bedia,Senado nacional,Jujuy,BEDIA VILMA FACUNDA,2094e5e659a1dbe0,revision_manual_identidad,2022,Inicial,0,676828,,senador nacional,0.00,0.00,0.00,0.00,https://datos.jus.gob.ar/dataset/declaraciones-juradas-patrimoniales-integrales,no · identidad pendiente
sen-bedia-vilma-facunda,Vilma Facunda Bedia,Senado nacional,Jujuy,BEDIA VILMA FACUNDA,2094e5e659a1dbe0,revision_manual_identidad,2023,Anual,0,725889,,senadora nacional,17754940.00,5650000.00,0.00,14500000.00,https://datos.jus.gob.ar/dataset/declaraciones-juradas-patrimoniales-integrales,no · identidad pendiente
sen-bedia-vilma-facunda,Vilma Facunda Bedia,Senado nacional,Jujuy,BEDIA VILMA FACUNDA,2094e5e659a1dbe0,revision_manual_identidad,2024,Anual,0,806783,,senadora nacional,85467510.00,0.00,0.00,45609479.02,https://datos.jus.gob.ar/dataset/declaraciones-juradas-patrimoniales-integrales,no · identidad pendiente
sen-bensusan-daniel-pablo,Daniel Pablo Bensusán,Senado nacional,La Pampa,BENSUSAN DANIEL PABLO,332919b272837e84,identidad_confirmada_cruce_oficial,2021,Anual,0,564223,,SENADOR NACIONAL,20898345.24,171589.09,3255972.35,2210712.60,https://datos.jus.gob.ar/dataset/declaraciones-juradas-patrimoniales-integrales,sí · identidad confirmada
sen-bensusan-daniel-pablo,Daniel Pablo Bensusán,Senado nacional,La Pampa,BENSUSAN DANIEL PABLO,332919b272837e84,identidad_confirmada_cruce_oficial,2022,Anual,0,638362,,SENADOR NACIONAL,31205428.21,713174.73,8994802.93,4658259.86,https://datos.jus.gob.ar/dataset/declaraciones-juradas-patrimoniales-integrales,sí · identidad confirmada
sen-bensusan-daniel-pablo,Daniel Pablo Bensusán,Senado nacional,La Pampa,BENSUSAN DANIEL PABLO,332919b272837e84,identidad_confirmada_cruce_oficial,2023,Anual,0,710430,,SENADOR NACIONAL,131197981.84,1025073.19,78480479.05,12069603.01,https://datos.jus.gob.ar/dataset/declaraciones-juradas-patrimoniales-integrales,sí · identidad confirmada
sen-bensusan-daniel-pablo,Daniel Pablo Bensusán,Senado nacional,La Pampa,BENSUSAN DANIEL PABLO,332919b272837e84,identidad_confirmada_cruce_oficial,2024,Anual,0,777440,,SENADOR NACIONAL,187838136.86,4874352.33,15398634.65,62856926.63,https://datos.jus.gob.ar/dataset/declaraciones-juradas-patrimoniales-integrales,sí · identidad confirmada
sen-bullrich-patricia,Patricia Bullrich,Senado nacional,Ciudad Autónoma de Buenos Aires,BULLRICH PATRICIA,838b7c96a37ef4de,identidad_confirmada_cruce_oficial,2017,Anual,1,413421,MINISTERIO DE SEGURIDAD,MINISTRA DE SEGURIDAD DE LA NACION,5964512.53,0.00,452938.05,1866090.97,https://datos.jus.gob.ar/dataset/declaraciones-juradas-patrimoniales-integrales,sí · identidad confirmada
sen-bullrich-patricia,Patricia Bullrich,Senado nacional,Ciudad Autónoma de Buenos Aires,BULLRICH PATRICIA,838b7c96a37ef4de,identidad_confirmada_cruce_oficial,2018,Anual,1,413426,MINISTERIO DE SEGURIDAD,MINISTRA DE SEGURIDAD DE LA NACION,11807749.88,0.00,5027988.49,2174041.36,https://datos.jus.gob.ar/dataset/declaraciones-juradas-patrimoniales-integrales,sí · identidad confirmada
sen-bullrich-patricia,Patricia Bullrich,Senado nacional,Ciudad Autónoma de Buenos Aires,BULLRICH PATRICIA,838b7c96a37ef4de,identidad_confirmada_cruce_oficial,2019,Baja,0,418770,MINISTERIO DE SEGURIDAD,MINISTRA DE SEGURIDAD DE LA NACION,16806012.96,0.00,4687338.13,2767067.72,https://datos.jus.gob.ar/dataset/declaraciones-juradas-patrimoniales-integrales,sí · identidad confirmada
sen-bullrich-patricia,Patricia Bullrich,Senado nacional,Ciudad Autónoma de Buenos Aires,BULLRICH PATRICIA,838b7c96a37ef4de,identidad_confirmada_cruce_oficial,2022,Anual,0,676249,,Presidente de la Nación Argentina,24621661.28,0.00,9876600.30,1534995.55,https://datos.jus.gob.ar/dataset/declaraciones-juradas-patrimoniales-integrales,sí · identidad confirmada
sen-bullrich-patricia,Patricia Bullrich,Senado nacional,Ciudad Autónoma de Buenos Aires,BULLRICH PATRICIA,838b7c96a37ef4de,identidad_confirmada_cruce_oficial,2023,Anual,0,707707,MINISTERIO DE SEGURIDAD,MINISTRA DE SEGURIDAD DE LA NACION,60700542.63,0.00,32720626.73,2403893.37,https://datos.jus.gob.ar/dataset/declaraciones-juradas-patrimoniales-integrales,sí · identidad confirmada
sen-bullrich-patricia,Patricia Bullrich,Senado nacional,Ciudad Autónoma de Buenos Aires,BULLRICH PATRICIA,838b7c96a37ef4de,identidad_confirmada_cruce_oficial,2024,Anual,0,781994,MINISTERIO DE SEGURIDAD,MINISTRA DE SEGURIDAD NACIONAL,188341118.24,0.00,112504665.96,36506786.13,https://datos.jus.gob.ar/dataset/declaraciones-juradas-patrimoniales-integrales,sí · identidad confirmada
sen-carambia-jose-maria,José María Carambia,Senado nacional,Santa Cruz,CARAMBIA JOSE MARIA,9acb05aa1961709a,revision_manual_identidad,2023,Anual,0,757323,,SENADOR NACIONAL,89639900.85,0.00,0.00,15671874.21,https://datos.jus.gob.ar/dataset/declaraciones-juradas-patrimoniales-integrales,no · identidad pendiente
sen-carambia-jose-maria,José María Carambia,Senado nacional,Santa Cruz,CARAMBIA JOSE MARIA,9acb05aa1961709a,revision_manual_identidad,2024,Anual,0,792069,,SENADOR NACIONAL,182807658.82,0.00,0.00,65662861.14,https://datos.jus.gob.ar/dataset/declaraciones-juradas-patrimoniales-integrales,no · identidad pendiente
sen-cervi-mario-pablo,Mario Pablo Cervi,Senado nacional,Neuquén,CERVI MARIO PABLO,232fae47bee16dc1,revision_manual_identidad,2018,Anual,0,413917,,SENADOR NACIONAL SUPLENTE,22762433.01,9000000.00,5018081.59,843072.28,https://datos.jus.gob.ar/dataset/declaraciones-juradas-patrimoniales-integrales,no · identidad pendiente
sen-cervi-mario-pablo,Mario Pablo Cervi,Senado nacional,Neuquén,CERVI MARIO PABLO,232fae47bee16dc1,revision_manual_identidad,2020,Anual,0,540304,,DIPUTADO NACIONAL,107575515.25,943.90,0.00,2844091.43,https://datos.jus.gob.ar/dataset/declaraciones-juradas-patrimoniales-integrales,no · identidad pendiente
sen-cervi-mario-pablo,Mario Pablo Cervi,Senado nacional,Neuquén,CERVI MARIO PABLO,232fae47bee16dc1,revision_manual_identidad,2021,Inicial,0,559932,,Diputado Nacional,125485031.10,0.00,0.00,0.00,https://datos.jus.gob.ar/dataset/declaraciones-juradas-patrimoniales-integrales,no · identidad pendiente
sen-cervi-mario-pablo,Mario Pablo Cervi,Senado nacional,Neuquén,CERVI MARIO PABLO,232fae47bee16dc1,revision_manual_identidad,2022,Anual,0,761108,,Diputado Nacional,322709316.32,6458031.77,0.00,11039778.38,https://datos.jus.gob.ar/dataset/declaraciones-juradas-patrimoniales-integrales,no · identidad pendiente
sen-cervi-mario-pablo,Mario Pablo Cervi,Senado nacional,Neuquén,CERVI MARIO PABLO,232fae47bee16dc1,revision_manual_identidad,2023,Anual,0,761110,,Diputado Nacional,973322514.02,4846280.76,0.00,30672914.53,https://datos.jus.gob.ar/dataset/declaraciones-juradas-patrimoniales-integrales,no · identidad pendiente
sen-cervi-mario-pablo,Mario Pablo Cervi,Senado nacional,Neuquén,CERVI MARIO PABLO,232fae47bee16dc1,revision_manual_identidad,2024,Anual,0,820351,,Diputado Nacional,2260596129.05,60595281.26,0.00,81081506.75,https://datos.jus.gob.ar/dataset/declaraciones-juradas-patrimoniales-integrales,no · identidad pendiente
sen-corpacci-lucia-benigna,Lucía Benigna Corpacci,Senado nacional,Catamarca,CORPACCI LUCIA BENIGNA,78e58326324aa38e,revision_manual_identidad,2019,Anual,0,474574,,DIPUTADA NACIONAL,3194415.20,37510.51,832979.81,1290381.66,https://datos.jus.gob.ar/dataset/declaraciones-juradas-patrimoniales-integrales,no · identidad pendiente
sen-corpacci-lucia-benigna,Lucía Benigna Corpacci,Senado nacional,Catamarca,CORPACCI LUCIA BENIGNA,78e58326324aa38e,revision_manual_identidad,2020,Anual,0,546542,,DIPUTADA NACIONAL,4723775.05,76727.55,7326790.00,2377123.52,https://datos.jus.gob.ar/dataset/declaraciones-juradas-patrimoniales-integrales,no · identidad pendiente
sen-corpacci-lucia-benigna,Lucía Benigna Corpacci,Senado nacional,Catamarca,CORPACCI LUCIA BENIGNA,78e58326324aa38e,revision_manual_identidad,2021,Anual,0,593989,,SENADORA NACIONAL,9503279.87,2071891.51,945786.81,3361071.81,https://datos.jus.gob.ar/dataset/declaraciones-juradas-patrimoniales-integrales,no · identidad pendiente
sen-corpacci-lucia-benigna,Lucía Benigna Corpacci,Senado nacional,Catamarca,CORPACCI LUCIA BENIGNA,78e58326324aa38e,revision_manual_identidad,2022,Anual,0,688730,,SENADORA NACIONAL,13703279.73,107050.85,0.00,5764421.34,https://datos.jus.gob.ar/dataset/declaraciones-juradas-patrimoniales-integrales,no · identidad pendiente
sen-corroza-julieta,Julieta Corroza,Senado nacional,Neuquén,CORROZA JULIETA,3805efbdb4222a39,revision_manual_identidad,2024,Anual,0,820512,,Senadora Nacional,106191855.26,1504919.01,263717500.00,1117556.25,https://datos.jus.gob.ar/dataset/declaraciones-juradas-patrimoniales-integrales,no · identidad pendiente
sen-coto-agustin-pedro,Agustín Pedro Coto,Senado nacional,"Tierra del Fuego, Antártida e Islas del Atlántico Sur",COTO AGUSTIN PEDRO,2823d5a5e167ce60,identidad_confirmada_cruce_oficial,2024,Anual,0,822384,PODER LEGISLATIVO DE LA PROVINCIA DE TIERRA DEL FU,SENADOR NACIONAL POR TIERRA DEL FUEGO,70662872.87,2162.03,0.00,39195534.49,https://datos.jus.gob.ar/dataset/declaraciones-juradas-patrimoniales-integrales,sí · identidad confirmada
sen-cristina-andrea-marcela,Andrea Marcela Cristina,Senado nacional,Chubut,CRISTINA ANDREA MARCELA,07ea09d468342a98,revision_manual_identidad,2021,Inicial,2,540996,,Senadora Segunda Suplente,6475205.92,0.00,0.00,0.00,https://datos.jus.gob.ar/dataset/declaraciones-juradas-patrimoniales-integrales,no · identidad pendiente
sen-cristina-andrea-marcela,Andrea Marcela Cristina,Senado nacional,Chubut,CRISTINA ANDREA MARCELA,07ea09d468342a98,revision_manual_identidad,2023,Inicial,0,690583,,Senadora Nacional,26471492.90,0.00,0.00,0.00,https://datos.jus.gob.ar/dataset/declaraciones-juradas-patrimoniales-integrales,no · identidad pendiente
sen-de-pedro-eduardo-enrique,Eduardo Enrique de Pedro,Senado nacional,Buenos Aires,DE PEDRO EDUARDO ENRIQUE,de91fb69c61557a8,revision_manual_identidad,2017,Anual,0,340714,HONORABLE CAMARA DE DIPUTADOS DE LA NACION,DIPUTADO NACIONAL,10415667.12,0.00,316063.14,2171632.65,https://datos.jus.gob.ar/dataset/declaraciones-juradas-patrimoniales-integrales,no · identidad pendiente
sen-de-pedro-eduardo-enrique,Eduardo Enrique de Pedro,Senado nacional,Buenos Aires,DE PEDRO EDUARDO ENRIQUE,de91fb69c61557a8,revision_manual_identidad,2018,Anual,0,409649,HONORABLE CAMARA DE DIPUTADOS DE LA NACION,DIPUTADO NACIONAL,16119255.95,3562.98,4525989.19,2214976.14,https://datos.jus.gob.ar/dataset/declaraciones-juradas-patrimoniales-integrales,no · identidad pendiente
sen-de-pedro-eduardo-enrique,Eduardo Enrique de Pedro,Senado nacional,Buenos Aires,DE PEDRO EDUARDO ENRIQUE,de91fb69c61557a8,revision_manual_identidad,2019,Anual,0,473370,MINISTERIO DEL INTERIOR,Ministro del interior,27497831.23,108021.90,9606373.88,3049303.07,https://datos.jus.gob.ar/dataset/declaraciones-juradas-patrimoniales-integrales,no · identidad pendiente
sen-de-pedro-eduardo-enrique,Eduardo Enrique de Pedro,Senado nacional,Buenos Aires,DE PEDRO EDUARDO ENRIQUE,de91fb69c61557a8,revision_manual_identidad,2020,Anual,0,531772,MINISTERIO DEL INTERIOR,MINISTRO DEL INTERIOR,46908399.13,23387.22,17691080.10,4737350.70,https://datos.jus.gob.ar/dataset/declaraciones-juradas-patrimoniales-integrales,no · identidad pendiente
sen-de-pedro-eduardo-enrique,Eduardo Enrique de Pedro,Senado nacional,Buenos Aires,DE PEDRO EDUARDO ENRIQUE,de91fb69c61557a8,revision_manual_identidad,2021,Anual,0,602143,MINISTERIO DEL INTERIOR,MINISTRO DEL INTERIOR,85135232.56,55326.96,33297386.74,8725279.68,https://datos.jus.gob.ar/dataset/declaraciones-juradas-patrimoniales-integrales,no · identidad pendiente
sen-de-pedro-eduardo-enrique,Eduardo Enrique de Pedro,Senado nacional,Buenos Aires,DE PEDRO EDUARDO ENRIQUE,de91fb69c61557a8,revision_manual_identidad,2022,Anual,1,666112,MINISTERIO DEL INTERIOR,MINISTRO DEL INTERIOR,157612741.75,1074264.05,59506518.06,16288144.06,https://datos.jus.gob.ar/dataset/declaraciones-juradas-patrimoniales-integrales,no · identidad pendiente
sen-de-pedro-eduardo-enrique,Eduardo Enrique de Pedro,Senado nacional,Buenos Aires,DE PEDRO EDUARDO ENRIQUE,de91fb69c61557a8,revision_manual_identidad,2023,Anual,1,748607,VICEJEFATURA DE GABINETE DEL INTERIOR,MINISTRO DEL INTERIOR,587112225.43,1831100.27,358775742.62,70318935.43,https://datos.jus.gob.ar/dataset/declaraciones-juradas-patrimoniales-integrales,no · identidad pendiente
sen-de-pedro-eduardo-enrique,Eduardo Enrique de Pedro,Senado nacional,Buenos Aires,DE PEDRO EDUARDO ENRIQUE,de91fb69c61557a8,revision_manual_identidad,2024,Anual,0,815275,HONORABLE SENADO DE LA NACION,SENADOR,1405739378.40,13285125.85,525957487.77,231945877.30,https://datos.jus.gob.ar/dataset/declaraciones-juradas-patrimoniales-integrales,no · identidad pendiente
sen-di-tullio-juliana,Juliana di Tullio,Senado nacional,Buenos Aires,DI TULLIO JULIANA,1621bab562b03ebe,revision_manual_identidad,2017,Baja,0,342765,HONORABLE CAMARA DE DIPUTADOS DE LA NACION,DIPUTADA NACIONAL,3338091.50,484626.12,123038.09,1095480.70,https://datos.jus.gob.ar/dataset/declaraciones-juradas-patrimoniales-integrales,no · identidad pendiente
sen-di-tullio-juliana,Juliana di Tullio,Senado nacional,Buenos Aires,DI TULLIO JULIANA,1621bab562b03ebe,revision_manual_identidad,2021,Anual,0,604601,HONORABLE SENADO DE LA NACION,SENADORA NACIONAL,31001121.77,698274.33,1727353.60,11356936.94,https://datos.jus.gob.ar/dataset/declaraciones-juradas-patrimoniales-integrales,no · identidad pendiente
sen-di-tullio-juliana,Juliana di Tullio,Senado nacional,Buenos Aires,DI TULLIO JULIANA,1621bab562b03ebe,revision_manual_identidad,2022,Anual,0,651008,HONORABLE SENADO DE LA NACION,SENADORA NACIONAL,49822537.65,1032792.64,14374278.15,3775479.06,https://datos.jus.gob.ar/dataset/declaraciones-juradas-patrimoniales-integrales,no · identidad pendiente
sen-di-tullio-juliana,Juliana di Tullio,Senado nacional,Buenos Aires,DI TULLIO JULIANA,1621bab562b03ebe,revision_manual_identidad,2023,Anual,0,744104,,SENADORA NACIONAL,164686665.05,1171738.65,103794861.56,13445220.82,https://datos.jus.gob.ar/dataset/declaraciones-juradas-patrimoniales-integrales,no · identidad pendiente
sen-di-tullio-juliana,Juliana di Tullio,Senado nacional,Buenos Aires,DI TULLIO JULIANA,1621bab562b03ebe,revision_manual_identidad,2024,Anual,0,804288,,SENADORA NACIONAL,280931264.11,1450920.30,90542087.54,55582358.87,https://datos.jus.gob.ar/dataset/declaraciones-juradas-patrimoniales-integrales,no · identidad pendiente
sen-espinola-carlos-mauricio,Carlos Mauricio Espínola,Senado nacional,Corrientes,ESPINOLA CARLOS MAURICIO,10d522f1283e30e5,revision_manual_identidad,2017,Anual,0,282456,HONORABLE SENADO DE LA NACION,SENADOR NACIONAL,3105755.95,0.00,457478.06,1766307.03,https://datos.jus.gob.ar/dataset/declaraciones-juradas-patrimoniales-integrales,no · identidad pendiente
sen-espinola-carlos-mauricio,Carlos Mauricio Espínola,Senado nacional,Corrientes,ESPINOLA CARLOS MAURICIO,10d522f1283e30e5,revision_manual_identidad,2018,Anual,1,409469,HONORABLE SENADO DE LA NACION,SENADOR NACIONAL,3828290.97,5827500.00,166475.85,1810301.03,https://datos.jus.gob.ar/dataset/declaraciones-juradas-patrimoniales-integrales,no · identidad pendiente
sen-espinola-carlos-mauricio,Carlos Mauricio Espínola,Senado nacional,Corrientes,ESPINOLA CARLOS MAURICIO,10d522f1283e30e5,revision_manual_identidad,2019,Anual,1,540696,HONORABLE SENADO DE LA NACION,SENADOR NACIONAL,11351962.99,0.00,5593350.76,2377053.35,https://datos.jus.gob.ar/dataset/declaraciones-juradas-patrimoniales-integrales,no · identidad pendiente
sen-espinola-carlos-mauricio,Carlos Mauricio Espínola,Senado nacional,Corrientes,ESPINOLA CARLOS MAURICIO,10d522f1283e30e5,revision_manual_identidad,2020,Anual,1,540876,HONORABLE SENADO DE LA NACION,Senador nacional,7699439.58,0.00,3805200.88,2763337.65,https://datos.jus.gob.ar/dataset/declaraciones-juradas-patrimoniales-integrales,no · identidad pendiente
sen-espinola-carlos-mauricio,Carlos Mauricio Espínola,Senado nacional,Corrientes,ESPINOLA CARLOS MAURICIO,10d522f1283e30e5,revision_manual_identidad,2021,Anual,0,602961,HONORABLE SENADO DE LA NACION,SENADOR NACIONAL,19235380.20,0.00,7978769.60,3405375.47,https://datos.jus.gob.ar/dataset/declaraciones-juradas-patrimoniales-integrales,no · identidad pendiente
sen-espinola-carlos-mauricio,Carlos Mauricio Espínola,Senado nacional,Corrientes,ESPINOLA CARLOS MAURICIO,10d522f1283e30e5,revision_manual_identidad,2022,Anual,0,675855,HONORABLE SENADO DE LA NACION,SENADOR NACIONAL,32560065.50,0.00,5311358.01,5869620.84,https://datos.jus.gob.ar/dataset/declaraciones-juradas-patrimoniales-integrales,no · identidad pendiente
sen-fama-flavio-sergio,Flavio Sergio Fama,Senado nacional,Catamarca,FAMA FLAVIO SERGIO,a85c4eea30caa67e,identidad_confirmada_cruce_oficial,2017,Anual,1,414934,UNIVERSIDAD NACIONAL DE CATAMARCA,Rector de Universidad,2114461.44,3500000.00,132779.98,825428.84,https://datos.jus.gob.ar/dataset/declaraciones-juradas-patrimoniales-integrales,sí · identidad confirmada
sen-fama-flavio-sergio,Flavio Sergio Fama,Senado nacional,Catamarca,FAMA FLAVIO SERGIO,a85c4eea30caa67e,identidad_confirmada_cruce_oficial,2018,Anual,1,414937,UNIVERSIDAD NACIONAL DE CATAMARCA,Rector de Universidad,4113966.17,786488.03,605115.09,1019096.16,https://datos.jus.gob.ar/dataset/declaraciones-juradas-patrimoniales-integrales,sí · identidad confirmada
sen-fama-flavio-sergio,Flavio Sergio Fama,Senado nacional,Catamarca,FAMA FLAVIO SERGIO,a85c4eea30caa67e,identidad_confirmada_cruce_oficial,2019,Anual,0,444947,UNIVERSIDAD NACIONAL DE CATAMARCA,Rector de Universidad,6960935.59,473162.29,2108193.35,1660114.99,https://datos.jus.gob.ar/dataset/declaraciones-juradas-patrimoniales-integrales,sí · identidad confirmada
sen-fama-flavio-sergio,Flavio Sergio Fama,Senado nacional,Catamarca,FAMA FLAVIO SERGIO,a85c4eea30caa67e,identidad_confirmada_cruce_oficial,2020,Anual,0,530836,UNIVERSIDAD NACIONAL DE CATAMARCA,RECTOR DE UNIVERSIDAD,9545532.95,308031.34,677991.35,2686049.77,https://datos.jus.gob.ar/dataset/declaraciones-juradas-patrimoniales-integrales,sí · identidad confirmada
sen-fama-flavio-sergio,Flavio Sergio Fama,Senado nacional,Catamarca,FAMA FLAVIO SERGIO,a85c4eea30caa67e,identidad_confirmada_cruce_oficial,2021,Anual,0,589077,HONORABLE SENADO DE LA NACION,SENADOR NACIONAL,15259157.61,0.00,0.00,3542687.96,https://datos.jus.gob.ar/dataset/declaraciones-juradas-patrimoniales-integrales,sí · identidad confirmada
sen-fama-flavio-sergio,Flavio Sergio Fama,Senado nacional,Catamarca,FAMA FLAVIO SERGIO,a85c4eea30caa67e,identidad_confirmada_cruce_oficial,2022,Anual,0,653138,HONORABLE SENADO DE LA NACION,SENADOR NACIONAL,25816381.61,0.00,0.00,5830297.96,https://datos.jus.gob.ar/dataset/declaraciones-juradas-patrimoniales-integrales,sí · identidad confirmada
sen-fama-flavio-sergio,Flavio Sergio Fama,Senado nacional,Catamarca,FAMA FLAVIO SERGIO,a85c4eea30caa67e,identidad_confirmada_cruce_oficial,2023,Anual,0,758261,HONORABLE SENADO DE LA NACION,SENADOR NACIONAL,112704459.69,0.00,69951996.21,13955266.91,https://datos.jus.gob.ar/dataset/declaraciones-juradas-patrimoniales-integrales,sí · identidad confirmada
sen-fama-flavio-sergio,Flavio Sergio Fama,Senado nacional,Catamarca,FAMA FLAVIO SERGIO,a85c4eea30caa67e,identidad_confirmada_cruce_oficial,2024,Anual,0,769601,HONORABLE SENADO DE LA NACION,SENADOR NACIONAL,133822007.40,0.00,139005510.00,75111487.19,https://datos.jus.gob.ar/dataset/declaraciones-juradas-patrimoniales-integrales,sí · identidad confirmada
sen-fernandez-sagasti-anabel,Anabel Fernández Sagasti,Senado nacional,Mendoza,FERNANDEZ SAGASTI ANABEL,014d410c3a7688b2,identidad_confirmada_cruce_oficial,2017,Anual,0,334425,HONORABLE SENADO DE LA NACION,SENADORA DE LA NACIÓN,1197734.15,190062.22,1776.25,1490650.03,https://datos.jus.gob.ar/dataset/declaraciones-juradas-patrimoniales-integrales,sí · identidad confirmada
sen-fernandez-sagasti-anabel,Anabel Fernández Sagasti,Senado nacional,Mendoza,FERNANDEZ SAGASTI ANABEL,014d410c3a7688b2,identidad_confirmada_cruce_oficial,2018,Anual,0,401983,HONORABLE SENADO DE LA NACION,SENADORA DE LA NACIÓN,5184767.62,3039975.02,17297.04,1723383.12,https://datos.jus.gob.ar/dataset/declaraciones-juradas-patrimoniales-integrales,sí · identidad confirmada
sen-fernandez-sagasti-anabel,Anabel Fernández Sagasti,Senado nacional,Mendoza,FERNANDEZ SAGASTI ANABEL,014d410c3a7688b2,identidad_confirmada_cruce_oficial,2019,Anual,0,458523,HONORABLE SENADO DE LA NACION,SENADORA DE LA NACIÓN,9485245.77,2921655.40,4191687.76,2262680.85,https://datos.jus.gob.ar/dataset/declaraciones-juradas-patrimoniales-integrales,sí · identidad confirmada
sen-fernandez-sagasti-anabel,Anabel Fernández Sagasti,Senado nacional,Mendoza,FERNANDEZ SAGASTI ANABEL,014d410c3a7688b2,identidad_confirmada_cruce_oficial,2020,Anual,0,524967,HONORABLE SENADO DE LA NACION,SENADORA DE LA NACIÓN,12658192.68,2832237.96,773163.33,2619480.79,https://datos.jus.gob.ar/dataset/declaraciones-juradas-patrimoniales-integrales,sí · identidad confirmada
sen-fernandez-sagasti-anabel,Anabel Fernández Sagasti,Senado nacional,Mendoza,FERNANDEZ SAGASTI ANABEL,014d410c3a7688b2,identidad_confirmada_cruce_oficial,2021,Anual,0,598676,HONORABLE SENADO DE LA NACION,SENADORA DE LA NACIÓN,16887392.30,3132110.69,2954058.36,3217697.07,https://datos.jus.gob.ar/dataset/declaraciones-juradas-patrimoniales-integrales,sí · identidad confirmada
sen-fernandez-sagasti-anabel,Anabel Fernández Sagasti,Senado nacional,Mendoza,FERNANDEZ SAGASTI ANABEL,014d410c3a7688b2,identidad_confirmada_cruce_oficial,2022,Anual,0,658359,HONORABLE SENADO DE LA NACION,SENADORA DE LA NACIÓN,23765349.42,2517393.05,5357037.21,5246733.13,https://datos.jus.gob.ar/dataset/declaraciones-juradas-patrimoniales-integrales,sí · identidad confirmada
sen-fernandez-sagasti-anabel,Anabel Fernández Sagasti,Senado nacional,Mendoza,FERNANDEZ SAGASTI ANABEL,014d410c3a7688b2,identidad_confirmada_cruce_oficial,2023,Anual,0,742369,HONORABLE SENADO DE LA NACION,SENADORA DE LA NACIÓN,52207460.67,1929660.51,23903757.40,13483583.52,https://datos.jus.gob.ar/dataset/declaraciones-juradas-patrimoniales-integrales,sí · identidad confirmada
sen-fernandez-sagasti-anabel,Anabel Fernández Sagasti,Senado nacional,Mendoza,FERNANDEZ SAGASTI ANABEL,014d410c3a7688b2,identidad_confirmada_cruce_oficial,2024,Anual,0,809530,HONORABLE SENADO DE LA NACION,SENADORA DE LA NACION,104686434.25,12439767.89,35020418.53,65734565.67,https://datos.jus.gob.ar/dataset/declaraciones-juradas-patrimoniales-integrales,sí · identidad confirmada
sen-fullone-enzo-paolo,Enzo Paolo Fullone,Senado nacional,Río Negro,FULLONE ENZO PAOLO,982147b00fef6450,revision_manual_identidad,2024,Anual,0,784971,DIRECCION NACIONAL DE VIALIDAD,jefe 20 distrito rio negro vn,122668826.47,18984838.62,0.00,29526848.30,https://datos.jus.gob.ar/dataset/declaraciones-juradas-patrimoniales-integrales,no · identidad pendiente
sen-gadano-natalia-elena,Natalia Elena Gadano,Senado nacional,Santa Cruz,GADANO NATALIA ELENA,6b3f41806d6aedb5,identidad_confirmada_cruce_oficial,2017,Anual,0,337584,,,4890000.00,1000000.00,0.00,0.00,https://datos.jus.gob.ar/dataset/declaraciones-juradas-patrimoniales-integrales,sí · identidad confirmada
sen-gadano-natalia-elena,Natalia Elena Gadano,Senado nacional,Santa Cruz,GADANO NATALIA ELENA,6b3f41806d6aedb5,identidad_confirmada_cruce_oficial,2018,Anual,0,614695,,,5242500.00,0.00,0.00,0.00,https://datos.jus.gob.ar/dataset/declaraciones-juradas-patrimoniales-integrales,sí · identidad confirmada
sen-gadano-natalia-elena,Natalia Elena Gadano,Senado nacional,Santa Cruz,GADANO NATALIA ELENA,6b3f41806d6aedb5,identidad_confirmada_cruce_oficial,2019,Anual,0,614698,,,7284500.00,0.00,0.00,0.00,https://datos.jus.gob.ar/dataset/declaraciones-juradas-patrimoniales-integrales,sí · identidad confirmada
sen-gadano-natalia-elena,Natalia Elena Gadano,Senado nacional,Santa Cruz,GADANO NATALIA ELENA,6b3f41806d6aedb5,identidad_confirmada_cruce_oficial,2020,Baja,0,426066,,,4522000.00,0.00,1772500.00,0.00,https://datos.jus.gob.ar/dataset/declaraciones-juradas-patrimoniales-integrales,sí · identidad confirmada
sen-gadano-natalia-elena,Natalia Elena Gadano,Senado nacional,Santa Cruz,GADANO NATALIA ELENA,6b3f41806d6aedb5,identidad_confirmada_cruce_oficial,2023,Inicial,1,757003,HONORABLE SENADO DE LA NACION,Senadora Nacional,6701845.01,0.00,0.00,0.00,https://datos.jus.gob.ar/dataset/declaraciones-juradas-patrimoniales-integrales,sí · identidad confirmada
sen-gadano-natalia-elena,Natalia Elena Gadano,Senado nacional,Santa Cruz,GADANO NATALIA ELENA,6b3f41806d6aedb5,identidad_confirmada_cruce_oficial,2024,Anual,0,793922,,SENADORA NACIONAL,667993160.00,0.00,0.00,68390022.69,https://datos.jus.gob.ar/dataset/declaraciones-juradas-patrimoniales-integrales,sí · identidad confirmada
sen-galaretto-eduardo-horacio,Eduardo Horacio Galaretto,Senado nacional,Santa Fe,GALARETTO EDUARDO HORACIO,e86b11671a3febda,identidad_confirmada_cruce_oficial,2020,Anual,0,539938,,Senador Nacional Suplente,30776162.47,0.00,0.00,22172055.69,https://datos.jus.gob.ar/dataset/declaraciones-juradas-patrimoniales-integrales,sí · identidad confirmada
sen-galaretto-eduardo-horacio,Eduardo Horacio Galaretto,Senado nacional,Santa Fe,GALARETTO EDUARDO HORACIO,e86b11671a3febda,identidad_confirmada_cruce_oficial,2023,Anual,0,711899,HONORABLE SENADO DE LA NACION,SENADOR NACIONAL,128555282.95,0.00,0.00,.25152217.54,https://datos.jus.gob.ar/dataset/declaraciones-juradas-patrimoniales-integrales,sí · identidad confirmada
sen-galaretto-eduardo-horacio,Eduardo Horacio Galaretto,Senado nacional,Santa Fe,GALARETTO EDUARDO HORACIO,e86b11671a3febda,identidad_confirmada_cruce_oficial,2024,Anual,0,800772,HONORABLE SENADO DE LA NACION,SENADOR NACIONAL,342772463.85,0.00,0.00,50714512.73,https://datos.jus.gob.ar/dataset/declaraciones-juradas-patrimoniales-integrales,sí · identidad confirmada
sen-gimenez-navarro-maria-celeste,María Celeste Giménez Navarro,Senado nacional,San Juan,GIMENEZ NAVARRO MARIA CELESTE,9e7272f7ee2d3e47,identidad_confirmada_cruce_oficial,2023,Anual,0,717054,,SENADORA DE LA NACION,5873936.35,0.00,6432911.62,2653523.89,https://datos.jus.gob.ar/dataset/declaraciones-juradas-patrimoniales-integrales,sí · identidad confirmada
sen-gimenez-navarro-maria-celeste,María Celeste Giménez Navarro,Senado nacional,San Juan,GIMENEZ NAVARRO MARIA CELESTE,9e7272f7ee2d3e47,identidad_confirmada_cruce_oficial,2024,Anual,0,797676,,SENADORA DE LA NACION,37509216.42,0.00,0.00,62073712.54,https://datos.jus.gob.ar/dataset/declaraciones-juradas-patrimoniales-integrales,sí · identidad confirmada
sen-goerling-lara-enrique-martin,Enrique Martín Goerling Lara,Senado nacional,Misiones,GOERLING LARA ENRIQUE MARTIN,b9232c0fa5728854,revision_manual_identidad,2017,Anual,0,346236,ENTIDAD BINACIONAL YACYRETA,DIRECTOR EJECUTIVO,10998229.05,4264028.40,617057.06,170234.98,https://datos.jus.gob.ar/dataset/declaraciones-juradas-patrimoniales-integrales,no · identidad pendiente
sen-goerling-lara-enrique-martin,Enrique Martín Goerling Lara,Senado nacional,Misiones,GOERLING LARA ENRIQUE MARTIN,b9232c0fa5728854,revision_manual_identidad,2018,Anual,0,416585,ENTIDAD BINACIONAL YACYRETA,DIRECTOR EJECUTIVO,17291704.55,3303530.60,2961208.97,172734.98,https://datos.jus.gob.ar/dataset/declaraciones-juradas-patrimoniales-integrales,no · identidad pendiente
sen-goerling-lara-enrique-martin,Enrique Martín Goerling Lara,Senado nacional,Misiones,GOERLING LARA ENRIQUE MARTIN,b9232c0fa5728854,revision_manual_identidad,2022,Anual,0,676656,,SENADOR,57565599.60,688686.85,0.00,1386881.38,https://datos.jus.gob.ar/dataset/declaraciones-juradas-patrimoniales-integrales,no · identidad pendiente
sen-goerling-lara-enrique-martin,Enrique Martín Goerling Lara,Senado nacional,Misiones,GOERLING LARA ENRIQUE MARTIN,b9232c0fa5728854,revision_manual_identidad,2023,Anual,0,753983,,SENADOR PROVINCIA DE MISIONES,106163212.89,1077341.31,47843029.78,4949128.22,https://datos.jus.gob.ar/dataset/declaraciones-juradas-patrimoniales-integrales,no · identidad pendiente
sen-goerling-lara-enrique-martin,Enrique Martín Goerling Lara,Senado nacional,Misiones,GOERLING LARA ENRIQUE MARTIN,b9232c0fa5728854,revision_manual_identidad,2024,Anual,0,829249,HONORABLE SENADO DE LA NACION,Senador Provincia de Misiones,250861397.09,3241641.87,87286619.15,76761734.10,https://datos.jus.gob.ar/dataset/declaraciones-juradas-patrimoniales-integrales,no · identidad pendiente
sen-huala-maria-victoria,María Victoria Huala,Senado nacional,La Pampa,HUALA MARIA VICTORIA,f55946e92407cad3,identidad_confirmada_cruce_oficial,2020,Anual,1,545259,,Senadora,0.00,800000.00,0.00,7500000.00,https://datos.jus.gob.ar/dataset/declaraciones-juradas-patrimoniales-integrales,sí · identidad confirmada
sen-huala-maria-victoria,María Victoria Huala,Senado nacional,La Pampa,HUALA MARIA VICTORIA,f55946e92407cad3,identidad_confirmada_cruce_oficial,2021,Anual,0,587730,,senadora,0.00,98993.29,0.00,15179760.00,https://datos.jus.gob.ar/dataset/declaraciones-juradas-patrimoniales-integrales,sí · identidad confirmada
sen-huala-maria-victoria,María Victoria Huala,Senado nacional,La Pampa,HUALA MARIA VICTORIA,f55946e92407cad3,identidad_confirmada_cruce_oficial,2022,Anual,0,662238,HONORABLE SENADO DE LA NACION,SENADORA,6827140.00,1768518.84,0.00,3779361.70,https://datos.jus.gob.ar/dataset/declaraciones-juradas-patrimoniales-integrales,sí · identidad confirmada
sen-huala-maria-victoria,María Victoria Huala,Senado nacional,La Pampa,HUALA MARIA VICTORIA,f55946e92407cad3,identidad_confirmada_cruce_oficial,2023,Anual,1,744119,HONORABLE SENADO DE LA NACION,SENADORA,11780447.54,20819807.86,11097733.54,10760051.18,https://datos.jus.gob.ar/dataset/declaraciones-juradas-patrimoniales-integrales,sí · identidad confirmada
sen-huala-maria-victoria,María Victoria Huala,Senado nacional,La Pampa,HUALA MARIA VICTORIA,f55946e92407cad3,identidad_confirmada_cruce_oficial,2024,Anual,0,799792,HONORABLE SENADO DE LA NACION,SENADORA,29027389.06,14552092.39,109030000.00,45772776.42,https://datos.jus.gob.ar/dataset/declaraciones-juradas-patrimoniales-integrales,sí · identidad confirmada
sen-juez-luis-alfredo,Luis Alfredo Juez,Senado nacional,Córdoba,JUEZ LUIS ALFREDO,bb07a1c53cc9888d,identidad_confirmada_cruce_oficial,2017,Anual,1,476177,MINISTERIO DE RELACIONES EXTERIORES Y CULTO,EMBAJADOR,47976060.00,0.00,644569.50,1906898.88,https://datos.jus.gob.ar/dataset/declaraciones-juradas-patrimoniales-integrales,sí · identidad confirmada
sen-juez-luis-alfredo,Luis Alfredo Juez,Senado nacional,Córdoba,JUEZ LUIS ALFREDO,bb07a1c53cc9888d,identidad_confirmada_cruce_oficial,2018,Anual,0,395692,MINISTERIO DEL INTERIOR,instituto de capacitcion publica incap,74959310.00,0.00,17643870.00,1770164.86,https://datos.jus.gob.ar/dataset/declaraciones-juradas-patrimoniales-integrales,sí · identidad confirmada
sen-juez-luis-alfredo,Luis Alfredo Juez,Senado nacional,Córdoba,JUEZ LUIS ALFREDO,bb07a1c53cc9888d,identidad_confirmada_cruce_oficial,2019,Anual,0,459279,HONORABLE CAMARA DE DIPUTADOS DE LA NACION,Diputado Nacional,116640740.00,0.00,42097550.00,2435502.50,https://datos.jus.gob.ar/dataset/declaraciones-juradas-patrimoniales-integrales,sí · identidad confirmada
sen-juez-luis-alfredo,Luis Alfredo Juez,Senado nacional,Córdoba,JUEZ LUIS ALFREDO,bb07a1c53cc9888d,identidad_confirmada_cruce_oficial,2020,Anual,0,531820,HONORABLE CAMARA DE DIPUTADOS DE LA NACION,DIPUTADO NACIONAL,14044304.24,0.00,2493143.24,2206582.95,https://datos.jus.gob.ar/dataset/declaraciones-juradas-patrimoniales-integrales,sí · identidad confirmada
sen-juez-luis-alfredo,Luis Alfredo Juez,Senado nacional,Córdoba,JUEZ LUIS ALFREDO,bb07a1c53cc9888d,identidad_confirmada_cruce_oficial,2021,Anual,0,597464,HONORABLE SENADO DE LA NACION,SENADOR NACIONAL,132937640.00,0.00,713359.24,2941828.46,https://datos.jus.gob.ar/dataset/declaraciones-juradas-patrimoniales-integrales,sí · identidad confirmada
sen-juez-luis-alfredo,Luis Alfredo Juez,Senado nacional,Córdoba,JUEZ LUIS ALFREDO,bb07a1c53cc9888d,identidad_confirmada_cruce_oficial,2022,Anual,0,661696,HONORABLE SENADO DE LA NACION,senador nacional,30744067.50,0.00,14334524.50,5137198.16,https://datos.jus.gob.ar/dataset/declaraciones-juradas-patrimoniales-integrales,sí · identidad confirmada
sen-juez-luis-alfredo,Luis Alfredo Juez,Senado nacional,Córdoba,JUEZ LUIS ALFREDO,bb07a1c53cc9888d,identidad_confirmada_cruce_oficial,2023,Anual,1,727247,HONORABLE SENADO DE LA NACION,senador nacional,491468310.00,0.00,12155213.50,12471532.46,https://datos.jus.gob.ar/dataset/declaraciones-juradas-patrimoniales-integrales,sí · identidad confirmada
sen-juez-luis-alfredo,Luis Alfredo Juez,Senado nacional,Córdoba,JUEZ LUIS ALFREDO,bb07a1c53cc9888d,identidad_confirmada_cruce_oficial,2024,Anual,0,806422,,,92530033.50,0.00,21329073.50,68073219.44,https://datos.jus.gob.ar/dataset/declaraciones-juradas-patrimoniales-integrales,sí · identidad confirmada
sen-juri-mariana,Mariana Juri,Senado nacional,Mendoza,JURI MARIANA,0cfa59e93e80880a,identidad_confirmada_cruce_oficial,2020,Anual,0,541043,,,44930920.00,0.00,24616000.00,26307170.00,https://datos.jus.gob.ar/dataset/declaraciones-juradas-patrimoniales-integrales,sí · identidad confirmada
sen-juri-mariana,Mariana Juri,Senado nacional,Mendoza,JURI MARIANA,0cfa59e93e80880a,identidad_confirmada_cruce_oficial,2021,Anual,0,603274,HONORABLE SENADO DE LA NACION,SENADORA NACIONAL,58704510.00,0.00,0.00,3564745.65,https://datos.jus.gob.ar/dataset/declaraciones-juradas-patrimoniales-integrales,sí · identidad confirmada
sen-juri-mariana,Mariana Juri,Senado nacional,Mendoza,JURI MARIANA,0cfa59e93e80880a,identidad_confirmada_cruce_oficial,2022,Anual,0,672128,HONORABLE SENADO DE LA NACION,SENADORA NACIONAL,78804510.00,0.00,0.00,7393605.27,https://datos.jus.gob.ar/dataset/declaraciones-juradas-patrimoniales-integrales,sí · identidad confirmada
sen-juri-mariana,Mariana Juri,Senado nacional,Mendoza,JURI MARIANA,0cfa59e93e80880a,identidad_confirmada_cruce_oficial,2023,Anual,0,746120,HONORABLE SENADO DE LA NACION,SENADORA NACIONAL,212022600.00,2266666.69,.29111730.00,17998169.16,https://datos.jus.gob.ar/dataset/declaraciones-juradas-patrimoniales-integrales,sí · identidad confirmada
sen-juri-mariana,Mariana Juri,Senado nacional,Mendoza,JURI MARIANA,0cfa59e93e80880a,identidad_confirmada_cruce_oficial,2024,Anual,0,801160,HONORABLE SENADO DE LA NACION,SENADORA NACIONAL,28611799.74,12666660.00,45552336.54,71665929.23,https://datos.jus.gob.ar/dataset/declaraciones-juradas-patrimoniales-integrales,sí · identidad confirmada
sen-kirchner-alicia-margarita-antonia,Alicia Margarita Antonia Kirchner,Senado nacional,Santa Cruz,KIRCHNER ALICIA MARGARITA ANTONIA,52a9d09a423ec615,identidad_confirmada_cruce_oficial,2023,Anual,0,757437,HONORABLE SENADO DE LA NACION,SENADORA,43626664.46,0.00,0.00,0.00,https://datos.jus.gob.ar/dataset/declaraciones-juradas-patrimoniales-integrales,sí · identidad confirmada
sen-kirchner-alicia-margarita-antonia,Alicia Margarita Antonia Kirchner,Senado nacional,Santa Cruz,KIRCHNER ALICIA MARGARITA ANTONIA,52a9d09a423ec615,identidad_confirmada_cruce_oficial,2024,Anual,0,779847,HONORABLE SENADO DE LA NACION,01/12/2023,123327181.48,0.00,0.00,39265422.62,https://datos.jus.gob.ar/dataset/declaraciones-juradas-patrimoniales-integrales,sí · identidad confirmada
sen-kroneberger-daniel-ricardo,Daniel Ricardo Kroneberger,Senado nacional,La Pampa,KRONEBERGER DANIEL RICARDO,9cc54c2829a2e471,identidad_confirmada_cruce_oficial,2017,Anual,0,336443,,DIPUTADO NACIONAL,4046765.71,0.00,21511620.00,1790679.46,https://datos.jus.gob.ar/dataset/declaraciones-juradas-patrimoniales-integrales,sí · identidad confirmada
sen-kroneberger-daniel-ricardo,Daniel Ricardo Kroneberger,Senado nacional,La Pampa,KRONEBERGER DANIEL RICARDO,9cc54c2829a2e471,identidad_confirmada_cruce_oficial,2018,Anual,0,370416,,DIPUTADO NACIONAL,5831431.29,0.00,534234.08,2215831.11,https://datos.jus.gob.ar/dataset/declaraciones-juradas-patrimoniales-integrales,sí · identidad confirmada
sen-kroneberger-daniel-ricardo,Daniel Ricardo Kroneberger,Senado nacional,La Pampa,KRONEBERGER DANIEL RICARDO,9cc54c2829a2e471,identidad_confirmada_cruce_oficial,2020,Anual,0,540511,,SENADOR NACIONAL,11849797.64,0.00,0.00,20847460.00,https://datos.jus.gob.ar/dataset/declaraciones-juradas-patrimoniales-integrales,sí · identidad confirmada
sen-kroneberger-daniel-ricardo,Daniel Ricardo Kroneberger,Senado nacional,La Pampa,KRONEBERGER DANIEL RICARDO,9cc54c2829a2e471,identidad_confirmada_cruce_oficial,2021,Anual,0,585943,,SENADOR,16824763.22,0.00,0.00,40118350.00,https://datos.jus.gob.ar/dataset/declaraciones-juradas-patrimoniales-integrales,sí · identidad confirmada
sen-kroneberger-daniel-ricardo,Daniel Ricardo Kroneberger,Senado nacional,La Pampa,KRONEBERGER DANIEL RICARDO,9cc54c2829a2e471,identidad_confirmada_cruce_oficial,2022,Anual,0,647266,,SENADOR,33256822.49,16000080.00,0.00,4044361.16,https://datos.jus.gob.ar/dataset/declaraciones-juradas-patrimoniales-integrales,sí · identidad confirmada
sen-kroneberger-daniel-ricardo,Daniel Ricardo Kroneberger,Senado nacional,La Pampa,KRONEBERGER DANIEL RICARDO,9cc54c2829a2e471,identidad_confirmada_cruce_oficial,2023,Anual,0,713091,,SENADOR NACIONAL,38678302.02,16000080.00,0.00,.6990306.53,https://datos.jus.gob.ar/dataset/declaraciones-juradas-patrimoniales-integrales,sí · identidad confirmada
sen-kroneberger-daniel-ricardo,Daniel Ricardo Kroneberger,Senado nacional,La Pampa,KRONEBERGER DANIEL RICARDO,9cc54c2829a2e471,identidad_confirmada_cruce_oficial,2024,Anual,0,787164,,SENADOR,135811406.10,0.00,0.00,94668411.47,https://datos.jus.gob.ar/dataset/declaraciones-juradas-patrimoniales-integrales,sí · identidad confirmada
sen-lewandowski-marcelo-nestor,Marcelo Néstor Lewandowski,Senado nacional,Santa Fe,LEWANDOWSKI MARCELO NESTOR,72fd6173c13cf3bd,identidad_confirmada_cruce_oficial,2020,Anual,0,540547,,SENADOR NACIONAL,6380037.90,6223200.00,0.00,2252913.07,https://datos.jus.gob.ar/dataset/declaraciones-juradas-patrimoniales-integrales,sí · identidad confirmada
sen-lewandowski-marcelo-nestor,Marcelo Néstor Lewandowski,Senado nacional,Santa Fe,LEWANDOWSKI MARCELO NESTOR,72fd6173c13cf3bd,identidad_confirmada_cruce_oficial,2021,Anual,0,584719,HONORABLE SENADO DE LA NACION,SENADOR NACIONAL,8250374.39,4140000.00,0.00,4036359.09,https://datos.jus.gob.ar/dataset/declaraciones-juradas-patrimoniales-integrales,sí · identidad confirmada
sen-lewandowski-marcelo-nestor,Marcelo Néstor Lewandowski,Senado nacional,Santa Fe,LEWANDOWSKI MARCELO NESTOR,72fd6173c13cf3bd,identidad_confirmada_cruce_oficial,2022,Anual,0,637032,HONORABLE SENADO DE LA NACION,SENADOR NACIONAL,15791724.23,3850000.00,4157757.78,5888707.06,https://datos.jus.gob.ar/dataset/declaraciones-juradas-patrimoniales-integrales,sí · identidad confirmada
sen-lewandowski-marcelo-nestor,Marcelo Néstor Lewandowski,Senado nacional,Santa Fe,LEWANDOWSKI MARCELO NESTOR,72fd6173c13cf3bd,identidad_confirmada_cruce_oficial,2023,Anual,0,712625,HONORABLE SENADO DE LA NACION,SENADOR NACIONAL,42041772.89,8440000.00,20032232.03,12017236.93,https://datos.jus.gob.ar/dataset/declaraciones-juradas-patrimoniales-integrales,sí · identidad confirmada
sen-lewandowski-marcelo-nestor,Marcelo Néstor Lewandowski,Senado nacional,Santa Fe,LEWANDOWSKI MARCELO NESTOR,72fd6173c13cf3bd,identidad_confirmada_cruce_oficial,2024,Anual,0,788706,HONORABLE SENADO DE LA NACION,SENADOR NACIONAL,115292096.84,91060000.00,17613521.62,67619484.10,https://datos.jus.gob.ar/dataset/declaraciones-juradas-patrimoniales-integrales,sí · identidad confirmada
sen-linares-carlos-alberto,Carlos Alberto Linares,Senado nacional,Chubut,LINARES CARLOS ALBERTO,bb426675bb166733,identidad_confirmada_cruce_oficial,2021,Anual,0,566405,,senador nacional,36998630.43,0.00,2720400.61,2195689.92,https://datos.jus.gob.ar/dataset/declaraciones-juradas-patrimoniales-integrales,sí · identidad confirmada
sen-linares-carlos-alberto,Carlos Alberto Linares,Senado nacional,Chubut,LINARES CARLOS ALBERTO,bb426675bb166733,identidad_confirmada_cruce_oficial,2022,Anual,0,640206,,senador nacional,49181879.47,0.00,0.00,6356629.44,https://datos.jus.gob.ar/dataset/declaraciones-juradas-patrimoniales-integrales,sí · identidad confirmada
sen-linares-carlos-alberto,Carlos Alberto Linares,Senado nacional,Chubut,LINARES CARLOS ALBERTO,bb426675bb166733,identidad_confirmada_cruce_oficial,2023,Anual,0,705890,,senador nacional,191068879.98,0.00,0.00,11600366.65,https://datos.jus.gob.ar/dataset/declaraciones-juradas-patrimoniales-integrales,sí · identidad confirmada
sen-linares-carlos-alberto,Carlos Alberto Linares,Senado nacional,Chubut,LINARES CARLOS ALBERTO,bb426675bb166733,identidad_confirmada_cruce_oficial,2024,Anual,0,793006,,SENADOR NACIONAL,291950266.42,0.00,40566726.78,67619484.10,https://datos.jus.gob.ar/dataset/declaraciones-juradas-patrimoniales-integrales,sí · identidad confirmada
sen-lopez-candida-cristina,Cándida Cristina López,Senado nacional,"Tierra del Fuego, Antártida e Islas del Atlántico Sur",LOPEZ CANDIDA CRISTINA,8205364da9ffd5b4,revision_manual_identidad,2018,Anual,0,413834,,CANDIDATO SENADOR SUPLENTE,33105350.00,0.00,0.00,1130746.78,https://datos.jus.gob.ar/dataset/declaraciones-juradas-patrimoniales-integrales,no · identidad pendiente
sen-lopez-candida-cristina,Cándida Cristina López,Senado nacional,"Tierra del Fuego, Antártida e Islas del Atlántico Sur",LOPEZ CANDIDA CRISTINA,8205364da9ffd5b4,revision_manual_identidad,2023,Anual,0,746203,HONORABLE SENADO DE LA NACION,SENADORA,99575299.65,0.00,280027800.00,11800184.70,https://datos.jus.gob.ar/dataset/declaraciones-juradas-patrimoniales-integrales,no · identidad pendiente
sen-lopez-candida-cristina,Cándida Cristina López,Senado nacional,"Tierra del Fuego, Antártida e Islas del Atlántico Sur",LOPEZ CANDIDA CRISTINA,8205364da9ffd5b4,revision_manual_identidad,2024,Anual,0,815420,HONORABLE SENADO DE LA NACION,SENADORA,190404209.74,0.00,49648964.09,62697265.50,https://datos.jus.gob.ar/dataset/declaraciones-juradas-patrimoniales-integrales,no · identidad pendiente
sen-lopez-maria-florencia,María Florencia López,Senado nacional,La Rioja,LOPEZ MARIA FLORENCIA,,revision_manual_identidad,2017,Inicial,0,256260,,SENADOR NACIONAL,454529.47,0.00,0.00,0.00,https://datos.jus.gob.ar/dataset/declaraciones-juradas-patrimoniales-integrales,no · identidad pendiente
sen-lopez-maria-florencia,María Florencia López,Senado nacional,La Rioja,LOPEZ MARIA FLORENCIA,,revision_manual_identidad,2022,Anual,0,677405,,SENADORA NACIONAL,34866102.59,0.00,10000000.00,1009122.07,https://datos.jus.gob.ar/dataset/declaraciones-juradas-patrimoniales-integrales,no · identidad pendiente
sen-lopez-maria-florencia,María Florencia López,Senado nacional,La Rioja,LOPEZ MARIA FLORENCIA,,revision_manual_identidad,2023,Baja,0,689701,FUERZA AEREA ARGENTINA,COMISION EVALUADORA,22221470.00,12000000.00,0.00,0.00,https://datos.jus.gob.ar/dataset/declaraciones-juradas-patrimoniales-integrales,no · identidad pendiente
sen-losada-carolina,Carolina Losada,Senado nacional,Santa Fe,LOSADA CAROLINA,53ca39568305dae0,identidad_confirmada_cruce_oficial,2020,Anual,0,541029,,Senadora Nacional,14877572.27,7100000.00,1324731.98,2032009.87,https://datos.jus.gob.ar/dataset/declaraciones-juradas-patrimoniales-integrales,sí · identidad confirmada
sen-losada-carolina,Carolina Losada,Senado nacional,Santa Fe,LOSADA CAROLINA,53ca39568305dae0,identidad_confirmada_cruce_oficial,2021,Anual,0,600434,,Senadora Nacional,18565799.80,0.00,2786390.53,2253274.81,https://datos.jus.gob.ar/dataset/declaraciones-juradas-patrimoniales-integrales,sí · identidad confirmada
sen-losada-carolina,Carolina Losada,Senado nacional,Santa Fe,LOSADA CAROLINA,53ca39568305dae0,identidad_confirmada_cruce_oficial,2022,Anual,0,673896,,Senadora Nacional,32456263.28,0.00,7729378.30,5944907.98,https://datos.jus.gob.ar/dataset/declaraciones-juradas-patrimoniales-integrales,sí · identidad confirmada
sen-losada-carolina,Carolina Losada,Senado nacional,Santa Fe,LOSADA CAROLINA,53ca39568305dae0,identidad_confirmada_cruce_oficial,2023,Anual,0,741505,,Senadora Nacional,75926199.77,5309225.89,34954347.82,18751798.88,https://datos.jus.gob.ar/dataset/declaraciones-juradas-patrimoniales-integrales,sí · identidad confirmada
sen-losada-carolina,Carolina Losada,Senado nacional,Santa Fe,LOSADA CAROLINA,53ca39568305dae0,identidad_confirmada_cruce_oficial,2024,Anual,0,807001,,Senadora Nacional,168026421.86,6290686.56,54633880.74,69939780.90,https://datos.jus.gob.ar/dataset/declaraciones-juradas-patrimoniales-integrales,sí · identidad confirmada
sen-manzur-juan-luis,Juan Luis Manzur,Senado nacional,Tucumán,MANZUR JUAN LUIS,d9535eb372676475,identidad_confirmada_cruce_oficial,2021,Anual,0,591724,,Jefe de Gabinete de Ministros,61178999.82,340957.18,3887304.55,51025020.81,https://datos.jus.gob.ar/dataset/declaraciones-juradas-patrimoniales-integrales,sí · identidad confirmada
sen-manzur-juan-luis,Juan Luis Manzur,Senado nacional,Tucumán,MANZUR JUAN LUIS,d9535eb372676475,identidad_confirmada_cruce_oficial,2022,Anual,0,644743,,Jefe de Gabinete de Ministros,86506304.08,384459.20,20548642.80,44435789.63,https://datos.jus.gob.ar/dataset/declaraciones-juradas-patrimoniales-integrales,sí · identidad confirmada
sen-manzur-juan-luis,Juan Luis Manzur,Senado nacional,Tucumán,MANZUR JUAN LUIS,d9535eb372676475,identidad_confirmada_cruce_oficial,2023,Anual,0,740084,,Senador Nacional,135771728.60,5546332.30,57773260.20,29755817.30,https://datos.jus.gob.ar/dataset/declaraciones-juradas-patrimoniales-integrales,sí · identidad confirmada
sen-manzur-juan-luis,Juan Luis Manzur,Senado nacional,Tucumán,MANZUR JUAN LUIS,d9535eb372676475,identidad_confirmada_cruce_oficial,2024,Anual,0,780154,,Senador Nacional,418544621.79,3158330.66,175295732.20,180833632.16,https://datos.jus.gob.ar/dataset/declaraciones-juradas-patrimoniales-integrales,sí · identidad confirmada
sen-marks-ana-ines,Ana Inés Marks,Senado nacional,Río Negro,MARKS ANA INES,ea15de9266112d1c,identidad_confirmada_cruce_oficial,2020,Anual,0,499343,,,5113476.03,6000000.00,0.00,83476.03,https://datos.jus.gob.ar/dataset/declaraciones-juradas-patrimoniales-integrales,sí · identidad confirmada
sen-marks-ana-ines,Ana Inés Marks,Senado nacional,Río Negro,MARKS ANA INES,ea15de9266112d1c,identidad_confirmada_cruce_oficial,2021,Anual,0,556372,,,6277128.04,766645.21,0.00,66479.33,https://datos.jus.gob.ar/dataset/declaraciones-juradas-patrimoniales-integrales,sí · identidad confirmada
sen-marks-ana-ines,Ana Inés Marks,Senado nacional,Río Negro,MARKS ANA INES,ea15de9266112d1c,identidad_confirmada_cruce_oficial,2022,Anual,0,622899,MINISTERIO DEL INTERIOR,cordinadora Subs Relaciones Municipales,15000000.00,7805000.00,0.00,2830410.74,https://datos.jus.gob.ar/dataset/declaraciones-juradas-patrimoniales-integrales,sí · identidad confirmada
sen-marks-ana-ines,Ana Inés Marks,Senado nacional,Río Negro,MARKS ANA INES,ea15de9266112d1c,identidad_confirmada_cruce_oficial,2023,Baja,0,685516,MINISTERIO DEL INTERIOR,CORDINADORA SUBS RELACIONES MUNICIPALES,16000000.00,741594.88,1000000.00,10012796.57,https://datos.jus.gob.ar/dataset/declaraciones-juradas-patrimoniales-integrales,sí · identidad confirmada
sen-marks-ana-ines,Ana Inés Marks,Senado nacional,Río Negro,MARKS ANA INES,ea15de9266112d1c,identidad_confirmada_cruce_oficial,2024,Anual,0,822235,,SENADORA NACIONAL,171804681.05,728428.87,0.00,370000000.00,https://datos.jus.gob.ar/dataset/declaraciones-juradas-patrimoniales-integrales,sí · identidad confirmada
sen-marquez-nadia-judith,Nadia Judith Márquez,Senado nacional,Neuquén,MARQUEZ NADIA JUDITH,a364fd9d2ed1d5b4,identidad_confirmada_cruce_oficial,2022,Anual,0,677698,HONORABLE CAMARA DE DIPUTADOS DE LA NACION,DIPUTADO NACIONAL,91800740.00,0.00,3569453.90,2701448.10,https://datos.jus.gob.ar/dataset/declaraciones-juradas-patrimoniales-integrales,sí · identidad confirmada
sen-marquez-nadia-judith,Nadia Judith Márquez,Senado nacional,Neuquén,MARQUEZ NADIA JUDITH,a364fd9d2ed1d5b4,identidad_confirmada_cruce_oficial,2023,Anual,0,745788,HONORABLE CAMARA DE DIPUTADOS DE LA NACION,DIPUTADO NACIONAL,21107180.33,0.00,91511000.00,7394774.17,https://datos.jus.gob.ar/dataset/declaraciones-juradas-patrimoniales-integrales,sí · identidad confirmada
sen-marquez-nadia-judith,Nadia Judith Márquez,Senado nacional,Neuquén,MARQUEZ NADIA JUDITH,a364fd9d2ed1d5b4,identidad_confirmada_cruce_oficial,2024,Anual,1,821706,,SENADOR NACIONAL,35632796.33,0.00,2272451.69,52176663.80,https://datos.jus.gob.ar/dataset/declaraciones-juradas-patrimoniales-integrales,sí · identidad confirmada
sen-mayans-jose-miguel-angel,José Miguel Ángel Mayans,Senado nacional,Formosa,MAYANS JOSE MIGUEL ANGEL,808570ecd0663363,revision_manual_identidad,2017,Anual,1,282537,HONORABLE SENADO DE LA NACION,SENADOR NACIONAL,5015973.01,0.00,1176584.94,1481152.81,https://datos.jus.gob.ar/dataset/declaraciones-juradas-patrimoniales-integrales,no · identidad pendiente
sen-mayans-jose-miguel-angel,José Miguel Ángel Mayans,Senado nacional,Formosa,MAYANS JOSE MIGUEL ANGEL,808570ecd0663363,revision_manual_identidad,2018,Anual,0,395259,HONORABLE SENADO DE LA NACION,SENADOR NACIONAL,9133278.18,6000000.00,2859405.70,1769302.43,https://datos.jus.gob.ar/dataset/declaraciones-juradas-patrimoniales-integrales,no · identidad pendiente
sen-mayans-jose-miguel-angel,José Miguel Ángel Mayans,Senado nacional,Formosa,MAYANS JOSE MIGUEL ANGEL,808570ecd0663363,revision_manual_identidad,2019,Anual,0,526995,HONORABLE SENADO DE LA NACION,SENADOR NACIONAL,12970556.05,0.00,3125549.51,2328131.32,https://datos.jus.gob.ar/dataset/declaraciones-juradas-patrimoniales-integrales,no · identidad pendiente
sen-mayans-jose-miguel-angel,José Miguel Ángel Mayans,Senado nacional,Formosa,MAYANS JOSE MIGUEL ANGEL,808570ecd0663363,revision_manual_identidad,2020,Anual,1,539509,HONORABLE SENADO DE LA NACION,SENADOR NACIONAL,13338722.57,0.00,467552.93,2521917.05,https://datos.jus.gob.ar/dataset/declaraciones-juradas-patrimoniales-integrales,no · identidad pendiente
sen-mayans-jose-miguel-angel,José Miguel Ángel Mayans,Senado nacional,Formosa,MAYANS JOSE MIGUEL ANGEL,808570ecd0663363,revision_manual_identidad,2021,Anual,0,674873,HONORABLE SENADO DE LA NACION,SENADOR NACIONAL,20344177.65,0.00,0.00,3298716.71,https://datos.jus.gob.ar/dataset/declaraciones-juradas-patrimoniales-integrales,no · identidad pendiente
sen-mayans-jose-miguel-angel,José Miguel Ángel Mayans,Senado nacional,Formosa,MAYANS JOSE MIGUEL ANGEL,808570ecd0663363,revision_manual_identidad,2022,Anual,0,675114,HONORABLE SENADO DE LA NACION,SENADOR NACIONAL,38082415.10,0.00,16738906.97,5401039.69,https://datos.jus.gob.ar/dataset/declaraciones-juradas-patrimoniales-integrales,no · identidad pendiente
sen-mayans-jose-miguel-angel,José Miguel Ángel Mayans,Senado nacional,Formosa,MAYANS JOSE MIGUEL ANGEL,808570ecd0663363,revision_manual_identidad,2023,Anual,0,809108,,SENADOR NACIONAL,122795692.15,0.00,77152195.47,13069214.57,https://datos.jus.gob.ar/dataset/declaraciones-juradas-patrimoniales-integrales,no · identidad pendiente
sen-mayans-jose-miguel-angel,José Miguel Ángel Mayans,Senado nacional,Formosa,MAYANS JOSE MIGUEL ANGEL,808570ecd0663363,revision_manual_identidad,2024,Anual,0,809166,,SENADOR NACIONAL,206606999.95,0.00,14342759.43,66764727.49,https://datos.jus.gob.ar/dataset/declaraciones-juradas-patrimoniales-integrales,no · identidad pendiente
sen-mendoza-sandra-mariela,Sandra Mariela Mendoza,Senado nacional,Tucumán,MENDOZA SANDRA MARIELA,9257f2995842db35,identidad_confirmada_cruce_oficial,2020,Anual,0,542270,,SENADOR NACIONAL,9389422.88,551922.68,1245411.86,1855817.09,https://datos.jus.gob.ar/dataset/declaraciones-juradas-patrimoniales-integrales,sí · identidad confirmada
sen-mendoza-sandra-mariela,Sandra Mariela Mendoza,Senado nacional,Tucumán,MENDOZA SANDRA MARIELA,9257f2995842db35,identidad_confirmada_cruce_oficial,2021,Anual,0,604299,,SENADORA NACIONAL,11371236.33,551922.68,1940433.42,1663630.25,https://datos.jus.gob.ar/dataset/declaraciones-juradas-patrimoniales-integrales,sí · identidad confirmada
sen-mendoza-sandra-mariela,Sandra Mariela Mendoza,Senado nacional,Tucumán,MENDOZA SANDRA MARIELA,9257f2995842db35,identidad_confirmada_cruce_oficial,2022,Anual,0,632285,,SENADORA NACIONAL,23057022.14,0.00,8488921.90,6016986.16,https://datos.jus.gob.ar/dataset/declaraciones-juradas-patrimoniales-integrales,sí · identidad confirmada
sen-mendoza-sandra-mariela,Sandra Mariela Mendoza,Senado nacional,Tucumán,MENDOZA SANDRA MARIELA,9257f2995842db35,identidad_confirmada_cruce_oficial,2023,Anual,0,723243,,SENADORA NACIONAL,114350744.84,186500000.00,62373993.20,14218480.25,https://datos.jus.gob.ar/dataset/declaraciones-juradas-patrimoniales-integrales,sí · identidad confirmada
sen-mendoza-sandra-mariela,Sandra Mariela Mendoza,Senado nacional,Tucumán,MENDOZA SANDRA MARIELA,9257f2995842db35,identidad_confirmada_cruce_oficial,2024,Anual,0,814201,,SENADORA NACIONAL,197068569.39,0.00,43758456.05,68390022.69,https://datos.jus.gob.ar/dataset/declaraciones-juradas-patrimoniales-integrales,sí · identidad confirmada
sen-moises-maria-carolina,María Carolina Moises,Senado nacional,Jujuy,MOISES MARIA CAROLINA,e6eb754010300227,revision_manual_identidad,2017,Anual,0,341396,,,3936288.51,0.00,304801.49,569926.95,https://datos.jus.gob.ar/dataset/declaraciones-juradas-patrimoniales-integrales,no · identidad pendiente
sen-moises-maria-carolina,María Carolina Moises,Senado nacional,Jujuy,MOISES MARIA CAROLINA,e6eb754010300227,revision_manual_identidad,2018,Anual,1,414517,,,5766808.53,0.00,437604.17,1889368.26,https://datos.jus.gob.ar/dataset/declaraciones-juradas-patrimoniales-integrales,no · identidad pendiente
sen-moises-maria-carolina,María Carolina Moises,Senado nacional,Jujuy,MOISES MARIA CAROLINA,e6eb754010300227,revision_manual_identidad,2023,Baja,0,683797,,DIPUTADA NACIONAL,82006032.76,0.00,44191179.89,14500586.65,https://datos.jus.gob.ar/dataset/declaraciones-juradas-patrimoniales-integrales,no · identidad pendiente
sen-moises-maria-carolina,María Carolina Moises,Senado nacional,Jujuy,MOISES MARIA CAROLINA,e6eb754010300227,revision_manual_identidad,2024,Anual,0,787204,,SENADORA NACIONAL,301040145.21,9892703.16,0.00,64280252.90,https://datos.jus.gob.ar/dataset/declaraciones-juradas-patrimoniales-integrales,no · identidad pendiente
sen-monte-de-oca-maria-belen,María Belén Monte de Oca,Senado nacional,"Tierra del Fuego, Antártida e Islas del Atlántico Sur",MONTE DE OCA MARIA BELEN,1bb7b6de90521ee1,identidad_confirmada_cruce_oficial,2018,Anual,0,411971,,DIPUTADA NAIONAL,2800000.00,0.00,4000000.00,4000000.00,https://datos.jus.gob.ar/dataset/declaraciones-juradas-patrimoniales-integrales,sí · identidad confirmada
sen-monte-de-oca-maria-belen,María Belén Monte de Oca,Senado nacional,"Tierra del Fuego, Antártida e Islas del Atlántico Sur",MONTE DE OCA MARIA BELEN,1bb7b6de90521ee1,identidad_confirmada_cruce_oficial,2024,Anual,0,822444,,senador nacional,46885000.00,0.00,0.00,0.00,https://datos.jus.gob.ar/dataset/declaraciones-juradas-patrimoniales-integrales,sí · identidad confirmada
sen-monteverde-agustin-anibal,Agustín Aníbal Monteverde,Senado nacional,Ciudad Autónoma de Buenos Aires,MONTEVERDE AGUSTIN ANIBAL,9361325354fe29de,identidad_confirmada_cruce_oficial,2024,Anual,0,822535,,SENADOR NACIONAL,357984920.54,10177415.32,0.00,66458738.53,https://datos.jus.gob.ar/dataset/declaraciones-juradas-patrimoniales-integrales,sí · identidad confirmada
sen-neder-jose-emilio,José Emilio Neder,Senado nacional,Santiago del Estero,NEDER JOSE EMILIO,a3a85baa8a2c0ca5,identidad_confirmada_cruce_oficial,2018,Anual,0,412369,,SENADOR NACIONAL,2332121.68,52350.93,80607.80,684720.90,https://datos.jus.gob.ar/dataset/declaraciones-juradas-patrimoniales-integrales,sí · identidad confirmada
sen-neder-jose-emilio,José Emilio Neder,Senado nacional,Santiago del Estero,NEDER JOSE EMILIO,a3a85baa8a2c0ca5,identidad_confirmada_cruce_oficial,2019,Anual,0,443870,HONORABLE SENADO DE LA NACION,SENADOR NACIONAL,3743877.32,107707.36,0.00,1058722.90,https://datos.jus.gob.ar/dataset/declaraciones-juradas-patrimoniales-integrales,sí · identidad confirmada
sen-neder-jose-emilio,José Emilio Neder,Senado nacional,Santiago del Estero,NEDER JOSE EMILIO,a3a85baa8a2c0ca5,identidad_confirmada_cruce_oficial,2020,Anual,0,498073,HONORABLE SENADO DE LA NACION,SENADOR NACIONAL,5214572.53,87550.07,0.00,2682244.37,https://datos.jus.gob.ar/dataset/declaraciones-juradas-patrimoniales-integrales,sí · identidad confirmada
sen-neder-jose-emilio,José Emilio Neder,Senado nacional,Santiago del Estero,NEDER JOSE EMILIO,a3a85baa8a2c0ca5,identidad_confirmada_cruce_oficial,2021,Anual,0,562970,HONORABLE SENADO DE LA NACION,SENADOR NACIONAL,9102939.62,61938.82,1633141.88,3274509.19,https://datos.jus.gob.ar/dataset/declaraciones-juradas-patrimoniales-integrales,sí · identidad confirmada
sen-neder-jose-emilio,José Emilio Neder,Senado nacional,Santiago del Estero,NEDER JOSE EMILIO,a3a85baa8a2c0ca5,identidad_confirmada_cruce_oficial,2022,Anual,0,626314,HONORABLE SENADO DE LA NACION,SENADOR NACIONAL,12467811.07,131172.17,3129340.96,5232225.97,https://datos.jus.gob.ar/dataset/declaraciones-juradas-patrimoniales-integrales,sí · identidad confirmada
sen-neder-jose-emilio,José Emilio Neder,Senado nacional,Santiago del Estero,NEDER JOSE EMILIO,a3a85baa8a2c0ca5,identidad_confirmada_cruce_oficial,2023,Anual,0,710673,HONORABLE SENADO DE LA NACION,SENADOR NACIONAL,30108517.28,215945.03,5273388.21,13367030.51,https://datos.jus.gob.ar/dataset/declaraciones-juradas-patrimoniales-integrales,sí · identidad confirmada
sen-neder-jose-emilio,José Emilio Neder,Senado nacional,Santiago del Estero,NEDER JOSE EMILIO,a3a85baa8a2c0ca5,identidad_confirmada_cruce_oficial,2024,Anual,0,773048,HONORABLE SENADO DE LA NACION,SENADOR NACIONAL,70059364.04,2915290.00,36357146.24,66793097.44,https://datos.jus.gob.ar/dataset/declaraciones-juradas-patrimoniales-integrales,sí · identidad confirmada
sen-olivera-lucero-bruno-antonio,Bruno Antonio Olivera Lucero,Senado nacional,San Juan,OLIVERA LUCERO BRUNO ANTONIO,159ef50ebf33948b,identidad_confirmada_cruce_oficial,2022,Anual,0,676741,,SENADOR NACIONAL TITULAR EN 1ER TERMINO,66757830.00,0.00,0.00,0.00,https://datos.jus.gob.ar/dataset/declaraciones-juradas-patrimoniales-integrales,sí · identidad confirmada
sen-olivera-lucero-bruno-antonio,Bruno Antonio Olivera Lucero,Senado nacional,San Juan,OLIVERA LUCERO BRUNO ANTONIO,159ef50ebf33948b,identidad_confirmada_cruce_oficial,2023,Anual,0,711627,,SENADOR NACIONAL,142119560.00,0.00,0.00,25837000.00,https://datos.jus.gob.ar/dataset/declaraciones-juradas-patrimoniales-integrales,sí · identidad confirmada
sen-olivera-lucero-bruno-antonio,Bruno Antonio Olivera Lucero,Senado nacional,San Juan,OLIVERA LUCERO BRUNO ANTONIO,159ef50ebf33948b,identidad_confirmada_cruce_oficial,2024,Anual,0,816670,,SENADOR NACIONAL,260171000.00,0.00,0.00,0.00,https://datos.jus.gob.ar/dataset/declaraciones-juradas-patrimoniales-integrales,sí · identidad confirmada
sen-orozco-maria-emilia,María Emilia Orozco,Senado nacional,Salta,OROZCO MARIA EMILIA,ad1e3a473d26b5bd,revision_manual_identidad,2022,Anual,0,679492,,Diputado Nacional,4600719.65,1823210.00,2916509.44,5132597.09,https://datos.jus.gob.ar/dataset/declaraciones-juradas-patrimoniales-integrales,no · identidad pendiente
sen-orozco-maria-emilia,María Emilia Orozco,Senado nacional,Salta,OROZCO MARIA EMILIA,ad1e3a473d26b5bd,revision_manual_identidad,2023,Inicial,0,688556,,,146000000.00,0.00,0.00,0.00,https://datos.jus.gob.ar/dataset/declaraciones-juradas-patrimoniales-integrales,no · identidad pendiente
sen-orozco-maria-emilia,María Emilia Orozco,Senado nacional,Salta,OROZCO MARIA EMILIA,ad1e3a473d26b5bd,revision_manual_identidad,2024,Anual,0,815986,HONORABLE CAMARA DE DIPUTADOS DE LA NACION,Diputada Nacional,164620830.00,117096.60,15534839.30,22200502.88,https://datos.jus.gob.ar/dataset/declaraciones-juradas-patrimoniales-integrales,no · identidad pendiente
sen-pagotto-juan-carlos,Juan Carlos Pagotto,Senado nacional,La Rioja,PAGOTTO JUAN CARLOS,a53ce84af251e0c6,revision_manual_identidad,2023,Inicial,0,677627,,SENADOR NACIONAL,422500000.00,0.00,0.00,0.00,https://datos.jus.gob.ar/dataset/declaraciones-juradas-patrimoniales-integrales,no · identidad pendiente
sen-paoltroni-francisco-manuel,Francisco Manuel Paoltroni,Senado nacional,Formosa,PAOLTRONI FRANCISCO MANUEL,4a024a87df8f7917,identidad_confirmada_cruce_oficial,2022,Anual,1,677483,,SENADOR NACIONAL,283612992.78,15311783.33,71787053.44,2626268.68,https://datos.jus.gob.ar/dataset/declaraciones-juradas-patrimoniales-integrales,sí · identidad confirmada
sen-paoltroni-francisco-manuel,Francisco Manuel Paoltroni,Senado nacional,Formosa,PAOLTRONI FRANCISCO MANUEL,4a024a87df8f7917,identidad_confirmada_cruce_oficial,2023,Anual,0,754127,,SENADOR NACIONAL,320977385.22,84349495.42,188483269.25,8418701.98,https://datos.jus.gob.ar/dataset/declaraciones-juradas-patrimoniales-integrales,sí · identidad confirmada
sen-paoltroni-francisco-manuel,Francisco Manuel Paoltroni,Senado nacional,Formosa,PAOLTRONI FRANCISCO MANUEL,4a024a87df8f7917,identidad_confirmada_cruce_oficial,2024,Anual,1,826903,,SENADOR NACIONAL,1428457142.01,317189226.27,0.00,78609576.16,https://datos.jus.gob.ar/dataset/declaraciones-juradas-patrimoniales-integrales,sí · identidad confirmada
sen-recalde-mariano,Mariano Recalde,Senado nacional,Ciudad Autónoma de Buenos Aires,RECALDE MARIANO,0aa8ab40a874d3e5,identidad_confirmada_cruce_oficial,2018,Anual,0,416159,,SENADOR,11615850.99,298001.11,905104.16,2722735.90,https://datos.jus.gob.ar/dataset/declaraciones-juradas-patrimoniales-integrales,sí · identidad confirmada
sen-recalde-mariano,Mariano Recalde,Senado nacional,Ciudad Autónoma de Buenos Aires,RECALDE MARIANO,0aa8ab40a874d3e5,identidad_confirmada_cruce_oficial,2019,Anual,0,474994,HONORABLE SENADO DE LA NACION,Senador Nacional,13803293.37,2760000.00,0.00,3062415.92,https://datos.jus.gob.ar/dataset/declaraciones-juradas-patrimoniales-integrales,sí · identidad confirmada
sen-recalde-mariano,Mariano Recalde,Senado nacional,Ciudad Autónoma de Buenos Aires,RECALDE MARIANO,0aa8ab40a874d3e5,identidad_confirmada_cruce_oficial,2020,Anual,0,545706,HONORABLE SENADO DE LA NACION,SENADOR NACIONAL,22093754.23,2760000.00,0.00,3146946.79,https://datos.jus.gob.ar/dataset/declaraciones-juradas-patrimoniales-integrales,sí · identidad confirmada
sen-recalde-mariano,Mariano Recalde,Senado nacional,Ciudad Autónoma de Buenos Aires,RECALDE MARIANO,0aa8ab40a874d3e5,identidad_confirmada_cruce_oficial,2021,Anual,0,606982,HONORABLE SENADO DE LA NACION,SENADOR NACIONAL,55195577.13,2760000.00,0.00,5369384.47,https://datos.jus.gob.ar/dataset/declaraciones-juradas-patrimoniales-integrales,sí · identidad confirmada
sen-recalde-mariano,Mariano Recalde,Senado nacional,Ciudad Autónoma de Buenos Aires,RECALDE MARIANO,0aa8ab40a874d3e5,identidad_confirmada_cruce_oficial,2022,Anual,0,676022,HONORABLE SENADO DE LA NACION,SENADOR DE LA NACION,102021811.50,2760000.00,0.00,16193044.24,https://datos.jus.gob.ar/dataset/declaraciones-juradas-patrimoniales-integrales,sí · identidad confirmada
sen-recalde-mariano,Mariano Recalde,Senado nacional,Ciudad Autónoma de Buenos Aires,RECALDE MARIANO,0aa8ab40a874d3e5,identidad_confirmada_cruce_oficial,2023,Anual,0,761374,HONORABLE SENADO DE LA NACION,SENADOR DE LA NACION,390145810.60,7356795.09,0.00,146846887.08,https://datos.jus.gob.ar/dataset/declaraciones-juradas-patrimoniales-integrales,sí · identidad confirmada
sen-recalde-mariano,Mariano Recalde,Senado nacional,Ciudad Autónoma de Buenos Aires,RECALDE MARIANO,0aa8ab40a874d3e5,identidad_confirmada_cruce_oficial,2024,Anual,0,826749,HONORABLE SENADO DE LA NACION,SI,982380851.65,1656457.36,0.00,421048572.71,https://datos.jus.gob.ar/dataset/declaraciones-juradas-patrimoniales-integrales,sí · identidad confirmada
sen-rejal-jesus-fernando,Jesús Fernando Rejal,Senado nacional,La Rioja,REJAL JESUS FERNANDO,673de87b233892bc,identidad_confirmada_cruce_oficial,2022,Anual,0,677019,,SENADOR NACIONAL,662238000.00,0.00,0.00,2564211.25,https://datos.jus.gob.ar/dataset/declaraciones-juradas-patrimoniales-integrales,sí · identidad confirmada
sen-rejal-jesus-fernando,Jesús Fernando Rejal,Senado nacional,La Rioja,REJAL JESUS FERNANDO,673de87b233892bc,identidad_confirmada_cruce_oficial,2023,Anual,0,713545,,SENADOR NACIONAL,295725611.06,0.00,229501811.06,16161327.06,https://datos.jus.gob.ar/dataset/declaraciones-juradas-patrimoniales-integrales,sí · identidad confirmada
sen-rejal-jesus-fernando,Jesús Fernando Rejal,Senado nacional,La Rioja,REJAL JESUS FERNANDO,673de87b233892bc,identidad_confirmada_cruce_oficial,2024,Anual,1,773364,HONORABLE SENADO DE LA NACION,SENADOR NACIONAL,61982788.05,0.00,0.00,49936320.00,https://datos.jus.gob.ar/dataset/declaraciones-juradas-patrimoniales-integrales,sí · identidad confirmada
sen-rojas-decut-sonia-elizabeth,Sonia Elizabeth Rojas Decut,Senado nacional,Misiones,ROJAS DECUT SONIA ELIZABETH,3e26af4235bd5af4,identidad_confirmada_cruce_oficial,2023,Anual,0,757901,HONORABLE SENADO DE LA NACION,SENADORA NACIONAL,29421580.53,2011492.64,7476647.73,17555875.06,https://datos.jus.gob.ar/dataset/declaraciones-juradas-patrimoniales-integrales,sí · identidad confirmada
sen-rojas-decut-sonia-elizabeth,Sonia Elizabeth Rojas Decut,Senado nacional,Misiones,ROJAS DECUT SONIA ELIZABETH,3e26af4235bd5af4,identidad_confirmada_cruce_oficial,2024,Anual,0,774570,HONORABLE SENADO DE LA NACION,SENADORA NACIONAL,73303007.86,6860663.56,43881427.33,80488954.24,https://datos.jus.gob.ar/dataset/declaraciones-juradas-patrimoniales-integrales,sí · identidad confirmada
sen-salino-fernando-aldo,Fernando Aldo Salino,Senado nacional,San Luis,SALINO FERNANDO ALDO,48d020c035193b83,identidad_confirmada_cruce_oficial,2023,Anual,0,707822,,SENADOR NACIONAL,29668005.51,0.00,12725674.89,12443267.62,https://datos.jus.gob.ar/dataset/declaraciones-juradas-patrimoniales-integrales,sí · identidad confirmada
sen-salino-fernando-aldo,Fernando Aldo Salino,Senado nacional,San Luis,SALINO FERNANDO ALDO,48d020c035193b83,identidad_confirmada_cruce_oficial,2024,Anual,1,777380,,SENADOR NACIONAL,49271852.57,0.00,6731404.43,66636853.51,https://datos.jus.gob.ar/dataset/declaraciones-juradas-patrimoniales-integrales,sí · identidad confirmada
sen-soria-martin-ignacio,Martin Ignacio Soria,Senado nacional,Río Negro,SORIA MARTIN IGNACIO,ddd6f04da2d3ed98,identidad_confirmada_cruce_oficial,2019,Anual,3,654984,MUNICIPALIDAD DE GENERAL ROCA,Intendente,2839369.58,26317.50,868250.75,1074439.11,https://datos.jus.gob.ar/dataset/declaraciones-juradas-patrimoniales-integrales,sí · identidad confirmada
sen-soria-martin-ignacio,Martin Ignacio Soria,Senado nacional,Río Negro,SORIA MARTIN IGNACIO,ddd6f04da2d3ed98,identidad_confirmada_cruce_oficial,2020,Anual,1,655150,HONORABLE CAMARA DE DIPUTADOS DE LA NACION,Diputado Nacional,7215148.35,590670.00,1206447.09,2471013.41,https://datos.jus.gob.ar/dataset/declaraciones-juradas-patrimoniales-integrales,sí · identidad confirmada
sen-soria-martin-ignacio,Martin Ignacio Soria,Senado nacional,Río Negro,SORIA MARTIN IGNACIO,ddd6f04da2d3ed98,identidad_confirmada_cruce_oficial,2021,Anual,1,655201,MINISTERIO DE JUSTICIA Y DERECHOS HUMANOS,Ministro de Justicia y Derechos Humanos,12829996.65,912010.00,4925503.75,3731863.67,https://datos.jus.gob.ar/dataset/declaraciones-juradas-patrimoniales-integrales,sí · identidad confirmada
sen-soria-martin-ignacio,Martin Ignacio Soria,Senado nacional,Río Negro,SORIA MARTIN IGNACIO,ddd6f04da2d3ed98,identidad_confirmada_cruce_oficial,2022,Anual,1,655434,MINISTERIO DE JUSTICIA Y DERECHOS HUMANOS,Ministro de Justicia y Derechos Humanos,26631574.44,1504140.00,111691280.00,89955960.00,https://datos.jus.gob.ar/dataset/declaraciones-juradas-patrimoniales-integrales,sí · identidad confirmada
sen-soria-martin-ignacio,Martin Ignacio Soria,Senado nacional,Río Negro,SORIA MARTIN IGNACIO,ddd6f04da2d3ed98,identidad_confirmada_cruce_oficial,2023,Anual,0,745162,MINISTERIO DE JUSTICIA Y DERECHOS HUMANOS,Ministro de Justicia y Derechos humanos,82189266.66,5025960.00,321386280.00,26744286.95,https://datos.jus.gob.ar/dataset/declaraciones-juradas-patrimoniales-integrales,sí · identidad confirmada
sen-soria-martin-ignacio,Martin Ignacio Soria,Senado nacional,Río Negro,SORIA MARTIN IGNACIO,ddd6f04da2d3ed98,identidad_confirmada_cruce_oficial,2024,Anual,0,795325,MINISTERIO DE JUSTICIA,Ministro de Justicia y Derechos Humanos,183868586.69,166323470.00,653570980.00,422498020.00,https://datos.jus.gob.ar/dataset/declaraciones-juradas-patrimoniales-integrales,sí · identidad confirmada
sen-suarez-rodolfo-alejandro,Rodolfo Alejandro Suárez,Senado nacional,Mendoza,SUAREZ RODOLFO ALEJANDRO,62b9e4deb962e3a6,identidad_confirmada_cruce_oficial,2020,Anual,0,540350,PROVINCIA DE MENDOZA,GOBERNADOR,18981350.48,0.00,5132183.75,1633024.05,https://datos.jus.gob.ar/dataset/declaraciones-juradas-patrimoniales-integrales,sí · identidad confirmada
sen-suarez-rodolfo-alejandro,Rodolfo Alejandro Suárez,Senado nacional,Mendoza,SUAREZ RODOLFO ALEJANDRO,62b9e4deb962e3a6,identidad_confirmada_cruce_oficial,2023,Anual,0,739603,,SENADOR NACIONAL,164876796.46,0.00,0.00,7574152.71,https://datos.jus.gob.ar/dataset/declaraciones-juradas-patrimoniales-integrales,sí · identidad confirmada
sen-suarez-rodolfo-alejandro,Rodolfo Alejandro Suárez,Senado nacional,Mendoza,SUAREZ RODOLFO ALEJANDRO,62b9e4deb962e3a6,identidad_confirmada_cruce_oficial,2024,Anual,2,827231,,SENADOR NACIONAL,525760448.49,0.00,302858290.37,64262565.56,https://datos.jus.gob.ar/dataset/declaraciones-juradas-patrimoniales-integrales,sí · identidad confirmada
sen-terenzi-edith-elizabeth,Edith Elizabeth Terenzi,Senado nacional,Chubut,TERENZI EDITH ELIZABETH,4b2587d9235b5cd7,identidad_confirmada_cruce_oficial,2021,Inicial,0,546458,,SENADORA,6558266.87,0.00,0.00,0.00,https://datos.jus.gob.ar/dataset/declaraciones-juradas-patrimoniales-integrales,sí · identidad confirmada
sen-terenzi-edith-elizabeth,Edith Elizabeth Terenzi,Senado nacional,Chubut,TERENZI EDITH ELIZABETH,4b2587d9235b5cd7,identidad_confirmada_cruce_oficial,2022,Anual,0,627993,HONORABLE SENADO DE LA NACION,SENADORA,13128206.65,0.00,5952625.29,5376876.76,https://datos.jus.gob.ar/dataset/declaraciones-juradas-patrimoniales-integrales,sí · identidad confirmada
sen-terenzi-edith-elizabeth,Edith Elizabeth Terenzi,Senado nacional,Chubut,TERENZI EDITH ELIZABETH,4b2587d9235b5cd7,identidad_confirmada_cruce_oficial,2023,Anual,0,718001,HONORABLE SENADO DE LA NACION,SENADORA NACIONAL,30531801.25,0.00,11473374.32,10482518.86,https://datos.jus.gob.ar/dataset/declaraciones-juradas-patrimoniales-integrales,sí · identidad confirmada
sen-terenzi-edith-elizabeth,Edith Elizabeth Terenzi,Senado nacional,Chubut,TERENZI EDITH ELIZABETH,4b2587d9235b5cd7,identidad_confirmada_cruce_oficial,2024,Anual,0,802532,HONORABLE SENADO DE LA NACION,SENADORA NACIONAL,65779477.58,0.00,0.00,67619484.10,https://datos.jus.gob.ar/dataset/declaraciones-juradas-patrimoniales-integrales,sí · identidad confirmada
sen-unac-sergio-mauricio,Sergio Mauricio Uñac,Senado nacional,San Juan,UÑAC SERGIO MAURICIO,efcc978822bc0b3d,revision_manual_identidad,2023,Anual,0,725213,HONORABLE SENADO DE LA NACION,SENADOR NACIONAL,498603040.18,2264551.46,308467139.57,15967843.86,https://datos.jus.gob.ar/dataset/declaraciones-juradas-patrimoniales-integrales,no · identidad pendiente
sen-unac-sergio-mauricio,Sergio Mauricio Uñac,Senado nacional,San Juan,UÑAC SERGIO MAURICIO,efcc978822bc0b3d,revision_manual_identidad,2024,Anual,0,787488,HONORABLE SENADO DE LA NACION,SENADOR NACIONAL,594511112.45,11203460.00,40178680.41,67163762.97,https://datos.jus.gob.ar/dataset/declaraciones-juradas-patrimoniales-integrales,no · identidad pendiente
sen-valenzuela-mercedes-gabriela,Mercedes Gabriela Valenzuela,Senado nacional,Corrientes,VALENZUELA MERCEDES GABRIELA,b62c046b4fd70390,identidad_confirmada_cruce_oficial,2021,Anual,0,585211,HONORABLE SENADO DE LA NACION,SENADOR NACIONAL,339801850.00,0.00,33030.00,352513.90,https://datos.jus.gob.ar/dataset/declaraciones-juradas-patrimoniales-integrales,sí · identidad confirmada
sen-valenzuela-mercedes-gabriela,Mercedes Gabriela Valenzuela,Senado nacional,Corrientes,VALENZUELA MERCEDES GABRIELA,b62c046b4fd70390,identidad_confirmada_cruce_oficial,2022,Anual,0,646378,HONORABLE SENADO DE LA NACION,SENADOR NACIONAL,447262850.00,0.00,40355000.00,5100879.49,https://datos.jus.gob.ar/dataset/declaraciones-juradas-patrimoniales-integrales,sí · identidad confirmada
sen-valenzuela-mercedes-gabriela,Mercedes Gabriela Valenzuela,Senado nacional,Corrientes,VALENZUELA MERCEDES GABRIELA,b62c046b4fd70390,identidad_confirmada_cruce_oficial,2023,Anual,0,705453,HONORABLE SENADO DE LA NACION,SENADOR NACIONAL,407310000.00,0.00,6500789.25,12858604.25,https://datos.jus.gob.ar/dataset/declaraciones-juradas-patrimoniales-integrales,sí · identidad confirmada
sen-valenzuela-mercedes-gabriela,Mercedes Gabriela Valenzuela,Senado nacional,Corrientes,VALENZUELA MERCEDES GABRIELA,b62c046b4fd70390,identidad_confirmada_cruce_oficial,2024,Anual,0,801726,HONORABLE SENADO DE LA NACION,SENADOR NACIONAL,499777360.00,0.00,0.00,58236338.51,https://datos.jus.gob.ar/dataset/declaraciones-juradas-patrimoniales-integrales,sí · identidad confirmada
sen-vigo-alejandra-maria,Alejandra María Vigo,Senado nacional,Córdoba,VIGO ALEJANDRA MARIA,abd193f2f3c096eb,identidad_confirmada_cruce_oficial,2017,Anual,0,277008,,DIPUTADO NACIONAL,3286096.82,43998.87,0.00,1025412.88,https://datos.jus.gob.ar/dataset/declaraciones-juradas-patrimoniales-integrales,sí · identidad confirmada
sen-vigo-alejandra-maria,Alejandra María Vigo,Senado nacional,Córdoba,VIGO ALEJANDRA MARIA,abd193f2f3c096eb,identidad_confirmada_cruce_oficial,2018,Anual,0,372775,,DIPUTADO NACIONAL,5798576.56,41000.53,0.00,1798489.07,https://datos.jus.gob.ar/dataset/declaraciones-juradas-patrimoniales-integrales,sí · identidad confirmada
sen-vigo-alejandra-maria,Alejandra María Vigo,Senado nacional,Córdoba,VIGO ALEJANDRA MARIA,abd193f2f3c096eb,identidad_confirmada_cruce_oficial,2019,Anual,0,442140,,DIPUTADO NACIONAL,12456402.65,420258.44,0.00,2301658.94,https://datos.jus.gob.ar/dataset/declaraciones-juradas-patrimoniales-integrales,sí · identidad confirmada
sen-vigo-alejandra-maria,Alejandra María Vigo,Senado nacional,Córdoba,VIGO ALEJANDRA MARIA,abd193f2f3c096eb,identidad_confirmada_cruce_oficial,2020,Anual,0,506886,,DIPUTADO NACIONAL,18573508.33,61441.92,0.00,2286628.89,https://datos.jus.gob.ar/dataset/declaraciones-juradas-patrimoniales-integrales,sí · identidad confirmada
sen-vigo-alejandra-maria,Alejandra María Vigo,Senado nacional,Córdoba,VIGO ALEJANDRA MARIA,abd193f2f3c096eb,identidad_confirmada_cruce_oficial,2021,Anual,0,568652,,SENADOR NACIONAL,31150050.31,368591.15,0.00,2984645.41,https://datos.jus.gob.ar/dataset/declaraciones-juradas-patrimoniales-integrales,sí · identidad confirmada
sen-vigo-alejandra-maria,Alejandra María Vigo,Senado nacional,Córdoba,VIGO ALEJANDRA MARIA,abd193f2f3c096eb,identidad_confirmada_cruce_oficial,2022,Anual,0,628402,,SENADOR NACIONAL,53360017.91,684615.86,0.00,5142304.75,https://datos.jus.gob.ar/dataset/declaraciones-juradas-patrimoniales-integrales,sí · identidad confirmada
sen-vigo-alejandra-maria,Alejandra María Vigo,Senado nacional,Córdoba,VIGO ALEJANDRA MARIA,abd193f2f3c096eb,identidad_confirmada_cruce_oficial,2023,Anual,0,707492,,SENADOR NACIONAL,178964782.35,1935911.53,34817213.65,13604785.96,https://datos.jus.gob.ar/dataset/declaraciones-juradas-patrimoniales-integrales,sí · identidad confirmada
sen-vigo-alejandra-maria,Alejandra María Vigo,Senado nacional,Córdoba,VIGO ALEJANDRA MARIA,abd193f2f3c096eb,identidad_confirmada_cruce_oficial,2024,Anual,0,772576,,SENADOR NACIONAL,362301090.87,3192123.90,0.00,65822689.48,https://datos.jus.gob.ar/dataset/declaraciones-juradas-patrimoniales-integrales,sí · identidad confirmada
sen-vischi-eduardo-alejandro,Eduardo Alejandro Vischi,Senado nacional,Corrientes,VISCHI EDUARDO ALEJANDRO,5bc2576aa1c113ed,revision_manual_identidad,2021,Anual,0,600631,,Senador Nacional,13656496.74,0.00,5032924.77,5032924.77,https://datos.jus.gob.ar/dataset/declaraciones-juradas-patrimoniales-integrales,no · identidad pendiente
sen-vischi-eduardo-alejandro,Eduardo Alejandro Vischi,Senado nacional,Corrientes,VISCHI EDUARDO ALEJANDRO,5bc2576aa1c113ed,revision_manual_identidad,2022,Anual,1,700333,HONORABLE SENADO DE LA NACION,SENADOR NACIONAL,76968000.00,0.00,7414744.23,4606893.50,https://datos.jus.gob.ar/dataset/declaraciones-juradas-patrimoniales-integrales,no · identidad pendiente
sen-vischi-eduardo-alejandro,Eduardo Alejandro Vischi,Senado nacional,Corrientes,VISCHI EDUARDO ALEJANDRO,5bc2576aa1c113ed,revision_manual_identidad,2023,Anual,0,733858,HONORABLE SENADO DE LA NACION,Senador Nacional,88405500.00,0.00,23316166.71,11597033.64,https://datos.jus.gob.ar/dataset/declaraciones-juradas-patrimoniales-integrales,no · identidad pendiente
sen-vischi-eduardo-alejandro,Eduardo Alejandro Vischi,Senado nacional,Corrientes,VISCHI EDUARDO ALEJANDRO,5bc2576aa1c113ed,revision_manual_identidad,2024,Anual,0,813430,,SENADOR NACIONAL,1724341990.00,0.00,100715012.72,49523401.28,https://datos.jus.gob.ar/dataset/declaraciones-juradas-patrimoniales-integrales,no · identidad pendiente
sen-zamora-gerardo,Gerardo Zamora,Senado nacional,Santiago del Estero,ZAMORA GERARDO,46b547691d146b83,identidad_confirmada_cruce_oficial,2017,Baja,0,331160,HONORABLE SENADO DE LA NACION,SENADOR NACIONAL,820063.36,0.00,170007.70,1513689.34,https://datos.jus.gob.ar/dataset/declaraciones-juradas-patrimoniales-integrales,sí · identidad confirmada
sen-zamora-gerardo,Gerardo Zamora,Senado nacional,Santiago del Estero,ZAMORA GERARDO,46b547691d146b83,identidad_confirmada_cruce_oficial,2020,Anual,0,540733,,DIPUTADO NACIONAL SUPLENTE - 3º SUPLENTE,16187456.08,0.00,3048823.64,2050201.98,https://datos.jus.gob.ar/dataset/declaraciones-juradas-patrimoniales-integrales,sí · identidad confirmada
sen-zamora-gerardo,Gerardo Zamora,Senado nacional,Santiago del Estero,ZAMORA GERARDO,46b547691d146b83,identidad_confirmada_cruce_oficial,2021,Inicial,0,539484,,DIPUTADO NACIONAL SUPLENTE - 3º SUPLENTE,21719292.27,0.00,0.00,0.00,https://datos.jus.gob.ar/dataset/declaraciones-juradas-patrimoniales-integrales,sí · identidad confirmada
sen-zamora-gerardo,Gerardo Zamora,Senado nacional,Santiago del Estero,ZAMORA GERARDO,46b547691d146b83,identidad_confirmada_cruce_oficial,2022,Inicial,0,676743,,CANDIDATO PARLAMENTARIO DEL MERCOSUR,26521595.52,0.00,0.00,0.00,https://datos.jus.gob.ar/dataset/declaraciones-juradas-patrimoniales-integrales,sí · identidad confirmada
pen-milei-javier-gerardo,Javier Gerardo Milei,Conducción superior PEN,Nación,MILEI JAVIER GERARDO,7bf5c8b9890b2217,serie_curada,2020,Anual,1,541019,PRODEN SA,Diputado Nacional,4643303.37,100077.61,1286942.25,1308806.34,https://datos.jus.gob.ar/dataset/declaraciones-juradas-patrimoniales-integrales,sí · identidad confirmada
pen-milei-javier-gerardo,Javier Gerardo Milei,Conducción superior PEN,Nación,MILEI JAVIER GERARDO,7bf5c8b9890b2217,serie_curada,2021,Anual,1,607656,,Diputado Nacional,12856431.70,0.00,7352033.48,3451418.43,https://datos.jus.gob.ar/dataset/declaraciones-juradas-patrimoniales-integrales,sí · identidad confirmada
pen-milei-javier-gerardo,Javier Gerardo Milei,Conducción superior PEN,Nación,MILEI JAVIER GERARDO,7bf5c8b9890b2217,serie_curada,2022,Anual,0,666955,,Diputado nacional,21101634.54,0.00,5203004.12,16392070.28,https://datos.jus.gob.ar/dataset/declaraciones-juradas-patrimoniales-integrales,sí · identidad confirmada
pen-milei-javier-gerardo,Javier Gerardo Milei,Conducción superior PEN,Nación,MILEI JAVIER GERARDO,7bf5c8b9890b2217,serie_curada,2023,Anual,0,749085,,Presidente de la Nación,125640891.45,0.00,71886098.96,22021827.07,https://datos.jus.gob.ar/dataset/declaraciones-juradas-patrimoniales-integrales,sí · identidad confirmada
pen-milei-javier-gerardo,Javier Gerardo Milei,Conducción superior PEN,Nación,MILEI JAVIER GERARDO,7bf5c8b9890b2217,serie_curada,2024,Anual,0,797241,,Presidente de la Nación,206046375.48,0.00,54546101.49,92157396.22,https://datos.jus.gob.ar/dataset/declaraciones-juradas-patrimoniales-integrales,sí · identidad confirmada
pen-villarruel-victoria-eugenia,Victoria Eugenia Villarruel,Conducción superior PEN,Nación,VILLARRUEL VICTORIA EUGENIA,6c13111292b8757d,identidad_confirmada_cruce_oficial,2020,Anual,1,757052,,CANDIDATA A DIPUTADA NACIONAL CABA,2604227.81,413730.00,379000.00,0.00,https://datos.jus.gob.ar/dataset/declaraciones-juradas-patrimoniales-integrales,sí · identidad confirmada
pen-villarruel-victoria-eugenia,Victoria Eugenia Villarruel,Conducción superior PEN,Nación,VILLARRUEL VICTORIA EUGENIA,6c13111292b8757d,identidad_confirmada_cruce_oficial,2021,Anual,2,757054,HONORABLE CAMARA DE DIPUTADOS DE LA NACION,DIPUTADA NACIONAL CABA,2788885.81,20441.30,35599.85,0.00,https://datos.jus.gob.ar/dataset/declaraciones-juradas-patrimoniales-integrales,sí · identidad confirmada
pen-villarruel-victoria-eugenia,Victoria Eugenia Villarruel,Conducción superior PEN,Nación,VILLARRUEL VICTORIA EUGENIA,6c13111292b8757d,identidad_confirmada_cruce_oficial,2022,Anual,1,757056,HONORABLE CAMARA DE DIPUTADOS DE LA NACION,DIPUTADA NACIONAL,4405137.81,0.00,1508200.00,5312923.95,https://datos.jus.gob.ar/dataset/declaraciones-juradas-patrimoniales-integrales,sí · identidad confirmada
pen-villarruel-victoria-eugenia,Victoria Eugenia Villarruel,Conducción superior PEN,Nación,VILLARRUEL VICTORIA EUGENIA,6c13111292b8757d,identidad_confirmada_cruce_oficial,2023,Anual,1,757099,SECRETARIA GENERAL DE LA PRESIDENCIA DE LA NACION,VICEPRESIDENTE DE LA NACION,36880425.47,0.00,32277151.66,14148014.65,https://datos.jus.gob.ar/dataset/declaraciones-juradas-patrimoniales-integrales,sí · identidad confirmada
pen-villarruel-victoria-eugenia,Victoria Eugenia Villarruel,Conducción superior PEN,Nación,VILLARRUEL VICTORIA EUGENIA,6c13111292b8757d,identidad_confirmada_cruce_oficial,2024,Anual,0,808969,SECRETARIA GENERAL DE LA PRESIDENCIA DE LA NACION,VICEPRESIDENTE DE LA NACION,80223743.06,8967440.00,41328857.59,32534439.04,https://datos.jus.gob.ar/dataset/declaraciones-juradas-patrimoniales-integrales,sí · identidad confirmada
pen-santilli-diego-cesar,Diego César Santilli,Conducción superior PEN,Nación,SANTILLI DIEGO CESAR,14b3d91da1830389,identidad_confirmada_cruce_oficial,2020,Anual,0,539963,,DIPUTADO NACIONAL,17960414.16,40000.00,0.00,5557481.63,https://datos.jus.gob.ar/dataset/declaraciones-juradas-patrimoniales-integrales,sí · identidad confirmada
pen-santilli-diego-cesar,Diego César Santilli,Conducción superior PEN,Nación,SANTILLI DIEGO CESAR,14b3d91da1830389,identidad_confirmada_cruce_oficial,2021,Anual,0,584101,,Diputado Nacional,56969432.91,1290000.00,38019097.37,6768563.05,https://datos.jus.gob.ar/dataset/declaraciones-juradas-patrimoniales-integrales,sí · identidad confirmada
pen-santilli-diego-cesar,Diego César Santilli,Conducción superior PEN,Nación,SANTILLI DIEGO CESAR,14b3d91da1830389,identidad_confirmada_cruce_oficial,2022,Anual,0,632094,,DIPUTADO NACIONAL,109183552.96,8350000.00,49905843.05,17499947.44,https://datos.jus.gob.ar/dataset/declaraciones-juradas-patrimoniales-integrales,sí · identidad confirmada
pen-santilli-diego-cesar,Diego César Santilli,Conducción superior PEN,Nación,SANTILLI DIEGO CESAR,14b3d91da1830389,identidad_confirmada_cruce_oficial,2023,Anual,0,725653,,Diputado Nacional,314897257.49,11430000.00,205212680.53,31621556.11,https://datos.jus.gob.ar/dataset/declaraciones-juradas-patrimoniales-integrales,sí · identidad confirmada
pen-santilli-diego-cesar,Diego César Santilli,Conducción superior PEN,Nación,SANTILLI DIEGO CESAR,14b3d91da1830389,identidad_confirmada_cruce_oficial,2024,Anual,0,785850,,Diputado Nacional,691124004.17,4610000.00,370251673.68,69649584.19,https://datos.jus.gob.ar/dataset/declaraciones-juradas-patrimoniales-integrales,sí · identidad confirmada
pen-milei-karina-elizabeth,Karina Elizabeth Milei,Conducción superior PEN,Nación,MILEI KARINA ELIZABETH,77f63443f9a429a5,serie_curada,2023,Anual,0,748973,,Secretaria General de Presidencia,3548270.42,10908660.00,624570.09,23120910.00,https://datos.jus.gob.ar/dataset/declaraciones-juradas-patrimoniales-integrales,sí · identidad confirmada
pen-milei-karina-elizabeth,Karina Elizabeth Milei,Conducción superior PEN,Nación,MILEI KARINA ELIZABETH,77f63443f9a429a5,serie_curada,2024,Anual,0,795500,,Secretaria General de Presidencia,11401021.93,8419610.00,2196455.77,35752225.78,https://datos.jus.gob.ar/dataset/declaraciones-juradas-patrimoniales-integrales,sí · identidad confirmada
pen-quirno-pablo,Pablo Quirno,Conducción superior PEN,Nación,QUIRNO PABLO,,revision_manual_identidad,2017,Anual,1,352776,MINISTERIO DE RELACIONES EXTERIORES Y CULTO,Subsecretario de Relaciones Economicas Internacion,2542877.59,0.00,1415.67,1514414.88,https://datos.jus.gob.ar/dataset/declaraciones-juradas-patrimoniales-integrales,no · identidad pendiente
pen-quirno-pablo,Pablo Quirno,Conducción superior PEN,Nación,QUIRNO PABLO,,revision_manual_identidad,2018,Anual,2,465077,MINISTERIO DE RELACIONES EXTERIORES Y CULTO,SUBSECRETARIO DE ESTADO,6084092.67,0.00,244237.39,1777362.93,https://datos.jus.gob.ar/dataset/declaraciones-juradas-patrimoniales-integrales,no · identidad pendiente
pen-quirno-pablo,Pablo Quirno,Conducción superior PEN,Nación,QUIRNO PABLO,,revision_manual_identidad,2019,Baja,0,476087,MINISTERIO DE RELACIONES EXTERIORES Y CULTO,SUBSECRETARIO DE ESTADO,9924871.01,0.00,0.00,2309481.68,https://datos.jus.gob.ar/dataset/declaraciones-juradas-patrimoniales-integrales,no · identidad pendiente
pen-quirno-pablo,Pablo Quirno,Conducción superior PEN,Nación,QUIRNO PABLO,,revision_manual_identidad,2023,Anual,0,827114,QUIRNO PABLO,SECRETARIO DE FINANZAS,419715009.45,0.00,0.00,0.00,https://datos.jus.gob.ar/dataset/declaraciones-juradas-patrimoniales-integrales,no · identidad pendiente
pen-quirno-pablo,Pablo Quirno,Conducción superior PEN,Nación,QUIRNO PABLO,,revision_manual_identidad,2024,Anual,0,827115,MINISTERIO DE ECONOMIA,SECRETARIO DE FINANZAS,438767035.52,0.00,0.00,0.00,https://datos.jus.gob.ar/dataset/declaraciones-juradas-patrimoniales-integrales,no · identidad pendiente
pen-presti-carlos-alberto,Carlos Alberto Presti,Conducción superior PEN,Nación,PRESTI CARLOS ALBERTO,e8410c8ad6c3958b,identidad_confirmada_cruce_oficial,2017,Anual,0,282191,CONTADURIA GENERAL DEL EJERCITO,OFICIAL SUPERIOR DEL EJERCITO ARGENTINO,3000000.00,0.00,0.00,728953.63,https://datos.jus.gob.ar/dataset/declaraciones-juradas-patrimoniales-integrales,sí · identidad confirmada
pen-presti-carlos-alberto,Carlos Alberto Presti,Conducción superior PEN,Nación,PRESTI CARLOS ALBERTO,e8410c8ad6c3958b,identidad_confirmada_cruce_oficial,2018,Anual,0,397359,,,3000000.00,0.00,0.00,883422.57,https://datos.jus.gob.ar/dataset/declaraciones-juradas-patrimoniales-integrales,sí · identidad confirmada
pen-presti-carlos-alberto,Carlos Alberto Presti,Conducción superior PEN,Nación,PRESTI CARLOS ALBERTO,e8410c8ad6c3958b,identidad_confirmada_cruce_oficial,2019,Anual,0,465025,,,3000000.00,0.00,0.00,1283562.39,https://datos.jus.gob.ar/dataset/declaraciones-juradas-patrimoniales-integrales,sí · identidad confirmada
pen-presti-carlos-alberto,Carlos Alberto Presti,Conducción superior PEN,Nación,PRESTI CARLOS ALBERTO,e8410c8ad6c3958b,identidad_confirmada_cruce_oficial,2020,Anual,0,535375,,,3000000.00,0.00,0.00,883422.57,https://datos.jus.gob.ar/dataset/declaraciones-juradas-patrimoniales-integrales,sí · identidad confirmada
pen-presti-carlos-alberto,Carlos Alberto Presti,Conducción superior PEN,Nación,PRESTI CARLOS ALBERTO,e8410c8ad6c3958b,identidad_confirmada_cruce_oficial,2021,Anual,0,601964,CONTADURIA GENERAL DEL EJERCITO,DIRECTOR COLEGIO MILITAR DE LA NACION,3000000.00,0.00,0.00,3053282.48,https://datos.jus.gob.ar/dataset/declaraciones-juradas-patrimoniales-integrales,sí · identidad confirmada
pen-presti-carlos-alberto,Carlos Alberto Presti,Conducción superior PEN,Nación,PRESTI CARLOS ALBERTO,e8410c8ad6c3958b,identidad_confirmada_cruce_oficial,2022,Anual,0,661174,CONTADURIA GENERAL DEL EJERCITO,COMANDANTE IVta BRIGADA AEROTRANSPORTADA,8017111.51,0.00,0.00,5220150.80,https://datos.jus.gob.ar/dataset/declaraciones-juradas-patrimoniales-integrales,sí · identidad confirmada
pen-presti-carlos-alberto,Carlos Alberto Presti,Conducción superior PEN,Nación,PRESTI CARLOS ALBERTO,e8410c8ad6c3958b,identidad_confirmada_cruce_oficial,2023,Anual,0,751888,CONTADURIA GENERAL DEL EJERCITO,COMANDANTE IV BRIGADA AEROTRANSPORTADA,59607451.51,0.00,0.00,6129247.36,https://datos.jus.gob.ar/dataset/declaraciones-juradas-patrimoniales-integrales,sí · identidad confirmada
pen-caputo-luis-andres,Luis Andrés Caputo,Conducción superior PEN,Nación,CAPUTO LUIS ANDRES,490930fe00b26264,serie_curada,2017,Anual,0,327825,MINISTERIO DE FINANZAS,MINISTRO DE FINANZAS,126936267.71,13.31,0.00,13728669.66,https://datos.jus.gob.ar/dataset/declaraciones-juradas-patrimoniales-integrales,sí · identidad confirmada
pen-caputo-luis-andres,Luis Andrés Caputo,Conducción superior PEN,Nación,CAPUTO LUIS ANDRES,490930fe00b26264,serie_curada,2018,Baja,0,351486,BANCO CENTRAL DE LA REPUBLICA ARGENTINA,PRESIDENTE DEL BCRA,145785992.78,.02,19213392.01,2437278.51,https://datos.jus.gob.ar/dataset/declaraciones-juradas-patrimoniales-integrales,sí · identidad confirmada
pen-caputo-luis-andres,Luis Andrés Caputo,Conducción superior PEN,Nación,CAPUTO LUIS ANDRES,490930fe00b26264,serie_curada,2023,Anual,1,754853,,Ministro de Economia,4996083558.32,10844968.10,0.00,511065873.27,https://datos.jus.gob.ar/dataset/declaraciones-juradas-patrimoniales-integrales,sí · identidad confirmada
pen-caputo-luis-andres,Luis Andrés Caputo,Conducción superior PEN,Nación,CAPUTO LUIS ANDRES,490930fe00b26264,serie_curada,2024,Anual,0,804505,,Ministro de Economia,11851166833.39,195687299.53,0.00,326546683.22,https://datos.jus.gob.ar/dataset/declaraciones-juradas-patrimoniales-integrales,sí · identidad confirmada
pen-mahiques-juan-bautista,Juan Bautista Mahiques,Conducción superior PEN,Nación,MAHIQUES JUAN BAUTISTA,1b6cef381da5fc67,identidad_confirmada_cruce_oficial,2017,Anual,0,314399,MINISTERIO DE JUSTICIA Y DERECHOS HUMANOS,SUBSECRETARIO MINISTERIO DE JUSTICIA,6187120.04,4737000.00,45365.54,19076.75,https://datos.jus.gob.ar/dataset/declaraciones-juradas-patrimoniales-integrales,sí · identidad confirmada
pen-mahiques-juan-bautista,Juan Bautista Mahiques,Conducción superior PEN,Nación,MAHIQUES JUAN BAUTISTA,1b6cef381da5fc67,identidad_confirmada_cruce_oficial,2018,Anual,0,397304,MINISTERIO DE JUSTICIA Y DERECHOS HUMANOS,SUBSECRETARIO DE ASUNTOS PENITENCIARIOS Y REL,7205221.81,0.00,390845.07,96312.26,https://datos.jus.gob.ar/dataset/declaraciones-juradas-patrimoniales-integrales,sí · identidad confirmada
pen-mahiques-juan-bautista,Juan Bautista Mahiques,Conducción superior PEN,Nación,MAHIQUES JUAN BAUTISTA,1b6cef381da5fc67,identidad_confirmada_cruce_oficial,2019,Baja,0,419257,MINISTERIO DE JUSTICIA Y DERECHOS HUMANOS,Subsecretario Asuntos Penitenciarios y Rel,9684326.42,0.00,1157854.68,91679.93,https://datos.jus.gob.ar/dataset/declaraciones-juradas-patrimoniales-integrales,sí · identidad confirmada
pen-monteoliva-alejandra-susana,Alejandra Susana Monteoliva,Conducción superior PEN,Nación,MONTEOLIVA ALEJANDRA SUSANA,e67aee9884e78150,identidad_confirmada_cruce_oficial,2017,Anual,0,340756,MINISTERIO DE SEGURIDAD,Directora Nacional de Op de las Fuerzas Policiales,1255772.19,390000.00,0.00,642406.25,https://datos.jus.gob.ar/dataset/declaraciones-juradas-patrimoniales-integrales,sí · identidad confirmada
pen-monteoliva-alejandra-susana,Alejandra Susana Monteoliva,Conducción superior PEN,Nación,MONTEOLIVA ALEJANDRA SUSANA,e67aee9884e78150,identidad_confirmada_cruce_oficial,2018,Anual,0,406287,MINISTERIO DE SEGURIDAD,Directora Nacional de Op de las Fuerzas Policiale,1618283.87,285000.00,0.00,1120253.56,https://datos.jus.gob.ar/dataset/declaraciones-juradas-patrimoniales-integrales,sí · identidad confirmada
pen-monteoliva-alejandra-susana,Alejandra Susana Monteoliva,Conducción superior PEN,Nación,MONTEOLIVA ALEJANDRA SUSANA,e67aee9884e78150,identidad_confirmada_cruce_oficial,2019,Anual,0,423314,MINISTERIO DE SEGURIDAD,Directora Nacional de Operaciones de las FFSS,2617474.48,299625.50,2985900.00,1507672.86,https://datos.jus.gob.ar/dataset/declaraciones-juradas-patrimoniales-integrales,sí · identidad confirmada
pen-monteoliva-alejandra-susana,Alejandra Susana Monteoliva,Conducción superior PEN,Nación,MONTEOLIVA ALEJANDRA SUSANA,e67aee9884e78150,identidad_confirmada_cruce_oficial,2020,Baja,0,423318,MINISTERIO DE SEGURIDAD,Directora Nacional de Operaciones de las FFSS,2617474.48,299625.50,0.00,0.00,https://datos.jus.gob.ar/dataset/declaraciones-juradas-patrimoniales-integrales,sí · identidad confirmada
pen-monteoliva-alejandra-susana,Alejandra Susana Monteoliva,Conducción superior PEN,Nación,MONTEOLIVA ALEJANDRA SUSANA,e67aee9884e78150,identidad_confirmada_cruce_oficial,2024,Anual,0,815087,MINISTERIO DE SEGURIDAD,Secretaria de seguridad de la Nacion,59134409.58,0.00,0.00,23657967.01,https://datos.jus.gob.ar/dataset/declaraciones-juradas-patrimoniales-integrales,sí · identidad confirmada
pen-lugones-mario-ivan,Mario Iván Lugones,Conducción superior PEN,Nación,LUGONES MARIO IVAN,1b20f522bf95ef9d,identidad_confirmada_cruce_oficial,2023,Anual,0,752253,,MINISTRO,63168807.11,2351418.39,48228099.76,107837356.37,https://datos.jus.gob.ar/dataset/declaraciones-juradas-patrimoniales-integrales,sí · identidad confirmada
pen-lugones-mario-ivan,Mario Iván Lugones,Conducción superior PEN,Nación,LUGONES MARIO IVAN,1b20f522bf95ef9d,identidad_confirmada_cruce_oficial,2024,Anual,0,807657,,MINISTRO,282086796.17,1019895.16,139631091.86,14040303.40,https://datos.jus.gob.ar/dataset/declaraciones-juradas-patrimoniales-integrales,sí · identidad confirmada
pen-pettovello-sandra-viviana,Sandra Viviana Pettovello,Conducción superior PEN,Nación,PETTOVELLO SANDRA VIVIANA,826e010918541718,identidad_confirmada_cruce_oficial,2022,Anual,0,677040,,DIPUTADA NACIONAL,18254349.04,0.00,9206822.03,0.00,https://datos.jus.gob.ar/dataset/declaraciones-juradas-patrimoniales-integrales,sí · identidad confirmada
pen-pettovello-sandra-viviana,Sandra Viviana Pettovello,Conducción superior PEN,Nación,PETTOVELLO SANDRA VIVIANA,826e010918541718,identidad_confirmada_cruce_oficial,2023,Anual,1,753661,,MINISTRA DE CAPITAL HUMANO,60159721.82,0.00,40325369.35,0.00,https://datos.jus.gob.ar/dataset/declaraciones-juradas-patrimoniales-integrales,sí · identidad confirmada
pen-pettovello-sandra-viviana,Sandra Viviana Pettovello,Conducción superior PEN,Nación,PETTOVELLO SANDRA VIVIANA,826e010918541718,identidad_confirmada_cruce_oficial,2024,Anual,1,819791,,MINISTRA DE CAPITAL HUMANO,130704785.27,0.00,33065529.64,45202072.55,https://datos.jus.gob.ar/dataset/declaraciones-juradas-patrimoniales-integrales,sí · identidad confirmada
pen-sturzenegger-federico-adolfo,Federico Adolfo Sturzenegger,Conducción superior PEN,Nación,STURZENEGGER FEDERICO ADOLFO,3e30172cf6b6470f,identidad_confirmada_cruce_oficial,2017,Anual,0,343323,BANCO CENTRAL DE LA REPUBLICA ARGENTINA,Presidente Banco Central de la Republica Argentina,43017280.18,4345759.44,7130532.38,6040676.16,https://datos.jus.gob.ar/dataset/declaraciones-juradas-patrimoniales-integrales,sí · identidad confirmada
pen-sturzenegger-federico-adolfo,Federico Adolfo Sturzenegger,Conducción superior PEN,Nación,STURZENEGGER FEDERICO ADOLFO,3e30172cf6b6470f,identidad_confirmada_cruce_oficial,2018,Baja,0,346076,BANCO CENTRAL DE LA REPUBLICA ARGENTINA,Presidente Banco Central de la Republica Argentina,52314699.90,76108810.00,4502329.58,2719968.58,https://datos.jus.gob.ar/dataset/declaraciones-juradas-patrimoniales-integrales,sí · identidad confirmada
pen-sturzenegger-federico-adolfo,Federico Adolfo Sturzenegger,Conducción superior PEN,Nación,STURZENEGGER FEDERICO ADOLFO,3e30172cf6b6470f,identidad_confirmada_cruce_oficial,2024,Anual,0,812847,MINISTERIO DE DESREGULACION Y TRANSFORMACION DEL E,Ministro Desregulación y Transformación del Estado,2371733030.08,6864732.07,816157285.74,143900309.64,https://datos.jus.gob.ar/dataset/declaraciones-juradas-patrimoniales-integrales,sí · identidad confirmada
gov-kicillof-axel,Axel Kicillof,Gobernaciones,Buenos Aires,KICILLOF AXEL,fa3f52bf9b67b870,identidad_confirmada_cruce_oficial,2017,Anual,0,334508,HONORABLE CAMARA DE DIPUTADOS DE LA NACION,DIPUTADO NACIONAL POR LA CIUDAD DE BUENOS AIRES,4412624.59,0.00,327058.62,1396889.30,https://datos.jus.gob.ar/dataset/declaraciones-juradas-patrimoniales-integrales,sí · identidad confirmada
gov-kicillof-axel,Axel Kicillof,Gobernaciones,Buenos Aires,KICILLOF AXEL,fa3f52bf9b67b870,identidad_confirmada_cruce_oficial,2018,Anual,0,394066,HONORABLE CAMARA DE DIPUTADOS DE LA NACION,DIPUTADO NACIONAL POR LA CIUDAD DE BUENOS AIRES,6366837.33,17323.22,1544707.27,1726316.67,https://datos.jus.gob.ar/dataset/declaraciones-juradas-patrimoniales-integrales,sí · identidad confirmada
gov-kicillof-axel,Axel Kicillof,Gobernaciones,Buenos Aires,KICILLOF AXEL,fa3f52bf9b67b870,identidad_confirmada_cruce_oficial,2019,Baja,0,478285,HONORABLE CAMARA DE DIPUTADOS DE LA NACION,DIPUTADO NACIONAL POR LA CUDAD DE BUENOS AIRES,9385190.68,64159.35,1754345.46,2280033.38,https://datos.jus.gob.ar/dataset/declaraciones-juradas-patrimoniales-integrales,sí · identidad confirmada
gov-zdero-leandro-cesar,Leandro César Zdero,Gobernaciones,Chaco,ZDERO LEANDRO CESAR,b08904a364c50928,identidad_confirmada_cruce_oficial,2017,Baja,0,354377,ADMINISTRACION NACIONAL DE LA SEGURIDAD SOCIAL ANS,Jefe Regional Noroeste ANSES,527883.98,0.00,0.00,614056.67,https://datos.jus.gob.ar/dataset/declaraciones-juradas-patrimoniales-integrales,sí · identidad confirmada
gov-torres-ignacio-agustin,Ignacio Agustín Torres,Gobernaciones,Chubut,TORRES IGNACIO AGUSTIN,a686a6b00f6a81b1,identidad_confirmada_cruce_oficial,2017,Baja,0,503094,INSTITUTO NACIONAL DE SERVICIOS SOCIALES PARA JUBI,DIRECTOR,1641044.63,0.00,240000.00,728471.22,https://datos.jus.gob.ar/dataset/declaraciones-juradas-patrimoniales-integrales,sí · identidad confirmada
gov-torres-ignacio-agustin,Ignacio Agustín Torres,Gobernaciones,Chubut,TORRES IGNACIO AGUSTIN,a686a6b00f6a81b1,identidad_confirmada_cruce_oficial,2018,Inicial,0,413702,,diputado nacional,2049849.95,0.00,0.00,0.00,https://datos.jus.gob.ar/dataset/declaraciones-juradas-patrimoniales-integrales,sí · identidad confirmada
gov-torres-ignacio-agustin,Ignacio Agustín Torres,Gobernaciones,Chubut,TORRES IGNACIO AGUSTIN,a686a6b00f6a81b1,identidad_confirmada_cruce_oficial,2019,Anual,0,461067,,DIPUTADO NACIONAL,4675861.03,519084.27,179679.33,163901.80,https://datos.jus.gob.ar/dataset/declaraciones-juradas-patrimoniales-integrales,sí · identidad confirmada
gov-torres-ignacio-agustin,Ignacio Agustín Torres,Gobernaciones,Chubut,TORRES IGNACIO AGUSTIN,a686a6b00f6a81b1,identidad_confirmada_cruce_oficial,2020,Anual,0,498765,,DIPUTADO NACIONAL,18679280.92,1240074.63,0.00,2909530.94,https://datos.jus.gob.ar/dataset/declaraciones-juradas-patrimoniales-integrales,sí · identidad confirmada
gov-torres-ignacio-agustin,Ignacio Agustín Torres,Gobernaciones,Chubut,TORRES IGNACIO AGUSTIN,a686a6b00f6a81b1,identidad_confirmada_cruce_oficial,2021,Inicial,0,559322,HONORABLE SENADO DE LA NACION,Senador de la Nación Argentina,39388491.51,0.00,0.00,0.00,https://datos.jus.gob.ar/dataset/declaraciones-juradas-patrimoniales-integrales,sí · identidad confirmada
gov-torres-ignacio-agustin,Ignacio Agustín Torres,Gobernaciones,Chubut,TORRES IGNACIO AGUSTIN,a686a6b00f6a81b1,identidad_confirmada_cruce_oficial,2022,Anual,0,672052,HONORABLE SENADO DE LA NACION,Senador de la Nación Argentina,93573649.24,1605010.25,0.00,5667512.57,https://datos.jus.gob.ar/dataset/declaraciones-juradas-patrimoniales-integrales,sí · identidad confirmada
gov-torres-ignacio-agustin,Ignacio Agustín Torres,Gobernaciones,Chubut,TORRES IGNACIO AGUSTIN,a686a6b00f6a81b1,identidad_confirmada_cruce_oficial,2023,Baja,0,686423,HONORABLE SENADO DE LA NACION,Senador de la Nación Argentina,257225285.11,15166180.62,104759989.93,45372964.92,https://datos.jus.gob.ar/dataset/declaraciones-juradas-patrimoniales-integrales,sí · identidad confirmada
gov-llaryora-martin-miguel,Martín Miguel Llaryora,Gobernaciones,Córdoba,LLARYORA MARTIN MIGUEL,f2c3fe6deaa63a00,identidad_confirmada_cruce_oficial,2017,Anual,0,330229,,DIPUTADO NACIONAL,1462662.51,0.00,0.00,1124582.91,https://datos.jus.gob.ar/dataset/declaraciones-juradas-patrimoniales-integrales,sí · identidad confirmada
gov-llaryora-martin-miguel,Martín Miguel Llaryora,Gobernaciones,Córdoba,LLARYORA MARTIN MIGUEL,f2c3fe6deaa63a00,identidad_confirmada_cruce_oficial,2018,Anual,0,405318,,DIPUTADO NACIONAL,2890695.03,4125000.00,0.00,1709966.97,https://datos.jus.gob.ar/dataset/declaraciones-juradas-patrimoniales-integrales,sí · identidad confirmada
gov-llaryora-martin-miguel,Martín Miguel Llaryora,Gobernaciones,Córdoba,LLARYORA MARTIN MIGUEL,f2c3fe6deaa63a00,identidad_confirmada_cruce_oficial,2019,Baja,0,422531,,DIPUTADO NACIONAL,5295010.54,133267.12,28781257.57,21112500.00,https://datos.jus.gob.ar/dataset/declaraciones-juradas-patrimoniales-integrales,sí · identidad confirmada
gov-frigerio-rogelio,Rogelio Frigerio,Gobernaciones,Entre Ríos,FRIGERIO ROGELIO,88f4403502f47196,identidad_confirmada_cruce_oficial,2017,Anual,0,321171,MINISTERIO DEL INTERIOR,Ministro del Interior,18903751.71,1843869.61,782408.36,2085816.58,https://datos.jus.gob.ar/dataset/declaraciones-juradas-patrimoniales-integrales,sí · identidad confirmada
gov-frigerio-rogelio,Rogelio Frigerio,Gobernaciones,Entre Ríos,FRIGERIO ROGELIO,88f4403502f47196,identidad_confirmada_cruce_oficial,2018,Anual,0,401291,MINISTERIO DEL INTERIOR,Ministro del Interior,21681544.11,1381709.79,1789102.47,2418136.78,https://datos.jus.gob.ar/dataset/declaraciones-juradas-patrimoniales-integrales,sí · identidad confirmada
gov-frigerio-rogelio,Rogelio Frigerio,Gobernaciones,Entre Ríos,FRIGERIO ROGELIO,88f4403502f47196,identidad_confirmada_cruce_oficial,2019,Baja,1,420216,MINISTERIO DEL INTERIOR,Ministro del Interior,24544275.10,1364226.38,1401357.05,3009502.59,https://datos.jus.gob.ar/dataset/declaraciones-juradas-patrimoniales-integrales,sí · identidad confirmada
gov-frigerio-rogelio,Rogelio Frigerio,Gobernaciones,Entre Ríos,FRIGERIO ROGELIO,88f4403502f47196,identidad_confirmada_cruce_oficial,2021,Anual,0,579918,HONORABLE CAMARA DE DIPUTADOS DE LA NACION,DIPUTADO,112920485.76,22804243.21,54596541.33,18255054.30,https://datos.jus.gob.ar/dataset/declaraciones-juradas-patrimoniales-integrales,sí · identidad confirmada
gov-frigerio-rogelio,Rogelio Frigerio,Gobernaciones,Entre Ríos,FRIGERIO ROGELIO,88f4403502f47196,identidad_confirmada_cruce_oficial,2022,Anual,0,638979,HONORABLE CAMARA DE DIPUTADOS DE LA NACION,DIPUTADO,182251913.76,9822463.80,44220045.16,24003807.55,https://datos.jus.gob.ar/dataset/declaraciones-juradas-patrimoniales-integrales,sí · identidad confirmada
gov-insfran-gildo,Gildo Insfrán,Gobernaciones,Formosa,INSFRAN GILDO,06326902132ce874,identidad_confirmada_cruce_oficial,2022,Anual,0,675104,,Senador Suplente,134723223.29,1123570.00,0.00,42554599.78,https://datos.jus.gob.ar/dataset/declaraciones-juradas-patrimoniales-integrales,sí · identidad confirmada
gov-ziliotto-sergio-raul,Sergio Raúl Ziliotto,Gobernaciones,La Pampa,ZILIOTTO SERGIO RAUL,7c60a8c1e4c88039,identidad_confirmada_cruce_oficial,2017,Anual,0,277114,HONORABLE CAMARA DE DIPUTADOS DE LA NACION,DIPUTADO NACIONAL,1675664.61,8190580.00,0.00,1422088.53,https://datos.jus.gob.ar/dataset/declaraciones-juradas-patrimoniales-integrales,sí · identidad confirmada
gov-ziliotto-sergio-raul,Sergio Raúl Ziliotto,Gobernaciones,La Pampa,ZILIOTTO SERGIO RAUL,7c60a8c1e4c88039,identidad_confirmada_cruce_oficial,2018,Anual,0,377455,HONORABLE CAMARA DE DIPUTADOS DE LA NACION,DIPUTADO NACIONAL,2966272.39,11147800.00,604501.97,1694361.53,https://datos.jus.gob.ar/dataset/declaraciones-juradas-patrimoniales-integrales,sí · identidad confirmada
gov-ziliotto-sergio-raul,Sergio Raúl Ziliotto,Gobernaciones,La Pampa,ZILIOTTO SERGIO RAUL,7c60a8c1e4c88039,identidad_confirmada_cruce_oficial,2019,Baja,0,420908,HONORABLE CAMARA DE DIPUTADOS DE LA NACION,DIPUTADO NACIONAL,3344826.42,220592.74,0.00,2169000.99,https://datos.jus.gob.ar/dataset/declaraciones-juradas-patrimoniales-integrales,sí · identidad confirmada
gov-figueroa-rolando-ceferino,Rolando Ceferino Figueroa,Gobernaciones,Neuquén,FIGUEROA ROLANDO CEFERINO,0e17a5c72e050bd0,identidad_confirmada_cruce_oficial,2020,Anual,0,540172,,DIPUTADO NACIONAL,7568223.72,106391.50,0.00,0.00,https://datos.jus.gob.ar/dataset/declaraciones-juradas-patrimoniales-integrales,sí · identidad confirmada
gov-figueroa-rolando-ceferino,Rolando Ceferino Figueroa,Gobernaciones,Neuquén,FIGUEROA ROLANDO CEFERINO,0e17a5c72e050bd0,identidad_confirmada_cruce_oficial,2021,Anual,0,586993,,DIPUTADO NACIONAL,12473822.05,723855.73,0.00,0.00,https://datos.jus.gob.ar/dataset/declaraciones-juradas-patrimoniales-integrales,sí · identidad confirmada
gov-figueroa-rolando-ceferino,Rolando Ceferino Figueroa,Gobernaciones,Neuquén,FIGUEROA ROLANDO CEFERINO,0e17a5c72e050bd0,identidad_confirmada_cruce_oficial,2022,Anual,0,664306,,DIPUTADO NACIONAL,26430167.24,85272.91,0.00,5444204.76,https://datos.jus.gob.ar/dataset/declaraciones-juradas-patrimoniales-integrales,sí · identidad confirmada
gov-vidal-claudio-orlando,Claudio Orlando Vidal,Gobernaciones,Santa Cruz,VIDAL CLAUDIO ORLANDO,94bfdab50f34843a,identidad_confirmada_cruce_oficial,2021,Inicial,0,547460,,diputado nacional,12062325.65,0.00,0.00,0.00,https://datos.jus.gob.ar/dataset/declaraciones-juradas-patrimoniales-integrales,sí · identidad confirmada
gov-vidal-claudio-orlando,Claudio Orlando Vidal,Gobernaciones,Santa Cruz,VIDAL CLAUDIO ORLANDO,94bfdab50f34843a,identidad_confirmada_cruce_oficial,2022,Anual,0,617814,,DIPUTADO NACIONAL,147618890.00,0.00,0.00,0.00,https://datos.jus.gob.ar/dataset/declaraciones-juradas-patrimoniales-integrales,sí · identidad confirmada
gov-poggi-claudio-javier,Claudio Javier Poggi,Gobernaciones,San Luis,POGGI CLAUDIO JAVIER,c0a4b917ab4c2949,identidad_confirmada_cruce_oficial,2017,Anual,0,317506,,SENADOR NACIONAL,9338689.20,129198.17,1515876.60,3111226.32,https://datos.jus.gob.ar/dataset/declaraciones-juradas-patrimoniales-integrales,sí · identidad confirmada
gov-poggi-claudio-javier,Claudio Javier Poggi,Gobernaciones,San Luis,POGGI CLAUDIO JAVIER,c0a4b917ab4c2949,identidad_confirmada_cruce_oficial,2018,Anual,0,382626,,SENADOR NACIONAL,12768813.72,42591.58,1240535.06,3155971.43,https://datos.jus.gob.ar/dataset/declaraciones-juradas-patrimoniales-integrales,sí · identidad confirmada
gov-poggi-claudio-javier,Claudio Javier Poggi,Gobernaciones,San Luis,POGGI CLAUDIO JAVIER,c0a4b917ab4c2949,identidad_confirmada_cruce_oficial,2019,Anual,0,452737,,SENADOR NACIONAL,20476716.16,769427.46,5122475.91,4027074.97,https://datos.jus.gob.ar/dataset/declaraciones-juradas-patrimoniales-integrales,sí · identidad confirmada
gov-poggi-claudio-javier,Claudio Javier Poggi,Gobernaciones,San Luis,POGGI CLAUDIO JAVIER,c0a4b917ab4c2949,identidad_confirmada_cruce_oficial,2020,Anual,0,506012,HONORABLE SENADO DE LA NACION,SENADOR NACIONAL,29579905.44,570994.26,2546789.55,6766156.18,https://datos.jus.gob.ar/dataset/declaraciones-juradas-patrimoniales-integrales,sí · identidad confirmada
gov-poggi-claudio-javier,Claudio Javier Poggi,Gobernaciones,San Luis,POGGI CLAUDIO JAVIER,c0a4b917ab4c2949,identidad_confirmada_cruce_oficial,2021,Anual,0,585177,HONORABLE CAMARA DE DIPUTADOS DE LA NACION,DIPUTADO NACIONAL,39522367.90,340662.02,0.00,7032822.99,https://datos.jus.gob.ar/dataset/declaraciones-juradas-patrimoniales-integrales,sí · identidad confirmada
gov-poggi-claudio-javier,Claudio Javier Poggi,Gobernaciones,San Luis,POGGI CLAUDIO JAVIER,c0a4b917ab4c2949,identidad_confirmada_cruce_oficial,2022,Anual,0,659216,HONORABLE CAMARA DE DIPUTADOS DE LA NACION,DIPUTADO NACIONAL,79586045.10,0.00,32431108.69,10898425.43,https://datos.jus.gob.ar/dataset/declaraciones-juradas-patrimoniales-integrales,sí · identidad confirmada
gov-poggi-claudio-javier,Claudio Javier Poggi,Gobernaciones,San Luis,POGGI CLAUDIO JAVIER,c0a4b917ab4c2949,identidad_confirmada_cruce_oficial,2023,Baja,0,684402,HONORABLE CAMARA DE DIPUTADOS DE LA NACION,DIPUTADO NACIONAL,79586045.11,0.00,201604098.73,0.00,https://datos.jus.gob.ar/dataset/declaraciones-juradas-patrimoniales-integrales,sí · identidad confirmada
gov-weretilneck-alberto-edgardo,Alberto Edgardo Weretilneck,Gobernaciones,Río Negro,WERETILNECK ALBERTO EDGARDO,84caf47fa9ee6612,identidad_confirmada_cruce_oficial,2018,Anual,0,413826,,,3398687.79,0.00,341327.81,746901.49,https://datos.jus.gob.ar/dataset/declaraciones-juradas-patrimoniales-integrales,sí · identidad confirmada
gov-weretilneck-alberto-edgardo,Alberto Edgardo Weretilneck,Gobernaciones,Río Negro,WERETILNECK ALBERTO EDGARDO,84caf47fa9ee6612,identidad_confirmada_cruce_oficial,2019,Anual,0,446598,HONORABLE SENADO DE LA NACION,SENADOR NACIONAL,3322214.70,812813.16,1004417.76,948179.85,https://datos.jus.gob.ar/dataset/declaraciones-juradas-patrimoniales-integrales,sí · identidad confirmada
gov-weretilneck-alberto-edgardo,Alberto Edgardo Weretilneck,Gobernaciones,Río Negro,WERETILNECK ALBERTO EDGARDO,84caf47fa9ee6612,identidad_confirmada_cruce_oficial,2020,Anual,0,533392,,SENADOR NACIONAL,7509888.65,0.00,1737765.44,2555092.24,https://datos.jus.gob.ar/dataset/declaraciones-juradas-patrimoniales-integrales,sí · identidad confirmada
gov-weretilneck-alberto-edgardo,Alberto Edgardo Weretilneck,Gobernaciones,Río Negro,WERETILNECK ALBERTO EDGARDO,84caf47fa9ee6612,identidad_confirmada_cruce_oficial,2021,Anual,0,569156,HONORABLE SENADO DE LA NACION,SENADOR NACIONAL,11262400.75,0.00,2707974.75,3237697.07,https://datos.jus.gob.ar/dataset/declaraciones-juradas-patrimoniales-integrales,sí · identidad confirmada
gov-weretilneck-alberto-edgardo,Alberto Edgardo Weretilneck,Gobernaciones,Río Negro,WERETILNECK ALBERTO EDGARDO,84caf47fa9ee6612,identidad_confirmada_cruce_oficial,2022,Anual,0,659519,HONORABLE SENADO DE LA NACION,SENADOR NACIONAL,20157953.67,0.00,83043460.00,5165707.19,https://datos.jus.gob.ar/dataset/declaraciones-juradas-patrimoniales-integrales,sí · identidad confirmada
gov-weretilneck-alberto-edgardo,Alberto Edgardo Weretilneck,Gobernaciones,Río Negro,WERETILNECK ALBERTO EDGARDO,84caf47fa9ee6612,identidad_confirmada_cruce_oficial,2023,Baja,0,707395,HONORABLE SENADO DE LA NACION,SENADOR NACIONAL,66175353.41,0.00,36019345.72,13375606.81,https://datos.jus.gob.ar/dataset/declaraciones-juradas-patrimoniales-integrales,sí · identidad confirmada
prov-ba-dip-adorni-francisco-jorge,Adorni Francisco Jorge,Legislaturas provinciales,Buenos Aires,ADORNI FRANCISCO JORGE,d578de2f45f4d98c,identidad_confirmada_cruce_oficial,2024,Anual,0,802502,MINISTERIO DE DEFENSA,AUDITOR INTERNO,710000000.00,600000000.00,0.00,0.00,https://datos.jus.gob.ar/dataset/declaraciones-juradas-patrimoniales-integrales,sí · identidad confirmada
prov-ba-dip-alvado-maite-milagros,Alvado Maite Milagros,Legislaturas provinciales,Buenos Aires,ALVADO MAITE MILAGROS,679d67ba032b2496,identidad_confirmada_cruce_oficial,2018,Anual,0,414153,H CAMARA DE DIPUTADOS PCIA BS AS,Diputada Nacional,957267.25,18591.92,342819.60,5143690.00,https://datos.jus.gob.ar/dataset/declaraciones-juradas-patrimoniales-integrales,sí · identidad confirmada
prov-ba-dip-balor-ana-luz,Balor Ana Luz,Legislaturas provinciales,Buenos Aires,BALOR ANA LUZ,76594d0129bc86df,identidad_confirmada_cruce_oficial,2022,Anual,0,637205,ADMINISTRACION NACIONAL DE LA SEGURIDAD SOCIAL ANS,GERENTE DE UDAI CASEROS,4629192.74,0.00,0.00,597306.10,https://datos.jus.gob.ar/dataset/declaraciones-juradas-patrimoniales-integrales,sí · identidad confirmada
prov-ba-dip-balor-ana-luz,Balor Ana Luz,Legislaturas provinciales,Buenos Aires,BALOR ANA LUZ,76594d0129bc86df,identidad_confirmada_cruce_oficial,2023,Baja,0,686349,ADMINISTRACION NACIONAL DE LA SEGURIDAD SOCIAL ANS,GERENTE DE UDAI CASEROS,10834830.73,0.00,5003213.16,3346337.83,https://datos.jus.gob.ar/dataset/declaraciones-juradas-patrimoniales-integrales,sí · identidad confirmada
prov-ba-dip-balor-ana-luz,Balor Ana Luz,Legislaturas provinciales,Buenos Aires,BALOR ANA LUZ,76594d0129bc86df,identidad_confirmada_cruce_oficial,2024,Inicial,0,702808,H CAMARA DE DIPUTADOS PCIA BS AS,LEGISLADORA DE LA PROVINCIA DE BS AS,15687083.72,0.00,0.00,0.00,https://datos.jus.gob.ar/dataset/declaraciones-juradas-patrimoniales-integrales,sí · identidad confirmada
prov-ba-dip-basualdo-marcela-maria-amelia,Basualdo Marcela María Amelia,Legislaturas provinciales,Buenos Aires,BASUALDO MARCELA MARIA AMELIA,5c28f9f849dc9645,identidad_confirmada_cruce_oficial,2020,Anual,0,554232,ADMINISTRACION NACIONAL DE LA SEGURIDAD SOCIAL ANS,ANSES,4266930.00,0.00,0.00,1324069.44,https://datos.jus.gob.ar/dataset/declaraciones-juradas-patrimoniales-integrales,sí · identidad confirmada
prov-ba-dip-basualdo-marcela-maria-amelia,Basualdo Marcela María Amelia,Legislaturas provinciales,Buenos Aires,BASUALDO MARCELA MARIA AMELIA,5c28f9f849dc9645,identidad_confirmada_cruce_oficial,2021,Anual,0,586274,ADMINISTRACION NACIONAL DE LA SEGURIDAD SOCIAL ANS,ANSES,9283940.00,0.00,0.00,20811380.00,https://datos.jus.gob.ar/dataset/declaraciones-juradas-patrimoniales-integrales,sí · identidad confirmada
prov-ba-dip-basualdo-marcela-maria-amelia,Basualdo Marcela María Amelia,Legislaturas provinciales,Buenos Aires,BASUALDO MARCELA MARIA AMELIA,5c28f9f849dc9645,identidad_confirmada_cruce_oficial,2022,Anual,0,632203,ADMINISTRACION NACIONAL DE LA SEGURIDAD SOCIAL ANS,ANSES,2899007.02,0.00,0.00,4550863.02,https://datos.jus.gob.ar/dataset/declaraciones-juradas-patrimoniales-integrales,sí · identidad confirmada
prov-ba-dip-basualdo-marcela-maria-amelia,Basualdo Marcela María Amelia,Legislaturas provinciales,Buenos Aires,BASUALDO MARCELA MARIA AMELIA,5c28f9f849dc9645,identidad_confirmada_cruce_oficial,2023,Baja,0,687944,ADMINISTRACION NACIONAL DE LA SEGURIDAD SOCIAL ANS,ANSES,47851250.00,0.00,0.00,8639196.69,https://datos.jus.gob.ar/dataset/declaraciones-juradas-patrimoniales-integrales,sí · identidad confirmada
prov-ba-dip-blanco-natalia-miriam,Blanco Natalia Miriam,Legislaturas provinciales,Buenos Aires,BLANCO NATALIA MIRIAM,93f66835061d7c6d,identidad_confirmada_cruce_oficial,2018,Anual,1,820359,BLANCO NATALIA MIRIAM,,2595043.31,0.00,0.00,7461510.00,https://datos.jus.gob.ar/dataset/declaraciones-juradas-patrimoniales-integrales,sí · identidad confirmada
prov-ba-dip-blanco-natalia-miriam,Blanco Natalia Miriam,Legislaturas provinciales,Buenos Aires,BLANCO NATALIA MIRIAM,93f66835061d7c6d,identidad_confirmada_cruce_oficial,2019,Anual,0,820377,ADMINISTRACION NACIONAL DE LA SEGURIDAD SOCIAL ANS,GERENTE ANSES UDAI ZARATE,3691547.29,0.00,0.00,14145680.00,https://datos.jus.gob.ar/dataset/declaraciones-juradas-patrimoniales-integrales,sí · identidad confirmada
prov-ba-dip-blanco-natalia-miriam,Blanco Natalia Miriam,Legislaturas provinciales,Buenos Aires,BLANCO NATALIA MIRIAM,93f66835061d7c6d,identidad_confirmada_cruce_oficial,2020,Anual,0,820593,ADMINISTRACION NACIONAL DE LA SEGURIDAD SOCIAL ANS,GERENTE ANSES UDAI ZARATE,4916843.54,0.00,0.00,1494790.67,https://datos.jus.gob.ar/dataset/declaraciones-juradas-patrimoniales-integrales,sí · identidad confirmada
prov-ba-dip-blanco-natalia-miriam,Blanco Natalia Miriam,Legislaturas provinciales,Buenos Aires,BLANCO NATALIA MIRIAM,93f66835061d7c6d,identidad_confirmada_cruce_oficial,2021,Anual,0,820604,MUNICIPALIDAD DE ZARATE,CONCEJAL,7537208.23,0.00,0.00,2289952.08,https://datos.jus.gob.ar/dataset/declaraciones-juradas-patrimoniales-integrales,sí · identidad confirmada
prov-ba-dip-blanco-natalia-miriam,Blanco Natalia Miriam,Legislaturas provinciales,Buenos Aires,BLANCO NATALIA MIRIAM,93f66835061d7c6d,identidad_confirmada_cruce_oficial,2022,Anual,0,820619,MUNICIPALIDAD DE ZARATE,CONCEJAL,15231335.40,0.00,3886084.07,3808043.10,https://datos.jus.gob.ar/dataset/declaraciones-juradas-patrimoniales-integrales,sí · identidad confirmada
prov-ba-dip-blanco-natalia-miriam,Blanco Natalia Miriam,Legislaturas provinciales,Buenos Aires,BLANCO NATALIA MIRIAM,93f66835061d7c6d,identidad_confirmada_cruce_oficial,2023,Anual,1,820889,MUNICIPALIDAD DE ZARATE,CONCEJAL,47460564.84,0.00,22993546.96,9235682.48,https://datos.jus.gob.ar/dataset/declaraciones-juradas-patrimoniales-integrales,sí · identidad confirmada
prov-ba-dip-blanco-natalia-miriam,Blanco Natalia Miriam,Legislaturas provinciales,Buenos Aires,BLANCO NATALIA MIRIAM,93f66835061d7c6d,identidad_confirmada_cruce_oficial,2024,Anual,0,820896,MUNICIPALIDAD DE ZARATE,CONCEJAL,97002341.28,66500000.00,16030829.26,26860947.18,https://datos.jus.gob.ar/dataset/declaraciones-juradas-patrimoniales-integrales,sí · identidad confirmada
prov-ba-dip-bontempo-leticia-ines,Bontempo Leticia Inés,Legislaturas provinciales,Buenos Aires,BONTEMPO LETICIA INES,ebff4e450f83e180,identidad_confirmada_cruce_oficial,2017,Anual,0,268169,,,1100000.00,0.00,0.00,0.00,https://datos.jus.gob.ar/dataset/declaraciones-juradas-patrimoniales-integrales,sí · identidad confirmada
prov-ba-dip-bontempo-leticia-ines,Bontempo Leticia Inés,Legislaturas provinciales,Buenos Aires,BONTEMPO LETICIA INES,ebff4e450f83e180,identidad_confirmada_cruce_oficial,2018,Inicial,0,363187,,,2126260.26,0.00,0.00,0.00,https://datos.jus.gob.ar/dataset/declaraciones-juradas-patrimoniales-integrales,sí · identidad confirmada
prov-ba-dip-bontempo-leticia-ines,Bontempo Leticia Inés,Legislaturas provinciales,Buenos Aires,BONTEMPO LETICIA INES,ebff4e450f83e180,identidad_confirmada_cruce_oficial,2020,Anual,0,556917,MUNICIPALIDAD DE ALMIRANTE BROWN,CONCEJAL,1099874.37,0.00,0.00,0.00,https://datos.jus.gob.ar/dataset/declaraciones-juradas-patrimoniales-integrales,sí · identidad confirmada
prov-ba-dip-coitinho-maria-fernanda,Coitinho Maria Fernanda,Legislaturas provinciales,Buenos Aires,COITINHO MARIA FERNANDA,a9091b6f5618ebfa,identidad_confirmada_cruce_oficial,2024,Anual,0,808676,ADMINISTRACION NACIONAL DE LA SEGURIDAD SOCIAL ANS,JEFE DE AGENCIA,187475000.00,12857.14,1065584.55,230000000.00,https://datos.jus.gob.ar/dataset/declaraciones-juradas-patrimoniales-integrales,sí · identidad confirmada
prov-ba-dip-corvino-analia-ester,Corvino Analía Ester,Legislaturas provinciales,Buenos Aires,CORVINO ANALIA ESTER,987205bfd817100b,identidad_confirmada_cruce_oficial,2024,Anual,0,796521,ADMINISTRACION NACIONAL DE LA SEGURIDAD SOCIAL ANS,Jefa de Oficna en ANSES San Pedro -Buenos Aires,588687160.00,200000000.00,28473750.00,16417814.84,https://datos.jus.gob.ar/dataset/declaraciones-juradas-patrimoniales-integrales,sí · identidad confirmada
prov-ba-dip-endere-martin-julian,Endere Martín Julián,Legislaturas provinciales,Buenos Aires,ENDERE MARTIN JULIAN,0a719deb8ebffdf6,identidad_confirmada_cruce_oficial,2017,Baja,0,254498,SUPERINTENDENCIA DE SEGUROS DE LA NACION,SUBGERENTE DE REASEGUROS,426225.58,0.00,119696.50,253716.77,https://datos.jus.gob.ar/dataset/declaraciones-juradas-patrimoniales-integrales,sí · identidad confirmada
prov-ba-dip-fernandez-maria-laura,Fernández Maria Laura,Legislaturas provinciales,Buenos Aires,FERNANDEZ MARIA LAURA,,historial_oa_posible_cargo_nacional_previo,2017,Baja,0,263834,ADMINISTRACION FEDERAL DE INGRESOS PUBLICOS,Empleada de atencion al publico,328972.57,0.00,239470.98,418620.44,https://datos.jus.gob.ar/dataset/declaraciones-juradas-patrimoniales-integrales,no · identidad pendiente
prov-ba-dip-fernandez-maria-laura,Fernández Maria Laura,Legislaturas provinciales,Buenos Aires,FERNANDEZ MARIA LAURA,,historial_oa_posible_cargo_nacional_previo,2018,Anual,0,378880,DIRECCION GENERAL DE FABRICACIONES MILITARES,COMISION EVALUADORA,3919.32,0.00,518066.32,0.00,https://datos.jus.gob.ar/dataset/declaraciones-juradas-patrimoniales-integrales,no · identidad pendiente
prov-ba-dip-fernandez-maria-laura,Fernández Maria Laura,Legislaturas provinciales,Buenos Aires,FERNANDEZ MARIA LAURA,,historial_oa_posible_cargo_nacional_previo,2019,Anual,0,447474,FABRICACIONES MILITARES SOCIEDAD DEL ESTADO,COMISIÓN EVALUADORA,27170.17,0.00,23326.02,247153.55,https://datos.jus.gob.ar/dataset/declaraciones-juradas-patrimoniales-integrales,no · identidad pendiente
prov-ba-dip-fernandez-maria-laura,Fernández Maria Laura,Legislaturas provinciales,Buenos Aires,FERNANDEZ MARIA LAURA,,historial_oa_posible_cargo_nacional_previo,2020,Anual,0,498770,FABRICACIONES MILITARES SOCIEDAD DEL ESTADO,Comisión Evaluadora,850000.00,0.00,570070.00,245161.38,https://datos.jus.gob.ar/dataset/declaraciones-juradas-patrimoniales-integrales,no · identidad pendiente
prov-ba-dip-fernandez-maria-laura,Fernández Maria Laura,Legislaturas provinciales,Buenos Aires,FERNANDEZ MARIA LAURA,,historial_oa_posible_cargo_nacional_previo,2021,Baja,0,546917,MINISTERIO DE DESARROLLO TERRITORIAL Y HABITAT,COORDINADORA DE SEGUIMIENTO DE OBRAS,3578550.00,0.00,2378550.00,779759.72,https://datos.jus.gob.ar/dataset/declaraciones-juradas-patrimoniales-integrales,no · identidad pendiente
prov-ba-dip-fernandez-maria-laura,Fernández Maria Laura,Legislaturas provinciales,Buenos Aires,FERNANDEZ MARIA LAURA,,historial_oa_posible_cargo_nacional_previo,2022,Anual,1,641912,ADMINISTRACION DE INFRAESTRUCTURAS FERROVIARIA SOC,Miembro suplente de la Comisión Evaluadora,2538963.33,0.00,0.00,2509776.94,https://datos.jus.gob.ar/dataset/declaraciones-juradas-patrimoniales-integrales,no · identidad pendiente
prov-ba-dip-fernandez-maria-laura,Fernández Maria Laura,Legislaturas provinciales,Buenos Aires,FERNANDEZ MARIA LAURA,,historial_oa_posible_cargo_nacional_previo,2023,Baja,0,714067,ADMINISTRACION DE INFRAESTRUCTURAS FERROVIARIA SOC,Comision evaluadora,680109.26,132085.33,0.00,1114136.33,https://datos.jus.gob.ar/dataset/declaraciones-juradas-patrimoniales-integrales,no · identidad pendiente
prov-ba-dip-fernandez-maria-laura,Fernández Maria Laura,Legislaturas provinciales,Buenos Aires,FERNANDEZ MARIA LAURA,,historial_oa_posible_cargo_nacional_previo,2024,Anual,0,816690,OPERADORA FERROVIARIA S.A.,Comisión Evaluadora,4408346.59,0.00,0.00,3000493.27,https://datos.jus.gob.ar/dataset/declaraciones-juradas-patrimoniales-integrales,no · identidad pendiente
prov-ba-dip-gay-hector-norberto,Gay Hector Norberto,Legislaturas provinciales,Buenos Aires,GAY HECTOR NORBERTO,d317040bb6bef62e,identidad_confirmada_cruce_oficial,2017,Anual,0,332933,MUNICIPALIDAD DE BAHIA BLANCA,INTENDENTE MUNICIPAL,7312882.66,600000.00,634096.22,3017020.25,https://datos.jus.gob.ar/dataset/declaraciones-juradas-patrimoniales-integrales,sí · identidad confirmada
prov-ba-dip-gay-hector-norberto,Gay Hector Norberto,Legislaturas provinciales,Buenos Aires,GAY HECTOR NORBERTO,d317040bb6bef62e,identidad_confirmada_cruce_oficial,2018,Anual,0,411408,MUNICIPALIDAD DE BAHIA BLANCA,INTENDENTE MUNICIPAL,10571066.93,840000.00,668533.47,4126941.22,https://datos.jus.gob.ar/dataset/declaraciones-juradas-patrimoniales-integrales,sí · identidad confirmada
prov-ba-dip-gay-hector-norberto,Gay Hector Norberto,Legislaturas provinciales,Buenos Aires,GAY HECTOR NORBERTO,d317040bb6bef62e,identidad_confirmada_cruce_oficial,2019,Anual,0,472148,MUNICIPALIDAD DE BAHIA BLANCA,INTENDENTE MUNICIPAL,16452767.83,0.00,1840699.73,6269335.58,https://datos.jus.gob.ar/dataset/declaraciones-juradas-patrimoniales-integrales,sí · identidad confirmada
prov-ba-dip-gay-hector-norberto,Gay Hector Norberto,Legislaturas provinciales,Buenos Aires,GAY HECTOR NORBERTO,d317040bb6bef62e,identidad_confirmada_cruce_oficial,2020,Anual,0,537295,MUNICIPALIDAD DE BAHIA BLANCA,INTENDENTE MUNICIPAL,23669699.23,0.00,2444076.52,8524610.73,https://datos.jus.gob.ar/dataset/declaraciones-juradas-patrimoniales-integrales,sí · identidad confirmada
prov-ba-dip-gay-hector-norberto,Gay Hector Norberto,Legislaturas provinciales,Buenos Aires,GAY HECTOR NORBERTO,d317040bb6bef62e,identidad_confirmada_cruce_oficial,2021,Anual,0,568886,MUNICIPALIDAD DE BAHIA BLANCA,INTENDENTE MUNICIPAL,33386205.40,0.00,2018140.26,12028960.87,https://datos.jus.gob.ar/dataset/declaraciones-juradas-patrimoniales-integrales,sí · identidad confirmada
prov-ba-dip-gay-hector-norberto,Gay Hector Norberto,Legislaturas provinciales,Buenos Aires,GAY HECTOR NORBERTO,d317040bb6bef62e,identidad_confirmada_cruce_oficial,2022,Anual,0,632418,MUNICIPALIDAD DE BAHIA BLANCA,INTENDENTE MUNICIPAL,49084674.25,0.00,2008646.29,18251025.06,https://datos.jus.gob.ar/dataset/declaraciones-juradas-patrimoniales-integrales,sí · identidad confirmada
prov-ba-dip-gay-hector-norberto,Gay Hector Norberto,Legislaturas provinciales,Buenos Aires,GAY HECTOR NORBERTO,d317040bb6bef62e,identidad_confirmada_cruce_oficial,2023,Baja,0,689767,MUNICIPALIDAD DE BAHIA BLANCA,INTENDENTE MUNICIPAL,155840228.43,0.00,12119447.63,41284486.89,https://datos.jus.gob.ar/dataset/declaraciones-juradas-patrimoniales-integrales,sí · identidad confirmada
prov-ba-dip-lissalde-ricardo,Lissalde Ricardo,Legislaturas provinciales,Buenos Aires,LISSALDE RICARDO,c26bca8582dc57f0,identidad_confirmada_cruce_oficial,2020,Baja,0,486695,ADMINISTRACION DE INFRAESTRUCTURAS FERROVIARIA SOC,Presidente Adm de Infraest Ferrov Soc Estado,35118903.42,30200.00,1652448.22,3818537.07,https://datos.jus.gob.ar/dataset/declaraciones-juradas-patrimoniales-integrales,sí · identidad confirmada
prov-ba-dip-malpeli-juan-martin,Malpeli Juan Martín,Legislaturas provinciales,Buenos Aires,MALPELI JUAN MARTIN,2b58c6aaeadcfdc7,identidad_confirmada_cruce_oficial,2019,Anual,2,478810,MINISTERIO DE TRANSPORTE,SUBSECRETARIO DE PROYECTOS ESTRATEGICOS,7665390.00,0.00,265390.00,706511.10,https://datos.jus.gob.ar/dataset/declaraciones-juradas-patrimoniales-integrales,sí · identidad confirmada
prov-ba-dip-malpeli-juan-martin,Malpeli Juan Martín,Legislaturas provinciales,Buenos Aires,MALPELI JUAN MARTIN,2b58c6aaeadcfdc7,identidad_confirmada_cruce_oficial,2020,Anual,0,537197,MINISTERIO DE TRANSPORTE,Empleado,15300000.00,0.00,7634610.00,2299852.33,https://datos.jus.gob.ar/dataset/declaraciones-juradas-patrimoniales-integrales,sí · identidad confirmada
prov-ba-dip-malpeli-juan-martin,Malpeli Juan Martín,Legislaturas provinciales,Buenos Aires,MALPELI JUAN MARTIN,2b58c6aaeadcfdc7,identidad_confirmada_cruce_oficial,2021,Baja,1,624272,MINISTERIO DE TRANSPORTE,Empleado,64655620.00,0.00,5800000.00,3919639.40,https://datos.jus.gob.ar/dataset/declaraciones-juradas-patrimoniales-integrales,sí · identidad confirmada
prov-ba-dip-malpeli-juan-martin,Malpeli Juan Martín,Legislaturas provinciales,Buenos Aires,MALPELI JUAN MARTIN,2b58c6aaeadcfdc7,identidad_confirmada_cruce_oficial,2022,Anual,1,679629,HONORABLE CAMARA DE DIPUTADOS DE LA NACION,diputado,11681116.25,0.00,0.00,5391861.18,https://datos.jus.gob.ar/dataset/declaraciones-juradas-patrimoniales-integrales,sí · identidad confirmada
prov-ba-dip-mendoza-mayra-soledad,Mendoza Mayra Soledad,Legislaturas provinciales,Buenos Aires,MENDOZA MAYRA SOLEDAD,03c161a0bcaadda8,identidad_confirmada_cruce_oficial,2017,Anual,0,325804,HONORABLE CAMARA DE DIPUTADOS DE LA NACION,DIPUTADA NACIONAL,2768951.09,33315.70,32326.72,1370882.04,https://datos.jus.gob.ar/dataset/declaraciones-juradas-patrimoniales-integrales,sí · identidad confirmada
prov-ba-dip-mendoza-mayra-soledad,Mendoza Mayra Soledad,Legislaturas provinciales,Buenos Aires,MENDOZA MAYRA SOLEDAD,03c161a0bcaadda8,identidad_confirmada_cruce_oficial,2018,Anual,0,389996,HONORABLE CAMARA DE DIPUTADOS DE LA NACION,DIPUTADA NACIONAL,4818846.61,93448.90,1786750.63,1662234.09,https://datos.jus.gob.ar/dataset/declaraciones-juradas-patrimoniales-integrales,sí · identidad confirmada
prov-ba-dip-miranda-valentin,Miranda Valentin,Legislaturas provinciales,Buenos Aires,MIRANDA VALENTIN,ea4c8efc7f6d646a,identidad_confirmada_cruce_oficial,2020,Anual,1,553419,H CAMARA DE DIPUTADOS PCIA BS AS,DIPUTADO DE LA PROVINCIA DE BUENOS AIRES,4721473.23,0.00,6325000.00,22759290.00,https://datos.jus.gob.ar/dataset/declaraciones-juradas-patrimoniales-integrales,sí · identidad confirmada
prov-ba-dip-moreno-leonardo-jose,Moreno Leonardo José,Legislaturas provinciales,Buenos Aires,MORENO LEONARDO JOSE,896779a7768491b2,identidad_confirmada_cruce_oficial,2020,Anual,0,552047,ADMINISTRACION NACIONAL DE LA SEGURIDAD SOCIAL ANS,GERENTE DE UDAI,3000000.00,0.00,0.00,0.00,https://datos.jus.gob.ar/dataset/declaraciones-juradas-patrimoniales-integrales,sí · identidad confirmada
prov-ba-dip-moreno-leonardo-jose,Moreno Leonardo José,Legislaturas provinciales,Buenos Aires,MORENO LEONARDO JOSE,896779a7768491b2,identidad_confirmada_cruce_oficial,2021,Anual,0,552045,ADMINISTRACION NACIONAL DE LA SEGURIDAD SOCIAL ANS,GERENTE DE UDAI,10000000.00,0.00,0.00,0.00,https://datos.jus.gob.ar/dataset/declaraciones-juradas-patrimoniales-integrales,sí · identidad confirmada
prov-ba-dip-moreno-leonardo-jose,Moreno Leonardo José,Legislaturas provinciales,Buenos Aires,MORENO LEONARDO JOSE,896779a7768491b2,identidad_confirmada_cruce_oficial,2022,Baja,0,552050,ADMINISTRACION NACIONAL DE LA SEGURIDAD SOCIAL ANS,GERENTE DE UDAI,10000000.00,0.00,0.00,0.00,https://datos.jus.gob.ar/dataset/declaraciones-juradas-patrimoniales-integrales,sí · identidad confirmada
prov-ba-dip-morillo-pablo-ezequiel,Morillo Pablo Ezequiel,Legislaturas provinciales,Buenos Aires,MORILLO PABLO EZEQUIEL,ed1e7a9d725623b4,identidad_confirmada_cruce_oficial,2024,Anual,0,807615,INFRAESTRUCTURA ECONOMICA Y SOCIAL,Director Nacional de Desarrollo Socio Comunitario,16945985.86,482310.60,0.00,24289106.24,https://datos.jus.gob.ar/dataset/declaraciones-juradas-patrimoniales-integrales,sí · identidad confirmada
prov-ba-dip-osaba-juan-esteban,Osaba Juan Esteban,Legislaturas provinciales,Buenos Aires,OSABA JUAN ESTEBAN,24824bd724183d80,identidad_confirmada_cruce_oficial,2024,Anual,0,803767,,Director Nacional de Asistencia al Desarrollo Muni,0.00,0.00,0.00,270000000.00,https://datos.jus.gob.ar/dataset/declaraciones-juradas-patrimoniales-integrales,sí · identidad confirmada
prov-ba-dip-recalde-margarita-alejandra,Recalde Margarita Alejandra,Legislaturas provinciales,Buenos Aires,RECALDE MARGARITA ALEJANDRA,89fd30f7491659d8,identidad_confirmada_cruce_oficial,2020,Anual,0,497420,,directora / anses,0.00,0.00,0.00,0.00,https://datos.jus.gob.ar/dataset/declaraciones-juradas-patrimoniales-integrales,sí · identidad confirmada
prov-ba-dip-recalde-margarita-alejandra,Recalde Margarita Alejandra,Legislaturas provinciales,Buenos Aires,RECALDE MARGARITA ALEJANDRA,89fd30f7491659d8,identidad_confirmada_cruce_oficial,2021,Anual,0,596099,,directora,0.00,0.00,0.00,0.00,https://datos.jus.gob.ar/dataset/declaraciones-juradas-patrimoniales-integrales,sí · identidad confirmada
prov-ba-dip-recalde-margarita-alejandra,Recalde Margarita Alejandra,Legislaturas provinciales,Buenos Aires,RECALDE MARGARITA ALEJANDRA,89fd30f7491659d8,identidad_confirmada_cruce_oficial,2022,Anual,0,651505,,diputada provincial PBA,0.00,0.00,0.00,0.00,https://datos.jus.gob.ar/dataset/declaraciones-juradas-patrimoniales-integrales,sí · identidad confirmada
prov-ba-dip-recalde-margarita-alejandra,Recalde Margarita Alejandra,Legislaturas provinciales,Buenos Aires,RECALDE MARGARITA ALEJANDRA,89fd30f7491659d8,identidad_confirmada_cruce_oficial,2023,Inicial,0,680801,,diputada provincial,0.00,0.00,0.00,0.00,https://datos.jus.gob.ar/dataset/declaraciones-juradas-patrimoniales-integrales,sí · identidad confirmada
prov-ba-dip-retamoso-maria-florencia,Retamoso María Florencia,Legislaturas provinciales,Buenos Aires,RETAMOSO MARIA FLORENCIA,2b2986a300970150,identidad_confirmada_cruce_oficial,2018,Anual,0,412446,HONORABLE SENADO DE LA NACION,DIPUTADO NACIONAL,998456.66,65502.07,1306010.00,346723.64,https://datos.jus.gob.ar/dataset/declaraciones-juradas-patrimoniales-integrales,sí · identidad confirmada
prov-ba-dip-rodriguez-alberti-jorge-martin,Rodriguez Alberti Jorge Martín,Legislaturas provinciales,Buenos Aires,RODRIGUEZ ALBERTI JORGE MARTIN,7916e95e5b6c14c2,identidad_confirmada_cruce_oficial,2019,Anual,0,432607,INSTITUTO NACIONAL DE SERVICIOS SOCIALES PARA JUBI,SUBDIRECTOR EJECUTIVO,3668033.37,0.00,1117616.16,542930.81,https://datos.jus.gob.ar/dataset/declaraciones-juradas-patrimoniales-integrales,sí · identidad confirmada
prov-ba-dip-rodriguez-alberti-jorge-martin,Rodriguez Alberti Jorge Martín,Legislaturas provinciales,Buenos Aires,RODRIGUEZ ALBERTI JORGE MARTIN,7916e95e5b6c14c2,identidad_confirmada_cruce_oficial,2020,Anual,0,491313,INSTITUTO NACIONAL DE SERVICIOS SOCIALES PARA JUBI,SUBDIRECTOR EJECUTIVO,6549992.98,0.00,336620.42,4841529.80,https://datos.jus.gob.ar/dataset/declaraciones-juradas-patrimoniales-integrales,sí · identidad confirmada
prov-ba-dip-rodriguez-alberti-jorge-martin,Rodriguez Alberti Jorge Martín,Legislaturas provinciales,Buenos Aires,RODRIGUEZ ALBERTI JORGE MARTIN,7916e95e5b6c14c2,identidad_confirmada_cruce_oficial,2021,Anual,0,563792,INSTITUTO NACIONAL DE SERVICIOS SOCIALES PARA JUBI,SUBDIRECTOR EJECUTIVO,8995200.71,0.00,2478874.02,7020104.42,https://datos.jus.gob.ar/dataset/declaraciones-juradas-patrimoniales-integrales,sí · identidad confirmada
prov-ba-dip-rodriguez-alberti-jorge-martin,Rodriguez Alberti Jorge Martín,Legislaturas provinciales,Buenos Aires,RODRIGUEZ ALBERTI JORGE MARTIN,7916e95e5b6c14c2,identidad_confirmada_cruce_oficial,2022,Anual,1,670508,INSTITUTO NACIONAL DE SERVICIOS SOCIALES PARA JUBI,Subdirector Ejecutivo,22778718.16,40000000.00,7825458.18,13484984.45,https://datos.jus.gob.ar/dataset/declaraciones-juradas-patrimoniales-integrales,sí · identidad confirmada
prov-ba-dip-rodriguez-alberti-jorge-martin,Rodriguez Alberti Jorge Martín,Legislaturas provinciales,Buenos Aires,RODRIGUEZ ALBERTI JORGE MARTIN,7916e95e5b6c14c2,identidad_confirmada_cruce_oficial,2023,Baja,1,688397,INSTITUTO NACIONAL DE SERVICIOS SOCIALES PARA JUBI,subdirector ejecutivo,45114746.30,3652880.58,11662079.81,34111540.41,https://datos.jus.gob.ar/dataset/declaraciones-juradas-patrimoniales-integrales,sí · identidad confirmada
prov-ba-dip-sotelo-larcher-nahuel,Sotelo Larcher Nahuel,Legislaturas provinciales,Buenos Aires,SOTELO LARCHER NAHUEL,6798b556ba119e4e,identidad_confirmada_cruce_oficial,2024,Anual,0,809677,,Secretario de Culto y Civilización,55498184.15,0.00,172334000.00,42821645.17,https://datos.jus.gob.ar/dataset/declaraciones-juradas-patrimoniales-integrales,sí · identidad confirmada
prov-ba-dip-sotolano-maria-angel,Sotolano María Angel,Legislaturas provinciales,Buenos Aires,SOTOLANO MARIA ANGEL,8868f52b5b9c93d3,identidad_confirmada_cruce_oficial,2021,Inicial,0,542632,,,15000000.00,0.00,0.00,0.00,https://datos.jus.gob.ar/dataset/declaraciones-juradas-patrimoniales-integrales,sí · identidad confirmada
prov-ba-dip-sotolano-maria-angel,Sotolano María Angel,Legislaturas provinciales,Buenos Aires,SOTOLANO MARIA ANGEL,8868f52b5b9c93d3,identidad_confirmada_cruce_oficial,2022,Inicial,0,590671,HONORABLE CAMARA DE DIPUTADOS DE LA NACION,DIPUTADA NACIONAL,20000000.00,0.00,0.00,0.00,https://datos.jus.gob.ar/dataset/declaraciones-juradas-patrimoniales-integrales,sí · identidad confirmada
prov-ba-dip-sotolano-maria-angel,Sotolano María Angel,Legislaturas provinciales,Buenos Aires,SOTOLANO MARIA ANGEL,8868f52b5b9c93d3,identidad_confirmada_cruce_oficial,2023,Anual,0,753911,HONORABLE CAMARA DE DIPUTADOS DE LA NACION,DIPUTADA NACIONAL,165180130.00,0.00,50000000.00,156052310.00,https://datos.jus.gob.ar/dataset/declaraciones-juradas-patrimoniales-integrales,sí · identidad confirmada
prov-ba-dip-vannelli-sofia,Vannelli Sofía,Legislaturas provinciales,Buenos Aires,VANNELLI SOFIA,e68b98caa153ece1,identidad_confirmada_cruce_oficial,2020,Anual,1,557346,MINISTERIO DE TRANSPORTE,Directora Control Tecnico Concesiones y Habilit,2338728.01,0.00,0.00,1894592.80,https://datos.jus.gob.ar/dataset/declaraciones-juradas-patrimoniales-integrales,sí · identidad confirmada
prov-ba-dip-vannelli-sofia,Vannelli Sofía,Legislaturas provinciales,Buenos Aires,VANNELLI SOFIA,e68b98caa153ece1,identidad_confirmada_cruce_oficial,2021,Anual,3,612384,MINISTERIO DE TRANSPORTE,Directora de Control Técnico de Concesiones,4459282.45,0.00,0.00,2714591.48,https://datos.jus.gob.ar/dataset/declaraciones-juradas-patrimoniales-integrales,sí · identidad confirmada
prov-ba-dip-vitale-mariela-silvina,Vitale Mariela Silvina,Legislaturas provinciales,Buenos Aires,VITALE MARIELA SILVINA,3e8c89f90b7f43ec,identidad_confirmada_cruce_oficial,2024,Inicial,0,809577,ADMINISTRACION NACIONAL DE LA SEGURIDAD SOCIAL ANS,JEFE,61774339.90,0.00,0.00,0.00,https://datos.jus.gob.ar/dataset/declaraciones-juradas-patrimoniales-integrales,sí · identidad confirmada
prov-ba-dip-zurro-avelino-ricardo,Zurro Avelino Ricardo,Legislaturas provinciales,Buenos Aires,ZURRO AVELINO RICARDO,c115d6217083ea05,identidad_confirmada_cruce_oficial,2019,Anual,0,446689,H CAMARA DE DIPUTADOS PCIA BS AS,SECRETARIO DE MUNICIPIOS DE LA NACION,3601235.88,500658.68,136297.60,2290205.01,https://datos.jus.gob.ar/dataset/declaraciones-juradas-patrimoniales-integrales,sí · identidad confirmada
prov-ba-dip-zurro-avelino-ricardo,Zurro Avelino Ricardo,Legislaturas provinciales,Buenos Aires,ZURRO AVELINO RICARDO,c115d6217083ea05,identidad_confirmada_cruce_oficial,2020,Anual,0,497339,MINISTERIO DEL INTERIOR,SECRETARIO DE MUNICIPIOS DE LA NACION,4439989.14,491583.19,30804.90,2596315.28,https://datos.jus.gob.ar/dataset/declaraciones-juradas-patrimoniales-integrales,sí · identidad confirmada
prov-ba-dip-zurro-avelino-ricardo,Zurro Avelino Ricardo,Legislaturas provinciales,Buenos Aires,ZURRO AVELINO RICARDO,c115d6217083ea05,identidad_confirmada_cruce_oficial,2021,Anual,1,608558,MINISTERIO DEL INTERIOR,SECRETARIO DE MUNICIPIOS DE LA NACION,5826428.05,2490021.03,37598.12,3526690.09,https://datos.jus.gob.ar/dataset/declaraciones-juradas-patrimoniales-integrales,sí · identidad confirmada
prov-ba-dip-zurro-avelino-ricardo,Zurro Avelino Ricardo,Legislaturas provinciales,Buenos Aires,ZURRO AVELINO RICARDO,c115d6217083ea05,identidad_confirmada_cruce_oficial,2022,Anual,1,674654,MINISTERIO DEL INTERIOR,SECRETARIO DE MUNICIPIOS DE LA NACION,9483504.15,2055231.27,2231932.43,8946055.93,https://datos.jus.gob.ar/dataset/declaraciones-juradas-patrimoniales-integrales,sí · identidad confirmada
prov-ba-dip-zurro-avelino-ricardo,Zurro Avelino Ricardo,Legislaturas provinciales,Buenos Aires,ZURRO AVELINO RICARDO,c115d6217083ea05,identidad_confirmada_cruce_oficial,2023,Anual,0,744055,H CAMARA DE DIPUTADOS PCIA BS AS,DIPUTADO PROVINCIAL,23365255.86,1306918.39,8804216.25,26300523.22,https://datos.jus.gob.ar/dataset/declaraciones-juradas-patrimoniales-integrales,sí · identidad confirmada
prov-ba-sen-arietto-maria-florencia,Maria Florencia Arietto,Legislaturas provinciales,Buenos Aires,ARIETTO MARIA FLORENCIA,9f5c1a9de2061b44,identidad_confirmada_cruce_oficial,2017,Inicial,0,257043,,CANDIDATA DIPUTADA NACIONAL CIUDAD DE BUENOS AIRES,0.00,0.00,0.00,0.00,https://datos.jus.gob.ar/dataset/declaraciones-juradas-patrimoniales-integrales,sí · identidad confirmada
prov-ba-sen-arietto-maria-florencia,Maria Florencia Arietto,Legislaturas provinciales,Buenos Aires,ARIETTO MARIA FLORENCIA,9f5c1a9de2061b44,identidad_confirmada_cruce_oficial,2018,Anual,0,385263,MINISTERIO DE SEGURIDAD,ASESORA GABINETE DE UNIDAD DE MINISTRO DE SEGURIDA,672190.00,0.00,0.00,561227.46,https://datos.jus.gob.ar/dataset/declaraciones-juradas-patrimoniales-integrales,sí · identidad confirmada
prov-ba-sen-arietto-maria-florencia,Maria Florencia Arietto,Legislaturas provinciales,Buenos Aires,ARIETTO MARIA FLORENCIA,9f5c1a9de2061b44,identidad_confirmada_cruce_oficial,2019,Baja,0,422554,MINISTERIO DE SEGURIDAD,ASESORA GABINETE DE UNIDAD MINISTRO DE SEGURIDAD,159420.00,0.00,0.00,1031284.05,https://datos.jus.gob.ar/dataset/declaraciones-juradas-patrimoniales-integrales,sí · identidad confirmada
prov-ba-sen-balaudo-analia,Analia Balaudo,Legislaturas provinciales,Buenos Aires,BALAUDO ANALIA,39349caedeabda0c,identidad_confirmada_cruce_oficial,2024,Anual,0,802244,ADMINISTRACION NACIONAL DE LA SEGURIDAD SOCIAL ANS,jefe oficina anses,913341.38,2460239.67,0.00,122718600.00,https://datos.jus.gob.ar/dataset/declaraciones-juradas-patrimoniales-integrales,sí · identidad confirmada
prov-ba-sen-bambaci-maria-luz,Maria Luz Bambaci,Legislaturas provinciales,Buenos Aires,BAMBACI MARIA LUZ,b43db72b53f03b41,identidad_confirmada_cruce_oficial,2017,Anual,0,330642,MINISTERIO DEL INTERIOR,Dirección de Secretaria de Vivienda y Hábitat,24020570.00,0.00,15497210.00,0.00,https://datos.jus.gob.ar/dataset/declaraciones-juradas-patrimoniales-integrales,sí · identidad confirmada
prov-ba-sen-bambaci-maria-luz,Maria Luz Bambaci,Legislaturas provinciales,Buenos Aires,BAMBACI MARIA LUZ,b43db72b53f03b41,identidad_confirmada_cruce_oficial,2018,Anual,0,365721,REGISTRO NACIONAL DE LAS PERSONAS,Dtora de Fiscalización del Reg Nac de las personas,3922179.35,0.00,13370000.00,0.00,https://datos.jus.gob.ar/dataset/declaraciones-juradas-patrimoniales-integrales,sí · identidad confirmada
prov-ba-sen-bambaci-maria-luz,Maria Luz Bambaci,Legislaturas provinciales,Buenos Aires,BAMBACI MARIA LUZ,b43db72b53f03b41,identidad_confirmada_cruce_oficial,2019,Anual,0,478275,REGISTRO NACIONAL DE LAS PERSONAS,Dtora de fiscalización del reg nac de las Personas,4303672.35,0.00,3812960.00,0.00,https://datos.jus.gob.ar/dataset/declaraciones-juradas-patrimoniales-integrales,sí · identidad confirmada
prov-ba-sen-bambaci-maria-luz,Maria Luz Bambaci,Legislaturas provinciales,Buenos Aires,BAMBACI MARIA LUZ,b43db72b53f03b41,identidad_confirmada_cruce_oficial,2024,Anual,0,823347,ENTE NACIONAL DE COMUNICACIONES (ENACOM),DIRECCION DE JURIDICOS,10309764.35,0.00,0.00,0.00,https://datos.jus.gob.ar/dataset/declaraciones-juradas-patrimoniales-integrales,sí · identidad confirmada
prov-ba-sen-cabezas-gonzalo,Gonzalo Cabezas,Legislaturas provinciales,Buenos Aires,CABEZAS GONZALO DARIO,a2eb4581596ccbc1,identidad_confirmada_cruce_oficial,2024,Anual,0,799984,VICEJEFATURA DE GABINETE DEL INTERIOR O. P.,Director Nacional de Relación con los Municipios,40000000.00,0.00,0.00,0.00,https://datos.jus.gob.ar/dataset/declaraciones-juradas-patrimoniales-integrales,sí · identidad confirmada
prov-ba-sen-fagioli-federico,Federico Fagioli,Legislaturas provinciales,Buenos Aires,FAGIOLI FEDERICO,a6351af58397fc53,identidad_confirmada_cruce_oficial,2018,Anual,0,413981,,Diputado Nacional por la Provincia de Buenos Aires,35741.74,0.00,0.00,0.00,https://datos.jus.gob.ar/dataset/declaraciones-juradas-patrimoniales-integrales,sí · identidad confirmada
prov-ba-sen-fagioli-federico,Federico Fagioli,Legislaturas provinciales,Buenos Aires,FAGIOLI FEDERICO,a6351af58397fc53,identidad_confirmada_cruce_oficial,2019,Anual,0,431766,HONORABLE CAMARA DE DIPUTADOS DE LA NACION,Diputado Nacional por la Provincia de Buenos Aires,531000.00,0.00,0.00,3265000.00,https://datos.jus.gob.ar/dataset/declaraciones-juradas-patrimoniales-integrales,sí · identidad confirmada
prov-ba-sen-fagioli-federico,Federico Fagioli,Legislaturas provinciales,Buenos Aires,FAGIOLI FEDERICO,a6351af58397fc53,identidad_confirmada_cruce_oficial,2020,Anual,0,519451,HONORABLE CAMARA DE DIPUTADOS DE LA NACION,Diputado Nacional por la Provincia de Buenos Aires,5379480.00,0.00,0.00,2368285.36,https://datos.jus.gob.ar/dataset/declaraciones-juradas-patrimoniales-integrales,sí · identidad confirmada
prov-ba-sen-fagioli-federico,Federico Fagioli,Legislaturas provinciales,Buenos Aires,FAGIOLI FEDERICO,a6351af58397fc53,identidad_confirmada_cruce_oficial,2021,Anual,0,562660,HONORABLE CAMARA DE DIPUTADOS DE LA NACION,Diputado Nacional por la Provincia de Buenos Aires,6146700.00,0.00,0.00,3104930.22,https://datos.jus.gob.ar/dataset/declaraciones-juradas-patrimoniales-integrales,sí · identidad confirmada
prov-ba-sen-fagioli-federico,Federico Fagioli,Legislaturas provinciales,Buenos Aires,FAGIOLI FEDERICO,a6351af58397fc53,identidad_confirmada_cruce_oficial,2022,Anual,0,630468,HONORABLE CAMARA DE DIPUTADOS DE LA NACION,Diputado Nacional por la Provincia de Buenos Aires,13691890.00,0.00,0.00,3939916.77,https://datos.jus.gob.ar/dataset/declaraciones-juradas-patrimoniales-integrales,sí · identidad confirmada
prov-ba-sen-fagioli-federico,Federico Fagioli,Legislaturas provinciales,Buenos Aires,FAGIOLI FEDERICO,a6351af58397fc53,identidad_confirmada_cruce_oficial,2023,Baja,0,688252,HONORABLE CAMARA DE DIPUTADOS DE LA NACION,Diputado Nacional por la Provincia de Buenos Aires,2908700.87,0.00,0.00,10647063.11,https://datos.jus.gob.ar/dataset/declaraciones-juradas-patrimoniales-integrales,sí · identidad confirmada
prov-ba-sen-galmarini-malena,Malena Galmarini,Legislaturas provinciales,Buenos Aires,GALMARINI MALENA,ec7f990b60a9370e,identidad_confirmada_cruce_oficial,2019,Anual,0,458179,,PRESIDENTA DE AYSA S.A.,265308.92,0.00,54832.61,781466.16,https://datos.jus.gob.ar/dataset/declaraciones-juradas-patrimoniales-integrales,sí · identidad confirmada
prov-ba-sen-galmarini-malena,Malena Galmarini,Legislaturas provinciales,Buenos Aires,GALMARINI MALENA,ec7f990b60a9370e,identidad_confirmada_cruce_oficial,2020,Anual,1,609855,,PRESIDENTA DE AYSA S.A.,5674153.29,0.00,96638.91,9757471.15,https://datos.jus.gob.ar/dataset/declaraciones-juradas-patrimoniales-integrales,sí · identidad confirmada
prov-ba-sen-galmarini-malena,Malena Galmarini,Legislaturas provinciales,Buenos Aires,GALMARINI MALENA,ec7f990b60a9370e,identidad_confirmada_cruce_oficial,2021,Anual,1,609856,,PRESIDENTA DE AYSA S.A.,12656085.23,0.00,318733.18,17635151.97,https://datos.jus.gob.ar/dataset/declaraciones-juradas-patrimoniales-integrales,sí · identidad confirmada
prov-ba-sen-galmarini-malena,Malena Galmarini,Legislaturas provinciales,Buenos Aires,GALMARINI MALENA,ec7f990b60a9370e,identidad_confirmada_cruce_oficial,2022,Anual,0,648822,,PRESIDENTA DE AYSA S.A.,21873605.44,39615.30,1075843.58,23994730.54,https://datos.jus.gob.ar/dataset/declaraciones-juradas-patrimoniales-integrales,sí · identidad confirmada
prov-ba-sen-galmarini-malena,Malena Galmarini,Legislaturas provinciales,Buenos Aires,GALMARINI MALENA,ec7f990b60a9370e,identidad_confirmada_cruce_oficial,2023,Baja,0,689591,,PRESIDENTE AYSA S.A.,67351629.66,0.00,10993160.84,62860821.83,https://datos.jus.gob.ar/dataset/declaraciones-juradas-patrimoniales-integrales,sí · identidad confirmada
prov-ba-sen-gonzalez-santalla-emmanuel-severo,Emmanuel Severo González Santalla,Legislaturas provinciales,Buenos Aires,GONZALEZ SANTALLA EMMANUEL SEVERO,747adbcc60991828,identidad_confirmada_cruce_oficial,2020,Inicial,0,467068,HONORABLE CAMARA DE SENADORES PCIA BS AS,SENADOR PROVINCIAL TITULAR,41906300.00,0.00,0.00,0.00,https://datos.jus.gob.ar/dataset/declaraciones-juradas-patrimoniales-integrales,sí · identidad confirmada
prov-ba-sen-leguizamon-brown-marcelo,Marcelo Leguizamón Brown,Legislaturas provinciales,Buenos Aires,LEGUIZAMON BROWN MARCELO LEONEL,b43e43234bf28b52,identidad_confirmada_cruce_oficial,2017,Baja,0,413139,DIRECCION NACIONAL DE MIGRACIONES,Delegado de la Delegación La Plata de la DNM,1218300.00,0.00,0.00,149565.24,https://datos.jus.gob.ar/dataset/declaraciones-juradas-patrimoniales-integrales,sí · identidad confirmada
prov-ba-sen-macha-monica-fernanda,Monica Fernanda Macha,Legislaturas provinciales,Buenos Aires,MACHA MONICA FERNANDA,a1434eddb154f8c6,identidad_confirmada_cruce_oficial,2017,Anual,0,337440,HONORABLE CAMARA DE DIPUTADOS DE LA NACION,DIPUTADA NACIONAL,1001401.56,358293.14,662524.04,1078098.87,https://datos.jus.gob.ar/dataset/declaraciones-juradas-patrimoniales-integrales,sí · identidad confirmada
prov-ba-sen-macha-monica-fernanda,Monica Fernanda Macha,Legislaturas provinciales,Buenos Aires,MACHA MONICA FERNANDA,a1434eddb154f8c6,identidad_confirmada_cruce_oficial,2018,Anual,0,394662,HONORABLE CAMARA DE DIPUTADOS DE LA NACION,DIPUTADA NACIONAL,2295655.57,778277.66,11765920.00,1637523.31,https://datos.jus.gob.ar/dataset/declaraciones-juradas-patrimoniales-integrales,sí · identidad confirmada
prov-ba-sen-macha-monica-fernanda,Monica Fernanda Macha,Legislaturas provinciales,Buenos Aires,MACHA MONICA FERNANDA,a1434eddb154f8c6,identidad_confirmada_cruce_oficial,2019,Anual,0,461275,HONORABLE CAMARA DE DIPUTADOS DE LA NACION,DIPUTADA NACIONAL,3846809.11,468360.89,1532477.35,1637549.42,https://datos.jus.gob.ar/dataset/declaraciones-juradas-patrimoniales-integrales,sí · identidad confirmada
prov-ba-sen-macha-monica-fernanda,Monica Fernanda Macha,Legislaturas provinciales,Buenos Aires,MACHA MONICA FERNANDA,a1434eddb154f8c6,identidad_confirmada_cruce_oficial,2020,Anual,0,521018,HONORABLE CAMARA DE DIPUTADOS DE LA NACION,DIPUTADA NACIONAL,4874482.37,442238.82,622502.17,2491394.94,https://datos.jus.gob.ar/dataset/declaraciones-juradas-patrimoniales-integrales,sí · identidad confirmada
prov-ba-sen-macha-monica-fernanda,Monica Fernanda Macha,Legislaturas provinciales,Buenos Aires,MACHA MONICA FERNANDA,a1434eddb154f8c6,identidad_confirmada_cruce_oficial,2021,Anual,0,592426,HONORABLE CAMARA DE DIPUTADOS DE LA NACION,DIPUTADA NACIONAL,8425340.57,273432.49,2740113.33,2937251.82,https://datos.jus.gob.ar/dataset/declaraciones-juradas-patrimoniales-integrales,sí · identidad confirmada
prov-ba-sen-macha-monica-fernanda,Monica Fernanda Macha,Legislaturas provinciales,Buenos Aires,MACHA MONICA FERNANDA,a1434eddb154f8c6,identidad_confirmada_cruce_oficial,2022,Anual,0,659549,HONORABLE CAMARA DE DIPUTADOS DE LA NACION,DIPUTADA NACIONAL,16547907.83,258277.52,6446860.06,5270969.98,https://datos.jus.gob.ar/dataset/declaraciones-juradas-patrimoniales-integrales,sí · identidad confirmada
prov-ba-sen-macha-monica-fernanda,Monica Fernanda Macha,Legislaturas provinciales,Buenos Aires,MACHA MONICA FERNANDA,a1434eddb154f8c6,identidad_confirmada_cruce_oficial,2023,Anual,0,739005,HONORABLE CAMARA DE DIPUTADOS DE LA NACION,DIPUTADA NACIONAL,36432231.03,631000.14,15782920.06,10040981.75,https://datos.jus.gob.ar/dataset/declaraciones-juradas-patrimoniales-integrales,sí · identidad confirmada
prov-ba-sen-macha-monica-fernanda,Monica Fernanda Macha,Legislaturas provinciales,Buenos Aires,MACHA MONICA FERNANDA,a1434eddb154f8c6,identidad_confirmada_cruce_oficial,2024,Anual,0,805274,HONORABLE CAMARA DE DIPUTADOS DE LA NACION,DIPUTADA NACIONAL,493099550.00,94678270.00,97201630.00,365610600.00,https://datos.jus.gob.ar/dataset/declaraciones-juradas-patrimoniales-integrales,sí · identidad confirmada
prov-ba-sen-martinez-maria-cecilia,Maria Cecilia Martinez,Legislaturas provinciales,Buenos Aires,MARTINEZ MARIA CECILIA,3e43fb34d2b372b6,identidad_confirmada_cruce_oficial,2017,Anual,0,279749,SERVICIO NACIONAL DE SANIDAD Y CALIDAD AGROALIMENT,Inspectora,822811.50,0.00,0.00,0.00,https://datos.jus.gob.ar/dataset/declaraciones-juradas-patrimoniales-integrales,sí · identidad confirmada
prov-ba-sen-martinez-maria-cecilia,Maria Cecilia Martinez,Legislaturas provinciales,Buenos Aires,MARTINEZ MARIA CECILIA,3e43fb34d2b372b6,identidad_confirmada_cruce_oficial,2018,Anual,0,367531,SERVICIO NACIONAL DE SANIDAD Y CALIDAD AGROALIMENT,Inspectora,4125000.00,440000.00,0.00,0.00,https://datos.jus.gob.ar/dataset/declaraciones-juradas-patrimoniales-integrales,sí · identidad confirmada
prov-ba-sen-martinez-maria-cecilia,Maria Cecilia Martinez,Legislaturas provinciales,Buenos Aires,MARTINEZ MARIA CECILIA,3e43fb34d2b372b6,identidad_confirmada_cruce_oficial,2019,Anual,0,458825,SERVICIO NACIONAL DE SANIDAD Y CALIDAD AGROALIMENT,Inspectora,19654000.00,3080130.00,0.00,0.00,https://datos.jus.gob.ar/dataset/declaraciones-juradas-patrimoniales-integrales,sí · identidad confirmada
prov-ba-sen-martinez-maria-cecilia,Maria Cecilia Martinez,Legislaturas provinciales,Buenos Aires,MARTINEZ MARIA CECILIA,3e43fb34d2b372b6,identidad_confirmada_cruce_oficial,2020,Anual,0,516904,SERVICIO NACIONAL DE SANIDAD Y CALIDAD AGROALIMENT,Inspectora,24500000.00,3200000.00,0.00,0.00,https://datos.jus.gob.ar/dataset/declaraciones-juradas-patrimoniales-integrales,sí · identidad confirmada
prov-ba-sen-martinez-maria-cecilia,Maria Cecilia Martinez,Legislaturas provinciales,Buenos Aires,MARTINEZ MARIA CECILIA,3e43fb34d2b372b6,identidad_confirmada_cruce_oficial,2021,Anual,0,552457,SERVICIO NACIONAL DE SANIDAD ANIMAL SENASA,Inspectora,20000000.00,5050000.00,0.00,0.00,https://datos.jus.gob.ar/dataset/declaraciones-juradas-patrimoniales-integrales,sí · identidad confirmada
prov-ba-sen-martinez-maria-cecilia,Maria Cecilia Martinez,Legislaturas provinciales,Buenos Aires,MARTINEZ MARIA CECILIA,3e43fb34d2b372b6,identidad_confirmada_cruce_oficial,2022,Anual,0,633268,SERVICIO NACIONAL DE SANIDAD Y CALIDAD AGROALIMENT,Inspectora,38040000.00,1800000.00,0.00,0.00,https://datos.jus.gob.ar/dataset/declaraciones-juradas-patrimoniales-integrales,sí · identidad confirmada
prov-ba-sen-martinez-maria-cecilia,Maria Cecilia Martinez,Legislaturas provinciales,Buenos Aires,MARTINEZ MARIA CECILIA,3e43fb34d2b372b6,identidad_confirmada_cruce_oficial,2023,Anual,0,728250,SERVICIO NACIONAL DE SANIDAD ANIMAL SENASA,Ingeniera Agronoma,395000000.00,8500000.00,0.00,0.00,https://datos.jus.gob.ar/dataset/declaraciones-juradas-patrimoniales-integrales,sí · identidad confirmada
prov-ba-sen-martinez-maria-cecilia,Maria Cecilia Martinez,Legislaturas provinciales,Buenos Aires,MARTINEZ MARIA CECILIA,3e43fb34d2b372b6,identidad_confirmada_cruce_oficial,2024,Anual,0,770768,SERVICIO NACIONAL DE SANIDAD Y CALIDAD AGROALIMENT,INSPECTORA,555000000.00,0.00,0.00,0.00,https://datos.jus.gob.ar/dataset/declaraciones-juradas-patrimoniales-integrales,sí · identidad confirmada
prov-ba-sen-martinez-maria-rosa,Maria Rosa Martinez,Legislaturas provinciales,Buenos Aires,MARTINEZ MARIA ROSA,a53675150ee4158d,identidad_confirmada_cruce_oficial,2018,Anual,0,412178,MUNICIPALIDAD DE ALMIRANTE BROWN,CONCEJAL,1245139.95,0.00,828481.96,1172429.91,https://datos.jus.gob.ar/dataset/declaraciones-juradas-patrimoniales-integrales,sí · identidad confirmada
prov-ba-sen-martinez-maria-rosa,Maria Rosa Martinez,Legislaturas provinciales,Buenos Aires,MARTINEZ MARIA ROSA,a53675150ee4158d,identidad_confirmada_cruce_oficial,2019,Anual,0,437475,HONORABLE CAMARA DE DIPUTADOS DE LA NACION,DIPUTADA NACIONAL,4443888.95,0.00,1010183.04,1636030.98,https://datos.jus.gob.ar/dataset/declaraciones-juradas-patrimoniales-integrales,sí · identidad confirmada
prov-ba-sen-martinez-maria-rosa,Maria Rosa Martinez,Legislaturas provinciales,Buenos Aires,MARTINEZ MARIA ROSA,a53675150ee4158d,identidad_confirmada_cruce_oficial,2020,Anual,0,518759,HONORABLE CAMARA DE DIPUTADOS DE LA NACION,DIPUTADA NACIONAL,7018445.01,0.00,0.00,1906833.63,https://datos.jus.gob.ar/dataset/declaraciones-juradas-patrimoniales-integrales,sí · identidad confirmada
prov-ba-sen-martinez-maria-rosa,Maria Rosa Martinez,Legislaturas provinciales,Buenos Aires,MARTINEZ MARIA ROSA,a53675150ee4158d,identidad_confirmada_cruce_oficial,2021,Anual,0,577743,HONORABLE CAMARA DE DIPUTADOS DE LA NACION,DIPUTADA NACIONAL,3471132.50,0.00,3547312.51,3599494.68,https://datos.jus.gob.ar/dataset/declaraciones-juradas-patrimoniales-integrales,sí · identidad confirmada
prov-ba-sen-martinez-maria-rosa,Maria Rosa Martinez,Legislaturas provinciales,Buenos Aires,MARTINEZ MARIA ROSA,a53675150ee4158d,identidad_confirmada_cruce_oficial,2022,Anual,0,657657,HONORABLE CAMARA DE DIPUTADOS DE LA NACION,DIPUTADA NACIONAL,16052607.50,0.00,5535400.27,7046074.73,https://datos.jus.gob.ar/dataset/declaraciones-juradas-patrimoniales-integrales,sí · identidad confirmada
prov-ba-sen-martinez-maria-rosa,Maria Rosa Martinez,Legislaturas provinciales,Buenos Aires,MARTINEZ MARIA ROSA,a53675150ee4158d,identidad_confirmada_cruce_oficial,2023,Baja,0,685483,HONORABLE CAMARA DE DIPUTADOS DE LA NACION,DIPUTADA NACIONAL,14706223.50,0.00,8522690.00,146572020.00,https://datos.jus.gob.ar/dataset/declaraciones-juradas-patrimoniales-integrales,sí · identidad confirmada
prov-ba-sen-montenegro-guillermo-tristan,Guillermo Tristan Montenegro,Legislaturas provinciales,Buenos Aires,MONTENEGRO GUILLERMO TRISTAN,18523419400e7254,identidad_confirmada_cruce_oficial,2017,Anual,0,318765,HONORABLE CAMARA DE DIPUTADOS DE LA NACION,DIPUTADO NACIONAL,2952908.16,0.00,254770.80,1365646.52,https://datos.jus.gob.ar/dataset/declaraciones-juradas-patrimoniales-integrales,sí · identidad confirmada
prov-ba-sen-montenegro-guillermo-tristan,Guillermo Tristan Montenegro,Legislaturas provinciales,Buenos Aires,MONTENEGRO GUILLERMO TRISTAN,18523419400e7254,identidad_confirmada_cruce_oficial,2018,Anual,0,387746,HONORABLE CAMARA DE DIPUTADOS DE LA NACION,DIPUTADO NACIONAL,6115672.85,0.00,2903395.35,1779813.98,https://datos.jus.gob.ar/dataset/declaraciones-juradas-patrimoniales-integrales,sí · identidad confirmada
prov-ba-sen-montenegro-guillermo-tristan,Guillermo Tristan Montenegro,Legislaturas provinciales,Buenos Aires,MONTENEGRO GUILLERMO TRISTAN,18523419400e7254,identidad_confirmada_cruce_oficial,2019,Baja,1,429761,HONORABLE CAMARA DE DIPUTADOS DE LA NACION,DIPUTADO NACIONAL,5246467.95,0.00,397665.84,2324986.94,https://datos.jus.gob.ar/dataset/declaraciones-juradas-patrimoniales-integrales,sí · identidad confirmada
prov-ba-sen-olivera-luciano-emanuel,Luciano Emanuel Olivera,Legislaturas provinciales,Buenos Aires,OLIVERA LUCIANO EMANUEL,ef38bb5dfc40cc4d,identidad_confirmada_cruce_oficial,2024,Inicial,0,766270,INFRAESTRUCTURA ECONOMICA Y SOCIAL,COORDINADOR,215000000.00,0.00,0.00,0.00,https://datos.jus.gob.ar/dataset/declaraciones-juradas-patrimoniales-integrales,sí · identidad confirmada
prov-ba-sen-pisano-marcos-emilio,Marcos Emilio Pisano,Legislaturas provinciales,Buenos Aires,PISANO MARCOS EMILIO,97168b9de52bcae8,identidad_confirmada_cruce_oficial,2017,Anual,0,338560,ADMINISTRACION NACIONAL DE LA SEGURIDAD SOCIAL ANS,JEFE UDAI BOLIVAR ANSES,1165330.48,205212.70,101142.71,801702.60,https://datos.jus.gob.ar/dataset/declaraciones-juradas-patrimoniales-integrales,sí · identidad confirmada
prov-ba-sen-pisano-marcos-emilio,Marcos Emilio Pisano,Legislaturas provinciales,Buenos Aires,PISANO MARCOS EMILIO,97168b9de52bcae8,identidad_confirmada_cruce_oficial,2018,Anual,0,410422,MUNICIPALIDAD DE BOLIVAR,INTENDENTE MUNICIPAL,2925011.10,2240000.00,0.00,1495818.82,https://datos.jus.gob.ar/dataset/declaraciones-juradas-patrimoniales-integrales,sí · identidad confirmada
prov-ba-sen-quintana-natalia,Natalia Quintana,Legislaturas provinciales,Buenos Aires,QUINTANA NATALIA SOLEDAD,ac59774128ce3ea8,identidad_confirmada_cruce_oficial,2022,Anual,0,660206,JEFATURA DE GABINETE DE MINISTROS,COORDINADORA,5330000.00,0.00,0.00,0.00,https://datos.jus.gob.ar/dataset/declaraciones-juradas-patrimoniales-integrales,sí · identidad confirmada
prov-ba-sen-quintana-natalia,Natalia Quintana,Legislaturas provinciales,Buenos Aires,QUINTANA NATALIA SOLEDAD,ac59774128ce3ea8,identidad_confirmada_cruce_oficial,2023,Anual,0,732405,JEFATURA DE GABINETE DE MINISTROS,COORDINADORA,0.00,0.00,0.00,0.00,https://datos.jus.gob.ar/dataset/declaraciones-juradas-patrimoniales-integrales,sí · identidad confirmada
prov-ba-sen-quintana-natalia,Natalia Quintana,Legislaturas provinciales,Buenos Aires,QUINTANA NATALIA SOLEDAD,ac59774128ce3ea8,identidad_confirmada_cruce_oficial,2024,Anual,0,817837,INFRAESTRUCTURA ECONOMICA Y SOCIAL,DIRECTORA DE RENDICION DE CUENTAS Y CONTROL TECNIC,0.00,0.00,0.00,0.00,https://datos.jus.gob.ar/dataset/declaraciones-juradas-patrimoniales-integrales,sí · identidad confirmada
prov-ba-sen-raverta-maria-fernanda,Maria Fernanda Raverta,Legislaturas provinciales,Buenos Aires,RAVERTA MARIA FERNANDA,05ad7263e9e5a847,identidad_confirmada_cruce_oficial,2017,Anual,0,286111,HONORABLE CAMARA DE DIPUTADOS DE LA NACION,DIPUTADA NACIONAL,1830035.38,1134960.00,4783.29,1495000.73,https://datos.jus.gob.ar/dataset/declaraciones-juradas-patrimoniales-integrales,sí · identidad confirmada
prov-ba-sen-raverta-maria-fernanda,Maria Fernanda Raverta,Legislaturas provinciales,Buenos Aires,RAVERTA MARIA FERNANDA,05ad7263e9e5a847,identidad_confirmada_cruce_oficial,2018,Anual,0,407290,HONORABLE CAMARA DE DIPUTADOS DE LA NACION,DIPUTADA NACIONAL,2362545.25,0.00,2038730.00,1825425.33,https://datos.jus.gob.ar/dataset/declaraciones-juradas-patrimoniales-integrales,sí · identidad confirmada
prov-ba-sen-raverta-maria-fernanda,Maria Fernanda Raverta,Legislaturas provinciales,Buenos Aires,RAVERTA MARIA FERNANDA,05ad7263e9e5a847,identidad_confirmada_cruce_oficial,2019,Baja,0,419427,HONORABLE CAMARA DE DIPUTADOS DE LA NACION,DIPUTADA NACIONAL,2916333.33,0.00,56080.00,1852659.85,https://datos.jus.gob.ar/dataset/declaraciones-juradas-patrimoniales-integrales,sí · identidad confirmada
prov-ba-sen-raverta-maria-fernanda,Maria Fernanda Raverta,Legislaturas provinciales,Buenos Aires,RAVERTA MARIA FERNANDA,05ad7263e9e5a847,identidad_confirmada_cruce_oficial,2020,Anual,0,524360,ADMINISTRACION NACIONAL DE LA SEGURIDAD SOCIAL ANS,DRECTORA EJECUTIVA,4207783.29,0.00,312891.12,2347490.08,https://datos.jus.gob.ar/dataset/declaraciones-juradas-patrimoniales-integrales,sí · identidad confirmada
prov-ba-sen-raverta-maria-fernanda,Maria Fernanda Raverta,Legislaturas provinciales,Buenos Aires,RAVERTA MARIA FERNANDA,05ad7263e9e5a847,identidad_confirmada_cruce_oficial,2021,Anual,0,581398,ADMINISTRACION NACIONAL DE LA SEGURIDAD SOCIAL ANS,DIRECTORA EJECUTIVA,4736477.94,0.00,426087.83,3503236.99,https://datos.jus.gob.ar/dataset/declaraciones-juradas-patrimoniales-integrales,sí · identidad confirmada
prov-ba-sen-raverta-maria-fernanda,Maria Fernanda Raverta,Legislaturas provinciales,Buenos Aires,RAVERTA MARIA FERNANDA,05ad7263e9e5a847,identidad_confirmada_cruce_oficial,2022,Anual,0,649574,ADMINISTRACION NACIONAL DE LA SEGURIDAD SOCIAL ANS,DIRECTORA EJECUTIVA,7717375.25,0.00,1057123.20,6539247.58,https://datos.jus.gob.ar/dataset/declaraciones-juradas-patrimoniales-integrales,sí · identidad confirmada
prov-ba-sen-raverta-maria-fernanda,Maria Fernanda Raverta,Legislaturas provinciales,Buenos Aires,RAVERTA MARIA FERNANDA,05ad7263e9e5a847,identidad_confirmada_cruce_oficial,2023,Baja,0,685724,,,9690009.63,0.00,.80,123453540.00,https://datos.jus.gob.ar/dataset/declaraciones-juradas-patrimoniales-integrales,sí · identidad confirmada
prov-ba-sen-subiza-maria-emilia,Maria Emilia Subiza,Legislaturas provinciales,Buenos Aires,SUBIZA MARIA EMILIA,feb15541aab16239,identidad_confirmada_cruce_oficial,2017,Anual,0,358600,SECRETARIA DE GOBIERNO DE CULTURA,DIRECTORA,539327.35,206535.49,0.00,456231.32,https://datos.jus.gob.ar/dataset/declaraciones-juradas-patrimoniales-integrales,sí · identidad confirmada
prov-ba-sen-subiza-maria-emilia,Maria Emilia Subiza,Legislaturas provinciales,Buenos Aires,SUBIZA MARIA EMILIA,feb15541aab16239,identidad_confirmada_cruce_oficial,2018,Baja,0,362467,SECRETARIA DE GOBIERNO DE CULTURA,DIRECTORA,2092432.62,190695.30,1514442.99,54502.47,https://datos.jus.gob.ar/dataset/declaraciones-juradas-patrimoniales-integrales,sí · identidad confirmada
prov-ba-sen-subiza-maria-emilia,Maria Emilia Subiza,Legislaturas provinciales,Buenos Aires,SUBIZA MARIA EMILIA,feb15541aab16239,identidad_confirmada_cruce_oficial,2023,Anual,0,715946,HONORABLE CAMARA DE SENADORES PCIA BS AS,SENADORA DE LA PROVINCIA DE BUENOS AIRES,23774029.06,0.00,15761793.02,6036131.06,https://datos.jus.gob.ar/dataset/declaraciones-juradas-patrimoniales-integrales,sí · identidad confirmada
prov-ba-sen-valenzuela-diego,Diego Valenzuela,Legislaturas provinciales,Buenos Aires,VALENZUELA DIEGO JAVIER,5687e2233e154185,identidad_confirmada_cruce_oficial,2017,Anual,0,406382,POLICIA FEDERAL ARGENTINA,COMISARIO,5203750.00,11234580.00,321790.62,1194650.41,https://datos.jus.gob.ar/dataset/declaraciones-juradas-patrimoniales-integrales,sí · identidad confirmada
prov-ba-sen-valenzuela-diego,Diego Valenzuela,Legislaturas provinciales,Buenos Aires,VALENZUELA DIEGO JAVIER,5687e2233e154185,identidad_confirmada_cruce_oficial,2018,Anual,0,367026,POLICIA FEDERAL ARGENTINA,COMISARIO,6572890.00,6658400.00,618196.66,1292146.78,https://datos.jus.gob.ar/dataset/declaraciones-juradas-patrimoniales-integrales,sí · identidad confirmada
prov-ba-sen-valenzuela-diego,Diego Valenzuela,Legislaturas provinciales,Buenos Aires,VALENZUELA DIEGO JAVIER,5687e2233e154185,identidad_confirmada_cruce_oficial,2019,Anual,0,475964,POLICIA FEDERAL ARGENTINA,COMISARIO,9154510.00,2500000.00,930671.21,2020418.21,https://datos.jus.gob.ar/dataset/declaraciones-juradas-patrimoniales-integrales,sí · identidad confirmada
prov-ba-sen-valenzuela-diego,Diego Valenzuela,Legislaturas provinciales,Buenos Aires,VALENZUELA DIEGO JAVIER,5687e2233e154185,identidad_confirmada_cruce_oficial,2020,Baja,0,476011,POLICIA FEDERAL ARGENTINA,COMISARIO,9154510.00,2300000.00,826154.42,1703478.42,https://datos.jus.gob.ar/dataset/declaraciones-juradas-patrimoniales-integrales,sí · identidad confirmada
prov-ba-sen-vargas-sergio-raul,Sergio Raul Vargas,Legislaturas provinciales,Buenos Aires,VARGAS SERGIO RAUL,a9457554e3653eb5,identidad_confirmada_cruce_oficial,2023,Baja,0,827621,AGENCIA DE RECAUDACION Y CONTROL ADUANERO,CONSEJERO GENERAL DE 1°,427624348.97,2122419.24,182177611.69,81730789.39,https://datos.jus.gob.ar/dataset/declaraciones-juradas-patrimoniales-integrales,sí · identidad confirmada
prov-caba-leg-biasi-vanina,Vanina Biasi,Legislaturas provinciales,Ciudad Autónoma de Buenos Aires,BIASI VANINA NATALIA,93a413ca189cc99e,identidad_confirmada_cruce_oficial,2017,Inicial,0,256929,,,200000.00,0.00,0.00,0.00,https://datos.jus.gob.ar/dataset/declaraciones-juradas-patrimoniales-integrales,sí · identidad confirmada
prov-caba-leg-biasi-vanina,Vanina Biasi,Legislaturas provinciales,Ciudad Autónoma de Buenos Aires,BIASI VANINA NATALIA,93a413ca189cc99e,identidad_confirmada_cruce_oficial,2018,Anual,0,413928,,CANDIDATA A DIPUTADA NACIONAL,150000.00,0.00,0.00,4500000.00,https://datos.jus.gob.ar/dataset/declaraciones-juradas-patrimoniales-integrales,sí · identidad confirmada
prov-caba-leg-biasi-vanina,Vanina Biasi,Legislaturas provinciales,Ciudad Autónoma de Buenos Aires,BIASI VANINA NATALIA,93a413ca189cc99e,identidad_confirmada_cruce_oficial,2020,Inicial,0,538966,,Diputada Nacional,1602798.66,0.00,0.00,0.00,https://datos.jus.gob.ar/dataset/declaraciones-juradas-patrimoniales-integrales,sí · identidad confirmada
prov-caba-leg-biasi-vanina,Vanina Biasi,Legislaturas provinciales,Ciudad Autónoma de Buenos Aires,BIASI VANINA NATALIA,93a413ca189cc99e,identidad_confirmada_cruce_oficial,2024,Anual,1,821739,UNIVERSIDAD DE BUENOS AIRES,Diputada,27834132.77,0.00,0.00,79440000.00,https://datos.jus.gob.ar/dataset/declaraciones-juradas-patrimoniales-integrales,sí · identidad confirmada
prov-caba-leg-lospennato-silvia,Silvia Lospennato,Legislaturas provinciales,Ciudad Autónoma de Buenos Aires,LOSPENNATO SILVIA GABRIELA,26d3e058d87378b9,identidad_confirmada_cruce_oficial,2017,Anual,0,278747,HONORABLE CAMARA DE DIPUTADOS DE LA NACION,DIPUTADA NACIONAL,2249737.39,0.00,0.00,1463554.66,https://datos.jus.gob.ar/dataset/declaraciones-juradas-patrimoniales-integrales,sí · identidad confirmada
prov-caba-leg-lospennato-silvia,Silvia Lospennato,Legislaturas provinciales,Ciudad Autónoma de Buenos Aires,LOSPENNATO SILVIA GABRIELA,26d3e058d87378b9,identidad_confirmada_cruce_oficial,2018,Anual,1,530871,HONORABLE CAMARA DE DIPUTADOS DE LA NACION,DIPUTADA NACIONAL,4506492.48,0.00,0.00,1767022.45,https://datos.jus.gob.ar/dataset/declaraciones-juradas-patrimoniales-integrales,sí · identidad confirmada
prov-caba-leg-lospennato-silvia,Silvia Lospennato,Legislaturas provinciales,Ciudad Autónoma de Buenos Aires,LOSPENNATO SILVIA GABRIELA,26d3e058d87378b9,identidad_confirmada_cruce_oficial,2019,Anual,1,475419,HONORABLE CAMARA DE DIPUTADOS DE LA NACION,DIPUTADA NACIONAL,1978131.37,0.00,773591.16,2350303.82,https://datos.jus.gob.ar/dataset/declaraciones-juradas-patrimoniales-integrales,sí · identidad confirmada
prov-caba-leg-lospennato-silvia,Silvia Lospennato,Legislaturas provinciales,Ciudad Autónoma de Buenos Aires,LOSPENNATO SILVIA GABRIELA,26d3e058d87378b9,identidad_confirmada_cruce_oficial,2020,Anual,0,530948,HONORABLE CAMARA DE DIPUTADOS DE LA NACION,DIPUTADA NACIONAL,2650579.64,0.00,659322.85,2405213.92,https://datos.jus.gob.ar/dataset/declaraciones-juradas-patrimoniales-integrales,sí · identidad confirmada
prov-caba-leg-lospennato-silvia,Silvia Lospennato,Legislaturas provinciales,Ciudad Autónoma de Buenos Aires,LOSPENNATO SILVIA GABRIELA,26d3e058d87378b9,identidad_confirmada_cruce_oficial,2021,Anual,0,577002,HONORABLE CAMARA DE DIPUTADOS DE LA NACION,DIPUTADA NACIONAL,13185584.40,0.00,10499063.76,2898886.91,https://datos.jus.gob.ar/dataset/declaraciones-juradas-patrimoniales-integrales,sí · identidad confirmada
prov-caba-leg-lospennato-silvia,Silvia Lospennato,Legislaturas provinciales,Ciudad Autónoma de Buenos Aires,LOSPENNATO SILVIA GABRIELA,26d3e058d87378b9,identidad_confirmada_cruce_oficial,2022,Anual,0,642745,HONORABLE CAMARA DE DIPUTADOS DE LA NACION,DIPUTADA NACIONAL,26116019.50,0.00,12304913.10,4969822.71,https://datos.jus.gob.ar/dataset/declaraciones-juradas-patrimoniales-integrales,sí · identidad confirmada
prov-caba-leg-lospennato-silvia,Silvia Lospennato,Legislaturas provinciales,Ciudad Autónoma de Buenos Aires,LOSPENNATO SILVIA GABRIELA,26d3e058d87378b9,identidad_confirmada_cruce_oficial,2023,Anual,0,711224,HONORABLE CAMARA DE DIPUTADOS DE LA NACION,DIPUTADA NACIONAL,83510807.32,0.00,55445420.82,13772154.62,https://datos.jus.gob.ar/dataset/declaraciones-juradas-patrimoniales-integrales,sí · identidad confirmada
prov-caba-leg-lospennato-silvia,Silvia Lospennato,Legislaturas provinciales,Ciudad Autónoma de Buenos Aires,LOSPENNATO SILVIA GABRIELA,26d3e058d87378b9,identidad_confirmada_cruce_oficial,2024,Anual,0,782501,HONORABLE CAMARA DE DIPUTADOS DE LA NACION,DIPUTADA NACIONAL,1863597860.00,5234392.37,90494672.67,39421540.36,https://datos.jus.gob.ar/dataset/declaraciones-juradas-patrimoniales-integrales,sí · identidad confirmada
prov-caba-leg-ferrario-emmanuel,Emmanuel Ferrario,Legislaturas provinciales,Ciudad Autónoma de Buenos Aires,FERRARIO EMMANUEL ALBERTO,0986f252f77826e5,identidad_confirmada_cruce_oficial,2018,Anual,0,388504,MINISTERIO DE JEFATURA DE GABINETE DE MINISTROS BS,SUBSECRETARIO,533183.81,126691.61,.01,1015239.70,https://datos.jus.gob.ar/dataset/declaraciones-juradas-patrimoniales-integrales,sí · identidad confirmada
prov-caba-leg-ferrario-emmanuel,Emmanuel Ferrario,Legislaturas provinciales,Ciudad Autónoma de Buenos Aires,FERRARIO EMMANUEL ALBERTO,0986f252f77826e5,identidad_confirmada_cruce_oficial,2021,Anual,0,565073,LEGISLATURA DE LA CIUDAD AUTONOMA DE BUENOS AIRES,LEGISLADOR PORTEÑO - VICEPRESIDENT 1RO LEGISLATURA,3676182.76,297501.31,34861.49,1603162.35,https://datos.jus.gob.ar/dataset/declaraciones-juradas-patrimoniales-integrales,sí · identidad confirmada
prov-caba-leg-ferrario-emmanuel,Emmanuel Ferrario,Legislaturas provinciales,Ciudad Autónoma de Buenos Aires,FERRARIO EMMANUEL ALBERTO,0986f252f77826e5,identidad_confirmada_cruce_oficial,2023,Anual,1,710152,LEGISLATURA DE LA CIUDAD AUTONOMA DE BUENOS AIRES,LEGISLADOR PORTEÑO - VICEPRESIDENTE 1ERO,17638571.80,614478.82,10091761.17,20225488.07,https://datos.jus.gob.ar/dataset/declaraciones-juradas-patrimoniales-integrales,sí · identidad confirmada
prov-caba-leg-ferrario-emmanuel,Emmanuel Ferrario,Legislaturas provinciales,Ciudad Autónoma de Buenos Aires,FERRARIO EMMANUEL ALBERTO,0986f252f77826e5,identidad_confirmada_cruce_oficial,2024,Anual,0,773121,LEGISLATURA DE LA CIUDAD AUTONOMA DE BUENOS AIRES,LEGISLADOR PORTEÑO - VICEPRESIDENTE 1ERO,36422839.15,1692318.15,73179.32,48992576.39,https://datos.jus.gob.ar/dataset/declaraciones-juradas-patrimoniales-integrales,sí · identidad confirmada
prov-caba-leg-ramirez-maria-del-pilar,María Del Pilar Ramírez,Legislaturas provinciales,Ciudad Autónoma de Buenos Aires,RAMIREZ MARIA DEL PILAR,967eba3db8ea9362,identidad_confirmada_cruce_oficial,2024,Anual,0,822963,LEGISLATURA DE LA CIUDAD AUTONOMA DE BUENOS AIRES,SENADORA SUPLENTE,3641553164.72,53120360.11,2114104644.96,184324550.14,https://datos.jus.gob.ar/dataset/declaraciones-juradas-patrimoniales-integrales,sí · identidad confirmada
prov-caba-leg-alonso-laura,Laura Alonso,Legislaturas provinciales,Ciudad Autónoma de Buenos Aires,ALONSO LAURA,8c82568d76d60881,identidad_confirmada_cruce_oficial,2017,Anual,0,285532,MINISTERIO DE JUSTICIA Y DERECHOS HUMANOS,Secr.de Etica Pública -Trans.y L.contra Corrupción,4112098.29,929978.50,397048.09,1508664.87,https://datos.jus.gob.ar/dataset/declaraciones-juradas-patrimoniales-integrales,sí · identidad confirmada
prov-caba-leg-alonso-laura,Laura Alonso,Legislaturas provinciales,Ciudad Autónoma de Buenos Aires,ALONSO LAURA,8c82568d76d60881,identidad_confirmada_cruce_oficial,2018,Anual,0,371934,MINISTERIO DE JUSTICIA Y DERECHOS HUMANOS,Secr.de Etica Pública -Trans.y L.contra Corrupción,5967310.46,888488.06,16896300.00,2050340.87,https://datos.jus.gob.ar/dataset/declaraciones-juradas-patrimoniales-integrales,sí · identidad confirmada
prov-caba-leg-alonso-laura,Laura Alonso,Legislaturas provinciales,Ciudad Autónoma de Buenos Aires,ALONSO LAURA,8c82568d76d60881,identidad_confirmada_cruce_oficial,2019,Baja,0,418759,MINISTERIO DE JUSTICIA Y DERECHOS HUMANOS,Secr.de Etica Pública -Trans.y L.contra Corrupción,8371349.60,747864.93,1908605.02,2761669.81,https://datos.jus.gob.ar/dataset/declaraciones-juradas-patrimoniales-integrales,sí · identidad confirmada
prov-caba-leg-del-gaiso-juan-facundo,Juan Facundo Del Gaiso,Legislaturas provinciales,Ciudad Autónoma de Buenos Aires,DEL GAISO JUAN FACUNDO,c946aa7fe0f47e16,identidad_confirmada_cruce_oficial,2024,Anual,0,822648,LEGISLATURA DE LA CIUDAD AUTONOMA DE BUENOS AIRES,Legislador,219442500.02,129251520.87,22342913.62,57068989.32,https://datos.jus.gob.ar/dataset/declaraciones-juradas-patrimoniales-integrales,sí · identidad confirmada
prov-caba-leg-grillo-alejandro-omar,Alejandro Omar Grillo,Legislaturas provinciales,Ciudad Autónoma de Buenos Aires,GRILLO ALEJANDRO OMAR,307b0e9d3972971c,identidad_confirmada_cruce_oficial,2017,Anual,0,341096,,,3047830.00,118150.00,0.00,29420.56,https://datos.jus.gob.ar/dataset/declaraciones-juradas-patrimoniales-integrales,sí · identidad confirmada
prov-caba-leg-grillo-alejandro-omar,Alejandro Omar Grillo,Legislaturas provinciales,Ciudad Autónoma de Buenos Aires,GRILLO ALEJANDRO OMAR,307b0e9d3972971c,identidad_confirmada_cruce_oficial,2018,Anual,0,394209,,,3753550.00,670000.00,0.00,21777.20,https://datos.jus.gob.ar/dataset/declaraciones-juradas-patrimoniales-integrales,sí · identidad confirmada
prov-caba-leg-grillo-alejandro-omar,Alejandro Omar Grillo,Legislaturas provinciales,Ciudad Autónoma de Buenos Aires,GRILLO ALEJANDRO OMAR,307b0e9d3972971c,identidad_confirmada_cruce_oficial,2019,Anual,0,444532,,,340912.36,483280.00,0.00,933270.00,https://datos.jus.gob.ar/dataset/declaraciones-juradas-patrimoniales-integrales,sí · identidad confirmada
prov-caba-leg-grillo-alejandro-omar,Alejandro Omar Grillo,Legislaturas provinciales,Ciudad Autónoma de Buenos Aires,GRILLO ALEJANDRO OMAR,307b0e9d3972971c,identidad_confirmada_cruce_oficial,2020,Anual,0,529060,DIRECCION NACIONAL DE MIGRACIONES,AUDITOR ADJUNTO UAI DNM,1337947.72,8337150.00,6616000.00,1690084.33,https://datos.jus.gob.ar/dataset/declaraciones-juradas-patrimoniales-integrales,sí · identidad confirmada
prov-caba-leg-grillo-alejandro-omar,Alejandro Omar Grillo,Legislaturas provinciales,Ciudad Autónoma de Buenos Aires,GRILLO ALEJANDRO OMAR,307b0e9d3972971c,identidad_confirmada_cruce_oficial,2021,Anual,1,681001,DIRECCION NACIONAL DE MIGRACIONES,AUDITOR ADJUNTO UAI DNM,2063807.43,33312.63,0.00,2755984.24,https://datos.jus.gob.ar/dataset/declaraciones-juradas-patrimoniales-integrales,sí · identidad confirmada
prov-caba-leg-grillo-alejandro-omar,Alejandro Omar Grillo,Legislaturas provinciales,Ciudad Autónoma de Buenos Aires,GRILLO ALEJANDRO OMAR,307b0e9d3972971c,identidad_confirmada_cruce_oficial,2022,Anual,1,680993,JEFATURA DE GABINETE DE MINISTROS,SUBSECRETARIO DE FORTALECIMIENTO INSTITUCIONAL,6196682.06,24051.14,14091630.00,8326985.65,https://datos.jus.gob.ar/dataset/declaraciones-juradas-patrimoniales-integrales,sí · identidad confirmada
prov-caba-leg-grillo-alejandro-omar,Alejandro Omar Grillo,Legislaturas provinciales,Ciudad Autónoma de Buenos Aires,GRILLO ALEJANDRO OMAR,307b0e9d3972971c,identidad_confirmada_cruce_oficial,2023,Baja,3,701693,JEFATURA DE GABINETE DE MINISTROS,SUBSECRETARIO DE FORTALECIMIENTO INSTITUCIONAL,12405458.99,0.00,0.00,25441897.13,https://datos.jus.gob.ar/dataset/declaraciones-juradas-patrimoniales-integrales,sí · identidad confirmada
prov-caba-leg-ianez-berenice,Berenice Iañez,Legislaturas provinciales,Ciudad Autónoma de Buenos Aires,IAÑEZ BERENICE LIA,c2f1bc119cd1b13c,identidad_confirmada_cruce_oficial,2023,Anual,0,756321,LEGISLATURA DE LA CIUDAD AUTONOMA DE BUENOS AIRES,Legisladora,0.00,982374.08,0.00,17165411.90,https://datos.jus.gob.ar/dataset/declaraciones-juradas-patrimoniales-integrales,sí · identidad confirmada
prov-caba-leg-ianez-berenice,Berenice Iañez,Legislaturas provinciales,Ciudad Autónoma de Buenos Aires,IAÑEZ BERENICE LIA,c2f1bc119cd1b13c,identidad_confirmada_cruce_oficial,2024,Anual,0,820489,LEGISLATURA DE LA CIUDAD AUTONOMA DE BUENOS AIRES,Legisladora,0.00,17303472.61,0.00,36399220.98,https://datos.jus.gob.ar/dataset/declaraciones-juradas-patrimoniales-integrales,sí · identidad confirmada
prov-caba-leg-martin-amanda,Amanda Martín,Legislaturas provinciales,Ciudad Autónoma de Buenos Aires,MARTIN AMANDA,a0951fdb0aff30ad,identidad_confirmada_cruce_oficial,2020,Anual,0,540881,,Diputada,528634.35,0.00,0.00,11050000.00,https://datos.jus.gob.ar/dataset/declaraciones-juradas-patrimoniales-integrales,sí · identidad confirmada
prov-caba-leg-martin-amanda,Amanda Martín,Legislaturas provinciales,Ciudad Autónoma de Buenos Aires,MARTIN AMANDA,a0951fdb0aff30ad,identidad_confirmada_cruce_oficial,2021,Inicial,0,538038,,diputada,528634.35,0.00,0.00,0.00,https://datos.jus.gob.ar/dataset/declaraciones-juradas-patrimoniales-integrales,sí · identidad confirmada
prov-caba-leg-mochi-federico,Federico Mochi,Legislaturas provinciales,Ciudad Autónoma de Buenos Aires,MOCHI FEDERICO PATRICIO,3b22df8f4692788d,identidad_confirmada_cruce_oficial,2023,Baja,0,686456,JEFATURA DE GABINETE DE MINISTROS,DIRECTOR NACIONAL DE ASUNTOS NORMATIVOS PARLAMENTA,12836964.51,0.00,3370995.31,6530748.62,https://datos.jus.gob.ar/dataset/declaraciones-juradas-patrimoniales-integrales,sí · identidad confirmada
prov-caba-leg-modarelli-juan-pablo,Juan Pablo Modarelli,Legislaturas provinciales,Ciudad Autónoma de Buenos Aires,MODARELLI JUAN PABLO,3dc9b1036a7dc666,identidad_confirmada_cruce_oficial,2019,Anual,0,452480,ADMINISTRACION NACIONAL DE LA SEGURIDAD SOCIAL ANS,DIRECTOR GRAL. DE PRESTACIONES - ANSES,4945448.18,3169149.77,169070.78,2141694.09,https://datos.jus.gob.ar/dataset/declaraciones-juradas-patrimoniales-integrales,sí · identidad confirmada
prov-caba-leg-modarelli-juan-pablo,Juan Pablo Modarelli,Legislaturas provinciales,Ciudad Autónoma de Buenos Aires,MODARELLI JUAN PABLO,3dc9b1036a7dc666,identidad_confirmada_cruce_oficial,2020,Anual,0,503298,ADMINISTRACION NACIONAL DE LA SEGURIDAD SOCIAL ANS,DIRECTOR GRAL. DE PRESTACIONES DESENTRALIZADAS,5150710.96,6114758.80,.01,1856272.49,https://datos.jus.gob.ar/dataset/declaraciones-juradas-patrimoniales-integrales,sí · identidad confirmada
prov-caba-leg-modarelli-juan-pablo,Juan Pablo Modarelli,Legislaturas provinciales,Ciudad Autónoma de Buenos Aires,MODARELLI JUAN PABLO,3dc9b1036a7dc666,identidad_confirmada_cruce_oficial,2021,Anual,0,580437,LEGISLATURA DE LA CIUDAD AUTONOMA DE BUENOS AIRES,Diputado de la Ciudad Autonoma de Buenos Aires man,4876104.62,9060024.31,379382.41,2834646.09,https://datos.jus.gob.ar/dataset/declaraciones-juradas-patrimoniales-integrales,sí · identidad confirmada
prov-caba-leg-modarelli-juan-pablo,Juan Pablo Modarelli,Legislaturas provinciales,Ciudad Autónoma de Buenos Aires,MODARELLI JUAN PABLO,3dc9b1036a7dc666,identidad_confirmada_cruce_oficial,2022,Anual,1,669473,LEGISLATURA DE LA CIUDAD AUTONOMA DE BUENOS AIRES,Diputado de la Ciudad Autónoma de Buenos Aires,8955421.13,17079788.27,647442.17,7357200.23,https://datos.jus.gob.ar/dataset/declaraciones-juradas-patrimoniales-integrales,sí · identidad confirmada
prov-caba-leg-modarelli-juan-pablo,Juan Pablo Modarelli,Legislaturas provinciales,Ciudad Autónoma de Buenos Aires,MODARELLI JUAN PABLO,3dc9b1036a7dc666,identidad_confirmada_cruce_oficial,2023,Anual,0,733579,LEGISLATURA DE LA CIUDAD AUTONOMA DE BUENOS AIRES,Diputado de la Ciudad Autónoma de Buenos Aires,22365432.85,41057333.94,9635121.40,19793209.45,https://datos.jus.gob.ar/dataset/declaraciones-juradas-patrimoniales-integrales,sí · identidad confirmada
prov-caba-leg-negri-claudia,Claudia Negri,Legislaturas provinciales,Ciudad Autónoma de Buenos Aires,NEGRI CLAUDIA VIVIANA,42b28d41c2c20342,identidad_confirmada_cruce_oficial,2022,Anual,0,673096,UNIVERSIDAD DE BUENOS AIRES,VICEDECANA DE LA FACULTAD DE MEDICINA,202263580.05,0.00,80153556.75,11724768.57,https://datos.jus.gob.ar/dataset/declaraciones-juradas-patrimoniales-integrales,sí · identidad confirmada
prov-caba-leg-negri-claudia,Claudia Negri,Legislaturas provinciales,Ciudad Autónoma de Buenos Aires,NEGRI CLAUDIA VIVIANA,42b28d41c2c20342,identidad_confirmada_cruce_oficial,2023,Anual,0,718948,UNIVERSIDAD DE BUENOS AIRES,VICEDECANA DE LA FACULTAD DE MEDICINA,317786943.15,0.00,112025452.89,33476813.13,https://datos.jus.gob.ar/dataset/declaraciones-juradas-patrimoniales-integrales,sí · identidad confirmada
prov-caba-leg-negri-claudia,Claudia Negri,Legislaturas provinciales,Ciudad Autónoma de Buenos Aires,NEGRI CLAUDIA VIVIANA,42b28d41c2c20342,identidad_confirmada_cruce_oficial,2024,Anual,0,813503,UNIVERSIDAD DE BUENOS AIRES,VICEDECANA DE LA FACULTAD DE MEDICINA,604931489.29,0.00,123727261.16,90165594.48,https://datos.jus.gob.ar/dataset/declaraciones-juradas-patrimoniales-integrales,sí · identidad confirmada
prov-caba-leg-nieto-dario-hugo,Darío Hugo Nieto,Legislaturas provinciales,Ciudad Autónoma de Buenos Aires,NIETO DARIO HUGO,1d63d192c4f80004,identidad_confirmada_cruce_oficial,2017,Anual,0,342392,SECRETARIA GENERAL DE LA PRESIDENCIA DE LA NACION,COORDINADOR DE ASUNTOS PRESIDENCIALES,1815762.78,0.00,827700.00,1247582.89,https://datos.jus.gob.ar/dataset/declaraciones-juradas-patrimoniales-integrales,sí · identidad confirmada
prov-caba-leg-nieto-dario-hugo,Darío Hugo Nieto,Legislaturas provinciales,Ciudad Autónoma de Buenos Aires,NIETO DARIO HUGO,1d63d192c4f80004,identidad_confirmada_cruce_oficial,2018,Anual,0,371825,SECRETARIA GENERAL DE LA PRESIDENCIA DE LA NACION,SECRETARIA PRESIDENCIAL,4640519.62,2271948.71,2463630.00,1453158.41,https://datos.jus.gob.ar/dataset/declaraciones-juradas-patrimoniales-integrales,sí · identidad confirmada
prov-caba-leg-nieto-dario-hugo,Darío Hugo Nieto,Legislaturas provinciales,Ciudad Autónoma de Buenos Aires,NIETO DARIO HUGO,1d63d192c4f80004,identidad_confirmada_cruce_oficial,2019,Baja,0,421384,SECRETARIA GENERAL DE LA PRESIDENCIA DE LA NACION,SECRETARIA PRESIDENCIAL,5592284.09,2084083.69,2040000.00,1883577.56,https://datos.jus.gob.ar/dataset/declaraciones-juradas-patrimoniales-integrales,sí · identidad confirmada
prov-caba-leg-nieto-dario-hugo,Darío Hugo Nieto,Legislaturas provinciales,Ciudad Autónoma de Buenos Aires,NIETO DARIO HUGO,1d63d192c4f80004,identidad_confirmada_cruce_oficial,2021,Anual,0,595675,,LEGISLADOR,3839430.72,2397429.12,62521.05,338740.67,https://datos.jus.gob.ar/dataset/declaraciones-juradas-patrimoniales-integrales,sí · identidad confirmada
prov-caba-leg-nieto-dario-hugo,Darío Hugo Nieto,Legislaturas provinciales,Ciudad Autónoma de Buenos Aires,NIETO DARIO HUGO,1d63d192c4f80004,identidad_confirmada_cruce_oficial,2022,Anual,0,632354,LEGISLATURA DE LA CIUDAD AUTONOMA DE BUENOS AIRES,LEGISLADOR,9179100.36,2654254.62,3808893.96,7556387.29,https://datos.jus.gob.ar/dataset/declaraciones-juradas-patrimoniales-integrales,sí · identidad confirmada
prov-caba-leg-ocana-maria-graciela,María Graciela Ocaña,Legislaturas provinciales,Ciudad Autónoma de Buenos Aires,OCAÑA MARIA GRACIELA,be6c93b0ec23b94e,identidad_confirmada_cruce_oficial,2017,Anual,0,343440,,,4526698.07,665837.71,25023.70,1478527.18,https://datos.jus.gob.ar/dataset/declaraciones-juradas-patrimoniales-integrales,sí · identidad confirmada
prov-caba-leg-ocana-maria-graciela,María Graciela Ocaña,Legislaturas provinciales,Ciudad Autónoma de Buenos Aires,OCAÑA MARIA GRACIELA,be6c93b0ec23b94e,identidad_confirmada_cruce_oficial,2018,Anual,0,409620,,,6018132.86,411240.63,1536557.11,1874084.96,https://datos.jus.gob.ar/dataset/declaraciones-juradas-patrimoniales-integrales,sí · identidad confirmada
prov-caba-leg-ocana-maria-graciela,María Graciela Ocaña,Legislaturas provinciales,Ciudad Autónoma de Buenos Aires,OCAÑA MARIA GRACIELA,be6c93b0ec23b94e,identidad_confirmada_cruce_oficial,2019,Anual,0,473254,LEGISLATURA DE LA CIUDAD AUTONOMA DE BUENOS AIRES,Diputada Nacional,5881674.81,1875380.00,151998.10,2300628.59,https://datos.jus.gob.ar/dataset/declaraciones-juradas-patrimoniales-integrales,sí · identidad confirmada
prov-caba-leg-ocana-maria-graciela,María Graciela Ocaña,Legislaturas provinciales,Ciudad Autónoma de Buenos Aires,OCAÑA MARIA GRACIELA,be6c93b0ec23b94e,identidad_confirmada_cruce_oficial,2020,Anual,0,538180,HONORABLE CAMARA DE DIPUTADOS DE LA NACION,Diputada Nacional,9056781.41,216718.72,2130803.13,2500788.30,https://datos.jus.gob.ar/dataset/declaraciones-juradas-patrimoniales-integrales,sí · identidad confirmada
prov-caba-leg-ocana-maria-graciela,María Graciela Ocaña,Legislaturas provinciales,Ciudad Autónoma de Buenos Aires,OCAÑA MARIA GRACIELA,be6c93b0ec23b94e,identidad_confirmada_cruce_oficial,2021,Anual,0,602150,,,12065934.29,1715000.00,2369547.65,3086273.34,https://datos.jus.gob.ar/dataset/declaraciones-juradas-patrimoniales-integrales,sí · identidad confirmada
prov-caba-leg-ocana-maria-graciela,María Graciela Ocaña,Legislaturas provinciales,Ciudad Autónoma de Buenos Aires,OCAÑA MARIA GRACIELA,be6c93b0ec23b94e,identidad_confirmada_cruce_oficial,2022,Anual,0,669640,LEGISLATURA DE LA CIUDAD AUTONOMA DE BUENOS AIRES,Diputada Nacional,22182419.19,1715000.00,9532268.84,5523534.82,https://datos.jus.gob.ar/dataset/declaraciones-juradas-patrimoniales-integrales,sí · identidad confirmada
prov-caba-leg-ocana-maria-graciela,María Graciela Ocaña,Legislaturas provinciales,Ciudad Autónoma de Buenos Aires,OCAÑA MARIA GRACIELA,be6c93b0ec23b94e,identidad_confirmada_cruce_oficial,2024,Anual,0,826114,,Senadora Nacional,171298701.48,1071600000.00,8626207.38,57957699.75,https://datos.jus.gob.ar/dataset/declaraciones-juradas-patrimoniales-integrales,sí · identidad confirmada
prov-caba-leg-pakgojz-nicolas,Nicolás Pakgojz,Legislaturas provinciales,Ciudad Autónoma de Buenos Aires,PAKGOJZ NICOLAS ALBERTO,ac0f18794430fe9b,identidad_confirmada_cruce_oficial,2023,Anual,2,750641,AGENCIA DE ADMINISTRACION DE BIENES DEL ESTADO,PRESIDENTE DE LA AGENCIA DE BIENES DEL ESTADO,68543713.49,0.00,0.00,18102390.12,https://datos.jus.gob.ar/dataset/declaraciones-juradas-patrimoniales-integrales,sí · identidad confirmada
prov-caba-leg-pakgojz-nicolas,Nicolás Pakgojz,Legislaturas provinciales,Ciudad Autónoma de Buenos Aires,PAKGOJZ NICOLAS ALBERTO,ac0f18794430fe9b,identidad_confirmada_cruce_oficial,2024,Anual,0,812478,AGENCIA DE ADMINISTRACION DE BIENES DEL ESTADO,PRESIDENTE DE LA AGENCIA DEL ESTADO,362835187.65,0.00,253554815.97,38406961.77,https://datos.jus.gob.ar/dataset/declaraciones-juradas-patrimoniales-integrales,sí · identidad confirmada
prov-caba-leg-pelayo-solana,Solana Pelayo,Legislaturas provinciales,Ciudad Autónoma de Buenos Aires,PELAYO SOLANA AGUSTINA,f88f6239f26a5720,identidad_confirmada_cruce_oficial,2024,Anual,0,807679,BANCO DE LA NACION ARGENTINA,Directora,27794030.72,0.00,4739509.55,51117868.11,https://datos.jus.gob.ar/dataset/declaraciones-juradas-patrimoniales-integrales,sí · identidad confirmada
prov-caba-leg-rossen-barbara,Bárbara Rossen,Legislaturas provinciales,Ciudad Autónoma de Buenos Aires,ROSSEN BARBARA LAURA,0e0473845f46eb3f,identidad_confirmada_cruce_oficial,2017,Anual,2,275627,MINISTERIO DE EDUCACION,Directora General de Infraestructura,9463559.78,0.00,758101.38,990327.80,https://datos.jus.gob.ar/dataset/declaraciones-juradas-patrimoniales-integrales,sí · identidad confirmada
prov-caba-leg-rossen-barbara,Bárbara Rossen,Legislaturas provinciales,Ciudad Autónoma de Buenos Aires,ROSSEN BARBARA LAURA,0e0473845f46eb3f,identidad_confirmada_cruce_oficial,2018,Baja,0,351346,MINISTERIO DE EDUCACION,Directora General de Infraestructura,11700619.37,0.00,1596316.75,841903.96,https://datos.jus.gob.ar/dataset/declaraciones-juradas-patrimoniales-integrales,sí · identidad confirmada
prov-caba-leg-santoro-leandro,Leandro Santoro,Legislaturas provinciales,Ciudad Autónoma de Buenos Aires,SANTORO LEANDRO JORGE,a165306a56f37e28,identidad_confirmada_cruce_oficial,2017,Anual,0,280331,,LEGISLADOR,8061660.00,0.00,0.00,497128.17,https://datos.jus.gob.ar/dataset/declaraciones-juradas-patrimoniales-integrales,sí · identidad confirmada
prov-caba-leg-santoro-leandro,Leandro Santoro,Legislaturas provinciales,Ciudad Autónoma de Buenos Aires,SANTORO LEANDRO JORGE,a165306a56f37e28,identidad_confirmada_cruce_oficial,2018,Anual,0,400338,,LEGISLADOR,1698992.06,0.00,92270.33,1871406.50,https://datos.jus.gob.ar/dataset/declaraciones-juradas-patrimoniales-integrales,sí · identidad confirmada
prov-caba-leg-santoro-leandro,Leandro Santoro,Legislaturas provinciales,Ciudad Autónoma de Buenos Aires,SANTORO LEANDRO JORGE,a165306a56f37e28,identidad_confirmada_cruce_oficial,2019,Anual,0,434568,,LEGISLADOR,3356201.06,0.00,375163.59,2032372.59,https://datos.jus.gob.ar/dataset/declaraciones-juradas-patrimoniales-integrales,sí · identidad confirmada
prov-caba-leg-santoro-leandro,Leandro Santoro,Legislaturas provinciales,Ciudad Autónoma de Buenos Aires,SANTORO LEANDRO JORGE,a165306a56f37e28,identidad_confirmada_cruce_oficial,2020,Anual,0,497102,,LEGISLADOR,6019448.05,0.00,1063300.00,2588115.30,https://datos.jus.gob.ar/dataset/declaraciones-juradas-patrimoniales-integrales,sí · identidad confirmada
prov-caba-leg-santoro-leandro,Leandro Santoro,Legislaturas provinciales,Ciudad Autónoma de Buenos Aires,SANTORO LEANDRO JORGE,a165306a56f37e28,identidad_confirmada_cruce_oficial,2021,Anual,0,566051,,LEGISLADOR,12480083.20,0.00,6225705.49,4739253.88,https://datos.jus.gob.ar/dataset/declaraciones-juradas-patrimoniales-integrales,sí · identidad confirmada
prov-caba-leg-santoro-leandro,Leandro Santoro,Legislaturas provinciales,Ciudad Autónoma de Buenos Aires,SANTORO LEANDRO JORGE,a165306a56f37e28,identidad_confirmada_cruce_oficial,2022,Anual,1,670315,,LEGISLADOR,23788770.44,0.00,11308687.24,5357113.69,https://datos.jus.gob.ar/dataset/declaraciones-juradas-patrimoniales-integrales,sí · identidad confirmada
prov-caba-leg-santoro-leandro,Leandro Santoro,Legislaturas provinciales,Ciudad Autónoma de Buenos Aires,SANTORO LEANDRO JORGE,a165306a56f37e28,identidad_confirmada_cruce_oficial,2023,Anual,0,722022,,LEGISLADOR,37974570.17,0.00,12090262.12,14324325.52,https://datos.jus.gob.ar/dataset/declaraciones-juradas-patrimoniales-integrales,sí · identidad confirmada
prov-caba-leg-santoro-leandro,Leandro Santoro,Legislaturas provinciales,Ciudad Autónoma de Buenos Aires,SANTORO LEANDRO JORGE,a165306a56f37e28,identidad_confirmada_cruce_oficial,2024,Anual,0,794006,,LEGISLADOR,86075365.55,0.00,46780041.87,34945636.27,https://datos.jus.gob.ar/dataset/declaraciones-juradas-patrimoniales-integrales,sí · identidad confirmada
prov-caba-leg-suarez-guillermo,Guillermo Suárez,Legislaturas provinciales,Ciudad Autónoma de Buenos Aires,SUAREZ GUILLERMO MANUEL,dd8447854a5150ec,identidad_confirmada_cruce_oficial,2020,Inicial,1,496482,GENDARMERIA NACIONAL,INTEGRANTE DE SECCION LOGISTICA,1446808.60,0.00,0.00,0.00,https://datos.jus.gob.ar/dataset/declaraciones-juradas-patrimoniales-integrales,sí · identidad confirmada
prov-caba-leg-tagliaferri-guadalupe,Guadalupe Tagliaferri,Legislaturas provinciales,Ciudad Autónoma de Buenos Aires,TAGLIAFERRI GUADALUPE,23549ee8136c50ae,identidad_confirmada_cruce_oficial,2018,Anual,0,413549,,SENADORA NACIONAL,4889741.93,147228.95,1869198.30,2101819.65,https://datos.jus.gob.ar/dataset/declaraciones-juradas-patrimoniales-integrales,sí · identidad confirmada
prov-caba-leg-tagliaferri-guadalupe,Guadalupe Tagliaferri,Legislaturas provinciales,Ciudad Autónoma de Buenos Aires,TAGLIAFERRI GUADALUPE,23549ee8136c50ae,identidad_confirmada_cruce_oficial,2019,Anual,0,461118,HONORABLE SENADO DE LA NACION,SENADORA NACIONAL,16693952.53,4023549.72,1472092.43,2864482.65,https://datos.jus.gob.ar/dataset/declaraciones-juradas-patrimoniales-integrales,sí · identidad confirmada
prov-caba-leg-tagliaferri-guadalupe,Guadalupe Tagliaferri,Legislaturas provinciales,Ciudad Autónoma de Buenos Aires,TAGLIAFERRI GUADALUPE,23549ee8136c50ae,identidad_confirmada_cruce_oficial,2020,Anual,0,529777,HONORABLE SENADO DE LA NACION,SENADORA NACIONAL,18561461.32,5094109.91,1801386.17,2666915.08,https://datos.jus.gob.ar/dataset/declaraciones-juradas-patrimoniales-integrales,sí · identidad confirmada
prov-caba-leg-tagliaferri-guadalupe,Guadalupe Tagliaferri,Legislaturas provinciales,Ciudad Autónoma de Buenos Aires,TAGLIAFERRI GUADALUPE,23549ee8136c50ae,identidad_confirmada_cruce_oficial,2021,Anual,0,588630,HONORABLE SENADO DE LA NACION,SENADORA NACIONAL,20211998.60,7080119.23,1222848.24,3181697.07,https://datos.jus.gob.ar/dataset/declaraciones-juradas-patrimoniales-integrales,sí · identidad confirmada
prov-caba-leg-tagliaferri-guadalupe,Guadalupe Tagliaferri,Legislaturas provinciales,Ciudad Autónoma de Buenos Aires,TAGLIAFERRI GUADALUPE,23549ee8136c50ae,identidad_confirmada_cruce_oficial,2022,Anual,0,652060,HONORABLE SENADO DE LA NACION,SENADORA NACIONAL,27688734.04,12447846.99,6333561.30,5109707.19,https://datos.jus.gob.ar/dataset/declaraciones-juradas-patrimoniales-integrales,sí · identidad confirmada
prov-caba-leg-tagliaferri-guadalupe,Guadalupe Tagliaferri,Legislaturas provinciales,Ciudad Autónoma de Buenos Aires,TAGLIAFERRI GUADALUPE,23549ee8136c50ae,identidad_confirmada_cruce_oficial,2023,Anual,0,738210,,SENADORA NACIONAL,116363852.05,22747846.99,10862253.53,11907578.15,https://datos.jus.gob.ar/dataset/declaraciones-juradas-patrimoniales-integrales,sí · identidad confirmada
prov-caba-leg-tagliaferri-guadalupe,Guadalupe Tagliaferri,Legislaturas provinciales,Ciudad Autónoma de Buenos Aires,TAGLIAFERRI GUADALUPE,23549ee8136c50ae,identidad_confirmada_cruce_oficial,2024,Anual,0,800337,,SENADOR NACIONAL,253663185.39,76407846.99,56884373.95,55474113.59,https://datos.jus.gob.ar/dataset/declaraciones-juradas-patrimoniales-integrales,sí · identidad confirmada
prov-caba-leg-vartabedian-diego,Diego Vartabedian,Legislaturas provinciales,Ciudad Autónoma de Buenos Aires,VARTABEDIAN DIEGO MANUEL,3723a2c96328ce7a,identidad_confirmada_cruce_oficial,2024,Anual,0,803991,SECRETARIA GENERAL DE LA PRESIDENCIA DE LA NACION,DIRECTOR NACIONAL DE RELACIONES INSTITUCIONALES,43720823.97,0.00,9359704.01,34378742.22,https://datos.jus.gob.ar/dataset/declaraciones-juradas-patrimoniales-integrales,sí · identidad confirmada
prov-caba-leg-wolff-waldo,Waldo Wolff,Legislaturas provinciales,Ciudad Autónoma de Buenos Aires,WOLFF WALDO EZEQUIEL,a4fb1e639919b308,identidad_confirmada_cruce_oficial,2017,Anual,0,318764,,,5559062.29,193035.66,0.00,2946355.20,https://datos.jus.gob.ar/dataset/declaraciones-juradas-patrimoniales-integrales,sí · identidad confirmada
prov-caba-leg-wolff-waldo,Waldo Wolff,Legislaturas provinciales,Ciudad Autónoma de Buenos Aires,WOLFF WALDO EZEQUIEL,a4fb1e639919b308,identidad_confirmada_cruce_oficial,2018,Anual,0,388911,HONORABLE CAMARA DE DIPUTADOS DE LA NACION,DIPUTADO NACIONAL,6231507.15,1448490.00,0.00,4142756.56,https://datos.jus.gob.ar/dataset/declaraciones-juradas-patrimoniales-integrales,sí · identidad confirmada
prov-caba-leg-wolff-waldo,Waldo Wolff,Legislaturas provinciales,Ciudad Autónoma de Buenos Aires,WOLFF WALDO EZEQUIEL,a4fb1e639919b308,identidad_confirmada_cruce_oficial,2019,Anual,0,451365,HONORABLE CAMARA DE DIPUTADOS DE LA NACION,DIPUTADO NACIONAL,10101109.13,9320160.00,0.00,4747578.92,https://datos.jus.gob.ar/dataset/declaraciones-juradas-patrimoniales-integrales,sí · identidad confirmada
prov-caba-leg-wolff-waldo,Waldo Wolff,Legislaturas provinciales,Ciudad Autónoma de Buenos Aires,WOLFF WALDO EZEQUIEL,a4fb1e639919b308,identidad_confirmada_cruce_oficial,2020,Anual,0,523500,HONORABLE CAMARA DE DIPUTADOS DE LA NACION,DIPUTADO NACIONAL,15750542.48,9269280.00,0.00,5547780.95,https://datos.jus.gob.ar/dataset/declaraciones-juradas-patrimoniales-integrales,sí · identidad confirmada
prov-caba-leg-wolff-waldo,Waldo Wolff,Legislaturas provinciales,Ciudad Autónoma de Buenos Aires,WOLFF WALDO EZEQUIEL,a4fb1e639919b308,identidad_confirmada_cruce_oficial,2021,Anual,0,581520,HONORABLE CAMARA DE DIPUTADOS DE LA NACION,DIPUTADO NACIONAL,20686960.25,1477950.00,0.00,5631948.35,https://datos.jus.gob.ar/dataset/declaraciones-juradas-patrimoniales-integrales,sí · identidad confirmada
prov-cba-leg-martoccia-viviana-raquel,Viviana Raquel Martoccia,Legislaturas provinciales,Córdoba,MARTOCCIA VIVIANA RAQUEL DEL VALLE,ff5dd5d35838b028,identidad_confirmada_cruce_oficial,2017,Anual,0,275675,ADMINISTRACION NACIONAL DE LA SEGURIDAD SOCIAL ANS,GERENTE DE UDAI,0.00,0.00,0.00,6893170.00,https://datos.jus.gob.ar/dataset/declaraciones-juradas-patrimoniales-integrales,sí · identidad confirmada
prov-cba-leg-martoccia-viviana-raquel,Viviana Raquel Martoccia,Legislaturas provinciales,Córdoba,MARTOCCIA VIVIANA RAQUEL DEL VALLE,ff5dd5d35838b028,identidad_confirmada_cruce_oficial,2018,Anual,0,398730,ADMINISTRACION NACIONAL DE LA SEGURIDAD SOCIAL ANS,GERENTE DE UDAI,0.00,0.00,0.00,1101271.87,https://datos.jus.gob.ar/dataset/declaraciones-juradas-patrimoniales-integrales,sí · identidad confirmada
prov-cba-leg-martoccia-viviana-raquel,Viviana Raquel Martoccia,Legislaturas provinciales,Córdoba,MARTOCCIA VIVIANA RAQUEL DEL VALLE,ff5dd5d35838b028,identidad_confirmada_cruce_oficial,2019,Anual,1,425016,ADMINISTRACION NACIONAL DE LA SEGURIDAD SOCIAL ANS,GERENTE DE UDAI,0.00,0.00,0.00,1479010.20,https://datos.jus.gob.ar/dataset/declaraciones-juradas-patrimoniales-integrales,sí · identidad confirmada
prov-cba-leg-martoccia-viviana-raquel,Viviana Raquel Martoccia,Legislaturas provinciales,Córdoba,MARTOCCIA VIVIANA RAQUEL DEL VALLE,ff5dd5d35838b028,identidad_confirmada_cruce_oficial,2020,Baja,0,425017,ADMINISTRACION NACIONAL DE LA SEGURIDAD SOCIAL ANS,GERENTE DE UDAI,0.00,0.00,192774.73,192774.73,https://datos.jus.gob.ar/dataset/declaraciones-juradas-patrimoniales-integrales,sí · identidad confirmada
prov-cba-leg-tevez-gustavo-alejandro,Gustavo Alejandro Tevéz,Legislaturas provinciales,Córdoba,TEVEZ GUSTAVO ALEJANDRO,7e912ebe5a85aa60,identidad_confirmada_cruce_oficial,2018,Anual,0,415089,,DIPUTADO NACIONAL,1899291.95,91393.25,147925.86,517274.94,https://datos.jus.gob.ar/dataset/declaraciones-juradas-patrimoniales-integrales,sí · identidad confirmada
prov-cba-leg-austin-brenda-lis,Brenda Lís Austin,Legislaturas provinciales,Córdoba,AUSTIN BRENDA LIS,b479ad3535901a13,identidad_confirmada_cruce_oficial,2017,Anual,0,327997,HONORABLE CAMARA DE DIPUTADOS DE LA NACION,DIPUTADA NACIONAL,804660.45,48117.50,22700.00,1411251.75,https://datos.jus.gob.ar/dataset/declaraciones-juradas-patrimoniales-integrales,sí · identidad confirmada
prov-cba-leg-austin-brenda-lis,Brenda Lís Austin,Legislaturas provinciales,Córdoba,AUSTIN BRENDA LIS,b479ad3535901a13,identidad_confirmada_cruce_oficial,2018,Anual,0,389886,HONORABLE CAMARA DE DIPUTADOS DE LA NACION,DIPUTADA NACIONAL,1168818.46,10231.70,40076.05,1730401.87,https://datos.jus.gob.ar/dataset/declaraciones-juradas-patrimoniales-integrales,sí · identidad confirmada
prov-cba-leg-austin-brenda-lis,Brenda Lís Austin,Legislaturas provinciales,Córdoba,AUSTIN BRENDA LIS,b479ad3535901a13,identidad_confirmada_cruce_oficial,2019,Anual,0,463443,HONORABLE CAMARA DE DIPUTADOS DE LA NACION,DIPUTADA NACIONAL,1641083.15,0.00,304433.57,2312619.31,https://datos.jus.gob.ar/dataset/declaraciones-juradas-patrimoniales-integrales,sí · identidad confirmada
prov-cba-leg-austin-brenda-lis,Brenda Lís Austin,Legislaturas provinciales,Córdoba,AUSTIN BRENDA LIS,b479ad3535901a13,identidad_confirmada_cruce_oficial,2020,Anual,0,526993,HONORABLE CAMARA DE DIPUTADOS DE LA NACION,DIPUTADA NACIONAL,2138115.27,0.00,376001.45,2468025.13,https://datos.jus.gob.ar/dataset/declaraciones-juradas-patrimoniales-integrales,sí · identidad confirmada
prov-cba-leg-austin-brenda-lis,Brenda Lís Austin,Legislaturas provinciales,Córdoba,AUSTIN BRENDA LIS,b479ad3535901a13,identidad_confirmada_cruce_oficial,2021,Baja,0,545112,HONORABLE CAMARA DE DIPUTADOS DE LA NACION,DIPUTADA NACIONAL,2859920.04,0.00,88600.50,3850165.63,https://datos.jus.gob.ar/dataset/declaraciones-juradas-patrimoniales-integrales,sí · identidad confirmada
prov-cba-leg-austin-brenda-lis,Brenda Lís Austin,Legislaturas provinciales,Córdoba,AUSTIN BRENDA LIS,b479ad3535901a13,identidad_confirmada_cruce_oficial,2023,Inicial,1,688355,LEGISLATURA DE LA PROVINCIA DE CORDOBA,Legisladora Provincial de Córdoba,48475308.07,0.00,0.00,0.00,https://datos.jus.gob.ar/dataset/declaraciones-juradas-patrimoniales-integrales,sí · identidad confirmada
prov-cba-leg-gvozdenovich-matias-pablo,Matías Pablo Gvozdenovich,Legislaturas provinciales,Córdoba,GVOZDENOVICH MATIAS PABLO,be8602521e25d488,identidad_confirmada_cruce_oficial,2018,Anual,0,411828,MUNICIPALIDAD DE ARIAS,INTENDENTE MUNICIPAL,1169436.84,765000.00,0.00,831026.22,https://datos.jus.gob.ar/dataset/declaraciones-juradas-patrimoniales-integrales,sí · identidad confirmada
prov-cba-leg-agost-carreno-oscar,Oscar Agost Carreño,Legislaturas provinciales,Córdoba,AGOST CARREÑO OSCAR,e647135e3c8a3d17,identidad_confirmada_cruce_oficial,2017,Anual,1,328149,MINISTERIO DE JUSTICIA Y DERECHOS HUMANOS,SUB DIRECTOR REGISTRO DE LA PROPIEDAD AUTOMOTOR,3142070.59,1088324.50,77829.62,694901.50,https://datos.jus.gob.ar/dataset/declaraciones-juradas-patrimoniales-integrales,sí · identidad confirmada
prov-cba-leg-agost-carreno-oscar,Oscar Agost Carreño,Legislaturas provinciales,Córdoba,AGOST CARREÑO OSCAR,e647135e3c8a3d17,identidad_confirmada_cruce_oficial,2018,Anual,0,367335,MINISTERIO DE JUSTICIA Y DERECHOS HUMANOS,SUB DIRECTOR REGISTRO DE LA PROPIEDAD AUTOMOTOR,4827880.19,1671756.01,209699.86,913820.88,https://datos.jus.gob.ar/dataset/declaraciones-juradas-patrimoniales-integrales,sí · identidad confirmada
prov-cba-leg-agost-carreno-oscar,Oscar Agost Carreño,Legislaturas provinciales,Córdoba,AGOST CARREÑO OSCAR,e647135e3c8a3d17,identidad_confirmada_cruce_oficial,2019,Baja,0,418766,MINISTERIO DE JUSTICIA Y DERECHOS HUMANOS,SUB DIRECTOR REGISTRO DE LA PROPIEDAD AUTOMOTOR,5623053.29,1361167.57,358682.23,1169161.27,https://datos.jus.gob.ar/dataset/declaraciones-juradas-patrimoniales-integrales,sí · identidad confirmada
prov-cba-leg-agost-carreno-oscar,Oscar Agost Carreño,Legislaturas provinciales,Córdoba,AGOST CARREÑO OSCAR,e647135e3c8a3d17,identidad_confirmada_cruce_oficial,2021,Inicial,0,541780,,CANDIDATO A DIPUTADO NACIONAL,6057394.28,0.00,0.00,0.00,https://datos.jus.gob.ar/dataset/declaraciones-juradas-patrimoniales-integrales,sí · identidad confirmada
prov-cba-leg-agost-carreno-oscar,Oscar Agost Carreño,Legislaturas provinciales,Córdoba,AGOST CARREÑO OSCAR,e647135e3c8a3d17,identidad_confirmada_cruce_oficial,2023,Anual,0,708712,,,76472330.34,451055.17,35663525.35,7639313.15,https://datos.jus.gob.ar/dataset/declaraciones-juradas-patrimoniales-integrales,sí · identidad confirmada
prov-cba-leg-agost-carreno-oscar,Oscar Agost Carreño,Legislaturas provinciales,Córdoba,AGOST CARREÑO OSCAR,e647135e3c8a3d17,identidad_confirmada_cruce_oficial,2024,Anual,0,770686,,,187109140.29,535724.08,39886085.22,48966165.65,https://datos.jus.gob.ar/dataset/declaraciones-juradas-patrimoniales-integrales,sí · identidad confirmada
prov-cba-leg-grosso-gerardo-jose,Gerardo José Grosso,Legislaturas provinciales,Córdoba,GROSSO GERARDO JOSE,807be3d1a93bbfb9,identidad_confirmada_cruce_oficial,2018,Anual,0,414202,,DIPUTADO NACIONAL,0.00,0.00,0.00,5100000.00,https://datos.jus.gob.ar/dataset/declaraciones-juradas-patrimoniales-integrales,sí · identidad confirmada
prov-cba-leg-grosso-gerardo-jose,Gerardo José Grosso,Legislaturas provinciales,Córdoba,GROSSO GERARDO JOSE,807be3d1a93bbfb9,identidad_confirmada_cruce_oficial,2020,Anual,0,541030,,DIPUTADO NACIONAL,0.00,0.00,0.00,4500000.00,https://datos.jus.gob.ar/dataset/declaraciones-juradas-patrimoniales-integrales,sí · identidad confirmada
prov-cba-leg-echevarria-luciana,Luciana Echevarría,Legislaturas provinciales,Córdoba,ECHEVARRIA LUCIANA GABRIELA,87b3930b6a73844b,identidad_confirmada_cruce_oficial,2017,Inicial,0,257079,,Diputado Nacional Titular,594845.38,0.00,0.00,0.00,https://datos.jus.gob.ar/dataset/declaraciones-juradas-patrimoniales-integrales,sí · identidad confirmada
prov-cba-leg-echevarria-luciana,Luciana Echevarría,Legislaturas provinciales,Córdoba,ECHEVARRIA LUCIANA GABRIELA,87b3930b6a73844b,identidad_confirmada_cruce_oficial,2020,Anual,0,540921,,Diputada Nacional,14424937.09,233285.30,0.00,1613309.39,https://datos.jus.gob.ar/dataset/declaraciones-juradas-patrimoniales-integrales,sí · identidad confirmada
prov-sf-dip-agosto-walter,Walter AGOSTO,Legislaturas provinciales,Santa Fe,AGOSTO WALTER ALFREDO,d20b071f262b13fb,identidad_confirmada_cruce_oficial,2018,Anual,0,382948,HONORABLE SENADO DE LA NACION,DIRECTOR DE ANALISIS PRESUPUESTARIO - O.P.C.,3264079.10,80533.19,998990.32,2017022.04,https://datos.jus.gob.ar/dataset/declaraciones-juradas-patrimoniales-integrales,sí · identidad confirmada
prov-sf-dip-agosto-walter,Walter AGOSTO,Legislaturas provinciales,Santa Fe,AGOSTO WALTER ALFREDO,d20b071f262b13fb,identidad_confirmada_cruce_oficial,2019,Baja,0,424308,HONORABLE SENADO DE LA NACION,DIRECTOR DE ANALISIS PRESUPUESTARIO - OPC,5825835.42,3010000.00,274052.30,3013363.29,https://datos.jus.gob.ar/dataset/declaraciones-juradas-patrimoniales-integrales,sí · identidad confirmada
prov-sf-dip-arena-celia,Celia ARENA,Legislaturas provinciales,Santa Fe,ARENA CELIA ISABEL,b2c6b193cab5c0ac,identidad_confirmada_cruce_oficial,2017,Anual,0,337544,HONORABLE SENADO DE LA NACION,ASESORA EN EUROLAT PARLAM.LATINOAM Y CARIBE,3834082.20,0.00,251559.16,535701.33,https://datos.jus.gob.ar/dataset/declaraciones-juradas-patrimoniales-integrales,sí · identidad confirmada
prov-sf-dip-arganaraz-juan-domingo,Juan Domingo ARGAÑARÁZ,Legislaturas provinciales,Santa Fe,ARGAÑARAZ JUAN DOMINGO,dc8e19d2c23b276b,identidad_confirmada_cruce_oficial,2020,Anual,1,540297,,SENADOR NACIONAL,2841752.70,108580.59,0.00,2854033.97,https://datos.jus.gob.ar/dataset/declaraciones-juradas-patrimoniales-integrales,sí · identidad confirmada
prov-sf-dip-bermudez-ariel,Ariel BERMÚDEZ,Legislaturas provinciales,Santa Fe,BERMUDEZ ARIEL EDUARDO,5b757dd2e0fc1281,identidad_confirmada_cruce_oficial,2017,Anual,0,325855,SUPERINTENDENCIA DE RIESGOS DEL TRABAJO,MEDICO CO-TITULAR,654626.69,0.00,63175.78,186200.87,https://datos.jus.gob.ar/dataset/declaraciones-juradas-patrimoniales-integrales,sí · identidad confirmada
prov-sf-dip-bermudez-ariel,Ariel BERMÚDEZ,Legislaturas provinciales,Santa Fe,BERMUDEZ ARIEL EDUARDO,5b757dd2e0fc1281,identidad_confirmada_cruce_oficial,2018,Baja,0,264876,SUPERINTENDENCIA DE RIESGOS DEL TRABAJO,medico co-titular de comisiones medicas,768134.13,0.00,0.00,98533.10,https://datos.jus.gob.ar/dataset/declaraciones-juradas-patrimoniales-integrales,sí · identidad confirmada
prov-sf-dip-castellani-maria-fernanda,María Fernanda CASTELLANI,Legislaturas provinciales,Santa Fe,CASTELLANI MARIA FERNANDA,bcd047a2eed7f706,identidad_confirmada_cruce_oficial,2020,Anual,0,539377,SANTA ANGELINA S A,DIPUTADO NACIONAL,50543480.27,402180.86,0.00,810246.52,https://datos.jus.gob.ar/dataset/declaraciones-juradas-patrimoniales-integrales,sí · identidad confirmada
prov-sf-dip-corral-jose,José CORRAL,Legislaturas provinciales,Santa Fe,CORRAL JOSE MANUEL,1a6a9f67d406e8d2,identidad_confirmada_cruce_oficial,2021,Anual,0,584270,ENTE NACIONAL DE COMUNICACIONES,Directorio,5247322.21,123143.97,639148.19,2787249.19,https://datos.jus.gob.ar/dataset/declaraciones-juradas-patrimoniales-integrales,sí · identidad confirmada
prov-sf-dip-corral-jose,José CORRAL,Legislaturas provinciales,Santa Fe,CORRAL JOSE MANUEL,1a6a9f67d406e8d2,identidad_confirmada_cruce_oficial,2022,Anual,0,650232,ENTE NACIONAL DE COMUNICACIONES,Directorio,15564131.82,4865933.45,20708673.19,10420847.01,https://datos.jus.gob.ar/dataset/declaraciones-juradas-patrimoniales-integrales,sí · identidad confirmada
prov-sf-dip-corral-jose,José CORRAL,Legislaturas provinciales,Santa Fe,CORRAL JOSE MANUEL,1a6a9f67d406e8d2,identidad_confirmada_cruce_oficial,2023,Baja,0,689529,ENTE NACIONAL DE COMUNICACIONES,Directorio,32197310.20,8735980.67,197921.07,29960920.16,https://datos.jus.gob.ar/dataset/declaraciones-juradas-patrimoniales-integrales,sí · identidad confirmada
prov-sf-dip-de-ponti-lucila,Lucila DE PONTI,Legislaturas provinciales,Santa Fe,DE PONTI LUCILA MARIA,9bfbc9ac5b186878,identidad_confirmada_cruce_oficial,2017,Anual,0,277142,HONORABLE CAMARA DE DIPUTADOS DE LA NACION,DIPUTADA DE LA NACION,441185.64,0.00,74129.56,1443905.20,https://datos.jus.gob.ar/dataset/declaraciones-juradas-patrimoniales-integrales,sí · identidad confirmada
prov-sf-dip-de-ponti-lucila,Lucila DE PONTI,Legislaturas provinciales,Santa Fe,DE PONTI LUCILA MARIA,9bfbc9ac5b186878,identidad_confirmada_cruce_oficial,2018,Anual,0,376885,HONORABLE CAMARA DE DIPUTADOS DE LA NACION,DIPUTADA DE LA NACION,723908.93,0.00,60818.88,1823603.10,https://datos.jus.gob.ar/dataset/declaraciones-juradas-patrimoniales-integrales,sí · identidad confirmada
prov-sf-dip-de-ponti-lucila,Lucila DE PONTI,Legislaturas provinciales,Santa Fe,DE PONTI LUCILA MARIA,9bfbc9ac5b186878,identidad_confirmada_cruce_oficial,2019,Baja,0,468694,,DIPUTADA NACIONAL,757558.46,0.00,2776257.33,2809906.86,https://datos.jus.gob.ar/dataset/declaraciones-juradas-patrimoniales-integrales,sí · identidad confirmada
prov-sf-dip-de-ponti-lucila,Lucila DE PONTI,Legislaturas provinciales,Santa Fe,DE PONTI LUCILA MARIA,9bfbc9ac5b186878,identidad_confirmada_cruce_oficial,2020,Anual,0,516245,CAMARA DE DIPUTADOS DE LA PROVINCIA DE SANTA FE,DIPUTADA PROVINCIAL SANTA FE,1811204.85,510408.69,302625.76,2633920.59,https://datos.jus.gob.ar/dataset/declaraciones-juradas-patrimoniales-integrales,sí · identidad confirmada
prov-sf-dip-garcia-clara-rut,Clara Rut GARCÍA,Legislaturas provinciales,Santa Fe,GARCIA CLARA RUT,b539fd42491a110f,identidad_confirmada_cruce_oficial,2020,Anual,1,540770,,SENADORA NACIONAL,7860580.39,0.00,0.00,3058775.34,https://datos.jus.gob.ar/dataset/declaraciones-juradas-patrimoniales-integrales,sí · identidad confirmada
prov-sf-dip-garcia-ximena,Ximena GARCÍA,Legislaturas provinciales,Santa Fe,GARCIA XIMENA,73ec77db2236cdee,identidad_confirmada_cruce_oficial,2018,Anual,0,414045,,Diputada Nacional,136647.71,4636.86,0.00,449876.16,https://datos.jus.gob.ar/dataset/declaraciones-juradas-patrimoniales-integrales,sí · identidad confirmada
prov-sf-dip-garcia-ximena,Ximena GARCÍA,Legislaturas provinciales,Santa Fe,GARCIA XIMENA,73ec77db2236cdee,identidad_confirmada_cruce_oficial,2019,Anual,0,443844,HONORABLE CAMARA DE DIPUTADOS DE LA NACION,DIPUTADA NACIONAL,429570.72,7172.05,0.00,708224.64,https://datos.jus.gob.ar/dataset/declaraciones-juradas-patrimoniales-integrales,sí · identidad confirmada
prov-sf-dip-garcia-ximena,Ximena GARCÍA,Legislaturas provinciales,Santa Fe,GARCIA XIMENA,73ec77db2236cdee,identidad_confirmada_cruce_oficial,2020,Anual,0,519849,HONORABLE CAMARA DE DIPUTADOS DE LA NACION,DIPUTADA NACIONAL,487697.30,74662.49,19598.04,2524104.13,https://datos.jus.gob.ar/dataset/declaraciones-juradas-patrimoniales-integrales,sí · identidad confirmada
prov-sf-dip-garcia-ximena,Ximena GARCÍA,Legislaturas provinciales,Santa Fe,GARCIA XIMENA,73ec77db2236cdee,identidad_confirmada_cruce_oficial,2021,Anual,0,578012,HONORABLE CAMARA DE DIPUTADOS DE LA NACION,DIPUTADA NACIONAL,400407.42,108967.78,0.00,3172437.29,https://datos.jus.gob.ar/dataset/declaraciones-juradas-patrimoniales-integrales,sí · identidad confirmada
prov-sf-dip-garcia-ximena,Ximena GARCÍA,Legislaturas provinciales,Santa Fe,GARCIA XIMENA,73ec77db2236cdee,identidad_confirmada_cruce_oficial,2022,Anual,0,631287,HONORABLE CAMARA DE DIPUTADOS DE LA NACION,DIPUTADA NACIONAL,1336928.91,301899.80,0.00,7250106.56,https://datos.jus.gob.ar/dataset/declaraciones-juradas-patrimoniales-integrales,sí · identidad confirmada
prov-sf-dip-garcia-ximena,Ximena GARCÍA,Legislaturas provinciales,Santa Fe,GARCIA XIMENA,73ec77db2236cdee,identidad_confirmada_cruce_oficial,2023,Anual,0,715288,,DIPUTADA PROVINCIAL PROVINCIA SANTA FE,7692810.58,1506037.35,0.00,17420781.91,https://datos.jus.gob.ar/dataset/declaraciones-juradas-patrimoniales-integrales,sí · identidad confirmada
prov-sf-dip-garcia-ximena,Ximena GARCÍA,Legislaturas provinciales,Santa Fe,GARCIA XIMENA,73ec77db2236cdee,identidad_confirmada_cruce_oficial,2024,Anual,0,778737,,DIPUTADA PROVINCIAL PROVINCIA SANTA FE,67183347.20,3226376.03,0.00,112265907.72,https://datos.jus.gob.ar/dataset/declaraciones-juradas-patrimoniales-integrales,sí · identidad confirmada
prov-sf-dip-hummel-astrid,Astrid HUMMEL,Legislaturas provinciales,Santa Fe,HUMMEL ASTRID CAROLINA ANDREA,d315b78b727ba57f,identidad_confirmada_cruce_oficial,2017,Anual,0,313969,INSTITUTO NACIONAL DE ASOCIATIVISMO Y ECONOMIA SOC,VOCAL DEL DIRECTORIO,1900330.65,41962.27,46175.88,1872115.01,https://datos.jus.gob.ar/dataset/declaraciones-juradas-patrimoniales-integrales,sí · identidad confirmada
prov-sf-dip-hummel-astrid,Astrid HUMMEL,Legislaturas provinciales,Santa Fe,HUMMEL ASTRID CAROLINA ANDREA,d315b78b727ba57f,identidad_confirmada_cruce_oficial,2018,Anual,0,407282,HONORABLE CAMARA DE DIPUTADOS DE LA NACION,DIPUTADA NACIONAL,3675154.29,0.00,1338039.02,1721005.92,https://datos.jus.gob.ar/dataset/declaraciones-juradas-patrimoniales-integrales,sí · identidad confirmada
prov-sf-dip-hummel-astrid,Astrid HUMMEL,Legislaturas provinciales,Santa Fe,HUMMEL ASTRID CAROLINA ANDREA,d315b78b727ba57f,identidad_confirmada_cruce_oficial,2019,Baja,0,420012,INSTITUTO NACIONAL DE ASOCIATIVISMO Y ECONOMIA SOC,VOCAL DE DIRECTORIO,5739937.02,327230.00,1361413.57,2333162.50,https://datos.jus.gob.ar/dataset/declaraciones-juradas-patrimoniales-integrales,sí · identidad confirmada
prov-sf-dip-palo-oliver-claudio-fabian,Claudio Fabián PALO OLIVER,Legislaturas provinciales,Santa Fe,PALO OLIVER CLAUDIO FABIAN,f6b9f6194a9fe683,identidad_confirmada_cruce_oficial,2020,Anual,0,540576,,DIPUTADO NACIONAL,11329785.33,0.00,0.00,0.00,https://datos.jus.gob.ar/dataset/declaraciones-juradas-patrimoniales-integrales,sí · identidad confirmada
prov-sf-dip-peralta-emiliano,Emiliano PERALTA,Legislaturas provinciales,Santa Fe,PERALTA EMILIANO,5fc94c2973883721,identidad_confirmada_cruce_oficial,2018,Anual,0,368054,INSTITUTO NACIONAL DE SERVICIOS SOCIALES PARA JUBI,JEFE DE DIVISION,314927.04,30661.46,0.00,637429.22,https://datos.jus.gob.ar/dataset/declaraciones-juradas-patrimoniales-integrales,sí · identidad confirmada
prov-sf-dip-peralta-emiliano,Emiliano PERALTA,Legislaturas provinciales,Santa Fe,PERALTA EMILIANO,5fc94c2973883721,identidad_confirmada_cruce_oficial,2019,Anual,0,437015,INSTITUTO NACIONAL DE SERVICIOS SOCIALES PARA JUBI,JEFE DE DIVISION,534472.50,0.00,0.00,1108145.02,https://datos.jus.gob.ar/dataset/declaraciones-juradas-patrimoniales-integrales,sí · identidad confirmada
prov-sf-dip-peralta-emiliano,Emiliano PERALTA,Legislaturas provinciales,Santa Fe,PERALTA EMILIANO,5fc94c2973883721,identidad_confirmada_cruce_oficial,2020,Anual,0,495702,,JEFE DE DIVISION,550327.75,0.00,102671.75,1307915.26,https://datos.jus.gob.ar/dataset/declaraciones-juradas-patrimoniales-integrales,sí · identidad confirmada
prov-sf-dip-peralta-emiliano,Emiliano PERALTA,Legislaturas provinciales,Santa Fe,PERALTA EMILIANO,5fc94c2973883721,identidad_confirmada_cruce_oficial,2021,Anual,0,568902,INSTITUTO NACIONAL DE SERVICIOS SOCIALES PARA JUBI,JEFE DE DIVISION,2023211.88,0.00,1472884.13,1766798.98,https://datos.jus.gob.ar/dataset/declaraciones-juradas-patrimoniales-integrales,sí · identidad confirmada
prov-sf-dip-peralta-emiliano,Emiliano PERALTA,Legislaturas provinciales,Santa Fe,PERALTA EMILIANO,5fc94c2973883721,identidad_confirmada_cruce_oficial,2022,Anual,0,629689,,JEFE DE DIVISION,9142850.20,0.00,117245.99,2682259.73,https://datos.jus.gob.ar/dataset/declaraciones-juradas-patrimoniales-integrales,sí · identidad confirmada
prov-sf-dip-peralta-emiliano,Emiliano PERALTA,Legislaturas provinciales,Santa Fe,PERALTA EMILIANO,5fc94c2973883721,identidad_confirmada_cruce_oficial,2023,Anual,0,713559,INSTITUTO NACIONAL DE SERVICIOS SOCIALES PARA JUBI,JEFE DE DIVISION,22433172.37,0.00,5171607.97,9300340.71,https://datos.jus.gob.ar/dataset/declaraciones-juradas-patrimoniales-integrales,sí · identidad confirmada
prov-sf-dip-peralta-emiliano,Emiliano PERALTA,Legislaturas provinciales,Santa Fe,PERALTA EMILIANO,5fc94c2973883721,identidad_confirmada_cruce_oficial,2024,Baja,0,715933,INSTITUTO NACIONAL DE SERVICIOS SOCIALES PARA JUBI,JEFE DE DIVISION,7688223.37,0.00,0.00,17198093.60,https://datos.jus.gob.ar/dataset/declaraciones-juradas-patrimoniales-integrales,sí · identidad confirmada
prov-sf-dip-perotti-omar,Omar PEROTTI,Legislaturas provinciales,Santa Fe,PEROTTI OMAR ANGEL,6312fc5367d43b53,identidad_confirmada_cruce_oficial,2017,Anual,0,322341,HONORABLE SENADO DE LA NACION,SENADOR NACIONAL,5850491.73,84758.62,460835.76,1436987.92,https://datos.jus.gob.ar/dataset/declaraciones-juradas-patrimoniales-integrales,sí · identidad confirmada
prov-sf-dip-perotti-omar,Omar PEROTTI,Legislaturas provinciales,Santa Fe,PEROTTI OMAR ANGEL,6312fc5367d43b53,identidad_confirmada_cruce_oficial,2018,Anual,0,406270,HONORABLE SENADO DE LA NACION,SENADOR NACIONAL,6232930.04,35019.65,714793.58,1810346.63,https://datos.jus.gob.ar/dataset/declaraciones-juradas-patrimoniales-integrales,sí · identidad confirmada
prov-sf-dip-perotti-omar,Omar PEROTTI,Legislaturas provinciales,Santa Fe,PEROTTI OMAR ANGEL,6312fc5367d43b53,identidad_confirmada_cruce_oficial,2019,Baja,1,419674,HONORABLE SENADO DE LA NACION,SENADOR NACIONAL,8418780.51,627.41,527327.57,2148842.07,https://datos.jus.gob.ar/dataset/declaraciones-juradas-patrimoniales-integrales,sí · identidad confirmada
prov-sf-dip-perotti-omar,Omar PEROTTI,Legislaturas provinciales,Santa Fe,PEROTTI OMAR ANGEL,6312fc5367d43b53,identidad_confirmada_cruce_oficial,2020,Anual,0,540572,HONORABLE SENADO DE LA NACION,SENADOR NACIONAL,12620750.58,1169.73,1381317.57,3060588.50,https://datos.jus.gob.ar/dataset/declaraciones-juradas-patrimoniales-integrales,sí · identidad confirmada
prov-sf-dip-perotti-omar,Omar PEROTTI,Legislaturas provinciales,Santa Fe,PEROTTI OMAR ANGEL,6312fc5367d43b53,identidad_confirmada_cruce_oficial,2021,Anual,0,588039,HONORABLE SENADO DE LA NACION,SENADOR NACIONAL,20813493.78,0.00,3800140.76,5162341.36,https://datos.jus.gob.ar/dataset/declaraciones-juradas-patrimoniales-integrales,sí · identidad confirmada
prov-sf-dip-rodenas-alejandra,Alejandra RODENAS,Legislaturas provinciales,Santa Fe,RODENAS ALEJANDRA SILVANA,569e95b0ac5c00b8,identidad_confirmada_cruce_oficial,2017,Anual,0,336679,,DIPUTADA NACIONAL,20300390.00,1000000.00,862866.08,0.00,https://datos.jus.gob.ar/dataset/declaraciones-juradas-patrimoniales-integrales,sí · identidad confirmada
prov-sf-dip-rodenas-alejandra,Alejandra RODENAS,Legislaturas provinciales,Santa Fe,RODENAS ALEJANDRA SILVANA,569e95b0ac5c00b8,identidad_confirmada_cruce_oficial,2018,Anual,0,415183,,DIPUTADA NACIONAL,2849070.31,0.00,509016.18,1428047.49,https://datos.jus.gob.ar/dataset/declaraciones-juradas-patrimoniales-integrales,sí · identidad confirmada
prov-sf-dip-rodenas-alejandra,Alejandra RODENAS,Legislaturas provinciales,Santa Fe,RODENAS ALEJANDRA SILVANA,569e95b0ac5c00b8,identidad_confirmada_cruce_oficial,2021,Anual,0,607048,MINISTERIO DE GESTION PUBLICA,VICEGOBERNADORA DE LA PCIA.DE SANTA FE,5567562.95,0.00,0.00,6779028.13,https://datos.jus.gob.ar/dataset/declaraciones-juradas-patrimoniales-integrales,sí · identidad confirmada
prov-sf-dip-rodenas-alejandra,Alejandra RODENAS,Legislaturas provinciales,Santa Fe,RODENAS ALEJANDRA SILVANA,569e95b0ac5c00b8,identidad_confirmada_cruce_oficial,2022,Anual,0,629454,,VICEGOBERNADORA PCIA. SANTA FE,12634901.75,0.00,7233539.60,15627748.56,https://datos.jus.gob.ar/dataset/declaraciones-juradas-patrimoniales-integrales,sí · identidad confirmada
prov-sf-dip-scarpin-dionisio,Dionisio SCARPÍN,Legislaturas provinciales,Santa Fe,SCARPIN DIONISIO FERNANDO,786c37dc8dcbac83,identidad_confirmada_cruce_oficial,2020,Anual,0,540907,,SENADOR NACIONAL,4274196.18,0.00,766281.58,1216872.45,https://datos.jus.gob.ar/dataset/declaraciones-juradas-patrimoniales-integrales,sí · identidad confirmada
prov-sf-dip-scarpin-dionisio,Dionisio SCARPÍN,Legislaturas provinciales,Santa Fe,SCARPIN DIONISIO FERNANDO,786c37dc8dcbac83,identidad_confirmada_cruce_oficial,2021,Inicial,0,552418,HONORABLE SENADO DE LA NACION,SENADOR NACIONAL,8433041.09,0.00,0.00,0.00,https://datos.jus.gob.ar/dataset/declaraciones-juradas-patrimoniales-integrales,sí · identidad confirmada
prov-sf-dip-scarpin-dionisio,Dionisio SCARPÍN,Legislaturas provinciales,Santa Fe,SCARPIN DIONISIO FERNANDO,786c37dc8dcbac83,identidad_confirmada_cruce_oficial,2022,Anual,0,668373,HONORABLE SENADO DE LA NACION,SENADOR NACIONAL,14106103.56,0.00,3693884.80,36571760.00,https://datos.jus.gob.ar/dataset/declaraciones-juradas-patrimoniales-integrales,sí · identidad confirmada
prov-sf-sen-garibaldi-julio-francisco,Julio Francisco Garibaldi,Legislaturas provinciales,Santa Fe,GARIBALDI JULIO FRANCISCO,de377f47c709a216,identidad_confirmada_cruce_oficial,2020,Anual,0,540687,,SENADOR NACIONAL DE LA PROVINCIA DE SANTA FE,42340510.00,0.00,0.00,2557039.53,https://datos.jus.gob.ar/dataset/declaraciones-juradas-patrimoniales-integrales,sí · identidad confirmada
prov-rn-leg-matzen-lorena-maria-matilde,Lorena María Matilde MATZEN,Legislaturas provinciales,Río Negro,MATZEN LORENA MARIA MATILDE,d2c81f571af29cfe,identidad_confirmada_cruce_oficial,2017,Inicial,0,265186,,diputada nacional,800000.00,0.00,0.00,0.00,https://datos.jus.gob.ar/dataset/declaraciones-juradas-patrimoniales-integrales,sí · identidad confirmada
prov-rn-leg-acevedo-javier-edue,Javier Edue ACEVEDO,Legislaturas provinciales,Río Negro,ACEVEDO JAVIER EDUE,83329ff679617f86,identidad_confirmada_cruce_oficial,2017,Inicial,1,255826,GOMIS FERNANDO LIVIO,DIPUTADO NACIONAL,6280000.00,0.00,0.00,0.00,https://datos.jus.gob.ar/dataset/declaraciones-juradas-patrimoniales-integrales,sí · identidad confirmada
prov-rn-leg-agostino-daniela-beatriz,Daniela Beatriz AGOSTINO,Legislaturas provinciales,Río Negro,AGOSTINO DANIELA BEATRIZ,4487694925c1517b,identidad_confirmada_cruce_oficial,2018,Anual,0,414188,,Diputado Nacional,723365.87,0.00,0.00,691511.92,https://datos.jus.gob.ar/dataset/declaraciones-juradas-patrimoniales-integrales,sí · identidad confirmada
prov-rn-leg-scavo-roberta,Roberta SCAVO,Legislaturas provinciales,Río Negro,SCAVO ROBERTA,e0d497a923fa102b,identidad_confirmada_cruce_oficial,2018,Anual,0,362329,ENTE NACIONAL DE COMUNICACIONES,delegada,2442061.30,0.00,0.00,1114656.53,https://datos.jus.gob.ar/dataset/declaraciones-juradas-patrimoniales-integrales,sí · identidad confirmada
prov-rn-leg-lopez-facundo-manuel,Facundo Manuel LÓPEZ,Legislaturas provinciales,Río Negro,LOPEZ FACUNDO MANUEL,3a81dee1bc59e943,identidad_confirmada_cruce_oficial,2020,Anual,0,519299,,SUB DIRECTOR EJECUTIVO,8400701.71,0.00,468140.00,2537661.24,https://datos.jus.gob.ar/dataset/declaraciones-juradas-patrimoniales-integrales,sí · identidad confirmada
prov-rn-leg-lopez-facundo-manuel,Facundo Manuel LÓPEZ,Legislaturas provinciales,Río Negro,LOPEZ FACUNDO MANUEL,3a81dee1bc59e943,identidad_confirmada_cruce_oficial,2021,Anual,0,573358,AGENCIA NACIONAL DE SEGURIDAD VIAL,SUBDIRECTOR EJECUTIVO AGENCIA NACIONAL SEGURIDD VI,8363508.24,0.00,0.00,3766545.67,https://datos.jus.gob.ar/dataset/declaraciones-juradas-patrimoniales-integrales,sí · identidad confirmada
prov-rn-leg-lopez-facundo-manuel,Facundo Manuel LÓPEZ,Legislaturas provinciales,Río Negro,LOPEZ FACUNDO MANUEL,3a81dee1bc59e943,identidad_confirmada_cruce_oficial,2022,Anual,0,641749,AGENCIA NACIONAL DE SEGURIDAD VIAL,SUB DIRECTOR EJECUTIVO,13311134.58,1450000.00,2582862.85,7654722.01,https://datos.jus.gob.ar/dataset/declaraciones-juradas-patrimoniales-integrales,sí · identidad confirmada
prov-rn-leg-lopez-facundo-manuel,Facundo Manuel LÓPEZ,Legislaturas provinciales,Río Negro,LOPEZ FACUNDO MANUEL,3a81dee1bc59e943,identidad_confirmada_cruce_oficial,2023,Baja,0,688003,AGENCIA NACIONAL DE SEGURIDAD VIAL,SUB DIRECTOR EJECUTIVO,25056973.89,131011390.00,117458390.00,7547490.91,https://datos.jus.gob.ar/dataset/declaraciones-juradas-patrimoniales-integrales,sí · identidad confirmada
prov-rn-leg-dantas-pedro-cristian,Pedro Cristian DANTAS,Legislaturas provinciales,Río Negro,DANTAS PEDRO CRISTIAN,4adbdfa331b4b9a5,identidad_confirmada_cruce_oficial,2020,Inicial,0,480757,MUNICIPALIDAD DE CAMPO GRANDE,GERENTE UDAI CIPOLLETTI ANSES,5450000.00,0.00,0.00,0.00,https://datos.jus.gob.ar/dataset/declaraciones-juradas-patrimoniales-integrales,sí · identidad confirmada
prov-rn-leg-dantas-pedro-cristian,Pedro Cristian DANTAS,Legislaturas provinciales,Río Negro,DANTAS PEDRO CRISTIAN,4adbdfa331b4b9a5,identidad_confirmada_cruce_oficial,2021,Anual,0,602015,,DIPUTADO NACIONAL,1560241.32,179246.73,128772.59,3113934.23,https://datos.jus.gob.ar/dataset/declaraciones-juradas-patrimoniales-integrales,sí · identidad confirmada
prov-rn-leg-dantas-pedro-cristian,Pedro Cristian DANTAS,Legislaturas provinciales,Río Negro,DANTAS PEDRO CRISTIAN,4adbdfa331b4b9a5,identidad_confirmada_cruce_oficial,2022,Anual,1,675338,,DIPUTADO NACIONAL,2788529.64,152279.85,458888.91,6320610.72,https://datos.jus.gob.ar/dataset/declaraciones-juradas-patrimoniales-integrales,sí · identidad confirmada
prov-rn-leg-garcia-leandro-gaston,Leandro Gastón GARCÍA,Legislaturas provinciales,Río Negro,GARCIA LEANDRO GASTON,d58f2fe67282eac9,identidad_confirmada_cruce_oficial,2020,Anual,0,514932,ADMINISTRACION NACIONAL DE LA SEGURIDAD SOCIAL ANS,GERENTE UDAI ANSES,16700000.00,0.00,4400000.00,10600000.00,https://datos.jus.gob.ar/dataset/declaraciones-juradas-patrimoniales-integrales,sí · identidad confirmada
prov-rn-leg-garcia-leandro-gaston,Leandro Gastón GARCÍA,Legislaturas provinciales,Río Negro,GARCIA LEANDRO GASTON,d58f2fe67282eac9,identidad_confirmada_cruce_oficial,2021,Anual,0,598534,ADMINISTRACION NACIONAL DE LA SEGURIDAD SOCIAL ANS,GERENTE UDAI ANSES,33400000.00,0.00,0.00,0.00,https://datos.jus.gob.ar/dataset/declaraciones-juradas-patrimoniales-integrales,sí · identidad confirmada
prov-rn-leg-garcia-leandro-gaston,Leandro Gastón GARCÍA,Legislaturas provinciales,Río Negro,GARCIA LEANDRO GASTON,d58f2fe67282eac9,identidad_confirmada_cruce_oficial,2022,Inicial,0,645116,ADMINISTRACION NACIONAL DE LA SEGURIDAD SOCIAL ANS,GERENTE UDAI ANSES EL BOLSON,63380000.00,0.00,0.00,0.00,https://datos.jus.gob.ar/dataset/declaraciones-juradas-patrimoniales-integrales,sí · identidad confirmada
prov-rn-leg-delgado-sempe-luciano-jesus,Luciano Jesús DELGADO SEMPÉ,Legislaturas provinciales,Río Negro,DELGADO SEMPE LUCIANO JESUS,7c49368c47771c85,identidad_confirmada_cruce_oficial,2019,Anual,1,550630,ADMINISTRACION NACIONAL DE LA SEGURIDAD SOCIAL ANS,JEFE UDAI ROCA,2500350.00,0.00,0.00,957130.25,https://datos.jus.gob.ar/dataset/declaraciones-juradas-patrimoniales-integrales,sí · identidad confirmada
prov-rn-leg-delgado-sempe-luciano-jesus,Luciano Jesús DELGADO SEMPÉ,Legislaturas provinciales,Río Negro,DELGADO SEMPE LUCIANO JESUS,7c49368c47771c85,identidad_confirmada_cruce_oficial,2020,Anual,0,550620,ADMINISTRACION NACIONAL DE LA SEGURIDAD SOCIAL ANS,JEFE UDAI ROCA,2500350.00,0.00,0.00,1414952.22,https://datos.jus.gob.ar/dataset/declaraciones-juradas-patrimoniales-integrales,sí · identidad confirmada
prov-rn-leg-delgado-sempe-luciano-jesus,Luciano Jesús DELGADO SEMPÉ,Legislaturas provinciales,Río Negro,DELGADO SEMPE LUCIANO JESUS,7c49368c47771c85,identidad_confirmada_cruce_oficial,2021,Anual,0,671634,ADMINISTRACION NACIONAL DE LA SEGURIDAD SOCIAL ANS,JEFE UDAI ROCA,644000.00,0.00,0.00,3285713.54,https://datos.jus.gob.ar/dataset/declaraciones-juradas-patrimoniales-integrales,sí · identidad confirmada
prov-rn-leg-delgado-sempe-luciano-jesus,Luciano Jesús DELGADO SEMPÉ,Legislaturas provinciales,Río Negro,DELGADO SEMPE LUCIANO JESUS,7c49368c47771c85,identidad_confirmada_cruce_oficial,2022,Anual,0,671636,ADMINISTRACION NACIONAL DE LA SEGURIDAD SOCIAL ANS,JEFE UDAI ROCA,3434920.00,0.00,0.00,7086430.17,https://datos.jus.gob.ar/dataset/declaraciones-juradas-patrimoniales-integrales,sí · identidad confirmada
prov-rn-leg-odarda-maria-magdalena,María Magdalena ODARDA,Legislaturas provinciales,Río Negro,ODARDA MARIA MAGDALENA,290658e98b19ac31,identidad_confirmada_cruce_oficial,2017,Anual,0,275439,HONORABLE SENADO DE LA NACION,SENADORA,6533301.50,0.00,0.00,0.00,https://datos.jus.gob.ar/dataset/declaraciones-juradas-patrimoniales-integrales,sí · identidad confirmada
prov-rn-leg-odarda-maria-magdalena,María Magdalena ODARDA,Legislaturas provinciales,Río Negro,ODARDA MARIA MAGDALENA,290658e98b19ac31,identidad_confirmada_cruce_oficial,2018,Anual,0,365788,HONORABLE SENADO DE LA NACION,SENADORA,6116901.78,0.00,1643160.92,2121324.76,https://datos.jus.gob.ar/dataset/declaraciones-juradas-patrimoniales-integrales,sí · identidad confirmada
prov-rn-leg-odarda-maria-magdalena,María Magdalena ODARDA,Legislaturas provinciales,Río Negro,ODARDA MARIA MAGDALENA,290658e98b19ac31,identidad_confirmada_cruce_oficial,2019,Anual,0,447392,INSTITUTO NACIONAL DE ASUNTOS INDIGENAS,PRESIDENTE DEL INSTITUTO NACIONAL DE ASUNTOS INDIG,2802836.04,0.00,0.00,2918917.32,https://datos.jus.gob.ar/dataset/declaraciones-juradas-patrimoniales-integrales,sí · identidad confirmada
prov-rn-leg-odarda-maria-magdalena,María Magdalena ODARDA,Legislaturas provinciales,Río Negro,ODARDA MARIA MAGDALENA,290658e98b19ac31,identidad_confirmada_cruce_oficial,2020,Anual,0,511352,INSTITUTO NACIONAL DE ASUNTOS INDIGENAS,PRESIDENTE DEL INSTITUTO NACIONAL DE ASUNTOS INDIG,12301118.21,0.00,2514912.49,4296435.76,https://datos.jus.gob.ar/dataset/declaraciones-juradas-patrimoniales-integrales,sí · identidad confirmada
prov-rn-leg-odarda-maria-magdalena,María Magdalena ODARDA,Legislaturas provinciales,Río Negro,ODARDA MARIA MAGDALENA,290658e98b19ac31,identidad_confirmada_cruce_oficial,2021,Anual,0,562809,INSTITUTO NACIONAL DE ASUNTOS INDIGENAS,PRESIDENTE INAI,19891536.87,0.00,0.00,5766657.88,https://datos.jus.gob.ar/dataset/declaraciones-juradas-patrimoniales-integrales,sí · identidad confirmada
prov-rn-leg-odarda-maria-magdalena,María Magdalena ODARDA,Legislaturas provinciales,Río Negro,ODARDA MARIA MAGDALENA,290658e98b19ac31,identidad_confirmada_cruce_oficial,2022,Baja,0,611911,INSTITUTO NACIONAL DE ASUNTOS INDIGENAS,PRESIDENTE INAI,10657471.91,1778010.00,0.00,4618322.39,https://datos.jus.gob.ar/dataset/declaraciones-juradas-patrimoniales-integrales,sí · identidad confirmada
prov-rn-leg-sposito-ayelen,Ayelén SPÓSITO,Legislaturas provinciales,Río Negro,SPOSITO AYELEN,e0de4d50a49a6721,identidad_confirmada_cruce_oficial,2019,Inicial,0,438002,HONORABLE CAMARA DE DIPUTADOS DE LA NACION,DIPUTADO NACIONAL,451948.22,0.00,0.00,0.00,https://datos.jus.gob.ar/dataset/declaraciones-juradas-patrimoniales-integrales,sí · identidad confirmada
prov-rn-leg-sposito-ayelen,Ayelén SPÓSITO,Legislaturas provinciales,Río Negro,SPOSITO AYELEN,e0de4d50a49a6721,identidad_confirmada_cruce_oficial,2020,Anual,0,489766,,,544840.84,0.00,37609.02,1591657.91,https://datos.jus.gob.ar/dataset/declaraciones-juradas-patrimoniales-integrales,sí · identidad confirmada
prov-rn-leg-lacour-martina-valeria,Martina Valeria LACOUR,Legislaturas provinciales,Río Negro,LACOUR MARTINA VALERIA,019630700eabf225,identidad_confirmada_cruce_oficial,2024,Anual,0,822148,,DIPUTADA NACIONAL,230767611.31,0.00,0.00,25389616.89,https://datos.jus.gob.ar/dataset/declaraciones-juradas-patrimoniales-integrales,sí · identidad confirmada
prov-rn-leg-martin-juan-carlos,Juan Carlos MARTIN,Legislaturas provinciales,Río Negro,MARTIN JUAN CARLOS,5a396ed1992b7f51,identidad_confirmada_cruce_oficial,2017,Anual,0,352976,NACION LEASING SA,DIRECTOR,10140410.00,1268990.00,1406040.00,1123268.40,https://datos.jus.gob.ar/dataset/declaraciones-juradas-patrimoniales-integrales,sí · identidad confirmada
prov-rn-leg-martin-juan-carlos,Juan Carlos MARTIN,Legislaturas provinciales,Río Negro,MARTIN JUAN CARLOS,5a396ed1992b7f51,identidad_confirmada_cruce_oficial,2018,Baja,0,473889,BICE LEASING S.A.,DIRECTOR,0.00,0.00,0.00,2346540.00,https://datos.jus.gob.ar/dataset/declaraciones-juradas-patrimoniales-integrales,sí · identidad confirmada
prov-rn-leg-martin-juan-carlos,Juan Carlos MARTIN,Legislaturas provinciales,Río Negro,MARTIN JUAN CARLOS,5a396ed1992b7f51,identidad_confirmada_cruce_oficial,2019,Inicial,1,356023,TELAM SOCIEDAD DEL ESTADO,GERENTE COMERCIALIZACION MARKETING,0.00,0.00,0.00,0.00,https://datos.jus.gob.ar/dataset/declaraciones-juradas-patrimoniales-integrales,sí · identidad confirmada
prov-rn-leg-martin-juan-carlos,Juan Carlos MARTIN,Legislaturas provinciales,Río Negro,MARTIN JUAN CARLOS,5a396ed1992b7f51,identidad_confirmada_cruce_oficial,2020,Baja,0,421271,TELAM SOCIEDAD DEL ESTADO,GERENTE COMERCIALIZACION MARKETING,0.00,0.00,0.00,0.00,https://datos.jus.gob.ar/dataset/declaraciones-juradas-patrimoniales-integrales,sí · identidad confirmada
prov-rn-leg-martin-juan-carlos,Juan Carlos MARTIN,Legislaturas provinciales,Río Negro,MARTIN JUAN CARLOS,5a396ed1992b7f51,identidad_confirmada_cruce_oficial,2024,Anual,0,822420,,senador nacional primer titular,2095000000.00,0.00,773616000.00,10000000.00,https://datos.jus.gob.ar/dataset/declaraciones-juradas-patrimoniales-integrales,sí · identidad confirmada
prov-rn-leg-murillo-ongaro-juan-sebastian,Juan Sebastián MURILLO ONGARO,Legislaturas provinciales,Río Negro,MURILLO ONGARO JUAN SEBASTIAN,c19bbb693ef9f4eb,identidad_confirmada_cruce_oficial,2024,Anual,0,822354,,Senador Nacional Primer Suplente,15735500.00,0.00,26185500.00,30000000.00,https://datos.jus.gob.ar/dataset/declaraciones-juradas-patrimoniales-integrales,sí · identidad confirmada
prov-rn-leg-stupenengo-ofelia-irene,Ofelia Irene STUPENENGO,Legislaturas provinciales,Río Negro,STUPENENGO OFELIA IRENE,acd05ead91e4fb8b,identidad_confirmada_cruce_oficial,2017,Anual,0,328285,INSTITUTO NACIONAL DE SERVICIOS SOCIALES PARA JUBI,jefe cap,0.00,0.00,0.00,0.00,https://datos.jus.gob.ar/dataset/declaraciones-juradas-patrimoniales-integrales,sí · identidad confirmada
prov-rn-leg-stupenengo-ofelia-irene,Ofelia Irene STUPENENGO,Legislaturas provinciales,Río Negro,STUPENENGO OFELIA IRENE,acd05ead91e4fb8b,identidad_confirmada_cruce_oficial,2018,Anual,0,384659,INSTITUTO NACIONAL DE SERVICIOS SOCIALES PARA JUBI,Jefe Cap,0.00,0.00,0.00,0.00,https://datos.jus.gob.ar/dataset/declaraciones-juradas-patrimoniales-integrales,sí · identidad confirmada
prov-rn-leg-stupenengo-ofelia-irene,Ofelia Irene STUPENENGO,Legislaturas provinciales,Río Negro,STUPENENGO OFELIA IRENE,acd05ead91e4fb8b,identidad_confirmada_cruce_oficial,2019,Anual,0,479173,INSTITUTO NACIONAL DE SERVICIOS SOCIALES PARA JUBI,Jefe CAP,0.00,0.00,0.00,0.00,https://datos.jus.gob.ar/dataset/declaraciones-juradas-patrimoniales-integrales,sí · identidad confirmada
prov-rn-leg-stupenengo-ofelia-irene,Ofelia Irene STUPENENGO,Legislaturas provinciales,Río Negro,STUPENENGO OFELIA IRENE,acd05ead91e4fb8b,identidad_confirmada_cruce_oficial,2020,Baja,0,424103,INSTITUTO NACIONAL DE SERVICIOS SOCIALES PARA JUBI,Jefe de CAP,0.00,0.00,800000.00,0.00,https://datos.jus.gob.ar/dataset/declaraciones-juradas-patrimoniales-integrales,sí · identidad confirmada
prov-mis-leg-castro-cristian-gabriel,Cristian Gabriel Castro,Legislaturas provinciales,Misiones,CASTRO CRISTIAN GABRIEL,e8048d676800d560,identidad_confirmada_cruce_oficial,2021,Inicial,0,495082,CONSEJO GRAL DE EDUCACION DE LA PCIA DE MISIONES,diputado nacional,29000000.00,0.00,0.00,0.00,https://datos.jus.gob.ar/dataset/declaraciones-juradas-patrimoniales-integrales,sí · identidad confirmada
prov-mis-leg-castro-cristian-gabriel,Cristian Gabriel Castro,Legislaturas provinciales,Misiones,CASTRO CRISTIAN GABRIEL,e8048d676800d560,identidad_confirmada_cruce_oficial,2022,Anual,0,619216,MINISTERIO DEL INTERIOR,COORDINADOR DEL CENTRO DE FRONTERA POSADAS,16631020.00,374162.27,62018.46,2261976.22,https://datos.jus.gob.ar/dataset/declaraciones-juradas-patrimoniales-integrales,sí · identidad confirmada
prov-mis-leg-castro-cristian-gabriel,Cristian Gabriel Castro,Legislaturas provinciales,Misiones,CASTRO CRISTIAN GABRIEL,e8048d676800d560,identidad_confirmada_cruce_oficial,2023,Baja,0,682659,MINISTERIO DEL INTERIOR,COORDINADOR CENTRO DE FRONTERA POSADAS,1569843.63,1000000.00,0.00,11699290.21,https://datos.jus.gob.ar/dataset/declaraciones-juradas-patrimoniales-integrales,sí · identidad confirmada
prov-mis-leg-goring-elvani-elisa,Elvani Elisa Goring,Legislaturas provinciales,Misiones,GÖRING ELVANI ELISA,443ccf7f17321bda,identidad_confirmada_cruce_oficial,2023,Inicial,0,676317,,Senadora Nacional - 2° Titular,0.00,0.00,0.00,0.00,https://datos.jus.gob.ar/dataset/declaraciones-juradas-patrimoniales-integrales,sí · identidad confirmada
prov-mis-leg-guerrero-nelli-beatriz,Nelli Beatriz Guerrero,Legislaturas provinciales,Misiones,GUERRERO NELLI BEATRIZ,2d531ca037c3b107,identidad_confirmada_cruce_oficial,2024,Inicial,0,799255,ADMINISTRACION NACIONAL DE LA SEGURIDAD SOCIAL ANS,JEFA DE ANSES,123077344.77,0.00,0.00,0.00,https://datos.jus.gob.ar/dataset/declaraciones-juradas-patrimoniales-integrales,sí · identidad confirmada
prov-mis-leg-koch-santiago-nicolas,Santiago Nicolas Koch,Legislaturas provinciales,Misiones,KOCH SANTIAGO NICOLAS,da2e43f293aa8217,identidad_confirmada_cruce_oficial,2019,Anual,1,425407,UNIVERSIDAD NACIONAL DEL ALTO URUGUAY - UNAU,SECRETARIO JURIDICO,5601660.00,0.00,183658.12,375822.85,https://datos.jus.gob.ar/dataset/declaraciones-juradas-patrimoniales-integrales,sí · identidad confirmada
prov-mis-leg-mendez-ason-maria-del-carmen,Maria del Carmen Mendez Ason,Legislaturas provinciales,Misiones,MENDEZ ASON MARIA DEL CARMEN,2301f4dd6f706f50,identidad_confirmada_cruce_oficial,2020,Anual,0,538184,,DIPUTADA NACIONAL SUPLENTE,5517460.00,0.00,1240000.00,726314.73,https://datos.jus.gob.ar/dataset/declaraciones-juradas-patrimoniales-integrales,sí · identidad confirmada
prov-mis-leg-rodriguez-juan-manuel,Juan Manuel Rodriguez,Legislaturas provinciales,Misiones,RODRIGUEZ JUAN MANUEL,,historial_oa_posible_cargo_nacional_previo,2017,Anual,0,326363,UNIVERSIDAD NACIONAL DE TIERRA DEL FUEGO -ANTARTID,Director de Informática,967354.22,0.00,522917.16,0.00,https://datos.jus.gob.ar/dataset/declaraciones-juradas-patrimoniales-integrales,no · identidad pendiente
prov-mis-leg-rodriguez-juan-manuel,Juan Manuel Rodriguez,Legislaturas provinciales,Misiones,RODRIGUEZ JUAN MANUEL,,historial_oa_posible_cargo_nacional_previo,2018,Anual,0,389944,UNIVERSIDAD NACIONAL DE TIERRA DEL FUEGO -ANTARTID,Director de Informática,1185250.24,0.00,163691.94,0.00,https://datos.jus.gob.ar/dataset/declaraciones-juradas-patrimoniales-integrales,no · identidad pendiente
prov-mis-leg-rodriguez-juan-manuel,Juan Manuel Rodriguez,Legislaturas provinciales,Misiones,RODRIGUEZ JUAN MANUEL,,historial_oa_posible_cargo_nacional_previo,2019,Anual,0,439822,UNIVERSIDAD NACIONAL DE TIERRA DEL FUEGO -ANTARTID,Director de Informática,1467016.54,0.00,17059.10,0.00,https://datos.jus.gob.ar/dataset/declaraciones-juradas-patrimoniales-integrales,no · identidad pendiente
prov-mis-leg-rodriguez-juan-manuel,Juan Manuel Rodriguez,Legislaturas provinciales,Misiones,RODRIGUEZ JUAN MANUEL,,historial_oa_posible_cargo_nacional_previo,2020,Anual,0,519740,MINISTERIO DE AMBIENTE Y DESARROLLO SOSTENIBLE,Coord. de Reforestación y Rest. de Amb. de Bosques,2462207.35,3131.07,4430050.00,681405.04,https://datos.jus.gob.ar/dataset/declaraciones-juradas-patrimoniales-integrales,no · identidad pendiente
prov-mis-leg-rodriguez-juan-manuel,Juan Manuel Rodriguez,Legislaturas provinciales,Misiones,RODRIGUEZ JUAN MANUEL,,historial_oa_posible_cargo_nacional_previo,2021,Anual,0,584497,UNIVERSIDAD NACIONAL DE TIERRA DEL FUEGO -ANTARTID,Director de Informática,4007135.68,482153.60,287657.35,0.00,https://datos.jus.gob.ar/dataset/declaraciones-juradas-patrimoniales-integrales,no · identidad pendiente
prov-mis-leg-rodriguez-juan-manuel,Juan Manuel Rodriguez,Legislaturas provinciales,Misiones,RODRIGUEZ JUAN MANUEL,,historial_oa_posible_cargo_nacional_previo,2022,Anual,1,644191,MINISTERIO DE AMBIENTE Y DESARROLLO SOSTENIBLE,Coor. de Reforestación y Rest. de Amb. de Bosques,8605549.61,37403.23,19129620.00,2557070.74,https://datos.jus.gob.ar/dataset/declaraciones-juradas-patrimoniales-integrales,no · identidad pendiente
prov-mis-leg-rodriguez-juan-manuel,Juan Manuel Rodriguez,Legislaturas provinciales,Misiones,RODRIGUEZ JUAN MANUEL,,historial_oa_posible_cargo_nacional_previo,2023,Baja,0,693504,SUBSECRETARIA DE AMBIENTE,Coor. de Reforestación y Rest. de Amb. de Bosques,33873945.23,147733.12,155688590.00,9131212.60,https://datos.jus.gob.ar/dataset/declaraciones-juradas-patrimoniales-integrales,no · identidad pendiente
prov-mis-leg-rodriguez-juan-manuel,Juan Manuel Rodriguez,Legislaturas provinciales,Misiones,RODRIGUEZ JUAN MANUEL,,historial_oa_posible_cargo_nacional_previo,2024,Inicial,0,709646,,,180000000.00,0.00,0.00,0.00,https://datos.jus.gob.ar/dataset/declaraciones-juradas-patrimoniales-integrales,no · identidad pendiente
prov-mis-leg-stekler-barbara-samantha,Barbara Samantha Stekler,Legislaturas provinciales,Misiones,STEKLER BARBARA SAMANTHA,3066a3b19e3b2107,identidad_confirmada_cruce_oficial,2024,Anual,0,775568,INSTITUTO NACIONAL DE SERVICIOS SOCIALES PARA JUBI,DIRECTORA,62238718.71,0.00,24357239.98,10123182.72,https://datos.jus.gob.ar/dataset/declaraciones-juradas-patrimoniales-integrales,sí · identidad confirmada
