"codigo_entidad","entidad","fecha_informacion","producto","nombre_corto","denominacion","beneficiario","tipo_tasa","monto_minimo","monto_maximo","plazo_maximo_meses","ingreso_minimo","relacion_cuota_ingreso_pct","tea_max_pct","cftea_max_pct","brecha_cftea_tea_pp","cftea_real_vs_ipc_jul2026_pct","cuota_inicial_cada_10k","territorio","mas_informacion","fuente_corte","fuente_url"
"7","BANCO DE GALICIA Y BUENOS AIRES S.A.","2026-06-12","PRESTAMOPERSONAL","PP","Pesos","Todos los beneficiarios","Fija","500","24800000","72","310000","30","283","398","115","272,125877","1442","0",,"2026-08-30","https://api.bcra.gob.ar/transparencia/v1.0/Prestamos/Personales"
"11","BANCO DE LA NACION ARGENTINA","2026-08-14","ADELANTO DE HABERES","ADELANTO DE HABERES","Pesos","Clientes que acrediten sueldos en la entidad","Fija","50000","1000000","1","417588","50","140,51","186,76","46,25","114,278748","10918","0",,"2026-08-30","https://api.bcra.gob.ar/transparencia/v1.0/Prestamos/Personales"
"11","BANCO DE LA NACION ARGENTINA","2026-08-14","MAS AUTOS CON BNA","MAS AUTOS","Pesos","Todos los beneficiarios","Fija","1000000","100000000","72","163735","30","57,05","72,3","15,25","28,749575","491","0",,"2026-08-30","https://api.bcra.gob.ar/transparencia/v1.0/Prestamos/Personales"
"11","BANCO DE LA NACION ARGENTINA","2026-08-14","NACION PERSONALES LIBRE DESTINO TRAMO IV","NACION LIBRE DESTINO","Pesos","Clientes con cuenta en la entidad","Fija","1000000","50000000","72","455153","30","140,4","186,76","46,36","114,278748","922","0",,"2026-08-30","https://api.bcra.gob.ar/transparencia/v1.0/Prestamos/Personales"
"11","BANCO DE LA NACION ARGENTINA","2026-08-14","NACION PREVISIONAL","NACION PREVISIONAL","Pesos","Clientes que acrediten sueldos en la entidad","Fija","1000000","50000000","72","193357","35","72,92","93,32","20,4","44,456575","677","0",,"2026-08-30","https://api.bcra.gob.ar/transparencia/v1.0/Prestamos/Personales"
"11","BANCO DE LA NACION ARGENTINA","2026-08-14","NACION SUELDOS TRAMO III","NACION SUELDOS","Pesos","Clientes que acrediten sueldos en la entidad","Fija","1000000","100000000","72","421284","35","72,86","93,32","20,46","44,456575","583","0",,"2026-08-30","https://api.bcra.gob.ar/transparencia/v1.0/Prestamos/Personales"
"14","BANCO DE LA PROVINCIA DE BUENOS AIRES","2026-08-07","PRESTAMO PERSONAL PROVINCIA","PRESTAMO PERSONAL","Pesos","Personas humanas en relación de dependencia","Fija","100000","3000000","24","1300","30","159,14","159,14","0","93,639959","9703","1","0","2026-08-30","https://api.bcra.gob.ar/transparencia/v1.0/Prestamos/Personales"
"14","BANCO DE LA PROVINCIA DE BUENOS AIRES","2026-08-07","PRESTAMO PERSONAL PROVINCIA","PRESTAMO PERSONAL","Pesos","Personas humanas en relación de dependencia","Fija","100000","3000000","24","1300","30","159,14","159,14","0","93,639959","9703","2","0","2026-08-30","https://api.bcra.gob.ar/transparencia/v1.0/Prestamos/Personales"
"14","BANCO DE LA PROVINCIA DE BUENOS AIRES","2026-08-07","PRESTAMO PERSONAL UVA","UVA","Pesos","Clientes que acrediten sueldos en la entidad","Fija","100000","50000000","24","1300","35","28,07","28,07","0","-4,300881","5337","1","0","2026-08-30","https://api.bcra.gob.ar/transparencia/v1.0/Prestamos/Personales"
"14","BANCO DE LA PROVINCIA DE BUENOS AIRES","2026-08-07","PRESTAMO PERSONAL UVA","UVA","Pesos","Clientes que acrediten sueldos en la entidad","Fija","100000","50000000","24","1300","35","28,07","28,07","0","-4,300881","5337","2","0","2026-08-30","https://api.bcra.gob.ar/transparencia/v1.0/Prestamos/Personales"
"15","INDUSTRIAL AND COMMERCIAL BANK OF CHINA (ARGENTINA) S.A.U.","2026-03-10","PRESTAMO PERSONAL PESOS CARTERA GENERAL TASA FIJA","PP $ C.GRAL T.F","Pesos","Clientes con cuenta en la entidad","Fija","20000","145000000","96","1000000","30","147,19","196,44","49,25","121,512038","94840","0","CAMPO 1: POR SUCURSAL, CAMPO 7: ACREDITA HABERES PARA CABA GBA Y PATAGONIA, CAMPO 16: 96 MESES","2026-08-30","https://api.bcra.gob.ar/transparencia/v1.0/Prestamos/Personales"
"15","INDUSTRIAL AND COMMERCIAL BANK OF CHINA (ARGENTINA) S.A.U.","2026-03-10","PRESTAMO PERSONAL PESOS CARTERA GENERAL TASA FIJA","PP $ C.GRAL T.F","Pesos","Clientes con cuenta en la entidad","Fija","20000","145000000","96","0","30","147,19","196,44","49,25","121,512038","94840","0","CAMPO 1: POR SUCURSAL, CAMPO 7: NO ACREDITA HABERES PARA INTERIOR, CAMPO 16: 96 MESES                                   INGRESO MINIMO: N A","2026-08-30","https://api.bcra.gob.ar/transparencia/v1.0/Prestamos/Personales"
"15","INDUSTRIAL AND COMMERCIAL BANK OF CHINA (ARGENTINA) S.A.U.","2026-03-10","PRESTAMO PERSONAL PESOS CARTERA GENERAL TASA FIJA","PP $ C.GRAL T.F","Pesos","Clientes con cuenta en la entidad","Fija","20000","145000000","96","0","30","147,19","196,44","49,25","121,512038","94840","0","CAMPO 1: POR SUCURSAL, CAMPO 7: NO ACREDITA HABERES PARA CABA GBA Y PATAGONIA, CAMPO 16: 96 MESES                       INGRESO MINIMO: N A","2026-08-30","https://api.bcra.gob.ar/transparencia/v1.0/Prestamos/Personales"
"15","INDUSTRIAL AND COMMERCIAL BANK OF CHINA (ARGENTINA) S.A.U.","2026-03-10","PRESTAMO PERSONAL PESOS CARTERA GENERAL TASA FIJA","PP $ C.GRAL T.F","Pesos","Clientes con cuenta en la entidad","Fija","20000","145000000","96","1000000","30","147,19","196,44","49,25","121,512038","94840","0","CAMPO 1: POR SUCURSAL, CAMPO 7: ACREDITA HABERES PARA INTERIOR, CAMPO 16: 96 MESES","2026-08-30","https://api.bcra.gob.ar/transparencia/v1.0/Prestamos/Personales"
"15","INDUSTRIAL AND COMMERCIAL BANK OF CHINA (ARGENTINA) S.A.U.","2026-03-10","PRESTAMO PERSONAL PESOS CARTERA GENERAL TASA FIJA","PP $ C.GRAL T.F","Pesos","Todos los beneficiarios","Fija","20000","145000000","96","1250000","30","147,19","196,44","49,25","121,512038","94840","0","CAMPO 1: POR SUCURSAL, CAMPO 7: ACREDITA HABERES PARA INTERIOR, CAMPO 16: 96 MESES                                      TODOS LOS BENEFICIARIOS SE REFIERE A CLIENTES NUEVOS  EN REL DE DEPEND, MONOTRIBUTISTAS, RESP INSCRIPTOS Y EMP PUBLICOS","2026-08-30","https://api.bcra.gob.ar/transparencia/v1.0/Prestamos/Personales"
"15","INDUSTRIAL AND COMMERCIAL BANK OF CHINA (ARGENTINA) S.A.U.","2026-03-10","PRESTAMO PERSONAL PESOS CARTERA GENERAL TASA FIJA","PP $ C.GRAL T.","Pesos","Todos los beneficiarios","Fija","20000","145000000","96","1250000","30","147,19","196,44","49,25","121,512038","94840","0","CAMPO 1: POR SUCURSAL, CAMPO 7:ACREDITA HABERES PARA CABA, GBA Y PATAGONIA. CAMPO 16:96 MESES                           TODOS LOS BENEFICIARIOS SE REFIERE A CLIENTES NUEVOS  EN REL DE DEPEND, MONOTRIBUTISTAS, RESP INSCRIPTOS Y EMP PUBLICOS","2026-08-30","https://api.bcra.gob.ar/transparencia/v1.0/Prestamos/Personales"
"15","INDUSTRIAL AND COMMERCIAL BANK OF CHINA (ARGENTINA) S.A.U.","2026-03-10","PRESTAMO PERSONAL PESOS CARTERA GENERAL TASA FIJA","PP $ C.GRAL T.F","Pesos","Todos los beneficiarios","Fija","20000","26000000","96","1400000","30","147,19","196,44","49,25","121,512038","94840","0","CAMPO 1: POR SUCURSAL, CAMPO 7: NO ACREDITA HABERES PARA INTERIOR, CAMPO 16: 96 MESES                                   TODOS LOS BENEFICIARIOS SE REFIERE A CLIENTES NUEVOS  EN REL DE DEPEND, MONOTRIBUTISTAS, RESP INSCRIPTOS Y EMP PUBLICOS","2026-08-30","https://api.bcra.gob.ar/transparencia/v1.0/Prestamos/Personales"
"15","INDUSTRIAL AND COMMERCIAL BANK OF CHINA (ARGENTINA) S.A.U.","2026-03-10","PRESTAMO PERSONAL PESOS CARTERA GENERAL TASA FIJA","PP $ C.GRAL T.F","Pesos","Todos los beneficiarios","Fija","20000","26000000","96","1400000","30","147,19","196,44","49,25","121,512038","94840","0","CAMPO 1: POR SUCURSAL, CAMPO 7: NO ACREDITA HABERES PARA CABA GBA Y PATAGONIA, CAMPO 16: 96 MESES                       TODOS LOS BENEFICIARIOS SE REFIERE A CLIENTES NUEVOS  EN REL DE DEPEND, MONOTRIBUTISTAS, RESP INSCRIPTOS Y EMP PUBLICOS","2026-08-30","https://api.bcra.gob.ar/transparencia/v1.0/Prestamos/Personales"
"17","BANCO BBVA ARGENTINA S.A.","2026-08-27","PRESTAMOS PERSONAL","PRESTAMO PERSONAL","Pesos","Beneficiarios de cuentas de la seguridad social","Fija","1000","70000000","72","272000","30","158,91","207,94","49,03","130,105306","1011","0","SI TRANSCURRIERON AL MENOS DESDE SU OTORGAMIENTO 180 DIAS O PORC DEL PLAZO TOTAL ORIGINAL DE AMBAS CONDICIONES LA MAYOR SIN CARGO","2026-08-30","https://api.bcra.gob.ar/transparencia/v1.0/Prestamos/Personales"
"17","BANCO BBVA ARGENTINA S.A.","2026-08-27","PRESTAMOS PERSONAL","PRESTAMO PERSONAL","Pesos","Clientes con cuenta en la entidad","Fija","1000","70000000","72","272000","30","158,91","207,94","49,03","130,105306","1011","0","SI TRANSCURRIERON AL MENOS DESDE SU OTORGAMIENTO 180 DIAS O PORC DEL PLAZO TOTAL ORIGINAL DE AMBAS CONDICIONES LA MAYOR SIN CARGO","2026-08-30","https://api.bcra.gob.ar/transparencia/v1.0/Prestamos/Personales"
"17","BANCO BBVA ARGENTINA S.A.","2026-08-27","PRESTAMOS PERSONAL","PRESTAMO PERSONAL","Pesos","Clientes que acrediten sueldos en la entidad","Fija","1000","70000000","72","272000","30","158,91","207,94","49,03","130,105306","1011","0","SI TRANSCURRIERON AL MENOS DESDE SU OTORGAMIENTO 180 DIAS O PORC DEL PLAZO TOTAL ORIGINAL DE AMBAS CONDICIONES LA MAYOR SIN CARGO","2026-08-30","https://api.bcra.gob.ar/transparencia/v1.0/Prestamos/Personales"
"17","BANCO BBVA ARGENTINA S.A.","2026-08-27","PRESTAMOS PERSONAL","PRESTAMO PERSONAL","Pesos","Empleados públicos","Fija","1000","70000000","72","272000","30","158,91","207,94","49,03","130,105306","1011","0","SI TRANSCURRIERON AL MENOS DESDE SU OTORGAMIENTO 180 DIAS O PORC DEL PLAZO TOTAL ORIGINAL DE AMBAS CONDICIONES LA MAYOR SIN CARGO","2026-08-30","https://api.bcra.gob.ar/transparencia/v1.0/Prestamos/Personales"
"17","BANCO BBVA ARGENTINA S.A.","2026-08-27","PRESTAMOS PERSONAL","PRESTAMO PERSONAL","Pesos","Personas humanas en relación de dependencia","Fija","1000","70000000","72","272000","30","158,91","207,94","49,03","130,105306","1011","0","SI TRANSCURRIERON AL MENOS DESDE SU OTORGAMIENTO 180 DIAS O PORC DEL PLAZO TOTAL ORIGINAL DE AMBAS CONDICIONES LA MAYOR SIN CARGO","2026-08-30","https://api.bcra.gob.ar/transparencia/v1.0/Prestamos/Personales"
"17","BANCO BBVA ARGENTINA S.A.","2026-08-27","PRESTAMOS PERSONAL","PRESTAMO PERSONAL","Pesos","Personas humanas Monotributistas","Fija","1000","70000000","72","272000","30","158,91","207,94","49,03","130,105306","1011","0","SI TRANSCURRIERON AL MENOS DESDE SU OTORGAMIENTO 180 DIAS O PORC DEL PLAZO TOTAL ORIGINAL DE AMBAS CONDICIONES LA MAYOR SIN CARGO","2026-08-30","https://api.bcra.gob.ar/transparencia/v1.0/Prestamos/Personales"
"17","BANCO BBVA ARGENTINA S.A.","2026-08-27","PRESTAMOS PERSONAL","PRESTAMO PERSONAL","Pesos","Personas humanas Responsables Inscriptos","Fija","1000","70000000","72","272000","30","158,91","207,94","49,03","130,105306","1011","0","SI TRANSCURRIERON AL MENOS DESDE SU OTORGAMIENTO 180 DIAS O PORC DEL PLAZO TOTAL ORIGINAL DE AMBAS CONDICIONES LA MAYOR SIN CARGO","2026-08-30","https://api.bcra.gob.ar/transparencia/v1.0/Prestamos/Personales"
"20","BANCO DE LA PROVINCIA DE CORDOBA S.A.","2026-06-11","PRESTAMO PERSONAL  MULTIDESTINO","PP MULTIDESTINO","Pesos","Beneficiarios de cuentas de la seguridad social","Fija","1000","138720000","72","357800","30","58,59","74,34","15,75","30,273947","50169","4",,"2026-08-30","https://api.bcra.gob.ar/transparencia/v1.0/Prestamos/Personales"
"20","BANCO DE LA PROVINCIA DE CORDOBA S.A.","2026-06-11","PRESTAMO PERSONAL  MULTIDESTINO","PP MULTIDESTINO","Pesos","Clientes con cuenta en la entidad","Fija","1000","138720000","72","715600","30","58,59","74,34","15,75","30,273947","50169","4",,"2026-08-30","https://api.bcra.gob.ar/transparencia/v1.0/Prestamos/Personales"
"20","BANCO DE LA PROVINCIA DE CORDOBA S.A.","2026-06-11","PRESTAMO PERSONAL  MULTIDESTINO","PP MULTIDESTINO","Pesos","Clientes que acrediten sueldos en la entidad","Fija","1000","138720000","72","357800","30","58,59","74,34","15,75","30,273947","50169","4",,"2026-08-30","https://api.bcra.gob.ar/transparencia/v1.0/Prestamos/Personales"
"20","BANCO DE LA PROVINCIA DE CORDOBA S.A.","2026-06-11","PRESTAMO PERSONAL  MULTIDESTINO","PP MULTIDESTINO","Pesos","Empleados públicos","Fija","1000","138720000","72","357800","30","58,59","74,34","15,75","30,273947","50169","4",,"2026-08-30","https://api.bcra.gob.ar/transparencia/v1.0/Prestamos/Personales"
"20","BANCO DE LA PROVINCIA DE CORDOBA S.A.","2026-06-11","PRESTAMO PERSONAL  MULTIDESTINO","PP MULTIDESTINO","Pesos","Personas humanas en relación de dependencia","Fija","1000","138720000","72","357800","30","58,59","74,34","15,75","30,273947","50169","4",,"2026-08-30","https://api.bcra.gob.ar/transparencia/v1.0/Prestamos/Personales"
"20","BANCO DE LA PROVINCIA DE CORDOBA S.A.","2026-06-11","PRESTAMO PERSONAL  MULTIDESTINO","PP MULTIDESTINO","Pesos","Personas humanas Monotributistas","Fija","1000","138720000","72","715600","30","58,59","74,34","15,75","30,273947","50169","4",,"2026-08-30","https://api.bcra.gob.ar/transparencia/v1.0/Prestamos/Personales"
"20","BANCO DE LA PROVINCIA DE CORDOBA S.A.","2026-06-11","PRESTAMO PERSONAL  MULTIDESTINO","PP MULTIDESTINO","Pesos","Personas humanas Responsables Inscriptos","Fija","1000","138720000","72","715600","30","58,59","74,34","15,75","30,273947","50169","4",,"2026-08-30","https://api.bcra.gob.ar/transparencia/v1.0/Prestamos/Personales"
"27","BANCO SUPERVIELLE S.A.","2026-08-21","PRESTAMOS PERSONALES","PP","Pesos","Beneficiarios de cuentas de la seguridad social","Fija","6000","75000000","60","101000","50","151,94","203,27","51,33","126,615692","110681","24",,"2026-08-30","https://api.bcra.gob.ar/transparencia/v1.0/Prestamos/Personales"
"27","BANCO SUPERVIELLE S.A.","2026-08-21","PRESTAMOS PERSONALES","PP","Pesos","Beneficiarios de cuentas de la seguridad social","Fija","6000","75000000","60","101000","50","151,94","203,27","51,33","126,615692","110681","19",,"2026-08-30","https://api.bcra.gob.ar/transparencia/v1.0/Prestamos/Personales"
"27","BANCO SUPERVIELLE S.A.","2026-08-21","PRESTAMOS PERSONALES","PP","Pesos","Beneficiarios de cuentas de la seguridad social","Fija","6000","75000000","60","101000","50","151,94","203,27","51,33","126,615692","110681","21",,"2026-08-30","https://api.bcra.gob.ar/transparencia/v1.0/Prestamos/Personales"
"27","BANCO SUPERVIELLE S.A.","2026-08-21","PRESTAMOS PERSONALES","PP","Pesos","Beneficiarios de cuentas de la seguridad social","Fija","6000","75000000","60","101000","50","151,94","203,27","51,33","126,615692","110681","18",,"2026-08-30","https://api.bcra.gob.ar/transparencia/v1.0/Prestamos/Personales"
"27","BANCO SUPERVIELLE S.A.","2026-08-21","PRESTAMOS PERSONALES","PP","Pesos","Beneficiarios de cuentas de la seguridad social","Fija","6000","75000000","60","101000","50","151,94","203,27","51,33","126,615692","110681","4",,"2026-08-30","https://api.bcra.gob.ar/transparencia/v1.0/Prestamos/Personales"
"27","BANCO SUPERVIELLE S.A.","2026-08-21","PRESTAMOS PERSONALES","PP","Pesos","Beneficiarios de cuentas de la seguridad social","Fija","6000","75000000","60","101000","50","151,94","203,27","51,33","126,615692","110681","13",,"2026-08-30","https://api.bcra.gob.ar/transparencia/v1.0/Prestamos/Personales"
"27","BANCO SUPERVIELLE S.A.","2026-08-21","PRESTAMOS PERSONALES","PP","Pesos","Beneficiarios de cuentas de la seguridad social","Fija","6000","75000000","60","101000","50","151,94","203,27","51,33","126,615692","110681","2",,"2026-08-30","https://api.bcra.gob.ar/transparencia/v1.0/Prestamos/Personales"
"27","BANCO SUPERVIELLE S.A.","2026-08-21","PRESTAMOS PERSONALES","PP","Pesos","Beneficiarios de cuentas de la seguridad social","Fija","6000","75000000","60","101000","50","151,94","203,27","51,33","126,615692","110681","1",,"2026-08-30","https://api.bcra.gob.ar/transparencia/v1.0/Prestamos/Personales"
"27","BANCO SUPERVIELLE S.A.","2026-08-21","PRESTAMOS PERSONALES","PP","Pesos","Clientes con cuenta en la entidad","Fija","10000","75000000","72","380000","30","266,27","373,07","106,8","253,497166","145675","4",,"2026-08-30","https://api.bcra.gob.ar/transparencia/v1.0/Prestamos/Personales"
"27","BANCO SUPERVIELLE S.A.","2026-08-21","PRESTAMOS PERSONALES","PP","Pesos","Clientes con cuenta en la entidad","Fija","10000","75000000","72","380000","30","266,27","373,07","106,8","253,497166","145675","19",,"2026-08-30","https://api.bcra.gob.ar/transparencia/v1.0/Prestamos/Personales"
"27","BANCO SUPERVIELLE S.A.","2026-08-21","PRESTAMOS PERSONALES","PP","Pesos","Clientes con cuenta en la entidad","Fija","10000","75000000","72","380000","30","266,27","373,07","106,8","253,497166","145675","24",,"2026-08-30","https://api.bcra.gob.ar/transparencia/v1.0/Prestamos/Personales"
"27","BANCO SUPERVIELLE S.A.","2026-08-21","PRESTAMOS PERSONALES","PP","Pesos","Clientes con cuenta en la entidad","Fija","10000","75000000","72","380000","30","266,27","373,07","106,8","253,497166","145675","1",,"2026-08-30","https://api.bcra.gob.ar/transparencia/v1.0/Prestamos/Personales"
"27","BANCO SUPERVIELLE S.A.","2026-08-21","PRESTAMOS PERSONALES","PP","Pesos","Clientes con cuenta en la entidad","Fija","10000","75000000","72","380000","30","266,27","373,07","106,8","253,497166","145675","18",,"2026-08-30","https://api.bcra.gob.ar/transparencia/v1.0/Prestamos/Personales"
"27","BANCO SUPERVIELLE S.A.","2026-08-21","PRESTAMOS PERSONALES","PP","Pesos","Clientes con cuenta en la entidad","Fija","10000","75000000","72","380000","30","266,27","373,07","106,8","253,497166","145675","13",,"2026-08-30","https://api.bcra.gob.ar/transparencia/v1.0/Prestamos/Personales"
"27","BANCO SUPERVIELLE S.A.","2026-08-21","PRESTAMOS PERSONALES","PP","Pesos","Clientes con cuenta en la entidad","Fija","10000","75000000","72","380000","30","266,27","373,07","106,8","253,497166","145675","2",,"2026-08-30","https://api.bcra.gob.ar/transparencia/v1.0/Prestamos/Personales"
"27","BANCO SUPERVIELLE S.A.","2026-08-21","PRESTAMOS PERSONALES","PP","Pesos","Clientes con cuenta en la entidad","Fija","10000","75000000","72","380000","30","266,27","373,07","106,8","253,497166","145675","21",,"2026-08-30","https://api.bcra.gob.ar/transparencia/v1.0/Prestamos/Personales"
"27","BANCO SUPERVIELLE S.A.","2026-08-21","PRESTAMOS PERSONALES","PP","Pesos","Clientes que acrediten sueldos en la entidad","Fija","10000","75000000","72","280000","30","315,12","448,63","133,51","309,958674","158142","24",,"2026-08-30","https://api.bcra.gob.ar/transparencia/v1.0/Prestamos/Personales"
"27","BANCO SUPERVIELLE S.A.","2026-08-21","PRESTAMOS PERSONALES","PP","Pesos","Clientes que acrediten sueldos en la entidad","Fija","10000","75000000","72","280000","30","315,12","448,63","133,51","309,958674","158142","4",,"2026-08-30","https://api.bcra.gob.ar/transparencia/v1.0/Prestamos/Personales"
"27","BANCO SUPERVIELLE S.A.","2026-08-21","PRESTAMOS PERSONALES","PP","Pesos","Clientes que acrediten sueldos en la entidad","Fija","10000","75000000","72","280000","30","315,12","448,63","133,51","309,958674","158142","13",,"2026-08-30","https://api.bcra.gob.ar/transparencia/v1.0/Prestamos/Personales"
"27","BANCO SUPERVIELLE S.A.","2026-08-21","PRESTAMOS PERSONALES","PP","Pesos","Clientes que acrediten sueldos en la entidad","Fija","10000","75000000","72","280000","30","315,12","448,63","133,51","309,958674","158142","18",,"2026-08-30","https://api.bcra.gob.ar/transparencia/v1.0/Prestamos/Personales"
"27","BANCO SUPERVIELLE S.A.","2026-08-21","PRESTAMOS PERSONALES","PP","Pesos","Clientes que acrediten sueldos en la entidad","Fija","10000","75000000","72","280000","30","315,12","448,63","133,51","309,958674","158142","21",,"2026-08-30","https://api.bcra.gob.ar/transparencia/v1.0/Prestamos/Personales"
"27","BANCO SUPERVIELLE S.A.","2026-08-21","PRESTAMOS PERSONALES","PP","Pesos","Clientes que acrediten sueldos en la entidad","Fija","10000","75000000","72","280000","30","315,12","448,63","133,51","309,958674","158142","19",,"2026-08-30","https://api.bcra.gob.ar/transparencia/v1.0/Prestamos/Personales"
"27","BANCO SUPERVIELLE S.A.","2026-08-21","PRESTAMOS PERSONALES","PP","Pesos","Clientes que acrediten sueldos en la entidad","Fija","10000","75000000","72","280000","30","315,12","448,63","133,51","309,958674","158142","2",,"2026-08-30","https://api.bcra.gob.ar/transparencia/v1.0/Prestamos/Personales"
"27","BANCO SUPERVIELLE S.A.","2026-08-21","PRESTAMOS PERSONALES","PP","Pesos","Clientes que acrediten sueldos en la entidad","Fija","10000","75000000","72","280000","30","315,12","448,63","133,51","309,958674","158142","1",,"2026-08-30","https://api.bcra.gob.ar/transparencia/v1.0/Prestamos/Personales"
"27","BANCO SUPERVIELLE S.A.","2026-08-21","PRESTAMOS PERSONALES","PP","Pesos","Personas humanas en relación de dependencia","Fija","10000","75000000","72","380000","30","266,27","373,07","106,8","253,497166","145675","2",,"2026-08-30","https://api.bcra.gob.ar/transparencia/v1.0/Prestamos/Personales"
"27","BANCO SUPERVIELLE S.A.","2026-08-21","PRESTAMOS PERSONALES","PP","Pesos","Personas humanas en relación de dependencia","Fija","10000","75000000","72","380000","30","266,27","373,07","106,8","253,497166","145675","13",,"2026-08-30","https://api.bcra.gob.ar/transparencia/v1.0/Prestamos/Personales"
"27","BANCO SUPERVIELLE S.A.","2026-08-21","PRESTAMOS PERSONALES","PP","Pesos","Personas humanas en relación de dependencia","Fija","10000","75000000","72","380000","30","266,27","373,07","106,8","253,497166","145675","18",,"2026-08-30","https://api.bcra.gob.ar/transparencia/v1.0/Prestamos/Personales"
"27","BANCO SUPERVIELLE S.A.","2026-08-21","PRESTAMOS PERSONALES","PP","Pesos","Personas humanas en relación de dependencia","Fija","10000","75000000","72","380000","30","266,27","373,07","106,8","253,497166","145675","19",,"2026-08-30","https://api.bcra.gob.ar/transparencia/v1.0/Prestamos/Personales"
"27","BANCO SUPERVIELLE S.A.","2026-08-21","PRESTAMOS PERSONALES","PP","Pesos","Personas humanas en relación de dependencia","Fija","10000","75000000","72","380000","30","266,27","373,07","106,8","253,497166","145675","4",,"2026-08-30","https://api.bcra.gob.ar/transparencia/v1.0/Prestamos/Personales"
"27","BANCO SUPERVIELLE S.A.","2026-08-21","PRESTAMOS PERSONALES","PP","Pesos","Personas humanas en relación de dependencia","Fija","10000","75000000","72","380000","30","266,27","373,07","106,8","253,497166","145675","1",,"2026-08-30","https://api.bcra.gob.ar/transparencia/v1.0/Prestamos/Personales"
"27","BANCO SUPERVIELLE S.A.","2026-08-21","PRESTAMOS PERSONALES","PP","Pesos","Personas humanas en relación de dependencia","Fija","10000","75000000","72","380000","30","266,27","373,07","106,8","253,497166","145675","24",,"2026-08-30","https://api.bcra.gob.ar/transparencia/v1.0/Prestamos/Personales"
"27","BANCO SUPERVIELLE S.A.","2026-08-21","PRESTAMOS PERSONALES","PP","Pesos","Personas humanas en relación de dependencia","Fija","10000","75000000","72","380000","30","266,27","373,07","106,8","253,497166","145675","21",,"2026-08-30","https://api.bcra.gob.ar/transparencia/v1.0/Prestamos/Personales"
"27","BANCO SUPERVIELLE S.A.","2026-08-21","PRESTAMOS PERSONALES","PP","Pesos","Personas humanas Monotributistas","Fija","10000","75000000","72","380000","30","266,27","373,07","106,8","253,497166","145675","2",,"2026-08-30","https://api.bcra.gob.ar/transparencia/v1.0/Prestamos/Personales"
"27","BANCO SUPERVIELLE S.A.","2026-08-21","PRESTAMOS PERSONALES","PP","Pesos","Personas humanas Monotributistas","Fija","10000","75000000","72","380000","30","266,27","373,07","106,8","253,497166","145675","18",,"2026-08-30","https://api.bcra.gob.ar/transparencia/v1.0/Prestamos/Personales"
"27","BANCO SUPERVIELLE S.A.","2026-08-21","PRESTAMOS PERSONALES","PP","Pesos","Personas humanas Monotributistas","Fija","10000","75000000","72","380000","30","266,27","373,07","106,8","253,497166","145675","24",,"2026-08-30","https://api.bcra.gob.ar/transparencia/v1.0/Prestamos/Personales"
"27","BANCO SUPERVIELLE S.A.","2026-08-21","PRESTAMOS PERSONALES","PP","Pesos","Personas humanas Monotributistas","Fija","10000","75000000","72","380000","30","266,27","373,07","106,8","253,497166","145675","21",,"2026-08-30","https://api.bcra.gob.ar/transparencia/v1.0/Prestamos/Personales"
"27","BANCO SUPERVIELLE S.A.","2026-08-21","PRESTAMOS PERSONALES","PP","Pesos","Personas humanas Monotributistas","Fija","10000","75000000","72","380000","30","266,27","373,07","106,8","253,497166","145675","13",,"2026-08-30","https://api.bcra.gob.ar/transparencia/v1.0/Prestamos/Personales"
"27","BANCO SUPERVIELLE S.A.","2026-08-21","PRESTAMOS PERSONALES","PP","Pesos","Personas humanas Monotributistas","Fija","10000","75000000","72","380000","30","266,27","373,07","106,8","253,497166","145675","1",,"2026-08-30","https://api.bcra.gob.ar/transparencia/v1.0/Prestamos/Personales"
"27","BANCO SUPERVIELLE S.A.","2026-08-21","PRESTAMOS PERSONALES","PP","Pesos","Personas humanas Monotributistas","Fija","10000","75000000","72","380000","30","266,27","373,07","106,8","253,497166","145675","4",,"2026-08-30","https://api.bcra.gob.ar/transparencia/v1.0/Prestamos/Personales"
"27","BANCO SUPERVIELLE S.A.","2026-08-21","PRESTAMOS PERSONALES","PP","Pesos","Personas humanas Monotributistas","Fija","10000","75000000","72","380000","30","266,27","373,07","106,8","253,497166","145675","19",,"2026-08-30","https://api.bcra.gob.ar/transparencia/v1.0/Prestamos/Personales"
"27","BANCO SUPERVIELLE S.A.","2026-08-21","PRESTAMOS PERSONALES","PP","Pesos","Personas humanas Responsables Inscriptos","Fija","10000","75000000","72","380000","30","266,27","373,07","106,8","253,497166","145675","1",,"2026-08-30","https://api.bcra.gob.ar/transparencia/v1.0/Prestamos/Personales"
"27","BANCO SUPERVIELLE S.A.","2026-08-21","PRESTAMOS PERSONALES","PP","Pesos","Personas humanas Responsables Inscriptos","Fija","10000","75000000","72","380000","30","266,27","373,07","106,8","253,497166","145675","4",,"2026-08-30","https://api.bcra.gob.ar/transparencia/v1.0/Prestamos/Personales"
"27","BANCO SUPERVIELLE S.A.","2026-08-21","PRESTAMOS PERSONALES","PP","Pesos","Personas humanas Responsables Inscriptos","Fija","10000","75000000","72","380000","30","266,27","373,07","106,8","253,497166","145675","24",,"2026-08-30","https://api.bcra.gob.ar/transparencia/v1.0/Prestamos/Personales"
"27","BANCO SUPERVIELLE S.A.","2026-08-21","PRESTAMOS PERSONALES","PP","Pesos","Personas humanas Responsables Inscriptos","Fija","10000","75000000","72","380000","30","266,27","373,07","106,8","253,497166","145675","18",,"2026-08-30","https://api.bcra.gob.ar/transparencia/v1.0/Prestamos/Personales"
"27","BANCO SUPERVIELLE S.A.","2026-08-21","PRESTAMOS PERSONALES","PP","Pesos","Personas humanas Responsables Inscriptos","Fija","10000","75000000","72","380000","30","266,27","373,07","106,8","253,497166","145675","2",,"2026-08-30","https://api.bcra.gob.ar/transparencia/v1.0/Prestamos/Personales"
"27","BANCO SUPERVIELLE S.A.","2026-08-21","PRESTAMOS PERSONALES","PP","Pesos","Personas humanas Responsables Inscriptos","Fija","10000","75000000","72","380000","30","266,27","373,07","106,8","253,497166","145675","21",,"2026-08-30","https://api.bcra.gob.ar/transparencia/v1.0/Prestamos/Personales"
"27","BANCO SUPERVIELLE S.A.","2026-08-21","PRESTAMOS PERSONALES","PP","Pesos","Personas humanas Responsables Inscriptos","Fija","10000","75000000","72","380000","30","266,27","373,07","106,8","253,497166","145675","19",,"2026-08-30","https://api.bcra.gob.ar/transparencia/v1.0/Prestamos/Personales"
"27","BANCO SUPERVIELLE S.A.","2026-08-21","PRESTAMOS PERSONALES","PP","Pesos","Personas humanas Responsables Inscriptos","Fija","10000","75000000","72","380000","30","266,27","373,07","106,8","253,497166","145675","13",,"2026-08-30","https://api.bcra.gob.ar/transparencia/v1.0/Prestamos/Personales"
"29","BANCO DE LA CIUDAD DE BUENOS AIRES","2026-06-24","CIUDAD VELOZ PLAN SUELDO","CIUDAD VELOZ PLAN SUELDO","Pesos","Clientes que acrediten sueldos en la entidad","Fija","1","40000000","72","735600","40","97,46","126,7","29,24","69,39947","726","1","NO APLICA","2026-08-30","https://api.bcra.gob.ar/transparencia/v1.0/Prestamos/Personales"
"29","BANCO DE LA CIUDAD DE BUENOS AIRES","2026-06-24","CIUDAD VELOZ PLAN SUELDO","CIUDAD VELOZ PLAN SUELDO","Pesos","Clientes que acrediten sueldos en la entidad","Fija","1","40000000","72","735600","40","97,46","126,7","29,24","69,39947","726","24","NO APLICA","2026-08-30","https://api.bcra.gob.ar/transparencia/v1.0/Prestamos/Personales"
"29","BANCO DE LA CIUDAD DE BUENOS AIRES","2026-06-24","CIUDAD VELOZ PLAN SUELDO","CIUDAD VELOZ PLAN SUELDO","Pesos","Clientes que acrediten sueldos en la entidad","Fija","1","40000000","72","735600","40","97,46","126,7","29,24","69,39947","726","13","NO APLICA","2026-08-30","https://api.bcra.gob.ar/transparencia/v1.0/Prestamos/Personales"
"29","BANCO DE LA CIUDAD DE BUENOS AIRES","2026-06-24","CIUDAD VELOZ PLAN SUELDO","CIUDAD VELOZ PLAN SUELDO","Pesos","Clientes que acrediten sueldos en la entidad","Fija","1","40000000","72","735600","40","97,46","126,7","29,24","69,39947","726","2","NO APLICA","2026-08-30","https://api.bcra.gob.ar/transparencia/v1.0/Prestamos/Personales"
"29","BANCO DE LA CIUDAD DE BUENOS AIRES","2026-06-24","CIUDAD VELOZ PLAN SUELDO","CIUDAD VELOZ PLAN SUELDO","Pesos","Clientes que acrediten sueldos en la entidad","Fija","1","40000000","72","735600","40","97,46","126,7","29,24","69,39947","726","4","NO APLICA","2026-08-30","https://api.bcra.gob.ar/transparencia/v1.0/Prestamos/Personales"
"29","BANCO DE LA CIUDAD DE BUENOS AIRES","2026-06-24","CIUDAD VELOZ PLAN SUELDO","CIUDAD VELOZ PLAN SUELDO","Pesos","Clientes que acrediten sueldos en la entidad","Fija","1","40000000","72","735600","40","97,46","126,7","29,24","69,39947","726","17","NO APLICA","2026-08-30","https://api.bcra.gob.ar/transparencia/v1.0/Prestamos/Personales"
"29","BANCO DE LA CIUDAD DE BUENOS AIRES","2026-06-24","CIUDAD VELOZ PLAN SUELDO","CIUDAD VELOZ PLAN SUELDO","Pesos","Empleados públicos","Fija","1","40000000","72","735600","40","97,46","126,7","29,24","69,39947","726","24","NO APLICA","2026-08-30","https://api.bcra.gob.ar/transparencia/v1.0/Prestamos/Personales"
"29","BANCO DE LA CIUDAD DE BUENOS AIRES","2026-06-24","CIUDAD VELOZ PLAN SUELDO","CIUDAD VELOZ PLAN SUELDO","Pesos","Empleados públicos","Fija","1","40000000","72","735600","40","97,46","126,7","29,24","69,39947","726","4","NO APLICA","2026-08-30","https://api.bcra.gob.ar/transparencia/v1.0/Prestamos/Personales"
"29","BANCO DE LA CIUDAD DE BUENOS AIRES","2026-06-24","CIUDAD VELOZ PLAN SUELDO","CIUDAD VELOZ PLAN SUELDO","Pesos","Empleados públicos","Fija","1","40000000","72","735600","40","97,46","126,7","29,24","69,39947","726","1","NO APLICA","2026-08-30","https://api.bcra.gob.ar/transparencia/v1.0/Prestamos/Personales"
"29","BANCO DE LA CIUDAD DE BUENOS AIRES","2026-06-24","CIUDAD VELOZ PLAN SUELDO","CIUDAD VELOZ PLAN SUELDO","Pesos","Empleados públicos","Fija","1","40000000","72","735600","40","97,46","126,7","29,24","69,39947","726","17","NO APLICA","2026-08-30","https://api.bcra.gob.ar/transparencia/v1.0/Prestamos/Personales"
"29","BANCO DE LA CIUDAD DE BUENOS AIRES","2026-06-24","CIUDAD VELOZ PLAN SUELDO","CIUDAD VELOZ PLAN SUELDO","Pesos","Empleados públicos","Fija","1","40000000","72","735600","40","97,46","126,7","29,24","69,39947","726","2","NO APLICA","2026-08-30","https://api.bcra.gob.ar/transparencia/v1.0/Prestamos/Personales"
"29","BANCO DE LA CIUDAD DE BUENOS AIRES","2026-06-24","CIUDAD VELOZ PLAN SUELDO","CIUDAD VELOZ PLAN SUELDO","Pesos","Empleados públicos","Fija","1","40000000","72","735600","40","97,46","126,7","29,24","69,39947","726","13","NO APLICA","2026-08-30","https://api.bcra.gob.ar/transparencia/v1.0/Prestamos/Personales"
"34","BANCO PATAGONIA S.A.","2026-03-26","PRESTAMO PERSONAL PATAGONIA SIMPLE","PP TRADICIONAL","Pesos","Todos los beneficiarios","Fija","10000","30000000","60","0","50","173,78","234,52","60,74","149,966965","1038","0","DE ACUERDO A LA JURISDICCION DE RADICACION DE LA CUENTA ES SUSCEPTIBLE DE SER ALCANZADO POR IMPUESTOS PROVINCIALES.","2026-08-30","https://api.bcra.gob.ar/transparencia/v1.0/Prestamos/Personales"
"34","BANCO PATAGONIA S.A.","2026-03-26","PRESTAMO PERSONAL PATAGONIA SIMPLE","PP PLUS","Pesos","Todos los beneficiarios","Fija","10000","30000000","60","400000","50","129,55","171,24","41,69","102,681572","853","0","DE ACUERDO A LA JURISDICCION DE RADICACION DE LA CUENTA ES SUSCEPTIBLE DE SER ALCANZADO POR IMPUESTOS PROVINCIALES. LOS INGRESOS MINIMOS CORRESPONDEN A INGRESOS NETOS MENSUALES PARA LA LINEA PATAGONIA PLUS.","2026-08-30","https://api.bcra.gob.ar/transparencia/v1.0/Prestamos/Personales"
"44","BANCO HIPOTECARIO S.A.","2026-08-12","PRESTAMO PERSONAL CARTERA GENERAL","PMO. PERS CG","Pesos","Clientes con cuenta en la entidad","Fija","20000","100000000","36","828520","25","195,71","266,98","71,27","174,222398","1117","0",,"2026-08-30","https://api.bcra.gob.ar/transparencia/v1.0/Prestamos/Personales"
"44","BANCO HIPOTECARIO S.A.","2026-08-12","PRESTAMO PERSONAL MERCADO ABIERTO","PMO. PERS MA","Pesos","Personas humanas en relación de dependencia","Fija","20000","100000000","36","828520","25","195,71","266,98","71,27","174,222398","1117","0",,"2026-08-30","https://api.bcra.gob.ar/transparencia/v1.0/Prestamos/Personales"
"44","BANCO HIPOTECARIO S.A.","2026-08-12","PRESTAMO PERSONAL PLAN SUELDO","PMO. PERS PS","Pesos","Clientes que acrediten sueldos en la entidad","Fija","20000","100000000","36","828520","25","171,77","231,91","60,14","148,016666","1035","0",,"2026-08-30","https://api.bcra.gob.ar/transparencia/v1.0/Prestamos/Personales"
"45","BANCO DE SAN JUAN S.A.","2026-08-03","PRESTAMOS PARA EMPLEADOS PUBLICOS PROVINCIALES","P.P.EMPLEADOS PCOS","Pesos","Empleados públicos","Fija","4500","50000000","72","2000","40","129,16","129,16","0","71,237683","66875","0","COMISION CANCELACION ANTICIPADA PARA PRESTAMOS: ESTA COMISION SE APLICA SIEMPRE QUE NO HAYA TRANSCURRIDO, AL MENOS, LA CUARTA PARTE DEL PLAZO ORIGINAL O 180 DIAS CORRIDOS DESDE SU OTORGAMIENTO, DE AMBOS, EL MAYOR. CFT EXPRESADO EN TEA INCLUYE EL IVA Y EL IMPUESTO DE SELLOS DE LA PROVINCIA DE SAN JUAN:      129.16 PORCIENTO","2026-08-30","https://api.bcra.gob.ar/transparencia/v1.0/Prestamos/Personales"
"65","BANCO MUNICIPAL DE ROSARIO","2026-07-31","CLIENTELA GENERAL TASA FIJA","CLIENTELA GENERAL","Pesos","Clientes con cuenta en la entidad","Fija","1000","50000000","60","10000","30","117,02","153,78","36,76","89,634749","86521","0","EL COSTO FINANCIERO EFECTIVO TOTAL MAXIMO Y EL CARGO MAXIMO POR CANCELACION ANTICIPADA INCLUYEN IVA","2026-08-30","https://api.bcra.gob.ar/transparencia/v1.0/Prestamos/Personales"
"65","BANCO MUNICIPAL DE ROSARIO","2026-07-31","CLIENTELA GENERAL TASA FIJA","CLIENTELA GENERAL","Pesos","Empleados públicos","Fija","1000","50000000","60","10000","30","117,02","153,78","36,76","89,634749","86521","0","EL COSTO FINANCIERO EFECTIVO TOTAL MAXIMO Y EL CARGO MAXIMO POR CANCELACION ANTICIPADA INCLUYEN IVA","2026-08-30","https://api.bcra.gob.ar/transparencia/v1.0/Prestamos/Personales"
"65","BANCO MUNICIPAL DE ROSARIO","2026-07-31","CLIENTELA GENERAL TASA FIJA","CLIENTELA GENERAL","Pesos","Personas humanas en relación de dependencia","Fija","1000","50000000","60","10000","30","117,02","153,78","36,76","89,634749","86521","0","EL COSTO FINANCIERO EFECTIVO TOTAL MAXIMO Y EL CARGO MAXIMO POR CANCELACION ANTICIPADA INCLUYEN IVA","2026-08-30","https://api.bcra.gob.ar/transparencia/v1.0/Prestamos/Personales"
"65","BANCO MUNICIPAL DE ROSARIO","2026-07-31","CLIENTELA GENERAL TASA FIJA","CLIENTELA GENERAL","Pesos","Personas humanas Monotributistas","Fija","1000","50000000","60","10000","30","117,02","153,78","36,76","89,634749","86521","0","EL COSTO FINANCIERO EFECTIVO TOTAL MAXIMO Y EL CARGO MAXIMO POR CANCELACION ANTICIPADA INCLUYEN IVA","2026-08-30","https://api.bcra.gob.ar/transparencia/v1.0/Prestamos/Personales"
"65","BANCO MUNICIPAL DE ROSARIO","2026-07-31","CLIENTELA GENERAL TASA FIJA","CLIENTELA GENERAL","Pesos","Personas humanas Responsables Inscriptos","Fija","1000","50000000","60","10000","30","117,02","153,78","36,76","89,634749","86521","0","EL COSTO FINANCIERO EFECTIVO TOTAL MAXIMO Y EL CARGO MAXIMO POR CANCELACION ANTICIPADA INCLUYEN IVA","2026-08-30","https://api.bcra.gob.ar/transparencia/v1.0/Prestamos/Personales"
"72","BANCO SANTANDER ARGENTINA S.A.","2026-07-02","ADELANTO DE SUELDO","ADELANTO DE SUELDO","Pesos","Clientes que acrediten sueldos en la entidad","Fija","10000","50000000","2","810000","30","125,22","165,29","40,07","98,23549","567792","0","EN LA CUOTA NO SE INCLUYEN IMPUESTOS PROVINCIALES","2026-08-30","https://api.bcra.gob.ar/transparencia/v1.0/Prestamos/Personales"
"72","BANCO SANTANDER ARGENTINA S.A.","2026-07-02","SUPER PRESTAMO PERSONAL","SUPER PRESTAMO PERSONAL","Pesos","Clientes con cuenta en la entidad","Fija","10000","50000000","72","1150000","30","114,92","150,86","35,94","87,452806","80334","0","EN LA CUOTA NO SE INCLUYEN IMPUESTOS PROVINCIALES","2026-08-30","https://api.bcra.gob.ar/transparencia/v1.0/Prestamos/Personales"
"72","BANCO SANTANDER ARGENTINA S.A.","2026-07-02","SUPER PRESTAMO PERSONAL","SUPER PRESTAMO PERSONAL","Pesos","Clientes que acrediten sueldos en la entidad","Fija","10000","50000000","72","810000","30","114,92","150,86","35,94","87,452806","80334","0","EN LA CUOTA NO SE INCLUYEN IMPUESTOS PROVINCIALES","2026-08-30","https://api.bcra.gob.ar/transparencia/v1.0/Prestamos/Personales"
"72","BANCO SANTANDER ARGENTINA S.A.","2026-07-02","SUPER PRESTAMO PERSONAL","SUPER PRESTAMO PERSONAL","Pesos","Empleados públicos","Fija","10000","50000000","72","1150000","30","114,92","150,86","35,94","87,452806","80334","0","EN LA CUOTA NO SE INCLUYEN IMPUESTOS PROVINCIALES","2026-08-30","https://api.bcra.gob.ar/transparencia/v1.0/Prestamos/Personales"
"72","BANCO SANTANDER ARGENTINA S.A.","2026-07-02","SUPER PRESTAMO PERSONAL","SUPER PRESTAMO PERSONAL","Pesos","Personas humanas en relación de dependencia","Fija","10000","50000000","72","1150000","30","114,92","150,86","35,94","87,452806","80334","0","EN LA CUOTA NO SE INCLUYEN IMPUESTOS PROVINCIALES","2026-08-30","https://api.bcra.gob.ar/transparencia/v1.0/Prestamos/Personales"
"72","BANCO SANTANDER ARGENTINA S.A.","2026-07-02","SUPER PRESTAMO PERSONAL","SUPER PRESTAMO PERSONAL","Pesos","Personas humanas Monotributistas","Fija","10000","50000000","72","1150000","30","114,92","150,86","35,94","87,452806","80334","0","EN LA CUOTA NO SE INCLUYEN IMPUESTOS PROVINCIALES","2026-08-30","https://api.bcra.gob.ar/transparencia/v1.0/Prestamos/Personales"
"72","BANCO SANTANDER ARGENTINA S.A.","2026-07-02","SUPER PRESTAMO PERSONAL","SUPER PRESTAMO PERSONAL","Pesos","Personas humanas Responsables Inscriptos","Fija","10000","50000000","72","1150000","30","114,92","150,86","35,94","87,452806","80334","0","EN LA CUOTA NO SE INCLUYEN IMPUESTOS PROVINCIALES","2026-08-30","https://api.bcra.gob.ar/transparencia/v1.0/Prestamos/Personales"
"83","BANCO DEL CHUBUT S.A.","2026-07-31","PRESTAMOS PERSONALES CON DESCUENTO DE HABERES","RE 298 C ","Pesos","Clientes que acrediten sueldos en la entidad","Fija","0","40000000","36","0","40","102,23","133,28","31,05","74,316314","80574","16","COMISION APLICABLE CUANDO NO HAYA TRANSCURRIDO AL MENOS LA CUARTA PARTE DE LA FINANCIACION  O 180 DIAS  CORRIDOS DE SU OTORGAMIENTO DE AMBOS EL MAYOR ","2026-08-30","https://api.bcra.gob.ar/transparencia/v1.0/Prestamos/Personales"
"83","BANCO DEL CHUBUT S.A.","2026-07-31","PRESTAMOS PERSONALES CON DESCUENTO DE HABERES","RE 298 C ","Pesos","Clientes que acrediten sueldos en la entidad","Fija","0","40000000","36","0","40","102,23","133,28","31,05","74,316314","80574","7","COMISION APLICABLE CUANDO NO HAYA TRANSCURRIDO AL MENOS LA CUARTA PARTE DE LA FINANCIACION  O 180 DIAS  CORRIDOS DE SU OTORGAMIENTO DE AMBOS EL MAYOR ","2026-08-30","https://api.bcra.gob.ar/transparencia/v1.0/Prestamos/Personales"
"83","BANCO DEL CHUBUT S.A.","2026-07-31","PRESTAMOS PERSONALES CON DESCUENTO DE HABERES","RE 298 C ","Pesos","Clientes que acrediten sueldos en la entidad","Fija","0","40000000","36","0","40","102,23","133,28","31,05","74,316314","80574","1","COMISION APLICABLE CUANDO NO HAYA TRANSCURRIDO AL MENOS LA CUARTA PARTE DE LA FINANCIACION  O 180 DIAS  CORRIDOS DE SU OTORGAMIENTO DE AMBOS EL MAYOR ","2026-08-30","https://api.bcra.gob.ar/transparencia/v1.0/Prestamos/Personales"
"83","BANCO DEL CHUBUT S.A.","2026-07-31","PRESTAMOS PERSONALES CON DESCUENTO DE HABERES","RE 298 C ","Pesos","Clientes que acrediten sueldos en la entidad","Fija","0","40000000","60","0","40","102,23","133,28","31,05","74,316314","74011","7","COMISION APLICABLE CUANDO NO HAYA TRANSCURRIDO AL MENOS LA CUARTA PARTE DE LA FINANCIACION  O 180 DIAS  CORRIDOS DE SU OTORGAMIENTO DE AMBOS EL MAYOR ","2026-08-30","https://api.bcra.gob.ar/transparencia/v1.0/Prestamos/Personales"
"83","BANCO DEL CHUBUT S.A.","2026-07-31","PRESTAMOS PERSONALES CON DESCUENTO DE HABERES","RE 298 C ","Pesos","Clientes que acrediten sueldos en la entidad","Fija","0","40000000","60","0","40","102,23","133,28","31,05","74,316314","74011","16","COMISION APLICABLE CUANDO NO HAYA TRANSCURRIDO AL MENOS LA CUARTA PARTE DE LA FINANCIACION  O 180 DIAS  CORRIDOS DE SU OTORGAMIENTO DE AMBOS EL MAYOR ","2026-08-30","https://api.bcra.gob.ar/transparencia/v1.0/Prestamos/Personales"
"83","BANCO DEL CHUBUT S.A.","2026-07-31","PRESTAMOS PERSONALES CON DESCUENTO DE HABERES","RE 298 C ","Pesos","Clientes que acrediten sueldos en la entidad","Fija","0","40000000","60","0","40","102,23","133,28","31,05","74,316314","74011","1","COMISION APLICABLE CUANDO NO HAYA TRANSCURRIDO AL MENOS LA CUARTA PARTE DE LA FINANCIACION  O 180 DIAS  CORRIDOS DE SU OTORGAMIENTO DE AMBOS EL MAYOR ","2026-08-30","https://api.bcra.gob.ar/transparencia/v1.0/Prestamos/Personales"
"86","BANCO DE SANTA CRUZ S.A.","2026-06-02","PRESTAMO PERSONAL PARA EMPLEADOS ACTIVOS DE LA ADMINISTRACION PUBLICA PROVINCIAL","PRESTAMO PERSONAL","Pesos","Clientes que acrediten sueldos en la entidad","Fija","1000","50000000","72","50000","40","135","135","0","75,601568","65829","20","EN EL CASO DE PRE CANCELACION TOTAL, NO SE COBRARA LA COMISION DE CANCELACION ANTICIPADA CUANDO AL MOMENTO DE EFECTUARLA HAYA TRANSCURRIDO AL MENOS LA CUARTA PARTE DEL PLAZO ORIGINAL DE LA FINANCIACION O 180 DIAS CORRIDOS DESDE SU OTORGAMIENTO, DE AMBOS EL MAYOR.CFT EXPRESADO EN TEA INCLUYE EL IVA.","2026-08-30","https://api.bcra.gob.ar/transparencia/v1.0/Prestamos/Personales"
"93","BANCO DE LA PAMPA SA","2026-07-27","PRESTAMO PERSONAL","PREST PERS","Pesos","Beneficiarios de cuentas de la seguridad social","Fija","200000","10000000","60","15000","30","103,18","136,71","33,53","76,87935","74476","1","EL CFT INCLUYE IVA E IMPUESTO A LOS SELLOS SEGUN JURISDICCION. MONTO MAX PODRA REDUCIRSE A 2.000.000 SI SE SOLICITA POR CANALES ELECTRONICOS.","2026-08-30","https://api.bcra.gob.ar/transparencia/v1.0/Prestamos/Personales"
"93","BANCO DE LA PAMPA SA","2026-07-27","PRESTAMO PERSONAL","PREST PERS","Pesos","Beneficiarios de cuentas de la seguridad social","Fija","200000","10000000","60","15000","30","103,18","134,59","31,41","75,2952","74476","15","EL CFT INCLUYE IVA E IMPUESTO A LOS SELLOS SEGUN JURISDICCION. MONTO MAX PODRA REDUCIRSE A 2.000.000 SI SE SOLICITA POR CANALES ELECTRONICOS.","2026-08-30","https://api.bcra.gob.ar/transparencia/v1.0/Prestamos/Personales"
"93","BANCO DE LA PAMPA SA","2026-07-27","PRESTAMO PERSONAL","PREST PERS","Pesos","Beneficiarios de cuentas de la seguridad social","Fija","200000","10000000","60","15000","30","103,18","136,71","33,53","76,87935","74476","11","EL CFT INCLUYE IVA E IMPUESTO A LOS SELLOS SEGUN JURISDICCION. MONTO MAX PODRA REDUCIRSE A 2.000.000 SI SE SOLICITA POR CANALES ELECTRONICOS.","2026-08-30","https://api.bcra.gob.ar/transparencia/v1.0/Prestamos/Personales"
"93","BANCO DE LA PAMPA SA","2026-07-27","PRESTAMO PERSONAL","PREST PERS","Pesos","Beneficiarios de cuentas de la seguridad social","Fija","200000","10000000","60","15000","30","103,18","136,71","33,53","76,87935","74476","16","EL CFT INCLUYE IVA E IMPUESTO A LOS SELLOS SEGUN JURISDICCION. MONTO MAX PODRA REDUCIRSE A 2.000.000 SI SE SOLICITA POR CANALES ELECTRONICOS.","2026-08-30","https://api.bcra.gob.ar/transparencia/v1.0/Prestamos/Personales"
"93","BANCO DE LA PAMPA SA","2026-07-27","PRESTAMO PERSONAL","PREST PERS","Pesos","Beneficiarios de cuentas de la seguridad social","Fija","200000","10000000","60","15000","30","103,18","137,14","33,96","77,200664","74476","4","EL CFT INCLUYE IVA E IMPUESTO A LOS SELLOS SEGUN JURISDICCION. MONTO MAX PODRA REDUCIRSE A 2.000.000 SI SE SOLICITA POR CANALES ELECTRONICOS.","2026-08-30","https://api.bcra.gob.ar/transparencia/v1.0/Prestamos/Personales"
"93","BANCO DE LA PAMPA SA","2026-07-27","PRESTAMO PERSONAL","PREST PERS","Pesos","Beneficiarios de cuentas de la seguridad social","Fija","200000","10000000","60","15000","30","103,18","137,14","33,96","77,200664","74476","2","EL CFT INCLUYE IVA E IMPUESTO A LOS SELLOS SEGUN JURISDICCION. MONTO MAX PODRA REDUCIRSE A 2.000.000 SI SE SOLICITA POR CANALES ELECTRONICOS.","2026-08-30","https://api.bcra.gob.ar/transparencia/v1.0/Prestamos/Personales"
"93","BANCO DE LA PAMPA SA","2026-07-27","PRESTAMO PERSONAL","PREST PERS","Pesos","Clientes con cuenta en la entidad","Fija","200000","10000000","60","15000","30","103,18","134,59","31,41","75,2952","74476","15","EL CFT INCLUYE IVA E IMPUESTO A LOS SELLOS SEGUN JURISDICCION. MONTO MAX PODRA REDUCIRSE A 2.000.000 SI SE SOLICITA POR CANALES ELECTRONICOS.","2026-08-30","https://api.bcra.gob.ar/transparencia/v1.0/Prestamos/Personales"
"93","BANCO DE LA PAMPA SA","2026-07-27","PRESTAMO PERSONAL","PREST PERS","Pesos","Clientes con cuenta en la entidad","Fija","200000","10000000","60","15000","30","103,18","136,71","33,53","76,87935","74476","11","EL CFT INCLUYE IVA E IMPUESTO A LOS SELLOS SEGUN JURISDICCION. MONTO MAX PODRA REDUCIRSE A 2.000.000 SI SE SOLICITA POR CANALES ELECTRONICOS.","2026-08-30","https://api.bcra.gob.ar/transparencia/v1.0/Prestamos/Personales"
"93","BANCO DE LA PAMPA SA","2026-07-27","PRESTAMO PERSONAL","PREST PERS","Pesos","Clientes con cuenta en la entidad","Fija","200000","10000000","60","15000","30","103,18","137,14","33,96","77,200664","74476","2","EL CFT INCLUYE IVA E IMPUESTO A LOS SELLOS SEGUN JURISDICCION. MONTO MAX PODRA REDUCIRSE A 2.000.000 SI SE SOLICITA POR CANALES ELECTRONICOS.","2026-08-30","https://api.bcra.gob.ar/transparencia/v1.0/Prestamos/Personales"
"93","BANCO DE LA PAMPA SA","2026-07-27","PRESTAMO PERSONAL","PREST PERS","Pesos","Clientes con cuenta en la entidad","Fija","200000","10000000","60","15000","30","103,18","136,71","33,53","76,87935","74476","1","EL CFT INCLUYE IVA E IMPUESTO A LOS SELLOS SEGUN JURISDICCION. MONTO MAX PODRA REDUCIRSE A 2.000.000 SI SE SOLICITA POR CANALES ELECTRONICOS.","2026-08-30","https://api.bcra.gob.ar/transparencia/v1.0/Prestamos/Personales"
"93","BANCO DE LA PAMPA SA","2026-07-27","PRESTAMO PERSONAL","PREST PERS","Pesos","Clientes con cuenta en la entidad","Fija","200000","10000000","60","15000","30","103,18","137,14","33,96","77,200664","74476","4","EL CFT INCLUYE IVA E IMPUESTO A LOS SELLOS SEGUN JURISDICCION. MONTO MAX PODRA REDUCIRSE A 2.000.000 SI SE SOLICITA POR CANALES ELECTRONICOS.","2026-08-30","https://api.bcra.gob.ar/transparencia/v1.0/Prestamos/Personales"
"93","BANCO DE LA PAMPA SA","2026-07-27","PRESTAMO PERSONAL","PREST PERS","Pesos","Clientes con cuenta en la entidad","Fija","200000","10000000","60","15000","30","103,18","136,71","33,53","76,87935","74476","16","EL CFT INCLUYE IVA E IMPUESTO A LOS SELLOS SEGUN JURISDICCION. MONTO MAX PODRA REDUCIRSE A 2.000.000 SI SE SOLICITA POR CANALES ELECTRONICOS.","2026-08-30","https://api.bcra.gob.ar/transparencia/v1.0/Prestamos/Personales"
"93","BANCO DE LA PAMPA SA","2026-07-27","PRESTAMO PERSONAL","PREST PERS","Pesos","Clientes que acrediten sueldos en la entidad","Fija","200000","10000000","60","5000","30","103,18","137,14","33,96","77,200664","74476","4","EL CFT INCLUYE IVA E IMPUESTO A LOS SELLOS SEGUN JURISDICCION. MONTO MAX PODRA REDUCIRSE A 2.000.000 SI SE SOLICITA POR CANALES ELECTRONICOS.","2026-08-30","https://api.bcra.gob.ar/transparencia/v1.0/Prestamos/Personales"
"93","BANCO DE LA PAMPA SA","2026-07-27","PRESTAMO PERSONAL","PREST PERS","Pesos","Clientes que acrediten sueldos en la entidad","Fija","200000","10000000","60","5000","30","103,18","137,14","33,96","77,200664","74476","2","EL CFT INCLUYE IVA E IMPUESTO A LOS SELLOS SEGUN JURISDICCION. MONTO MAX PODRA REDUCIRSE A 2.000.000 SI SE SOLICITA POR CANALES ELECTRONICOS.","2026-08-30","https://api.bcra.gob.ar/transparencia/v1.0/Prestamos/Personales"
"93","BANCO DE LA PAMPA SA","2026-07-27","PRESTAMO PERSONAL","PREST PERS","Pesos","Clientes que acrediten sueldos en la entidad","Fija","200000","10000000","60","5000","30","103,18","136,71","33,53","76,87935","74476","16","EL CFT INCLUYE IVA E IMPUESTO A LOS SELLOS SEGUN JURISDICCION. MONTO MAX PODRA REDUCIRSE A 2.000.000 SI SE SOLICITA POR CANALES ELECTRONICOS.","2026-08-30","https://api.bcra.gob.ar/transparencia/v1.0/Prestamos/Personales"
"93","BANCO DE LA PAMPA SA","2026-07-27","PRESTAMO PERSONAL","PREST PERS","Pesos","Clientes que acrediten sueldos en la entidad","Fija","200000","10000000","60","5000","30","103,18","134,59","31,41","75,2952","74476","15","EL CFT INCLUYE IVA E IMPUESTO A LOS SELLOS SEGUN JURISDICCION. MONTO MAX PODRA REDUCIRSE A 2.000.000 SI SE SOLICITA POR CANALES ELECTRONICOS.","2026-08-30","https://api.bcra.gob.ar/transparencia/v1.0/Prestamos/Personales"
"93","BANCO DE LA PAMPA SA","2026-07-27","PRESTAMO PERSONAL","PREST PERS","Pesos","Clientes que acrediten sueldos en la entidad","Fija","200000","10000000","60","5000","30","103,18","136,71","33,53","76,87935","74476","11","EL CFT INCLUYE IVA E IMPUESTO A LOS SELLOS SEGUN JURISDICCION. MONTO MAX PODRA REDUCIRSE A 2.000.000 SI SE SOLICITA POR CANALES ELECTRONICOS.","2026-08-30","https://api.bcra.gob.ar/transparencia/v1.0/Prestamos/Personales"
"93","BANCO DE LA PAMPA SA","2026-07-27","PRESTAMO PERSONAL","PREST PERS","Pesos","Clientes que acrediten sueldos en la entidad","Fija","200000","10000000","60","5000","30","103,18","136,71","33,53","76,87935","74476","1","EL CFT INCLUYE IVA E IMPUESTO A LOS SELLOS SEGUN JURISDICCION. MONTO MAX PODRA REDUCIRSE A 2.000.000 SI SE SOLICITA POR CANALES ELECTRONICOS.","2026-08-30","https://api.bcra.gob.ar/transparencia/v1.0/Prestamos/Personales"
"93","BANCO DE LA PAMPA SA","2026-07-27","PRESTAMO PERSONAL","PREST PERS","Pesos","Empleados públicos","Fija","200000","10000000","60","5000","30","103,18","136,71","33,53","76,87935","74476","11","EL CFT INCLUYE IVA E IMPUESTO A LOS SELLOS SEGUN JURISDICCION. MONTO MAX PODRA REDUCIRSE A 2.000.000 SI SE SOLICITA POR CANALES ELECTRONICOS.","2026-08-30","https://api.bcra.gob.ar/transparencia/v1.0/Prestamos/Personales"
"93","BANCO DE LA PAMPA SA","2026-07-27","PRESTAMO PERSONAL","PREST PERS","Pesos","Empleados públicos","Fija","200000","10000000","60","5000","30","103,18","137,14","33,96","77,200664","74476","2","EL CFT INCLUYE IVA E IMPUESTO A LOS SELLOS SEGUN JURISDICCION. MONTO MAX PODRA REDUCIRSE A 2.000.000 SI SE SOLICITA POR CANALES ELECTRONICOS.","2026-08-30","https://api.bcra.gob.ar/transparencia/v1.0/Prestamos/Personales"
"93","BANCO DE LA PAMPA SA","2026-07-27","PRESTAMO PERSONAL","PREST PERS","Pesos","Empleados públicos","Fija","200000","10000000","60","5000","30","103,18","137,14","33,96","77,200664","74476","4","EL CFT INCLUYE IVA E IMPUESTO A LOS SELLOS SEGUN JURISDICCION. MONTO MAX PODRA REDUCIRSE A 2.000.000 SI SE SOLICITA POR CANALES ELECTRONICOS.","2026-08-30","https://api.bcra.gob.ar/transparencia/v1.0/Prestamos/Personales"
"93","BANCO DE LA PAMPA SA","2026-07-27","PRESTAMO PERSONAL","PREST PERS","Pesos","Empleados públicos","Fija","200000","10000000","60","5000","30","103,18","136,71","33,53","76,87935","74476","1","EL CFT INCLUYE IVA E IMPUESTO A LOS SELLOS SEGUN JURISDICCION. MONTO MAX PODRA REDUCIRSE A 2.000.000 SI SE SOLICITA POR CANALES ELECTRONICOS.","2026-08-30","https://api.bcra.gob.ar/transparencia/v1.0/Prestamos/Personales"
"93","BANCO DE LA PAMPA SA","2026-07-27","PRESTAMO PERSONAL","PREST PERS","Pesos","Empleados públicos","Fija","200000","10000000","60","5000","30","103,18","136,71","33,53","76,87935","74476","16","EL CFT INCLUYE IVA E IMPUESTO A LOS SELLOS SEGUN JURISDICCION. MONTO MAX PODRA REDUCIRSE A 2.000.000 SI SE SOLICITA POR CANALES ELECTRONICOS.","2026-08-30","https://api.bcra.gob.ar/transparencia/v1.0/Prestamos/Personales"
"93","BANCO DE LA PAMPA SA","2026-07-27","PRESTAMO PERSONAL","PREST PERS","Pesos","Empleados públicos","Fija","200000","10000000","60","5000","30","103,18","134,59","31,41","75,2952","74476","15","EL CFT INCLUYE IVA E IMPUESTO A LOS SELLOS SEGUN JURISDICCION. MONTO MAX PODRA REDUCIRSE A 2.000.000 SI SE SOLICITA POR CANALES ELECTRONICOS.","2026-08-30","https://api.bcra.gob.ar/transparencia/v1.0/Prestamos/Personales"
"93","BANCO DE LA PAMPA SA","2026-07-27","PRESTAMO PERSONAL","PREST PERS","Pesos","Personas humanas en relación de dependencia","Fija","200000","10000000","60","5000","30","103,18","136,71","33,53","76,87935","74476","16","EL CFT INCLUYE IVA E IMPUESTO A LOS SELLOS SEGUN JURISDICCION. MONTO MAX PODRA REDUCIRSE A 2.000.000 SI SE SOLICITA POR CANALES ELECTRONICOS.","2026-08-30","https://api.bcra.gob.ar/transparencia/v1.0/Prestamos/Personales"
"93","BANCO DE LA PAMPA SA","2026-07-27","PRESTAMO PERSONAL","PREST PERS","Pesos","Personas humanas en relación de dependencia","Fija","200000","10000000","60","5000","30","103,18","137,14","33,96","77,200664","74476","4","EL CFT INCLUYE IVA E IMPUESTO A LOS SELLOS SEGUN JURISDICCION. MONTO MAX PODRA REDUCIRSE A 2.000.000 SI SE SOLICITA POR CANALES ELECTRONICOS.","2026-08-30","https://api.bcra.gob.ar/transparencia/v1.0/Prestamos/Personales"
"93","BANCO DE LA PAMPA SA","2026-07-27","PRESTAMO PERSONAL","PREST PERS","Pesos","Personas humanas en relación de dependencia","Fija","200000","10000000","60","5000","30","103,18","136,71","33,53","76,87935","74476","11","EL CFT INCLUYE IVA E IMPUESTO A LOS SELLOS SEGUN JURISDICCION. MONTO MAX PODRA REDUCIRSE A 2.000.000 SI SE SOLICITA POR CANALES ELECTRONICOS.","2026-08-30","https://api.bcra.gob.ar/transparencia/v1.0/Prestamos/Personales"
"93","BANCO DE LA PAMPA SA","2026-07-27","PRESTAMO PERSONAL","PREST PERS","Pesos","Personas humanas en relación de dependencia","Fija","200000","10000000","60","5000","30","103,18","137,14","33,96","77,200664","74476","2","EL CFT INCLUYE IVA E IMPUESTO A LOS SELLOS SEGUN JURISDICCION. MONTO MAX PODRA REDUCIRSE A 2.000.000 SI SE SOLICITA POR CANALES ELECTRONICOS.","2026-08-30","https://api.bcra.gob.ar/transparencia/v1.0/Prestamos/Personales"
"93","BANCO DE LA PAMPA SA","2026-07-27","PRESTAMO PERSONAL","PREST PERS","Pesos","Personas humanas en relación de dependencia","Fija","200000","10000000","60","5000","30","103,18","134,59","31,41","75,2952","74476","15","EL CFT INCLUYE IVA E IMPUESTO A LOS SELLOS SEGUN JURISDICCION. MONTO MAX PODRA REDUCIRSE A 2.000.000 SI SE SOLICITA POR CANALES ELECTRONICOS.","2026-08-30","https://api.bcra.gob.ar/transparencia/v1.0/Prestamos/Personales"
"93","BANCO DE LA PAMPA SA","2026-07-27","PRESTAMO PERSONAL","PREST PERS","Pesos","Personas humanas en relación de dependencia","Fija","200000","10000000","60","5000","30","103,18","136,71","33,53","76,87935","74476","1","EL CFT INCLUYE IVA E IMPUESTO A LOS SELLOS SEGUN JURISDICCION. MONTO MAX PODRA REDUCIRSE A 2.000.000 SI SE SOLICITA POR CANALES ELECTRONICOS.","2026-08-30","https://api.bcra.gob.ar/transparencia/v1.0/Prestamos/Personales"
"93","BANCO DE LA PAMPA SA","2026-07-27","PRESTAMO PERSONAL","PREST PERS","Pesos","Personas humanas Monotributistas","Fija","200000","10000000","60","15000","30","103,18","137,14","33,96","77,200664","74476","4","EL CFT INCLUYE IVA E IMPUESTO A LOS SELLOS SEGUN JURISDICCION. MONTO MAX PODRA REDUCIRSE A 2.000.000 SI SE SOLICITA POR CANALES ELECTRONICOS.","2026-08-30","https://api.bcra.gob.ar/transparencia/v1.0/Prestamos/Personales"
"93","BANCO DE LA PAMPA SA","2026-07-27","PRESTAMO PERSONAL","PREST PERS","Pesos","Personas humanas Monotributistas","Fija","200000","10000000","60","15000","30","103,18","137,14","33,96","77,200664","74476","2","EL CFT INCLUYE IVA E IMPUESTO A LOS SELLOS SEGUN JURISDICCION. MONTO MAX PODRA REDUCIRSE A 2.000.000 SI SE SOLICITA POR CANALES ELECTRONICOS.","2026-08-30","https://api.bcra.gob.ar/transparencia/v1.0/Prestamos/Personales"
"93","BANCO DE LA PAMPA SA","2026-07-27","PRESTAMO PERSONAL","PREST PERS","Pesos","Personas humanas Monotributistas","Fija","200000","10000000","60","15000","30","103,18","136,71","33,53","76,87935","74476","11","EL CFT INCLUYE IVA E IMPUESTO A LOS SELLOS SEGUN JURISDICCION. MONTO MAX PODRA REDUCIRSE A 2.000.000 SI SE SOLICITA POR CANALES ELECTRONICOS.","2026-08-30","https://api.bcra.gob.ar/transparencia/v1.0/Prestamos/Personales"
"93","BANCO DE LA PAMPA SA","2026-07-27","PRESTAMO PERSONAL","PREST PERS","Pesos","Personas humanas Monotributistas","Fija","200000","10000000","60","15000","30","103,18","134,59","31,41","75,2952","74476","15","EL CFT INCLUYE IVA E IMPUESTO A LOS SELLOS SEGUN JURISDICCION. MONTO MAX PODRA REDUCIRSE A 2.000.000 SI SE SOLICITA POR CANALES ELECTRONICOS.","2026-08-30","https://api.bcra.gob.ar/transparencia/v1.0/Prestamos/Personales"
"93","BANCO DE LA PAMPA SA","2026-07-27","PRESTAMO PERSONAL","PREST PERS","Pesos","Personas humanas Monotributistas","Fija","200000","10000000","60","15000","30","103,18","136,71","33,53","76,87935","74476","16","EL CFT INCLUYE IVA E IMPUESTO A LOS SELLOS SEGUN JURISDICCION. MONTO MAX PODRA REDUCIRSE A 2.000.000 SI SE SOLICITA POR CANALES ELECTRONICOS.","2026-08-30","https://api.bcra.gob.ar/transparencia/v1.0/Prestamos/Personales"
"93","BANCO DE LA PAMPA SA","2026-07-27","PRESTAMO PERSONAL","PREST PERS","Pesos","Personas humanas Monotributistas","Fija","200000","10000000","60","15000","30","103,18","136,71","33,53","76,87935","74476","1","EL CFT INCLUYE IVA E IMPUESTO A LOS SELLOS SEGUN JURISDICCION. MONTO MAX PODRA REDUCIRSE A 2.000.000 SI SE SOLICITA POR CANALES ELECTRONICOS.","2026-08-30","https://api.bcra.gob.ar/transparencia/v1.0/Prestamos/Personales"
"93","BANCO DE LA PAMPA SA","2026-07-27","PRESTAMO PERSONAL","PREST PERS","Pesos","Personas humanas Responsables Inscriptos","Fija","200000","10000000","60","15000","30","103,18","136,71","33,53","76,87935","74476","1","EL CFT INCLUYE IVA E IMPUESTO A LOS SELLOS SEGUN JURISDICCION. MONTO MAX PODRA REDUCIRSE A 2.000.000 SI SE SOLICITA POR CANALES ELECTRONICOS.","2026-08-30","https://api.bcra.gob.ar/transparencia/v1.0/Prestamos/Personales"
"93","BANCO DE LA PAMPA SA","2026-07-27","PRESTAMO PERSONAL","PREST PERS","Pesos","Personas humanas Responsables Inscriptos","Fija","200000","10000000","60","15000","30","103,18","136,71","33,53","76,87935","74476","16","EL CFT INCLUYE IVA E IMPUESTO A LOS SELLOS SEGUN JURISDICCION. MONTO MAX PODRA REDUCIRSE A 2.000.000 SI SE SOLICITA POR CANALES ELECTRONICOS.","2026-08-30","https://api.bcra.gob.ar/transparencia/v1.0/Prestamos/Personales"
"93","BANCO DE LA PAMPA SA","2026-07-27","PRESTAMO PERSONAL","PREST PERS","Pesos","Personas humanas Responsables Inscriptos","Fija","200000","10000000","60","15000","30","103,18","137,14","33,96","77,200664","74476","4","EL CFT INCLUYE IVA E IMPUESTO A LOS SELLOS SEGUN JURISDICCION. MONTO MAX PODRA REDUCIRSE A 2.000.000 SI SE SOLICITA POR CANALES ELECTRONICOS.","2026-08-30","https://api.bcra.gob.ar/transparencia/v1.0/Prestamos/Personales"
"93","BANCO DE LA PAMPA SA","2026-07-27","PRESTAMO PERSONAL","PREST PERS","Pesos","Personas humanas Responsables Inscriptos","Fija","200000","10000000","60","15000","30","103,18","134,59","31,41","75,2952","74476","15","EL CFT INCLUYE IVA E IMPUESTO A LOS SELLOS SEGUN JURISDICCION. MONTO MAX PODRA REDUCIRSE A 2.000.000 SI SE SOLICITA POR CANALES ELECTRONICOS.","2026-08-30","https://api.bcra.gob.ar/transparencia/v1.0/Prestamos/Personales"
"93","BANCO DE LA PAMPA SA","2026-07-27","PRESTAMO PERSONAL","PREST PERS","Pesos","Personas humanas Responsables Inscriptos","Fija","200000","10000000","60","15000","30","103,18","136,71","33,53","76,87935","74476","11","EL CFT INCLUYE IVA E IMPUESTO A LOS SELLOS SEGUN JURISDICCION. MONTO MAX PODRA REDUCIRSE A 2.000.000 SI SE SOLICITA POR CANALES ELECTRONICOS.","2026-08-30","https://api.bcra.gob.ar/transparencia/v1.0/Prestamos/Personales"
"93","BANCO DE LA PAMPA SA","2026-07-27","PRESTAMO PERSONAL","PREST PERS","Pesos","Personas humanas Responsables Inscriptos","Fija","200000","10000000","60","15000","30","103,18","137,14","33,96","77,200664","74476","2","EL CFT INCLUYE IVA E IMPUESTO A LOS SELLOS SEGUN JURISDICCION. MONTO MAX PODRA REDUCIRSE A 2.000.000 SI SE SOLICITA POR CANALES ELECTRONICOS.","2026-08-30","https://api.bcra.gob.ar/transparencia/v1.0/Prestamos/Personales"
"94","BANCO DE CORRIENTES S.A.","2026-06-24","LINEA DE PRESTAMOS PERSONALES PARA ASALARIADOS Y JUBILADOS","ASALARIADOS","Pesos","Clientes que acrediten sueldos en la entidad","Fija","10000","15000000","60","10000","45","105,11","137,26","32,15","77,290332","75407","0",,"2026-08-30","https://api.bcra.gob.ar/transparencia/v1.0/Prestamos/Personales"
"97","BANCO PROVINCIA DEL NEUQUÉN SOCIEDAD ANÓNIMA","2026-07-08","D66 ADELANTO DE HABERES","D66","Pesos","Clientes que acrediten sueldos en la entidad","Fija","1500","750000","1","411990","20","171,27","231,18","59,91","147,471181","1103431","1",,"2026-08-30","https://api.bcra.gob.ar/transparencia/v1.0/Prestamos/Personales"
"97","BANCO PROVINCIA DEL NEUQUÉN SOCIEDAD ANÓNIMA","2026-07-08","D66 ADELANTO DE HABERES","D66","Pesos","Clientes que acrediten sueldos en la entidad","Fija","1500","750000","1","411990","20","171,27","231,18","59,91","147,471181","1103431","16",,"2026-08-30","https://api.bcra.gob.ar/transparencia/v1.0/Prestamos/Personales"
"97","BANCO PROVINCIA DEL NEUQUÉN SOCIEDAD ANÓNIMA","2026-07-08","D66 ADELANTO DE HABERES","D66","Pesos","Clientes que acrediten sueldos en la entidad","Fija","1500","750000","1","411990","20","171,27","231,18","59,91","147,471181","1103431","15",,"2026-08-30","https://api.bcra.gob.ar/transparencia/v1.0/Prestamos/Personales"
"97","BANCO PROVINCIA DEL NEUQUÉN SOCIEDAD ANÓNIMA","2026-07-08","D69 PRESTAMO PERSONAL PARA LA ADQUISICION DE VEHICULOS","D69","Pesos","Clientes que acrediten sueldos en la entidad","Fija","1","25000000","72","411990","30","76,23","97,84","21,61","47,834103","59411","16","NO SE PERCIBIRA CARGO POR CANCELACION TOTAL ANTICIPADA TRANSCURRIDOS 180 DIAS CORRIDOS O UN CUARTO DEL PLAZO DEL PRESTAMO, DE AMBOS EL MAYOR","2026-08-30","https://api.bcra.gob.ar/transparencia/v1.0/Prestamos/Personales"
"97","BANCO PROVINCIA DEL NEUQUÉN SOCIEDAD ANÓNIMA","2026-07-08","D69 PRESTAMO PERSONAL PARA LA ADQUISICION DE VEHICULOS","D69","Pesos","Clientes que acrediten sueldos en la entidad","Fija","1","25000000","72","411990","30","76,23","97,84","21,61","47,834103","59411","15","NO SE PERCIBIRA CARGO POR CANCELACION TOTAL ANTICIPADA TRANSCURRIDOS 180 DIAS CORRIDOS O UN CUARTO DEL PLAZO DEL PRESTAMO, DE AMBOS EL MAYOR","2026-08-30","https://api.bcra.gob.ar/transparencia/v1.0/Prestamos/Personales"
"97","BANCO PROVINCIA DEL NEUQUÉN SOCIEDAD ANÓNIMA","2026-07-08","D69 PRESTAMO PERSONAL PARA LA ADQUISICION DE VEHICULOS","D69","Pesos","Clientes que acrediten sueldos en la entidad","Fija","1","25000000","72","411990","30","76,23","97,84","21,61","47,834103","59411","1","NO SE PERCIBIRA CARGO POR CANCELACION TOTAL ANTICIPADA TRANSCURRIDOS 180 DIAS CORRIDOS O UN CUARTO DEL PLAZO DEL PRESTAMO, DE AMBOS EL MAYOR","2026-08-30","https://api.bcra.gob.ar/transparencia/v1.0/Prestamos/Personales"
"97","BANCO PROVINCIA DEL NEUQUÉN SOCIEDAD ANÓNIMA","2026-07-08","D70 PRESTAMOS PERSONALES","D70","Pesos","Todos los beneficiarios","Fija","1","15000000","72","411990","30","184,03","249,8","65,77","161,384803","108590","16","NO SE PERCIBIRA CARGO POR CANCELACION TOTAL ANTICIPADA TRANSCURRIDOS 180 DIAS CORRIDOS O UN CUARTO DEL PLAZO DEL PRESTAMO, DE AMBOS EL MAYOR","2026-08-30","https://api.bcra.gob.ar/transparencia/v1.0/Prestamos/Personales"
"97","BANCO PROVINCIA DEL NEUQUÉN SOCIEDAD ANÓNIMA","2026-07-08","D70 PRESTAMOS PERSONALES","D70","Pesos","Todos los beneficiarios","Fija","1","15000000","72","411990","30","184,03","249,8","65,77","161,384803","108590","15","NO SE PERCIBIRA CARGO POR CANCELACION TOTAL ANTICIPADA TRANSCURRIDOS 180 DIAS CORRIDOS O UN CUARTO DEL PLAZO DEL PRESTAMO, DE AMBOS EL MAYOR","2026-08-30","https://api.bcra.gob.ar/transparencia/v1.0/Prestamos/Personales"
"97","BANCO PROVINCIA DEL NEUQUÉN SOCIEDAD ANÓNIMA","2026-07-08","D70 PRESTAMOS PERSONALES","D70","Pesos","Todos los beneficiarios","Fija","1","15000000","72","411990","30","184,03","249,8","65,77","161,384803","108590","1","NO SE PERCIBIRA CARGO POR CANCELACION TOTAL ANTICIPADA TRANSCURRIDOS 180 DIAS CORRIDOS O UN CUARTO DEL PLAZO DEL PRESTAMO, DE AMBOS EL MAYOR","2026-08-30","https://api.bcra.gob.ar/transparencia/v1.0/Prestamos/Personales"
"97","BANCO PROVINCIA DEL NEUQUÉN SOCIEDAD ANÓNIMA","2026-07-08","D70 PRESTAMOS PERSONALES - CANALES ELECTRONICO","D70","Pesos","Clientes que acrediten sueldos en la entidad","Fija","1","15000000","72","411990","30","163,86","220,45","56,59","139,453288","100714","15","NO SE PERCIBIRA CARGO POR CANCELACION TOTAL ANTICIPADA TRANSCURRIDOS 180 DIAS CORRIDOS O UN CUARTO DEL PLAZO DEL PRESTAMO, DE AMBOS EL MAYOR","2026-08-30","https://api.bcra.gob.ar/transparencia/v1.0/Prestamos/Personales"
"97","BANCO PROVINCIA DEL NEUQUÉN SOCIEDAD ANÓNIMA","2026-07-08","D70 PRESTAMOS PERSONALES - CANALES ELECTRONICO","D70","Pesos","Clientes que acrediten sueldos en la entidad","Fija","1","15000000","72","411990","30","163,86","220,45","56,59","139,453288","100714","16","NO SE PERCIBIRA CARGO POR CANCELACION TOTAL ANTICIPADA TRANSCURRIDOS 180 DIAS CORRIDOS O UN CUARTO DEL PLAZO DEL PRESTAMO, DE AMBOS EL MAYOR","2026-08-30","https://api.bcra.gob.ar/transparencia/v1.0/Prestamos/Personales"
"97","BANCO PROVINCIA DEL NEUQUÉN SOCIEDAD ANÓNIMA","2026-07-08","D70 PRESTAMOS PERSONALES - CANALES ELECTRONICO","D70","Pesos","Clientes que acrediten sueldos en la entidad","Fija","1","15000000","72","411990","30","163,86","220,45","56,59","139,453288","100714","1","NO SE PERCIBIRA CARGO POR CANCELACION TOTAL ANTICIPADA TRANSCURRIDOS 180 DIAS CORRIDOS O UN CUARTO DEL PLAZO DEL PRESTAMO, DE AMBOS EL MAYOR","2026-08-30","https://api.bcra.gob.ar/transparencia/v1.0/Prestamos/Personales"
"97","BANCO PROVINCIA DEL NEUQUÉN SOCIEDAD ANÓNIMA","2026-07-08","D75 PRESTAMO PERSONAL CONEXION DE AGUA","D75","Pesos","Todos los beneficiarios","Fija","1","3000000","60","411990","30","45,38","57,04","11,66","17,346682","43652","1","NO SE PERCIBIRA CARGO POR CANCELACION TOTAL ANTICIPADA TRANSCURRIDOS 180 DIAS CORRIDOS O UN CUARTO DEL PLAZO DEL PRESTAMO, DE AMBOS EL MAYOR","2026-08-30","https://api.bcra.gob.ar/transparencia/v1.0/Prestamos/Personales"
"97","BANCO PROVINCIA DEL NEUQUÉN SOCIEDAD ANÓNIMA","2026-07-08","D75 PRESTAMO PERSONAL CONEXION DE AGUA","D75","Pesos","Todos los beneficiarios","Fija","1","3000000","60","411990","30","45,38","57,04","11,66","17,346682","43652","15","NO SE PERCIBIRA CARGO POR CANCELACION TOTAL ANTICIPADA TRANSCURRIDOS 180 DIAS CORRIDOS O UN CUARTO DEL PLAZO DEL PRESTAMO, DE AMBOS EL MAYOR","2026-08-30","https://api.bcra.gob.ar/transparencia/v1.0/Prestamos/Personales"
"97","BANCO PROVINCIA DEL NEUQUÉN SOCIEDAD ANÓNIMA","2026-07-08","D75 PRESTAMO PERSONAL CONEXION DE AGUA","D75","Pesos","Todos los beneficiarios","Fija","1","3000000","60","411990","30","45,38","57,04","11,66","17,346682","43652","16","NO SE PERCIBIRA CARGO POR CANCELACION TOTAL ANTICIPADA TRANSCURRIDOS 180 DIAS CORRIDOS O UN CUARTO DEL PLAZO DEL PRESTAMO, DE AMBOS EL MAYOR","2026-08-30","https://api.bcra.gob.ar/transparencia/v1.0/Prestamos/Personales"
"97","BANCO PROVINCIA DEL NEUQUÉN SOCIEDAD ANÓNIMA","2026-07-08","D75 PRESTAMO PERSONAL CONEXION GAS","D75","Pesos","Todos los beneficiarios","Fija","1","3000000","60","411990","30","45,38","57,04","11,66","17,346682","43652","16","NO SE PERCIBIRA CARGO POR CANCELACION TOTAL ANTICIPADA TRANSCURRIDOS 180 DIAS CORRIDOS O UN CUARTO DEL PLAZO DEL PRESTAMO, DE AMBOS EL MAYOR","2026-08-30","https://api.bcra.gob.ar/transparencia/v1.0/Prestamos/Personales"
"97","BANCO PROVINCIA DEL NEUQUÉN SOCIEDAD ANÓNIMA","2026-07-08","D75 PRESTAMO PERSONAL CONEXION GAS","D75","Pesos","Todos los beneficiarios","Fija","1","3000000","60","411990","30","45,38","57,04","11,66","17,346682","43652","1","NO SE PERCIBIRA CARGO POR CANCELACION TOTAL ANTICIPADA TRANSCURRIDOS 180 DIAS CORRIDOS O UN CUARTO DEL PLAZO DEL PRESTAMO, DE AMBOS EL MAYOR","2026-08-30","https://api.bcra.gob.ar/transparencia/v1.0/Prestamos/Personales"
"97","BANCO PROVINCIA DEL NEUQUÉN SOCIEDAD ANÓNIMA","2026-07-08","D75 PRESTAMO PERSONAL CONEXION GAS","D75","Pesos","Todos los beneficiarios","Fija","1","3000000","60","411990","30","45,38","57,04","11,66","17,346682","43652","15","NO SE PERCIBIRA CARGO POR CANCELACION TOTAL ANTICIPADA TRANSCURRIDOS 180 DIAS CORRIDOS O UN CUARTO DEL PLAZO DEL PRESTAMO, DE AMBOS EL MAYOR","2026-08-30","https://api.bcra.gob.ar/transparencia/v1.0/Prestamos/Personales"
"97","BANCO PROVINCIA DEL NEUQUÉN SOCIEDAD ANÓNIMA","2026-07-08","D78 PRESTAMO PARA LA ADQUISICION DE TERRENO","D78","Pesos","Clientes que acrediten sueldos en la entidad","Fija","1","25000000","72","411990","30","76,23","97,84","21,61","47,834103","59411","0","NO SE PERCIBIRA CARGO POR CANCELACION TOTAL ANTICIPADA TRANSCURRIDOS 180 DIAS CORRIDOS O UN CUARTO DEL PLAZO DEL PRESTAMO, DE AMBOS EL MAYOR","2026-08-30","https://api.bcra.gob.ar/transparencia/v1.0/Prestamos/Personales"
"97","BANCO PROVINCIA DEL NEUQUÉN SOCIEDAD ANÓNIMA","2026-07-08","D78 PRESTAMO PERSONAL CONSTRUCCION Y/O MEJORA DE VIVIENDA","D78","Pesos","Clientes que acrediten sueldos en la entidad","Fija","1","25000000","72","411990","30","76,23","97,84","21,61","47,834103","59411","15","NO SE PERCIBIRA CARGO POR CANCELACION TOTAL ANTICIPADA TRANSCURRIDOS 180 DIAS CORRIDOS O UN CUARTO DEL PLAZO DEL PRESTAMO, DE AMBOS EL MAYOR","2026-08-30","https://api.bcra.gob.ar/transparencia/v1.0/Prestamos/Personales"
"97","BANCO PROVINCIA DEL NEUQUÉN SOCIEDAD ANÓNIMA","2026-07-08","D79 PRESTAMO PARA ALQUILER DE VIVIENDA","D79","Pesos","Todos los beneficiarios","Fija","1","4500000","36","411990","30","76,23","97,84","21,61","47,834103","68649","16","NO SE PERCIBIRA CARGO POR CANCELACION TOTAL ANTICIPADA TRANSCURRIDOS 180 DIAS CORRIDOS O UN CUARTO DEL PLAZO DEL PRESTAMO, DE AMBOS EL MAYOR","2026-08-30","https://api.bcra.gob.ar/transparencia/v1.0/Prestamos/Personales"
"97","BANCO PROVINCIA DEL NEUQUÉN SOCIEDAD ANÓNIMA","2026-07-08","D79 PRESTAMO PARA ALQUILER DE VIVIENDA","D79","Pesos","Todos los beneficiarios","Fija","1","4500000","36","411990","30","76,23","97,84","21,61","47,834103","68649","15","NO SE PERCIBIRA CARGO POR CANCELACION TOTAL ANTICIPADA TRANSCURRIDOS 180 DIAS CORRIDOS O UN CUARTO DEL PLAZO DEL PRESTAMO, DE AMBOS EL MAYOR","2026-08-30","https://api.bcra.gob.ar/transparencia/v1.0/Prestamos/Personales"
"97","BANCO PROVINCIA DEL NEUQUÉN SOCIEDAD ANÓNIMA","2026-07-08","D79 PRESTAMO PARA ALQUILER DE VIVIENDA","D79","Pesos","Todos los beneficiarios","Fija","1","4500000","36","411990","30","76,23","97,84","21,61","47,834103","68649","1","NO SE PERCIBIRA CARGO POR CANCELACION TOTAL ANTICIPADA TRANSCURRIDOS 180 DIAS CORRIDOS O UN CUARTO DEL PLAZO DEL PRESTAMO, DE AMBOS EL MAYOR","2026-08-30","https://api.bcra.gob.ar/transparencia/v1.0/Prestamos/Personales"
"97","BANCO PROVINCIA DEL NEUQUÉN SOCIEDAD ANÓNIMA","2026-07-08","D81 PRESTAMO PERSONAL ELECTRODOMESTICOS","D81","Pesos","Clientes que acrediten sueldos en la entidad","Fija","1","5000000","36","411990","30","69,61","88,98","19,37","41,213551","65462","15","NO SE PERCIBIRA CARGO POR CANCELACION TOTAL ANTICIPADA TRANSCURRIDOS 180 DIAS CORRIDOS O UN CUARTO DEL PLAZO DEL PRESTAMO, DE AMBOS EL MAYOR","2026-08-30","https://api.bcra.gob.ar/transparencia/v1.0/Prestamos/Personales"
"97","BANCO PROVINCIA DEL NEUQUÉN SOCIEDAD ANÓNIMA","2026-07-08","D81 PRESTAMO PERSONAL ELECTRODOMESTICOS","D81","Pesos","Clientes que acrediten sueldos en la entidad","Fija","1","5000000","36","411990","30","69,61","88,98","19,37","41,213551","65462","1","NO SE PERCIBIRA CARGO POR CANCELACION TOTAL ANTICIPADA TRANSCURRIDOS 180 DIAS CORRIDOS O UN CUARTO DEL PLAZO DEL PRESTAMO, DE AMBOS EL MAYOR","2026-08-30","https://api.bcra.gob.ar/transparencia/v1.0/Prestamos/Personales"
"97","BANCO PROVINCIA DEL NEUQUÉN SOCIEDAD ANÓNIMA","2026-07-08","D81 PRESTAMO PERSONAL ELECTRODOMESTICOS","D81","Pesos","Clientes que acrediten sueldos en la entidad","Fija","1","5000000","36","411990","30","69,61","88,98","19,37","41,213551","65462","16","NO SE PERCIBIRA CARGO POR CANCELACION TOTAL ANTICIPADA TRANSCURRIDOS 180 DIAS CORRIDOS O UN CUARTO DEL PLAZO DEL PRESTAMO, DE AMBOS EL MAYOR","2026-08-30","https://api.bcra.gob.ar/transparencia/v1.0/Prestamos/Personales"
"97","BANCO PROVINCIA DEL NEUQUÉN SOCIEDAD ANÓNIMA","2026-07-08","D81 PRESTAMO PERSONAL EQUIPAMIENTO INFORMATICO","D81","Pesos","Clientes que acrediten sueldos en la entidad","Fija","1","5000000","36","411990","30","26,83","33,24","6,41","-0,437647","43203","15","NO SE PERCIBIRA CARGO POR CANCELACION TOTAL ANTICIPADA TRANSCURRIDOS 180 DIAS CORRIDOS O UN CUARTO DEL PLAZO DEL PRESTAMO, DE AMBOS EL MAYOR","2026-08-30","https://api.bcra.gob.ar/transparencia/v1.0/Prestamos/Personales"
"97","BANCO PROVINCIA DEL NEUQUÉN SOCIEDAD ANÓNIMA","2026-07-08","D81 SERVICIO DE ACTIVIDADES TURISTICAS","D81","Pesos","Clientes que acrediten sueldos en la entidad","Fija","1","5000000","12","411990","30","29,34","36,42","7,08","1,938579","99845","16","NO SE PERCIBIRA CARGO POR CANCELACION TOTAL ANTICIPADA TRANSCURRIDOS 180 DIAS CORRIDOS O UN CUARTO DEL PLAZO DEL PRESTAMO, DE AMBOS EL MAYOR","2026-08-30","https://api.bcra.gob.ar/transparencia/v1.0/Prestamos/Personales"
"97","BANCO PROVINCIA DEL NEUQUÉN SOCIEDAD ANÓNIMA","2026-07-08","D81 SERVICIO DE ACTIVIDADES TURISTICAS","D81","Pesos","Clientes que acrediten sueldos en la entidad","Fija","1","5000000","12","411990","30","29,34","36,42","7,08","1,938579","99845","15","NO SE PERCIBIRA CARGO POR CANCELACION TOTAL ANTICIPADA TRANSCURRIDOS 180 DIAS CORRIDOS O UN CUARTO DEL PLAZO DEL PRESTAMO, DE AMBOS EL MAYOR","2026-08-30","https://api.bcra.gob.ar/transparencia/v1.0/Prestamos/Personales"
"97","BANCO PROVINCIA DEL NEUQUÉN SOCIEDAD ANÓNIMA","2026-07-08","D81 SERVICIO DE ACTIVIDADES TURISTICAS","D81","Pesos","Clientes que acrediten sueldos en la entidad","Fija","1","5000000","12","411990","30","29,34","36,42","7,08","1,938579","99845","1","NO SE PERCIBIRA CARGO POR CANCELACION TOTAL ANTICIPADA TRANSCURRIDOS 180 DIAS CORRIDOS O UN CUARTO DEL PLAZO DEL PRESTAMO, DE AMBOS EL MAYOR","2026-08-30","https://api.bcra.gob.ar/transparencia/v1.0/Prestamos/Personales"
"97","BANCO PROVINCIA DEL NEUQUÉN SOCIEDAD ANÓNIMA","2026-07-08","D82 PRESTAMO PERSONAL BICICLETAS","D82","Pesos","Todos los beneficiarios","Fija","1","6000000","60","411990","30","45,38","57,04","11,66","17,346682","43652","1","NO SE PERCIBIRA CARGO POR CANCELACION TOTAL ANTICIPADA TRANSCURRIDOS 180 DIAS CORRIDOS O UN CUARTO DEL PLAZO DEL PRESTAMO, DE AMBOS EL MAYOR","2026-08-30","https://api.bcra.gob.ar/transparencia/v1.0/Prestamos/Personales"
"97","BANCO PROVINCIA DEL NEUQUÉN SOCIEDAD ANÓNIMA","2026-07-08","D82 PRESTAMO PERSONAL BICICLETAS","D82","Pesos","Todos los beneficiarios","Fija","1","6000000","60","411990","30","45,38","57,04","11,66","17,346682","43652","15","NO SE PERCIBIRA CARGO POR CANCELACION TOTAL ANTICIPADA TRANSCURRIDOS 180 DIAS CORRIDOS O UN CUARTO DEL PLAZO DEL PRESTAMO, DE AMBOS EL MAYOR","2026-08-30","https://api.bcra.gob.ar/transparencia/v1.0/Prestamos/Personales"
"97","BANCO PROVINCIA DEL NEUQUÉN SOCIEDAD ANÓNIMA","2026-07-08","D82 PRESTAMO PERSONAL BICICLETAS","D82","Pesos","Todos los beneficiarios","Fija","1","6000000","60","411990","30","45,38","57,04","11,66","17,346682","43652","16","NO SE PERCIBIRA CARGO POR CANCELACION TOTAL ANTICIPADA TRANSCURRIDOS 180 DIAS CORRIDOS O UN CUARTO DEL PLAZO DEL PRESTAMO, DE AMBOS EL MAYOR","2026-08-30","https://api.bcra.gob.ar/transparencia/v1.0/Prestamos/Personales"
"97","BANCO PROVINCIA DEL NEUQUÉN SOCIEDAD ANÓNIMA","2026-07-08","D82 PRESTAMO PERSONAL BICICLETAS ELECTRICAS","D82","Pesos","Todos los beneficiarios","Fija","1","6000000","60","411990","30","45,38","57,04","11,66","17,346682","43652","16","NO SE PERCIBIRA CARGO POR CANCELACION TOTAL ANTICIPADA TRANSCURRIDOS 180 DIAS CORRIDOS O UN CUARTO DEL PLAZO DEL PRESTAMO, DE AMBOS EL MAYOR","2026-08-30","https://api.bcra.gob.ar/transparencia/v1.0/Prestamos/Personales"
"97","BANCO PROVINCIA DEL NEUQUÉN SOCIEDAD ANÓNIMA","2026-07-08","D82 PRESTAMO PERSONAL BICICLETAS ELECTRICAS","D82","Pesos","Todos los beneficiarios","Fija","1","6000000","60","411990","30","45,38","57,04","11,66","17,346682","43652","1","NO SE PERCIBIRA CARGO POR CANCELACION TOTAL ANTICIPADA TRANSCURRIDOS 180 DIAS CORRIDOS O UN CUARTO DEL PLAZO DEL PRESTAMO, DE AMBOS EL MAYOR","2026-08-30","https://api.bcra.gob.ar/transparencia/v1.0/Prestamos/Personales"
"97","BANCO PROVINCIA DEL NEUQUÉN SOCIEDAD ANÓNIMA","2026-07-08","D82 PRESTAMO PERSONAL BICICLETAS ELECTRICAS","D82","Pesos","Todos los beneficiarios","Fija","1","6000000","60","411990","30","45,38","57,04","11,66","17,346682","43652","15","NO SE PERCIBIRA CARGO POR CANCELACION TOTAL ANTICIPADA TRANSCURRIDOS 180 DIAS CORRIDOS O UN CUARTO DEL PLAZO DEL PRESTAMO, DE AMBOS EL MAYOR","2026-08-30","https://api.bcra.gob.ar/transparencia/v1.0/Prestamos/Personales"
"97","BANCO PROVINCIA DEL NEUQUÉN SOCIEDAD ANÓNIMA","2026-07-08","D82 PRESTAMO PERSONAL MONOPATINES ELECTRICOS","D82","Pesos","Todos los beneficiarios","Fija","1","6000000","60","411990","30","45,38","57,04","11,66","17,346682","43652","16","NO SE PERCIBIRA CARGO POR CANCELACION TOTAL ANTICIPADA TRANSCURRIDOS 180 DIAS CORRIDOS O UN CUARTO DEL PLAZO DEL PRESTAMO, DE AMBOS EL MAYOR","2026-08-30","https://api.bcra.gob.ar/transparencia/v1.0/Prestamos/Personales"
"97","BANCO PROVINCIA DEL NEUQUÉN SOCIEDAD ANÓNIMA","2026-07-08","D82 PRESTAMO PERSONAL MONOPATINES ELECTRICOS","D82","Pesos","Todos los beneficiarios","Fija","1","6000000","60","411990","30","45,38","57,04","11,66","17,346682","43652","15","NO SE PERCIBIRA CARGO POR CANCELACION TOTAL ANTICIPADA TRANSCURRIDOS 180 DIAS CORRIDOS O UN CUARTO DEL PLAZO DEL PRESTAMO, DE AMBOS EL MAYOR","2026-08-30","https://api.bcra.gob.ar/transparencia/v1.0/Prestamos/Personales"
"97","BANCO PROVINCIA DEL NEUQUÉN SOCIEDAD ANÓNIMA","2026-07-08","D82 PRESTAMO PERSONAL MONOPATINES ELECTRICOS","D82","Pesos","Todos los beneficiarios","Fija","1","6000000","60","411990","30","45,38","57,04","11,66","17,346682","43652","1","NO SE PERCIBIRA CARGO POR CANCELACION TOTAL ANTICIPADA TRANSCURRIDOS 180 DIAS CORRIDOS O UN CUARTO DEL PLAZO DEL PRESTAMO, DE AMBOS EL MAYOR","2026-08-30","https://api.bcra.gob.ar/transparencia/v1.0/Prestamos/Personales"
"97","BANCO PROVINCIA DEL NEUQUÉN SOCIEDAD ANÓNIMA","2026-07-08","D82 PRESTAMO PERSONAL PANELES SOLARES","D82","Pesos","Todos los beneficiarios","Fija","1","15000000","60","411990","30","45,38","57,04","11,66","17,346682","43652","15","NO SE PERCIBIRA CARGO POR CANCELACION TOTAL ANTICIPADA TRANSCURRIDOS 180 DIAS CORRIDOS O UN CUARTO DEL PLAZO DEL PRESTAMO, DE AMBOS EL MAYOR","2026-08-30","https://api.bcra.gob.ar/transparencia/v1.0/Prestamos/Personales"
"97","BANCO PROVINCIA DEL NEUQUÉN SOCIEDAD ANÓNIMA","2026-07-08","D82 PRESTAMO PERSONAL PANELES SOLARES","D82","Pesos","Todos los beneficiarios","Fija","1","15000000","60","411990","30","45,38","57,04","11,66","17,346682","43652","1","NO SE PERCIBIRA CARGO POR CANCELACION TOTAL ANTICIPADA TRANSCURRIDOS 180 DIAS CORRIDOS O UN CUARTO DEL PLAZO DEL PRESTAMO, DE AMBOS EL MAYOR","2026-08-30","https://api.bcra.gob.ar/transparencia/v1.0/Prestamos/Personales"
"97","BANCO PROVINCIA DEL NEUQUÉN SOCIEDAD ANÓNIMA","2026-07-08","D82 PRESTAMO PERSONAL PANELES SOLARES","D82","Pesos","Todos los beneficiarios","Fija","1","15000000","60","411990","30","45,38","57,04","11,66","17,346682","43652","16","NO SE PERCIBIRA CARGO POR CANCELACION TOTAL ANTICIPADA TRANSCURRIDOS 180 DIAS CORRIDOS O UN CUARTO DEL PLAZO DEL PRESTAMO, DE AMBOS EL MAYOR","2026-08-30","https://api.bcra.gob.ar/transparencia/v1.0/Prestamos/Personales"
"143","BRUBANK S.A.U.","2026-08-21","PRESTAMOS PERSONALES RIESGO ALTO","PP RIESGO ALTO","Pesos","Todos los beneficiarios","Fija","1","2000000","12","634950","20","483,45","719,39","235,94","512,281571","2182","0",,"2026-08-30","https://api.bcra.gob.ar/transparencia/v1.0/Prestamos/Personales"
"143","BRUBANK S.A.U.","2026-08-21","PRESTAMOS PERSONALES RIESGO BAJO","PP RIESGO BAJO","Pesos","Todos los beneficiarios","Fija","1","16706000","48","634950","35","458,76","678,75","219,99","481,913708","1659","0",,"2026-08-30","https://api.bcra.gob.ar/transparencia/v1.0/Prestamos/Personales"
"143","BRUBANK S.A.U.","2026-08-21","PRESTAMOS PERSONALES RIESGO MEDIO ALTO","PP RIESGO MEDIO ALTO","Pesos","Todos los beneficiarios","Fija","1","3000000","12","634950","25","483,45","719,39","235,94","512,281571","2099","0",,"2026-08-30","https://api.bcra.gob.ar/transparencia/v1.0/Prestamos/Personales"
"143","BRUBANK S.A.U.","2026-08-21","PRESTAMOS PERSONALES RIESGO MEDIO BAJO","PP RIESGO MEDIO BAJO","Pesos","Todos los beneficiarios","Fija","1","6000000","12","634950","30","483,45","719,39","235,94","512,281571","1754","0",,"2026-08-30","https://api.bcra.gob.ar/transparencia/v1.0/Prestamos/Personales"
"143","BRUBANK S.A.U.","2026-08-21","PRESTAMOS PERSONALES RIESGO MUY ALTO","PP RIESGO MUY ALTO","Pesos","Todos los beneficiarios","Fija","1","545000","12","821700","20","483,45","719,39","235,94","512,281571","2182","0",,"2026-08-30","https://api.bcra.gob.ar/transparencia/v1.0/Prestamos/Personales"
"143","BRUBANK S.A.U.","2026-08-21","PRESTAMOS PERSONALES RIESGO MUY BAJO","PP RIESGO MUY BAJO","Pesos","Todos los beneficiarios","Fija","1","16706000","48","634950","35","349,05","501,84","152,79","349,719353","1564","0",,"2026-08-30","https://api.bcra.gob.ar/transparencia/v1.0/Prestamos/Personales"
"191","BANCO CREDICOOP COOPERATIVO LIMITADO","2026-08-27","LINEA CREDICOOP DIRECTIVOS","DIRECTIVOS","Pesos","Clientes con cuenta en la entidad","Fija","3000","50000000","60","999999","35","72,89","93,31","20,42","44,449103","590","0","INGRESO MINIMO MENSUAL SOLICITADO PESOS 2200000","2026-08-30","https://api.bcra.gob.ar/transparencia/v1.0/Prestamos/Personales"
"191","BANCO CREDICOOP COOPERATIVO LIMITADO","2026-08-27","LINEA CREDICOOP DIRECTIVOS","DIRECTIVOS","Pesos","Personas humanas en relación de dependencia","Fija","3000","50000000","60","999999","35","72,89","93,31","20,42","44,449103","590","0","INGRESO MINIMO MENSUAL SOLICITADO PESOS 2200000","2026-08-30","https://api.bcra.gob.ar/transparencia/v1.0/Prestamos/Personales"
"191","BANCO CREDICOOP COOPERATIVO LIMITADO","2026-08-27","LINEA CREDICOOP DIRECTIVOS","DIRECTIVOS","Pesos","Personas humanas Monotributistas","Fija","3000","50000000","60","999999","35","72,89","93,31","20,42","44,449103","590","0","INGRESO MINIMO MENSUAL SOLICITADO PESOS 2200000","2026-08-30","https://api.bcra.gob.ar/transparencia/v1.0/Prestamos/Personales"
"191","BANCO CREDICOOP COOPERATIVO LIMITADO","2026-08-27","LINEA CREDICOOP DIRECTIVOS","DIRECTIVOS","Pesos","Personas humanas Responsables Inscriptos","Fija","3000","50000000","60","999999","35","72,89","93,31","20,42","44,449103","590","0","INGRESO MINIMO MENSUAL SOLICITADO PESOS 2200000","2026-08-30","https://api.bcra.gob.ar/transparencia/v1.0/Prestamos/Personales"
"247","BANCO ROELA S.A.","2026-04-06","CON DEBITO EN CUENTA SUELDO","CON DEBITO CUENTA SUELDO","Pesos","Clientes con cuenta en la entidad","Fija","100000","1500000","12","440000","35","109,01","142,66","33,65","81,325432","1756","1",,"2026-08-30","https://api.bcra.gob.ar/transparencia/v1.0/Prestamos/Personales"
"247","BANCO ROELA S.A.","2026-04-06","CON DEBITO EN CUENTA SUELDO","CON DEBITO CUENTA SUELDO","Pesos","Clientes con cuenta en la entidad","Fija","100000","1500000","12","440000","35","109,01","142,66","33,65","81,325432","1756","4",,"2026-08-30","https://api.bcra.gob.ar/transparencia/v1.0/Prestamos/Personales"
"247","BANCO ROELA S.A.","2026-04-06","CON DEBITO EN CUENTA SUELDO","CON DEBITO CUENTA SUELDO","Pesos","Clientes que acrediten sueldos en la entidad","Fija","100000","1500000","12","440000","35","109,01","142,66","33,65","81,325432","1756","1",,"2026-08-30","https://api.bcra.gob.ar/transparencia/v1.0/Prestamos/Personales"
"247","BANCO ROELA S.A.","2026-04-06","CON DEBITO EN CUENTA SUELDO","CON DEBITO CUENTA SUELDO","Pesos","Clientes que acrediten sueldos en la entidad","Fija","100000","1500000","12","440000","35","109,01","142,66","33,65","81,325432","1756","4",,"2026-08-30","https://api.bcra.gob.ar/transparencia/v1.0/Prestamos/Personales"
"247","BANCO ROELA S.A.","2026-04-06","CON DEBITO EN CUENTA SUELDO","CON DEBITO CUENTA SUELDO","Pesos","Empleados públicos","Fija","100000","1500000","12","440000","35","109,01","142,66","33,65","81,325432","1756","1",,"2026-08-30","https://api.bcra.gob.ar/transparencia/v1.0/Prestamos/Personales"
"247","BANCO ROELA S.A.","2026-04-06","CON DEBITO EN CUENTA SUELDO","CON DEBITO CUENTA SUELDO","Pesos","Empleados públicos","Fija","100000","1500000","12","440000","35","109,01","142,66","33,65","81,325432","1756","4",,"2026-08-30","https://api.bcra.gob.ar/transparencia/v1.0/Prestamos/Personales"
"247","BANCO ROELA S.A.","2026-04-06","CON DEBITO EN CUENTA SUELDO","CON DEBITO CUENTA SUELDO","Pesos","Personas humanas en relación de dependencia","Fija","100000","1500000","12","440000","35","109,01","142,66","33,65","81,325432","1756","1",,"2026-08-30","https://api.bcra.gob.ar/transparencia/v1.0/Prestamos/Personales"
"247","BANCO ROELA S.A.","2026-04-06","CON DEBITO EN CUENTA SUELDO","CON DEBITO CUENTA SUELDO","Pesos","Personas humanas en relación de dependencia","Fija","100000","1500000","12","440000","35","109,01","142,66","33,65","81,325432","1756","4",,"2026-08-30","https://api.bcra.gob.ar/transparencia/v1.0/Prestamos/Personales"
"247","BANCO ROELA S.A.","2026-04-06","CON DEBITO EN CUENTA SUELDO","CON DEBITO CUENTA SUELDO","Pesos","Personas humanas Monotributistas","Fija","100000","1500000","12","440000","35","109,01","142,66","33,65","81,325432","1756","4",,"2026-08-30","https://api.bcra.gob.ar/transparencia/v1.0/Prestamos/Personales"
"247","BANCO ROELA S.A.","2026-04-06","CON DEBITO EN CUENTA SUELDO","CON DEBITO CUENTA SUELDO","Pesos","Personas humanas Monotributistas","Fija","100000","1500000","12","440000","35","109,01","142,66","33,65","81,325432","1756","1",,"2026-08-30","https://api.bcra.gob.ar/transparencia/v1.0/Prestamos/Personales"
"247","BANCO ROELA S.A.","2026-04-06","CON DEBITO EN CUENTA SUELDO","CON DEBITO CUENTA SUELDO","Pesos","Personas humanas Responsables Inscriptos","Fija","100000","1500000","12","440000","35","109,01","142,66","33,65","81,325432","1756","4",,"2026-08-30","https://api.bcra.gob.ar/transparencia/v1.0/Prestamos/Personales"
"247","BANCO ROELA S.A.","2026-04-06","CON DEBITO EN CUENTA SUELDO","CON DEBITO CUENTA SUELDO","Pesos","Personas humanas Responsables Inscriptos","Fija","100000","1500000","12","440000","35","109,01","142,66","33,65","81,325432","1756","1",,"2026-08-30","https://api.bcra.gob.ar/transparencia/v1.0/Prestamos/Personales"
"247","BANCO ROELA S.A.","2026-04-06","LINEA GENERAL","LINEA GENERAL","Pesos","Clientes con cuenta en la entidad","Fija","100000","1500000","12","440000","35","117,02","153,81","36,79","89,657166","1756","4",,"2026-08-30","https://api.bcra.gob.ar/transparencia/v1.0/Prestamos/Personales"
"247","BANCO ROELA S.A.","2026-04-06","LINEA GENERAL","LINEA GENERAL","Pesos","Clientes con cuenta en la entidad","Fija","100000","1500000","12","440000","35","117,02","153,81","36,79","89,657166","1756","1",,"2026-08-30","https://api.bcra.gob.ar/transparencia/v1.0/Prestamos/Personales"
"247","BANCO ROELA S.A.","2026-04-06","LINEA GENERAL","LINEA GENERAL","Pesos","Clientes que acrediten sueldos en la entidad","Fija","100000","1500000","12","440000","35","117,02","153,81","36,79","89,657166","1756","1",,"2026-08-30","https://api.bcra.gob.ar/transparencia/v1.0/Prestamos/Personales"
"247","BANCO ROELA S.A.","2026-04-06","LINEA GENERAL","LINEA GENERAL","Pesos","Clientes que acrediten sueldos en la entidad","Fija","100000","1500000","12","440000","35","117,02","153,81","36,79","89,657166","1756","4",,"2026-08-30","https://api.bcra.gob.ar/transparencia/v1.0/Prestamos/Personales"
"247","BANCO ROELA S.A.","2026-04-06","LINEA GENERAL","LINEA GENERAL","Pesos","Empleados públicos","Fija","100000","1500000","12","440000","35","117,02","153,81","36,79","89,657166","1756","4",,"2026-08-30","https://api.bcra.gob.ar/transparencia/v1.0/Prestamos/Personales"
"247","BANCO ROELA S.A.","2026-04-06","LINEA GENERAL","LINEA GENERAL","Pesos","Empleados públicos","Fija","100000","1500000","12","440000","35","117,02","153,81","36,79","89,657166","1756","1",,"2026-08-30","https://api.bcra.gob.ar/transparencia/v1.0/Prestamos/Personales"
"247","BANCO ROELA S.A.","2026-04-06","LINEA GENERAL","LINEA GENERAL","Pesos","Personas humanas en relación de dependencia","Fija","100000","1500000","12","440000","35","117,02","153,81","36,79","89,657166","1756","4",,"2026-08-30","https://api.bcra.gob.ar/transparencia/v1.0/Prestamos/Personales"
"247","BANCO ROELA S.A.","2026-04-06","LINEA GENERAL","LINEA GENERAL","Pesos","Personas humanas en relación de dependencia","Fija","100000","1500000","12","440000","35","117,02","153,81","36,79","89,657166","1756","1",,"2026-08-30","https://api.bcra.gob.ar/transparencia/v1.0/Prestamos/Personales"
"247","BANCO ROELA S.A.","2026-04-06","LINEA GENERAL","LINEA GENERAL","Pesos","Personas humanas Monotributistas","Fija","100000","1500000","12","440000","35","117,02","153,81","36,79","89,657166","1756","4",,"2026-08-30","https://api.bcra.gob.ar/transparencia/v1.0/Prestamos/Personales"
"247","BANCO ROELA S.A.","2026-04-06","LINEA GENERAL","LINEA GENERAL","Pesos","Personas humanas Monotributistas","Fija","100000","1500000","12","440000","35","117,02","153,81","36,79","89,657166","1756","1",,"2026-08-30","https://api.bcra.gob.ar/transparencia/v1.0/Prestamos/Personales"
"247","BANCO ROELA S.A.","2026-04-06","LINEA GENERAL","LINEA GENERAL","Pesos","Personas humanas Responsables Inscriptos","Fija","100000","1500000","12","440000","35","117,02","153,81","36,79","89,657166","1756","1",,"2026-08-30","https://api.bcra.gob.ar/transparencia/v1.0/Prestamos/Personales"
"247","BANCO ROELA S.A.","2026-04-06","LINEA GENERAL","LINEA GENERAL","Pesos","Personas humanas Responsables Inscriptos","Fija","100000","1500000","12","440000","35","117,02","153,81","36,79","89,657166","1756","4",,"2026-08-30","https://api.bcra.gob.ar/transparencia/v1.0/Prestamos/Personales"
"268","BANCO PROVINCIA DE TIERRA DEL FUEGO","2026-08-12","EFECTIVO EXPRESS","PERSONAL","Pesos","Clientes que acrediten sueldos en la entidad","Fija","200000","1600000","1","100000","30","91,93","116","24,07","61,403995","10558","23","TASA FIJA IGUAL A LA TASA DE PRESTAMOS PRECALIFICADOS","2026-08-30","https://api.bcra.gob.ar/transparencia/v1.0/Prestamos/Personales"
"268","BANCO PROVINCIA DE TIERRA DEL FUEGO","2026-08-12","PRECALIFICADOS POR CANALES ELECTRONICOS","PERSONAL","Pesos","Clientes que acrediten sueldos en la entidad","Variable","1500000","6000000","60","100000","30","91,93","92,4","0,47","43,769114","581","23","ACTUALIZACION MENSUAL CON PROMEDIO SIMPLE DE LA TASA BADLAR","2026-08-30","https://api.bcra.gob.ar/transparencia/v1.0/Prestamos/Personales"
"269","BANCO DE LA REPUBLICA ORIENTAL DEL URUGUAY","2026-06-25","PRESTAMOS PERSONALES A JUBILADOS","PRESTAMOS A JUBILADOS","Pesos","Clientes con cuenta en la entidad","Fija","1000","30000","12","0","30","81,34","79,62","-1,72","34,219378","123527","1"," ","2026-08-30","https://api.bcra.gob.ar/transparencia/v1.0/Prestamos/Personales"
"277","BANCO SAENZ S.A.","2025-11-18","PRESTAMOS PERSONALES PARA CONSUMO 12 MESES DE PLAZO","PERSONALES 12 MESES","Pesos","Personas humanas en relación de dependencia","Fija","10000","3750000","12","1100000","50","494,63","738,23","243,6","526,359586","2199","0",,"2026-08-30","https://api.bcra.gob.ar/transparencia/v1.0/Prestamos/Personales"
"277","BANCO SAENZ S.A.","2025-11-18","PRESTAMOS PERSONALES PARA CONSUMO 18 MESES DE PLAZO","PERSONALES 18 MESES","Pesos","Personas humanas en relación de dependencia","Fija","10000","3750000","18","1100000","50","494,63","738,23","243,6","526,359586","2020","0",,"2026-08-30","https://api.bcra.gob.ar/transparencia/v1.0/Prestamos/Personales"
"277","BANCO SAENZ S.A.","2025-11-18","PRESTAMOS PERSONALES PARA CONSUMO 24 MESES DE PLAZO","PERSONALES 24 MESES","Pesos","Personas humanas en relación de dependencia","Fija","10000","3750000","24","1100000","50","494,63","738,23","243,6","526,359586","1965","0",,"2026-08-30","https://api.bcra.gob.ar/transparencia/v1.0/Prestamos/Personales"
"277","BANCO SAENZ S.A.","2025-11-18","PRESTAMOS PERSONALES PARA CONSUMO 3 MESES DE PLAZO","PERSONALES 3 MESES","Pesos","Personas humanas en relación de dependencia","Fija","10000","3750000","3","1100000","50","887,74","1419,46","531,72","1035,402379","5155","0",,"2026-08-30","https://api.bcra.gob.ar/transparencia/v1.0/Prestamos/Personales"
"277","BANCO SAENZ S.A.","2025-11-18","PRESTAMOS PERSONALES PARA CONSUMO 6 MESES DE PLAZO","PERSONALES 6 MESES","Pesos","Personas humanas en relación de dependencia","Fija","10000","3750000","6","1100000","50","793,91","1252,15","458,24","910,381535","3327","0",,"2026-08-30","https://api.bcra.gob.ar/transparencia/v1.0/Prestamos/Personales"
"277","BANCO SAENZ S.A.","2025-11-18","PRESTAMOS PERSONALES PARA CONSUMO 9 MESES DE PLAZO","PERSONALES 9 MESES","Pesos","Personas humanas en relación de dependencia","Fija","10000","3750000","9","1100000","50","630,32","967,12","336,8","697,395514","2624","0",,"2026-08-30","https://api.bcra.gob.ar/transparencia/v1.0/Prestamos/Personales"
"285","BANCO MACRO S.A.","2026-04-29","PRESTAMOS PERSONALES JUBILADOS","PRESTAMOS PERSONALES","Pesos","Beneficiarios de cuentas de la seguridad social","Fija","5000","10000000","72","20000","50","79,59","102,36","22,77","51,211631","70934","0",,"2026-08-30","https://api.bcra.gob.ar/transparencia/v1.0/Prestamos/Personales"
"285","BANCO MACRO S.A.","2026-04-29","PRESTAMOS PERSONALES MERCADO ABIERTO","PRESTAMOS PERSONALES","Pesos","Personas humanas en relación de dependencia","Fija","5000","10000000","72","45000","45","129,47","171,27","41,8","102,703989","87211","0",,"2026-08-30","https://api.bcra.gob.ar/transparencia/v1.0/Prestamos/Personales"
"285","BANCO MACRO S.A.","2026-04-29","PRESTAMOS PERSONALES MERCADO ABIERTO","PRESTAMOS PERSONALES","Pesos","Personas humanas Monotributistas","Fija","5000","10000000","72","45000","45","129,47","171,27","41,8","102,703989","87211","0",,"2026-08-30","https://api.bcra.gob.ar/transparencia/v1.0/Prestamos/Personales"
"285","BANCO MACRO S.A.","2026-04-29","PRESTAMOS PERSONALES MERCADO ABIERTO","PRESTAMOS PERSONALES","Pesos","Personas humanas Responsables Inscriptos","Fija","5000","10000000","72","45000","45","129,47","171,27","41,8","102,703989","87211","0",,"2026-08-30","https://api.bcra.gob.ar/transparencia/v1.0/Prestamos/Personales"
"285","BANCO MACRO S.A.","2026-04-29","PRESTAMOS PERSONALES PLAN SUELDO","PRESTAMOS PERSONALES","Pesos","Clientes que acrediten sueldos en la entidad","Fija","5000","10000000","72","30000","50","79,59","102,36","22,77","51,211631","70934","0",,"2026-08-30","https://api.bcra.gob.ar/transparencia/v1.0/Prestamos/Personales"
"285","BANCO MACRO S.A.","2026-04-29","PRESTAMOS PERSONALES PLAN SUELDO","PRESTAMOS PERSONALES","Pesos","Empleados públicos","Fija","5000","10000000","72","25000","50","79,59","102,36","22,77","51,211631","70934","0",,"2026-08-30","https://api.bcra.gob.ar/transparencia/v1.0/Prestamos/Personales"
"299","BANCO COMAFI SOCIEDAD ANONIMA","2026-08-24","PRESTAMO COMAFI CLASICO","PRESTAMO COMAFI CLASICO","Pesos","Clientes con cuenta en la entidad","Fija","1500","100000000","60","800000","35","138,28","187,39","49,11","114,74951","917","0","EXISTEN BONIFICACIONES POR TIPO DE SERVICIO DE CUENTAS","2026-08-30","https://api.bcra.gob.ar/transparencia/v1.0/Prestamos/Personales"
"299","BANCO COMAFI SOCIEDAD ANONIMA","2026-08-24","PRESTAMO COMAFI CLASICO","PRESTAMO COMAFI CLASICO","Pesos","Personas humanas en relación de dependencia","Fija","1500","100000000","60","800000","35","138,28","187,39","49,11","114,74951","917","0","EXISTEN BONIFICACIONES POR TIPO DE SERVICIO DE CUENTAS","2026-08-30","https://api.bcra.gob.ar/transparencia/v1.0/Prestamos/Personales"
"299","BANCO COMAFI SOCIEDAD ANONIMA","2026-08-24","PRESTAMO COMAFI CLASICO","PRESTAMO COMAFI CLASICO","Pesos","Personas humanas Monotributistas","Fija","1500","100000000","60","800000","35","138,28","187,39","49,11","114,74951","917","0","EXISTEN BONIFICACIONES POR TIPO DE SERVICIO DE CUENTAS","2026-08-30","https://api.bcra.gob.ar/transparencia/v1.0/Prestamos/Personales"
"299","BANCO COMAFI SOCIEDAD ANONIMA","2026-08-24","PRESTAMO COMAFI CLASICO","PRESTAMO COMAFI CLASICO","Pesos","Personas humanas Responsables Inscriptos","Fija","1500","100000000","60","800000","35","138,28","187,39","49,11","114,74951","917","0","EXISTEN BONIFICACIONES POR TIPO DE SERVICIO DE CUENTAS","2026-08-30","https://api.bcra.gob.ar/transparencia/v1.0/Prestamos/Personales"
"301","BANCO PIANO S.A.","2026-08-26","PRSTAMO PERSONAL JUBILADOS MIXTA","PE JUBILADO MIXTA","Pesos","Beneficiarios de cuentas de la seguridad social","Mixta","5000","9800000","48","90000","60","136","176","40","106,238438","908","2","LA TASA DE INTERES SERA FIJA DESDE LA PRIMERA CUOTA HASTA A LA TERCERA INCLUSIVE Y A PARTIR DE LA CUARTA VARIABLE, SALVO QUE UNA DISPOSICION LEGAL DISPONGA LO CONTRARIO. LA TASA DE INTERES VARIABLE APLICABLE A PARTIR DE LA CUARTA CUOTA SERA LA DENOMINADA TAMAR (TASA MAYORISTA DE ARGENTINA) CON MAS SESENTA Y CINCO (65) PUNTOS PORCENTUALES ANUALES, CUYA ACTUALIZACION ES TRIMESTRAL. ESTA PERIODICIDAD PODRA SUFRIR MODIFICACIONES EN VIRTUD DE NUEVAS DISPOSICIONES NORMATIVA. LOS VENCIMIENTOS PARA LOS CAMBIOS TRIMESTRALES OPERAN LOS DIAS: 1 DE MARZO, 1 DE JUNIO, 1 DE SEPTIEMBRE Y 1 DE DICIEMBRE.","2026-08-30","https://api.bcra.gob.ar/transparencia/v1.0/Prestamos/Personales"
"305","BANCO JULIO SOCIEDAD ANONIMA","2025-04-15","PRESTAMO PERSONAL","PRESTAMO PERSONAL","Pesos","Clientes con cuenta en la entidad","Fija","20000","1000000","36","30000","50","127,77","168,91","41,14","100,940501","914","4",,"2026-08-30","https://api.bcra.gob.ar/transparencia/v1.0/Prestamos/Personales"
"305","BANCO JULIO SOCIEDAD ANONIMA","2025-04-15","PRESTAMO PERSONAL","PRESTAMO PERSONAL","Pesos","Clientes con cuenta en la entidad","Fija","20000","1000000","36","30000","50","127,77","168,91","41,14","100,940501","914","1",,"2026-08-30","https://api.bcra.gob.ar/transparencia/v1.0/Prestamos/Personales"
"309","BANCO RIOJA SOCIEDAD ANONIMA UNIPERSONAL","2026-08-27","PRESTAMOS PERSONAL CESION DE HABERES","PP CES HAB","Pesos","Empleados públicos","Fija","250","5000000","72","0","40","105,11","137,26","32,15","77,290332","74447","0",,"2026-08-30","https://api.bcra.gob.ar/transparencia/v1.0/Prestamos/Personales"
"309","BANCO RIOJA SOCIEDAD ANONIMA UNIPERSONAL","2026-08-27","PRESTAMOS PERSONALES CON CESION DE HABERES ANSES","PP CES HAB ANSES","Pesos","Beneficiarios de cuentas de la seguridad social","Fija","250","5000000","72","0","30","101,37","131,97","30,6","73,337429","72588","0",,"2026-08-30","https://api.bcra.gob.ar/transparencia/v1.0/Prestamos/Personales"
"310","BANCO DEL SOL S.A.","2026-02-11","PRESTAMO EN PESOS AMORTIZABLE EN CUOTAS A TASA DE INTERES FIJA","PMO.AMORT.CTAS.TASA FIJA","Pesos","Empleados públicos","Fija","10000","1500000","36","0","30","686,35","999,99","313,64","721,957316","13052","0",,"2026-08-30","https://api.bcra.gob.ar/transparencia/v1.0/Prestamos/Personales"
"310","BANCO DEL SOL S.A.","2026-02-11","PRESTAMO HABERES","PMO.HABERES","Pesos","Clientes que acrediten sueldos en la entidad","Fija","210000","9000000","48","40000","35","129,47","171,27","41,8","102,703989","90398","0",,"2026-08-30","https://api.bcra.gob.ar/transparencia/v1.0/Prestamos/Personales"
"310","BANCO DEL SOL S.A.","2026-02-11","PRESTAMOS MERCADO ABIERTO","MERCADO ABIERTO","Pesos","Todos los beneficiarios","Fija","210000","2000000","48","150000","30","135,97","180,47","44,5","109,578604","93213","0",,"2026-08-30","https://api.bcra.gob.ar/transparencia/v1.0/Prestamos/Personales"
"311","NUEVO BANCO DEL CHACO S. A.","2026-04-16","PRESTAMO PERSONAL CONSOLIDACION DE DEUDAS RES. 0448 MINISTERIO DE ECONOMIA","12601 CONSOL DEUD","Pesos","Empleados públicos","Variable","1","50000000","120","1","50","63,45","80,76","17,31","35,071232","5020","6","BADLAR MAS 1400 PUNTOS","2026-08-30","https://api.bcra.gob.ar/transparencia/v1.0/Prestamos/Personales"
"311","NUEVO BANCO DEL CHACO S. A.","2026-04-16","PRESTAMOS A BANCARIZADOS, PRIVADOS Y MUNICIPALES","11011 PREST PERSONALES","Pesos","Clientes que acrediten sueldos en la entidad","Fija","1","50000000","24","1","60","138,18","183,6","45,42","111,917467","10579","6",,"2026-08-30","https://api.bcra.gob.ar/transparencia/v1.0/Prestamos/Personales"
"311","NUEVO BANCO DEL CHACO S. A.","2026-04-16","PRESTAMOS A PROFESIONALES NO BANCARIZADOS","10811 PROFES. NO BANC. ","Pesos","Clientes con cuenta en la entidad","Fija","1","15000000","24","1","30","158,9","213,24","54,34","134,065682","11315","6",,"2026-08-30","https://api.bcra.gob.ar/transparencia/v1.0/Prestamos/Personales"
"311","NUEVO BANCO DEL CHACO S. A.","2026-04-16","PRESTAMOS PERSONALES","11711 PREST PERSONALES","Pesos","Empleados públicos","Fija","1","50000000","24","1","50","138,18","183,6","45,42","111,917467","10579","6",,"2026-08-30","https://api.bcra.gob.ar/transparencia/v1.0/Prestamos/Personales"
"311","NUEVO BANCO DEL CHACO S. A.","2026-04-16","PRESTAMOS PERSONALES BENEFICIARIOS NACIONALES","11411 BENEFICIARIOS ANSES","Pesos","Beneficiarios de cuentas de la seguridad social","Fija","1","50000000","24","1","40","138,18","183,6","45,42","111,917467","9564","6",,"2026-08-30","https://api.bcra.gob.ar/transparencia/v1.0/Prestamos/Personales"
"311","NUEVO BANCO DEL CHACO S. A.","2026-04-16","PRESTAMOS PERSONALES PARA FINANCIAR COMPRAS EN COMERCIOS ADHERIDOS","10901 TU PRESTAMO EN 36C","Pesos","Clientes con cuenta en la entidad","Variable","1","50000000","36","1","20","55,78","74,57","18,79","30,445812","5828","6","BADLAR  1700 PUNTOS","2026-08-30","https://api.bcra.gob.ar/transparencia/v1.0/Prestamos/Personales"
"311","NUEVO BANCO DEL CHACO S. A.","2026-04-16","PRESTAMOS PERSONALES SIN GARANTIA DESTINADOS A COMPRA AUTOMOTORES.NO COMPRENDIDOS EN EL DTO. 204200","41211 PREST SOLA FIRMA","Pesos","Clientes con cuenta en la entidad","Fija","1","50000000","60","1","50","91,93","119,13","27,2","63,742858","6893","6","PARA ADQUISICION AUTOS EN CONCESIONARIAS ADHERIDAS","2026-08-30","https://api.bcra.gob.ar/transparencia/v1.0/Prestamos/Personales"
"311","NUEVO BANCO DEL CHACO S. A.","2026-04-16","PRESTAMOS PERSONALES SIN GARANTIAPRENDARIA DESTINADOS A COMPRA DE AUTOMOTORES.BANCARIZADOS","41111 PREST SOLA FIRMA","Pesos","Empleados públicos","Fija","1","50000000","60","1","50","91,93","119,13","27,2","63,742858","6893","6","PARA ADIQUISICION AUTOS EN CONCESIONARIAS ADHERIDAS","2026-08-30","https://api.bcra.gob.ar/transparencia/v1.0/Prestamos/Personales"
"311","NUEVO BANCO DEL CHACO S. A.","2026-04-16","PRESTAMOS PROF DE SALUD BANCARIZADOS","11311 PROF NO BANCAR","Pesos","Clientes con cuenta en la entidad","Fija","1","50000000","24","1","50","103,13","134,5","31,37","75,227948","9228","6","BADLAR MAS 1200 PUNTOS","2026-08-30","https://api.bcra.gob.ar/transparencia/v1.0/Prestamos/Personales"
"311","NUEVO BANCO DEL CHACO S. A.","2026-04-16","REPROGRAMACION DE DEUDAS","11611 REPROG.DEUDAS ","Pesos","Clientes con cuenta en la entidad","Variable","1","50000000","48","1","50","52,8","66,72","13,92","24,579972","4791","6","BADLAR MAS 1000 PUNTOS","2026-08-30","https://api.bcra.gob.ar/transparencia/v1.0/Prestamos/Personales"
"312","BANCO VOII S.A.","2025-10-15","PRESTAMO PERSONAL EN PESOS","ENT. ECO. SOCIAL - PAS ","Pesos","Beneficiarios de cuentas de la seguridad social","Fija","1000","18000000","48","0","35","161,04","165,77","4,73","98,594165","101370","13",,"2026-08-30","https://api.bcra.gob.ar/transparencia/v1.0/Prestamos/Personales"
"312","BANCO VOII S.A.","2025-10-15","PRESTAMO PERSONAL EN PESOS","ENT. ECO. SOCIAL - PAS ","Pesos","Beneficiarios de cuentas de la seguridad social","Fija","1000","18000000","48","0","35","161,04","165,77","4,73","98,594165","101370","14",,"2026-08-30","https://api.bcra.gob.ar/transparencia/v1.0/Prestamos/Personales"
"312","BANCO VOII S.A.","2025-10-15","PRESTAMO PERSONAL EN PESOS","ENT. ECO. SOCIAL - PAS ","Pesos","Beneficiarios de cuentas de la seguridad social","Fija","1000","18000000","48","0","35","161,04","165,77","4,73","98,594165","101370","21",,"2026-08-30","https://api.bcra.gob.ar/transparencia/v1.0/Prestamos/Personales"
"312","BANCO VOII S.A.","2025-10-15","PRESTAMO PERSONAL EN PESOS","ENT. ECO. SOCIAL - PAS ","Pesos","Beneficiarios de cuentas de la seguridad social","Fija","1000","18000000","48","0","35","161,04","165,77","4,73","98,594165","101370","1",,"2026-08-30","https://api.bcra.gob.ar/transparencia/v1.0/Prestamos/Personales"
"312","BANCO VOII S.A.","2025-10-15","PRESTAMO PERSONAL EN PESOS","ENT. ECO. SOCIAL - PAS ","Pesos","Beneficiarios de cuentas de la seguridad social","Fija","1000","18000000","48","0","35","161,04","165,77","4,73","98,594165","101370","8",,"2026-08-30","https://api.bcra.gob.ar/transparencia/v1.0/Prestamos/Personales"
"312","BANCO VOII S.A.","2025-10-15","PRESTAMO PERSONAL EN PESOS","ENT. ECO. SOCIAL - PAS ","Pesos","Beneficiarios de cuentas de la seguridad social","Fija","1000","18000000","48","0","35","161,04","165,77","4,73","98,594165","101370","18",,"2026-08-30","https://api.bcra.gob.ar/transparencia/v1.0/Prestamos/Personales"
"312","BANCO VOII S.A.","2025-10-15","PRESTAMO PERSONAL EN PESOS","ENT. ECO. SOCIAL - ACT ","Pesos","Clientes con cuenta en la entidad","Fija","1000","18000000","48","0","35","161,04","165,77","4,73","98,594165","101370","13",,"2026-08-30","https://api.bcra.gob.ar/transparencia/v1.0/Prestamos/Personales"
"312","BANCO VOII S.A.","2025-10-15","PRESTAMO PERSONAL EN PESOS","ENT. ECO. SOCIAL - ACT ","Pesos","Clientes con cuenta en la entidad","Fija","1000","18000000","48","0","35","161,04","165,77","4,73","98,594165","101370","21",,"2026-08-30","https://api.bcra.gob.ar/transparencia/v1.0/Prestamos/Personales"
"312","BANCO VOII S.A.","2025-10-15","PRESTAMO PERSONAL EN PESOS","ENT. ECO. SOCIAL - ACT ","Pesos","Clientes con cuenta en la entidad","Fija","1000","18000000","48","0","35","161,04","165,77","4,73","98,594165","101370","14",,"2026-08-30","https://api.bcra.gob.ar/transparencia/v1.0/Prestamos/Personales"
"312","BANCO VOII S.A.","2025-10-15","PRESTAMO PERSONAL EN PESOS","ENT. ECO. SOCIAL - ACT ","Pesos","Clientes con cuenta en la entidad","Fija","1000","18000000","48","0","35","161,04","165,77","4,73","98,594165","101370","18",,"2026-08-30","https://api.bcra.gob.ar/transparencia/v1.0/Prestamos/Personales"
"312","BANCO VOII S.A.","2025-10-15","PRESTAMO PERSONAL EN PESOS","ENT. ECO. SOCIAL - ACT ","Pesos","Clientes con cuenta en la entidad","Fija","1000","18000000","48","0","35","161,04","165,77","4,73","98,594165","101370","1",,"2026-08-30","https://api.bcra.gob.ar/transparencia/v1.0/Prestamos/Personales"
"312","BANCO VOII S.A.","2025-10-15","PRESTAMO PERSONAL EN PESOS","ENT. ECO. SOCIAL - ACT ","Pesos","Clientes con cuenta en la entidad","Fija","1000","18000000","48","0","35","161,04","165,77","4,73","98,594165","101370","8",,"2026-08-30","https://api.bcra.gob.ar/transparencia/v1.0/Prestamos/Personales"
"312","BANCO VOII S.A.","2025-10-15","PRESTAMO PERSONAL EN PESOS","EMPLEADOS PUBLICOS     ","Pesos","Empleados públicos","Fija","1000","18000000","48","0","40","161,04","165,77","4,73","98,594165","101370","1",,"2026-08-30","https://api.bcra.gob.ar/transparencia/v1.0/Prestamos/Personales"
"312","BANCO VOII S.A.","2025-10-15","PRESTAMO PERSONAL EN PESOS","ENT. ECO. SOCIAL - ACT ","Pesos","Personas humanas en relación de dependencia","Fija","1000","18000000","48","0","35","161,04","165,77","4,73","98,594165","101370","18",,"2026-08-30","https://api.bcra.gob.ar/transparencia/v1.0/Prestamos/Personales"
"312","BANCO VOII S.A.","2025-10-15","PRESTAMO PERSONAL EN PESOS","ENT. ECO. SOCIAL - ACT ","Pesos","Personas humanas en relación de dependencia","Fija","1000","18000000","48","0","35","161,04","165,77","4,73","98,594165","101370","1",,"2026-08-30","https://api.bcra.gob.ar/transparencia/v1.0/Prestamos/Personales"
"312","BANCO VOII S.A.","2025-10-15","PRESTAMO PERSONAL EN PESOS","ENT. ECO. SOCIAL - ACT ","Pesos","Personas humanas en relación de dependencia","Fija","1000","18000000","48","0","35","161,04","165,77","4,73","98,594165","101370","13",,"2026-08-30","https://api.bcra.gob.ar/transparencia/v1.0/Prestamos/Personales"
"312","BANCO VOII S.A.","2025-10-15","PRESTAMO PERSONAL EN PESOS","ENT. ECO. SOCIAL - ACT ","Pesos","Personas humanas en relación de dependencia","Fija","1000","18000000","48","0","35","161,04","165,77","4,73","98,594165","101370","14",,"2026-08-30","https://api.bcra.gob.ar/transparencia/v1.0/Prestamos/Personales"
"312","BANCO VOII S.A.","2025-10-15","PRESTAMO PERSONAL EN PESOS","ENT. ECO. SOCIAL - ACT ","Pesos","Personas humanas en relación de dependencia","Fija","1000","18000000","48","0","35","161,04","165,77","4,73","98,594165","101370","21",,"2026-08-30","https://api.bcra.gob.ar/transparencia/v1.0/Prestamos/Personales"
"312","BANCO VOII S.A.","2025-10-15","PRESTAMO PERSONAL EN PESOS","ENT. ECO. SOCIAL - ACT ","Pesos","Personas humanas en relación de dependencia","Fija","1000","18000000","48","0","35","161,04","165,77","4,73","98,594165","101370","8",,"2026-08-30","https://api.bcra.gob.ar/transparencia/v1.0/Prestamos/Personales"
"315","BANCO DE FORMOSA S.A.","2026-08-11","PRESTAMO PERSONAL CON ACREDITACION DE HABERES - HB","PRESTAMO PERSONAL HB","Pesos","Clientes con cuenta en la entidad","Fija","1","8000000","36","1000","15","68","86,82","18,82","39,599511","64672","0","PRESTAMOS SOLICITADOS POR HOME BANKING","2026-08-30","https://api.bcra.gob.ar/transparencia/v1.0/Prestamos/Personales"
"315","BANCO DE FORMOSA S.A.","2026-08-11","PRESTAMO PERSONAL CON ACREDITACION DE HABERES - HB","PRESTAMO PERSONAL HB","Pesos","Clientes que acrediten sueldos en la entidad","Fija","1","8000000","36","1000","15","68","86,82","18,82","39,599511","64672","0","PRESTAMOS SOLICITADOS POR HOME BANKING","2026-08-30","https://api.bcra.gob.ar/transparencia/v1.0/Prestamos/Personales"
"315","BANCO DE FORMOSA S.A.","2026-08-11","PRESTAMO PERSONAL CON ACREDITACION DE HABERES - HB","PRESTAMO PERSONAL HB","Pesos","Empleados públicos","Fija","1","8000000","36","1000","15","68","86,82","18,82","39,599511","64672","0","PRESTAMOS SOLICITADOS POR HOME BANKING","2026-08-30","https://api.bcra.gob.ar/transparencia/v1.0/Prestamos/Personales"
"315","BANCO DE FORMOSA S.A.","2026-08-11","PRESTAMO PERSONAL CON ACREDITACION DE HABERES - HB","PRESTAMO PERSONAL HB","Pesos","Personas humanas en relación de dependencia","Fija","1","8000000","36","1000","15","68","86,82","18,82","39,599511","64672","0","PRESTAMOS SOLICITADOS POR HOME BANKING","2026-08-30","https://api.bcra.gob.ar/transparencia/v1.0/Prestamos/Personales"
"315","BANCO DE FORMOSA S.A.","2026-08-11","PRESTAMO PERSONAL CON ACREDITACION DE HABERES - PRESENCIAL","PRESTAMO PERSONAL PRES","Pesos","Clientes con cuenta en la entidad","Fija","1","8000000","36","1000","15","99,38","129,36","29,98","71,387131","79315","0","PRESTAMOS SOLICITADOS DE FORMA PRESENCIAL","2026-08-30","https://api.bcra.gob.ar/transparencia/v1.0/Prestamos/Personales"
"315","BANCO DE FORMOSA S.A.","2026-08-11","PRESTAMO PERSONAL CON ACREDITACION DE HABERES - PRESENCIAL","PRESTAMO PERSONAL PRES","Pesos","Clientes que acrediten sueldos en la entidad","Fija","1","8000000","36","1000","15","99,38","129,36","29,98","71,387131","79315","0","PRESTAMOS SOLICITADOS DE FORMA PRESENCIAL","2026-08-30","https://api.bcra.gob.ar/transparencia/v1.0/Prestamos/Personales"
"315","BANCO DE FORMOSA S.A.","2026-08-11","PRESTAMO PERSONAL CON ACREDITACION DE HABERES - PRESENCIAL","PRESTAMO PERSONAL PRES","Pesos","Empleados públicos","Fija","1","8000000","36","1000","15","99,38","129,36","29,98","71,387131","79315","0","PRESTAMOS SOLICITADOS DE FORMA PRESENCIAL","2026-08-30","https://api.bcra.gob.ar/transparencia/v1.0/Prestamos/Personales"
"315","BANCO DE FORMOSA S.A.","2026-08-11","PRESTAMO PERSONAL CON ACREDITACION DE HABERES - PRESENCIAL","PRESTAMO PERSONAL PRES","Pesos","Personas humanas en relación de dependencia","Fija","1","8000000","36","1000","15","99,38","129,36","29,98","71,387131","79315","0","PRESTAMOS SOLICITADOS DE FORMA PRESENCIAL","2026-08-30","https://api.bcra.gob.ar/transparencia/v1.0/Prestamos/Personales"
"315","BANCO DE FORMOSA S.A.","2026-08-11","PRESTAMO PERSONAL SIN ACREDITACION DE HABERES","PP SIN ACREDITACION HAB","Pesos","Clientes con cuenta en la entidad","Fija","1","8000000","36","1000","15","114,99","150,98","35,99","87,542475","86092","0",,"2026-08-30","https://api.bcra.gob.ar/transparencia/v1.0/Prestamos/Personales"
"315","BANCO DE FORMOSA S.A.","2026-08-11","PRESTAMO PERSONAL SIN ACREDITACION DE HABERES","PP SIN ACREDITACION  HAB","Pesos","Personas humanas Monotributistas","Fija","1","8000000","36","1000","15","114,99","150,98","35,99","87,542475","86092","0",,"2026-08-30","https://api.bcra.gob.ar/transparencia/v1.0/Prestamos/Personales"
"321","BANCO DE SANTIAGO DEL ESTERO S.A.","2026-08-27","PERSONALES ASALARIADOS","PERSONALES ASALARIADOS","Pesos","Empleados públicos","Fija","5000","10000000","60","100","30","84,82","109,46","24,64","56,517041","3000","22",,"2026-08-30","https://api.bcra.gob.ar/transparencia/v1.0/Prestamos/Personales"
"321","BANCO DE SANTIAGO DEL ESTERO S.A.","2026-08-27","PRESTAMOS JUBILADOS Y PENSIONADOS ANSES","JUB Y PENSIONADOS ANSES","Pesos","Beneficiarios de cuentas de la seguridad social","Fija","5000","10000000","60","100","30","84,82","109,46","24,64","56,517041","3000","24",,"2026-08-30","https://api.bcra.gob.ar/transparencia/v1.0/Prestamos/Personales"
"321","BANCO DE SANTIAGO DEL ESTERO S.A.","2026-08-27","PRESTAMOS JUBILADOS Y PENSIONADOS ANSES","JUB Y PENSIONADOS ANSES","Pesos","Beneficiarios de cuentas de la seguridad social","Fija","5000","10000000","60","100","30","84,82","109,46","24,64","56,517041","3000","17",,"2026-08-30","https://api.bcra.gob.ar/transparencia/v1.0/Prestamos/Personales"
"321","BANCO DE SANTIAGO DEL ESTERO S.A.","2026-08-27","PRESTAMOS JUBILADOS Y PENSIONADOS ANSES","JUB Y PENSIONADOS ANSES","Pesos","Beneficiarios de cuentas de la seguridad social","Fija","5000","10000000","60","100","30","84,82","109,46","24,64","56,517041","3000","22",,"2026-08-30","https://api.bcra.gob.ar/transparencia/v1.0/Prestamos/Personales"
"321","BANCO DE SANTIAGO DEL ESTERO S.A.","2026-08-27","PRESTAMOS JUBILADOS Y PENSIONADOS ANSES","JUB Y PENSIONADOS ANSES","Pesos","Beneficiarios de cuentas de la seguridad social","Fija","5000","10000000","60","100","30","84,82","109,46","24,64","56,517041","3000","3",,"2026-08-30","https://api.bcra.gob.ar/transparencia/v1.0/Prestamos/Personales"
"321","BANCO DE SANTIAGO DEL ESTERO S.A.","2026-08-27","PRESTAMOS JUBILADOS Y PENSIONADOS ANSES","JUB Y PENSIONADOS ANSES","Pesos","Beneficiarios de cuentas de la seguridad social","Fija","5000","10000000","60","100","30","84,82","109,46","24,64","56,517041","3000","10",,"2026-08-30","https://api.bcra.gob.ar/transparencia/v1.0/Prestamos/Personales"
"321","BANCO DE SANTIAGO DEL ESTERO S.A.","2026-08-27","PRESTAMOS JUBILADOS Y PENSIONADOS ANSES","JUB Y PENSIONADOS ANSES","Pesos","Beneficiarios de cuentas de la seguridad social","Fija","5000","10000000","60","100","30","84,82","109,46","24,64","56,517041","3000","4",,"2026-08-30","https://api.bcra.gob.ar/transparencia/v1.0/Prestamos/Personales"
"321","BANCO DE SANTIAGO DEL ESTERO S.A.","2026-08-27","PRESTAMOS PERSONALES","PRESTAMOS PERSONALES","Pesos","Beneficiarios de cuentas de la seguridad social","Fija","5000","10000000","60","100","30","84,82","109,46","24,64","56,517041","3000","1",,"2026-08-30","https://api.bcra.gob.ar/transparencia/v1.0/Prestamos/Personales"
"321","BANCO DE SANTIAGO DEL ESTERO S.A.","2026-08-27","PRESTAMOS PERSONALES","PRESTAMOS PERSONALES","Pesos","Beneficiarios de cuentas de la seguridad social","Fija","5000","10000000","60","100","30","84,82","109,46","24,64","56,517041","3000","22",,"2026-08-30","https://api.bcra.gob.ar/transparencia/v1.0/Prestamos/Personales"
"321","BANCO DE SANTIAGO DEL ESTERO S.A.","2026-08-27","PRESTAMOS PERSONALES","PRESTAMOS PERSONALES","Pesos","Beneficiarios de cuentas de la seguridad social","Fija","5000","10000000","60","100","30","84,82","109,46","24,64","56,517041","3000","4",,"2026-08-30","https://api.bcra.gob.ar/transparencia/v1.0/Prestamos/Personales"
"321","BANCO DE SANTIAGO DEL ESTERO S.A.","2026-08-27","PRESTAMOS PERSONALES","PRESTAMOS PERSONALES","Pesos","Beneficiarios de cuentas de la seguridad social","Fija","5000","10000000","60","100","30","84,82","109,46","24,64","56,517041","3000","24",,"2026-08-30","https://api.bcra.gob.ar/transparencia/v1.0/Prestamos/Personales"
"321","BANCO DE SANTIAGO DEL ESTERO S.A.","2026-08-27","PRESTAMOS PERSONALES","PRESTAMOS PERSONALES","Pesos","Beneficiarios de cuentas de la seguridad social","Fija","5000","10000000","60","100","30","84,82","109,46","24,64","56,517041","3000","3",,"2026-08-30","https://api.bcra.gob.ar/transparencia/v1.0/Prestamos/Personales"
"321","BANCO DE SANTIAGO DEL ESTERO S.A.","2026-08-27","PRESTAMOS PERSONALES","PRESTAMOS PERSONALES","Pesos","Beneficiarios de cuentas de la seguridad social","Fija","5000","10000000","60","100","30","84,82","109,46","24,64","56,517041","3000","10",,"2026-08-30","https://api.bcra.gob.ar/transparencia/v1.0/Prestamos/Personales"
"321","BANCO DE SANTIAGO DEL ESTERO S.A.","2026-08-27","PRESTAMOS PERSONALES","PRESTAMOS PERSONALES","Pesos","Beneficiarios de cuentas de la seguridad social","Fija","5000","10000000","60","100","30","84,82","109,46","24,64","56,517041","3000","17",,"2026-08-30","https://api.bcra.gob.ar/transparencia/v1.0/Prestamos/Personales"
"321","BANCO DE SANTIAGO DEL ESTERO S.A.","2026-08-27","PRESTAMOS PERSONALES","PRESTAMOS PERSONALES","Pesos","Clientes que acrediten sueldos en la entidad","Fija","5000","10000000","60","100","30","84,82","109,46","24,64","56,517041","3000","3",,"2026-08-30","https://api.bcra.gob.ar/transparencia/v1.0/Prestamos/Personales"
"321","BANCO DE SANTIAGO DEL ESTERO S.A.","2026-08-27","PRESTAMOS PERSONALES","PRESTAMOS PERSONALES","Pesos","Clientes que acrediten sueldos en la entidad","Fija","5000","10000000","60","100","30","84,82","109,46","24,64","56,517041","3000","1",,"2026-08-30","https://api.bcra.gob.ar/transparencia/v1.0/Prestamos/Personales"
"321","BANCO DE SANTIAGO DEL ESTERO S.A.","2026-08-27","PRESTAMOS PERSONALES","PRESTAMOS PERSONALES","Pesos","Clientes que acrediten sueldos en la entidad","Fija","5000","10000000","60","100","30","84,82","109,46","24,64","56,517041","3000","4",,"2026-08-30","https://api.bcra.gob.ar/transparencia/v1.0/Prestamos/Personales"
"321","BANCO DE SANTIAGO DEL ESTERO S.A.","2026-08-27","PRESTAMOS PERSONALES","PRESTAMOS PERSONALES","Pesos","Clientes que acrediten sueldos en la entidad","Fija","5000","10000000","60","100","30","84,82","109,46","24,64","56,517041","3000","10",,"2026-08-30","https://api.bcra.gob.ar/transparencia/v1.0/Prestamos/Personales"
"321","BANCO DE SANTIAGO DEL ESTERO S.A.","2026-08-27","PRESTAMOS PERSONALES","PRESTAMOS PERSONALES","Pesos","Clientes que acrediten sueldos en la entidad","Fija","5000","10000000","60","100","30","84,82","109,46","24,64","56,517041","3000","22",,"2026-08-30","https://api.bcra.gob.ar/transparencia/v1.0/Prestamos/Personales"
"321","BANCO DE SANTIAGO DEL ESTERO S.A.","2026-08-27","PRESTAMOS PERSONALES","PRESTAMOS PERSONALES","Pesos","Clientes que acrediten sueldos en la entidad","Fija","5000","10000000","60","100","30","84,82","109,46","24,64","56,517041","3000","24",,"2026-08-30","https://api.bcra.gob.ar/transparencia/v1.0/Prestamos/Personales"
"321","BANCO DE SANTIAGO DEL ESTERO S.A.","2026-08-27","PRESTAMOS PERSONALES","PRESTAMOS PERSONALES","Pesos","Clientes que acrediten sueldos en la entidad","Fija","5000","10000000","60","100","30","84,82","109,46","24,64","56,517041","3000","17",,"2026-08-30","https://api.bcra.gob.ar/transparencia/v1.0/Prestamos/Personales"
"321","BANCO DE SANTIAGO DEL ESTERO S.A.","2026-08-27","PRESTAMOS PERSONALES","PRESTAMOS PERSONALES","Pesos","Empleados públicos","Fija","5000","10000000","60","100","30","84,82","109,46","24,64","56,517041","3000","10",,"2026-08-30","https://api.bcra.gob.ar/transparencia/v1.0/Prestamos/Personales"
"321","BANCO DE SANTIAGO DEL ESTERO S.A.","2026-08-27","PRESTAMOS PERSONALES","PRESTAMOS PERSONALES","Pesos","Empleados públicos","Fija","5000","10000000","60","100","30","84,82","109,46","24,64","56,517041","3000","3",,"2026-08-30","https://api.bcra.gob.ar/transparencia/v1.0/Prestamos/Personales"
"321","BANCO DE SANTIAGO DEL ESTERO S.A.","2026-08-27","PRESTAMOS PERSONALES","PRESTAMOS PERSONALES","Pesos","Empleados públicos","Fija","5000","10000000","60","100","30","84,82","109,46","24,64","56,517041","3000","22",,"2026-08-30","https://api.bcra.gob.ar/transparencia/v1.0/Prestamos/Personales"
"321","BANCO DE SANTIAGO DEL ESTERO S.A.","2026-08-27","PRESTAMOS PERSONALES","PRESTAMOS PERSONALES","Pesos","Empleados públicos","Fija","5000","10000000","60","100","30","84,82","109,46","24,64","56,517041","3000","4",,"2026-08-30","https://api.bcra.gob.ar/transparencia/v1.0/Prestamos/Personales"
"321","BANCO DE SANTIAGO DEL ESTERO S.A.","2026-08-27","PRESTAMOS PERSONALES","PRESTAMOS PERSONALES","Pesos","Empleados públicos","Fija","5000","10000000","60","100","30","84,82","109,46","24,64","56,517041","3000","1",,"2026-08-30","https://api.bcra.gob.ar/transparencia/v1.0/Prestamos/Personales"
"321","BANCO DE SANTIAGO DEL ESTERO S.A.","2026-08-27","PRESTAMOS PERSONALES","PRESTAMOS PERSONALES","Pesos","Empleados públicos","Fija","5000","10000000","60","100","30","84,82","109,46","24,64","56,517041","3000","24",,"2026-08-30","https://api.bcra.gob.ar/transparencia/v1.0/Prestamos/Personales"
"321","BANCO DE SANTIAGO DEL ESTERO S.A.","2026-08-27","PRESTAMOS PERSONALES","PRESTAMOS PERSONALES","Pesos","Empleados públicos","Fija","5000","10000000","60","100","30","84,82","109,46","24,64","56,517041","3000","17",,"2026-08-30","https://api.bcra.gob.ar/transparencia/v1.0/Prestamos/Personales"
"322","BANCO INDUSTRIAL S.A.","2025-02-24","PRESTAMOS PERSONALES","BIND70P","Pesos","Clientes con cuenta en la entidad","Fija","10000","99999999","70","0","30","300,16","425,2","125,04","292,450824","1453","0","COMISION CANCELACION ANTICIPADA TOTAL: APLICA SIEMPRE QUE NO HAYAN TRANSCURRIDO, AL MENOS, LA CUARTA PARTE DEL PLAZO ORIGINAL O 180 DIAS CORRIDOS DESDE SU OTORGAMIENTO, DE AMBOS, EL MAYOR.- CFT INCLUYE IVA.","2026-08-30","https://api.bcra.gob.ar/transparencia/v1.0/Prestamos/Personales"
"322","BANCO INDUSTRIAL S.A.","2025-02-24","PRESTAMOS PERSONALES","BIND70","Pesos","Clientes con cuenta en la entidad","Fija","10000","99999999","70","0","30","300,16","425,2","125,04","292,450824","1453","0","COMISION CANCELACION ANTICIPADA TOTAL: APLICA SIEMPRE QUE NO HAYAN TRANSCURRIDO, AL MENOS, LA CUARTA PARTE DEL PLAZO ORIGINAL O 180 DIAS CORRIDOS DESDE SU OTORGAMIENTO, DE AMBOS, EL MAYOR.- CFT INCLUYE IVA.","2026-08-30","https://api.bcra.gob.ar/transparencia/v1.0/Prestamos/Personales"
"322","BANCO INDUSTRIAL S.A.","2025-02-24","PRESTAMOS PERSONALES","BIND70S","Pesos","Clientes que acrediten sueldos en la entidad","Fija","10000","99999999","70","0","30","300,16","425,2","125,04","292,450824","1453","0","COMISION CANCELACION ANTICIPADA TOTAL: APLICA SIEMPRE QUE NO HAYAN TRANSCURRIDO, AL MENOS, LA CUARTA PARTE DEL PLAZO ORIGINAL O 180 DIAS CORRIDOS DESDE SU OTORGAMIENTO, DE AMBOS, EL MAYOR.- CFT INCLUYE IVA.","2026-08-30","https://api.bcra.gob.ar/transparencia/v1.0/Prestamos/Personales"
"322","BANCO INDUSTRIAL S.A.","2025-02-24","PRESTAMOS PERSONALES","BIND70","Pesos","Empleados públicos","Fija","10000","99999999","70","0","30","300,16","425,2","125,04","292,450824","1453","0","COMISION CANCELACION ANTICIPADA TOTAL: APLICA SIEMPRE QUE NO HAYAN TRANSCURRIDO, AL MENOS, LA CUARTA PARTE DEL PLAZO ORIGINAL O 180 DIAS CORRIDOS DESDE SU OTORGAMIENTO, DE AMBOS, EL MAYOR.- CFT INCLUYE IVA.","2026-08-30","https://api.bcra.gob.ar/transparencia/v1.0/Prestamos/Personales"
"322","BANCO INDUSTRIAL S.A.","2025-02-24","PRESTAMOS PERSONALES","BIND70P","Pesos","Empleados públicos","Fija","10000","99999999","70","0","30","300,16","425,2","125,04","292,450824","1453","0","COMISION CANCELACION ANTICIPADA TOTAL: APLICA SIEMPRE QUE NO HAYAN TRANSCURRIDO, AL MENOS, LA CUARTA PARTE DEL PLAZO ORIGINAL O 180 DIAS CORRIDOS DESDE SU OTORGAMIENTO, DE AMBOS, EL MAYOR.- CFT INCLUYE IVA.","2026-08-30","https://api.bcra.gob.ar/transparencia/v1.0/Prestamos/Personales"
"322","BANCO INDUSTRIAL S.A.","2025-02-24","PRESTAMOS PERSONALES","BIND70","Pesos","Personas humanas en relación de dependencia","Fija","10000","99999999","70","0","30","300,16","425,2","125,04","292,450824","1453","0","COMISION CANCELACION ANTICIPADA TOTAL: APLICA SIEMPRE QUE NO HAYAN TRANSCURRIDO, AL MENOS, LA CUARTA PARTE DEL PLAZO ORIGINAL O 180 DIAS CORRIDOS DESDE SU OTORGAMIENTO, DE AMBOS, EL MAYOR.- CFT INCLUYE IVA.","2026-08-30","https://api.bcra.gob.ar/transparencia/v1.0/Prestamos/Personales"
"322","BANCO INDUSTRIAL S.A.","2025-02-24","PRESTAMOS PERSONALES","BIND70P","Pesos","Personas humanas en relación de dependencia","Fija","10000","99999999","70","0","30","300,16","425,2","125,04","292,450824","1453","0","COMISION CANCELACION ANTICIPADA TOTAL: APLICA SIEMPRE QUE NO HAYAN TRANSCURRIDO, AL MENOS, LA CUARTA PARTE DEL PLAZO ORIGINAL O 180 DIAS CORRIDOS DESDE SU OTORGAMIENTO, DE AMBOS, EL MAYOR.- CFT INCLUYE IVA.","2026-08-30","https://api.bcra.gob.ar/transparencia/v1.0/Prestamos/Personales"
"322","BANCO INDUSTRIAL S.A.","2025-02-24","PRESTAMOS PERSONALES","BIND70P","Pesos","Personas humanas Monotributistas","Fija","10000","99999999","70","0","30","300,16","425,2","125,04","292,450824","1453","0","COMISION CANCELACION ANTICIPADA TOTAL: APLICA SIEMPRE QUE NO HAYAN TRANSCURRIDO, AL MENOS, LA CUARTA PARTE DEL PLAZO ORIGINAL O 180 DIAS CORRIDOS DESDE SU OTORGAMIENTO, DE AMBOS, EL MAYOR.- CFT INCLUYE IVA.","2026-08-30","https://api.bcra.gob.ar/transparencia/v1.0/Prestamos/Personales"
"322","BANCO INDUSTRIAL S.A.","2025-02-24","PRESTAMOS PERSONALES","BIND70","Pesos","Personas humanas Monotributistas","Fija","10000","99999999","70","0","30","300,16","425,2","125,04","292,450824","1453","0","COMISION CANCELACION ANTICIPADA TOTAL: APLICA SIEMPRE QUE NO HAYAN TRANSCURRIDO, AL MENOS, LA CUARTA PARTE DEL PLAZO ORIGINAL O 180 DIAS CORRIDOS DESDE SU OTORGAMIENTO, DE AMBOS, EL MAYOR.- CFT INCLUYE IVA.","2026-08-30","https://api.bcra.gob.ar/transparencia/v1.0/Prestamos/Personales"
"322","BANCO INDUSTRIAL S.A.","2025-02-24","PRESTAMOS PERSONALES","BIND70P","Pesos","Personas humanas Responsables Inscriptos","Fija","10000","99999999","70","0","30","300,16","425,2","125,04","292,450824","1453","0","COMISION CANCELACION ANTICIPADA TOTAL: APLICA SIEMPRE QUE NO HAYAN TRANSCURRIDO, AL MENOS, LA CUARTA PARTE DEL PLAZO ORIGINAL O 180 DIAS CORRIDOS DESDE SU OTORGAMIENTO, DE AMBOS, EL MAYOR.- CFT INCLUYE IVA.","2026-08-30","https://api.bcra.gob.ar/transparencia/v1.0/Prestamos/Personales"
"322","BANCO INDUSTRIAL S.A.","2025-02-24","PRESTAMOS PERSONALES","BIND70","Pesos","Personas humanas Responsables Inscriptos","Fija","10000","99999999","70","0","30","300,16","425,2","125,04","292,450824","1453","0","COMISION CANCELACION ANTICIPADA TOTAL: APLICA SIEMPRE QUE NO HAYAN TRANSCURRIDO, AL MENOS, LA CUARTA PARTE DEL PLAZO ORIGINAL O 180 DIAS CORRIDOS DESDE SU OTORGAMIENTO, DE AMBOS, EL MAYOR.- CFT INCLUYE IVA.","2026-08-30","https://api.bcra.gob.ar/transparencia/v1.0/Prestamos/Personales"
"322","BANCO INDUSTRIAL S.A.","2025-02-24","PRESTAMOS PERSONALES A JUBILADOS","PRI","Pesos","Beneficiarios de cuentas de la seguridad social","Fija","10000","1500000","12","0","55","300,16","425,2","125,04","292,450824","1801","0","COMISION CANCELACION ANTICIPADA TOTAL: APLICA SIEMPRE QUE NO HAYAN TRANSCURRIDO, AL MENOS, LA CUARTA PARTE DEL PLAZO ORIGINAL O 180 DIAS CORRIDOS DESDE SU OTORGAMIENTO, DE AMBOS, EL MAYOR.- CFT INCLUYE IVA.","2026-08-30","https://api.bcra.gob.ar/transparencia/v1.0/Prestamos/Personales"
"322","BANCO INDUSTRIAL S.A.","2025-02-24","PRESTAMOS PERSONALES A JUBILADOS","JUB","Pesos","Beneficiarios de cuentas de la seguridad social","Fija","10000","1500000","60","0","55","300,16","425,2","125,04","292,450824","1449","0","COMISION CANCELACION ANTICIPADA TOTAL: APLICA SIEMPRE QUE NO HAYAN TRANSCURRIDO, AL MENOS, LA CUARTA PARTE DEL PLAZO ORIGINAL O 180 DIAS CORRIDOS DESDE SU OTORGAMIENTO, DE AMBOS, EL MAYOR.- CFT INCLUYE IVA.","2026-08-30","https://api.bcra.gob.ar/transparencia/v1.0/Prestamos/Personales"
"330","NUEVO BANCO DE SANTA FE SOCIEDAD ANONIMA","2026-08-03","PRESTAMOS PARA EMPLEADOS PUBLICOS PROVINCIALES","CONVENIO BANCARIZADOS","Pesos","Empleados públicos","Fija","5000","50000000","72","2000","40","124,23","124,23","0","67,553786","66370","21","COMISION CANCELACION ANTICIPADA: SE APLICA SIEMPRE QUE NO HAYA TRANSCURRIDO, AL MENOS, LA CUARTA PARTE DEL PLAZO ORIGINAL O 180 DIAS CORRIDOS DESDE SU OTORGAMIENTO, DE AMBOS, EL MAYOR. CFT EXPRESADO EN TEA INCLUYE EL IVA Y EL IMPUESTO DE SELLOS DE LA PROVINCIA DE SANTA FE 124,23 PORCIENTO.","2026-08-30","https://api.bcra.gob.ar/transparencia/v1.0/Prestamos/Personales"
"332","BANCO DE SERVICIOS FINANCIEROS CARREFOUR SAU","2026-08-24","PRESTAMO PERSONAL RIESGO A","PRESTAMO RIESGO A","Pesos","Todos los beneficiarios","Fija","150000","300000000","36","376600","50","129,47","171,27","41,8","102,703989","932","0",,"2026-08-30","https://api.bcra.gob.ar/transparencia/v1.0/Prestamos/Personales"
"332","BANCO DE SERVICIOS FINANCIEROS CARREFOUR SAU","2026-08-24","PRESTAMO PERSONAL RIESGO B","PRESTAMO RIESGO B","Pesos","Todos los beneficiarios","Fija","150000","300000000","36","376600","50","186,47","253,33","66,86","164,022562","1150","0",,"2026-08-30","https://api.bcra.gob.ar/transparencia/v1.0/Prestamos/Personales"
"332","BANCO DE SERVICIOS FINANCIEROS CARREFOUR SAU","2026-08-24","PRESTAMO PERSONAL RIESGO C","PRESTAMO RIESGO C","Pesos","Todos los beneficiarios","Fija","150000","300000000","36","376600","50","256,2","357,6","101,4","241,937352","1376","0",,"2026-08-30","https://api.bcra.gob.ar/transparencia/v1.0/Prestamos/Personales"
"332","BANCO DE SERVICIOS FINANCIEROS CARREFOUR SAU","2026-08-24","PRESTAMO PERSONAL RIESGO D","PRESTAMO RIESGO D","Pesos","Todos los beneficiarios","Fija","150000","300000000","36","376600","50","349,05","501,84","152,79","349,719353","1628","0",,"2026-08-30","https://api.bcra.gob.ar/transparencia/v1.0/Prestamos/Personales"
"341","BANCO MASVENTAS S.A.","2026-06-08","PRESTAMO AMPROMM","PTMO. AMPROMM","Pesos","Beneficiarios de cuentas de la seguridad social","Fija","150000","850000","18","10000","35","86,59","111,85","25,26","58,302946","983","2",,"2026-08-30","https://api.bcra.gob.ar/transparencia/v1.0/Prestamos/Personales"
"341","BANCO MASVENTAS S.A.","2026-06-08","PRESTAMO AMPROMM","PTMO. AMPROMM","Pesos","Personas humanas en relación de dependencia","Fija","150000","850000","18","10000","35","86,59","111,85","25,26","58,302946","983","2",,"2026-08-30","https://api.bcra.gob.ar/transparencia/v1.0/Prestamos/Personales"
"341","BANCO MASVENTAS S.A.","2026-06-08","PRESTAMOS AMPROMM - DECRETO 1412","PRTMOS AMPROMM-DTO.1412","Pesos","Beneficiarios de cuentas de la seguridad social","Fija","150000","850000","12","10000","35","6493,13","13476,52","6983,39","10044,928536","5040","2",,"2026-08-30","https://api.bcra.gob.ar/transparencia/v1.0/Prestamos/Personales"
"341","BANCO MASVENTAS S.A.","2026-06-08","PRESTAMOS AMPROMM - DECRETO 1412","PRTMOS AMPROMM-DTO.1412","Pesos","Personas humanas en relación de dependencia","Fija","150000","850000","12","10000","35","6493,13","13476,52","6983,39","10044,928536","5040","2",,"2026-08-30","https://api.bcra.gob.ar/transparencia/v1.0/Prestamos/Personales"
"341","BANCO MASVENTAS S.A.","2026-06-08","PRESTAMOS CONVENIO AMUS","PTMO.CONV.AMUS","Pesos","Beneficiarios de cuentas de la seguridad social","Fija","50000","15000000","36","500000","35","92,87","120,42","27,55","64,706799","746","17",,"2026-08-30","https://api.bcra.gob.ar/transparencia/v1.0/Prestamos/Personales"
"341","BANCO MASVENTAS S.A.","2026-06-08","PRESTAMOS CONVENIO AMUS","PTMO.CONV.AMUS","Pesos","Personas humanas en relación de dependencia","Fija","50000","15000000","36","500000","35","92,87","120,42","27,55","64,706799","746","17",,"2026-08-30","https://api.bcra.gob.ar/transparencia/v1.0/Prestamos/Personales"
"341","BANCO MASVENTAS S.A.","2026-06-08","PRESTAMOS CONVENIO PROTECAP","PMOS.CONV.PROTECAP","Pesos","Beneficiarios de cuentas de la seguridad social","Fija","40000","1000000","24","10000","30","186,65","253,63","66,98","164,246735","1223","1",,"2026-08-30","https://api.bcra.gob.ar/transparencia/v1.0/Prestamos/Personales"
"341","BANCO MASVENTAS S.A.","2026-06-08","PRESTAMOS CONVENIO PROTECAP","PMOS.CONV.PROTECAP","Pesos","Personas humanas en relación de dependencia","Fija","40000","1000000","24","10000","30","186,65","253,63","66,98","164,246735","1223","1",,"2026-08-30","https://api.bcra.gob.ar/transparencia/v1.0/Prestamos/Personales"
"341","BANCO MASVENTAS S.A.","2026-06-08","PRESTAMOS CONVENIO VALUARTE","PTMO.CONV.VALUARTE","Pesos","Beneficiarios de cuentas de la seguridad social","Fija","40000","1800000","18","10000","50","793,91","1252,14","458,23","910,374063","2467","7",,"2026-08-30","https://api.bcra.gob.ar/transparencia/v1.0/Prestamos/Personales"
"341","BANCO MASVENTAS S.A.","2026-06-08","PRESTAMOS CONVENIO VALUARTE","PTMO.CONV.VALUARTE","Pesos","Beneficiarios de cuentas de la seguridad social","Fija","40000","1800000","24","10000","50","722,04","1125,81","403,77","815,975143","2317","16",,"2026-08-30","https://api.bcra.gob.ar/transparencia/v1.0/Prestamos/Personales"
"341","BANCO MASVENTAS S.A.","2026-06-08","PRESTAMOS CONVENIO VALUARTE","PTMO.CONV.VALUARTE","Pesos","Beneficiarios de cuentas de la seguridad social","Fija","40000","1800000","18","10000","50","955,23","1541,36","586,13","1126,491023","2653","21",,"2026-08-30","https://api.bcra.gob.ar/transparencia/v1.0/Prestamos/Personales"
"341","BANCO MASVENTAS S.A.","2026-06-08","PRESTAMOS CONVENIO VALUARTE","PTMO.CONV.VALUARTE","Pesos","Beneficiarios de cuentas de la seguridad social","Fija","40000","1800000","24","10000","50","390,99","568,97","177,98","399,881622","1754","13",,"2026-08-30","https://api.bcra.gob.ar/transparencia/v1.0/Prestamos/Personales"
"341","BANCO MASVENTAS S.A.","2026-06-08","PRESTAMOS CONVENIO VALUARTE","PTMO.CONV.VALUARTE","Pesos","Personas humanas en relación de dependencia","Fija","40000","1800000","24","10000","50","390,99","568,97","177,98","399,881622","1754","13",,"2026-08-30","https://api.bcra.gob.ar/transparencia/v1.0/Prestamos/Personales"
"341","BANCO MASVENTAS S.A.","2026-06-08","PRESTAMOS CONVENIO VALUARTE","PTMO.CONV.VALUARTE","Pesos","Personas humanas en relación de dependencia","Fija","40000","1800000","18","10000","50","955,23","1541,36","586,13","1126,491023","2653","21",,"2026-08-30","https://api.bcra.gob.ar/transparencia/v1.0/Prestamos/Personales"
"341","BANCO MASVENTAS S.A.","2026-06-08","PRESTAMOS CONVENIO VALUARTE","PTMO.CONV.VALUARTE","Pesos","Personas humanas en relación de dependencia","Fija","40000","1800000","24","10000","50","722,04","1125,81","403,77","815,975143","2317","16",,"2026-08-30","https://api.bcra.gob.ar/transparencia/v1.0/Prestamos/Personales"
"341","BANCO MASVENTAS S.A.","2026-06-08","PRESTAMOS CONVENIO VALUARTE","PTMO.CONV.VALUARTE","Pesos","Personas humanas en relación de dependencia","Fija","40000","1800000","18","10000","50","793,91","1252,14","458,23","910,374063","2467","7",,"2026-08-30","https://api.bcra.gob.ar/transparencia/v1.0/Prestamos/Personales"
"341","BANCO MASVENTAS S.A.","2026-06-08","PRESTAMOS CONVENIO VGA","PTMOS CONVENIO VGA","Pesos","Beneficiarios de cuentas de la seguridad social","Fija","40000","1800000","12","10000","30","6493,13","13476,52","6983,39","10044,928536","5040","2",,"2026-08-30","https://api.bcra.gob.ar/transparencia/v1.0/Prestamos/Personales"
"341","BANCO MASVENTAS S.A.","2026-06-08","PRESTAMOS CONVENIO VGA","PTMOS CONVENIO VGA","Pesos","Personas humanas en relación de dependencia","Fija","40000","1800000","12","10000","30","6493,13","13476,52","6983,39","10044,928536","5040","2",,"2026-08-30","https://api.bcra.gob.ar/transparencia/v1.0/Prestamos/Personales"
"341","BANCO MASVENTAS S.A.","2026-06-08","PRESTAMOS EMPLEADOS BMV","PTMO.EMP.BMV","Pesos","Personas humanas en relación de dependencia","Fija","10000","5000000","12","50000","60","138,28","183,76","45,48","112,037026","1286","10",,"2026-08-30","https://api.bcra.gob.ar/transparencia/v1.0/Prestamos/Personales"
"341","BANCO MASVENTAS S.A.","2026-06-08","PRESTAMOS EMPLEADOS BMV","PTMO.EMP.BMV","Pesos","Personas humanas en relación de dependencia","Fija","10000","5000000","12","50000","60","138,28","183,76","45,48","112,037026","1286","17",,"2026-08-30","https://api.bcra.gob.ar/transparencia/v1.0/Prestamos/Personales"
"341","BANCO MASVENTAS S.A.","2026-06-08","PRESTAMOS PAGO DIFERIDO","PTMOS PGO DIFERIDO","Pesos","Beneficiarios de cuentas de la seguridad social","Fija","10000","5000000","24","50000","35","200,07","274,4","74,33","179,766924","3553","10",,"2026-08-30","https://api.bcra.gob.ar/transparencia/v1.0/Prestamos/Personales"
"341","BANCO MASVENTAS S.A.","2026-06-08","PRESTAMOS PAGO DIFERIDO","PTMOS PGO DIFERIDO","Pesos","Beneficiarios de cuentas de la seguridad social","Fija","10000","5000000","24","50000","35","200,07","274,4","74,33","179,766924","3553","17",,"2026-08-30","https://api.bcra.gob.ar/transparencia/v1.0/Prestamos/Personales"
"341","BANCO MASVENTAS S.A.","2026-06-08","PRESTAMOS PAGO DIFERIDO","PTMOS PGO DIFERIDO","Pesos","Clientes que acrediten sueldos en la entidad","Fija","10000","5000000","24","50000","40","173,78","234,82","61,04","150,191137","3270","10",,"2026-08-30","https://api.bcra.gob.ar/transparencia/v1.0/Prestamos/Personales"
"341","BANCO MASVENTAS S.A.","2026-06-08","PRESTAMOS PAGO DIFERIDO","PTMOS PGO DIFERIDO","Pesos","Clientes que acrediten sueldos en la entidad","Fija","10000","5000000","24","50000","40","173,78","234,82","61,04","150,191137","3270","17",,"2026-08-30","https://api.bcra.gob.ar/transparencia/v1.0/Prestamos/Personales"
"341","BANCO MASVENTAS S.A.","2026-06-08","PRESTAMOS PAGO DIFERIDO","PTMOS PGO DIFERIDO","Pesos","Personas humanas en relación de dependencia","Fija","10000","5000000","24","50000","35","200,07","274,4","74,33","179,766924","3553","17",,"2026-08-30","https://api.bcra.gob.ar/transparencia/v1.0/Prestamos/Personales"
"341","BANCO MASVENTAS S.A.","2026-06-08","PRESTAMOS PAGO DIFERIDO","PTMOS PGO DIFERIDO","Pesos","Personas humanas en relación de dependencia","Fija","10000","5000000","24","50000","35","200,07","274,4","74,33","179,766924","3553","10",,"2026-08-30","https://api.bcra.gob.ar/transparencia/v1.0/Prestamos/Personales"
"341","BANCO MASVENTAS S.A.","2026-06-08","PRESTAMOS PAGO DIFERIDO","PTMOS PGO DIFERIDO","Pesos","Personas humanas Monotributistas","Fija","10000","5000000","24","50000","30","200,07","274,4","74,33","179,766924","3553","10",,"2026-08-30","https://api.bcra.gob.ar/transparencia/v1.0/Prestamos/Personales"
"341","BANCO MASVENTAS S.A.","2026-06-08","PRESTAMOS PAGO DIFERIDO","PTMOS PGO DIFERIDO","Pesos","Personas humanas Monotributistas","Fija","10000","5000000","24","50000","30","200,07","274,4","74,33","179,766924","3553","17",,"2026-08-30","https://api.bcra.gob.ar/transparencia/v1.0/Prestamos/Personales"
"341","BANCO MASVENTAS S.A.","2026-06-08","PRESTAMOS SCORING CARTERA GENERAL","PRESTAMOS SCORING CARTERA","Pesos","Personas humanas en relación de dependencia","Fija","10000","5000000","24","50000","35","200,07","274,4","74,33","179,766924","1266","17","000A","2026-08-30","https://api.bcra.gob.ar/transparencia/v1.0/Prestamos/Personales"
"341","BANCO MASVENTAS S.A.","2026-06-08","PRESTAMOS SCORING CARTERA GENERAL","PRESTAMOS SCORING CARTERA","Pesos","Personas humanas en relación de dependencia","Fija","10000","5000000","24","50000","35","200,07","274,4","74,33","179,766924","1266","10","000A","2026-08-30","https://api.bcra.gob.ar/transparencia/v1.0/Prestamos/Personales"
"341","BANCO MASVENTAS S.A.","2026-06-08","PRESTAMOS SCORING CARTERA GENERAL","PRESTAMOS SCORING CARTERA","Pesos","Personas humanas Monotributistas","Fija","10000","5000000","24","50000","30","200,07","274,4","74,33","179,766924","1266","17","000A","2026-08-30","https://api.bcra.gob.ar/transparencia/v1.0/Prestamos/Personales"
"341","BANCO MASVENTAS S.A.","2026-06-08","PRESTAMOS SCORING CARTERA GENERAL","PRESTAMOS SCORING CARTERA","Pesos","Personas humanas Monotributistas","Fija","10000","5000000","24","50000","30","200,07","274,4","74,33","179,766924","1266","10","000A","2026-08-30","https://api.bcra.gob.ar/transparencia/v1.0/Prestamos/Personales"
"341","BANCO MASVENTAS S.A.","2026-06-08","PRESTAMOS SCORING CARTERA GENERAL","PRESTAMOS SCORING CARTERA","Pesos","Personas humanas Responsables Inscriptos","Fija","10000","5000000","24","50000","30","200,07","274,4","74,33","179,766924","1266","17","000A","2026-08-30","https://api.bcra.gob.ar/transparencia/v1.0/Prestamos/Personales"
"341","BANCO MASVENTAS S.A.","2026-06-08","PRESTAMOS SCORING CARTERA GENERAL","PRESTAMOS SCORING CARTERA","Pesos","Personas humanas Responsables Inscriptos","Fija","10000","5000000","24","50000","30","200,07","274,4","74,33","179,766924","1266","10","000A","2026-08-30","https://api.bcra.gob.ar/transparencia/v1.0/Prestamos/Personales"
"341","BANCO MASVENTAS S.A.","2026-06-08","PRESTAMOS SCORING CUENTA SUELDO","PRESTAMOS SCORING CTA.SUE","Pesos","Clientes que acrediten sueldos en la entidad","Fija","10000","5000000","24","50000","40","173,78","234,82","61,04","150,191137","1181","10","000A","2026-08-30","https://api.bcra.gob.ar/transparencia/v1.0/Prestamos/Personales"
"341","BANCO MASVENTAS S.A.","2026-06-08","PRESTAMOS SCORING CUENTA SUELDO","PRESTAMOS SCORING CTA.SUE","Pesos","Clientes que acrediten sueldos en la entidad","Fija","10000","5000000","24","50000","40","173,78","234,82","61,04","150,191137","1181","17","000A","2026-08-30","https://api.bcra.gob.ar/transparencia/v1.0/Prestamos/Personales"
"341","BANCO MASVENTAS S.A.","2026-06-08","PRESTAMOS SCORING CUENTA SUELDO","PRESTAMOS SCORING CTA.SUE","Pesos","Personas humanas en relación de dependencia","Fija","10000","5000000","24","50000","50","173,78","234,82","61,04","150,191137","1181","17","000A","2026-08-30","https://api.bcra.gob.ar/transparencia/v1.0/Prestamos/Personales"
"341","BANCO MASVENTAS S.A.","2026-06-08","PRESTAMOS SCORING CUENTA SUELDO","PRESTAMOS SCORING CTA.SUE","Pesos","Personas humanas en relación de dependencia","Fija","10000","5000000","24","50000","50","173,78","234,82","61,04","150,191137","1181","10","000A","2026-08-30","https://api.bcra.gob.ar/transparencia/v1.0/Prestamos/Personales"
"341","BANCO MASVENTAS S.A.","2026-06-08","PTMO CON GTIA PRENDARIA","PTMO. GTIA PREND.","Pesos","Beneficiarios de cuentas de la seguridad social","Fija","10000","5000000","12","50000","35","112,98","148,18","35,2","85,450201","1441","10",,"2026-08-30","https://api.bcra.gob.ar/transparencia/v1.0/Prestamos/Personales"
"341","BANCO MASVENTAS S.A.","2026-06-08","PTMO CON GTIA PRENDARIA","PTMO. GTIA PREND.","Pesos","Beneficiarios de cuentas de la seguridad social","Fija","10000","5000000","12","50000","35","112,98","148,18","35,2","85,450201","1441","17",,"2026-08-30","https://api.bcra.gob.ar/transparencia/v1.0/Prestamos/Personales"
"341","BANCO MASVENTAS S.A.","2026-06-08","PTMO CON GTIA PRENDARIA","PTMO. GTIA PREND.","Pesos","Personas humanas en relación de dependencia","Fija","10000","5000000","12","50000","35","112,98","148,18","35,2","85,450201","1441","10",,"2026-08-30","https://api.bcra.gob.ar/transparencia/v1.0/Prestamos/Personales"
"341","BANCO MASVENTAS S.A.","2026-06-08","PTMO CON GTIA PRENDARIA","PTMO. GTIA PREND.","Pesos","Personas humanas en relación de dependencia","Fija","10000","5000000","12","50000","35","112,98","148,18","35,2","85,450201","1441","17",,"2026-08-30","https://api.bcra.gob.ar/transparencia/v1.0/Prestamos/Personales"
"341","BANCO MASVENTAS S.A.","2026-06-08","PTMO CON GTIA PRENDARIA","PTMO. GTIA PREND.","Pesos","Personas humanas Monotributistas","Fija","10000","5000000","12","50000","35","112,98","148,18","35,2","85,450201","1441","10",,"2026-08-30","https://api.bcra.gob.ar/transparencia/v1.0/Prestamos/Personales"
"341","BANCO MASVENTAS S.A.","2026-06-08","PTMO CON GTIA PRENDARIA","PTMO. GTIA PREND.","Pesos","Personas humanas Monotributistas","Fija","10000","5000000","12","50000","35","112,98","148,18","35,2","85,450201","1441","17",,"2026-08-30","https://api.bcra.gob.ar/transparencia/v1.0/Prestamos/Personales"
"341","BANCO MASVENTAS S.A.","2026-06-08","PTMO LINEA GRAL 1RA OPERACION CON/SIN GARANTE","PTMO 1RA OP.C/S GAR.","Pesos","Beneficiarios de cuentas de la seguridad social","Fija","10000","5000000","24","50000","35","200,07","274,4","74,33","179,766924","1266","17",,"2026-08-30","https://api.bcra.gob.ar/transparencia/v1.0/Prestamos/Personales"
"341","BANCO MASVENTAS S.A.","2026-06-08","PTMO LINEA GRAL 1RA OPERACION CON/SIN GARANTE","PTMO 1RA OP.C/S GAR.","Pesos","Beneficiarios de cuentas de la seguridad social","Fija","10000","5000000","24","50000","35","200,07","274,4","74,33","179,766924","1266","10",,"2026-08-30","https://api.bcra.gob.ar/transparencia/v1.0/Prestamos/Personales"
"341","BANCO MASVENTAS S.A.","2026-06-08","PTMO LINEA GRAL 1RA OPERACION CON/SIN GARANTE","PTMO 1RA OP.C/S GAR.","Pesos","Personas humanas en relación de dependencia","Fija","10000","5000000","24","50000","35","200,07","274,4","74,33","179,766924","1266","17",,"2026-08-30","https://api.bcra.gob.ar/transparencia/v1.0/Prestamos/Personales"
"341","BANCO MASVENTAS S.A.","2026-06-08","PTMO LINEA GRAL 1RA OPERACION CON/SIN GARANTE","PTMO 1RA OP.C/S GAR.","Pesos","Personas humanas en relación de dependencia","Fija","10000","5000000","24","50000","35","200,07","274,4","74,33","179,766924","1266","10",,"2026-08-30","https://api.bcra.gob.ar/transparencia/v1.0/Prestamos/Personales"
"341","BANCO MASVENTAS S.A.","2026-06-08","PTMO LINEA GRAL 1RA OPERACION CON/SIN GARANTE","PTMO 1RA OP.C/S GAR.","Pesos","Personas humanas Monotributistas","Fija","10000","5000000","24","50000","30","200,07","274,4","74,33","179,766924","1266","10",,"2026-08-30","https://api.bcra.gob.ar/transparencia/v1.0/Prestamos/Personales"
"341","BANCO MASVENTAS S.A.","2026-06-08","PTMO LINEA GRAL 1RA OPERACION CON/SIN GARANTE","PTMO 1RA OP.C/S GAR.","Pesos","Personas humanas Monotributistas","Fija","10000","5000000","24","50000","35","200,07","274,4","74,33","179,766924","1266","17",,"2026-08-30","https://api.bcra.gob.ar/transparencia/v1.0/Prestamos/Personales"
"341","BANCO MASVENTAS S.A.","2026-06-08","PTMO LINEA GRAL RENOVACION CON/SIN GARANTE","PTMO RENOV.C/S GAR.","Pesos","Beneficiarios de cuentas de la seguridad social","Fija","10000","5000000","24","50000","35","161,44","216,93","55,49","136,823","1140","10",,"2026-08-30","https://api.bcra.gob.ar/transparencia/v1.0/Prestamos/Personales"
"341","BANCO MASVENTAS S.A.","2026-06-08","PTMO LINEA GRAL RENOVACION CON/SIN GARANTE","PTMO RENOV.C/S GAR.","Pesos","Beneficiarios de cuentas de la seguridad social","Fija","10000","5000000","24","50000","35","161,44","216,93","55,49","136,823","1140","17",,"2026-08-30","https://api.bcra.gob.ar/transparencia/v1.0/Prestamos/Personales"
"341","BANCO MASVENTAS S.A.","2026-06-08","PTMO LINEA GRAL RENOVACION CON/SIN GARANTE","PTMO RENOV.C/S GAR.","Pesos","Personas humanas en relación de dependencia","Fija","10000","5000000","24","50000","35","161,44","216,93","55,49","136,823","1140","17",,"2026-08-30","https://api.bcra.gob.ar/transparencia/v1.0/Prestamos/Personales"
"341","BANCO MASVENTAS S.A.","2026-06-08","PTMO LINEA GRAL RENOVACION CON/SIN GARANTE","PTMO RENOV.C/S GAR.","Pesos","Personas humanas en relación de dependencia","Fija","10000","5000000","24","50000","35","161,44","216,93","55,49","136,823","1140","10",,"2026-08-30","https://api.bcra.gob.ar/transparencia/v1.0/Prestamos/Personales"
"341","BANCO MASVENTAS S.A.","2026-06-08","PTMO LINEA GRAL RENOVACION CON/SIN GARANTE","PTMO RENOV.C/S GAR.","Pesos","Personas humanas Monotributistas","Fija","10000","5000000","24","50000","35","161,44","216,93","55,49","136,823","1140","10",,"2026-08-30","https://api.bcra.gob.ar/transparencia/v1.0/Prestamos/Personales"
"341","BANCO MASVENTAS S.A.","2026-06-08","PTMO LINEA GRAL RENOVACION CON/SIN GARANTE","PTMO RENOV.C/S GAR.","Pesos","Personas humanas Monotributistas","Fija","10000","5000000","24","50000","35","161,44","216,93","55,49","136,823","1140","17",,"2026-08-30","https://api.bcra.gob.ar/transparencia/v1.0/Prestamos/Personales"
"341","BANCO MASVENTAS S.A.","2026-06-08","PTMO PAGO HABERES/HONORARIOS","PTMO PAGO HAB","Pesos","Personas humanas en relación de dependencia","Fija","10000","5000000","12","50000","50","173,78","234,82","61,04","150,191137","1405","10",,"2026-08-30","https://api.bcra.gob.ar/transparencia/v1.0/Prestamos/Personales"
"341","BANCO MASVENTAS S.A.","2026-06-08","PTMO PAGO HABERES/HONORARIOS","PTMO PAGO HAB","Pesos","Personas humanas en relación de dependencia","Fija","10000","5000000","24","50000","50","161,44","216,93","55,49","136,823","1140","17",,"2026-08-30","https://api.bcra.gob.ar/transparencia/v1.0/Prestamos/Personales"
"341","BANCO MASVENTAS S.A.","2026-06-08","PTMO REFINANCIACION","PTMO. REF.","Pesos","Beneficiarios de cuentas de la seguridad social","Fija","10000","5000000","12","50000","35","202,82","277,48","74,66","182,068426","1635","17",,"2026-08-30","https://api.bcra.gob.ar/transparencia/v1.0/Prestamos/Personales"
"341","BANCO MASVENTAS S.A.","2026-06-08","PTMO REFINANCIACION","PTMO. REF.","Pesos","Beneficiarios de cuentas de la seguridad social","Fija","10000","5000000","12","50000","35","202,82","277,48","74,66","182,068426","1635","10",,"2026-08-30","https://api.bcra.gob.ar/transparencia/v1.0/Prestamos/Personales"
"341","BANCO MASVENTAS S.A.","2026-06-08","PTMO REFINANCIACION","PTMO. REF.","Pesos","Personas humanas en relación de dependencia","Fija","10000","5000000","12","50000","35","202,82","277,48","74,66","182,068426","1635","10",,"2026-08-30","https://api.bcra.gob.ar/transparencia/v1.0/Prestamos/Personales"
"341","BANCO MASVENTAS S.A.","2026-06-08","PTMO REFINANCIACION","PTMO. REF.","Pesos","Personas humanas en relación de dependencia","Fija","10000","5000000","12","50000","35","202,82","277,48","74,66","182,068426","1635","17",,"2026-08-30","https://api.bcra.gob.ar/transparencia/v1.0/Prestamos/Personales"
"341","BANCO MASVENTAS S.A.","2026-06-08","PTMO REFINANCIACION","PTMO. REF.","Pesos","Personas humanas Monotributistas","Fija","10000","5000000","12","50000","35","202,82","277,48","74,66","182,068426","1635","10",,"2026-08-30","https://api.bcra.gob.ar/transparencia/v1.0/Prestamos/Personales"
"341","BANCO MASVENTAS S.A.","2026-06-08","PTMO REFINANCIACION","PTMO. REF.","Pesos","Personas humanas Monotributistas","Fija","10000","5000000","12","50000","35","202,82","277,48","74,66","182,068426","1635","17",,"2026-08-30","https://api.bcra.gob.ar/transparencia/v1.0/Prestamos/Personales"
"384","UALA BANK S.A.U.","2026-08-14","PRESTAMOS CLIENTES UALA BANK","PRESTAMOS","Pesos","Todos los beneficiarios","Fija","5000","14000000","24","10000","47","307,35","436,38","129,03","300,804976","173145","0","EL CARGO MAXIMO POR CANCELACION ANTICIPADA CORRESPONDE AL 4 POR CIENTO MAS IVA","2026-08-30","https://api.bcra.gob.ar/transparencia/v1.0/Prestamos/Personales"
"386","NUEVO BANCO DE ENTRE RÍOS S.A.","2026-08-11","PRESTAMOS PARA EMPLEADOS PUBLICOS PROVINCIALES","CONVENIOS BANCARIZADOS","Pesos","Empleados públicos","Fija","1000","50000000","72","1000","40","129,16","129,16","0","71,237683","699","8","COMISION CANCELACION ANTICIPADA PARA PRESTAMOS: CUANDO LA PRECANCELACION SEA TOTAL, NO SE APLICARA COMISION ALGUNA CUANDO AL MOMENTO DE EFECTUARLA HAYA TRANSCURRIDO AL MENOS LA CUARTA PARTE DEL PLAZO ORIGINAL DE LA FINANCIACION, O 180 DIAS CORRIDOS DESDE SU OTORGAMIENTO, DE AMBOS EL MAYOR. CFT EXPRESADO EN TEA INCLUYE EL IVA Y EL IMPUESTO DE SELLOS DE LA PROVINCIA DE ENTRE RIOS. 129,16 POR CIENTO. TEA Y CFT (TEA) SIN IMPUESTO DE SELLOS DE LA PROVINCIA DE ENTRE RIOS: 124.23 POR CIENTO.","2026-08-30","https://api.bcra.gob.ar/transparencia/v1.0/Prestamos/Personales"
"389","BANCO COLUMBIA S.A.","2026-08-24","PCD","PCD","Pesos","Beneficiarios de cuentas de la seguridad social","Fija","4000","20000000","36","380000","55","421","637","216","450,716408","1795","0","CORRESPONDERA APLICAR EL CARGO DE CANCELACION ANTICIPADA SOBRE EL SALDO DE DEUDA, EXCEPTO SI HUBIERE  TRANSCURRIDO AL MENOS LA CUARTA PARTE DEL PLAZO ORIGINAL DEL PRESTAMO, O 180 DIAS CORRIDOS DESDE SU OTORGAMIENTO, DE AMBOS, EL MAYOR.","2026-08-30","https://api.bcra.gob.ar/transparencia/v1.0/Prestamos/Personales"
"389","BANCO COLUMBIA S.A.","2026-08-24","PCD","PCD","Pesos","Beneficiarios de cuentas de la seguridad social","Fija","4000","20000000","36","380000","55","286","415","129","284,828969","1463","0","CORRESPONDERA APLICAR EL CARGO DE CANCELACION ANTICIPADA SOBRE EL SALDO DE DEUDA, EXCEPTO SI HUBIERE  TRANSCURRIDO AL MENOS LA CUARTA PARTE DEL PLAZO ORIGINAL DEL PRESTAMO, O 180 DIAS CORRIDOS DESDE SU OTORGAMIENTO, DE AMBOS, EL MAYOR.","2026-08-30","https://api.bcra.gob.ar/transparencia/v1.0/Prestamos/Personales"
"389","BANCO COLUMBIA S.A.","2026-08-24","PVOL","PVOL","Pesos","Personas humanas en relación de dependencia","Fija","5000","20000000","30","380000","45","244","348","104","234,763841","1363","0","CORRESPONDERA APLICAR EL CARGO DE CANCELACION ANTICIPADA SOBRE EL SALDO DE DEUDA, EXCEPTO SI HUBIERE  TRANSCURRIDO AL MENOS LA CUARTA PARTE DEL PLAZO ORIGINAL DEL PRESTAMO, O 180 DIAS CORRIDOS DESDE SU OTORGAMIENTO, DE AMBOS, EL MAYOR.","2026-08-30","https://api.bcra.gob.ar/transparencia/v1.0/Prestamos/Personales"
"426","BANCO BICA S.A.","2026-01-28","7014-CLIENTES TARJETAS CREDITOS SELECCIONADOS","7414","Pesos","Beneficiarios de cuentas de la seguridad social","Fija","50000","5000000","60","500000","30","127,74","152,31","24,57","88,536305","8534","0",,"2026-08-30","https://api.bcra.gob.ar/transparencia/v1.0/Prestamos/Personales"
"426","BANCO BICA S.A.","2026-01-28","7014-CLIENTES TARJETAS CREDITOS SELECCIONADOS","7414","Pesos","Clientes con cuenta en la entidad","Fija","50000","5000000","60","500000","30","127,74","152,31","24,57","88,536305","8534","0",,"2026-08-30","https://api.bcra.gob.ar/transparencia/v1.0/Prestamos/Personales"
"426","BANCO BICA S.A.","2026-01-28","7014-CLIENTES TARJETAS CREDITOS SELECCIONADOS","7414","Pesos","Clientes que acrediten sueldos en la entidad","Fija","50000","5000000","60","500000","30","127,74","152,31","24,57","88,536305","8534","0",,"2026-08-30","https://api.bcra.gob.ar/transparencia/v1.0/Prestamos/Personales"
"426","BANCO BICA S.A.","2026-01-28","7014-CLIENTES TARJETAS CREDITOS SELECCIONADOS","7414","Pesos","Empleados públicos","Fija","50000","5000000","60","500000","30","127,74","152,31","24,57","88,536305","8534","0",,"2026-08-30","https://api.bcra.gob.ar/transparencia/v1.0/Prestamos/Personales"
"426","BANCO BICA S.A.","2026-01-28","7014-CLIENTES TARJETAS CREDITOS SELECCIONADOS","7414","Pesos","Personas humanas en relación de dependencia","Fija","50000","5000000","60","500000","30","127,74","152,31","24,57","88,536305","8534","0",,"2026-08-30","https://api.bcra.gob.ar/transparencia/v1.0/Prestamos/Personales"
"426","BANCO BICA S.A.","2026-01-28","7014-CLIENTES TARJETAS CREDITOS SELECCIONADOS","7414","Pesos","Personas humanas Monotributistas","Fija","50000","5000000","60","500000","30","127,74","152,31","24,57","88,536305","8534","0",,"2026-08-30","https://api.bcra.gob.ar/transparencia/v1.0/Prestamos/Personales"
"426","BANCO BICA S.A.","2026-01-28","7014-CLIENTES TARJETAS CREDITOS SELECCIONADOS","7414","Pesos","Personas humanas Responsables Inscriptos","Fija","50000","5000000","60","500000","30","127,74","152,31","24,57","88,536305","8534","0",,"2026-08-30","https://api.bcra.gob.ar/transparencia/v1.0/Prestamos/Personales"
"426","BANCO BICA S.A.","2026-01-28","7018-PLAN SUELDO","7018","Pesos","Clientes que acrediten sueldos en la entidad","Fija","50000","8000000","60","300000","30","123,76","153,18","29,42","89,186405","8351","0",,"2026-08-30","https://api.bcra.gob.ar/transparencia/v1.0/Prestamos/Personales"
"426","BANCO BICA S.A.","2026-01-28","7019-MERCADO VOLUNTARIOS","7019","Pesos","Beneficiarios de cuentas de la seguridad social","Fija","50000","5000000","60","500000","30","137,31","170,46","33,15","102,098724","8961","0",,"2026-08-30","https://api.bcra.gob.ar/transparencia/v1.0/Prestamos/Personales"
"426","BANCO BICA S.A.","2026-01-28","7019-MERCADO VOLUNTARIOS","7019","Pesos","Clientes con cuenta en la entidad","Fija","50000","5000000","60","500000","30","137,31","170,46","33,15","102,098724","8961","0",,"2026-08-30","https://api.bcra.gob.ar/transparencia/v1.0/Prestamos/Personales"
"426","BANCO BICA S.A.","2026-01-28","7019-MERCADO VOLUNTARIOS","7019","Pesos","Clientes que acrediten sueldos en la entidad","Fija","50000","5000000","60","500000","30","137,31","170,46","33,15","102,098724","8961","0",,"2026-08-30","https://api.bcra.gob.ar/transparencia/v1.0/Prestamos/Personales"
"426","BANCO BICA S.A.","2026-01-28","7019-MERCADO VOLUNTARIOS","7019","Pesos","Empleados públicos","Fija","50000","5000000","60","500000","30","137,31","170,46","33,15","102,098724","8961","0",,"2026-08-30","https://api.bcra.gob.ar/transparencia/v1.0/Prestamos/Personales"
"426","BANCO BICA S.A.","2026-01-28","7019-MERCADO VOLUNTARIOS","7019","Pesos","Personas humanas en relación de dependencia","Fija","50000","5000000","60","500000","30","137,31","170,46","33,15","102,098724","8961","0",,"2026-08-30","https://api.bcra.gob.ar/transparencia/v1.0/Prestamos/Personales"
"426","BANCO BICA S.A.","2026-01-28","7019-MERCADO VOLUNTARIOS","7019","Pesos","Personas humanas Monotributistas","Fija","50000","5000000","60","500000","30","137,31","170,46","33,15","102,098724","8961","0",,"2026-08-30","https://api.bcra.gob.ar/transparencia/v1.0/Prestamos/Personales"
"426","BANCO BICA S.A.","2026-01-28","7019-MERCADO VOLUNTARIOS","7019","Pesos","Personas humanas Responsables Inscriptos","Fija","50000","5000000","60","500000","30","137,31","170,46","33,15","102,098724","8961","0",,"2026-08-30","https://api.bcra.gob.ar/transparencia/v1.0/Prestamos/Personales"
"426","BANCO BICA S.A.","2026-01-28","7042-LINEA SUELDOS CLIENTES SELECCIONADOS","7042","Pesos","Clientes que acrediten sueldos en la entidad","Fija","50000","8000000","60","300000","30","123,76","153,18","29,42","89,186405","8351","0",,"2026-08-30","https://api.bcra.gob.ar/transparencia/v1.0/Prestamos/Personales"
"426","BANCO BICA S.A.","2026-01-28","7043-CLIENTES SELECCIONADOS VOLUNTARIOS","7043","Pesos","Beneficiarios de cuentas de la seguridad social","Fija","50000","5000000","60","500000","30","137,31","170,46","33,15","102,098724","8961","0",,"2026-08-30","https://api.bcra.gob.ar/transparencia/v1.0/Prestamos/Personales"
"426","BANCO BICA S.A.","2026-01-28","7043-CLIENTES SELECCIONADOS VOLUNTARIOS","7043","Pesos","Clientes con cuenta en la entidad","Fija","50000","5000000","60","500000","30","137,31","170,46","33,15","102,098724","8961","0",,"2026-08-30","https://api.bcra.gob.ar/transparencia/v1.0/Prestamos/Personales"
"426","BANCO BICA S.A.","2026-01-28","7043-CLIENTES SELECCIONADOS VOLUNTARIOS","7043","Pesos","Clientes que acrediten sueldos en la entidad","Fija","50000","5000000","60","500000","30","137,31","170,46","33,15","102,098724","8961","0",,"2026-08-30","https://api.bcra.gob.ar/transparencia/v1.0/Prestamos/Personales"
"426","BANCO BICA S.A.","2026-01-28","7043-CLIENTES SELECCIONADOS VOLUNTARIOS","7043","Pesos","Empleados públicos","Fija","50000","5000000","60","500000","30","137,31","170,46","33,15","102,098724","8961","0",,"2026-08-30","https://api.bcra.gob.ar/transparencia/v1.0/Prestamos/Personales"
"426","BANCO BICA S.A.","2026-01-28","7043-CLIENTES SELECCIONADOS VOLUNTARIOS","7043","Pesos","Personas humanas en relación de dependencia","Fija","50000","5000000","60","500000","30","137,31","170,46","33,15","102,098724","8961","0",,"2026-08-30","https://api.bcra.gob.ar/transparencia/v1.0/Prestamos/Personales"
"426","BANCO BICA S.A.","2026-01-28","7043-CLIENTES SELECCIONADOS VOLUNTARIOS","7043","Pesos","Personas humanas Monotributistas","Fija","50000","5000000","60","500000","30","137,31","170,46","33,15","102,098724","8961","0",,"2026-08-30","https://api.bcra.gob.ar/transparencia/v1.0/Prestamos/Personales"
"426","BANCO BICA S.A.","2026-01-28","7043-CLIENTES SELECCIONADOS VOLUNTARIOS","7043","Pesos","Personas humanas Responsables Inscriptos","Fija","50000","5000000","60","500000","30","137,31","170,46","33,15","102,098724","8961","0",,"2026-08-30","https://api.bcra.gob.ar/transparencia/v1.0/Prestamos/Personales"
"426","BANCO BICA S.A.","2026-01-28","7056- ACTIVOS-SITOS 1","7056","Pesos","Empleados públicos","Fija","50000","8000000","18","300000","30","152,65","164,05","11,4","97,308911","11865","0",,"2026-08-30","https://api.bcra.gob.ar/transparencia/v1.0/Prestamos/Personales"
"426","BANCO BICA S.A.","2026-01-28","7066- ACTIVOS SITOS II","7066","Pesos","Empleados públicos","Fija","50000","8000000","36","300000","30","141,42","160,79","19,37","94,872907","9505","0",,"2026-08-30","https://api.bcra.gob.ar/transparencia/v1.0/Prestamos/Personales"
"426","BANCO BICA S.A.","2026-01-28","7080- ACTIVOS UPCN 1","7080","Pesos","Empleados públicos","Fija","50000","8000000","24","300000","30","261,95","284,69","22,74","187,456031","14173","0",,"2026-08-30","https://api.bcra.gob.ar/transparencia/v1.0/Prestamos/Personales"
"426","BANCO BICA S.A.","2026-01-28","7308- ACTIVOS- MUTUAL ACML 2","7308","Pesos","Empleados públicos","Fija","50000","8000000","60","300000","30","131,36","158,84","27,48","93,415787","9012","0",,"2026-08-30","https://api.bcra.gob.ar/transparencia/v1.0/Prestamos/Personales"
"426","BANCO BICA S.A.","2026-01-28","7309- EX CAMBATIENTES 2","7309","Pesos","Empleados públicos","Fija","50000","8000000","60","300000","30","131,13","160,97","29,84","95,00741","9096","0",,"2026-08-30","https://api.bcra.gob.ar/transparencia/v1.0/Prestamos/Personales"
"426","BANCO BICA S.A.","2026-01-28","7317-CLIENTES SELECCIONADOS DE IAPSER-IAPV-SA SS FUNEBRES","7317","Pesos","Clientes que acrediten sueldos en la entidad","Fija","50000","8000000","60","300000","30","113,03","139,54","26,51","78,994041","7849","0",,"2026-08-30","https://api.bcra.gob.ar/transparencia/v1.0/Prestamos/Personales"
"426","BANCO BICA S.A.","2026-01-28","7323- AMCL - MINISTERIO DE SEGURIDAD","7323","Pesos","Empleados públicos","Fija","50000","4000000","60","300000","30","177,76","212,99","35,23","133,878872","11009","0",,"2026-08-30","https://api.bcra.gob.ar/transparencia/v1.0/Prestamos/Personales"
"426","BANCO BICA S.A.","2026-01-28","7339- AMCL - MINISTERIO DE SALUD","7339","Pesos","Empleados públicos","Fija","50000","8000000","60","300000","30","151,78","182,83","31,05","111,342092","9929","0",,"2026-08-30","https://api.bcra.gob.ar/transparencia/v1.0/Prestamos/Personales"
"426","BANCO BICA S.A.","2026-01-28","7342- ACTIVOS UPCN NUEVA","7342","Pesos","Empleados públicos","Fija","50000","8000000","18","300000","30","84,42","126,7","42,28","69,39947","1397","0",,"2026-08-30","https://api.bcra.gob.ar/transparencia/v1.0/Prestamos/Personales"
"426","BANCO BICA S.A.","2026-01-28","7352- AMCL - MINISTERIO DE EDUCACION","7352","Pesos","Empleados públicos","Fija","50000","8000000","60","300000","30","131,46","158,96","27,5","93,505456","9017","0",,"2026-08-30","https://api.bcra.gob.ar/transparencia/v1.0/Prestamos/Personales"
"426","BANCO BICA S.A.","2026-01-28","7387- PODER JUDICIAL ACTIVOS","7387","Pesos","Empleados públicos","Fija","50000","8000000","60","300000","30","139,31","168,36","29,05","100,529519","9376","0",,"2026-08-30","https://api.bcra.gob.ar/transparencia/v1.0/Prestamos/Personales"
"426","BANCO BICA S.A.","2026-01-28","7388- PODER JUDICIAL PASIVOS","7388","Pesos","Empleados públicos","Fija","50000","8000000","60","300000","30","139,31","168,36","29,05","100,529519","9376","0",,"2026-08-30","https://api.bcra.gob.ar/transparencia/v1.0/Prestamos/Personales"
"426","BANCO BICA S.A.","2026-01-28","7391- PODER JUDICIAL AMCL","7391","Pesos","Empleados públicos","Fija","50000","8000000","60","300000","30","131,46","159,12","27,66","93,625015","9017","0",,"2026-08-30","https://api.bcra.gob.ar/transparencia/v1.0/Prestamos/Personales"
"426","BANCO BICA S.A.","2026-01-28","7395- PODER JUDICIAL ACTIVOS II","7395","Pesos","Empleados públicos","Fija","50000","8000000","60","300000","30","161,02","193,73","32,71","119,487016","10323","0",,"2026-08-30","https://api.bcra.gob.ar/transparencia/v1.0/Prestamos/Personales"
"426","BANCO BICA S.A.","2026-01-28","7404 ACTIVOS - SITUACION 1 Y 2","7404","Pesos","Empleados públicos","Fija","50000","8000000","36","300000","30","144,9","173,35","28,45","104,25825","9994","0",,"2026-08-30","https://api.bcra.gob.ar/transparencia/v1.0/Prestamos/Personales"
"426","BANCO BICA S.A.","2026-01-28","7405 ACTIVOS - SITUACION 3  4 Y 5","7405","Pesos","Empleados públicos","Fija","50000","8000000","36","300000","30","148,64","177,7","29,06","107,508747","10146","0",,"2026-08-30","https://api.bcra.gob.ar/transparencia/v1.0/Prestamos/Personales"
"426","BANCO BICA S.A.","2026-01-28","7406 PASIVOS - SITUACION 1 Y 2","7406","Pesos","Empleados públicos","Fija","50000","8000000","36","300000","30","137,95","168,1","30,15","100,335236","9807","0",,"2026-08-30","https://api.bcra.gob.ar/transparencia/v1.0/Prestamos/Personales"
"426","BANCO BICA S.A.","2026-01-28","7407 PASIVOS - SITUACION 3 4 Y 5","7407","Pesos","Empleados públicos","Fija","50000","8000000","36","300000","30","146,18","177,84","31,66","107,613361","10151","0",,"2026-08-30","https://api.bcra.gob.ar/transparencia/v1.0/Prestamos/Personales"
"426","BANCO BICA S.A.","2026-01-28","7408 SEGURIDAD - SITUACION 1","7408","Pesos","Empleados públicos","Fija","50000","8000000","36","300000","30","188,26","223,32","35,06","141,597869","11672","0",,"2026-08-30","https://api.bcra.gob.ar/transparencia/v1.0/Prestamos/Personales"
"426","BANCO BICA S.A.","2026-01-28","7415 - MICROCREDITOS","7415","Pesos","Beneficiarios de cuentas de la seguridad social","Fija","50000","5000000","3","500000","30","138,38","146,91","8,53","84,501205","13407","0",,"2026-08-30","https://api.bcra.gob.ar/transparencia/v1.0/Prestamos/Personales"
"426","BANCO BICA S.A.","2026-01-28","7415 - MICROCREDITOS","7415","Pesos","Clientes con cuenta en la entidad","Fija","50000","5000000","3","500000","30","138,38","146,91","8,53","84,501205","13407","0",,"2026-08-30","https://api.bcra.gob.ar/transparencia/v1.0/Prestamos/Personales"
"426","BANCO BICA S.A.","2026-01-28","7415 - MICROCREDITOS","7415","Pesos","Clientes que acrediten sueldos en la entidad","Fija","50000","5000000","3","500000","30","138,38","146,91","8,53","84,501205","13407","0",,"2026-08-30","https://api.bcra.gob.ar/transparencia/v1.0/Prestamos/Personales"
"426","BANCO BICA S.A.","2026-01-28","7415 - MICROCREDITOS","7415","Pesos","Empleados públicos","Fija","50000","5000000","3","500000","30","138,38","146,91","8,53","84,501205","13407","0",,"2026-08-30","https://api.bcra.gob.ar/transparencia/v1.0/Prestamos/Personales"
"426","BANCO BICA S.A.","2026-01-28","7415 - MICROCREDITOS","7415","Pesos","Personas humanas en relación de dependencia","Fija","50000","5000000","3","500000","30","138,38","146,91","8,53","84,501205","13407","0",,"2026-08-30","https://api.bcra.gob.ar/transparencia/v1.0/Prestamos/Personales"
"426","BANCO BICA S.A.","2026-01-28","7415 - MICROCREDITOS","7415","Pesos","Personas humanas Monotributistas","Fija","50000","5000000","3","500000","30","138,38","146,91","8,53","84,501205","13407","0",,"2026-08-30","https://api.bcra.gob.ar/transparencia/v1.0/Prestamos/Personales"
"426","BANCO BICA S.A.","2026-01-28","7415 - MICROCREDITOS","7415","Pesos","Personas humanas Responsables Inscriptos","Fija","50000","5000000","3","500000","30","138,38","146,91","8,53","84,501205","13407","0",,"2026-08-30","https://api.bcra.gob.ar/transparencia/v1.0/Prestamos/Personales"
"426","BANCO BICA S.A.","2026-01-28","7419 - SIDECREER","7419","Pesos","Empleados públicos","Fija","50000","5000000","48","500000","30","216,92","234,75","17,83","150,13883","12207","0",,"2026-08-30","https://api.bcra.gob.ar/transparencia/v1.0/Prestamos/Personales"
"426","BANCO BICA S.A.","2026-01-28","7420 ACTIVOS -  SITUACION 1 Y 2 DIFERIDO-","7420","Pesos","Empleados públicos","Fija","50000","8000000","36","300000","30","161,06","168,61","7,55","100,716329","10642","0",,"2026-08-30","https://api.bcra.gob.ar/transparencia/v1.0/Prestamos/Personales"
"426","BANCO BICA S.A.","2026-01-28","7421 ACTIVOS - ACTIVOS - SITUACION 3  4 Y 5 DIFERIDO-","7421","Pesos","Empleados públicos","Fija","50000","8000000","36","300000","30","165,5","172,72","7,22","103,787488","10815","0",,"2026-08-30","https://api.bcra.gob.ar/transparencia/v1.0/Prestamos/Personales"
"426","BANCO BICA S.A.","2026-01-28","7422 PASIVOS - SITUACION 1 Y 2 DIFERIDO -","7422","Pesos","Empleados públicos","Fija","50000","8000000","36","300000","30","152,78","163,36","10,58","96,793315","10421","0",,"2026-08-30","https://api.bcra.gob.ar/transparencia/v1.0/Prestamos/Personales"
"426","BANCO BICA S.A.","2026-01-28","7423 PASIVOS - SITUACION 3 4 Y 5 DIFERIDO -","7423","Pesos","Empleados públicos","Fija","50000","8000000","36","300000","30","162,51","172,67","10,16","103,750126","10811","0",,"2026-08-30","https://api.bcra.gob.ar/transparencia/v1.0/Prestamos/Personales"
"426","BANCO BICA S.A.","2026-01-28","7424 SEGURIDAD - SITUACION 1 DIFERIDO","7424","Pesos","Empleados públicos","Fija","50000","8000000","36","300000","30","213,4","216,28","2,88","136,337294","12561","0",,"2026-08-30","https://api.bcra.gob.ar/transparencia/v1.0/Prestamos/Personales"
"426","BANCO BICA S.A.","2026-01-28","7427- AMCL - MINISTERIO DE SEGURIDAD DIFERIDO","7427","Pesos","Empleados públicos","Fija","50000","8000000","60","300000","30","200","208","8","130,150141","11867","0",,"2026-08-30","https://api.bcra.gob.ar/transparencia/v1.0/Prestamos/Personales"
"426","BANCO BICA S.A.","2026-01-28","7428- ACTIVOS- MUTUAL AMCL 2 DIFERIDO","7428","Pesos","Empleados públicos","Fija","50000","8000000","60","300000","30","144,18","155,85","11,67","91,181537","9595","0",,"2026-08-30","https://api.bcra.gob.ar/transparencia/v1.0/Prestamos/Personales"
"426","BANCO BICA S.A.","2026-01-28","7429- EX COMBATIENTES 2 DIFERIDO","7429","Pesos","Empleados públicos","Fija","50000","8000000","60","300000","30","143,85","155,53","11,68","90,94242","9580","0",,"2026-08-30","https://api.bcra.gob.ar/transparencia/v1.0/Prestamos/Personales"
"426","BANCO BICA S.A.","2026-01-28","7430- AMCL - MINISTERIO DE SALUD DIFERIDO","7430","Pesos","Empleados públicos","Fija","50000","8000000","60","300000","30","168,44","179,07","10,63","108,532467","10632","0",,"2026-08-30","https://api.bcra.gob.ar/transparencia/v1.0/Prestamos/Personales"
"426","BANCO BICA S.A.","2026-01-28","7431- AMCL - MINISTERIO DE EDUCACION DIFERIDO","7431","Pesos","Empleados públicos","Fija","50000","8000000","60","300000","30","144,29","155,96","11,67","91,263734","9600","0",,"2026-08-30","https://api.bcra.gob.ar/transparencia/v1.0/Prestamos/Personales"
"426","BANCO BICA S.A.","2026-01-28","7433-CUAD 7433 AMCL 2 - DIF - 2","7433","Pesos","Empleados públicos","Fija","50000","8000000","60","300000","30","133,07","144,98","11,91","83,059031","9091","0",,"2026-08-30","https://api.bcra.gob.ar/transparencia/v1.0/Prestamos/Personales"
"426","BANCO BICA S.A.","2026-01-28","7434-CTRO. EX COMB PASIVOS - SANCOR 2 - DIF 2","7434","Pesos","Empleados públicos","Fija","50000","8000000","60","300000","30","132,75","162,93","30,18","96,472002","9172","0",,"2026-08-30","https://api.bcra.gob.ar/transparencia/v1.0/Prestamos/Personales"
"426","BANCO BICA S.A.","2026-01-28","7438- PODER JUDICIAL ACTIVOS III","7438","Pesos","Empleados públicos","Fija","50000","8000000","60","300000","30","188,88","222,3","33,42","140,835683","11328","0",,"2026-08-30","https://api.bcra.gob.ar/transparencia/v1.0/Prestamos/Personales"
"431","BANCO COINAG S.A.","2026-07-31","PRESTAMOS PERSONALES","PERSONALES","Pesos","Clientes con cuenta en la entidad","Fija","8000","2500000","36","8000","30","63,23","81,75","18,52","35,811","1163","0","CANCELACION ANTICIPADA CUANDO SE REALICE DENTRO DE 180 DIAS CORRIDOS  DE SU OTORGAMIENTO O DENTRO DE LA PRIMER CUARTA PARTE DEL PLAZO","2026-08-30","https://api.bcra.gob.ar/transparencia/v1.0/Prestamos/Personales"
"431","BANCO COINAG S.A.","2026-07-31","PRESTAMOS PERSONALES","PERSONALES","Pesos","Personas humanas en relación de dependencia","Fija","8000","2500000","36","8000","30","63,23","81,75","18,52","35,811","1163","0","CANCELACION ANTICIPADA CUANDO SE REALICE DENTRO DE 180 DIAS CORRIDOS  DE SU OTORGAMIENTO O DENTRO DE LA PRIMER CUARTA PARTE DEL PLAZO","2026-08-30","https://api.bcra.gob.ar/transparencia/v1.0/Prestamos/Personales"
"431","BANCO COINAG S.A.","2026-07-31","PRESTAMOS PERSONALES","PERSONALES","Pesos","Personas humanas Monotributistas","Fija","8000","2500000","36","8000","30","63,23","81,75","18,52","35,811","1163","0","CANCELACION ANTICIPADA CUANDO SE REALICE DENTRO DE 180 DIAS CORRIDOS  DE SU OTORGAMIENTO O DENTRO DE LA PRIMER CUARTA PARTE DEL PLAZO","2026-08-30","https://api.bcra.gob.ar/transparencia/v1.0/Prestamos/Personales"
"431","BANCO COINAG S.A.","2026-07-31","PRESTAMOS PERSONALES","PERSONALES","Pesos","Personas humanas Responsables Inscriptos","Fija","8000","2500000","36","8000","30","63,23","81,75","18,52","35,811","1163","0","CANCELACION ANTICIPADA CUANDO SE REALICE DENTRO DE 180 DIAS CORRIDOS  DE SU OTORGAMIENTO O DENTRO DE LA PRIMER CUARTA PARTE DEL PLAZO","2026-08-30","https://api.bcra.gob.ar/transparencia/v1.0/Prestamos/Personales"
"431","BANCO COINAG S.A.","2026-07-31","PRESTAMOS PERSONALES CLIENTES PREMIUM","PRESTAMOS PREMIUM","Pesos","Clientes con cuenta en la entidad","Fija","8000","2500000","48","8000","30","28,08","35,74","7,66","1,430455","994","0","CANCELACION ANTICIPADA CUANDO SE REALICE DENTRO DE 180 DIAS CORRIDOS  DE SU OTORGAMIENTO O DENTRO DE LA PRIMER CUARTA PARTE DEL PLAZO","2026-08-30","https://api.bcra.gob.ar/transparencia/v1.0/Prestamos/Personales"
"431","BANCO COINAG S.A.","2026-07-31","PRESTAMOS PERSONALES DIAMANTE","PERSONALES DIAMANTE","Pesos","Clientes con cuenta en la entidad","Fija","8000","2500000","48","8000","30","48,23","61,86","13,63","20,948382","1095","0","CANCELACION ANTICIPADA CUANDO SE REALICE DENTRO DE 180 DIAS CORRIDOS  DE SU OTORGAMIENTO O DENTRO DE LA PRIMER CUARTA PARTE DEL PLAZO","2026-08-30","https://api.bcra.gob.ar/transparencia/v1.0/Prestamos/Personales"
"431","BANCO COINAG S.A.","2026-07-31","PRESTAMOS PERSONALES ESMERALDA","PERSONALES ESMERALDA","Pesos","Clientes con cuenta en la entidad","Fija","8000","2500000","48","8000","30","55,56","71,54","15,98","28,181673","1129","0","CANCELACION ANTICIPADA CUANDO SE REALICE DENTRO DE 180 DIAS CORRIDOS  DE SU OTORGAMIENTO O DENTRO DE LA PRIMER CUARTA PARTE DEL PLAZO","2026-08-30","https://api.bcra.gob.ar/transparencia/v1.0/Prestamos/Personales"
"431","BANCO COINAG S.A.","2026-07-31","PRESTAMOS PERSONALES PLAN SUELDO","PERSONALES PLAN SUELDO","Pesos","Clientes que acrediten sueldos en la entidad","Fija","8000","2500000","48","8000","30","48,23","61,86","13,63","20,948382","1095","0","CANCELACION ANTICIPADA CUANDO SE REALICE DENTRO DE 180 DIAS CORRIDOS  DE SU OTORGAMIENTO O DENTRO DE LA PRIMER CUARTA PARTE DEL PLAZO","2026-08-30","https://api.bcra.gob.ar/transparencia/v1.0/Prestamos/Personales"
"431","BANCO COINAG S.A.","2026-07-31","PRESTAMOS PERSONALES SOSTENIBLES","PERSONALES SOSTENIBLES","Pesos","Clientes con cuenta en la entidad","Fija","8000","2500000","48","8000","30","45,38","57,65","12,27","17,802499","668","0","CANCELACION ANTICIPADA CUANDO SE REALICE DENTRO DE 180 DIAS CORRIDOS  DE SU OTORGAMIENTO O DENTRO DE LA PRIMER CUARTA PARTE DEL PLAZO","2026-08-30","https://api.bcra.gob.ar/transparencia/v1.0/Prestamos/Personales"
"431","BANCO COINAG S.A.","2026-07-31","PRESTAMOS PERSONALES SOSTENIBLES","PERSONALES SOSTENIBLES","Pesos","Clientes que acrediten sueldos en la entidad","Fija","8000","2500000","48","8000","30","51,12","65,17","14,05","23,421749","696","0","CANCELACION ANTICIPADA CUANDO SE REALICE DENTRO DE 180 DIAS CORRIDOS  DE SU OTORGAMIENTO O DENTRO DE LA PRIMER CUARTA PARTE DEL PLAZO","2026-08-30","https://api.bcra.gob.ar/transparencia/v1.0/Prestamos/Personales"
"431","BANCO COINAG S.A.","2026-07-31","PRESTAMOS PERSONALES SOSTENIBLES","PERSONALES SOSTENIBLES","Pesos","Personas humanas en relación de dependencia","Fija","8000","2500000","48","8000","30","45,38","57,65","12,27","17,802499","668","0","CANCELACION ANTICIPADA CUANDO SE REALICE DENTRO DE 180 DIAS CORRIDOS  DE SU OTORGAMIENTO O DENTRO DE LA PRIMER CUARTA PARTE DEL PLAZO","2026-08-30","https://api.bcra.gob.ar/transparencia/v1.0/Prestamos/Personales"
"431","BANCO COINAG S.A.","2026-07-31","PRESTAMOS PERSONALES SOSTENIBLES","PERSONALES SOSTENIBLES","Pesos","Personas humanas Monotributistas","Fija","8000","2500000","48","8000","30","45,38","57,65","12,27","17,802499","668","0","CANCELACION ANTICIPADA CUANDO SE REALICE DENTRO DE 180 DIAS CORRIDOS  DE SU OTORGAMIENTO O DENTRO DE LA PRIMER CUARTA PARTE DEL PLAZO","2026-08-30","https://api.bcra.gob.ar/transparencia/v1.0/Prestamos/Personales"
"431","BANCO COINAG S.A.","2026-07-31","PRESTAMOS PERSONALES SOSTENIBLES","PERSONALES SOSTENIBLES","Pesos","Personas humanas Responsables Inscriptos","Fija","8000","2500000","48","8000","30","45,38","57,65","12,27","17,802499","668","0","CANCELACION ANTICIPADA CUANDO SE REALICE DENTRO DE 180 DIAS CORRIDOS  DE SU OTORGAMIENTO O DENTRO DE LA PRIMER CUARTA PARTE DEL PLAZO","2026-08-30","https://api.bcra.gob.ar/transparencia/v1.0/Prestamos/Personales"
"432","BANCO DE COMERCIO S.A.","2026-08-14","PRESTAMOS PERSONALES","PP","Pesos","Clientes con cuenta en la entidad","Fija","1","30000","24","1500","30","125,45","187,87","62,42","115,108185","0","0",,"2026-08-30","https://api.bcra.gob.ar/transparencia/v1.0/Prestamos/Personales"
"432","BANCO DE COMERCIO S.A.","2026-08-14","PRESTAMOS PERSONALES","PP","Pesos","Empleados públicos","Fija","1","30000","24","1500","30","125,45","187,87","62,42","115,108185","0","0",,"2026-08-30","https://api.bcra.gob.ar/transparencia/v1.0/Prestamos/Personales"
"432","BANCO DE COMERCIO S.A.","2026-08-14","PRESTAMOS PERSONALES","PP","Pesos","Personas humanas en relación de dependencia","Fija","1","30000","24","1500","30","125,45","187,87","62,42","115,108185","0","0",,"2026-08-30","https://api.bcra.gob.ar/transparencia/v1.0/Prestamos/Personales"
"432","BANCO DE COMERCIO S.A.","2026-08-14","PRESTAMOS PERSONALES","PP","Pesos","Personas humanas Monotributistas","Fija","1","30000","24","1500","30","125,45","187,87","62,42","115,108185","0","0",,"2026-08-30","https://api.bcra.gob.ar/transparencia/v1.0/Prestamos/Personales"
"432","BANCO DE COMERCIO S.A.","2026-08-14","PRESTAMOS PERSONALES","PP","Pesos","Personas humanas Responsables Inscriptos","Fija","1","30000","24","1500","30","125,45","187,87","62,42","115,108185","0","0",,"2026-08-30","https://api.bcra.gob.ar/transparencia/v1.0/Prestamos/Personales"
"435","BANCO SUCREDITO REGIONAL S.A.U.","2026-07-31","PERSONA JURIDICA - ADELANTO EN CUENTA CORRIENTE CON ACUERDO","PER. JUR. ADELANTO CC C/A","Pesos","Todos los beneficiarios","Fija","10000","0","0","0","0","95,65","115,73","20,08","61,20224","0","24",,"2026-08-30","https://api.bcra.gob.ar/transparencia/v1.0/Prestamos/Personales"
"435","BANCO SUCREDITO REGIONAL S.A.U.","2026-07-31","PERSONA JURIDICA - ADELANTO EN CUENTA CORRIENTE SIN ACUERDO","PER. JUR. ADELANTO CC S/A","Pesos","Todos los beneficiarios","Fija","10000","0","0","0","0","240,79","291,35","50,56","192,432654","0","24",,"2026-08-30","https://api.bcra.gob.ar/transparencia/v1.0/Prestamos/Personales"
"435","BANCO SUCREDITO REGIONAL S.A.U.","2026-07-31","PERSONA JURIDICA PRESTAMO AMORTIZABLE","PER. JUR. - PREST. AMORT.","Pesos","Todos los beneficiarios","Fija","10000","0","12","0","0","107,05","129,53","22,48","71,514162","0","24",,"2026-08-30","https://api.bcra.gob.ar/transparencia/v1.0/Prestamos/Personales"
"435","BANCO SUCREDITO REGIONAL S.A.U.","2026-07-31","PERSONA JURIDICA PRESTAMO AMORTIZABLE","PER. JUR. - PREST. AMORT.","Pesos","Todos los beneficiarios","Fija","10000","0","24","0","0","112,98","136,7","23,72","76,871878","0","24",,"2026-08-30","https://api.bcra.gob.ar/transparencia/v1.0/Prestamos/Personales"
"435","BANCO SUCREDITO REGIONAL S.A.U.","2026-07-31","PERSONAS JURIDICAS - DESCUENTO DE CHEQUES","PER.JUR. DCTO. DE CHEQUE","Pesos","Todos los beneficiarios","Fija","10000","0","12","0","0","83,07","83,07","0","36,797358","0","24",,"2026-08-30","https://api.bcra.gob.ar/transparencia/v1.0/Prestamos/Personales"
"435","BANCO SUCREDITO REGIONAL S.A.U.","2026-07-31","PRESTAMO AMORTIZABLE.","PRESTAMO AMORTIZABLE","Pesos","Todos los beneficiarios","Fija","10000","50000000","12","0","0","211,22","255,58","44,36","165,703854","0","24",,"2026-08-30","https://api.bcra.gob.ar/transparencia/v1.0/Prestamos/Personales"
"448","BANCO DINO S.A.","2025-12-03","PRESTAMO PERSONAL MERCADO ABIERTO","PRESTAMO MERCADO ABIERTO","Pesos","Personas humanas en relación de dependencia","Fija","1000","2000000","18","800000","30","157,84","211,75","53,91","132,952293","1244","4",,"2026-08-30","https://api.bcra.gob.ar/transparencia/v1.0/Prestamos/Personales"
