source_id,original_url,retrieval_url,capture_timestamp,cdx_digest,local_path,sha256,bytes,provenance_note
e0_mecon_strip_boden2012_call_2009_06_10,http://www.mecon.gov.ar/finanzas/sfinan/documentos/comunicado_de_prensa_boden2012.pdf,https://web.archive.org/web/20090619202926id_/http://www.mecon.gov.ar/finanzas/sfinan/documentos/comunicado_de_prensa_boden2012.pdf,20090619202926,S7GOXGJQEH56CLSGQ5TXP6Z6U2QCHIYX,/research/ciclo_ajuste/inputs/historical_retrieval/v116/binaries/mecon_strip_boden2012_llamado_2009-06-10_wayback.pdf,5e985d7a96ee628e6abd83d1a05e76ca3111fd806c429641792aa41af639f841,24883,Binario oficial original preservado por Internet Archive; URL institucional histórica ya no es una ruta viva confiable.
e0_mecon_strip_boden2012_result_2009_06_12,http://www.mecon.gov.ar/finanzas/sfinan/documentos/comunicado_de_prensa_resultado_con%20anexo.pdf,https://web.archive.org/web/20090619203017id_/http://www.mecon.gov.ar/finanzas/sfinan/documentos/comunicado_de_prensa_resultado_con%20anexo.pdf,20090619203017,2J7QZWPHLWKE5A2WQTC4HMWS2IUD44XS,/research/ciclo_ajuste/inputs/historical_retrieval/v116/binaries/mecon_strip_boden2012_resultado_2009-06-12_wayback.pdf,a6afe3d95aab9726b437e8ac46ad71b0db4c9dfeb80d9892b5452d16379e3b20,20729,Binario oficial original preservado por Internet Archive; incluye comunicado y anexo de 35 ofertas.
e0_bcra_inflation_report_q4_2008_buyback_control,https://www.bcra.gob.ar/archivos/Pdfs/publicacionesestadisticas/informe-de-inflacion-trimestre-4-2008.pdf,https://www.bcra.gob.ar/archivos/Pdfs/publicacionesestadisticas/informe-de-inflacion-trimestre-4-2008.pdf,,,/research/ciclo_ajuste/inputs/historical_retrieval/v116/binaries/bcra_informe_inflacion_4t_2008.pdf,7eadf384bb38d996f246bfe12284e93401791c1f97ab30c5f186af77ab6e9bae,1472963,Descarga directa actual desde BCRA; control oficial aproximado independiente.
e0_caja_archive_recompra_2008_query,https://contenidos.sba.com.ar/CAJVAL/vistas/Comunicados/ListadoComunicadosInstitucional.aspx?c=2,https://contenidos.sba.com.ar/CAJVAL/vistas/Comunicados/ListadoComunicadosInstitucional.aspx?c=2,20260829,N/A_LIVE_OFFICIAL,/research/ciclo_ajuste/inputs/historical_retrieval/v126/binaries/caja_archive_recompra_2008.html,ebe50392348978745c22cd29d1e35ae49b1c1712bb042a58e9efc29af1e9a417,28574,Descarga directa o respuesta filtrada preservada desde el portador institucional oficial; hash local congelado en V138.
e0_caja_archive_window_2008_09_12_2008_10_10_query,https://contenidos.sba.com.ar/CAJVAL/vistas/Comunicados/ListadoComunicadosInstitucional.aspx?c=2,https://contenidos.sba.com.ar/CAJVAL/vistas/Comunicados/ListadoComunicadosInstitucional.aspx?c=2,20260829,N/A_LIVE_OFFICIAL,/research/ciclo_ajuste/inputs/historical_retrieval/v126/binaries/caja_archive_window_2008-09-12_2008-10-10.html,86b99286f08393a60185f79c3cd819614a6b97da2ac5a9c44316e7b324546b83,56094,Descarga directa o respuesta filtrada preservada desde el portador institucional oficial; hash local congelado en V138.
e0_argentina_deuda_publica_2008_q3,https://www.argentina.gob.ar/sites/default/files/deuda_publica_30-09-08.xls,https://www.argentina.gob.ar/sites/default/files/deuda_publica_30-09-08.xls,20260829,N/A_LIVE_OFFICIAL,/research/ciclo_ajuste/inputs/historical_retrieval/v126/binaries/deuda_publica_30-09-08.xls,9e986552e6a6b37662046b0b808b78878b52bc885595ed3d0f75eca58f4d0b82,2236928,Descarga directa o respuesta filtrada preservada desde el portador institucional oficial; hash local congelado en V138.
e0_argentina_deuda_publica_2008_q4,https://www.argentina.gob.ar/sites/default/files/deuda_publica_31-12-2008.xls,https://www.argentina.gob.ar/sites/default/files/deuda_publica_31-12-2008.xls,20260829,N/A_LIVE_OFFICIAL,/research/ciclo_ajuste/inputs/historical_retrieval/v126/binaries/deuda_publica_31-12-2008.xls,7eae7145e29214a2aaae75384e38f592ce8367a94f920978187417ceef8c2e31,6036992,Descarga directa o respuesta filtrada preservada desde el portador institucional oficial; hash local congelado en V138.
e0_argentina_2005_prospectus_supplement,https://www.argentina.gob.ar/sites/default/files/mfin_us_prospectus_and_prospectus_supplement.pdf,https://www.argentina.gob.ar/sites/default/files/mfin_us_prospectus_and_prospectus_supplement.pdf,20260830,N/A_DIRECT_OFFICIAL,/research/ciclo_ajuste/inputs/historical_retrieval/v128/binaries/argentina_2005_prospectus_supplement.pdf,ffec6c453fddf7d4a9ca99c8e53e8cd0af630cfa4a9f4212c679c343b74dfe17,956554,Descarga directa desde el portador institucional oficial; binario o HTML preservado y hash congelado en V138.
e0_argentina_resolution_115_323_2005_buyback_procedure,https://www.argentina.gob.ar/normativa/nacional/resoluci%C3%B3n-115-2005-111413/texto,https://www.argentina.gob.ar/normativa/nacional/resoluci%C3%B3n-115-2005-111413/texto,20260830,N/A_DIRECT_OFFICIAL,/research/ciclo_ajuste/inputs/historical_retrieval/v128/binaries/argentina_resolucion_conjunta_115_323_2005.html,9ea2b24c84833cd05b19fd5d0f37ec472f5eb05a6fea6933883b216820ad527d,54348,Descarga directa desde el portador institucional oficial; binario o HTML preservado y hash congelado en V138.
e0_argentina_gdp_units_third_payment_2008,https://www.argentina.gob.ar/sites/default/files/comunicado_3er_cupon_unidad_pbi.pdf,https://www.argentina.gob.ar/sites/default/files/comunicado_3er_cupon_unidad_pbi.pdf,20260830,N/A_DIRECT_OFFICIAL,/research/ciclo_ajuste/inputs/historical_retrieval/v128/binaries/argentina_gdp_units_third_payment_2008.pdf,64a18c8d9473cc6d61bc41333c6c9f230524617d84a3eb816f2bd31957bb0ced,59024,Descarga directa desde el portador institucional oficial; binario o HTML preservado y hash congelado en V138.
e0_argentina_colocaciones_deuda_2008_xls,https://www.argentina.gob.ar/sites/default/files/coloc2008_castellano_con_letras.xls,https://www.argentina.gob.ar/sites/default/files/coloc2008_castellano_con_letras.xls,20260830,N/A_DIRECT_OFFICIAL,/research/ciclo_ajuste/inputs/historical_retrieval/v129/binaries/coloc2008_castellano_con_letras.xls,08077e8abac8a714e2d28b10a85d8f7b0510b0015c73cb94144569905d7e0fab,83456,Descarga directa desde el portador institucional oficial; XLS preservado y auditado como control negativo de alcance en V138.
e0_bcra_com_b9195_cuentas_corrientes_2008,https://www.bcra.gob.ar/archivos/Pdfs/comytexord/b9195.pdf,https://www.bcra.gob.ar/archivos/Pdfs/comytexord/b9195.pdf,20260830,N/A_DIRECT_OFFICIAL,/research/ciclo_ajuste/inputs/historical_retrieval/v130/binaries/bcra_com_b9195_cuentas_corrientes_2008.pdf,70421c39f9ee663a387477b4abe6efef2fc94ef70678c2265578ddf9220098de,217990,Descarga directa del portador oficial BCRA; binario preservado y verificado visualmente en V138.
e0_bcra_com_b9322_cuentas_corrientes_2008,https://www.bcra.gob.ar/archivos/Pdfs/comytexord/b9322.pdf,https://www.bcra.gob.ar/archivos/Pdfs/comytexord/b9322.pdf,20260830,N/A_DIRECT_OFFICIAL,/research/ciclo_ajuste/inputs/historical_retrieval/v130/binaries/bcra_com_b9322_cuentas_corrientes_2008.pdf,e2b588d85262ff8e3a7c586ecf43683178584958e9473aa9b10095464336c6c0,272233,Descarga directa del portador oficial BCRA; binario preservado y verificado visualmente en V138.
e0_agn_informe_segundo_trimestre_2009_act_48_0237_09,https://www.agn.gob.ar/sites/default/files/informes/2009_191info_0.pdf,https://www.agn.gob.ar/sites/default/files/informes/2009_191info_0.pdf,20260830,N/A_DIRECT_OFFICIAL,/research/ciclo_ajuste/inputs/historical_retrieval/v131/binaries/agn_2009_191_avance_2t_2009.pdf,a702a4a9b1252fae6f837ca1ac76cd1a3dd5d3a2f685deebb01c111db692e7e3,1534297,"Descarga directa del portador oficial AGN; binario preservado, hasheado y página objetivo verificada visualmente en V138."
e0_agn_api_informe_res202_act41_2009,"https://webagnapi.agn.gob.ar/api/node/informes/b52e2e9c-90b5-4af1-bf5d-0bab8596606e?include=informe,resolucion_archivo,ficha,anexo","https://webagnapi.agn.gob.ar/api/node/informes/b52e2e9c-90b5-4af1-bf5d-0bab8596606e?include=informe,resolucion_archivo,ficha,anexo",20260830,N/A_DIRECT_OFFICIAL,/research/ciclo_ajuste/inputs/historical_retrieval/v132/binaries/agn_api_informe_res202_act41_2009.json,8edcc3503af5f3ec0c380788dc70fe3276885e621ce37bfaf00f48f3baacdcfc,13002,"Descarga directa oficial; preservada, hasheada y contenido relevante verificado en V138."
e0_agn_res_202_2009_act_41_2009_resolution,https://www.agn.gob.ar/sites/default/files/informes/2009_202Reso.pdf,https://www.agn.gob.ar/sites/default/files/informes/2009_202Reso.pdf,20260830,N/A_DIRECT_OFFICIAL,/research/ciclo_ajuste/inputs/historical_retrieval/v132/binaries/agn_res_202_2009_act_41_2009.pdf,52a27534424d10eb631c9852d8ba35222d3448eeefaf583192c745d59d755589,48191,"Descarga directa oficial; preservada, hasheada y contenido relevante verificado en V138."
e0_agn_api_informe_3t_2009_res211,"https://webagnapi.agn.gob.ar/api/node/informes/7c01261c-10a0-40f6-94f6-ae7a02be8b63?include=informe,resolucion_archivo","https://webagnapi.agn.gob.ar/api/node/informes/7c01261c-10a0-40f6-94f6-ae7a02be8b63?include=informe,resolucion_archivo",20260830,N/A_DIRECT_OFFICIAL,/research/ciclo_ajuste/inputs/historical_retrieval/v132/binaries/agn_api_informe_3t_2009_res211.json,001a311e62a2ead9649c5ffc0261c2691ed32eeb150388f298ab769ec1076aa5,10672,"Descarga directa oficial; preservada, hasheada y contenido relevante verificado en V138."
e0_agn_res_211_2009_3t_activity,https://www.agn.gob.ar/sites/default/files/informes/resolucion_211_2009.pdf,https://www.agn.gob.ar/sites/default/files/informes/resolucion_211_2009.pdf,20260830,N/A_DIRECT_OFFICIAL,/research/ciclo_ajuste/inputs/historical_retrieval/v132/binaries/agn_res_211_2009_3t_2009.pdf,d8408f34fa88c2f4614fcdb30f8a2eed64d57e72f61526e2c886bddc68831b53,30951,"Descarga directa oficial; preservada, hasheada y contenido relevante verificado en V138."
e0_agn_api_informe_4t_2009_res44_2010,"https://webagnapi.agn.gob.ar/api/node/informes/616f80c7-65f2-4b5c-a4e9-b8bf4954600e?include=informe,resolucion_archivo","https://webagnapi.agn.gob.ar/api/node/informes/616f80c7-65f2-4b5c-a4e9-b8bf4954600e?include=informe,resolucion_archivo",20260830,N/A_DIRECT_OFFICIAL,/research/ciclo_ajuste/inputs/historical_retrieval/v132/binaries/agn_api_informe_4t_2009_res044_2010.json,c68a6035ac0bda2df5eb71608572943a0b00230f5fb62f1e1b18730be98ff677,10675,"Descarga directa oficial; preservada, hasheada y contenido relevante verificado en V138."
e0_agn_res_44_2010_4t_activity,https://www.agn.gob.ar/sites/default/files/informes/2010_044reso_0.pdf,https://www.agn.gob.ar/sites/default/files/informes/2010_044reso_0.pdf,20260830,N/A_DIRECT_OFFICIAL,/research/ciclo_ajuste/inputs/historical_retrieval/v132/binaries/agn_res_044_2010_4t_2009.pdf,a02e317a61221b4b163ff3e2fcf2a4756414c25871abe4886fcc218cd1e38772,30142,"Descarga directa oficial; preservada, hasheada y contenido relevante verificado en V138."
e0_agn_2022_124_oncp_control_interno,https://www.agn.gob.ar/sites/default/files/informes/2022-124-Informe_0.pdf,https://www.agn.gob.ar/sites/default/files/informes/2022-124-Informe_0.pdf,20260830,N/A_DIRECT_OFFICIAL,/research/ciclo_ajuste/inputs/historical_retrieval/v132/binaries/agn_2022_124_oncp_control_interno.pdf,4b61ce2dc5245268a4cb1858e023c202beb08a86425af3710c1a6ff963f9ccc4,8305750,"Descarga directa oficial; preservada, hasheada y contenido relevante verificado en V138."
e0_senado_exp_366_09_agn_res211_t3,https://www.senado.gob.ar/parlamentario/comisiones/verExp/366.09/OV/PP,https://www.senado.gob.ar/parlamentario/comisiones/verExp/366.09/OV/PP,20260830,N/A_DIRECT_OFFICIAL,/research/ciclo_ajuste/inputs/historical_retrieval/v133/binaries/senado_exp_366_09_agn_res211_t3.html,f74fbe0afdc64f2417b33812dbf68696df7b70e73b65b0fe1e4f2eb69720574c,48711,Captura directa oficial preservada y hasheada en V138; metadatos verificables en el HTML.
e0_senado_exp_44_10_agn_res44_t4,https://www.senado.gob.ar/parlamentario/comisiones/verExp/44.10/OV/PP,https://www.senado.gob.ar/parlamentario/comisiones/verExp/44.10/OV/PP,20260830,N/A_DIRECT_OFFICIAL,/research/ciclo_ajuste/inputs/historical_retrieval/v133/binaries/senado_exp_44_10_agn_res44_t4.html,b8ba499ccb21798d392d4c8e8499d51c6057bb076c6f8d41c08d773e201beed2,48707,Captura directa oficial preservada y hasheada en V138; metadatos verificables en el HTML.
e0_economia_consulta_expedientes_comdoc_gde,https://www.argentina.gob.ar/economia/informacionciudadana/consultadeexpedientes,https://www.argentina.gob.ar/economia/informacionciudadana/consultadeexpedientes,20260830,N/A_DIRECT_OFFICIAL,/research/ciclo_ajuste/inputs/historical_retrieval/v133/binaries/economia_consulta_expedientes_comdoc_gde.html,ffa7137f0ff2405d504b64e06cc522420384400164d23838256bff443c3d4ec2,35065,Captura directa oficial preservada y hasheada en V138; metadatos verificables en el HTML.
e0_agenda_digital_finddoc_comdoc_architecture,https://cdi.mecon.gob.ar/bases/docelec/br1018.pdf,https://cdi.mecon.gob.ar/bases/docelec/br1018.pdf,20260830,N/A_DIRECT_OFFICIAL,/research/ciclo_ajuste/inputs/historical_retrieval/v134/binaries/agenda_digital_argentina_2003_2011_br1018.pdf,1d76b6d563aea0d6dd7fa67e22a53b36e269849b3ef6ecd0508e8e16f156d68b,3550343,Descarga directa oficial preservada y hasheada en V138; páginas PDF relevantes renderizadas cuando correspondió.
e0_agn_informe_254_2013_finddoc_control,https://www.agn.gob.ar/sites/default/files/informes/Informe_254_2013.pdf,https://www.agn.gob.ar/sites/default/files/informes/Informe_254_2013.pdf,20260830,N/A_DIRECT_OFFICIAL,/research/ciclo_ajuste/inputs/historical_retrieval/v134/binaries/agn_informe_254_2013.pdf,99028db4627cc1190bab7d2282ae9330bca08846676b3bdf4cf4a64a969e23be,23877781,Descarga directa oficial preservada y hasheada en V138; páginas PDF relevantes renderizadas cuando correspondió.
e0_cgn_circular_2_1997_c41_due_date,https://www.economia.gob.ar/hacienda/cgn/normas/circulares/1997/cir2.htm,https://www.economia.gob.ar/hacienda/cgn/normas/circulares/1997/cir2.htm,20260830,N/A_DIRECT_OFFICIAL,/research/ciclo_ajuste/inputs/historical_retrieval/v134/binaries/cgn_circular_2_1997_c41.html,52ef4c74fdd4d9ff27bb694e9b0a01e60580054df22c02574669a5c274e0da29,3126,Descarga directa oficial preservada y hasheada en V138; páginas PDF relevantes renderizadas cuando correspondió.
e0_cgn_circular_13_2002_external_payments_c41,https://www.economia.gob.ar/hacienda/cgn/normas/circulares/2002/circ13.htm,https://www.economia.gob.ar/hacienda/cgn/normas/circulares/2002/circ13.htm,20260830,N/A_DIRECT_OFFICIAL,/research/ciclo_ajuste/inputs/historical_retrieval/v134/binaries/cgn_circular_13_2002_pagos_exterior.html,88b09113bdbdb39ea9d90175d3c889e052c9d24649fdb4c38ecb7be35597357a,9206,Descarga directa oficial preservada y hasheada en V138; páginas PDF relevantes renderizadas cuando correspondió.
e0_cgn_circular_6_1995_c41_tgn,https://www.economia.gob.ar/hacienda/cgn/normas/circulares/1995/cir06.htm,https://www.economia.gob.ar/hacienda/cgn/normas/circulares/1995/cir06.htm,20260830,N/A_DIRECT_OFFICIAL,/research/ciclo_ajuste/inputs/historical_retrieval/v134/binaries/cgn_circular_6_1995_c41_tgn.html,9d6b17a57c0c394b51cc35adb59d8b95f33c5f32c8819b67b7353c82876e0fac,15107,Descarga directa oficial preservada y hasheada en V138; páginas PDF relevantes renderizadas cuando correspondió.
e0_cgn_circular_22_2004_c55_bank_debit,https://www.economia.gob.ar/hacienda/cgn/normas/circulares/2004/cir22.htm,https://www.economia.gob.ar/hacienda/cgn/normas/circulares/2004/cir22.htm,20260830,N/A_DIRECT_OFFICIAL,/research/ciclo_ajuste/inputs/historical_retrieval/v134/binaries/cgn_circular_22_2004_c55.html,626d6c57662055cc96756f9f203e843631f9ac9e5c144952e7ec7a8fe62cd3c7,8534,Descarga directa oficial preservada y hasheada en V138; páginas PDF relevantes renderizadas cuando correspondió.
e0_senado_bicameral_revisora_current_documents,https://www.senado.gob.ar/parlamentario/comisiones/info/100?Documentacion=2&Informacion=2&Reuniones=,https://www.senado.gob.ar/parlamentario/comisiones/info/100?Documentacion=2&Informacion=2&Reuniones=,20260830,N/A_DIRECT_OFFICIAL,/research/ciclo_ajuste/inputs/historical_retrieval/v134/binaries/senado_bicameral_revisora_documentacion_actual.html,597df2f9f87da7f828072189f21d65f7aa186e18e8318d0b50cfaa6ec7a15ff8,152197,Descarga directa oficial preservada y hasheada en V138; páginas PDF relevantes renderizadas cuando correspondió.
e0_hcdn_session_summary_2012_05_23_mass_archive,https://www4.hcdn.gov.ar/sesionesxml/sumario.php?p=130&r=8,https://www4.hcdn.gov.ar/sesionesxml/sumario.php?p=130&r=8,20260830,N/A_DIRECT_OFFICIAL,/research/ciclo_ajuste/inputs/historical_retrieval/v134/binaries/hcdn_sumario_reunion_8_23_mayo_2012.html,de52eedd2056e896f8cc231fb5cc586218f22a2417c8f0cf810f80f9919d39c9,77763,Descarga directa oficial preservada y hasheada en V138; páginas PDF relevantes renderizadas cuando correspondió.
e0_cgn_cuenta_inversion_2008_tomo_ii_tgn_system_files,https://www.economia.gob.ar/hacienda/cgn/cuenta/2008/archivos/tomoii.pdf,https://www.economia.gob.ar/hacienda/cgn/cuenta/2008/archivos/tomoii.pdf,20260830,N/A_DIRECT_OFFICIAL,/research/ciclo_ajuste/inputs/historical_retrieval/v135/binaries/cgn_cuenta_inversion_2008_tomo_ii.pdf,a4047cec54c88efeff97d5f6602c45277cd4e813c71f3df1d8bab45dd40594ae,3450121,Descarga directa oficial preservada y hasheada en V138; páginas PDF relevantes renderizadas cuando correspondió.
e0_cgn_tgn_disposicion_conjunta_47_10_2008_external_payments,https://www.economia.gob.ar/hacienda/cgn/normas/disposiciones/2008/adisp47.htm,https://www.economia.gob.ar/hacienda/cgn/normas/disposiciones/2008/adisp47.htm,20260830,N/A_DIRECT_OFFICIAL,/research/ciclo_ajuste/inputs/historical_retrieval/v135/binaries/cgn_tgn_disposicion_conjunta_47_10_2008_pagos_exterior.html,785381b2ae7ce14970b6f609264ba6a06a05e07aebd3645bcf163a2a49370874,10869,Descarga directa oficial preservada y hasheada en V138; páginas PDF relevantes renderizadas cuando correspondió.
e0_cgn_circular_34_1997_sdpgb_paid_beneficiary_schema,https://www.economia.gob.ar/hacienda/cgn/normas/circulares/1997/cir34a.htm,https://www.economia.gob.ar/hacienda/cgn/normas/circulares/1997/cir34a.htm,20260830,N/A_DIRECT_OFFICIAL,/research/ciclo_ajuste/inputs/historical_retrieval/v135/binaries/cgn_circular_34_1997_archivo_pagado_beneficiario.html,d4019e3d1fb5ed2a426ab729e5c2512ff23a7eabc52d41fd910a0ae0a56fdd64,23844,Descarga directa oficial preservada y hasheada en V138; páginas PDF relevantes renderizadas cuando correspondió.
e0_tgn_circular_7_1997_daily_paid_files,https://www.economia.gob.ar/digesto/circulares/tgn/1997/cirtgn07.htm,https://www.economia.gob.ar/digesto/circulares/tgn/1997/cirtgn07.htm,20260830,N/A_DIRECT_OFFICIAL,/research/ciclo_ajuste/inputs/historical_retrieval/v135/binaries/tgn_circular_7_1997_pagado_diario.html,b24b54c462369508e47ead79c87b11618ac7796c581b3b5775658fdc6a40105e,3362,Descarga directa oficial preservada y hasheada en V138; páginas PDF relevantes renderizadas cuando correspondió.
e0_economia_digesto_chapter_3_tgn_index,https://www.economia.gob.ar/digesto/capi3.htm,https://www.economia.gob.ar/digesto/capi3.htm,20260830,N/A_DIRECT_OFFICIAL,/research/ciclo_ajuste/inputs/historical_retrieval/v135/binaries/economia_digesto_capitulo_3_indice.html,52d810ec5efffaaf3fbef071e2683648dcfce2398553a10ec5f64ad6d4142ea2,40882,Descarga directa oficial preservada y hasheada en V138; páginas PDF relevantes renderizadas cuando correspondió.
e0_minplan_resolution_1522_2006_comdoc_custody,https://www.argentina.gob.ar/normativa/nacional/norma-119314/actualizacion,https://www.argentina.gob.ar/normativa/nacional/norma-119314/actualizacion,20260830,N/A_DIRECT_OFFICIAL,/research/ciclo_ajuste/inputs/historical_retrieval/v135/binaries/minplan_resolucion_1522_2006_comdoc_custodia.html,fda42ee250f8989a97122e38ef7c7e4a3527e1de46afeeb9696dceb2ed04f0e9,93449,Descarga directa oficial preservada y hasheada en V138; páginas PDF relevantes renderizadas cuando correspondió.
e0_debt_joint_resolution_216_26_2008_instruction_chain,https://www.argentina.gob.ar/normativa/nacional/norma-144186/texto,https://www.argentina.gob.ar/normativa/nacional/norma-144186/texto,20260830,N/A_DIRECT_OFFICIAL,/research/ciclo_ajuste/inputs/historical_retrieval/v135/binaries/deuda_resolucion_conjunta_216_26_2008_comdoc_instruccion.html,f040e86ae5a1aa18ce11467d70b1559bb2a820303ad0912aab6c159fd280ab47,59049,Descarga directa oficial preservada y hasheada en V138; páginas PDF relevantes renderizadas cuando correspondió.
e0_hcdn_historic_plenary_index_negative_control,https://www4.hcdn.gov.ar/sesionesxml/reuniones.php,https://www4.hcdn.gov.ar/sesionesxml/reuniones.php,20260830,N/A_DIRECT_OFFICIAL,/research/ciclo_ajuste/inputs/historical_retrieval/v135/binaries/hcdn_indice_reuniones_historicas.html,ead063451f983ba1eff810c28dd1330c968684470a73aca8181226c2d106df3b,3653023,Descarga directa oficial preservada y hasheada en V138; páginas PDF relevantes renderizadas cuando correspondió.
e0_agan_current_archive_services,https://www.argentina.gob.ar/economia/sechacienda/cgn/archivogeneral,https://www.argentina.gob.ar/economia/sechacienda/cgn/archivogeneral,20260830,N/A_DIRECT_OFFICIAL,/research/ciclo_ajuste/inputs/historical_retrieval/v136/binaries/argentina_agan_archivo_general_actual.html,f2077fcaf5b8aa354ff64871e8a14cad8af069053d6562de1975e60328df6c51,34804,Captura HTML oficial directa preservada y hasheada en V138.
e0_amiddf_financial_document_images,https://www.argentina.gob.ar/economia/administracionfinancieragubernamental/otrossistemas/amiddf,https://www.argentina.gob.ar/economia/administracionfinancieragubernamental/otrossistemas/amiddf,20260830,N/A_DIRECT_OFFICIAL,/research/ciclo_ajuste/inputs/historical_retrieval/v136/binaries/argentina_amiddf_imagenes_documentacion_financiera.html,2a82c85ded72c4a008463646d205d8e702227390d46c9b768c186c5ca804a692,43313,Captura HTML oficial directa preservada y hasheada en V138.
e0_cgn_circular_07_2008_transaf_entes_transition,https://www.economia.gob.ar/hacienda/cgn/normas/circulares/2008/cir07.htm,https://www.economia.gob.ar/hacienda/cgn/normas/circulares/2008/cir07.htm,20260830,N/A_DIRECT_OFFICIAL,/research/ciclo_ajuste/inputs/historical_retrieval/v136/binaries/cgn_circular_07_2008_transaf_entes.html,abc3bacbef9b4d86adebc41256c7513fce69a841f6aa35228c27e44621c2f108,17653,Captura HTML oficial directa preservada y hasheada en V138.
e0_cgn_account_2008_esidif_module_scope,https://www.economia.gob.ar/hacienda/cgn/cuenta/2008/tomoii/11jur50.htm,https://www.economia.gob.ar/hacienda/cgn/cuenta/2008/tomoii/11jur50.htm,20260830,N/A_DIRECT_OFFICIAL,/research/ciclo_ajuste/inputs/historical_retrieval/v136/binaries/cgn_cuenta_2008_jur50_esidif_modules.html,ce9f5e48de18c4aff2664afc368e71fea2f200507f93c03666dd4cd7b6eca3ac,569635,Captura HTML oficial directa preservada y hasheada en V138.
e0_cgn_account_2009_esidif_payments_development,https://www.economia.gob.ar/hacienda/cgn/cuenta/2009/tomoi/03aspectos.htm,https://www.economia.gob.ar/hacienda/cgn/cuenta/2009/tomoi/03aspectos.htm,20260830,N/A_DIRECT_OFFICIAL,/research/ciclo_ajuste/inputs/historical_retrieval/v136/binaries/cgn_cuenta_2009_aspectos_esidif_pagos.html,2318e0f7dfb633f568b6f8dc589b03665846aec8e07caab2079783465ff4f5a0,55544,Captura HTML oficial directa preservada y hasheada en V138.
e0_cgn_account_2010_esidif_spending_rollout,https://www.economia.gob.ar/hacienda/cgn/cuenta/2010/tomoi/03aspectos.htm,https://www.economia.gob.ar/hacienda/cgn/cuenta/2010/tomoi/03aspectos.htm,20260830,N/A_DIRECT_OFFICIAL,/research/ciclo_ajuste/inputs/historical_retrieval/v136/binaries/cgn_cuenta_2010_aspectos_esidif_gastos.html,d0959a23bf1fd016f5ed38d07403201826b634613e55e4910680ab7c06848fc1,58482,Captura HTML oficial directa preservada y hasheada en V138.
e0_cgn_account_2011_esidif_saf356_first_spending,https://www.economia.gob.ar/hacienda/cgn/cuenta/2011/tomoii/jur50.htm,https://www.economia.gob.ar/hacienda/cgn/cuenta/2011/tomoii/jur50.htm,20260830,N/A_DIRECT_OFFICIAL,/research/ciclo_ajuste/inputs/historical_retrieval/v136/binaries/cgn_cuenta_2011_jur50_esidif_gastos_saf356.html,0e56b77da1c227d45e5850ff75efe65e08d5a030dcd6b3f1d4ae9c8fc9610754,198342,Captura HTML oficial directa preservada y hasheada en V138.
e0_cgn_disposition_20_2007_agan_quality,https://www.economia.gob.ar/hacienda/cgn/normas/disposiciones/2007/Disp20.htm,https://www.economia.gob.ar/hacienda/cgn/normas/disposiciones/2007/Disp20.htm,20260830,N/A_DIRECT_OFFICIAL,/research/ciclo_ajuste/inputs/historical_retrieval/v136/binaries/cgn_disposicion_20_2007_agan_archivo_financiero.html,fa157d8fe62b982b6d6e3df0a485462fe53e574f79fbfde577223d79c1a0d300,15590,Captura HTML oficial directa preservada y hasheada en V138.
e0_cgn_disposition_54_2008_order_expiry_partial,https://www.economia.gob.ar/hacienda/cgn/normas/disposiciones/2008/disp54/disp54.htm,https://www.economia.gob.ar/hacienda/cgn/normas/disposiciones/2008/disp54/disp54.htm,20260830,N/A_DIRECT_OFFICIAL,/research/ciclo_ajuste/inputs/historical_retrieval/v136/binaries/cgn_disposicion_54_2008_caducidad_ordenes.html,cd3fb95b812bca412c07cfe9de72bbb29bca7f0c1ed2c35c6ff8adec2450497f,37565,Captura HTML oficial directa preservada y hasheada en V138.
e0_cgn_tgn_joint_disposition_13_16_2009_payment_records,https://www.economia.gob.ar/hacienda/cgn/normas/disposiciones/2009/disp13.htm,https://www.economia.gob.ar/hacienda/cgn/normas/disposiciones/2009/disp13.htm,20260830,N/A_DIRECT_OFFICIAL,/research/ciclo_ajuste/inputs/historical_retrieval/v136/binaries/cgn_tgn_disposicion_13_16_2009_ordenes_pago.html,42292773a13c2e42cfd4aa6c8652d47a8c95137429192fc65a52f4a56b9b4237,13664,Captura HTML oficial directa preservada y hasheada en V138.
e0_agan_current_coordination_contact,https://www.economia.gob.ar/hacienda/cgn/competencia/archivo.htm,https://www.economia.gob.ar/hacienda/cgn/competencia/archivo.htm,20260830,N/A_DIRECT_OFFICIAL,/research/ciclo_ajuste/inputs/historical_retrieval/v136/binaries/economia_agan_competencia_contacto.html,01986c35b5439694cff2e793fa658141c47f0484a0154dc43aedd2afa366669d,3454,Captura HTML oficial directa preservada y hasheada en V138.
e0_cgn_disposition_46_1998_amiddf_procedure,https://www.economia.gob.ar/hacienda/cgn/normas/disposiciones/1998/disp46/dis46.htm,https://www.economia.gob.ar/hacienda/cgn/normas/disposiciones/1998/disp46/dis46.htm,20260830,N/A_DIRECT_OFFICIAL,/research/ciclo_ajuste/inputs/historical_retrieval/v137/binaries/cgn_disposicion_46_1998_amiddf_procedure.html,3eeefabb14659306496238edd09d7e85ae2845160e01c3598f140f22967ccb59,5429,Captura oficial directa HTML preservada y hasheada en V138.
e0_cgn_disposition_46_1998_amiddf_annex,https://www.economia.gob.ar/hacienda/cgn/normas/disposiciones/1998/disp46/adis46.htm,https://www.economia.gob.ar/hacienda/cgn/normas/disposiciones/1998/disp46/adis46.htm,20260830,N/A_DIRECT_OFFICIAL,/research/ciclo_ajuste/inputs/historical_retrieval/v137/binaries/cgn_disposicion_46_1998_amiddf_annex.html,1fe54fe96949625a1f6df57a986bd036b1e34ecf21e4ca1e4cfa4df978a0f033,53282,Captura oficial directa HTML preservada y hasheada en V138.
e0_cgn_disposition_46_1998_amiddf_remittance_form,https://www.economia.gob.ar/hacienda/cgn/normas/disposiciones/1998/disp46/anexo46.pdf,https://www.economia.gob.ar/hacienda/cgn/normas/disposiciones/1998/disp46/anexo46.pdf,20260830,N/A_DIRECT_OFFICIAL,/research/ciclo_ajuste/inputs/historical_retrieval/v137/binaries/cgn_disposicion_46_1998_remittance_form.pdf,43ede7a9afb026adaf06f081d72b815a68708b58062ad48a56e8cc4970cc2b4f,42715,Captura oficial directa PDF preservada y hasheada en V138.
e0_cgn_circular_30_1994_supporting_document_archive,https://www.economia.gob.ar/hacienda/cgn/normas/circulares/1994/cir30.htm,https://www.economia.gob.ar/hacienda/cgn/normas/circulares/1994/cir30.htm,20260830,N/A_DIRECT_OFFICIAL,/research/ciclo_ajuste/inputs/historical_retrieval/v137/binaries/cgn_circular_30_1994_valid_supporting_documentation.html,d855a80c08ba0832cfdf1ff724eb1316889901875fe4b95b2017fec54dcd88e5,24867,Captura oficial directa HTML preservada y hasheada en V138.
e0_cgn_circular_33_1995_paper_form_scope,https://www.economia.gob.ar/hacienda/cgn/normas/circulares/1995/cir33.htm,https://www.economia.gob.ar/hacienda/cgn/normas/circulares/1995/cir33.htm,20260830,N/A_DIRECT_OFFICIAL,/research/ciclo_ajuste/inputs/historical_retrieval/v137/binaries/cgn_circular_33_1995_bna_bcra_external_payment_exception.html,3a919aeb29ee25eef9aebb5fb90cd9bb49747e3ab1d3d7ee1dc934f545475458,10058,Captura oficial directa HTML preservada y hasheada en V138.
e0_cgn_disposition_28_2001_c43_negative_control,https://www.economia.gob.ar/hacienda/cgn/normas/disposiciones/2001/disp28/disp28_c43.htm,https://www.economia.gob.ar/hacienda/cgn/normas/disposiciones/2001/disp28/disp28_c43.htm,20260830,N/A_DIRECT_OFFICIAL,/research/ciclo_ajuste/inputs/historical_retrieval/v137/binaries/cgn_disposicion_28_2001_formulario_c_archive_flow.html,9a4fea8dfae4512de3fce130815529d67f9a966fe545453187df84ec5ec71def,42737,Captura oficial directa HTML preservada y hasheada en V138.
e0_cgn_circular_16_2000_c43_negative_control,https://www.economia.gob.ar/hacienda/cgn/normas/circulares/2000/cir16.htm,https://www.economia.gob.ar/hacienda/cgn/normas/circulares/2000/cir16.htm,20260830,N/A_DIRECT_OFFICIAL,/research/ciclo_ajuste/inputs/historical_retrieval/v137/binaries/cgn_circular_16_2000_form_c_flows.html,32af05052e4f0074a4eff9835bc6398510e99b5659974d98778fdfbb13a10642,170076,Captura oficial directa HTML preservada y hasheada en V138.
e0_cgn_circular_19_1995_transaf_paper_timing,https://www.economia.gob.ar/hacienda/cgn/normas/circulares/1995/cir19.htm,https://www.economia.gob.ar/hacienda/cgn/normas/circulares/1995/cir19.htm,20260830,N/A_DIRECT_OFFICIAL,/research/ciclo_ajuste/inputs/historical_retrieval/v137/binaries/cgn_circular_19_1995_c41_transaf_paper_timing.html,6c0899ca32f603eb0bb4f826d7cdcd87a174a14c43ab5f3902a55bcac9a16852,3581,Captura oficial directa HTML preservada y hasheada en V138.
e0_cgn_circular_05_2013_c41_paper_ordering,https://www.economia.gob.ar/hacienda/cgn/normas/circulares/2013/cir05.htm,https://www.economia.gob.ar/hacienda/cgn/normas/circulares/2013/cir05.htm,20260830,N/A_DIRECT_OFFICIAL,/research/ciclo_ajuste/inputs/historical_retrieval/v137/binaries/cgn_circular_05_2013_c41_paper_ordering.html,8be4a42e138fd550fd664001734bb9dbd3450e7a32f723a41aacb5468d91a214,8399,Captura oficial directa HTML preservada y hasheada en V138.
e0_argentina_decree_1344_2007_original_finance_rule,https://www.argentina.gob.ar/normativa/nacional/decreto-1344-2007-133006/texto,https://www.argentina.gob.ar/normativa/nacional/decreto-1344-2007-133006/texto,20260830,N/A_DIRECT_OFFICIAL,/research/ciclo_ajuste/inputs/historical_retrieval/v137/binaries/argentina_decreto_1344_2007_texto_original.html,255480068e5a0758c1f5ae42731ecab4dd09a926785ae8688f3e28705c23bca2,160339,Captura oficial directa HTML preservada y hasheada en V138.
e0_argentina_law_27275_updated_access,https://www.argentina.gob.ar/normativa/nacional/265949/actualizacion,https://www.argentina.gob.ar/normativa/nacional/265949/actualizacion,20260830,N/A_DIRECT_OFFICIAL,/research/ciclo_ajuste/inputs/historical_retrieval/v137/binaries/argentina_ley_27275_texto_actualizado.html,87843d5f34a283dce489d0a35e97f52a826a80783fb521226dbd1ff971d98bd8,78213,Captura oficial directa HTML preservada y hasheada en V138.
e0_argentina_economia_access_channel_2026,https://www.argentina.gob.ar/economia/transparencia/pedirinformacion,https://www.argentina.gob.ar/economia/transparencia/pedirinformacion,20260830,N/A_DIRECT_OFFICIAL,/research/ciclo_ajuste/inputs/historical_retrieval/v137/binaries/argentina_economia_solicitud_informacion_publica_2026.html,aff6f649eb8eb0bb2308ba924c437d5b5d00660e19e0e37725b5be464618d03a,35830,Captura oficial directa HTML preservada y hasheada en V138.
e0_argentina_tad_public_information_route,https://www.argentina.gob.ar/solicitar-informacion-publica,https://www.argentina.gob.ar/solicitar-informacion-publica,20260830,N/A_DIRECT_OFFICIAL,/research/ciclo_ajuste/inputs/historical_retrieval/v137/binaries/argentina_solicitar_informacion_publica_tad.html,817890de7fbda959664cd66f35e318f62dfb758ba373794c7ae1619f03e10868,53363,Captura oficial directa HTML preservada y hasheada en V138.
e0_tgn_manual_system_treasury_v1,https://capacitacion.mecon.gob.ar/manuales/Tesoreria_manual_TGN.pdf,https://capacitacion.mecon.gob.ar/manuales/Tesoreria_manual_TGN.pdf,20260830,N/A_DIRECT_OFFICIAL,/research/ciclo_ajuste/inputs/historical_retrieval/v137/binaries/tgn_manual_sistema_tesoreria_v1.pdf,3af4050e4d00f75ea0cbf49b3c8d84226b1debb58e65a39d167aaea65da02845,3102369,Captura oficial directa PDF preservada y hasheada en V138.
e0_cgn_account_2008_saf355_356_crosswalk,https://www.economia.gob.ar/hacienda/cgn/cuenta/2008/sep/uepex.htm,https://www.economia.gob.ar/hacienda/cgn/cuenta/2008/sep/uepex.htm,20260830,N/A_DIRECT_OFFICIAL,/research/ciclo_ajuste/inputs/historical_retrieval/v137/binaries/cgn_cuenta_2008_saf355_356_crosswalk.html,3244a20ebf2356ad63422017bcd66be7eae2954fe8e3d8ff01ff1c6b9465b71a,53229,Captura oficial directa HTML preservada y hasheada en V138.
e0_dgsiaf_siche_landing,https://www.argentina.gob.ar/economia/sechacienda/dgsiaf/siche,https://www.argentina.gob.ar/economia/sechacienda/dgsiaf/siche,20260830,N/A_DIRECT_OFFICIAL,/research/ciclo_ajuste/inputs/historical_retrieval/v138/binaries/argentina_dgsiaf_siche_landing.html,b3b406e2fc8c877697c5079c9b5c93602cbeee4bb942687f50441cfb918d8643,28514,Descarga directa segura desde dominio oficial; binario preservado con SHA-256.
e0_dgsiaf_slu_landing,https://www.argentina.gob.ar/economia/sechacienda/dgsiaf/slu,https://www.argentina.gob.ar/economia/sechacienda/dgsiaf/slu,20260830,N/A_DIRECT_OFFICIAL,/research/ciclo_ajuste/inputs/historical_retrieval/v138/binaries/argentina_dgsiaf_slu_landing.html,47cdbd46df0303a4ff3ba93a2ef5df7d596584843447d2c67cdd46f1520524a9,60179,Descarga directa segura desde dominio oficial; binario preservado con SHA-256.
e0_argentina_resolution_53_2024_siche,https://www.argentina.gob.ar/sites/default/files/rs-2024-65612078-apn-shmec.pdf,https://www.argentina.gob.ar/sites/default/files/rs-2024-65612078-apn-shmec.pdf,20260830,N/A_DIRECT_OFFICIAL,/research/ciclo_ajuste/inputs/historical_retrieval/v138/binaries/argentina_resolucion_53_2024_siche.pdf,1ad76881f500202c2557df9164e1b77a1c7222f9e40a20d430174038041c4a47,166521,Descarga directa segura desde dominio oficial; binario preservado con SHA-256.
e0_dgsiaf_esidif_payments_landing,https://www.argentina.gob.ar/economia/sechacienda/dgsiaf/e-sidif/pagos,https://www.argentina.gob.ar/economia/sechacienda/dgsiaf/e-sidif/pagos,20260830,N/A_DIRECT_OFFICIAL,/research/ciclo_ajuste/inputs/historical_retrieval/v138/binaries/argentina_esidif_pagos_landing.html,8854496b7955c45487a16750c66ecfa6541429a1239137467618a3e21de2be0a,35485,Descarga directa segura desde dominio oficial; binario preservado con SHA-256.
e0_dgsiaf_esidif_payment_queries_2013,https://www.argentina.gob.ar/sites/default/files/dgsiaf-2013_esidif_pagos_consultas_reportes_pagos_abril_2013.pdf,https://www.argentina.gob.ar/sites/default/files/dgsiaf-2013_esidif_pagos_consultas_reportes_pagos_abril_2013.pdf,20260830,N/A_DIRECT_OFFICIAL,/research/ciclo_ajuste/inputs/historical_retrieval/v138/binaries/argentina_esidif_consultas_reportes_pagos_2013.pdf,85de6b2645a11b2001575be1e4afa71783598227707d7a80bc073eb1786696a3,933107,Descarga directa segura desde dominio oficial; binario preservado con SHA-256.
e0_cgn_account_2010_saf355_esidif_deployment,https://www.economia.gob.ar/hacienda/cgn/cuenta/2010/tomoi/03aspectos.htm,https://www.economia.gob.ar/hacienda/cgn/cuenta/2010/tomoi/03aspectos.htm,20260830,N/A_DIRECT_OFFICIAL,/research/ciclo_ajuste/inputs/historical_retrieval/v138/binaries/cgn_cuenta_2010_esidif_saf355_deployment.html,d0959a23bf1fd016f5ed38d07403201826b634613e55e4910680ab7c06848fc1,58482,Descarga directa desde dominio oficial con curl --insecure porque el certificado TLS del servidor histórico estaba vencido; contenido cotejado con el índice oficial y preservado con SHA-256.
e0_cgn_circular_05_2000_c55_regularization,https://www.economia.gob.ar/hacienda/cgn/normas/circulares/2000/circ05.htm,https://www.economia.gob.ar/hacienda/cgn/normas/circulares/2000/circ05.htm,20260830,N/A_DIRECT_OFFICIAL,/research/ciclo_ajuste/inputs/historical_retrieval/v138/binaries/cgn_circular_05_2000_c55_regularization.html,33ff6f2e0846d6ecddb3df183a4a48ee33aad0154a13538969c89cd63c78260a,11277,Descarga directa desde dominio oficial con curl --insecure porque el certificado TLS del servidor histórico estaba vencido; contenido cotejado con el índice oficial y preservado con SHA-256.
e0_cgn_circular_13_2002_foreign_payments,https://www.economia.gob.ar/hacienda/cgn/normas/circulares/2002/circ13.htm,https://www.economia.gob.ar/hacienda/cgn/normas/circulares/2002/circ13.htm,20260830,N/A_DIRECT_OFFICIAL,/research/ciclo_ajuste/inputs/historical_retrieval/v138/binaries/cgn_circular_13_2002_foreign_payments.html,88b09113bdbdb39ea9d90175d3c889e052c9d24649fdb4c38ecb7be35597357a,9206,Descarga directa desde dominio oficial con curl --insecure porque el certificado TLS del servidor histórico estaba vencido; contenido cotejado con el índice oficial y preservado con SHA-256.
e0_cgn_circular_22_2004_note_regularization,https://www.economia.gob.ar/hacienda/cgn/normas/circulares/2004/cir22.htm,https://www.economia.gob.ar/hacienda/cgn/normas/circulares/2004/cir22.htm,20260830,N/A_DIRECT_OFFICIAL,/research/ciclo_ajuste/inputs/historical_retrieval/v138/binaries/cgn_circular_22_2004_note_regularization.html,626d6c57662055cc96756f9f203e843631f9ac9e5c144952e7ec7a8fe62cd3c7,8534,Descarga directa desde dominio oficial con curl --insecure porque el certificado TLS del servidor histórico estaba vencido; contenido cotejado con el índice oficial y preservado con SHA-256.
e0_cgn_disposition_31_2006_parameterized_reports,https://www.economia.gob.ar/hacienda/cgn/normas/disposiciones/2006/disp31.htm,https://www.economia.gob.ar/hacienda/cgn/normas/disposiciones/2006/disp31.htm,20260830,N/A_DIRECT_OFFICIAL,/research/ciclo_ajuste/inputs/historical_retrieval/v138/binaries/cgn_disposition_31_2006_parameterized_reports.html,3b54ab0cee1c6b0f3e1644f7f5eaf671fadc08758235f64444aea180189fa9df,16804,Descarga directa desde dominio oficial con curl --insecure porque el certificado TLS del servidor histórico estaba vencido; contenido cotejado con el índice oficial y preservado con SHA-256.
e0_cgn_tgn_disposition_47_10_2008_foreign_payments,https://www.economia.gob.ar/hacienda/cgn/normas/disposiciones/2008/disp47.htm,https://www.economia.gob.ar/hacienda/cgn/normas/disposiciones/2008/disp47.htm,20260830,N/A_DIRECT_OFFICIAL,/research/ciclo_ajuste/inputs/historical_retrieval/v138/binaries/cgn_tgn_disposition_47_10_2008_foreign_payments.html,3d318e6b41f02116cb9cd68560e65a048cb5fe167d6d87a0d594a23c8e9e25e8,8398,Descarga directa desde dominio oficial con curl --insecure porque el certificado TLS del servidor histórico estaba vencido; contenido cotejado con el índice oficial y preservado con SHA-256.
e0_cgn_tgn_disposition_47_10_2008_foreign_payments_annex,https://www.economia.gob.ar/hacienda/cgn/normas/disposiciones/2008/adisp47.htm,https://www.economia.gob.ar/hacienda/cgn/normas/disposiciones/2008/adisp47.htm,20260830,N/A_DIRECT_OFFICIAL,/research/ciclo_ajuste/inputs/historical_retrieval/v138/binaries/cgn_tgn_disposition_47_10_2008_foreign_payments_annex.html,785381b2ae7ce14970b6f609264ba6a06a05e07aebd3645bcf163a2a49370874,10869,Descarga directa desde dominio oficial con curl --insecure porque el certificado TLS del servidor histórico estaba vencido; contenido cotejado con el índice oficial y preservado con SHA-256.
e0_dgsiaf_slu_payment_query_2004,https://www.argentina.gob.ar/sites/default/files/dgsiaf-mu_emite_cons_pagos.doc,https://www.argentina.gob.ar/sites/default/files/dgsiaf-mu_emite_cons_pagos.doc,20260830,N/A_DIRECT_OFFICIAL,/research/ciclo_ajuste/inputs/historical_retrieval/v138/binaries/dgsiaf_slu_emite_consulta_pagos.doc,05771a154e294999a86b4dc5c5f28429876e17e4c68adf15f1bfb060422d72cb,161280,Descarga directa segura desde dominio oficial; binario preservado con SHA-256.
e0_dgsiaf_slu_sidif_number_input_2003,https://www.argentina.gob.ar/sites/default/files/dgsiaf-mu_gs_gtos_ingreso_nro_sidif.doc,https://www.argentina.gob.ar/sites/default/files/dgsiaf-mu_gs_gtos_ingreso_nro_sidif.doc,20260830,N/A_DIRECT_OFFICIAL,/research/ciclo_ajuste/inputs/historical_retrieval/v138/binaries/dgsiaf_slu_gastos_ingreso_numero_sidif.doc,7a04b63200dbe5503d98f8975f6a4eef0f4960ab5e80bf2004c8f1747c4f6a51,313856,Descarga directa segura desde dominio oficial; binario preservado con SHA-256.
e0_dgsiaf_slu_note_payment_2001,https://www.argentina.gob.ar/sites/default/files/dgsiaf-mu_nota_de_pago.doc,https://www.argentina.gob.ar/sites/default/files/dgsiaf-mu_nota_de_pago.doc,20260830,N/A_DIRECT_OFFICIAL,/research/ciclo_ajuste/inputs/historical_retrieval/v138/binaries/dgsiaf_slu_nota_de_pago.doc,cbc3861a11178583cede1161ab1f43fbb9eb05d59c5a7c1069fbaec452834eb4,996864,Descarga directa segura desde dominio oficial; binario preservado con SHA-256.
e0_dgsiaf_slu_global_regularization_2004,https://www.argentina.gob.ar/sites/default/files/dgsiaf-mu_gs_regularizacion_global.doc,https://www.argentina.gob.ar/sites/default/files/dgsiaf-mu_gs_regularizacion_global.doc,20260830,N/A_DIRECT_OFFICIAL,/research/ciclo_ajuste/inputs/historical_retrieval/v138/binaries/dgsiaf_slu_regularizacion_global.doc,389e2081612dfdad0efc4dba3355b993698fb0ea302ac3e42a32c8794c2b4f42,617984,Descarga directa segura desde dominio oficial; binario preservado con SHA-256.
e0_dgsiaf_slu_bank_reconciliation_reports_2002,https://www.argentina.gob.ar/sites/default/files/dgsiaf-mu_reportes_conciliacion_bancaria.doc,https://www.argentina.gob.ar/sites/default/files/dgsiaf-mu_reportes_conciliacion_bancaria.doc,20260830,N/A_DIRECT_OFFICIAL,/research/ciclo_ajuste/inputs/historical_retrieval/v138/binaries/dgsiaf_slu_reportes_conciliacion_bancaria.doc,141cf858a16714cf282a4d823b77b823d57f7038b63cdf627b5ae33a98e2472e,730624,Descarga directa segura desde dominio oficial; binario preservado con SHA-256.
e0_dgsiaf_slu_expense_reports_2003,https://www.argentina.gob.ar/sites/default/files/dgsiaf-mu_reportes_gastos.doc,https://www.argentina.gob.ar/sites/default/files/dgsiaf-mu_reportes_gastos.doc,20260830,N/A_DIRECT_OFFICIAL,/research/ciclo_ajuste/inputs/historical_retrieval/v138/binaries/dgsiaf_slu_reportes_gastos.doc,9764c7ddff9ceeb2055f85e95b465ed8664ba16571df53fea0b1d78d1b5633a4,1448960,Descarga directa segura desde dominio oficial; binario preservado con SHA-256.
e0_dgsiaf_slu_payment_reports_2003,https://www.argentina.gob.ar/sites/default/files/dgsiaf-mu_reportes_pagos.doc,https://www.argentina.gob.ar/sites/default/files/dgsiaf-mu_reportes_pagos.doc,20260830,N/A_DIRECT_OFFICIAL,/research/ciclo_ajuste/inputs/historical_retrieval/v138/binaries/dgsiaf_slu_reportes_pagos.doc,90ddd573ef7bd967ea4e89cf0852a3300dbd54abde913bee3050ee845af0b9d1,1211392,Descarga directa segura desde dominio oficial; binario preservado con SHA-256.
e0_dgsiaf_siche_deployment_2020_q1,https://www.argentina.gob.ar/sites/default/files/2020-ene-feb-mar-boletin-dgsiaf.pdf,https://www.argentina.gob.ar/sites/default/files/2020-ene-feb-mar-boletin-dgsiaf.pdf,20260830,N/A_DIRECT_OFFICIAL,/research/ciclo_ajuste/inputs/historical_retrieval/v139/binaries/argentina_dgsiaf_bulletin_2020_q1_siche.pdf,926acc816b62f79eaca371b0e96d9a19a311a6e87b639db6808293c8c46d978d,353161,Descarga directa segura desde dominio oficial; binario preservado y validado con SHA-256.
e0_dgsiaf_siche_deployment_2020_q4,https://www.argentina.gob.ar/sites/default/files/boletin-trimestral-dgsiaf-octubre-noviembre-diciembre-2020.pdf,https://www.argentina.gob.ar/sites/default/files/boletin-trimestral-dgsiaf-octubre-noviembre-diciembre-2020.pdf,20260830,N/A_DIRECT_OFFICIAL,/research/ciclo_ajuste/inputs/historical_retrieval/v139/binaries/argentina_dgsiaf_bulletin_2020_q4_siche.pdf,9f3406b988266b653715f1304290703ee56c212c65e275234805da7df8960917,258310,Descarga directa segura desde dominio oficial; binario preservado y validado con SHA-256.
e0_dgsiaf_siche_deployment_2021_q2,https://www.argentina.gob.ar/sites/default/files/2021/07/dgsiaf-boletin_trimestral_dgsiaf-abril_mayo_junio_2021-5.pdf,https://www.argentina.gob.ar/sites/default/files/2021/07/dgsiaf-boletin_trimestral_dgsiaf-abril_mayo_junio_2021-5.pdf,20260830,N/A_DIRECT_OFFICIAL,/research/ciclo_ajuste/inputs/historical_retrieval/v139/binaries/argentina_dgsiaf_bulletin_2021_q2_siche.pdf,cda39b14f258923bcca12c24f0863c949be12dac62dd631ae7c0dd8fed481e26,616928,Descarga directa segura desde dominio oficial; binario preservado y validado con SHA-256.
e0_dgsiaf_sidif_forms_decommission_2025,https://www.argentina.gob.ar/economia/sechacienda/dgsiaf/boletin-trimestral-iv-2025/desafectacion-sidif-central,https://www.argentina.gob.ar/economia/sechacienda/dgsiaf/boletin-trimestral-iv-2025/desafectacion-sidif-central,20260830,N/A_DIRECT_OFFICIAL,/research/ciclo_ajuste/inputs/historical_retrieval/v139/binaries/argentina_dgsiaf_sidif_c35_c41_c55_decommission_2025.html,bf85256fefbfa1e64c0b52f98c1cc73d0d79412df4ca2843b30ede2cda37771b,33116,Descarga directa segura desde dominio oficial; binario preservado y validado con SHA-256.
e0_dgsiaf_slu_system_description_v3,https://www.argentina.gob.ar/sites/default/files/slu_modconc-sistema.pdf,https://www.argentina.gob.ar/sites/default/files/slu_modconc-sistema.pdf,20260830,N/A_DIRECT_OFFICIAL,/research/ciclo_ajuste/inputs/historical_retrieval/v139/binaries/argentina_slu_system_description_v3.pdf,b988cf5525df07966fa877c40baf8782a2ece70b50a33298168a45aa71cc228d,2078779,Descarga directa segura desde dominio oficial; binario preservado y validado con SHA-256.
e0_cgn_cuenta_inversion_2013_sdp,https://www.economia.gob.ar/hacienda/cgn/cuenta/2013/archivos/sdp.pdf,https://www.economia.gob.ar/hacienda/cgn/cuenta/2013/archivos/sdp.pdf,20260830,N/A_DIRECT_OFFICIAL,/research/ciclo_ajuste/inputs/historical_retrieval/v139/binaries/cgn_cuenta_2013_separata_deuda_publica.pdf,a8a08355939622cec6d8b46ab8e5d4d17ee86081d915d71aa7660b262e4f7517,963610,Descarga directa desde servidor oficial histórico con curl --insecure porque su certificado TLS estaba vencido; contenido preservado y validado con SHA-256.
e0_cgn_cuenta_inversion_2014_sdp,https://www.economia.gob.ar/hacienda/cgn/cuenta/2014/archivos/sdp.pdf,https://www.economia.gob.ar/hacienda/cgn/cuenta/2014/archivos/sdp.pdf,20260830,N/A_DIRECT_OFFICIAL,/research/ciclo_ajuste/inputs/historical_retrieval/v139/binaries/cgn_cuenta_2014_separata_deuda_publica.pdf,20f413fd6a3585a041a8e7c49d3cf546e57f2de8f36d8d46e91e68738eee6fd0,1071658,Descarga directa desde servidor oficial histórico con curl --insecure porque su certificado TLS estaba vencido; contenido preservado y validado con SHA-256.
e0_cgn_cuenta_inversion_2015_sdp,https://www.economia.gob.ar/hacienda/cgn/cuenta/2015/archivos/sdp.pdf,https://www.economia.gob.ar/hacienda/cgn/cuenta/2015/archivos/sdp.pdf,20260830,N/A_DIRECT_OFFICIAL,/research/ciclo_ajuste/inputs/historical_retrieval/v139/binaries/cgn_cuenta_2015_separata_deuda_publica.pdf,cee3a13179a4dd162c2cbcefbc5b70ce2d15c793c540258210da0c3ddbe85d9c,1068951,Descarga directa desde servidor oficial histórico con curl --insecure porque su certificado TLS estaba vencido; contenido preservado y validado con SHA-256.
e0_dgsiaf_siche_special_queries_2022_q3,https://www.argentina.gob.ar/economia/sechacienda/dgsiaf/boletin-trimestral-iii-2022/siche,https://www.argentina.gob.ar/economia/sechacienda/dgsiaf/boletin-trimestral-iii-2022/siche,20260830,N/A_DIRECT_OFFICIAL,/research/ciclo_ajuste/inputs/historical_retrieval/v140/binaries/argentina_dgsiaf_siche_special_queries_2022_q3.html,a368fb11936b716c4a03b5c708edc9bac50ed70d883551f4ac00d56dd0b344f0,34162,Descarga directa segura desde dominio oficial; binario preservado y validado con SHA-256.
e0_dgsiaf_esidif_line33_landing_2020,https://www.argentina.gob.ar/noticias/e-sidif-version-linea-33,https://www.argentina.gob.ar/noticias/e-sidif-version-linea-33,20260830,N/A_DIRECT_OFFICIAL,/research/ciclo_ajuste/inputs/historical_retrieval/v140/binaries/argentina_dgsiaf_esidif_line33_landing_2020.html,8467e602b9e94773099cbe6c2a271c9c9aa720b9c2381d31be249f78c888fc67,31448,Descarga directa segura desde dominio oficial; binario preservado y validado con SHA-256.
e0_dgsiaf_esidif_line33_sigade_payments_2020,https://www.argentina.gob.ar/sites/default/files/dgsiaf-newsletter-esidif-version-linea-33.pdf,https://www.argentina.gob.ar/sites/default/files/dgsiaf-newsletter-esidif-version-linea-33.pdf,20260830,N/A_DIRECT_OFFICIAL,/research/ciclo_ajuste/inputs/historical_retrieval/v140/binaries/argentina_dgsiaf_esidif_line33_sigade_payments_2020.pdf,fe4b2382623d04bd313422b9fb72593a4d1e9ce1b8906770d81b4639581ae319,305243,Descarga directa segura desde dominio oficial; binario preservado y validado con SHA-256.
e0_dgsiaf_execution_webservice_current,https://www.argentina.gob.ar/economia/sechacienda/dgsiaf/compras-y-gastos/ejecucion,https://www.argentina.gob.ar/economia/sechacienda/dgsiaf/compras-y-gastos/ejecucion,20260830,N/A_DIRECT_OFFICIAL,/research/ciclo_ajuste/inputs/historical_retrieval/v140/binaries/argentina_dgsiaf_execution_webservice.html,d33b4a32fff38b7479b4ce1528d8cff8ba7cf386196e74c80a983a6eed7c557d,30159,Descarga directa segura desde dominio oficial; binario preservado y validado con SHA-256.
e0_dgsiaf_bulletin_2020_q2_landing,https://www.argentina.gob.ar/noticias/boletin-trimestral-dgsiaf-ii-2020,https://www.argentina.gob.ar/noticias/boletin-trimestral-dgsiaf-ii-2020,20260830,N/A_DIRECT_OFFICIAL,/research/ciclo_ajuste/inputs/historical_retrieval/v141/binaries/argentina_dgsiaf_bulletin_2020_q2_landing.html,aa08a67cd5bb9fea508033b94686416cefde50773726eb590a5c264a4ca39701,31982,Descarga directa desde dominio oficial; copia preservada y validada con SHA-256.
e0_dgsiaf_siche_cut_repository_2020_q2,https://www.argentina.gob.ar/sites/default/files/2020-abr-may-jun-boletin-dgsiaf.pdf,https://www.argentina.gob.ar/sites/default/files/2020-abr-may-jun-boletin-dgsiaf.pdf,20260830,N/A_DIRECT_OFFICIAL,/research/ciclo_ajuste/inputs/historical_retrieval/v141/binaries/argentina_dgsiaf_bulletin_2020_q2_siche_cut_2007_2014.pdf,6d70b056f5a2ecd5bdbf847ac9139866ec18c9a2136a7f364333c08f7e16fb20,334840,Descarga directa desde dominio oficial; copia preservada y validada con SHA-256.
e0_tgn_treasury_system_v3_2022_cut_extract,https://www.argentina.gob.ar/sites/default/files/el-sistema-tesoreria-v3-2022.pdf,https://www.argentina.gob.ar/sites/default/files/el-sistema-tesoreria-v3-2022.pdf,20260830,N/A_DIRECT_OFFICIAL,/research/ciclo_ajuste/inputs/historical_retrieval/v141/binaries/argentina_tgn_treasury_system_v3_2022.pdf,5ebd3991747b9c4af619b5208ee2047348ff34b7bc85aefc3f8a614509f53186,2910883,Descarga directa desde dominio oficial; copia preservada y validada con SHA-256.
e0_tgn_cut_auditor_instruction_2025,https://www.argentina.gob.ar/sites/default/files/di-2025-10-apn-tgn-mec.pdf,https://www.argentina.gob.ar/sites/default/files/di-2025-10-apn-tgn-mec.pdf,20260830,N/A_DIRECT_OFFICIAL,/research/ciclo_ajuste/inputs/historical_retrieval/v141/binaries/argentina_tgn_disposition_10_2025_cut_auditor.pdf,0b0382cfdfff7a7e1442789e3f0f2d83a3725b2d73e3582aacf93eee134cc669,1134786,Descarga directa desde dominio oficial; copia preservada y validada con SHA-256.
e0_dgsiaf_slu_bank_reconciliation_manual_2003_v7,https://www.argentina.gob.ar/sites/default/files/dgsiaf-mu_conciliacion_bancaria.doc,https://www.argentina.gob.ar/sites/default/files/dgsiaf-mu_conciliacion_bancaria.doc,20260830,N/A_DIRECT_OFFICIAL,/research/ciclo_ajuste/inputs/historical_retrieval/V151/binaries/dgsiaf_slu_conciliacion_bancaria.doc,4561a9d536973da4b648d5f8d140bd0a5bf64afea2597971b473984655f89d11,1060864,Descarga directa desde dominio oficial; copia preservada y validada con SHA-256.
e0_dgsiaf_slu_bank_reconciliation_basic_tables_2002_v7,https://www.argentina.gob.ar/sites/default/files/dgsiaf-mu_conciliacion_bancaria_tablas_basicas.doc,https://www.argentina.gob.ar/sites/default/files/dgsiaf-mu_conciliacion_bancaria_tablas_basicas.doc,20260830,N/A_DIRECT_OFFICIAL,/research/ciclo_ajuste/inputs/historical_retrieval/V151/binaries/dgsiaf_slu_conciliacion_bancaria_tablas_basicas.doc,19f2b33fca34193bfac9fc0e75a86ff72e3d9103f172fb767611c187dded2659,788480,Descarga directa desde dominio oficial; copia preservada y validada con SHA-256.
e0_dgsiaf_slu_treasury_basic_tables_1,https://www.argentina.gob.ar/sites/default/files/dgsiaf-mu_tablas_basicas_tbtesoreria1.doc,https://www.argentina.gob.ar/sites/default/files/dgsiaf-mu_tablas_basicas_tbtesoreria1.doc,20260830,N/A_DIRECT_OFFICIAL,/research/ciclo_ajuste/inputs/historical_retrieval/V151/binaries/dgsiaf_slu_tablas_basicas_tesoreria_1.doc,bb7501ec69a75428aa2f761e898935cba30d636000ac7fa74c8fa31e8dc81a7c,1680896,Descarga directa desde dominio oficial; copia preservada y validada con SHA-256.
e0_dgsiaf_slu_treasury_basic_tables_2,https://www.argentina.gob.ar/sites/default/files/dgsiaf-mu_tablas_basicas_tbtesoreria2.doc,https://www.argentina.gob.ar/sites/default/files/dgsiaf-mu_tablas_basicas_tbtesoreria2.doc,20260830,N/A_DIRECT_OFFICIAL,/research/ciclo_ajuste/inputs/historical_retrieval/V151/binaries/dgsiaf_slu_tablas_basicas_tesoreria_2.doc,3b1c45091aab96e0b7f223caba5aa5becb800ccb75d3eecb81411512187e9d3b,250880,Descarga directa desde dominio oficial; copia preservada y validada con SHA-256.
e0_dgsiaf_slu_reconciliation_workshop_2017_historical_screens,https://www.argentina.gob.ar/sites/default/files/dgsiaf-taller-de-conciliacion-bancaria-slu-usuario-dic-2017.pdf,https://www.argentina.gob.ar/sites/default/files/dgsiaf-taller-de-conciliacion-bancaria-slu-usuario-dic-2017.pdf,20260830,N/A_DIRECT_OFFICIAL,/research/ciclo_ajuste/inputs/historical_retrieval/V151/binaries/dgsiaf_slu_taller_conciliacion_2017.pdf,7ff4c97f734a7170bfd2a3e15d9f2e12ffef4a2af217f3d1337be23459a6290c,291650,Descarga directa desde dominio oficial; copia preservada y validada con SHA-256.
e0_dgsiaf_slu_payment_schedule,https://www.argentina.gob.ar/sites/default/files/dgsiaf-mu_cronograma_de_pagos.doc,https://www.argentina.gob.ar/sites/default/files/dgsiaf-mu_cronograma_de_pagos.doc,20260830,N/A_DIRECT_OFFICIAL,/research/ciclo_ajuste/inputs/historical_retrieval/V151/binaries/dgsiaf_slu_cronograma_pagos.doc,1a7a2717b4703460e58cea94177dcf971ca1a7449826166429ce055823813a5f,1209856,Descarga directa desde dominio oficial; copia preservada y validada con SHA-256.
e0_dgsiaf_slu_payment_quotas,https://www.argentina.gob.ar/sites/default/files/dgsiaf-mu_cuotas_de_pago.doc,https://www.argentina.gob.ar/sites/default/files/dgsiaf-mu_cuotas_de_pago.doc,20260830,N/A_DIRECT_OFFICIAL,/research/ciclo_ajuste/inputs/historical_retrieval/V151/binaries/dgsiaf_slu_cuotas_pago.doc,3d1c95adce08e1e7324a0c5da2797d5a376dcee3d991c98ddc09a63f3edfb5e5,568832,Descarga directa desde dominio oficial; copia preservada y validada con SHA-256.
e0_dgsiaf_slu_payment_reversal_2005,https://www.argentina.gob.ar/sites/default/files/dgsiaf-mu_desafectacion_pagos.doc,https://www.argentina.gob.ar/sites/default/files/dgsiaf-mu_desafectacion_pagos.doc,20260830,N/A_DIRECT_OFFICIAL,/research/ciclo_ajuste/inputs/historical_retrieval/V151/binaries/dgsiaf_slu_desafectacion_pagos.doc,42cdc6beda9acb39c01da2c96158779683d1669f52c68e4b069c546bdd2bc457,675328,Descarga directa desde dominio oficial; copia preservada y validada con SHA-256.
e0_dgsiaf_slu_checks_checkbooks,https://www.argentina.gob.ar/sites/default/files/dgsiaf-mu_cheques_y_chequeras.doc,https://www.argentina.gob.ar/sites/default/files/dgsiaf-mu_cheques_y_chequeras.doc,20260830,N/A_DIRECT_OFFICIAL,/research/ciclo_ajuste/inputs/historical_retrieval/V151/binaries/dgsiaf_slu_cheques_chequeras.doc,c4bfc5b1ee59693890eff0dd02cd44998251ad010e3e46fc628716fb5f8fc255,730112,Descarga directa desde dominio oficial; copia preservada y validada con SHA-256.
e0_dgsiaf_slu_deposit_slip,https://www.argentina.gob.ar/sites/default/files/dgsiaf-mu_boleta_de_deposito.doc,https://www.argentina.gob.ar/sites/default/files/dgsiaf-mu_boleta_de_deposito.doc,20260830,N/A_DIRECT_OFFICIAL,/research/ciclo_ajuste/inputs/historical_retrieval/V151/binaries/dgsiaf_slu_boleta_deposito.doc,01d6b32dc1ccd04d747efbc20e33b6e96d2aeb8ee9242868f1c8e381605b654c,1604096,Descarga directa desde dominio oficial; copia preservada y validada con SHA-256.
e0_dgsiaf_slu_c10_2004_v10,https://www.argentina.gob.ar/sites/default/files/dgsiaf-mu_c10.doc,https://www.argentina.gob.ar/sites/default/files/dgsiaf-mu_c10.doc,20260830,N/A_DIRECT_OFFICIAL,/research/ciclo_ajuste/inputs/historical_retrieval/V151/binaries/dgsiaf_slu_c10.doc,34e8d9617ee3182b96f65b001f9ec8b3fb26fa27703dbaa024aeeda6e2bb35ea,988672,Descarga directa desde dominio oficial; copia preservada y validada con SHA-256.
e0_dgsiaf_slu_assignments_garnishments,https://www.argentina.gob.ar/sites/default/files/dgsiaf-mu_tes._cesiones_y_embargos.doc,https://www.argentina.gob.ar/sites/default/files/dgsiaf-mu_tes._cesiones_y_embargos.doc,20260830,N/A_DIRECT_OFFICIAL,/research/ciclo_ajuste/inputs/historical_retrieval/V151/binaries/dgsiaf_slu_cesiones_embargos.doc,2584a8dfbf445152229c2684847b12c05db96cb71a84652a5d289466a71360f6,472576,Descarga directa desde dominio oficial; copia preservada y validada con SHA-256.
e0_dgsiaf_slu_mcc_exchange,https://www.argentina.gob.ar/sites/default/files/dgsiaf-mu_consulta_y_envio_de_informacion_al_mcc.doc,https://www.argentina.gob.ar/sites/default/files/dgsiaf-mu_consulta_y_envio_de_informacion_al_mcc.doc,20260830,N/A_DIRECT_OFFICIAL,/research/ciclo_ajuste/inputs/historical_retrieval/V151/binaries/dgsiaf_slu_consulta_envio_mcc.doc,5b5d3ae552938c704e8288774432ccea2761a373ab95a72c57bc37d3d594853d,678400,Descarga directa desde dominio oficial; copia preservada y validada con SHA-256.
e0_dgsiaf_slu_monthly_financial_limits,https://www.argentina.gob.ar/sites/default/files/dgsiaf-mu_limites_financieros_mensuales.doc,https://www.argentina.gob.ar/sites/default/files/dgsiaf-mu_limites_financieros_mensuales.doc,20260830,N/A_DIRECT_OFFICIAL,/research/ciclo_ajuste/inputs/historical_retrieval/V151/binaries/dgsiaf_slu_limites_financieros.doc,b4ef883444f930f234934e91bc67657372e1957fb426cb3a6312e0af5db6ac10,233472,Descarga directa desde dominio oficial; copia preservada y validada con SHA-256.
e0_dgsiaf_slu_general_user_manual,https://www.argentina.gob.ar/sites/default/files/dgsiaf-manual_del_usuario_general.doc,https://www.argentina.gob.ar/sites/default/files/dgsiaf-manual_del_usuario_general.doc,20260830,N/A_DIRECT_OFFICIAL,/research/ciclo_ajuste/inputs/historical_retrieval/V151/binaries/dgsiaf_slu_manual_usuario_general.doc,c63fb3420a6d84e5355a3561d69af28fbd3376a3180af43ef607e3da8cc9d116,2434560,Descarga directa desde dominio oficial; copia preservada y validada con SHA-256.
e0_dgsiaf_slu_admin_local_manual_2007,https://www.argentina.gob.ar/sites/default/files/dgsiaf-mu_mantenimiento_slu_al.pdf,https://www.argentina.gob.ar/sites/default/files/dgsiaf-mu_mantenimiento_slu_al.pdf,2026-08-31,N/A_OFFICIAL_DIRECT,/research/ciclo_ajuste/inputs/historical_retrieval/V151/binaries/dgsiaf_slu_mantenimiento_administrador_local_2007.pdf,446eae9b85416678f6ed3c27ce1a365769be077174084c0f01c4e8cc5c243f26,2466822,Captura oficial directa; hash y tamaño preservados en V151.
e0_argentina_resolution_115_2005_financial_systems,https://www.argentina.gob.ar/normativa/nacional/resoluci%C3%B3n-115-2005-106401/texto,https://www.argentina.gob.ar/normativa/nacional/resoluci%C3%B3n-115-2005-106401/texto,2026-08-31,N/A_OFFICIAL_DIRECT,/research/ciclo_ajuste/inputs/historical_retrieval/V151/binaries/argentina_resolucion_115_2005_sistemas_administracion_financiera.html,f9e83b6c672aa2041e44211a5445a4e80422227acdfe9b032bdbe35f09e6d3b4,49858,Captura oficial directa; hash y tamaño preservados en V151.
e0_cgn_joint_disposition_4_03_backup_recovery,https://cdi.mecon.gob.ar/bases/docelec/lg1188.pdf,https://cdi.mecon.gob.ar/bases/docelec/lg1188.pdf,2026-08-31,N/A_OFFICIAL_DIRECT,/research/ciclo_ajuste/inputs/historical_retrieval/V151/binaries/cdi_mecon_digesto_administracion_financiera_capitulo_v_h.pdf,dfe5027d3f4e50bad98cbe4b0738a12d4b07cd9b63e462364d64b01fb5a59bcb,11150608,Captura oficial directa; hash y tamaño preservados en V151.
e0_argentina_resolution_7028_2007_backup_comparator,https://www.argentina.gob.ar/normativa/nacional/resoluci%C3%B3n-7028-2007-131148/texto,https://www.argentina.gob.ar/normativa/nacional/resoluci%C3%B3n-7028-2007-131148/texto,2026-08-31,N/A_OFFICIAL_DIRECT,/research/ciclo_ajuste/inputs/historical_retrieval/V151/binaries/argentina_resolucion_7028_2007_backup_comparator.html,a0ba1be7672c89c09f0f02df51161cc185f69918e5eef98f821d9ac6d7bbf614,238097,Captura oficial directa; hash y tamaño preservados en V151.
e0_argentina_sidif_link_historical_integration,https://www.argentina.gob.ar/economia/administracionfinancieragubernamental/segundaetapa,https://www.argentina.gob.ar/economia/administracionfinancieragubernamental/segundaetapa,2026-08-31,N/A_OFFICIAL_DIRECT,/research/ciclo_ajuste/inputs/historical_retrieval/V151/binaries/argentina_financial_reform_second_stage_sidif_link.html,803dab7567cc1b10fc818595874f7ce610e800758bc3e28fa352daa176f6ef01,37082,Captura oficial directa; hash y tamaño preservados. 
e0_dgsiaf_trajectory_sidif_link,https://www.argentina.gob.ar/economia/sechacienda/dgsiaf/institucionaltrayectoria,https://www.argentina.gob.ar/economia/sechacienda/dgsiaf/institucionaltrayectoria,2026-08-31,N/A_OFFICIAL_DIRECT,/research/ciclo_ajuste/inputs/historical_retrieval/V151/binaries/argentina_dgsiaf_institutional_trajectory.html,39549984b5cdfeeb5ab85e21df58b2c695d39abab8390fada0cc65551bf766a7,43317,Captura oficial directa; hash y tamaño preservados. 
e0_mecon_uai_plan_2019_sigade_sidif_link,https://www.argentina.gob.ar/sites/default/files/plan-anual-de-trabajo-2019-df.pdf,https://www.argentina.gob.ar/sites/default/files/plan-anual-de-trabajo-2019-df.pdf,2026-08-31,N/A_OFFICIAL_DIRECT,/research/ciclo_ajuste/inputs/historical_retrieval/V151/binaries/mecon_uai_annual_audit_plan_2019_sigade_sidif_link.pdf,75dc8cc7f7af746becb73ffd92abdb082596c01345a837e804faa5308fb77f48,3590770,Captura oficial directa; hash y tamaño preservados. 
e0_mecon_uai_report_13_2020_repo_commission,https://www.argentina.gob.ar/sites/default/files/informe_uai_no_13-2020.pdf,https://www.argentina.gob.ar/sites/default/files/informe_uai_no_13-2020.pdf,2026-08-31,N/A_OFFICIAL_DIRECT,/research/ciclo_ajuste/inputs/historical_retrieval/V151/binaries/mecon_uai_report_13_2020_repo_commission.pdf,d7d3e1471865ded999dddec625e30819ac2de224a2d301619c49476b7b6324f6,655219,Captura oficial directa; hash y tamaño preservados. 
e0_dgsiaf_siche_sidif_central_q2_2022,https://www.argentina.gob.ar/economia/sechacienda/dgsiaf/boletin-trimestral-ii-2022/siche,https://www.argentina.gob.ar/economia/sechacienda/dgsiaf/boletin-trimestral-ii-2022/siche,2026-08-31,N/A_OFFICIAL_DIRECT,/research/ciclo_ajuste/inputs/historical_retrieval/V151/binaries/argentina_dgsiaf_siche_sidif_central_2022_q2.html,e5045832d3ae260c7f21278725254ad351e6e13b1dab902cd757f8dbdbc84905,31448,Captura oficial directa; hash y tamaño preservados. 
e0_cgn_chart_accounts_2018,https://www.argentina.gob.ar/sites/default/files/plan_2018.pdf,https://www.argentina.gob.ar/sites/default/files/plan_2018.pdf,2026-08-31,N/A_OFFICIAL_DIRECT,/research/ciclo_ajuste/inputs/historical_retrieval/V151/binaries/cgn_chart_of_accounts_2018.pdf,8481bfe380ccfad07da29f13b54a1e29a7bed8f6732ad3dfa884ef277c53fed2,464450,Captura oficial directa; hash y tamaño preservados. 
e0_cgn_account_1999_repo_portfolio,https://www.economia.gob.ar/hacienda/cgn/cuenta/1999/tomo_i/04notas99.htm,https://www.economia.gob.ar/hacienda/cgn/cuenta/1999/tomo_i/04notas99.htm,2026-08-31,N/A_OFFICIAL_DIRECT,/research/ciclo_ajuste/inputs/historical_retrieval/V151/binaries/cgn_account_1999_repo_portfolio_note.html,1787b9ef779c6ceef787c7b8b38fb72b03addfaf80a6f4328b712208cc8f9225,265346,Captura oficial directa; hash y tamaño preservados. El dominio histórico presentó certificado vencido; descarga conservada con validación de dominio y contenido.
e0_mecon_uai_report_24_2019_account_2018,https://www.argentina.gob.ar/sites/default/files/informe_uai_no_24.pdf,https://www.argentina.gob.ar/sites/default/files/informe_uai_no_24.pdf,2026-08-31,N/A_OFFICIAL_DIRECT,/research/ciclo_ajuste/inputs/historical_retrieval/V151/binaries/mecon_uai_report_24_2019_account_2018_sigade_esidif.pdf,c8e37d6bf9536b6183d7b65f9a0e8e9cfada7df2a1f86e512205d3f0f2c3eef2,208010,Captura oficial directa; binario preservado con SHA-256 y tamaño.
e0_mecon_uai_report_37_2023_account_2022,https://www.argentina.gob.ar/sites/default/files/informe_uai_37-2023.pdf,https://www.argentina.gob.ar/sites/default/files/informe_uai_37-2023.pdf,2026-08-31,N/A_OFFICIAL_DIRECT,/research/ciclo_ajuste/inputs/historical_retrieval/V151/binaries/mecon_uai_report_37_2023_account_2022_executive.pdf,ef6d550223f3c7d35cd499fc0738d7d60c203abbce1b7688d97c3c834c78b026,431832,Captura oficial directa; binario preservado con SHA-256 y tamaño.
e0_mecon_uai_report_48_2023_saf355_closure,https://www.argentina.gob.ar/sites/default/files/informe_uai_48-2023.pdf,https://www.argentina.gob.ar/sites/default/files/informe_uai_48-2023.pdf,2026-08-31,N/A_OFFICIAL_DIRECT,/research/ciclo_ajuste/inputs/historical_retrieval/V151/binaries/mecon_uai_report_48_2023_saf355_closure.pdf,af778736d74e0b9b9596f4275f428c311fc590a01f99e3bf65bf1509dfdce8d4,797693,Captura oficial directa; binario preservado con SHA-256 y tamaño.
e0_agn_report_65_2022_sigade_information_system,https://www.agn.gob.ar/sites/default/files/informes/2022-065-Informe.pdf,https://www.agn.gob.ar/sites/default/files/informes/2022-065-Informe.pdf,2026-08-31,N/A_OFFICIAL_DIRECT,/research/ciclo_ajuste/inputs/historical_retrieval/V151/binaries/agn_report_65_2022_sigade_information_system.pdf,3dc11c00999964812a36c4c81f3f84d75b531c3fbdc19bd791369b6b435b9b38,3842022,Captura oficial directa; binario preservado con SHA-256 y tamaño.
e0_agn_resolution_86_2021_public_debt_control,https://www.agn.gob.ar/sites/default/files/informes/01-%20RES86-2021%20Anexo%20I.pdf,https://www.agn.gob.ar/sites/default/files/informes/01-%20RES86-2021%20Anexo%20I.pdf,2026-08-31,N/A_OFFICIAL_DIRECT,/research/ciclo_ajuste/inputs/historical_retrieval/V151/binaries/agn_resolution_86_2021_annex_i_public_debt_control.pdf,1edd4d41d68efad0f94b40d694df3e3e43a34c89e7e0356a2ffa8339a2527c69,8176228,Captura oficial directa; binario preservado con SHA-256 y tamaño.
e0_cgn_disposition_49_2002_saf355_closing_exception,https://www.economia.gob.ar/hacienda/cgn/normas/disposiciones/2002/disp49/disp49.htm,https://www.economia.gob.ar/hacienda/cgn/normas/disposiciones/2002/disp49/disp49.htm,2026-08-31,N/A_OFFICIAL_DIRECT,/research/ciclo_ajuste/inputs/historical_retrieval/V151/binaries/cgn_disposition_49_2002_saf355_closing_exception.html,c920614272f0e36ce27f46ae9085da7d0e09ed25a47fd675a8033e336d5a0b1e,42604,Captura directa del dominio oficial economia.gob.ar; certificado TLS vencido tolerado tras verificar dominio y contenido.
e0_cgn_account_2008_uepex_closing_exception,https://www.economia.gob.ar/hacienda/cgn/cuenta/2008/archivos/sep.pdf,https://www.economia.gob.ar/hacienda/cgn/cuenta/2008/archivos/sep.pdf,2026-08-31,N/A_OFFICIAL_DIRECT,/research/ciclo_ajuste/inputs/historical_retrieval/V151/binaries/cgn_account_2008_uepex_closing_exception.pdf,abea3762088e8b5a555dc9723c7737922c7deb6d69daa398c82c7379c3c2de0e,1157092,"Descarga directa del dominio oficial economia.gob.ar; certificado TLS vencido tolerado tras verificar dominio, PDF y páginas."
e0_mecon_uai_report_03_2022_saf355_closure_2021,https://www.argentina.gob.ar/sites/default/files/informe_uai_03-2022.pdf,https://www.argentina.gob.ar/sites/default/files/informe_uai_03-2022.pdf,2026-08-31,N/A_OFFICIAL_DIRECT,/research/ciclo_ajuste/inputs/historical_retrieval/V151/binaries/mecon_uai_report_03_2022_saf355_closure_2021.pdf,8fd4776c94daf16c2267ea1963cae07bd51732c24f832de5a0afba4dd7b60d4d,170121,Descarga oficial directa de argentina.gob.ar; PDF visualmente controlado.
e0_mecon_uai_report_51_2022_account_2021,https://www.argentina.gob.ar/sites/default/files/informe_uai_51-2022_ci_oncp_2021.pdf,https://www.argentina.gob.ar/sites/default/files/informe_uai_51-2022_ci_oncp_2021.pdf,2026-08-31,N/A_OFFICIAL_DIRECT,/research/ciclo_ajuste/inputs/historical_retrieval/V151/binaries/mecon_uai_report_51_2022_account_2021.pdf,6dce879c95ccb408519889d87ef54def91a5b7881f7bf0006018fef89f7ce69b,294695,Descarga oficial directa de argentina.gob.ar; PDF visualmente controlado.
e0_argentina_mecon_uai_audit_catalog_2022,https://www.argentina.gob.ar/node/366229,https://www.argentina.gob.ar/node/366229,2026-08-31,N/A_OFFICIAL_DIRECT,/research/ciclo_ajuste/inputs/historical_retrieval/V151/binaries/argentina_mecon_uai_audit_catalog_2022.html,c204d1bfbb229b54264a99a26606ad6bcd64d70ec67816db5008a219c1902f86,90214,Captura oficial directa de argentina.gob.ar.
e0_argentina_resolution_6_2008_closing_original,https://www.argentina.gob.ar/normativa/nacional/norma-148348/texto,https://www.argentina.gob.ar/normativa/nacional/norma-148348/texto,2026-08-31,N/A_OFFICIAL_DIRECT,/research/ciclo_ajuste/inputs/historical_retrieval/v151/binaries/argentina_resolution_6_2008_closing_original.html,c0db1761c5d2018e8462beb21de6d79c94259966318e0b145b95d3f54aef98fa,69655,Captura directa del texto original en argentina.gob.ar.
e0_cgn_disposition_28_2008_intermediate_close,https://www.economia.gob.ar/hacienda/cgn/normas/disposiciones/2008/disp28/disp28.htm,https://www.economia.gob.ar/hacienda/cgn/normas/disposiciones/2008/disp28/disp28.htm,2026-08-31,N/A_OFFICIAL_DIRECT,/research/ciclo_ajuste/inputs/historical_retrieval/v151/binaries/cgn_disposition_28_2008_intermediate_close.html,09d13927b0418a05177f587cc8972af8d18a9becb8ff442bf19b51e2b2924b64,23872,Captura directa de economia.gob.ar; TLS vencido tolerado tras verificar dominio y contenido.
e0_cgn_disposition_38_1996_cut_account_3855,https://www.economia.gob.ar/digesto/disposiciones/cgn/1996/discgn38.htm,https://www.economia.gob.ar/digesto/disposiciones/cgn/1996/discgn38.htm,2026-08-31,N/A_OFFICIAL_DIRECT,/research/ciclo_ajuste/inputs/historical_retrieval/v151/binaries/cgn_disposition_38_1996_cut_account_3855.html,d2fb9c0feec863429a42b9f08d38eacd8141da3d29f8a13b0b0662a3c15f72dd,39150,Captura directa del Digesto oficial; TLS vencido tolerado tras verificar dominio y contenido.
e0_cgn_disposition_38_1996_annex_cut_extracts,https://www.economia.gob.ar/hacienda/cgn/normas/disposiciones/1996/disp38/dis38a.htm,https://www.economia.gob.ar/hacienda/cgn/normas/disposiciones/1996/disp38/dis38a.htm,2026-08-31,N/A_OFFICIAL_DIRECT,/research/ciclo_ajuste/inputs/historical_retrieval/v151/binaries/cgn_disposition_38_1996_annex_cut_extracts.html,0b3532e80ccf525ffa2f2d13eeb9e6665ea0cd6b83d5ffe11c15851eccfba871,3123,Captura directa de economia.gob.ar; TLS vencido tolerado tras verificar dominio y contenido.
e0_mecon_uai_report_06_2019_saf355_close_2018,https://www.argentina.gob.ar/sites/default/files/informe_uai_no_06.pdf,https://www.argentina.gob.ar/sites/default/files/informe_uai_no_06.pdf,2026-08-31,N/A_OFFICIAL_DIRECT,/research/ciclo_ajuste/inputs/historical_retrieval/v151/binaries/mecon_uai_report_06_2019_saf355_close_2018.pdf,2f586476bf3d086ff81bdefdcd29fa5319bb6f758b0ec98116851ec5acc4332e,1921158,Descarga oficial; páginas 4-6 controladas visualmente.
e0_mecon_uai_report_35_2019_saf355_change_close,https://www.argentina.gob.ar/sites/default/files/informe_uai_no_35.pdf,https://www.argentina.gob.ar/sites/default/files/informe_uai_no_35.pdf,2026-08-31,N/A_OFFICIAL_DIRECT,/research/ciclo_ajuste/inputs/historical_retrieval/v151/binaries/mecon_uai_report_35_2019_saf355_change_close.pdf,63e0a570bb732219d798b1ebb9c48272d9a6ce3e5887deeead536da471baf3f7,552342,Descarga oficial; página 4 controlada visualmente.
e0_mecon_uai_report_37_2019_tgn_change_close,https://www.argentina.gob.ar/sites/default/files/informe_uai_no_37_a.pdf,https://www.argentina.gob.ar/sites/default/files/informe_uai_no_37_a.pdf,2026-08-31,N/A_OFFICIAL_DIRECT,/research/ciclo_ajuste/inputs/historical_retrieval/v151/binaries/mecon_uai_report_37_2019_tgn_change_close.pdf,8b18b2ee1c8777e3755198d27bcf9c81eba6c564aaa141ada44af3b90293037e,568175,Descarga oficial; páginas 3-6 controladas visualmente.
e0_mecon_uai_report_02_2019_tgn_close_2018,https://www.argentina.gob.ar/sites/default/files/informe_uai_no_02.pdf,https://www.argentina.gob.ar/sites/default/files/informe_uai_no_02.pdf,2026-08-31,N/A_OFFICIAL_DIRECT,/research/ciclo_ajuste/inputs/historical_retrieval/v151/binaries/mecon_uai_report_02_2019_tgn_close_2018.pdf,3e2b052fd5c0eda9e6e345977e6f04233dd2f181ec162bde83c89d63ca90881e,1743680,Descarga oficial; páginas 4-7 controladas visualmente.
e0_argentina_resolution_257_2018_closing_original,https://www.argentina.gob.ar/normativa/nacional/resoluci%C3%B3n-257-2018-317443/texto,https://www.argentina.gob.ar/normativa/nacional/resoluci%C3%B3n-257-2018-317443/texto,2026-08-31,N/A_OFFICIAL_DIRECT,/research/ciclo_ajuste/inputs/historical_retrieval/v151/binaries/argentina_resolution_257_2018_closing_original.html,b1d7bab1bb49b5533174a46454971eb54d3d2b26898566376686620da41edea6,78159,Captura directa del texto original en argentina.gob.ar.
e0_mecon_resolution_sh_47_1996_c42_authorization,https://www.economia.gob.ar/digesto/resoluciones/sh/1996/resolsh47.htm,https://www.economia.gob.ar/digesto/resoluciones/sh/1996/resolsh47.htm,2026-08-31,N/A_OFFICIAL_DIRECT,/research/ciclo_ajuste/inputs/historical_retrieval/v151/binaries/mecon_resolution_sh_47_1996_c42_authorization.html,c14751d27e7f000a1b6f062a714d418df586c4817295ad7fd534c7db353e82ce,6810,Captura directa oficial; alcance probatorio congelado en V151.
e0_cgn_disposition_52_1996_c42_debt_payment,https://www.economia.gob.ar/hacienda/cgn/normas/disposiciones/1996/disp52/dis52.htm,https://www.economia.gob.ar/hacienda/cgn/normas/disposiciones/1996/disp52/dis52.htm,2026-08-31,N/A_OFFICIAL_DIRECT,/research/ciclo_ajuste/inputs/historical_retrieval/v151/binaries/cgn_disposition_52_1996_c42_debt_payment.html,7daee591ad78526f39322ac94a8cb63354648e2d900ab258c299b9cc729279cb,5347,Captura directa oficial; alcance probatorio congelado en V151.
e0_cgn_disposition_52_1996_c42_instructions,https://www.economia.gob.ar/hacienda/cgn/normas/disposiciones/1996/disp52/adis52.htm,https://www.economia.gob.ar/hacienda/cgn/normas/disposiciones/1996/disp52/adis52.htm,2026-08-31,N/A_OFFICIAL_DIRECT,/research/ciclo_ajuste/inputs/historical_retrieval/v151/binaries/cgn_disposition_52_1996_c42_instructions.html,684ba9345dd55a33cc5227d5b107b035166eff4e021d7ea2683a29f89b003c41,18590,Captura directa oficial; alcance probatorio congelado en V151.
e0_cgn_disposition_52_1996_c42_procedure,https://www.economia.gob.ar/hacienda/cgn/normas/disposiciones/1996/disp52/aadis52.htm,https://www.economia.gob.ar/hacienda/cgn/normas/disposiciones/1996/disp52/aadis52.htm,2026-08-31,N/A_OFFICIAL_DIRECT,/research/ciclo_ajuste/inputs/historical_retrieval/v151/binaries/cgn_disposition_52_1996_c42_procedure.html,e16f3466f99ba342349d19a457da2db0daebeaac898dda0b40fbcbf9f09dbbac,9622,Captura directa oficial; alcance probatorio congelado en V151.
e0_cgn_disposition_52_1996_c42_form,https://www.economia.gob.ar/hacienda/cgn/normas/disposiciones/1996/disp52/c-42.jpg,https://www.economia.gob.ar/hacienda/cgn/normas/disposiciones/1996/disp52/c-42.jpg,2026-08-31,N/A_OFFICIAL_DIRECT,/research/ciclo_ajuste/inputs/historical_retrieval/v151/binaries/cgn_disposition_52_1996_c42_form_page1.jpg,b03b3a8e3b31201496e80769d0290d5b3cdf8e6ac6e6a17d260d3f351c1dbb9f,91693,Captura directa oficial; alcance probatorio congelado en V151.
e0_cgn_disposition_52_1996_c42_flow,https://www.economia.gob.ar/hacienda/cgn/normas/disposiciones/1996/disp52/c-42proc.jpg,https://www.economia.gob.ar/hacienda/cgn/normas/disposiciones/1996/disp52/c-42proc.jpg,2026-08-31,N/A_OFFICIAL_DIRECT,/research/ciclo_ajuste/inputs/historical_retrieval/v151/binaries/cgn_disposition_52_1996_c42_procedure_flow.jpg,084fc140c53b9b318320e46e760882bdfde3c85915b59d0fa4e35a9bde7bd37e,74868,Captura directa oficial; alcance probatorio congelado en V151.
e0_cgn_circular_16_1996_c42_presentation,https://www.economia.gob.ar/hacienda/cgn/normas/circulares/1996/cir16.htm,https://www.economia.gob.ar/hacienda/cgn/normas/circulares/1996/cir16.htm,2026-08-31,N/A_OFFICIAL_DIRECT,/research/ciclo_ajuste/inputs/historical_retrieval/v151/binaries/cgn_circular_16_1996_c42_presentation.html,1f381a403b51efe658224fd9a20b9b777a197989d48d3c1ce4a111ae7d273cce,4731,Captura directa oficial; alcance probatorio congelado en V151.
e0_argentina_resolution_81_2012_original_expense_circuit,https://www.argentina.gob.ar/normativa/nacional/resoluci%C3%B3n-81-2012-196825/texto,https://www.argentina.gob.ar/normativa/nacional/resoluci%C3%B3n-81-2012-196825/texto,2026-08-31,N/A_OFFICIAL_DIRECT,/research/ciclo_ajuste/inputs/historical_retrieval/v151/binaries/argentina_resolution_81_2012_original_expense_circuit.html,a56f7579f93a48c29eb66c9ded60ff909068ca4a6ac30771ff94dede871e1932,252185,Captura directa oficial; alcance probatorio congelado en V151.
e0_argentina_afg_first_stage_sidif_transaf_architecture,https://www.argentina.gob.ar/economia/administracionfinancieragubernamental/primeraetapa,https://www.argentina.gob.ar/economia/administracionfinancieragubernamental/primeraetapa,2026-08-31,N/A_OFFICIAL_DIRECT,/research/ciclo_ajuste/inputs/historical_retrieval/v151/binaries/argentina_afg_first_stage_sidif_transaf.html,df6c68fc5259f89c425324cfbb9883b5ae5e853b315c84b0568f6aedb7dbf93b,41493,Captura directa oficial; alcance probatorio congelado en V151.
e0_argentina_afg_fifth_stage_legacy_transaf,https://www.argentina.gob.ar/economia/administracionfinancieragubernamental/quintaetapa,https://www.argentina.gob.ar/economia/administracionfinancieragubernamental/quintaetapa,2026-08-31,N/A_OFFICIAL_DIRECT,/research/ciclo_ajuste/inputs/historical_retrieval/v151/binaries/argentina_afg_fifth_stage_legacy_to_internet.html,9db94f7ee884b52397e45eb95f9b71b0766e16e19904280b07bfc9d15a6369ff,37007,Captura directa oficial; alcance probatorio congelado en V151.
e0_cgn_circular_2_1999_parameterized_text_file,https://www.economia.gob.ar/hacienda/cgn/normas/circulares/1999/circ02.htm,https://www.economia.gob.ar/hacienda/cgn/normas/circulares/1999/circ02.htm,2026-08-31,N/A_OFFICIAL_DIRECT,/research/ciclo_ajuste/inputs/historical_retrieval/v151/binaries/cgn_circular_2_1999_parametrized_text_file.html,d8906d10a01745042a72912cc32ebf33adaa05fcd3e45c2e6c0fdc2c36c2edba,10431,Captura directa oficial; alcance probatorio congelado en V151.
e0_argentina_dgsiaf_transaf_current_page,https://www.argentina.gob.ar/economia/sechacienda/dgsiaf/transaf,https://www.argentina.gob.ar/economia/sechacienda/dgsiaf/transaf,2026-08-31,N/A_OFFICIAL_DIRECT,/research/ciclo_ajuste/inputs/historical_retrieval/v151/binaries/argentina_dgsiaf_transaf_current.html,3542335003104c46707efcc52a8559483ff754b03081f83f6ce7a2f58b84642f,28978,Captura directa oficial; alcance probatorio congelado en V151.
e0_dgsiaf_transaf_user_guide_2022,https://dgsiaf-repo.mecon.gob.ar/repository/transaf/Instructivo/dgsiaf-2022_instructivo_para_usuarios_aplicacion_transaf.pdf,https://dgsiaf-repo.mecon.gob.ar/repository/transaf/Instructivo/dgsiaf-2022_instructivo_para_usuarios_aplicacion_transaf.pdf,2026-08-31,N/A_OFFICIAL_DIRECT,/research/ciclo_ajuste/inputs/historical_retrieval/v151/binaries/dgsiaf_2022_transaf_user_guide.pdf,5162ff6ece181a5a03914c786848df75c5bf4c752ab240a923b382d019d58c9a,694795,Captura directa oficial; alcance probatorio congelado en V151.
e0_cgn_sigen_instruction_account_2009,https://www.economia.gob.ar/hacienda/cgn/otrosdoc/instruai2009.pdf,https://www.economia.gob.ar/hacienda/cgn/otrosdoc/instruai2009.pdf,2026-08-31,N/A_OFFICIAL_DIRECT,/research/ciclo_ajuste/inputs/historical_retrieval/v151/binaries/cgn_sigen_instruction_account_2009.pdf,c2017483c86e210ea05c222f9f453ca57b0b48f58f750509a5f70c44a2986fe6,85378,Captura directa oficial; alcance probatorio congelado en V151.
e0_cgn_circular_2_2021_uai_closing,https://www.argentina.gob.ar/sites/default/files/if-2021-07423886-apn-cgnmec.pdf,https://www.argentina.gob.ar/sites/default/files/if-2021-07423886-apn-cgnmec.pdf,2026-08-31,N/A_OFFICIAL_DIRECT,/research/ciclo_ajuste/inputs/historical_retrieval/v151/binaries/cgn_circular_2_2021_uai_closing_instructions.pdf,e1b98fa1f61b2f34423859c587b79fd1710fd7fd2d090d6338e71a5abdbdc6a2,414215,Captura directa oficial; alcance probatorio congelado en V151.
e0_sigen_instruction_1_2021_account_certification,https://www.argentina.gob.ar/sites/default/files/if-2021-07423886-apn-cgnmec.pdf,https://www.argentina.gob.ar/sites/default/files/if-2021-07423886-apn-cgnmec.pdf,2026-08-31,N/A_OFFICIAL_DIRECT,/research/ciclo_ajuste/inputs/historical_retrieval/v151/binaries/sigen_instruction_1_2021_embedded.pdf,6f172ec3f0f9784aed46ff99de32a656cbbc8bde425e7d1aa80f4d0106b4cfaf,480396,Captura directa oficial; alcance probatorio congelado en V151.
e0_sigen_instruction_1_2021_annex_i_bank_movements,https://www.argentina.gob.ar/sites/default/files/if-2021-07423886-apn-cgnmec.pdf,https://www.argentina.gob.ar/sites/default/files/if-2021-07423886-apn-cgnmec.pdf,2026-08-31,N/A_OFFICIAL_DIRECT,/research/ciclo_ajuste/inputs/historical_retrieval/v151/binaries/sigen_instruction_2021_annex_i_bank_movements.pdf,755da7695590c15d7ac511f513c5af89871c55764c20cda43940bb02169649ca,179355,Captura directa oficial; alcance probatorio congelado en V151.
e0_sigen_instruction_1_2021_annex_iv_execution_forms,https://www.argentina.gob.ar/sites/default/files/if-2021-07423886-apn-cgnmec.pdf,https://www.argentina.gob.ar/sites/default/files/if-2021-07423886-apn-cgnmec.pdf,2026-08-31,N/A_OFFICIAL_DIRECT,/research/ciclo_ajuste/inputs/historical_retrieval/v151/binaries/sigen_instruction_2021_annex_iv.pdf,f041668c215247d70c6d554c9771182efb91093147ecfa331984352a379f4eea,165767,Captura directa oficial; alcance probatorio congelado en V151.
e0_cgn_disposition_28_2008_midyear_closing_axt,https://www.economia.gob.ar/hacienda/cgn/normas/disposiciones/2008/disp28/disp28.htm,https://www.economia.gob.ar/hacienda/cgn/normas/disposiciones/2008/disp28/disp28.htm,2026-08-31,N/A_OFFICIAL_DIRECT,/research/ciclo_ajuste/inputs/historical_retrieval/v152/binaries/cgn_disposition_28_2008_midyear_closing.html,09d13927b0418a05177f587cc8972af8d18a9becb8ff442bf19b51e2b2924b64,23872,Captura directa oficial; alcance probatorio congelado en V152. Descarga con excepción TLS (-k) por certificado vencido del servidor oficial histórico.
e0_enre_annual_2009_uai_account_2008_certifications,https://www.argentina.gob.ar/sites/default/files/ia_2009.pdf,https://www.argentina.gob.ar/sites/default/files/ia_2009.pdf,2026-08-31,N/A_OFFICIAL_DIRECT,/research/ciclo_ajuste/inputs/historical_retrieval/v152/binaries/enre_informe_anual_2009_uai_certifications.pdf,a2062d573d0d285b0ef342b48214563eed1ae607a6103051270308c1e1188945,5713945,Captura directa oficial; alcance probatorio congelado en V152.
e0_sigen_memory_2009_account_2008_global_control_report,https://www.argentina.gob.ar/sites/default/files/memoria_sigen_2009.pdf,https://www.argentina.gob.ar/sites/default/files/memoria_sigen_2009.pdf,2026-08-31,N/A_OFFICIAL_DIRECT,/research/ciclo_ajuste/inputs/historical_retrieval/v152/binaries/sigen_memoria_2009_cuenta_2008_control.pdf,c10d014fc500d2fe66387944bd18a4e2c6e4137d39c85859014a07b49230ddcf,97057,Captura directa oficial; alcance probatorio congelado en V152.
e0_cgn_disposition_35_2002_parameterized_inconsistency_procedure,https://www.economia.gob.ar/hacienda/cgn/normas/disposiciones/2002/disp35/disp35.htm,https://www.economia.gob.ar/hacienda/cgn/normas/disposiciones/2002/disp35/disp35.htm,2026-08-31,N/A_OFFICIAL_DIRECT,/research/ciclo_ajuste/inputs/historical_retrieval/v152/binaries/cgn_disposition_35_2002_parameterized_inconsistency.html,8a41ac5b699af0b612e62de0d64e0f82de7b112b40ddb9bf874aaa550c76f7c3,64662,Captura directa oficial; alcance probatorio congelado en V152. Descarga con excepción TLS (-k) por certificado vencido del servidor oficial histórico.
e0_cgn_circular_1_2009_account_2008_uai_certification,https://www.economia.gob.ar/hacienda/cgn/normas/circulares/2009/cir01.htm,https://www.economia.gob.ar/hacienda/cgn/normas/circulares/2009/cir01.htm,2026-08-31,N/A_OFFICIAL_DIRECT,/research/ciclo_ajuste/inputs/historical_retrieval/v153/binaries/cgn_circular_1_2009_account_2008_uai_certification.html,445110ad2eba1d065f72953ca72486ea1405614f47e59a5f1fc4143f45a0617c,4042,Captura directa oficial; alcance probatorio congelado en V153. Descarga con excepción TLS por el servidor oficial histórico.
e0_sigen_instruction_2_2008_account_2008_certification,https://www.economia.gob.ar/hacienda/cgn/normas/circulares/2009/acir01.pdf,https://www.economia.gob.ar/hacienda/cgn/normas/circulares/2009/acir01.pdf,2026-08-31,N/A_OFFICIAL_DIRECT,/research/ciclo_ajuste/inputs/historical_retrieval/v153/binaries/sigen_instruction_2_2008_account_certification.pdf,270f147759e19d8b37836a8c2f19b172130291f944334fac633f3aae40fa9a7b,137979,Captura directa oficial; alcance probatorio congelado en V153. Descarga con excepción TLS por el servidor oficial histórico.
e0_sigen_white_book_2012_account_2008_report_inventory,https://www.argentina.gob.ar/sites/default/files/libro_blanco_sigen2012.pdf,https://www.argentina.gob.ar/sites/default/files/libro_blanco_sigen2012.pdf,2026-08-31,N/A_OFFICIAL_DIRECT,/research/ciclo_ajuste/inputs/historical_retrieval/v153/binaries/sigen_libro_blanco_2012_report_inventory.pdf,c30fefc02cdbcc97311dc536a21599b0f7bc2d870046e79b6ad1a24bc82d5472,2118676,Captura directa oficial; alcance probatorio congelado en V153.
e0_cgn_circular_8_2009_financial_document_archive_iso,https://www.economia.gob.ar/hacienda/cgn/normas/circulares/2009/cir08.htm,https://www.economia.gob.ar/hacienda/cgn/normas/circulares/2009/cir08.htm,2026-08-31,N/A_OFFICIAL_DIRECT,/research/ciclo_ajuste/inputs/historical_retrieval/v153/binaries/cgn_circular_8_2009_financial_document_archive_iso.html,7451cfea93d535b035ed4e11725c022772925375b94c57d572b44c45ad70cf77,5584,Captura directa oficial; alcance probatorio congelado en V153. Descarga con excepción TLS por el servidor oficial histórico.
e0_sigen_public_archive_2020_account_record_family,https://www.sigen.gob.ar/ArchivoWeb/Informes.aspx,https://www.sigen.gob.ar/ArchivoWeb/Informes.aspx,2026-08-31,N/A_OFFICIAL_DIRECT,/research/ciclo_ajuste/inputs/historical_retrieval/v154/binaries/sigen_public_reports_archive_2020_2026_listing.html,368a6c86d580e1cea684f28a7bada19c2f1efc9c2775c6555699f1d2845f611f,200562,Captura directa del archivo oficial SIGEN; alcance de comparador congelado en V154.
e0_sigen_if_2020_annex_a_bank_certification_comparator,https://www.sigen.gob.ar/ArchivoWeb/ArchivoAdjunto_Ver.aspx?IdA=80644620,https://www.sigen.gob.ar/ArchivoWeb/ArchivoAdjunto_Ver.aspx?IdA=80644620,2026-08-31,N/A_OFFICIAL_DIRECT,/research/ciclo_ajuste/inputs/historical_retrieval/v154/binaries/sigen_if_2020_09433026_annex_a_certification.pdf,cfe81cbc7b6abee4657a87a7c61fc0834f8fc3778e0dad137074f0542ec55808,76870,Captura directa del archivo oficial SIGEN; alcance de comparador congelado en V154.
e0_sigen_if_2020_remainder_certification_cross_reference_comparator,https://www.sigen.gob.ar/ArchivoWeb/ArchivoAdjunto_Ver.aspx?IdA=80645562,https://www.sigen.gob.ar/ArchivoWeb/ArchivoAdjunto_Ver.aspx?IdA=80645562,2026-08-31,N/A_OFFICIAL_DIRECT,/research/ciclo_ajuste/inputs/historical_retrieval/v154/binaries/sigen_if_2020_30081841_remainder_certification.pdf,9d757bd6212135e24cdcc1c757c3e03adb2af5479d094715d0e891344ed96b5c,76984,Captura directa del archivo oficial SIGEN; alcance de comparador congelado en V154.
e0_sigen_if_2020_account_control_audit_comparator,https://www.sigen.gob.ar/ArchivoWeb/ArchivoAdjunto_Ver.aspx?IdA=80646818,https://www.sigen.gob.ar/ArchivoWeb/ArchivoAdjunto_Ver.aspx?IdA=80646818,2026-08-31,N/A_OFFICIAL_DIRECT,/research/ciclo_ajuste/inputs/historical_retrieval/v154/binaries/sigen_if_2020_34855376_account_control.pdf,b4c9e30958fc9f86923f2a22fca6530c0e8e97274adc624df2e3f513bb07f977,100269,Captura directa del archivo oficial SIGEN; alcance de comparador congelado en V154.
e0_cgn_account_2009_uepex_2008_note_sisio_chain,https://www.economia.gob.ar/hacienda/cgn/cuenta/2009/archivos/sep.pdf,https://www.economia.gob.ar/hacienda/cgn/cuenta/2009/archivos/sep.pdf,2026-08-31,N/A_OFFICIAL_DIRECT,/research/ciclo_ajuste/inputs/historical_retrieval/v155/binaries/cgn_cuenta_2009_uepex_note_sisio_chain.pdf,3e308ce12d19891c3b9f6fbc15d048c58c9ae80f36f4af9bc98e40684db7a33b,835128,Captura directa de fuente oficial; alcance y quiebres congelados en V155.
e0_mecon_current_audit_disclosure_window_and_sigen_route,https://www.argentina.gob.ar/economia/transparencia/auditorias,https://www.argentina.gob.ar/economia/transparencia/auditorias,2026-08-31,N/A_OFFICIAL_DIRECT,/research/ciclo_ajuste/inputs/historical_retrieval/v155/binaries/mecon_current_audits_2022_2026_and_sigen_route.html,c4647c219d9134f5f19d442d0cdcac717511176b70ffed931c079b46392e1e02,37182,Captura directa de fuente oficial; alcance y quiebres congelados en V155.
e0_sigen_current_aip_direct_form,https://www.sigen.gob.ar/AIP/Default.aspx,https://www.sigen.gob.ar/AIP/Default.aspx,2026-08-31,N/A_OFFICIAL_DIRECT,/research/ciclo_ajuste/inputs/historical_retrieval/v155/binaries/sigen_current_aip_direct_form.html,5d18461d3f9b8b7e0397a4c723f3628b32df7fab287be5ac9a6a8fa182a86498,10441,Captura directa de fuente oficial; alcance y quiebres congelados en V155.
e0_mecon_uai_structure_2010_accounting_control_duties,https://www.argentina.gob.ar/normativa/nacional/decreto-1025-2010-169689/texto,https://www.argentina.gob.ar/normativa/nacional/decreto-1025-2010-169689/texto,2026-08-31,N/A_OFFICIAL_DIRECT,/research/ciclo_ajuste/inputs/historical_retrieval/v155/binaries/mecon_decree_1025_2010_uai_structure.html,f8060a5fccbdd7a0860619ce8b746a4d0f3653c9a507c9ed4173e3d34998a9fd,73252,Captura directa de fuente oficial; alcance y quiebres congelados en V155.
e0_mecon_decree_1359_2004_uai_target_period_duties,https://www.argentina.gob.ar/normativa/nacional/decreto-1359-2004-99689/texto,https://www.argentina.gob.ar/normativa/nacional/decreto-1359-2004-99689/texto,2026-08-31,N/A_OFFICIAL_DIRECT,/research/ciclo_ajuste/inputs/historical_retrieval/v156/binaries/mecon_decree_1359_2004_uai_target_period_duties.html,7632981f0b1b67a3717fddb3aba488e97442ba6eb4573cc3fb523e3bd7aef9f1,308336,Captura directa de fuente oficial; alcance y quiebres congelados en V156.
e0_sigen_resolution_152_2002_workpaper_ownership_custody_access,https://www.argentina.gob.ar/normativa/nacional/79051/texto,https://www.argentina.gob.ar/normativa/nacional/79051/texto,2026-08-31,N/A_OFFICIAL_DIRECT,/research/ciclo_ajuste/inputs/historical_retrieval/v156/binaries/sigen_resolution_152_2002_workpaper_custody.html,432a1d7e457adca506457f03e3656b99bc12b4032f2636365a03f2b359a048b9,142421,Captura directa de fuente oficial; alcance y quiebres congelados en V156.
e0_sigen_resolution_15_2006_sisio_mandatory_record_schema,https://magyp.gob.ar/sitio/areas/d_recursos_humanos/concurso/normativa/_archivos/000001_Resoluciones/000000_RESOLUCI%C3%93N%20SIGEN%20N%C2%BA%2015-2006.pdf,https://magyp.gob.ar/sitio/areas/d_recursos_humanos/concurso/normativa/_archivos/000001_Resoluciones/000000_RESOLUCI%C3%93N%20SIGEN%20N%C2%BA%2015-2006.pdf,2026-08-31,N/A_OFFICIAL_DIRECT,/research/ciclo_ajuste/inputs/historical_retrieval/v156/binaries/sigen_resolution_15_2006_sisio_mandatory.pdf,04b8b30999ae061aa292c583853ffd9b078d37fdd990906804bae0b460781158,211763,Captura directa de fuente oficial; alcance y quiebres congelados en V156.
e0_cnrt_resolution_1002_2011_sisio_receipt_archive_comparator,https://www.argentina.gob.ar/normativa/nacional/resoluci%C3%B3n-1002-2011-199225/texto,https://www.argentina.gob.ar/normativa/nacional/resoluci%C3%B3n-1002-2011-199225/texto,2026-08-31,N/A_OFFICIAL_DIRECT,/research/ciclo_ajuste/inputs/historical_retrieval/v156/binaries/cnrt_resolution_1002_2011_sisio_procedure_comparator.html,6a25e4b8ae6b349568177ccdd4732c3f1c580947a869103d6c5030d3086a4d9c,102670,Captura directa de fuente oficial; alcance y quiebres congelados en V156.
e0_sigen_resolution_93_2013_gsepypf_expansion,https://www.argentina.gob.ar/normativa/nacional/resoluci%C3%B3n-93-2013-218161/texto,https://www.argentina.gob.ar/normativa/nacional/resoluci%C3%B3n-93-2013-218161/texto,2026-08-31,N/A_OFFICIAL_DIRECT,/research/ciclo_ajuste/inputs/historical_retrieval/v156/binaries/sigen_resolution_93_2013_gsepypf_expansion.html,5d0e6fc65fc234f0a8898101eb230e5f356da5c1cc414ab6c9b20220c80ec7dd,53566,Captura directa de fuente oficial; alcance y quiebres congelados en V156.
e0_sigen_memory_2008_plan_2009_approval_and_uai_supervision,https://www.argentina.gob.ar/sites/default/files/memoria_sigen_2008.pdf,https://www.argentina.gob.ar/sites/default/files/memoria_sigen_2008.pdf,2026-08-31,N/A_OFFICIAL_DIRECT,/research/ciclo_ajuste/inputs/historical_retrieval/v157/binaries/sigen_memoria_2008_plan_2009_approval.pdf,3f1bd12a3c5fbfb2f4bfde58f5ab30d1bc3cdb6c9072d30817536dd4aa85473c,95562,Captura directa de fuente oficial; alcance y quiebres congelados en V157.
e0_infoleg_plan_sigen_2008_target_account_horizontal_program,https://www.infoleg.gob.ar/basehome/actos_gobierno/actosdegobierno15-9-2008-5.htm,https://www.infoleg.gob.ar/basehome/actos_gobierno/actosdegobierno15-9-2008-5.htm,2026-08-31,N/A_OFFICIAL_DIRECT,/research/ciclo_ajuste/inputs/historical_retrieval/v157/binaries/infoleg_plan_sigen_2008_target_control_program.html,91753c7e150a658e41725a2ac96ed4e93b02efe70a73829d13a505e102339e6d,72528,Captura directa de fuente oficial; alcance y quiebres congelados en V157.
e0_infoleg_plan_sigen_2010_part1_risk_and_archive_digital,https://www.infoleg.gob.ar/basehome/actos_gobierno/actosdegobierno22-2-2010-1.htm,https://www.infoleg.gob.ar/basehome/actos_gobierno/actosdegobierno22-2-2010-1.htm,2026-08-31,N/A_OFFICIAL_DIRECT,/research/ciclo_ajuste/inputs/historical_retrieval/v157/binaries/infoleg_plan_sigen_2010_part_1.html,f07f1e732b03815bd98242e8d7d6ebf2f130e88ff51f045e271763c1507b16ec,68432,Captura directa de fuente oficial; alcance y quiebres congelados en V157.
e0_infoleg_plan_sigen_2010_part2_sisio_snapshot_and_account_horizontal,https://www.infoleg.gob.ar/basehome/actos_gobierno/actosdegobierno1-3-2010-1.htm,https://www.infoleg.gob.ar/basehome/actos_gobierno/actosdegobierno1-3-2010-1.htm,2026-08-31,N/A_OFFICIAL_DIRECT,/research/ciclo_ajuste/inputs/historical_retrieval/v157/binaries/infoleg_plan_sigen_2010_part_2_sisio_cutoff.html,17223ba0f0b101226100699070c8dad54d387889650d75cb9ca263462f4eb560,45281,Captura directa de fuente oficial; alcance y quiebres congelados en V157.
e0_cgn_account_2010_sigen_output_and_planning_supervision,https://www.economia.gob.ar/hacienda/cgn/cuenta/2010/tomoii/05jur20.htm,https://www.economia.gob.ar/hacienda/cgn/cuenta/2010/tomoii/05jur20.htm,2026-08-31,N/A_OFFICIAL_DIRECT,/research/ciclo_ajuste/inputs/historical_retrieval/v157/binaries/cgn_cuenta_2010_sigen_physical_output_and_planning_supervision.html,7f7c95e3c54561c4414c338f865cf7c87e3ca5d38cb12ce84c9fcffe79bda6c1,466436,Captura directa de fuente oficial; alcance y quiebres congelados en V157.
e0_res_sigen_7_2003_uai_plan_preliminary_final_approval_custody,https://servicios.infoleg.gob.ar/infolegInternet/anexos/80000-84999/81571/AnexoI.pdf,https://servicios.infoleg.gob.ar/infolegInternet/anexos/80000-84999/81571/AnexoI.pdf,2026-08-31,N/A_OFFICIAL_DIRECT,/research/ciclo_ajuste/inputs/historical_retrieval/v158/binaries/res_sigen_7_2003_planning_preliminary_final_approval_manual.pdf,8d0a7d1d85eb83a488e94b8d2bed0a7b99f9a16c8c262a21138d47d2f8b7f8a0,3516808,Captura directa de fuente oficial; alcance y quiebres congelados en V158.
e0_orsna_act_16_2008_plan_2009_approval_workflow_comparator,https://www.argentina.gob.ar/sites/default/files/acta_16.08.pdf,https://www.argentina.gob.ar/sites/default/files/acta_16.08.pdf,2026-08-31,N/A_OFFICIAL_DIRECT,/research/ciclo_ajuste/inputs/historical_retrieval/v158/binaries/orsna_act_16_2008_plan_uai_2009_workflow.pdf,fe30f4812acc77e1f3b62ef0f290d2e5efbeda719a0408d2d1f98fc19b752d58,303502,Captura directa de fuente oficial; alcance y quiebres congelados en V158.
e0_decree_2025_2008_economy_production_reorganization,https://www.argentina.gob.ar/normativa/nacional/decreto-2025-2008-147697/texto,https://www.argentina.gob.ar/normativa/nacional/decreto-2025-2008-147697/texto,2026-08-31,N/A_OFFICIAL_DIRECT,/research/ciclo_ajuste/inputs/historical_retrieval/v158/binaries/decreto_2025_2008_creation_production_ministry.html,dab8b104c9fc8a22ea7e4586daebc0b65576622e798563f7f3647a26796fcced,54630,Captura directa de fuente oficial; alcance y quiebres congelados en V158.
e0_decree_2102_2008_transitional_uai_economy_control,https://www.argentina.gob.ar/normativa/nacional/decreto-2102-2008-148088/texto,https://www.argentina.gob.ar/normativa/nacional/decreto-2102-2008-148088/texto,2026-08-31,N/A_OFFICIAL_DIRECT,/research/ciclo_ajuste/inputs/historical_retrieval/v158/binaries/decreto_2102_2008_transitional_uai_control.html,f63bc9cb7640d753bb4322e64b9407c8864f9f00ee7d9d86ec5d9c0f6a677d12,131489,Captura directa de fuente oficial; alcance y quiebres congelados en V158.
e0_cgn_account_2009_sigen_planning_supervision_count_120,https://www.economia.gob.ar/hacienda/cgn/cuenta/2009/tomoii/05jur20.htm,https://www.economia.gob.ar/hacienda/cgn/cuenta/2009/tomoii/05jur20.htm,2026-08-31,N/A_OFFICIAL_DIRECT,/research/ciclo_ajuste/inputs/historical_retrieval/v158/binaries/cgn_account_2009_sigen_planning_supervision_count.html,7ce0a2fd04ecb696aa38193215b0247b56c66159fa6a5b1216e07f8930c1206b,496643,Captura directa de fuente oficial; alcance y quiebres congelados en V158.
e0_eras_2009_supervision_report_delivery_note_and_file,https://www.argentina.gob.ar/sites/default/files/ordendia0110.pdf,https://www.argentina.gob.ar/sites/default/files/ordendia0110.pdf,2026-08-31,N/A_OFFICIAL_DIRECT,/research/ciclo_ajuste/inputs/historical_retrieval/v158/binaries/eras_order_01_2010_supervision_report_note_and_file.pdf,1ecbd11564e1b6e197080135495ffeb4ceefc9e991c4f74241331e2156c118ae,61220,Captura directa de fuente oficial; alcance y quiebres congelados en V158.
e0_sigen_memoria_2003_gsepfye_area_and_note_suffix,https://www.argentina.gob.ar/sites/default/files/memoria_sigen_2003.pdf,https://www.argentina.gob.ar/sites/default/files/memoria_sigen_2003.pdf,2026-08-31,N/A_OFFICIAL_DIRECT,/research/ciclo_ajuste/inputs/historical_retrieval/v159/binaries/sigen_memoria_2003_gsepfye_note_suffix_and_area.pdf,38c103779ea9c7ddb0ce90a47304d88ef7f23d4c527af6b9e978273d145cbe6a,32411,Captura directa de fuente oficial; alcance y quiebres congelados en V159.
e0_sigen_memoria_2004_supervision_structure_and_record_systems,https://www.argentina.gob.ar/sites/default/files/memoria_sigen_2004.pdf,https://www.argentina.gob.ar/sites/default/files/memoria_sigen_2004.pdf,2026-08-31,N/A_OFFICIAL_DIRECT,/research/ciclo_ajuste/inputs/historical_retrieval/v159/binaries/sigen_memoria_2004_supervision_structure_and_record_systems.pdf,09549bac3515e21304978f01ac5f866f1dcd8628217ed93b854ff06d309533cd,267993,Captura directa de fuente oficial; alcance y quiebres congelados en V159.
e0_sigen_memoria_2006_uai_and_output_measure_denominators,https://www.argentina.gob.ar/sites/default/files/memoria_sigen_2006.pdf,https://www.argentina.gob.ar/sites/default/files/memoria_sigen_2006.pdf,2026-08-31,N/A_OFFICIAL_DIRECT,/research/ciclo_ajuste/inputs/historical_retrieval/v159/binaries/sigen_memoria_2006_uai_universe_145.pdf,a579f8d8820cda31b79ffe02f894a077421a72db46f69d81046370edf9733f6a,38022,Captura directa de fuente oficial; alcance y quiebres congelados en V159.
e0_eras_act_09_2010_gsepypf_note_report_and_recipient_file,https://www.argentina.gob.ar/sites/default/files/contrataciones/2010/acta%200910.pdf,https://www.argentina.gob.ar/sites/default/files/contrataciones/2010/acta%200910.pdf,2026-08-31,N/A_OFFICIAL_DIRECT,/research/ciclo_ajuste/inputs/historical_retrieval/v159/binaries/eras_act_09_2010_gsepypf_note_recipient_file.pdf,23398970d1c7d82048f684295f68a3acf22b18950ce0e7f5f12b4f64abe1ce45,101924,Captura directa de fuente oficial; alcance y quiebres congelados en V159.
e0_infoleg_plan_sigen_2010_annex_g_debt_consolidation_acronyms,https://www.infoleg.gob.ar/basehome/actos_gobierno/actosdegobierno1-3-2010-1-15.JPG,https://www.infoleg.gob.ar/basehome/actos_gobierno/actosdegobierno1-3-2010-1-15.JPG,2026-08-31,N/A_OFFICIAL_DIRECT,/research/ciclo_ajuste/inputs/historical_retrieval/v160/binaries/infoleg_plan_sigen_2010_annex_g_debt_consolidation_acronyms_image15.jpg,76e9d89c4bc709d91a986ddc3cb6076f45fd9adf4fbc4131f2cc6d04aa65933a,215603,Captura directa de fuente oficial; alcance y quiebres congelados en V180.
e0_infoleg_plan_sigen_2010_annex_g_gseyp_gspf_exact_expansions,https://www.infoleg.gob.ar/basehome/actos_gobierno/actosdegobierno1-3-2010-1-16.JPG,https://www.infoleg.gob.ar/basehome/actos_gobierno/actosdegobierno1-3-2010-1-16.JPG,2026-08-31,N/A_OFFICIAL_DIRECT,/research/ciclo_ajuste/inputs/historical_retrieval/v160/binaries/infoleg_plan_sigen_2010_annex_g_supervision_area_acronyms_image16.jpg,60112d24f7a2b51586cdde106bc8459a0c85d369dcf95d3e4341dccec72a9913,222598,Captura directa de fuente oficial; alcance y quiebres congelados en V180.
e0_infoleg_plan_sigen_2010_annex_g_treasury_debt_service_acronyms,https://www.infoleg.gob.ar/basehome/actos_gobierno/actosdegobierno1-3-2010-1-17.JPG,https://www.infoleg.gob.ar/basehome/actos_gobierno/actosdegobierno1-3-2010-1-17.JPG,2026-08-31,N/A_OFFICIAL_DIRECT,/research/ciclo_ajuste/inputs/historical_retrieval/v160/binaries/infoleg_plan_sigen_2010_annex_g_treasury_debt_service_acronyms_image17.jpg,72ff17a2ca45576700d6c22b466d9e141836d6e8c915eb4db109776953592433,211937,Captura directa de fuente oficial; alcance y quiebres congelados en V180.
e0_infoleg_plan_sigen_2010_annex_h_multi_entity_uai_crosswalk,https://www.infoleg.gob.ar/basehome/actos_gobierno/actosdegobierno1-3-2010-1-19.JPG,https://www.infoleg.gob.ar/basehome/actos_gobierno/actosdegobierno1-3-2010-1-19.JPG,2026-08-31,N/A_OFFICIAL_DIRECT,/research/ciclo_ajuste/inputs/historical_retrieval/v160/binaries/infoleg_plan_sigen_2010_annex_h_multi_entity_uai_image19.jpg,ec0e27e3b71d9c9d76015084e2daaebaec444a758cbf3e80942eda3cf3959dd4,101407,Captura directa de fuente oficial; alcance y quiebres congelados en V180.
e0_decree_1366_2009_transitional_uai_economy_multi_ministry_control,https://www.argentina.gob.ar/normativa/nacional/decreto-1366-2009-158298/texto,https://www.argentina.gob.ar/normativa/nacional/decreto-1366-2009-158298/texto,2026-08-31,N/A_OFFICIAL_DIRECT,/research/ciclo_ajuste/inputs/historical_retrieval/v160/binaries/argentina_decree_1366_2009_transitional_uai_control.html,33cb6f0c8c77abff4f87c9658e7b1460801f813c2def131690f2f627f2283416,96077,Captura directa de fuente oficial; alcance y quiebres congelados en V180.
sigen_planannual_generic_cc_20081006_v167,http://www.sigen.gov.ar/plananual.asp,https://data.commoncrawl.org/crawl-001/2008/10/14/22/1224046153641_22.arc.gz,20081006152047,DVGOTYMYBIVN73RE2KQYMH3L6TXGOK33,/research/ciclo_ajuste/inputs/historical_retrieval/v167/binaries/sigen_planannual_generic_20081006.arc.gz,aa4b44de448d93e9fb0e79533439c2ed1df7b6a11896fa20fef6483672219a21,4619,Common Crawl ARC byte range offset 39320466 length 4619; official SIGEN payload; route-grammar evidence only.
sigen_planannual_2008_cc_20080705_v167,http://www.sigen.gov.ar/plananual2008.asp,https://data.commoncrawl.org/crawl-001/2008/07/22/0/1216748283503_0.arc.gz,20080705175930,MNSAM5KY7KSS3FFR2KU5WOV6SPBPJDMZ,/research/ciclo_ajuste/inputs/historical_retrieval/v167/binaries/sigen_planannual_2008_20080705.arc.gz,6506ba4ecb9b28d463d45bc62108ba06225704234c2f27da43eba3cbbe6fe444,4978,Common Crawl ARC byte range offset 96667438 length 4978; official SIGEN payload; route-grammar evidence only.
sigen_planannual_2009_wayback_20090221_v168,http://www.sigen.gov.ar:80/plananual2009.asp,https://web.archive.org/web/20090221151746id_/http://www.sigen.gov.ar:80/plananual2009.asp,20090221151746,LCFKEDKVDYP2SQZNCKHBYMGCKAVPWJKL,/research/ciclo_ajuste/inputs/historical_retrieval/v168/binaries/sigen_planannual_2009_20090221.html,665f4b67f1295096cfa8f0921b360963cc56fcdf26caed106e9aa062f3907866,23667,Wayback target page; bodies not embedded.
sigen_resolutions_index_cc_20100729_v168,http://www.sigen.gov.ar/resoluciones.asp,https://data.commoncrawl.org/crawl-002/2010/08/09/45/1281356492042_45.arc.gz,20100729123051,DS4A244X5S6LBI3BYFLBCT7TVHOSXTYL,/research/ciclo_ajuste/inputs/historical_retrieval/v168/binaries/sigen_resolutions_index_20100729.arc.gz,c9eb44dc4b260e3aba8173c8a96ccf0b02777703aff9474704d6c17390759586,5762,ARC offset 46589177 length 5762; resolution form.
sigen_normative_index_cc_20100729_v168,http://www.sigen.gov.ar/normativa.asp,https://data.commoncrawl.org/crawl-002/2010/08/09/45/1281356492042_45.arc.gz,20100729122954,TT7H7GRUEOJJCKHAYE3N2DCF6XCUNBWY,/research/ciclo_ajuste/inputs/historical_retrieval/v168/binaries/sigen_normative_index_20100729.arc.gz,f9df6c7ec242b81734446bf9b8b46e2a50ce619ddc170871c1c379403a1c6687,4451,ARC offset 46532340 length 4451; normative index.
sigen_resolutions_index_cc_20120205_v168,http://www.sigen.gov.ar/resoluciones.asp,https://data.commoncrawl.org/parse-output/segment/1346981172239/1346997034768_1883.arc.gz,20120205011945,FTP2I3VTRACH33WOWPB7GTFZNT3ZPLYD,/research/ciclo_ajuste/inputs/historical_retrieval/v168/binaries/sigen_resolutions_index_20120205.arc.gz,89d267552b9e3e6f155f812bb680b7827dfacc730b46e61263ae02ce39781bdc,6005,ARC offset 82161832 length 6005; continuity control.
infoleg_actos_gobierno_index_2008_2010_v169,https://www.infoleg.gob.ar/?page_id=842,https://www.infoleg.gob.ar/?page_id=842,2026-08-31,N/A_DIRECT_OR_QUERY_METADATA,/research/ciclo_ajuste/inputs/historical_retrieval/v169/binaries/infoleg_actos_gobierno_index_2008_2010.html,a9be89b0b86c183826ae0f08e50da250c82a6ac92b0acf6aaea26e62705796b5,76326,V180: enumera Plan SIGEN 2008 y las dos partes del Plan 2010; no enumera Plan 2009. Negativo limitado a esta superficie editorial.
wayback_sigen_planannualpdfs_late_inventory_2013_2020_v169,https://web.archive.org/cdx/search/cdx?url=www.sigen.gov.ar/documentacion/plananualpdfs/*&output=json&from=2013&to=2020&filter=statuscode:200,https://web.archive.org/cdx/search/cdx?url=www.sigen.gov.ar/documentacion/plananualpdfs/*&output=json&from=2013&to=2020&filter=statuscode:200,2026-08-31,N/A_DIRECT_OR_QUERY_METADATA,/research/ciclo_ajuste/inputs/historical_retrieval/v169/binaries/wayback_sigen_planannualpdfs_2013_2020.json,fe458c7aee86ceb2230d02095055117ad61a565b844520e7529ab180110d9200,4592,V180: 25 capturas PDF HTTP 200 correspondientes a planes 2013-2015; no contiene los 14 cuerpos 2009. No es inventario exhaustivo del servidor.
enargas_informe_anual_2009_index_v169,https://www.enargas.gob.ar/secciones/publicaciones/informes-anuales-de-balance-y-gestion/informe-anual.php?ano=informe-anual-2009,https://www.enargas.gob.ar/secciones/publicaciones/informes-anuales-de-balance-y-gestion/informe-anual.php?ano=informe-anual-2009,2026-08-31,N/A_DIRECT_OR_QUERY_METADATA,/research/ciclo_ajuste/inputs/historical_retrieval/v169/binaries/enargas_informe_anual_2009_index.html,cfebd52eba88ad607edfb47b1f84ec8bae474d83d9ce6ac2290395ee52e94540,10221,V180: autentica Capítulo I y la descarga del informe completo; fuente de proveniencia para la tabla I-11.
enargas_informe_anual_2009_capitulo1_v169,https://www.enargas.gob.ar/secciones/publicaciones/informes-anuales-de-balance-y-gestion/pdf/anuales/2009/Capitulo1.pdf,https://www.enargas.gob.ar/secciones/publicaciones/informes-anuales-de-balance-y-gestion/pdf/anuales/2009/Capitulo1.pdf,2026-08-31,N/A_DIRECT_OR_QUERY_METADATA,/research/ciclo_ajuste/inputs/historical_retrieval/v169/binaries/enargas_informe_anual_2009_capitulo1_official.pdf,41eefe2f80fa26b355ab8c54b58fa61fbf1650ee74326d89f67488fde6f8d9f5,3094747,V180: página PDF 42 / impresa 52 empareja seis Notas SIGEN con seis Actuaciones ENARGAS. La copia seccionada presenta recorte visual; texto cotejado con informe completo.
enargas_informe_anual_2009_full_mirror_v169,https://www.ariae.org/sites/default/files/2017-04/ENARGAS.IA_2009%20%20.pdf,https://www.ariae.org/sites/default/files/2017-04/ENARGAS.IA_2009%20%20.pdf,2026-08-31,N/A_DIRECT_OR_QUERY_METADATA,/research/ciclo_ajuste/inputs/historical_retrieval/v169/binaries/enargas_informe_anual_2009.pdf,e29c6ae545d829daa172bc0ae882cabffdc4308a533b79be3447c4ad459f0686,8934599,"V180: página PDF/impresa 52 permite control visual íntegro del Cuadro I-11. Autenticada por índice oficial y cotejo con capítulo oficial; ARIAE es espejo, no emisor."
commoncrawl_collection_catalog_2026_08_31_v170,https://index.commoncrawl.org/collinfo.json,https://index.commoncrawl.org/collinfo.json,2026-08-31,N/A_DIRECT_SERVICE_METADATA,/research/ciclo_ajuste/inputs/historical_retrieval/v170/binaries/commoncrawl_collection_catalog_2026_08_31.json,c82b50cd071b1491081c794b63f4399782a9dd909c0f24510951c98552dcb3a7,34947,V180: autentica 74 colecciones 2013-2020 disponibles para consulta. No contiene capturas target ni convierte errores del índice en negativos.
e0_cgn_disposition_41_1996_mandatory_entry_and_internal_pass_registry_v171,https://www.economia.gob.ar/hacienda/cgn/normas/disposiciones/1996/dis41.htm,https://www.economia.gob.ar/hacienda/cgn/normas/disposiciones/1996/dis41.htm,2026-08-31,N/A_DIRECT_TLS_CERT_EXPIRED_INSECURE_TRANSPORT,/research/ciclo_ajuste/inputs/historical_retrieval/v171/binaries/cgn_disposition_41_1996_mesa_entradas_registry.html,e5a912148b9fb0298812c1370967b8835dce00dd46b8c2ce21b3c8dab46d0475,5287,"V180: arts. 1-4 obligan ingreso por Mesa CGN, control de documentación y registro de pases en el sistema de seguimiento. Fija productor registral para una respuesta recibida en 2009; no contiene la Nota 3672/09. Descarga inicial segura falló por certificado expirado; copia preservada con excepción explícita y contenido cotejado con índice público."
e0_cgn_circular_04_2010_comdoc_transition_and_note_route_v171,https://www.economia.gob.ar/hacienda/cgn/normas/circulares/2010/cir04.htm,https://www.economia.gob.ar/hacienda/cgn/normas/circulares/2010/cir04.htm,2026-08-31,N/A_DIRECT_TLS_CERT_EXPIRED_INSECURE_TRANSPORT,/research/ciclo_ajuste/inputs/historical_retrieval/v171/binaries/cgn_circular_04_2010_comdoc_note_routes.html,6ff30b36e9743955a4e505c90d238799edb5e20eb4dba304b35a00b2f7d5b396,6381,V180: fecha la ruta COMDOC III para expedientes ministeriales desde 2010 y mantiene diversos trámites internos por Nota ante Mesa CGN. Impide exigir GDE y desaconseja usar sólo COMDOC para una nota de 2009. Descarga inicial segura falló por certificado expirado; copia preservada con excepción explícita y contenido cotejado con índice público.
e0_sigen_memory_2007_computerized_mesa_and_digital_archive_v172,https://www.argentina.gob.ar/sites/default/files/memoria_sigen_2007.pdf,https://www.argentina.gob.ar/sites/default/files/memoria_sigen_2007.pdf,2026-08-31,N/A_OFFICIAL_DIRECT_TLS_VALID,/research/ciclo_ajuste/inputs/historical_retrieval/v172/binaries/sigen_memory_2007_digital_archive_and_mesa_system.pdf,4d545f42010260fa25dbe66fd6cf7274f460531989dec41b473ae31fb6b4f1d1,87754,"V180: documenta un sistema informático de Mesa de Entradas y la Resolución SGN 41/07 para digitalización/publicación, además de clasificación del Archivo General. No nombra el producto informático, no contiene la Nota 3672/09 ni acredita que esa nota fuera digitalizada."
e0_cgn_circular_17_2005_note_subject_and_prior_reference_v172,https://www.economia.gob.ar/hacienda/cgn/normas/circulares/2005/cir17.htm,https://www.economia.gob.ar/hacienda/cgn/normas/circulares/2005/cir17.htm,2026-08-31,N/A_DIRECT_TLS_CERT_EXPIRED_INSECURE_TRANSPORT,/research/ciclo_ajuste/inputs/historical_retrieval/v172/binaries/cgn_circular_17_2005_note_reference_metadata.html,73008df0c1a699b66f077392ed1866ad7afec1418daf337d3626edcaba09b21f,5036,V180: las notas presentadas a CGN debían llevar asunto/referencia y podían consignar el número de una tramitación anterior complementada. Amplía claves para localizar 3672/09; no contiene su cuerpo ni asiento. Descarga inicial segura falló por certificado expirado; copia preservada con excepción explícita y contenido cotejado.
e0_cgn_disposition_32_2009_hybrid_mesa_submission_v172,https://www.economia.gob.ar/hacienda/cgn/normas/disposiciones/2009/disp32/disp32.htm,https://www.economia.gob.ar/hacienda/cgn/normas/disposiciones/2009/disp32/disp32.htm,2026-08-31,N/A_DIRECT_TLS_CERT_EXPIRED_INSECURE_TRANSPORT,/research/ciclo_ajuste/inputs/historical_retrieval/v172/binaries/cgn_disposition_32_2009_midyear_hybrid_submission.html,c25b2426d701bf5a69a7a80a0c284b8ddcb6241a782c8164f1306ecef44caf6b,25476,"V180: art. 15 exige original foliado, CD/disquete, nota de elevación e índice; controla integridad al recibir y prevé devolución en 72 horas. Art. 17 asigna responsabilidad por respaldo y archivo oficial. El circuito es de cierre intermedio y no prueba que se aplicara idénticamente a la Nota 3672/09. Descarga inicial segura falló por certificado expirado; copia preservada con excepción explícita y contenido cotejado."
e0_sigen_resolution_41_2007_cidd_spd_full_text_v173,https://www.argentina.gob.ar/normativa/nacional/norma-130039/texto,https://www.argentina.gob.ar/normativa/nacional/norma-130039/texto,2026-08-31,N/A_OFFICIAL_DIRECT_TLS_VALID,/research/ciclo_ajuste/inputs/historical_retrieval/v173/binaries/infoleg_sigen_resolution_41_2007_text.html,9ae2e5eb12df63e37daaa1456d3fe2131ea58bde7a4914195f80ead38b7412e9,37714,"V180: recupera el cuerpo y anexo. Identifica sistema Archivo Digital, código NOT, CIDD, SPD, control de integridad y vínculo a caja física. No contiene el registro concreto de Nota 3672/09."
e0_hcdn_bo_31194_sigen_resolution_41_2007_annexes_v173,https://www4.hcdn.gob.ar/BO/boletin07/2007-07/BO12-07-2007leg.pdf,https://www4.hcdn.gob.ar/BO/boletin07/2007-07/BO12-07-2007leg.pdf,2026-08-31,N/A_OFFICIAL_DIRECT_TLS_VALID,/research/ciclo_ajuste/inputs/historical_retrieval/v173/binaries/hcdn_bo_31194_2007_07_12_first_section.pdf,9e69a91e91810bf3613f853d080e62a73d3c0d0c891e9245bde8a284c9930e97,3695610,"V180: conserva CIDD y formulario SPD legibles. Campos: tipo NOT, número oficio/expediente, fecha, anexos, referencia, palabras clave, acceso y caja; SPD agrega archivo, tratamiento, folios y conformidades. No prueba carga del target."
e0_sigen_resolution_223_2022_annex2_gde_digital_notes_archive_v173,https://www.argentina.gob.ar/sites/default/files/2018/11/if-2022-42340125-apn-snisigen.pdf,https://www.argentina.gob.ar/sites/default/files/2018/11/if-2022-42340125-apn-snisigen.pdf,2026-08-31,N/A_OFFICIAL_DIRECT_TLS_VALID,/research/ciclo_ajuste/inputs/historical_retrieval/v173/binaries/sigen_organization_2022_mesa_gde_digital_notes_archive.pdf,74d3836f28e8ee6c2784d974e7532d495f833235fa8cddae960004be5bbb7f99,790216,V180: Mesa mantiene entradas/egresos mediante GDE y administra archivo digital de Notas SIGEN. Justifica pedir crosswalk legado→GDE/Archivo Digital; no retroproyecta un ID GDE a 2009.
e0_sigen_archiveweb_public_reports_search_schema_v173,https://www.sigen.gob.ar/archivoweb/Buscador.aspx,https://www.sigen.gob.ar/archivoweb/Buscador.aspx,2026-08-31,N/A_OFFICIAL_DIRECT_TLS_VALID,/research/ciclo_ajuste/inputs/historical_retrieval/v173/binaries/sigen_archiveweb_public_reports_search.html,e9495bda9d5e8c1ab406bc940b22aaea213f613f38c9431ced1af0d64b2b59a9,26458,"V180: interfaz filtra año, 12 tipos de informe, palabras clave y organismo; no expone tipo NOT/Nota. Un cero aquí no es negativo válido para Nota 3672/09."
e0_sigen_archiveweb_pre2009_record_id145_v173,https://www.sigen.gob.ar/ArchivoWeb/ArchivosAdjuntos_Ver.aspx?IdDocumento=145,https://www.sigen.gob.ar/ArchivoWeb/ArchivosAdjuntos_Ver.aspx?IdDocumento=145,2026-08-31,N/A_OFFICIAL_DIRECT_TLS_VALID,/research/ciclo_ajuste/inputs/historical_retrieval/v173/binaries/sigen_archiveweb_pre2009_record_id145.html,e183dca60a0a963faad65154561e5be8dd58fb3c605d74a925dfa538b5fdc700,11691,V180: prueba que la superficie actual contiene IDs y metadatos de informes previos a 2009. No demuestra que publique el universo interno ni Notas SIGEN.
e0_sigen_auditoresweb_note_2518_2009_dated_comparator_v174,https://www.sigen.gob.ar/AuditoresWeb/,https://www.sigen.gob.ar/AuditoresWeb/,2026-09-01,N/A_OFFICIAL_DIRECT_TLS_VALID,/research/ciclo_ajuste/inputs/historical_retrieval/v174/binaries/sigen_auditoresweb_note_2518_2009.html,8e94c52627edb5e0d69b0dbd82c408c8546cac67f10af7850b952cfbc728151c,71266,V180: prueba que la numeración 2009 de Notas SIGEN se conserva públicamente con fecha en otra superficie institucional. Comparador; no fija por sí solo la fecha de 3672/09.
e0_infoleg_da235_note3059_2009_recital_v174,https://www.argentina.gob.ar/normativa/nacional/norma-166842/texto,https://www.argentina.gob.ar/normativa/nacional/norma-166842/texto,2026-09-01,N/A_OFFICIAL_DIRECT_TLS_VALID,/research/ciclo_ajuste/inputs/historical_retrieval/v174/binaries/infoleg_da_235_2010_note_3059_2009.html,dff04c4ca7289651e5a21a1ff586f1b46feadd685317f5404c442a68039cc8ad,40230,V180: ubica 3059/09 en una secuencia receptora entre hechos de 13/8 y 3/9/2009; la posición narrativa no equivale a fecha exacta de emisión.
e0_infoleg_da722_note4169_2009_recital_v174,https://www.argentina.gob.ar/normativa/nacional/decisi%C3%B3n_administrativa-722-2010-173404/texto,https://www.argentina.gob.ar/normativa/nacional/decisi%C3%B3n_administrativa-722-2010-173404/texto,2026-09-01,N/A_OFFICIAL_DIRECT_TLS_VALID,/research/ciclo_ajuste/inputs/historical_retrieval/v174/binaries/infoleg_da_722_2010_note_4169_2009.html,f02d8b5301d66934ffd64b5ea34f9a37824ac43f8861aada01ec07c1411c7cd8,39536,"V180: ubica 4169/09 entre un acto de apertura del 27/10 y un dictamen del 15/12/2009; comparador contextual, no fecha exacta."
e0_eras_acta12_2009_note3832_recipient_expte828_v174,https://www.argentina.gob.ar/sites/default/files/contrataciones/2009/acta%201209.pdf,https://www.argentina.gob.ar/sites/default/files/contrataciones/2009/acta%201209.pdf,2026-09-01,N/A_OFFICIAL_DIRECT_TLS_VALID,/research/ciclo_ajuste/inputs/historical_retrieval/v174/binaries/eras_acta_12_2009_note_3832.pdf,8c800ce669b3bbe19ec8117df6da034029700d5274c88d6e60f9b93173db8788,98667,V180: correlaciona número/área/asunto de Nota SIGEN con expediente receptor 828-09 y respuesta institucional. Comparador contemporáneo de doble identificador.
e0_eras_acta01_2010_note5095_recipient_expte878_v174,https://www.argentina.gob.ar/sites/default/files/contrataciones/2010/acta%200110.pdf,https://www.argentina.gob.ar/sites/default/files/contrataciones/2010/acta%200110.pdf,2026-09-01,N/A_OFFICIAL_DIRECT_TLS_VALID,/research/ciclo_ajuste/inputs/historical_retrieval/v174/binaries/eras_acta_01_2010_note_5095.pdf,0b7fa031e9f53a8b15dba32595969c9608428bf99ff1573c9c722c5cb11bcc21,82377,"V180: correlaciona Nota 5095/2009-GSPF, asunto, distribución interna, respuesta y expediente receptor 878-09."
e0_eras_order01_2010_note5095_recipient_expte878_v174,https://www.argentina.gob.ar/sites/default/files/ordendia0110.pdf,https://www.argentina.gob.ar/sites/default/files/ordendia0110.pdf,2026-09-01,N/A_OFFICIAL_DIRECT_TLS_VALID,/research/ciclo_ajuste/inputs/historical_retrieval/v174/binaries/eras_orden_dia_01_2010_note_5095.pdf,1ecbd11564e1b6e197080135495ffeb4ceefc9e991c4f74241331e2156c118ae,61220,V180: control independiente pre-deliberación del vínculo Nota 5095/2009-GSPF → expediente receptor 878-09.
e0_argentina_decreto_1795_2009_pacios_renuncia_v175,https://www.argentina.gob.ar/normativa/nacional/norma-160448,https://www.argentina.gob.ar/normativa/nacional/norma-160448,2026-09-01,N/A_OFFICIAL_DIRECT_TLS_VALID,/research/ciclo_ajuste/inputs/historical_retrieval/v175/binaries/argentina_decreto_1795_2009_pacios_renuncia.html,cbf76d8de865fce97f2fb26937a4faa2ed7c9020337da0ee9f9d3caa8c9faa60,33171,Delimita una autoridad posible hasta el relevo; no identifica al firmante de la Nota 3672 sin su fecha o cuerpo.
e0_argentina_decreto_1796_2009_reposo_designacion_v175,https://www.argentina.gob.ar/normativa/nacional/norma-160449,https://www.argentina.gob.ar/normativa/nacional/norma-160449,2026-09-01,N/A_OFFICIAL_DIRECT_TLS_VALID,/research/ciclo_ajuste/inputs/historical_retrieval/v175/binaries/argentina_decreto_1796_2009_reposo_designacion.html,7e2cae58d83017beece911e8cc59f6a5d9919e9d1313edcefd37e751c7772eec,32962,Delimita una segunda autoridad posible desde el relevo; no permite atribuir firma sin fecha o cuerpo de la Nota 3672.
e0_argentina_decreto_759_1966_tramite_actualizado_v175,https://www.argentina.gob.ar/normativa/nacional/123084/actualizacion,https://www.argentina.gob.ar/normativa/nacional/123084/actualizacion,2026-09-01,N/A_OFFICIAL_DIRECT_TLS_VALID,/research/ciclo_ajuste/inputs/historical_retrieval/v175/binaries/argentina_decreto_759_1966_actualizado.html,3808eede740c2f0986cc3bd76198165179e6791c6b0bc0b099c22fad7a331a10,54292,"Prueba obligaciones generales de numeración única, recepción, clasificación, registro, distribución, archivo y conservación del movimiento/destino; no prueba por sí solo la fila 3672."
e0_argentina_resolucion_2600_2009_sisio_workflow_v175,https://www.argentina.gob.ar/normativa/nacional/resoluci%C3%B3n-2600-2009-163154/texto,https://www.argentina.gob.ar/normativa/nacional/resoluci%C3%B3n-2600-2009-163154/texto,2026-09-01,N/A_OFFICIAL_DIRECT_TLS_VALID,/research/ciclo_ajuste/inputs/historical_retrieval/v175/binaries/argentina_resolucion_2600_2009.html,38b9ca150241ad4e4ea7a7689dd40704f237c95ddd5c8c54c120d4a84b91d266,53893,"Prueba el flujo contemporáneo de informe preliminar/final, expediente receptor, carga en SISIO, estados y acciones encaradas; es comparador procedimental, no el registro objetivo."
e0_cgn_cuenta_2010_uepex_followup_v175,https://www.economia.gob.ar/hacienda/cgn/cuenta/2010/sep/uepex.htm,https://www.economia.gob.ar/hacienda/cgn/cuenta/2010/sep/uepex.htm,2026-09-01,DIRECT_OFFICIAL_HISTORICAL_HOST_CERTIFICATE_INVALID_OR_EXPIRED,/research/ciclo_ajuste/inputs/historical_retrieval/v175/binaries/cgn_cuenta_2010_uepex.html,87554e2a514327f06fd41692d35e4841d3f1708de08d637d8d36a08ad43a2e27,115479,"Prueba continuidad de elevación CGN→SIGEN y correcciones por reemplazo de cuadros o regularización SIDIF; no contiene las cadenas 3672, 0120/09 o SISIO."
e0_cgn_cuenta_2011_uepex_followup_v175,https://www.economia.gob.ar/hacienda/cgn/cuenta/2011/sep/uepex.htm,https://www.economia.gob.ar/hacienda/cgn/cuenta/2011/sep/uepex.htm,2026-09-01,DIRECT_OFFICIAL_HISTORICAL_HOST_CERTIFICATE_INVALID_OR_EXPIRED,/research/ciclo_ajuste/inputs/historical_retrieval/v175/binaries/cgn_cuenta_2011_uepex.html,fe91cb5dddeb344a46db71ec4833679028d6166f70e141a0a23c36288e3b1ff3,67561,"Prueba continuidad anual del mecanismo correctivo e informe a SIGEN; no contiene las cadenas 3672, 0120/09 o SISIO."
e0_cgn_cuenta_2012_uepex_followup_v175,https://www.economia.gob.ar/hacienda/cgn/cuenta/2012/sep/uepex.htm,https://www.economia.gob.ar/hacienda/cgn/cuenta/2012/sep/uepex.htm,2026-09-01,DIRECT_OFFICIAL_HISTORICAL_HOST_CERTIFICATE_INVALID_OR_EXPIRED,/research/ciclo_ajuste/inputs/historical_retrieval/v175/binaries/cgn_cuenta_2012_uepex.html,1c4e300dca6cdf334d978b585b2f6beb85f7cb8b8669853bc32ebbae3539e699,41470,"Prueba persistencia del control, regularizaciones y un informe específico a SIGEN; no atribuye resultados a Nota 3672."
e0_cgn_cuenta_2013_uepex_followup_v175,https://www.economia.gob.ar/hacienda/cgn/cuenta/2013/sep/uepex.htm,https://www.economia.gob.ar/hacienda/cgn/cuenta/2013/sep/uepex.htm,2026-09-01,DIRECT_OFFICIAL_HISTORICAL_HOST_CERTIFICATE_INVALID_OR_EXPIRED,/research/ciclo_ajuste/inputs/historical_retrieval/v175/binaries/cgn_cuenta_2013_uepex.html,066323301806c56d9a971f6f290481c4c230dc1313ced197a777605ae2f1ab6f,57243,"Prueba continuidad de sustitución de cuadros, regularización SIDIF y subsanaciones; no contiene las cadenas 3672, 0120/09 o SISIO."
e0_sigen_memoria_2009_archive_sisio_capability_v175,https://www.argentina.gob.ar/sites/default/files/memoria_sigen_2009.pdf,https://www.argentina.gob.ar/sites/default/files/memoria_sigen_2009.pdf,2026-09-01,N/A_OFFICIAL_DIRECT_TLS_VALID,/research/ciclo_ajuste/inputs/historical_retrieval/v175/binaries/sigen_memoria_2009.pdf,c10d014fc500d2fe66387944bd18a4e2c6e4137d39c85859014a07b49230ddcf,97057,"Prueba capacidad contemporánea: instrucciones para certificaciones, mejoras SISIO WEB y construcción/reordenamiento del archivo digital y general; no exhibe la Nota 3672."
e0_vlex_pjn_tocf4_sigen_remitos_2009_inventory_v175,https://ar.vlex.com/vid/principal-tribunal-oral-to01-694793069,https://ar.vlex.com/vid/principal-tribunal-oral-to01-694793069,2026-09-01,PUBLIC_JUDICIAL_REPRODUCTION_NONOFFICIAL_HOST,/research/ciclo_ajuste/inputs/historical_retrieval/v175/binaries/vlex_pjn_tocf4_cfp_2111_2010_to1_2017.html,bc733cf8af88daae86bce5d1374dd1acfff72d49163633c064b58f1e91f96692,173290,"Reproduce un inventario judicial con Nota 734 fechada, Nota 5259, rangos correlativos de remitos y avisos de recibo originales. La procedencia primaria es judicial; el host preservado no es oficial."
e0_sss_sisio_followup_2014_account2008_observation_v176,https://www.argentina.gob.ar/sites/default/files/informe_02-14_-_resolucion_15_2006_-_sgn.pdf,https://www.argentina.gob.ar/sites/default/files/informe_02-14_-_resolucion_15_2006_-_sgn.pdf,2026-09-01,N/A_OFFICIAL_DIRECT_TLS_VALID,/research/ciclo_ajuste/inputs/historical_retrieval/v176/binaries/sss_sisio_followup_2014.pdf,2b6eca65df8020e0913c7155cd1d4741cb3607fdbf55bb96b57ef73948b3653e,15361262,"Prueba una observación Cuenta de Inversión 2008 identificada por organismo, informe 04/2009, observación 5 y sector, en trámite al 31/12/2013. También prueba una fila UEPEX de 2013 con estado, motivo, hallazgo y recomendación."
e0_sss_sisio_followup_2015_account2008_observation_v176,https://www.argentina.gob.ar/sites/default/files/informe_02-15_-_resolucion_152006_-_sgn.pdf,https://www.argentina.gob.ar/sites/default/files/informe_02-15_-_resolucion_152006_-_sgn.pdf,2026-09-01,N/A_OFFICIAL_DIRECT_TLS_VALID,/research/ciclo_ajuste/inputs/historical_retrieval/v176/binaries/sss_sisio_followup_2015.pdf,d9fffbf9778249130eb35dad341841c97f4b706ae57b3e6405d9b7e87fbc7ef0,15217531,Prueba que la misma clave compuesta Cuenta 2008/Informe 04/2009/Obs.5 seguía en trámite al 29/12/2014 y que la observación UEPEX 2012 persistía al 03/06/2014.
e0_sss_sisio_followup_2016_account2008_and_uepex_disposition_v176,https://www.argentina.gob.ar/sites/default/files/informe_02-16_-_resolucion_15-2006_-_sgn_0.pdf,https://www.argentina.gob.ar/sites/default/files/informe_02-16_-_resolucion_15-2006_-_sgn_0.pdf,2026-09-01,N/A_OFFICIAL_DIRECT_TLS_VALID,/research/ciclo_ajuste/inputs/historical_retrieval/v176/binaries/sss_sisio_followup_2016.pdf,4a797ec62a538f3df050dfdab856634eeb1cf8f0d8540b62ac8b746b023a8655,21137430,"Prueba la Cuenta 2008/Obs.5 aún en trámite al 18/02/2016 y una observación UEPEX con importes, motivo y comentario de no regularizabilidad por cierre del proyecto y cuenta bancaria."
e0_sss_sisio_regularized_2017_account2008_observation_v176,https://www.argentina.gob.ar/sites/default/files/informe_no_02-17_resolucion_15-2006_sgn_anexo_iii_de_la_resolucion_73-10_sgn.pdf,https://www.argentina.gob.ar/sites/default/files/informe_no_02-17_resolucion_15-2006_sgn_anexo_iii_de_la_resolucion_73-10_sgn.pdf,2026-09-01,N/A_OFFICIAL_DIRECT_TLS_VALID,/research/ciclo_ajuste/inputs/historical_retrieval/v176/binaries/sss_sisio_regularized_2017.pdf,cec0e2007197669cb92bd58199d05f5fca0e56e56b070e28221f487184cd2e8e,1878615,Prueba que la Cuenta 2008/Informe 04/2009/Obs.5 pasó al listado de observaciones regularizadas por cumplimiento de recomendación el 30/12/2016.
e0_sigen_account2016_bid1192_high_impact_observations_v177,https://www.argentina.gob.ar/sites/default/files/informe_sigen_octubre_2017.pdf,https://www.argentina.gob.ar/sites/default/files/informe_sigen_octubre_2017.pdf,2026-09-01,N/A_OFFICIAL_DIRECT_TLS_VALID,/research/ciclo_ajuste/inputs/historical_retrieval/v177/binaries/hacienda_sigen_observations_october_2017.pdf,1df21a1cdb3bc57dbcfa299ac5c9b5e693e58ead535c338b9df70189be36011e,3214357,"Prueba observaciones recurrentes y sin acción correctiva del programa BID 1192/OC-AR, ausencia de estados 2015, información contable desactualizada desde agosto de 2014 y falta de verificación del Cuadro 13.3 pese a movimientos 2016."
e0_sigen_account2017_bid1192_high_impact_observations_v177,https://www.argentina.gob.ar/sites/default/files/informe_sigen_febrero_2019.pdf,https://www.argentina.gob.ar/sites/default/files/informe_sigen_febrero_2019.pdf,2026-09-01,N/A_OFFICIAL_DIRECT_TLS_VALID,/research/ciclo_ajuste/inputs/historical_retrieval/v177/binaries/hacienda_sigen_observations_february_2019.pdf,9cca55c35e920fd4fe290e6f069cc800166d96d3dfeafa08d00cefcd8f2ed14b,4587378,Reitera ausencia de respaldo de cierre de MP0191 y falta de estados 2015; conserva la acción Sin acción correctiva y muestra que la etiqueta recurrente puede cambiar entre compilaciones.
e0_cgn_account2019_bid1192_missing_information_accounts_v177,https://www.argentina.gob.ar/sites/default/files/separatai-ejec.presupuestaria-cuenta2019.pdf,https://www.argentina.gob.ar/sites/default/files/separatai-ejec.presupuestaria-cuenta2019.pdf,2026-09-01,N/A_OFFICIAL_DIRECT_TLS_VALID,/research/ciclo_ajuste/inputs/historical_retrieval/v177/binaries/cgn_cuenta_inversion_2019_ejecucion_presupuestaria.pdf,9078603aa0f3ad78c4a8292be5130f25fe2aece5748fe87c67a1405f18a36101,4121927,"Prueba que desde 2017 se observaban aspectos sin respuesta, que al cierre 2019 no se presentó información del programa y preserva 16 cuentas con saldos de referencia 2018 por ARS 824.861.366,21."
e0_cgn_account2011_bid1192_fondyf_trace_v178,https://www.economia.gob.ar/hacienda/cgn/cuenta/2011/archivos/sep.pdf,,,N/A_OFFICIAL_DIRECT_DOWNLOAD,/research/ciclo_ajuste/inputs/historical_retrieval/v178/binaries/cgn_cuenta_inversion_2011_separata.pdf,076932f6356fbcd1c0bea495791d43bd45d61b9340df1e17d3704fd70c2c6807,3745829,"Distingue cuentas cerradas con respaldo de MP0191, que seguía sin constancia fehaciente; preserva saldos y correcciones del BID 1192."
e0_cgn_account2012_bid1192_fondyf_trace_v178,https://www.economia.gob.ar/hacienda/cgn/cuenta/2012/archivos/sep.pdf,,,N/A_OFFICIAL_DIRECT_DOWNLOAD,/research/ciclo_ajuste/inputs/historical_retrieval/v178/binaries/cgn_cuenta_inversion_2012_separata.pdf,fb3f779356f8a8ec87e952a68fededfb818d5290cad39cf94a598a3135ad4c0c,5253124,Reitera MP0191 sin cierre certificado y que la Nota BCRA 466/1796/08 no informó si seguía activa; conserva el error arrastrado de COBINT.
e0_cgn_account2013_bid1192_fondyf_trace_v178,https://www.economia.gob.ar/hacienda/cgn/cuenta/2013/archivos/sep.pdf,,,N/A_OFFICIAL_DIRECT_DOWNLOAD,/research/ciclo_ajuste/inputs/historical_retrieval/v178/binaries/cgn_cuenta_inversion_2013_separata.pdf,229fa20f1f513f87f2b234b74537afa92cf5b3df7f05382231bf68cd34034c6a,1287636,"La Nota 88/14 atribuye MP0191 a otro programa, pero CGN observa que no justificó por qué se informó durante años como propia; preserva saldos por cuenta."
e0_cgn_account2014_bid1192_fondyf_trace_v178,https://www.economia.gob.ar/hacienda/cgn/cuenta/2014/archivos/sep.pdf,,,N/A_OFFICIAL_DIRECT_DOWNLOAD,/research/ciclo_ajuste/inputs/historical_retrieval/v178/binaries/cgn_cuenta_inversion_2014_separata.pdf,803daf3a8910f84e98e56614c3d6a3b0c4061fdd5033fa9fe2d8864a7267d15e,1348562,MP0191 desaparece del anexo sin que esa ausencia pruebe cierre; mantiene la serie de cuentas y saldos del BID 1192.
e0_cgn_account2015_bid1192_fondyf_trace_v178,https://www.economia.gob.ar/hacienda/cgn/cuenta/2015/archivos/sep.pdf,,,N/A_OFFICIAL_DIRECT_DOWNLOAD,/research/ciclo_ajuste/inputs/historical_retrieval/v178/binaries/cgn_cuenta_inversion_2015_separata.pdf,9d62211892ce99dc479a9b3f0d0d9f2f1533e5f5337408e8480564f7d12ce3d5,1377986,"Último cierre con rótulo Programa Global de Crédito; cuantifica 15 filas por ARS 482.435.943,60 y observaciones aritméticas en COBCAP/COBINT."
e0_cgn_account2016_bid1192_fondyf_trace_v178,https://www.economia.gob.ar/hacienda/cgn/cuenta/2016/archivos/sep.pdf,,,N/A_OFFICIAL_DIRECT_DOWNLOAD,/research/ciclo_ajuste/inputs/historical_retrieval/v178/binaries/cgn_cuenta_inversion_2016_separata.pdf,b4f621497ef71c289cacfbb784a08034000048ddf863226fa7a021a29e7eff28,3239008,"Primer anexo localizado con rótulo FONDYF; agrega 54451/95 y cuantifica 16 filas por ARS 676.322.549,15, con diferencias de fórmula en varias cuentas."
e0_norm_res148_2005_mypesii_addendum_v178,https://www.argentina.gob.ar/normativa/nacional/norma-104640/texto,,,N/A_OFFICIAL_DIRECT_DOWNLOAD,/research/ciclo_ajuste/inputs/historical_retrieval/v178/binaries/resolucion_148_2005_addenda_fideicomiso_mypes_ii.html,edf9b9a63da099bbaff49a5ca0a50a0c64814e4792cb696f010298ce5da21903,43306,"Identifica el contrato suscripto el 26/05/2004, a SUD Inversiones y Análisis S.A. como fiduciaria y a Credicoop y Macro Bansud como IFI; incorpora mediana empresa."
e0_norm_res967_2006_mypesii_trust_v178,https://www.argentina.gob.ar/normativa/nacional/resoluci%C3%B3n-967-2006-122923/texto,,,N/A_OFFICIAL_DIRECT_DOWNLOAD,/research/ciclo_ajuste/inputs/historical_retrieval/v178/binaries/resolucion_967_2006_fideicomiso_mypes_ii.html,e1556e309e52b8c5de5a38a57248be37f5c750dbd2d679774ef559057d37ee49,43302,Texto normativo oficial preservado sin anexo embebido; V180 recupera el anexo asociado desde el detalle oficial del Boletín Oficial.
e0_norm_decree1273_2012_fondyf_v178,https://www.argentina.gob.ar/normativa/nacional/decreto-1273-2012-200358/actualizacion,,,N/A_OFFICIAL_DIRECT_DOWNLOAD,/research/ciclo_ajuste/inputs/historical_retrieval/v178/binaries/decreto_1273_2012_fondyf_actualizado.html,26c29c6165fb266b5c3d8f9944462da7c75222310c65ce3509ba5c8903c2820f,49948,"Crea FONDYF, integra recuperos de los préstamos 643/867/1192, exime giros equivalentes a servicios desde 2011 y preserva objeto, presupuesto y transparencia."
e0_norm_res206_2012_fondyf_collaboration_v178,https://www.argentina.gob.ar/normativa/nacional/resoluci%C3%B3n-206-2012-203435/texto,,,N/A_OFFICIAL_DIRECT_DOWNLOAD,/research/ciclo_ajuste/inputs/historical_retrieval/v178/binaries/resolucion_206_2012_convenio_colaboracion_fondyf.html,3615c28788addb5bb134afd9cf38a1768f059e1a1d8a72d2c3814f4f4c0ad6fd,50364,"Extiende al FONDYF funciones del Comité FONAPYME; el modelo involucra Secretaría, Hacienda, BNA y BICE y una norma posterior afirma que se suscribió el 28/12/2012."
e0_norm_res48_2013_fondyf_bna_admin_v178,https://www.argentina.gob.ar/normativa/nacional/resoluci%C3%B3n-48-2013-211614/texto,,,N/A_OFFICIAL_DIRECT_DOWNLOAD,/research/ciclo_ajuste/inputs/historical_retrieval/v178/binaries/resolucion_48_2013_convenio_administracion_bna_fondyf.html,90f427c41f2381ed9a50486780f6efcff52c939dcb8885291c51fa5bd0d6805a,67281,"Define fondos como propiedad del FONDYF; BNA administra sin riesgo crediticio, cobra 2%, lleva legajos, informa mensualmente y recupera por instrucción; el Programa controla destino."
e0_norm_res4_2016_fondyf_assignment_v178,https://www.argentina.gob.ar/normativa/nacional/norma-258979/texto,,,N/A_OFFICIAL_DIRECT_DOWNLOAD,/research/ciclo_ajuste/inputs/historical_retrieval/v178/binaries/resolucion_4_2016_asignacion_fondyf.html,e2d769085ba4f218f350c71ed6114cc5128d9b8c7a391b4e31361e471ca33c3f,45038,Reconstruye la cadena UCP→Dirección de Asistencia Financiera→Subsecretaría y asigna desde 01/01/2016 la coordinación y ejecución del FONDYF a la Subsecretaría de Financiamiento de la Producción.
e0_norm_decree400_2019_fondyf_reform_v178,https://www.argentina.gob.ar/normativa/nacional/decreto-400-2019-323888/texto,,,N/A_OFFICIAL_DIRECT_DOWNLOAD,/research/ciclo_ajuste/inputs/historical_retrieval/v178/binaries/decreto_400_2019_reforma_fondyf.html,fbb18087ae54c45db3fd66f19ef89b81e3b1ade0fdedabeab30557f1c634a36e,41932,"Autoriza nuevos instrumentos y ejecución mediante fideicomisos de administración o financieros, exige transparencia e incorpora recursos al presupuesto anual de la Secretaría."
e0_bo_res967_2006_full_annex_contract_v179,https://www.boletinoficial.gob.ar/detalleAviso/primera/9095705/20061211?busqueda=1&anexos=1,https://www.boletinoficial.gob.ar/detalleAviso/primera/9095705/20061211?busqueda=1&anexos=1,2026-09-01,N/A_OFFICIAL_DIRECT_DOWNLOAD,/research/ciclo_ajuste/inputs/historical_retrieval/v179/binaries/bo_resolucion_967_2006_anexo_contrato_fideicomiso.pdf,0b6653618f26a044a8be5fe5e3f728d0261ca2a5b879811d36c2af5d5240c553,6811172,"Recupera el modelo contractual aprobado y sus Anexos I-V: contrato base, crédito, desembolso, garantía e indemnidad, auditores y pagaré. La Resolución menciona 74 hojas; el objeto digital contiene 99 páginas. No equivale a contraparte ejecutada ni prueba cumplimiento."
e0_bo_res967_2006_notice_endpoint_v179,https://www.boletinoficial.gob.ar/detalleAviso/primera/9095705/20061211?busqueda=1&anexos=1,https://www.boletinoficial.gob.ar/detalleAviso/primera/9095705/20061211?busqueda=1&anexos=1,2026-09-01,N/A_OFFICIAL_DIRECT_DOWNLOAD,/research/ciclo_ajuste/inputs/historical_retrieval/v179/binaries/bo_resolucion_967_2006_detalle_aviso_9095705.html,36635db71532430f9e83b730abcc7317275e534e933f0356fe19e5972c6695a2,148915,"Conserva aviso, fecha, identificador interno del anexo y llamada oficial de descarga. Es prueba de procedencia, no del cumplimiento contractual."
e0_bo_download_annex_protocol_v179,https://www.boletinoficial.gob.ar/js/downloadPdf.js,https://www.boletinoficial.gob.ar/js/downloadPdf.js,2026-09-01,N/A_OFFICIAL_DIRECT_DOWNLOAD,/research/ciclo_ajuste/inputs/historical_retrieval/v179/binaries/bo_download_pdf_protocol_2026.js,17068e5f131abc3ebabdff01f7c0b169e0b4b32b3dad6e839b2e3c429469655c,6658,"Documenta el POST /pdf/download_anexo y los parámetros seccion, nroAnexo, idAnexo y fechaPublicacion usados para recuperar el PDF oficial."
e0_norm_decree1118_2003_mypesii_trust_v179,https://www.argentina.gob.ar/normativa/nacional/decreto-1118-2003-84963/texto,https://www.argentina.gob.ar/normativa/nacional/decreto-1118-2003-84963/texto,2026-09-01,N/A_OFFICIAL_DIRECT_DOWNLOAD,/research/ciclo_ajuste/inputs/historical_retrieval/v179/binaries/decreto_1118_2003_programa_fideicomisos.html,9ebedba84f47a642575dd5aefeef9add532ed59f39713ef1452103ae8ec216e9,44366,"Prueba dos fideicomisos, integración con desembolsos y recuperos BID 643/867/1192, modelo de 9 capítulos y 28 cláusulas y control/supervisión del BCRA."
e0_norm_res347_2004_mypesii_two_ifis_v179,https://www.argentina.gob.ar/normativa/nacional/resoluci%C3%B3n-347-2004-95029/texto,https://www.argentina.gob.ar/normativa/nacional/resoluci%C3%B3n-347-2004-95029/texto,2026-09-01,N/A_OFFICIAL_DIRECT_DOWNLOAD,/research/ciclo_ajuste/inputs/historical_retrieval/v179/binaries/resolucion_347_2004_modelo_fideicomiso.html,aa764a54b6e82fd70cdf45e8959ebde3386f993aba6f8bd8816d77e98c4d87fa,39792,Prueba el cambio del modelo para permitir dos entidades financieras intermedias. El texto normalizado se publica sin anexo.
e0_norm_res389_2005_mypesii_paripassu_v179,https://www.argentina.gob.ar/normativa/nacional/resoluci%C3%B3n-389-2005-107695/texto,https://www.argentina.gob.ar/normativa/nacional/resoluci%C3%B3n-389-2005-107695/texto,2026-09-01,N/A_OFFICIAL_DIRECT_DOWNLOAD,/research/ciclo_ajuste/inputs/historical_retrieval/v179/binaries/resolucion_389_2005_modificacion_fideicomiso.html,9e9ab494ceaa40f3a92f207fb8fbdd7d9bc062ffb76860b70a57511bbf7cde34,40686,"Prueba la suscripción del 26/05/2004, modificaciones al pari passu y una comisión de compromiso a cargo de las IFI; aprobó un modelo de 89 hojas."
e0_bo_res347_2004_full_annex_contract_v180,https://www.boletinoficial.gob.ar/detalleAviso/primera/7263053/20040513?busqueda=1&anexos=1,https://www.boletinoficial.gob.ar/detalleAviso/primera/7263053/20040513?busqueda=1&anexos=1,2026-09-01,N/A_DIRECT_OR_RECORDED_NEGATIVE_QUERY,/research/ciclo_ajuste/inputs/historical_retrieval/v180/binaries/bo_resolucion_347_2004_anexo_modelo_fideicomiso.pdf,ea7dd86042808296db63d141a9346757c02a48ace83500517c1f1acc58116764,577492,Modelo aprobado: contrato y Anexos I-V; fechas y firmas de las partes en blanco. No es contraparte ejecutada.
e0_bo_res347_2004_notice_endpoint_v180,https://www.boletinoficial.gob.ar/detalleAviso/primera/7263053/20040513?busqueda=1&anexos=1,https://www.boletinoficial.gob.ar/detalleAviso/primera/7263053/20040513?busqueda=1&anexos=1,2026-09-01,N/A_DIRECT_OR_RECORDED_NEGATIVE_QUERY,/research/ciclo_ajuste/inputs/historical_retrieval/v180/binaries/bo_resolucion_347_2004_detalle_aviso_7263053.html,a157a367492bff8a882c569d5e0934ca0b2557bb5d640eb4b6d6f1bb275002e1,116603,"Prueba procedencia del anexo, no ejecución."
e0_bo_res389_2005_full_annex_contract_v180,https://www.boletinoficial.gob.ar/detalleAviso/primera/7276817/20050711?busqueda=1&anexos=1,https://www.boletinoficial.gob.ar/detalleAviso/primera/7276817/20050711?busqueda=1&anexos=1,2026-09-01,N/A_DIRECT_OR_RECORDED_NEGATIVE_QUERY,/research/ciclo_ajuste/inputs/historical_retrieval/v180/binaries/bo_resolucion_389_2005_anexo_modelo_fideicomiso.pdf,d4bc767e82bbac9ae7fa3d0774610fc4538424b8c1bfee6031144139f78a08d1,5948598,Modelo aprobado: contrato y Anexos I-III publicados; refiere IV-V sin incluirlos. Fecha y firmas de partes en blanco.
e0_bo_res389_2005_notice_endpoint_v180,https://www.boletinoficial.gob.ar/detalleAviso/primera/7276817/20050711?busqueda=1&anexos=1,https://www.boletinoficial.gob.ar/detalleAviso/primera/7276817/20050711?busqueda=1&anexos=1,2026-09-01,N/A_DIRECT_OR_RECORDED_NEGATIVE_QUERY,/research/ciclo_ajuste/inputs/historical_retrieval/v180/binaries/bo_resolucion_389_2005_detalle_aviso_7276817.html,5b0341fddf421ea2b078449e15e71c32905ed409ec129b9eca9a92ac7b91c3a4,140607,"Prueba procedencia del anexo, no ejecución."
e0_infoleg_res747_2004_guarantee_addenda_v180,https://servicios.infoleg.gob.ar/infolegInternet/anexos/100000-104999/101253/norma.htm,https://servicios.infoleg.gob.ar/infolegInternet/anexos/100000-104999/101253/norma.htm,2026-09-01,N/A_DIRECT_OR_RECORDED_NEGATIVE_QUERY,/research/ciclo_ajuste/inputs/historical_retrieval/v180/binaries/infoleg_norma_101253_addendas_fideicomiso.html,4d7579121842124c008d31b08920c2b97b4be6d754d824692bb383f67e3a91d6,12597,Acredita que el contrato y garantía se celebraron el 26/05/2004; cada IFI garantiza su propia cartera y Macro las obligaciones del fiduciario. El anexo publicado sigue siendo modelo sin firmas.
e0_agn_res023_2005_fideicomisos_publicos_v180,https://www.agn.gob.ar/sites/default/files/informes/2005_023info_0.pdf,https://www.agn.gob.ar/sites/default/files/informes/2005_023info_0.pdf,2026-09-01,N/A_DIRECT_OR_RECORDED_NEGATIVE_QUERY,/research/ciclo_ajuste/inputs/historical_retrieval/v180/binaries/agn_res023_2005_fideicomisos_publicos.pdf,dfd7d3ac057f6d4c342b6231f60066d7770d71efff880f25d5b14f1aacf729eb,397340,"Relevamiento, no auditoría de cumplimiento; registra MyPES II, contrato 26/05/2004, plazo, partes y recursos."
e0_agn_res160_2006_bid1192_fy2005_v180,https://www.agn.gob.ar/sites/default/files/informes/2006_160info_0.pdf,https://www.agn.gob.ar/sites/default/files/informes/2006_160info_0.pdf,2026-09-01,N/A_DIRECT_OR_RECORDED_NEGATIVE_QUERY,/research/ciclo_ajuste/inputs/historical_retrieval/v180/binaries/agn_res160_2006_bid1192_ejercicio2005.pdf,8dcdbf05145e3e98b2b1b55bf94057eeb27b444ceacf1452f4fbe81f26ef3d8d,413016,"Acredita por informe de auditoría fechas de instrumentos ejecutados, baja ejecución inicial, operaciones Macro, inactividad Credicoop y brechas de legajos/control. No sustituye contraparte firmada."
e0_agn_res014_2010_bid1192_fy2008_v180,https://www.agn.gob.ar/sites/default/files/informes/2010_014info_0.pdf,https://www.agn.gob.ar/sites/default/files/informes/2010_014info_0.pdf,2026-09-01,N/A_DIRECT_OR_RECORDED_NEGATIVE_QUERY,/research/ciclo_ajuste/inputs/historical_retrieval/v180/binaries/agn_res014_2010_bid1192_ejercicio2008.pdf,cc2fafdc076d0fa1cf3788b5231d8f3bc8cffd9f0bb96d116a767b817d24c6d9,538946,"Cuantifica la facilidad en pesos, tasa máxima, cierre, terminación y liquidación pendiente; dice que Res. 967/2006 no se había perfeccionado al 22/02/2008."
e0_agn_res129_2005_endpoint_gap_v180,https://www.agn.gob.ar/sites/default/files/informes/2005_129info.pdf,https://www.agn.gob.ar/sites/default/files/informes/2005_129info.pdf,2026-09-01,N/A_DIRECT_OR_RECORDED_NEGATIVE_QUERY,/research/ciclo_ajuste/inputs/historical_retrieval/v180/binaries/agn_res129_2005_current_endpoint_error.html,44512fa8043e54b55d98ca0b5fe6a2b70228cffbc138309edfca5e6ee56f4b2a,253718,Control negativo: el PDF histórico no se recupera por esta ruta; no es evidencia sustantiva.
e0_agn_res129_2005_api_query_gap_v180,https://webagnapi.agn.gob.ar/api/node/informes?filter%5Bano%5D=2005&filter%5Bresolucion%5D=129&include=informe%2Cresolucion_archivo,https://webagnapi.agn.gob.ar/api/node/informes?filter%5Bano%5D=2005&filter%5Bresolucion%5D=129&include=informe%2Cresolucion_archivo,2026-09-01,N/A_DIRECT_OR_RECORDED_NEGATIVE_QUERY,/research/ciclo_ajuste/inputs/historical_retrieval/v180/binaries/agn_api_res129_2005_bid1192.json,47e7348d1fe4ff73f42d34545e806bcf7bfd6a750a10a5ac7bd828a3680a6124,306,La migración pública no devuelve el registro; ausencia de índice no prueba ausencia del informe histórico.
e0_wayback_agn_res129_2005_cdx_gap_v180,https://web.archive.org/cdx/search/cdx?url=agn.gov.ar/sites/default/files/informes/2005_129info*&output=json,https://web.archive.org/cdx/search/cdx?url=agn.gov.ar/sites/default/files/informes/2005_129info*&output=json,2026-09-01,N/A_DIRECT_OR_RECORDED_NEGATIVE_QUERY,/research/ciclo_ajuste/inputs/historical_retrieval/v180/binaries/wayback_cdx_agn_2005_129info.json,37517e5f3dc66819f61f5a7bb8ace1921282415f10551d2defa5c3eb0985b570,3,La consulta devolvió []; no prueba inexistencia del documento.
e0_agn_api_res023_2005_metadata_v180,https://webagnapi.agn.gob.ar/api/node/informes/6e16255b-98d6-4136-8cd0-514fa9f491d7?include=informe%2Cresolucion_archivo,https://webagnapi.agn.gob.ar/api/node/informes/6e16255b-98d6-4136-8cd0-514fa9f491d7?include=informe%2Cresolucion_archivo,2026-09-01,N/A_DIRECT_OR_RECORDED_NEGATIVE_QUERY,/research/ciclo_ajuste/inputs/historical_retrieval/v180/binaries/agn_api_res023_2005.json,88408f0c302193ca0c3f9927275f719b745276d95baf4523d68b3b25cd13d692,11994,"Vincula metadata institucional, archivo, tamaño y resolución."
e0_agn_api_res160_2006_metadata_v180,https://webagnapi.agn.gob.ar/api/node/informes/6661e2fd-a341-4cb0-a884-37ae10093475?include=informe%2Cresolucion_archivo,https://webagnapi.agn.gob.ar/api/node/informes/6661e2fd-a341-4cb0-a884-37ae10093475?include=informe%2Cresolucion_archivo,2026-09-01,N/A_DIRECT_OR_RECORDED_NEGATIVE_QUERY,/research/ciclo_ajuste/inputs/historical_retrieval/v180/binaries/agn_api_res160_2006.json,543ee0175353228890f6118a84d4999e9f053b639a0ef26d69c1025b1a665a5d,12116,Vincula metadata institucional con el informe auditado.
e0_agn_api_res014_2010_metadata_v180,https://webagnapi.agn.gob.ar/api/node/informes/8651cfe0-d65b-4cf3-86be-d5e4846352a0?include=informe%2Cresolucion_archivo,https://webagnapi.agn.gob.ar/api/node/informes/8651cfe0-d65b-4cf3-86be-d5e4846352a0?include=informe%2Cresolucion_archivo,2026-09-01,N/A_DIRECT_OR_RECORDED_NEGATIVE_QUERY,/research/ciclo_ajuste/inputs/historical_retrieval/v180/binaries/agn_api_res014_2010.json,4e4c0c055679108eae09ec80f21d2d4b8e1917bba3457f355eb48d2f687530a1,12114,Vincula metadata institucional con el informe auditado.
e0_bid_ar0127_pcr_v180,https://www.iadb.org/document.cfm?id=EZSHARE-1739351788-35,https://www.iadb.org/document.cfm?id=EZSHARE-1739351788-35,2026-09-01,N/A_DIRECT_OR_RECORDED_NEGATIVE_QUERY,/research/ciclo_ajuste/inputs/historical_retrieval/v180/binaries/bid_ar0127_informe_terminacion_proyecto.pdf,2d95272775dd760eefe091e594be07c72e440cdc5249782628e3ecf72a352e5e,1037832,"Resultados, tasas, alcance, distribución y caveats; contiene inconsistencias internas que se registran y estimaciones que no se tratan como causalidad auditada."
e0_bid_ar0127_intermediate_evaluation_v180,https://www.iadb.org/document.cfm?id=EZSHARE-917344851-48,https://www.iadb.org/document.cfm?id=EZSHARE-917344851-48,2026-09-01,N/A_DIRECT_OR_RECORDED_NEGATIVE_QUERY,/research/ciclo_ajuste/inputs/historical_retrieval/v180/binaries/bid_ar0127_evaluacion_intermedia.pdf,f5d5244c3b0c14649774eb62aee00f8a15ab899dd9f19852707879375793a873,92690,Control de avance y contexto de ejecución.
e0_bid_ar0127_loan_proposal_v180,https://www.iadb.org/document.cfm?id=EZSHARE-917344851-47,https://www.iadb.org/document.cfm?id=EZSHARE-917344851-47,2026-09-01,N/A_DIRECT_OR_RECORDED_NEGATIVE_QUERY,/research/ciclo_ajuste/inputs/historical_retrieval/v180/binaries/bid_ar0127_propuesta_prestamo_407194.pdf,cf16d52f853f07b69ccc4a622a5d83d6d61724cf82e01cef344c1457217bc37c,18400,"Diseño, financiamiento, riesgos y clasificación: no proyecto de equidad social ni de reducción de pobreza según el propio documento."
e0_bcra_a4620_2007_mipymes_v180,https://www.bcra.gob.ar/pdfs/comytexord/a4620.pdf,https://www.bcra.gob.ar/pdfs/comytexord/a4620.pdf,2026-09-01,N/A_DIRECT_OR_RECORDED_NEGATIVE_QUERY,/research/ciclo_ajuste/inputs/historical_retrieval/v180/binaries/bcra_com_a4620_2007_mipymes.pdf,8ce2fcf8506ff22467344a733970ad81d3fdf7cb6fecf31842ab3cc4273ba6ba,223821,"Define costo de fondeo más administración, banda de spread, responsabilidad total IFI, riesgo crediticio, legajo, control de destino, débito y sanciones."
e0_bcra_b8920_2007_mipymes_v180,https://www.bcra.gob.ar/pdfs/comytexord/b8920.pdf,https://www.bcra.gob.ar/pdfs/comytexord/b8920.pdf,2026-09-01,N/A_DIRECT_OR_RECORDED_NEGATIVE_QUERY,/research/ciclo_ajuste/inputs/historical_retrieval/v180/binaries/bcra_com_b8920_2007_mipymes.pdf,0d8427265326b1d878bf0c6a716d9ddd48f8de97663ad9ad1bc141feca6fded8,723826,"Tasa de transferencia 2,9%, spread 0-6 pp, TNA máxima 8,9%; garantía IFI mínima 125%; comisiones/seguros afectan CFT."
e0_bcra_b8995_2007_rates_v180,https://www.bcra.gob.ar/pdfs/comytexord/b8995.pdf,https://www.bcra.gob.ar/pdfs/comytexord/b8995.pdf,2026-09-01,N/A_DIRECT_OR_RECORDED_NEGATIVE_QUERY,/research/ciclo_ajuste/inputs/historical_retrieval/v180/binaries/bcra_com_b8995_2007_tasas.pdf,60156bb571e330815349e771319994203b43a0172c8e274f8596c5b8b91b4fe9,71734,"Mantiene TNA máxima 8,9% por tres meses."
e0_bcra_b9055_2007_rates_v180,https://www.bcra.gob.ar/pdfs/comytexord/b9055.pdf,https://www.bcra.gob.ar/pdfs/comytexord/b9055.pdf,2026-09-01,N/A_DIRECT_OR_RECORDED_NEGATIVE_QUERY,/research/ciclo_ajuste/inputs/historical_retrieval/v180/binaries/bcra_com_b9055_2007_tasas.pdf,e60a68a9a519643a137724172c2dfd2d27e7c7703d95d50cb0c7581aa24139bb,71753,"Eleva transferencia y reduce spread; TNA máxima permanece 8,9%."
e0_bcra_b9056_2007_suspension_v180,https://www.bcra.gob.ar/pdfs/comytexord/b9056.pdf,https://www.bcra.gob.ar/pdfs/comytexord/b9056.pdf,2026-09-01,N/A_DIRECT_OR_RECORDED_NEGATIVE_QUERY,/research/ciclo_ajuste/inputs/historical_retrieval/v180/binaries/bcra_com_b9056_2007_suspension.pdf,475c1cd5f3d7f34e1f3e8519af43a48770f84a3b481a4efbce6fa3d9508f4e0b,71641,Suspende nuevos proyectos porque los recursos estaban totalmente comprometidos.
e0_bcra_b9123_2007_rates_v180,https://www.bcra.gob.ar/pdfs/comytexord/b9123.pdf,https://www.bcra.gob.ar/pdfs/comytexord/b9123.pdf,2026-09-01,N/A_DIRECT_OR_RECORDED_NEGATIVE_QUERY,/research/ciclo_ajuste/inputs/historical_retrieval/v180/binaries/bcra_com_b9123_2007_tasas.pdf,e0c5a4467dbae389d99e911d708b1deb54fbe7a497e1d3d62cd3b9308b502560,71747,"Mantiene TNA máxima 8,9%; no convierte CFT en TNA."
e0_bcra_ordered_text_mipymes_comparator_v180,https://www.bcra.gob.ar/pdfs/texord/t-crpyme.pdf,https://www.bcra.gob.ar/pdfs/texord/t-crpyme.pdf,2026-09-01,N/A_DIRECT_OR_RECORDED_NEGATIVE_QUERY,/research/ciclo_ajuste/inputs/historical_retrieval/v180/binaries/bcra_texto_ordenado_programa_credito_mipymes.pdf,ec4cb243a456610f6b8ce0ea2d178ebba01e6e613598f37bca4e284230c07bb0,321037,Comparador normativo de programas relacionados; no se transpone automáticamente a cada tramo del fideicomiso o la facilidad.
e0_macro_20f_2007_mypes_collateral_v181,https://www.macro.com.ar/relaciones-inversores/documento/1493316419832/bma_20f_2007_eng.pdf,https://www.macro.com.ar/relaciones-inversores/documento/1493316419832/bma_20f_2007_eng.pdf,2026-09-01,N/A_OFFICIAL_DIRECT_DOWNLOAD,/research/ciclo_ajuste/inputs/historical_retrieval/v181/binaries/banco_macro_20f_2007.pdf,9950041285e3a8e636f09ec120b183c9db9934245c637d08c3715a1e2239afdd,1849779,En miles de pesos: préstamos afectados a MyPES II 19.241 en 2006 y 12.801 en 2007. El valor 18.634 de activos administrados usa una base distinta y no se suma ni resta a la garantía.
e0_macro_20f_2009_mypes_collateral_v181,https://www.macro.com.ar/relaciones-inversores/documento/1517358335677/bma_20f_2009_eng.pdf,https://www.macro.com.ar/relaciones-inversores/documento/1517358335677/bma_20f_2009_eng.pdf,2026-09-01,N/A_OFFICIAL_DIRECT_DOWNLOAD,/research/ciclo_ajuste/inputs/historical_retrieval/v181/binaries/banco_macro_20f_2009.pdf,5e74c787a985c8eaf1250efa2e98c1fc900df8ca88c3565b5fc61ef67f266c15,1813257,"En miles de pesos: préstamos afectados a MyPES II 20.367 en 2008 y 9.876 en 2009; prueba garantía contable, no comisión ni utilidad."
e0_macro_20f_2010_mypes_collateral_v181,https://www.macro.com.ar/relaciones-inversores/documento/1517358335382/bma_20f_2010_eng.pdf,https://www.macro.com.ar/relaciones-inversores/documento/1517358335382/bma_20f_2010_eng.pdf,2026-09-01,N/A_OFFICIAL_DIRECT_DOWNLOAD,/research/ciclo_ajuste/inputs/historical_retrieval/v181/binaries/banco_macro_20f_2010.pdf,2914cac0e23d84637f4fa81aaad85514fef18bdcdf37768a9953ef7ada338aa9,1815120,En miles de pesos: préstamos afectados a MyPES II 9.876 en 2009 y 2.599 en 2010.
e0_macro_20f_2011_mypes_collateral_v181,https://www.macro.com.ar/relaciones-inversores/documento/1517358335198/bma_20f_2011_eng.pdf,https://www.macro.com.ar/relaciones-inversores/documento/1517358335198/bma_20f_2011_eng.pdf,2026-09-01,N/A_OFFICIAL_DIRECT_DOWNLOAD,/research/ciclo_ajuste/inputs/historical_retrieval/v181/binaries/banco_macro_20f_2011.pdf,4fc6b68eee42f64c68b0f8a5500354cd55fc4444cbe1e15aa552b621894f3cef,2139688,En miles de pesos: préstamos afectados a MyPES II 2.599 en 2010 y 163 en 2011; no informa el reclamo administrativo posterior de 2014.
e0_sec_macro_20f_2012_restricted_assets_v181,https://www.sec.gov/Archives/edgar/data/1347426/000119312513178117/d526406d20f.htm,https://www.sec.gov/Archives/edgar/data/1347426/000119312513178117/d526406d20f.htm,2026-09-01,N/A_OFFICIAL_DIRECT_DOWNLOAD,/research/ciclo_ajuste/inputs/historical_retrieval/v181/binaries/sec_banco_macro_20f_2012.html,3d660683472f94a9bf6556480a9ccd4825e7d1bf00fd4d0ed860dc675ecb09cc,5974426,La nota de activos restringidos muestra Loans/Other 163 para 2011 y cero para 2012. MyPES no se nombra expresamente; la identificación del comparativo surge del 20-F 2011. No prueba extinción de una obligación por comisión.
e0_sec_macro_20f_2013_contingency_control_v181,https://www.sec.gov/Archives/edgar/data/1347426/000119312514167653/d713664d20f.htm,https://www.sec.gov/Archives/edgar/data/1347426/000119312514167653/d713664d20f.htm,2026-09-01,N/A_OFFICIAL_DIRECT_DOWNLOAD,/research/ciclo_ajuste/inputs/historical_retrieval/v181/binaries/sec_banco_macro_20f_2013.html,a669cca15f659987216b8697ec0fc9a5493a565d0f68dcbc6e6ecad611f12142,4342755,"Control posterior: sin mención exacta MyPES/Macro Fiducia/Resolución 1406. La ausencia puede obedecer a materialidad, agrupación o alcance y no prueba inexistencia de reclamo."
e0_sec_macro_20f_2014_contingency_control_v181,https://www.sec.gov/Archives/edgar/data/1347426/000119312515152311/d912561d20f.htm,https://www.sec.gov/Archives/edgar/data/1347426/000119312515152311/d912561d20f.htm,2026-09-01,N/A_OFFICIAL_DIRECT_DOWNLOAD,/research/ciclo_ajuste/inputs/historical_retrieval/v181/binaries/sec_banco_macro_20f_2014.html,4835aa6c08c41ebeb419c03bae2a8fae5bb9454b9606e0c71dbf22711710c881,4381710,"Control contemporáneo: sin mención exacta MyPES/Macro Fiducia/Resolución 1406; no sustituye el acto, el recurso ni el análisis de materialidad contable."
e0_sec_macro_20f_2015_contingency_control_v181,https://www.sec.gov/Archives/edgar/data/1347426/000119312516563512/d176736d20f.htm,https://www.sec.gov/Archives/edgar/data/1347426/000119312516563512/d176736d20f.htm,2026-09-01,N/A_OFFICIAL_DIRECT_DOWNLOAD,/research/ciclo_ajuste/inputs/historical_retrieval/v181/binaries/sec_banco_macro_20f_2015.html,62ac146b10556f4df6c086952d65e9184e016bc569a1560dab1f1ed234dfd6a7,4655828,"Control posterior: sin mención exacta MyPES/Macro Fiducia/Resolución 1406. No prueba pago, rechazo ni falta de provisión específica."
e0_sec_macro_submission_index_v181,https://data.sec.gov/submissions/CIK0001347426.json,https://data.sec.gov/submissions/CIK0001347426.json,2026-09-01,N/A_OFFICIAL_DIRECT_DOWNLOAD,/research/ciclo_ajuste/inputs/historical_retrieval/v181/binaries/sec_banco_macro_submissions_2026-09-01.json,f4f2db3d4ff1bdd162d9712099ee91ae8d1136c352913917f31cd23ea75bdec3,163773,"Enumera la serie 20-F y sus accessions; es prueba de procedencia, no del contenido sustantivo de cada presentación."
e0_bcra_nonfinancial_entities_2011s2_mypes_v181,https://www.bcra.gob.ar/archivos/Pdfs/PublicacionesEstadisticas/EntidadesNo/enf022011.pdf,https://www.bcra.gob.ar/archivos/Pdfs/PublicacionesEstadisticas/EntidadesNo/enf022011.pdf,2026-09-01,N/A_OFFICIAL_DIRECT_DOWNLOAD,/research/ciclo_ajuste/inputs/historical_retrieval/v181/binaries/bcra_entidades_no_financieras_2011_s2.pdf,8c84f1025ee12a2fc4c16b0a4f40bf57dcb296d62bea55cd5e15d44d4490afb2,3011265,"Identifica Macro Fiducia S.A. y deuda total en miles de pesos: 3.331,10 (dic-2010), 630,30 (jun-2011) y 39,60 (dic-2011), un registro, 100% situación normal."
e0_bcra_nonfinancial_entities_2012s1_registry_exit_v181,https://www.bcra.gob.ar/archivos/Pdfs/Publicaciones/EntidadesNo/enf012012.pdf,https://www.bcra.gob.ar/archivos/Pdfs/Publicaciones/EntidadesNo/enf012012.pdf,2026-09-01,N/A_OFFICIAL_DIRECT_DOWNLOAD,/research/ciclo_ajuste/inputs/historical_retrieval/v181/binaries/bcra_entidades_no_financieras_2012_s1.pdf,cf66a40f292bc464e832482af260ce51132fe59d0f9f75afb9241c2ebbedc1cf,2631557,"En el índice alfabético MyPES II ya no aparece entre Mercobank y Nues. Prueba ausencia en esa publicación, no por sí sola acto jurídico de liquidación o baja."
e0_cgn_account2020_bid1192_zero_uncertified_closure_v182,https://www.argentina.gob.ar/sites/default/files/cuenta2020-separatai-anexo-4.21-mdp.xlsx,https://www.argentina.gob.ar/sites/default/files/cuenta2020-separatai-anexo-4.21-mdp.xlsx,2026-09-01,N/A_OFFICIAL_OR_RECORDED_QUERY,/research/ciclo_ajuste/inputs/historical_retrieval/v182/binaries/cgn_account_2020_annex_4_21_mdp.xlsx,3e46ba3b82a1ee18c643c2baa62773506b9ce84cf70cd5f12aa72918be3e6097,18116,"BID 1192 (FONDIF) presenta saldo inicial, entradas, salidas y saldo final en cero. La nota (3) exige separar cero financiero de cierre definitivo."
e0_cgn_account2020_bid1192_notes_uncertified_closure_v182,https://www.argentina.gob.ar/sites/default/files/cuenta2020-separatai-anexo-4.21-notas.pdf,https://www.argentina.gob.ar/sites/default/files/cuenta2020-separatai-anexo-4.21-notas.pdf,2026-09-01,N/A_OFFICIAL_OR_RECORDED_QUERY,/research/ciclo_ajuste/inputs/historical_retrieval/v182/binaries/cgn_account_2020_annex_4_21_notes.pdf,e3dad6c9269af0100ea04a8c82cbad7362a4169ee5800dc887d39ba687d4c827,66263,"Nota 3: el proyecto no informó transacciones en 2020, pero seguía incluido porque no se había certificado su cierre definitivo."
e0_cgn_account2020_bank_accounts_mypes_absence_v182,https://www.argentina.gob.ar/sites/default/files/cuenta2020-separatai-anexo-4.37-cuentas_bancarias.xlsx,https://www.argentina.gob.ar/sites/default/files/cuenta2020-separatai-anexo-4.37-cuentas_bancarias.xlsx,2026-09-01,N/A_OFFICIAL_OR_RECORDED_QUERY,/research/ciclo_ajuste/inputs/historical_retrieval/v182/binaries/cgn_account_2020_annex_4_37_bank_accounts.xlsx,ebecb094065701a6413dff928b02ab658d3c4033cc444cbe5124078e9fbd427f,29979,"No contiene coincidencias textuales para BID 1192, MyPES, MY 4002, MYUEC, COBCAP o COBINT. Ausencia de publicación, no certificado de cierre."
e0_cgn_account2021_mdp_bid1192_absence_v182,https://www.argentina.gob.ar/sites/default/files/cuenta2021-separatai-anexo-4.20.xlsx,https://www.argentina.gob.ar/sites/default/files/cuenta2021-separatai-anexo-4.20.xlsx,2026-09-01,N/A_OFFICIAL_OR_RECORDED_QUERY,/research/ciclo_ajuste/inputs/historical_retrieval/v182/binaries/cgn_account_2021_annex_4_20_mdp.xlsx,876937ffab440737e39713ae8b6086a55c0bc9b91ce280b9cabc7b4a871657e8,17713,El BID 1192 ya no integra las columnas del SAF 362. La desaparición posterior al cero 2020 no prueba por sí sola extinción jurídica ni destino de saldos históricos.
e0_cgn_account2021_mdp_notes_v182,https://www.argentina.gob.ar/sites/default/files/cuenta2021-separatai-anexo-4.20-notas.pdf,https://www.argentina.gob.ar/sites/default/files/cuenta2021-separatai-anexo-4.20-notas.pdf,2026-09-01,N/A_OFFICIAL_OR_RECORDED_QUERY,/research/ciclo_ajuste/inputs/historical_retrieval/v182/binaries/cgn_account_2021_annex_4_20_notes.pdf,4ad75591a8f36077b694090a642eed1883fe074235e1ad256e8f337748e7331e,87810,Las notas ilustran que CGN exige documentación específica para certificar finalización y ausencia de deudas en otros componentes; no contienen esa certificación para BID 1192.
e0_cgn_account2021_bank_accounts_mypes_absence_v182,https://www.argentina.gob.ar/sites/default/files/cuenta2021-separatai-anexo-4.35-cuentas-bancarias.xlsx,https://www.argentina.gob.ar/sites/default/files/cuenta2021-separatai-anexo-4.35-cuentas-bancarias.xlsx,2026-09-01,N/A_OFFICIAL_OR_RECORDED_QUERY,/research/ciclo_ajuste/inputs/historical_retrieval/v182/binaries/cgn_account_2021_annex_4_35_bank_accounts.xlsx,74d32dec5bfd114599018c1320791fabdcb7acebddcfc2cfbe7acaab9887f3c7,508295,"En la hoja ctas A1:P1041 no hay coincidencias textuales para BID 1192, MyPES, MY 4002, MYUEC, COBCAP o COBINT."
e0_infoleg_res1406_2014_labor_negative_identity_v182,https://www.argentina.gob.ar/normativa/nacional/resoluci%C3%B3n-1406-2014-235340/texto,https://www.argentina.gob.ar/normativa/nacional/resoluci%C3%B3n-1406-2014-235340/texto,2026-09-01,N/A_OFFICIAL_OR_RECORDED_QUERY,/research/ciclo_ajuste/inputs/historical_retrieval/v182/binaries/infoleg_resolution_1406_2014_labor_negative_comparator.html,7fdc17e7839557dc3267a0fb9433727d343863d6012791b77e4666f68feeed29,45970,La Resolución 1406/2014 publicada es laboral (Secretaría de Trabajo; APUAYE/Transcomahue) y no es el acto MyPES referido por SIGEN. Apunta a una serie interna o no publicada distinta.
e0_sigen_archive_cuenta2018_record_v182,https://www.sigen.gob.ar/archivoweb/ArchivosAdjuntos_Ver.aspx?IdDocumento=201921,https://www.sigen.gob.ar/archivoweb/ArchivosAdjuntos_Ver.aspx?IdDocumento=201921,2026-09-01,N/A_OFFICIAL_OR_RECORDED_QUERY,/research/ciclo_ajuste/inputs/historical_retrieval/v182/binaries/sigen_archive_record_cuenta_2018_201921.html,2adb4d59a4f7572e8b076743bf33b2f1034695aa2db8397f4a5485ce2271e80b,11989,"Prueba la ficha 201921; la página pública expone metadatos, pero no enlace de adjunto recuperable."
e0_sigen_archive_cuenta2019_record_v182,https://www.sigen.gob.ar/archivoweb/ArchivosAdjuntos_Ver.aspx?IdDocumento=204917,https://www.sigen.gob.ar/archivoweb/ArchivosAdjuntos_Ver.aspx?IdDocumento=204917,2026-09-01,N/A_OFFICIAL_OR_RECORDED_QUERY,/research/ciclo_ajuste/inputs/historical_retrieval/v182/binaries/sigen_archive_record_cuenta_2019_204917.html,5b84c00f061053b54f09bdf71e5105bde963089792f9d9c7579f02f750c2de22,12217,"Prueba la ficha 204917; la página pública expone metadatos, pero no enlace de adjunto recuperable."
e0_sigen_archive_cuenta2020_record_v182,https://www.sigen.gob.ar/archivoweb/ArchivosAdjuntos_Ver.aspx?IdDocumento=207827,https://www.sigen.gob.ar/archivoweb/ArchivosAdjuntos_Ver.aspx?IdDocumento=207827,2026-09-01,N/A_OFFICIAL_OR_RECORDED_QUERY,/research/ciclo_ajuste/inputs/historical_retrieval/v182/binaries/sigen_archive_record_cuenta_2020_207827.html,6cdb9848b9ea6591ef6a660d185645d448d913498b486dd6929968aed43a7626,12815,"Prueba la ficha 207827; la página pública expone metadatos, pero no enlace de adjunto recuperable."
e0_wayback_sigen_attachment_78595142_negative_control_v182,http://www.sigen.gob.ar/archivoweb/ArchivoAdjunto_Ver.aspx?IdA=78595142,http://www.sigen.gob.ar/archivoweb/ArchivoAdjunto_Ver.aspx?IdA=78595142,2026-09-01,N/A_OFFICIAL_OR_RECORDED_QUERY,/research/ciclo_ajuste/inputs/historical_retrieval/v182/binaries/wayback_sigen_attachment_78595142_cnrt_iesci_2011_negative_control.pdf,15ec88ad02c26fef73c7d08a0b8819ac1a0baeb52441f402f8c8008aa66a5a5b,5858891,Único adjunto capturado hallado por la consulta CDX exploratoria; corresponde a CNRT/IESCI 2011 y no a MyPES. Se conserva para impedir una atribución errónea.
e0_wayback_sigen_attachment_cdx_provenance_v182,https://web.archive.org/cdx/search/cdx?url=www.sigen.gob.ar/archivoweb/ArchivoAdjunto_Ver.aspx%3FIdA%3D*&from=2019&to=2022&output=json&filter=statuscode:200&filter=mimetype:application/pdf&collapse=digest,https://web.archive.org/cdx/search/cdx?url=www.sigen.gob.ar/archivoweb/ArchivoAdjunto_Ver.aspx%3FIdA%3D*&from=2019&to=2022&output=json&filter=statuscode:200&filter=mimetype:application/pdf&collapse=digest,2026-09-01,N/A_OFFICIAL_OR_RECORDED_QUERY,/research/ciclo_ajuste/inputs/historical_retrieval/v182/binaries/wayback_cdx_sigen_attachment_query_2026-09-01.json,8a203b8f32ac4bfb4d1920e1f4dc9e8e4b2e3633a16a52824c0ee9b0562a4fc5,184,Devuelve un único digest/captura para el adjunto 78595142; no prueba inexistencia de otros binarios fuera de la cobertura de Wayback.
e0_wayback_sigen_detail_cdx_negative_v182,https://web.archive.org/cdx/search/cdx?url=www.sigen.gob.ar/archivoweb/ArchivosAdjuntos_Ver.aspx%3FIdDocumento%3D*&output=json&filter=statuscode:200&collapse=digest,https://web.archive.org/cdx/search/cdx?url=www.sigen.gob.ar/archivoweb/ArchivosAdjuntos_Ver.aspx%3FIdDocumento%3D*&output=json&filter=statuscode:200&collapse=digest,2026-09-01,N/A_OFFICIAL_OR_RECORDED_QUERY,/research/ciclo_ajuste/inputs/historical_retrieval/v182/binaries/wayback_cdx_sigen_detail_query_2026-09-01.json,37517e5f3dc66819f61f5a7bb8ace1921282415f10551d2defa5c3eb0985b570,3,"La consulta guardada devuelve []; es un negativo de cobertura, no prueba de que las fichas o adjuntos nunca existieron."
e0_cgn_account2005_separata_my4002_negative_boundary_v183,https://www.economia.gob.ar/hacienda/cgn/cuenta/2005/archivos/sep.pdf,https://www.economia.gob.ar/hacienda/cgn/cuenta/2005/archivos/sep.pdf,2026-09-01,N/A_OFFICIAL_DIRECT_DOWNLOAD,/research/ciclo_ajuste/inputs/historical_retrieval/v183/binaries/cgn_cuenta_inversion_2005_separata.pdf,f2ecba5bbcf261c55da662922256233f3cae3429ee4dc78c18847d97b8218350,804312,La búsqueda textual integral no localiza MY4002. La ausencia no prueba inexistencia; las Cuentas 2006/2007 dicen retrospectivamente que el saldo informado al cierre 2005 era cero.
e0_cgn_account2006_my4002_retrospective_zero_v183,https://www.economia.gob.ar/hacienda/cgn/cuenta/2006/archivos/sep.pdf,https://www.economia.gob.ar/hacienda/cgn/cuenta/2006/archivos/sep.pdf,2026-09-01,N/A_OFFICIAL_DIRECT_DOWNLOAD,/research/ciclo_ajuste/inputs/historical_retrieval/v183/binaries/cgn_cuenta_inversion_2006_separata.pdf,54b22097f3a025c24cec51e8c6d0cb146975f511da46e66c9ebbc92d8cd3354a,516840,Página PDF 116: MY4002 aparece en cero; el programa no presentó información 2006 y se expusieron saldos al 31/12/2005.
e0_cgn_account2007_my4002_retrospective_zero_v183,https://www.economia.gob.ar/hacienda/cgn/cuenta/2007/archivos/Sep2017.pdf,https://www.economia.gob.ar/hacienda/cgn/cuenta/2007/archivos/Sep2017.pdf,2026-09-01,N/A_OFFICIAL_DIRECT_DOWNLOAD,/research/ciclo_ajuste/inputs/historical_retrieval/v183/binaries/cgn_cuenta_inversion_2007_separata.pdf,8003f768e1d0cb8dc697ce4d2f3c1838e54758c0a7be5a1477e6b0366e85a450,5378371,"Página PDF 125: MY4002 aparece en cero; no hubo información financiera 2007 y se arrastró la última presentación, correspondiente a 2005."
e0_cgn_account2010_my4002_account_row_v183,https://www.economia.gob.ar/hacienda/cgn/cuenta/2010/archivos/sep.pdf,https://www.economia.gob.ar/hacienda/cgn/cuenta/2010/archivos/sep.pdf,2026-09-01,N/A_OFFICIAL_DIRECT_DOWNLOAD,/research/ciclo_ajuste/inputs/historical_retrieval/v183/binaries/cgn_cuenta_inversion_2010_separata.pdf,80739ff37567dd12eb96ba780ba86210280460a33dba0f6ec5ec380cc5aad6c2,1058290,"Página PDF 194: MY4002 termina en ARS 52.580,35 y moneda extranjera 13.358,83, igual al saldo según extracto; no identifica contraparte del movimiento."
e0_cgn_account2017_my4002_stable_foreign_balance_v183,https://www.mecon.gob.ar/hacienda/cgn/cuenta/2017/archivos/Sep2017.pdf,https://www.mecon.gob.ar/hacienda/cgn/cuenta/2017/archivos/Sep2017.pdf,2026-09-01,N/A_OFFICIAL_DIRECT_DOWNLOAD,/research/ciclo_ajuste/inputs/historical_retrieval/v183/binaries/cgn_cuenta_inversion_2017_separata.pdf,086fc5fdeed3ef6a6df01c3ee21bb951d6b15abf0cf2e95268676f2eed759962,3472571,"Página PDF 245: MY4002 pasa de ARS 214.504,78 a 251.985,38, mientras el saldo en moneda extranjera y según extracto permanece en 13.584,85."
e0_cgn_account2018_my4002_uepex_zero_unsupported_reconstruction_v183,https://www.mecon.gob.ar/hacienda/cgn/cuenta/2018/archivos/Separata%20Ejecucion%20Presupuestaria%202018.pdf,https://www.mecon.gob.ar/hacienda/cgn/cuenta/2018/archivos/Separata%20Ejecucion%20Presupuestaria%202018.pdf,2026-09-01,N/A_OFFICIAL_DIRECT_DOWNLOAD,/research/ciclo_ajuste/inputs/historical_retrieval/v183/binaries/cgn_cuenta_inversion_2018_separata.pdf,a13544f8b1aa02cb4e9ee694c1942f230494ed5080962c2f72bf294fb35c3a02,3702415,"Página PDF 249: registros exponen ARS 569.350,57 / ME 15.182,68, pero UEPEX declaró cero y el resumen aportado carecía de membrete, sello bancario y fecha verificable; no es extracto BCRA ni prueba de pago bancario."
