id,tema,institucion,titulo,url_original,archivo_local,fecha_descarga,fecha_publicacion,codigo_serie,periodo_utilizado,tipo,sha256,nota
bcra_iif_1s2024_ahorro_ph,ahorro_hogares,BCRA,Informe de Inclusión Financiera · primer semestre 2024,https://www.bcra.gob.ar/publicaciones/informe-de-inclusion-financiera-primer-semestre-2024/,/data/fuentes/ciclo_ajuste/backfill_v96_round3/bcra_iif_1s2024_ahorro_ph.pdf,2026-08-28,,,2023-12/2024-06,PDF oficial · binario preservado,d86e20fd424bdd1790fda2d9b262258846bb9a6d3ba2555cd74d46d8916a7798,"Stock ahorro/inversión PH: -20,6% real vs dic-2023; plazo fijo y composición. Backfill V96 round3: binario recuperado 2026-08-28T20:00:25.5091687Z; 2122951 bytes; method=curl.exe; direct_url=https://www.bcra.gob.ar/archivos/pdfs/PublicacionesEstadisticas/Informe-inclusion-%20financiera-octubre-24.pdf; tls=SCHANNEL_DEFAULT_SSL_NO_REVOKE."
bcra_iif_2s2024_ahorro_ph,ahorro_hogares,BCRA,Informe de Inclusión Financiera · segundo semestre 2024,https://www.bcra.gob.ar/publicaciones/informe-de-inclusion-financiera-segundo-semestre-del-2024/,/data/fuentes/ciclo_ajuste/backfill_v96_round3/bcra_iif_2s2024_ahorro_ph.pdf,2026-08-28,,,2024-06/2024-12,PDF oficial · binario preservado,1a93f4c386a1be093656ae21a2949224569ef73cc40631a6e71ca85f7eb5e5ad,"Recomposición agregada: +21,7% semestral y +5,5% interanual; composición y regularización de activos. Backfill V96 round3: binario recuperado 2026-08-28T20:00:28.7383257Z; 2319050 bytes; method=Invoke-WebRequest; direct_url=https://www.bcra.gob.ar/archivos/Pdfs/PublicacionesEstadisticas/Informe-inclusion-financiera-abril-25.pdf; tls=WINDOWS_DEFAULT."
bcra_iif_2s2025_ahorro_ph,ahorro_hogares,BCRA,Informe de Inclusión Financiera · segundo semestre 2025,https://www.bcra.gob.ar/publicaciones/informe-de-inclusion-financiera-segundo-semestre-de-2025/,/data/fuentes/ciclo_ajuste/backfill_v96_round3/bcra_iif_2s2025_ahorro_ph.pdf,2026-08-28,2026-04-30,,2025-12,PDF oficial · binario preservado,791835603eaf4d31bf637cccc72f8d5ee1e18e8545ddf66cd248bb2ddd12d311,"Stock PH 10,4% PIB; +12,4% real i.a.; cobertura y profundidad del ahorro. Backfill V96 round3: binario recuperado 2026-08-28T20:00:30.3078964Z; 1877423 bytes; method=Invoke-WebRequest; direct_url=https://www.bcra.gob.ar/archivos/Pdfs/publicacionesestadisticas/informes/informe-inclusion-financiera-2026-04.pdf; tls=WINDOWS_DEFAULT."
indec_estrategias_manutencion_2025,ahorro_hogares,INDEC,Estrategias de manutención: ¿cómo organizan su economía los hogares argentinos?,https://www.indec.gob.ar/ftp/cuadros/publicaciones/dosier_estrategias_manutencion_2025.pdf,/data/fuentes/hogares/indec/indec_estrategias_manutencion_2025.pdf,2026-08-28,2025-11,,2018 y 2023-2025,PDF oficial · binario preservado,76d22a3aaca2cbbb4a1e2de81e578926d9791f9b7f322487edd79fbf00475ae6,"Uso de ahorros, préstamos, cuotas/fiado y ayudas; apertura por estrato de ingresos. Backfill V96: binario local validado por magic bytes + SHA-256; 1836179 bytes; metodo=curl.exe; TLS=SCHANNEL_DEFAULT_SSL_NO_REVOKE."
afip_recaudacion_aporte_2021,aporte_solidario,AFIP,Informe de recaudación · 4° trimestre 2021,https://contenidos.afip.gob.ar/institucional/estudios/archivos/informe-4-trimestre-2021.pdf,/data/fuentes/grandes_fortunas/aporte_solidario/afip_informe_recaudacion_4t_2021.pdf,2026-08-20,2022,Aporte Solidario,2021,PDF oficial,f7789a3753a49bad480b6b44105cd10bcc76f62d5b9252ac3976587128c6341a,$248.006 M recaudados en el año 2021
aporte_solidario_informe_final,aporte_solidario,Ministerio de Economía,Aporte Solidario y Extraordinario · informe final al 17/12/2021,https://www.argentina.gob.ar/sites/default/files/2021/12/aporte_solidario_final_2021.12.20.pdf,/data/fuentes/grandes_fortunas/aporte_solidario/aporte_solidario_final_2021-12-20.pdf,2026-08-20,2021-12-20,,2021,PDF oficial,bb9866dab43e8703d246c891b1fac4b5b317f46fa699b228a7934866ddf39b0a,$247.503 M al 17/12/2021; alrededor de 10.000 contribuyentes
bcra_ief_1s2018_ciclo,ciclo_ajuste_bancos,BCRA,IEF · primer semestre 2018,https://www.bcra.gob.ar/publicaciones/informe-de-estabilidad-financiera-primer-semestre-de-2018/,/data/fuentes/ciclo_ajuste/backfill_v96_round3/bcra_ief_1s2018_ciclo.pdf,2026-08-28,,,2018-Q1/Q2,PDF oficial · binario preservado,09e0305bf0cae9d40eb7f6002bc4d0b28f4fc37d951761a882dafafee1de43cc,"Pretrend, solvencia/liquidez, crédito y quiebre NIIF. Backfill V96 round3: binario recuperado 2026-08-28T20:00:22.9124294Z; 1423308 bytes; method=curl.exe; direct_url=https://www.bcra.gob.ar/archivos/Pdfs/PublicacionesEstadisticas/ief0118.pdf; tls=SCHANNEL_DEFAULT_SSL_NO_REVOKE."
bcra_ief_1s2019_ciclo,ciclo_ajuste_bancos,BCRA,IEF · primer semestre 2019,https://www.bcra.gob.ar/publicaciones/informe-de-estabilidad-financiera-primer-semestre-2019/,/data/fuentes/ciclo_ajuste/backfill_v96_round3/bcra_ief_1s2019_ciclo.pdf,2026-08-28,,,2019-03,PDF oficial · binario preservado,de9aca43185b3778dcbdf138bbebf0b85f21ed1b8516198605ec6c4c41532b49,Crédito irregular no cubierto <10% del exceso de capital regulatorio. Backfill V96 round3: binario recuperado 2026-08-28T20:00:23.9655532Z; 902373 bytes; method=Invoke-WebRequest; direct_url=https://www.bcra.gob.ar/archivos/Pdfs/PublicacionesEstadisticas/ief0119.pdf; tls=WINDOWS_DEFAULT.
bcra_ief_1s2024_ciclo,ciclo_ajuste_bancos,BCRA,IEF · primer semestre 2024,https://www.bcra.gob.ar/archivos/Pdfs/PublicacionesEstadisticas/ief0124.pdf,/data/fuentes/ciclo_ajuste/backfill_v96/bcra_ief_1s2024_ciclo.pdf,2026-08-28,,,2024-H1,PDF oficial · binario preservado,e92721161bd571177a6236699a976197ce7f181b11f409bf4fa88390ac067e1a,"Mecanismos de pases, CER, FX y títulos. Backfill V96: binario local validado por magic bytes + SHA-256; 896512 bytes; metodo=Invoke-WebRequest; TLS=WINDOWS_DEFAULT."
bcra_ief_2s2023_ciclo,ciclo_ajuste_bancos,BCRA,IEF · segundo semestre 2023,https://www.bcra.gob.ar/publicaciones/informe-de-estabilidad-financiera-segundo-semestre-de-2023/,/data/fuentes/ciclo_ajuste/backfill_v96_round3/bcra_ief_2s2023_ciclo.pdf,2026-08-28,,,2023-Q3/Q4,PDF oficial · binario preservado,8d69b6fb4e37719fe5e707598f6a3704fcf543da5e9500800cd0d3d8106c4f39,Stress tests de capital y posición pre-shock. Backfill V96 round3: binario recuperado 2026-08-28T20:00:24.5584313Z; 1144797 bytes; method=Invoke-WebRequest; direct_url=https://www.bcra.gob.ar/archivos/Pdfs/PublicacionesEstadisticas/ief0223.pdf; tls=WINDOWS_DEFAULT.
bcra_ief_2s2024_ciclo,ciclo_ajuste_bancos,BCRA,IEF · segundo semestre 2024,https://www.bcra.gob.ar/archivos/Pdfs/PublicacionesEstadisticas/IEF0224.pdf,/data/fuentes/ciclo_ajuste/backfill_v96/bcra_ief_2s2024_ciclo.pdf,2026-08-28,,,2023-Q3/2024-Q3,PDF oficial · binario preservado,5c6780311123ca5082b8d9ab6411474f6989e44d083cbec7367fc704b1c36aba,Tabla homogénea para bridge Q4-23 vs Q3-23 y ROA trimestral. Backfill V96: binario local validado por magic bytes + SHA-256; 934551 bytes; metodo=Invoke-WebRequest; TLS=WINDOWS_DEFAULT.
bcra_isb_abr2014_ciclo,ciclo_ajuste_bancos,BCRA,Informe sobre Bancos · abril 2014,https://www.bcra.gob.ar/publicaciones/informe-sobre-bancos-abril-de-2014/,/data/fuentes/ciclo_ajuste/backfill_v96_round2/bcra_isb_abr2014_ciclo.pdf,2026-08-28,,,2014-04,PDF oficial · binario preservado,0b3f1454d87bad2245e1219c0605c5bc3a7ec0dd3d42ce2c88688ab2a1acb038,"Resultados por títulos, gastos de administración y mora. Backfill V96 round2: binario recuperado 2026-08-28T19:38:27.4561671Z; 290541 bytes; method=Invoke-WebRequest; direct_url=https://www.bcra.gob.ar/Pdfs/PublicacionesEstadisticas/InfBanc0414.pdf; tls=WINDOWS_DEFAULT."
bcra_isb_abr2018_ciclo,ciclo_ajuste_bancos,BCRA,Informe sobre Bancos · abril 2018,https://www.bcra.gob.ar/publicaciones/informe-sobre-bancos-abril-2018/,/data/fuentes/ciclo_ajuste/backfill_v96_round3/bcra_isb_abr2018_ciclo.pdf,2026-08-28,,,2018-04,PDF oficial · binario preservado,42a3a46d04209f3f8d3308fa785ba5b7ef84b4fc794fc6101aed6faa0d87f956,"Baseline inmediato de previsiones, liquidez, capital y ROA. Backfill V96 round3: binario recuperado 2026-08-28T20:00:32.6045246Z; 464279 bytes; method=curl.exe; direct_url=https://www.bcra.gob.ar/archivos/Pdfs/PublicacionesEstadisticas/InfBanc0418.pdf; tls=SCHANNEL_DEFAULT_SSL_NO_REVOKE."
bcra_isb_dic2013_buffers,ciclo_ajuste_bancos,BCRA,Informe sobre Bancos · diciembre 2013,https://www.bcra.gob.ar/publicaciones/informe-sobre-bancos-diciembre-de-2013/,/data/fuentes/ciclo_ajuste/backfill_v96_round3/bcra_isb_dic2013_buffers.pdf,2026-08-28,,,2013-12,PDF oficial · binario preservado,0e5e2b620756eeaf62e95e0503c187322313fd77b3b14557a545aa2d65ef8d3f,"Baseline buffers: mora, previsiones, liquidez, capital y ROA. Backfill V96 round3: binario recuperado 2026-08-28T20:00:33.4304650Z; 337144 bytes; method=curl.exe; direct_url=https://www.bcra.gob.ar/archivos/Pdfs/PublicacionesEstadisticas/InfBanc1213.pdf; tls=SCHANNEL_DEFAULT_SSL_NO_REVOKE."
bcra_isb_dic2018_ciclo,ciclo_ajuste_bancos,BCRA,Informe sobre Bancos · diciembre 2018,https://www.bcra.gob.ar/publicaciones/informe-sobre-bancos-diciembre-de-2018-2/,/data/fuentes/ciclo_ajuste/backfill_v96_round3/bcra_isb_dic2018_ciclo.pdf,2026-08-28,,,2018-12,PDF oficial · binario preservado,9236c7861d8428a8039fddfaa7928b7d06d28cac7aff8a9c624e83e27ad478cc,"ROA anual, exposición patrimonial y buffers. Backfill V96 round3: binario recuperado 2026-08-28T20:00:34.1841878Z; 483849 bytes; method=Invoke-WebRequest; direct_url=https://www.bcra.gob.ar/archivos/Pdfs/PublicacionesEstadisticas/InfBanc1218.pdf; tls=WINDOWS_DEFAULT."
bcra_isb_dic2023_ciclo,ciclo_ajuste_bancos,BCRA,Informe sobre Bancos · diciembre 2023,https://www.bcra.gob.ar/publicaciones/informe-sobre-bancos-diciembre-de-2023/,/data/fuentes/ciclo_ajuste/backfill_v96_round2/bcra_isb_dic2023_ciclo.pdf,2026-08-28,,,2023-12,PDF oficial · binario preservado,7a6cd89ffe15a43e3031463180f7ebd90479df9b0204374994f0979ac9b267e8,"Componentes de margen, gaps FX/CER y capital. Backfill V96 round2: binario recuperado 2026-08-28T19:38:28.5273141Z; 323633 bytes; method=Invoke-WebRequest; direct_url=https://www.bcra.gob.ar/archivos/Pdfs/PublicacionesEstadisticas/InfBanc1223.pdf; tls=WINDOWS_DEFAULT."
bcra_isb_ene2014_ciclo,ciclo_ajuste_bancos,BCRA,Informe sobre Bancos · enero 2014,https://www.bcra.gob.ar/publicaciones/informe-sobre-bancos-enero-de-2014/,/data/fuentes/ciclo_ajuste/backfill_v96_round3/bcra_isb_ene2014_ciclo.pdf,2026-08-28,2014-03-28,,2014-01,PDF oficial · binario preservado,7182bbaf319403ba595c73bfea1a2386cbcace91935e0d1e99711c0a3c2bf9ab,"Overshoot inicial, FX/valuación, liquidez, capital y ROA. Backfill V96 round3: binario recuperado 2026-08-28T20:00:35.3579401Z; 321457 bytes; method=curl.exe; direct_url=https://www.bcra.gob.ar/archivos/Pdfs/PublicacionesEstadisticas/InfBanc0114.pdf; tls=SCHANNEL_DEFAULT_SSL_NO_REVOKE."
bcra_isb_feb2014_ciclo,ciclo_ajuste_bancos,BCRA,Informe sobre Bancos · febrero 2014,https://www.bcra.gob.ar/publicaciones/informe-sobre-bancos-febrero-de-2014/,/data/fuentes/ciclo_ajuste/backfill_v96_round3/bcra_isb_feb2014_ciclo.pdf,2026-08-28,,,2014-02,PDF oficial · binario preservado,91f96235481601d1a75dbf09f6c89d4efc70c37ba8b282cc78fc081deaa9a2c9,Normalización del margen y cambios en exposición FX. Backfill V96 round3: binario recuperado 2026-08-28T20:00:36.0604705Z; 339417 bytes; method=curl.exe; direct_url=https://www.bcra.gob.ar/archivos/Pdfs/PublicacionesEstadisticas/InfBanc0214.pdf; tls=SCHANNEL_DEFAULT_SSL_NO_REVOKE.
bcra_isb_feb2024_ciclo,ciclo_ajuste_bancos,BCRA,Informe sobre Bancos · febrero 2024,https://www.bcra.gob.ar/publicaciones/informe-sobre-bancos-febrero-de-2024/,/data/fuentes/ciclo_ajuste/backfill_v96_round3/bcra_isb_feb2024_ciclo.pdf,2026-08-28,,,2024-02,PDF oficial · binario preservado,f5c9a1544aa7ce997f0af66900b3feacd4dc4b848f34874467d413ab040cf8d0,Reconfiguración FX/CER y balance. Backfill V96 round3: binario recuperado 2026-08-28T20:00:36.5826131Z; 286695 bytes; method=Invoke-WebRequest; direct_url=https://www.bcra.gob.ar/archivos/Pdfs/PublicacionesEstadisticas/InfBanc0224.pdf; tls=WINDOWS_DEFAULT.
bcra_isb_jul2014_ciclo,ciclo_ajuste_bancos,BCRA,Informe sobre Bancos · julio 2014,https://www.bcra.gob.ar/publicaciones/informe-sobre-bancos-julio-de-2014/,/data/fuentes/ciclo_ajuste/backfill_v96_round2/bcra_isb_jul2014_ciclo.pdf,2026-08-28,,,2014-07,PDF oficial · binario preservado,01ab42e6d12958a50b5b93c70bb771bb1638ff94c94b14246591923b2a2d6e25,"Resultado acumulado, mora y buffers durante recovery. Backfill V96 round2: binario recuperado 2026-08-28T19:38:29.3197129Z; 332533 bytes; method=Invoke-WebRequest; direct_url=https://www.bcra.gob.ar/Pdfs/PublicacionesEstadisticas/InfBanc0714.pdf; tls=WINDOWS_DEFAULT."
bcra_isb_jul2018_ciclo,ciclo_ajuste_bancos,BCRA,Informe sobre Bancos · julio 2018,https://www.bcra.gob.ar/publicaciones/informe-sobre-bancos-julio-de-2018/,/data/fuentes/ciclo_ajuste/backfill_v96_round3/bcra_isb_jul2018_ciclo.pdf,2026-08-28,,,2018-07,PDF oficial · binario preservado,6b86c4ff96fd2bd1d071c21aa73ad84555bbd6faecb2c9d01b040655c0637653,Costo de fondeo y efectos de encajes. Backfill V96 round3: binario recuperado 2026-08-28T20:00:37.7921932Z; 532098 bytes; method=Invoke-WebRequest; direct_url=https://www.bcra.gob.ar/archivos/Pdfs/PublicacionesEstadisticas/InfBanc0718.pdf; tls=WINDOWS_DEFAULT.
bcra_isb_jun2014_ciclo,ciclo_ajuste_bancos,BCRA,Informe sobre Bancos · junio 2014,https://www.bcra.gob.ar/publicaciones/informe-sobre-bancos-junio-de-2014/,/data/fuentes/ciclo_ajuste/backfill_v96_round2/bcra_isb_jun2014_ciclo.pdf,2026-08-28,2014-08-22,,2014-Q2,PDF oficial · binario preservado,8cca0fd2335a1ceb7620bc7fbe9899ae98e7672f21959a522df4a6145d2f1dfd,"ROA Q2 +0,8 pp i.a., fundamentalmente por títulos; cobertura de mora y capital. Backfill V96 round2: binario recuperado 2026-08-28T19:38:29.9930155Z; 356496 bytes; method=curl.exe; direct_url=https://www.bcra.gob.ar/archivos/Pdfs/PublicacionesEstadisticas/InfBanc0614.pdf; tls=SCHANNEL_DEFAULT_SSL_NO_REVOKE."
bcra_isb_jun2018_ciclo,ciclo_ajuste_bancos,BCRA,Informe sobre Bancos · junio 2018,https://www.bcra.gob.ar/publicaciones/informe-sobre-bancos-junio-de-2018/,/data/fuentes/ciclo_ajuste/backfill_v96_round2/bcra_isb_jun2018_ciclo.pdf,2026-08-28,,,2018-H1,PDF oficial · binario preservado,9017f7f43920b632bac0d9aa98fdb068249aead9a6c9e05bfe1eab983d36b0b5,"Bridge H1: margen, servicios, incobrabilidad y gastos. Backfill V96 round2: binario recuperado 2026-08-28T19:38:30.9005593Z; 512087 bytes; method=curl.exe; direct_url=https://www.bcra.gob.ar/Pdfs/PublicacionesEstadisticas/InfBanc0618.pdf; tls=SCHANNEL_DEFAULT_SSL_NO_REVOKE."
bcra_isb_mar2024_ciclo,ciclo_ajuste_bancos,BCRA,Informe sobre Bancos · marzo 2024,https://www.bcra.gob.ar/publicaciones/informe-sobre-bancos-marzo-de-2024/,/data/fuentes/ciclo_ajuste/backfill_v96_round3/bcra_isb_mar2024_ciclo.pdf,2026-08-28,,,2024-Q1,PDF oficial · binario preservado,7a2d930f849a27a806bff6ea8b17c23d644725bcc7232868fe4220aa5bf8ccfa,Q4-23 vs Q1-24 y normalización de rentabilidad. Backfill V96 round3: binario recuperado 2026-08-28T20:00:39.0165594Z; 567293 bytes; method=Invoke-WebRequest; direct_url=https://www.bcra.gob.ar/archivos/Pdfs/PublicacionesEstadisticas/InfBanc0324.pdf; tls=WINDOWS_DEFAULT.
bcra_isb_may2018_ciclo,ciclo_ajuste_bancos,BCRA,Informe sobre Bancos · mayo 2018,https://www.bcra.gob.ar/publicaciones/informe-sobre-bancos-mayo-de-2018/,/data/fuentes/ciclo_ajuste/backfill_v96_round3/bcra_isb_may2018_ciclo.pdf,2026-08-28,,,2018-05,PDF oficial · binario preservado,36a3f5017e52cf2d67a1c256357eea6560e4ef8c061d17d3333bda7c7e152216,Atribución oficial del aumento mensual de rentabilidad principalmente al tipo de cambio. Backfill V96 round3: binario recuperado 2026-08-28T20:00:39.6224194Z; 495085 bytes; method=curl.exe; direct_url=https://www.bcra.gob.ar/archivos/Pdfs/PublicacionesEstadisticas/InfBanc0518.pdf; tls=SCHANNEL_DEFAULT_SSL_NO_REVOKE.
bcra_isb_nov2018_ciclo,ciclo_ajuste_bancos,BCRA,Informe sobre Bancos · noviembre 2018,https://www.bcra.gob.ar/publicaciones/informe-sobre-bancos-noviembre-de-2018/,/data/fuentes/ciclo_ajuste/backfill_v96_round2/bcra_isb_nov2018_ciclo.pdf,2026-08-28,,,2018-11,PDF oficial · binario preservado,91319e82be265aaf575b0b1c0cce832bee8af410871645da033329c989397f89,"Drawdown mensual, previsiones y abnormal result acumulado. Backfill V96 round2: binario recuperado 2026-08-28T19:38:31.9155596Z; 503833 bytes; method=Invoke-WebRequest; direct_url=https://www.bcra.gob.ar/Pdfs/PublicacionesEstadisticas/Infbanc1118.pdf; tls=WINDOWS_DEFAULT."
bcra_isb_nov2023_ciclo,ciclo_ajuste_bancos,BCRA,Informe sobre Bancos · noviembre 2023,https://www.bcra.gob.ar/publicaciones/informe-sobre-bancos-noviembre-2023/,/data/fuentes/ciclo_ajuste/backfill_v96_round3/bcra_isb_nov2023_ciclo.pdf,2026-08-28,,,2023-11,PDF oficial · binario preservado,fe04e9e4e6ee69b8de20e854a142a458a61f4a2b9fbb4b9fa43828507784bdfb,"ROA 12m pre-shock, previsiones, liquidez y capital. Backfill V96 round3: binario recuperado 2026-08-28T20:00:40.1130258Z; 370652 bytes; method=Invoke-WebRequest; direct_url=https://www.bcra.gob.ar/archivos/Pdfs/PublicacionesEstadisticas/InfBanc1123.pdf; tls=WINDOWS_DEFAULT."
bcra_isb_oct2018_ciclo,ciclo_ajuste_bancos,BCRA,Informe sobre Bancos · octubre 2018,https://www.bcra.gob.ar/publicaciones/informe-sobre-bancos-octubre-de-2018/,/data/fuentes/ciclo_ajuste/backfill_v96_round3/bcra_isb_oct2018_ciclo.pdf,2026-08-28,,,2018-10,PDF oficial · binario preservado,a037e75db4621be5206ca9bafc970884b24391b77b90bb940ade031f2b14b99c,Exposición patrimonial y cobertura ajustada. Backfill V96 round3: binario recuperado 2026-08-28T20:00:41.2112096Z; 539293 bytes; method=Invoke-WebRequest; direct_url=https://www.bcra.gob.ar/archivos/Pdfs/PublicacionesEstadisticas/InfBanc1018.pdf; tls=WINDOWS_DEFAULT.
bcra_isb_sep2018_ciclo,ciclo_ajuste_bancos,BCRA,Informe sobre Bancos · septiembre 2018,https://www.bcra.gob.ar/publicaciones/informe-sobre-bancos-septiembre-de-2018/,/data/fuentes/ciclo_ajuste/backfill_v96_round3/bcra_isb_sep2018_ciclo.pdf,2026-08-28,,,2018-09,PDF oficial · binario preservado,ee5a5188ccf94e93a2079973ba4c4bda8cc886c64c35ec37f0abc988cacf8b38,"Títulos/forwards, margen e incobrabilidad. Backfill V96 round3: binario recuperado 2026-08-28T20:00:41.7663964Z; 496615 bytes; method=curl.exe; direct_url=https://www.bcra.gob.ar/archivos/Pdfs/PublicacionesEstadisticas/InfBanc0918.pdf; tls=SCHANNEL_DEFAULT_SSL_NO_REVOKE."
bcra_isb_sep2024_ciclo,ciclo_ajuste_bancos,BCRA,Informe sobre Bancos · septiembre 2024,https://www.bcra.gob.ar/publicaciones/informe-sobre-bancos-septiembre-de-2024/,/data/fuentes/ciclo_ajuste/backfill_v96_round3/bcra_isb_sep2024_ciclo.pdf,2026-08-28,,,2024-Q3,PDF oficial · binario preservado,f90abc735a9846e8de5ff5a27c87081e96f2d2468f30e0572c7a05731bb8fb67,Drawdown de margen real; pases/títulos/CER y offsets monetarios/fondeo. Backfill V96 round3: binario recuperado 2026-08-28T20:00:42.5274946Z; 473410 bytes; method=curl.exe; direct_url=https://www.bcra.gob.ar/archivos/Pdfs/PublicacionesEstadisticas/InfBanc0924.pdf; tls=SCHANNEL_DEFAULT_SSL_NO_REVOKE.
wid_argentina_wealth_2026,concentracion_patrimonial,World Inequality Lab,World Inequality Report 2026 · Argentina country sheet,https://wir2026.wid.world/www-site/uploads/2025/11/WIR26_Country_Sheets.pdf,/data/fuentes/grandes_fortunas/wid/wid_contexto_argentina_2026.txt,2026-08-20,2025-11,wealth shares,2024,nota de extracción,d101f68ce694f06bbf84531f266860f980d112ed59050bd0f1e40837fbfe30e6,Sólo contexto de concentración; no se mezcla con la base declarada de ARCA
audit_cftea_ref,credito_cftea,Elaboración propia,Auditoría CFTEA de referencia y carga del crédito,,/data/fuentes/tasas/metodologia/AUDITORIA_CFTEA_REFERENCIA_Y_CARGA_CREDITO.md,2026-08-25,,,2019-2026,auditoría metodológica,7d4e27a3d728152d350574286073beda929a6736604badbb6f03b04767d1cefa,Costo del deudor ≠ ganancia bancaria
deriv_cftea_brecha,credito_cftea,Elaboración propia,Brecha costo crédito vs CFTEA referencia,,/data/derivados/tasas/brecha_costo_credito_vs_cftea_referencia_2019_2026.csv,2026-08-25,,,2019-2026,CSV derivado,1545c08643086726a8ea3ca076e6343774992c4c14372fc6e8fb2f4735740346,Serie mensual del modelo de referencia
emae_indec_informe_202606,emae,INDEC,Estimador mensual de actividad económica. Junio de 2026,https://www.indec.gob.ar/uploads/informesdeprensa/emae_08_26AADBE275B1.pdf,/data/fuentes/emae/indec/emae_08_26.pdf,2026-08-21,,Informe EMAE,2026-06,PDF oficial,e1c1d3b7438f8ecd8e07f2dd2f3fe182fea2ef086da6748d50861907d2b3b077,Control del último dato y variaciones publicadas
emae_indec_metodologia,emae,INDEC,Metodología del EMAE,https://www.indec.gob.ar/ftp/cuadros/economia/metodologia_emae_ago_16.pdf,/data/fuentes/emae/metodologia/metodologia_emae_ago_16.pdf,2026-08-21,,Metodología EMAE,base 2004,PDF metodológico,cc03efbed59bdeabab1c8f497510b4c0e75b8f33bb725350b6b22118c171e268,Definiciones y cautelas
emae_indec_xls,emae,INDEC,EMAE mensual base 2004,https://www.indec.gob.ar/ftp/cuadros/economia/sh_emae_mensual_base2004.xls,/data/fuentes/emae/indec/sh_emae_mensual_base2004.xls,2026-08-21,,EMAE original/desestacionalizada/tendencia-ciclo,2004-01/2026-06,XLS oficial,ffc72691105c3cab337a9d08a887da96097aae482f33373e2fa29bc86364da53,Original oficial archivado y control
emae_datos_argentina_csv,emae,Secretaría de Política Económica / Datos Argentina,EMAE mensual base 2004,https://infra.datos.gob.ar/catalog/sspm/dataset/143/distribution/143.3/download/emae-valores-anuales-indice-base-2004-mensual.csv,/data/fuentes/emae/indec/datos_argentina_emae_mensual.csv,2026-08-21,,EMAE original/desestacionalizada/tendencia-ciclo,2004-01/2026-06,CSV oficial,328397c472aa5445ed133672f53aaf767fe06a74564c660a9cc78779619261fb,Entrada tabular; conciliada con publicación INDEC
pnfc_anexo,fintech,BCRA,Anexo estadístico PNFC junio 2026,https://www.bcra.gob.ar/archivos/Pdfs/PublicacionesEstadisticas/informes/anexo-estadistico-proveedores-no-financieros-credito-junio-2026.xlsx,/data/fuentes/tasas/pnfc/anexo-estadistico-proveedores-no-financieros-credito-junio-2026.xlsx,2026-08-20,2026-06-04,,hasta 2026-02,XLSX oficial,257e0d620022e821316e201099e23c3690bf981e4b24b73fb160e9ea6389c449,Control de universos y aperturas por grupo
pnfc_informe,fintech,BCRA,Informe de Proveedores No Financieros de Crédito,https://www.bcra.gob.ar/archivos/Pdfs/PublicacionesEstadisticas/informes/informe-proveedores-no-financieros-credito-junio-2026.pdf,/data/fuentes/tasas/pnfc/informe-proveedores-no-financieros-credito-junio-2026.pdf,2026-08-20,2026-06-04,,hasta 2026-02,PDF oficial,408924ff6799b48b00a2824b5afc501e4d2528cd7a22a4a9307eb5985c1139f5,Explica que las tasas se ponderan por saldos y que la publicación trabaja con stocks
pnfc_pagina,fintech,BCRA,Página de publicación PNFC junio 2026,https://www.bcra.gob.ar/publicaciones/informe-de-proveedores-no-financieros-de-credito-junio-de-2026/,/data/fuentes/tasas/pnfc/informe_pnfc_junio_2026.html,2026-08-20,2026-06-04,,hasta 2026-02,HTML oficial,00a2fb710989a4bf6e9bc57bbf13225bfe2215c36e5aa4196cf733df9a3edea9,"Copia local de la página que enlaza PDF, series y anexo"
pnfc_series,fintech,BCRA,Series del informe PNFC junio 2026,https://www.bcra.gob.ar/archivos/Pdfs/PublicacionesEstadisticas/informes/series-informe-proveedores-no-financieros-credito-junio-2026.xlsx,/data/fuentes/tasas/pnfc/series-informe-proveedores-no-financieros-credito-junio-2026.xlsx,2026-08-20,2026-06-04,"Hoja 3, fila Fintech; hoja 5, TNA Fintech",2026-02,XLSX oficial,120a5d7eaa47ef8558ae14f91b72baa33eefdbbde563a9b9e398e2ac408339cc,Stock Fintech total en miles de millones de pesos de feb-2026; se usa sólo como exposición separada
arca_bienes_personales_pagina,grandes_fortunas,ARCA,Bienes Personales · declaración jurada,https://www.arca.gob.ar/gananciasYBienes/bienes-personales/declaracion-jurada/,/data/fuentes/grandes_fortunas/arca/bienes_personales_declaracion_2026-08-20.html,2026-08-20,,,consulta 2026-08-20,HTML oficial,970bfeead8d7202616e78dab3965debf98b0780913c691875c342c0eba1b201d,Copia local del redireccionamiento oficial de ARCA
arca_bp_tramos_2022,grandes_fortunas,ARCA,Bienes Personales 2022: presentaciones y bienes por tramo,https://contenidos.afip.gob.ar/institucional/estudios/archivos/estadisticasTributarias/Estadisticas-Tributarias-2023.zip,/data/fuentes/grandes_fortunas/arca/bienes_personales_tramos_2022.xls,2026-08-20,2024,Cuadro 2.5.1.2.1.1,fiscal 2022,XLS oficial,76902eebeb4c3e6226e8652222534a91597876a12bc30c731080ead8d48ee2e7,Base patrimonial declarada; importes originales en millones de pesos corrientes
arca_estadisticas_tributarias_2023_zip,grandes_fortunas,ARCA,Anuario de Estadísticas Tributarias 2023 · paquete completo,https://contenidos.afip.gob.ar/institucional/estudios/archivos/estadisticasTributarias/Estadisticas-Tributarias-2023.zip,/data/fuentes/grandes_fortunas/arca/Estadisticas-Tributarias-2023.zip,2026-08-20,2024,,fiscal 2022,ZIP oficial,6b4b0cbdbd8bba1eb115c882148e6ada8efe44ef66c1ebbeeee08fc2bc7d91a1,El checksum cubre el paquete original completo
indec_ipc,ipc,INDEC,IPC nacional: nivel general y divisiones,https://www.indec.gob.ar/ftp/cuadros/economia/serie_ipc_divisiones.csv,/data/fuentes/tasas/indec/serie_ipc_divisiones.csv,2026-08-20,,Código 0; Región Nacional; Indice_IPC,2021-04/2026-07,CSV oficial,2780c4d7ea3d7058c4042a275643d757a6bfaf55824a9ab1c540b59adc9033b4,Índice nacional mensual usado para llevar todos los flujos a pesos de julio de 2026
indec_ipc_metadatos,ipc,INDEC,Metadatos de las series del IPC,https://www.indec.gob.ar/ftp/cuadros/economia/serie_ipc_metadatos.txt,/data/fuentes/tasas/indec/serie_ipc_metadatos.txt,2026-08-20,,Código 0,vigente a descarga,TXT oficial,58d93d4c9fa84ad216d064ca3227a93d6a4513cf4e2df697e2f62ab96cb2443a,Definiciones de variables del CSV de IPC
bcra_catalogo_series,metodologia,BCRA,Catálogo de códigos de series,https://www.bcra.gob.ar/archivos/Pdfs/PublicacionesEstadisticas/es_series.txt,/data/fuentes/tasas/metodologia/es_series.txt,2026-08-20,,1936/1938 y 1307-1321,catálogo,TXT oficial,46089e8501001529f6a089e9981fb72f1e5f46e8817504ddc76f18996f28dd2b,"Descripción completa de códigos, frecuencia y unidad"
bcra_info_tasas,metodologia,BCRA,Información de series históricas de tasas,https://www.bcra.gob.ar/archivos/Pdfs/PublicacionesEstadisticas/es_info_series_tashis.txt,/data/fuentes/tasas/metodologia/es_info_series_tashis.txt,2026-08-20,,,catálogo,TXT oficial,331f99d655cc491cfbc55ed21891b69cf988347d01eae3c590c39c28b0eab2cf,Metadatos complementarios de series
bcra_metodologia_series,metodologia,BCRA,Metodología de las series estadísticas,https://www.bcra.gob.ar/Pdfs/PublicacionesEstadisticas/Metodologia_Series.pdf,/data/fuentes/tasas/metodologia/Metodologia_Series.pdf,2026-08-20,,SISCEN 00018 cuenta 51; SISCEN 0002 cuentas 149/152,vigente a descarga,PDF oficial,fc453866e3ee3a93fc19487d6b2c09ad669ceea25b411182538435fd6a641d4f,"Define universo, ponderación por montos y exclusiones"
gf_metodo_cola,metodologia,Elaboración propia,Desagregación por tramos y cola abierta,,/data/fuentes/grandes_fortunas/metodologia/metodo_distribucion_y_cola.txt,2026-08-20,2026-08-20,,2022 reexpresado a 2026-06,metodología,e71276cb5c4f0cc8353cacb2cd0b0a914772f3363f40b99132554aba56bea440,Curva calibrada por tramo; Pareto sólo en el tramo superior abierto
refs_ahorro_stock_hogares_2026,metodologia_causal,Elaboración propia,"Referencias de ahorro, desahorro y stock financiero de hogares",,/data/fuentes/hogares/REFERENCIAS_AHORRO_STOCK_2018_2025.md,2026-08-27,,,2018-2025,referencias metodológicas,86cb320b152b6fa157a2308ec36f1fa00012d0a64604f90ff382ca9ca04968f4,"EPH + BCRA; distingue incidencia de uso de ahorros, stock agregado y recuperación por hogar."
refs_ciclo_ajuste_v51,metodologia_causal,Elaboración propia,Referencias del ciclo de ajuste y mecanismos bancarios V51,,/data/fuentes/ciclo_ajuste/REFERENCIAS_CICLO_AJUSTE_V51.md,2026-08-27,,,2013-2026,referencias metodológicas,3d9d62b8064dbf869d3742e8238b89dc6818d388e28b2cbb9c8adcca61590808,Snapshot histórico V51; no usar como estado vigente. Mapa actual: REFERENCIAS_CICLO_AJUSTE_V70.md.
todosobrelamora_cruce,mora_causal,Análisis externo,Todo sobre la mora,https://todosobrelamora.vercel.app/,,2026-08-25,2026-08,,2026-06,Sitio externo secundario referenciado · no requiere preservación binaria,,"Radiografía micro cruzada con la película macro; no fuente oficial Se conserva como objeto secundario de análisis/cruce, pero no se considera un gap físico ni se exige snapshot completo. Las fuentes primarias citadas por el sitio deben preservarse por separado cuando sean usadas. Ningún artefacto histórico/derivado asociado se elimina."
bcra_iif_1s2025_mora,mora_causal,BCRA,Informe de Inclusión Financiera primer semestre 2025,https://www.bcra.gob.ar/publicaciones/informe-de-inclusion-financiera-primer-semestre-2025/,/data/fuentes/ciclo_ajuste/backfill_v96_round3/bcra_iif_1s2025_mora.pdf,2026-08-28,2025-10-27,,2025-06,PDF oficial · binario preservado,07a210eecaa7d45c3afa34042718be4a1489d418598ba6a996da0f64070bc50b,"Deudores, saldos y regularidad Backfill V96 round3: binario recuperado 2026-08-28T20:00:26.8954579Z; 2404631 bytes; method=Invoke-WebRequest; direct_url=https://www.bcra.gob.ar/archivos/Pdfs/PublicacionesEstadisticas/Informe-inclusion-financiera-octubre-25.pdf; tls=WINDOWS_DEFAULT."
bcra_imm_dic2024_mora,mora_causal,BCRA,Informe Monetario Mensual diciembre 2024,https://www.bcra.gob.ar/publicaciones/informe-monetario-mensual-diciembre-2024/,/data/fuentes/ciclo_ajuste/backfill_v96_round3/bcra_imm_dic2024_mora.pdf,2026-08-28,2025-01-01,,2024,PDF oficial · binario preservado,488847eb4333927f21d5c655eb840d0b4d34419d4fb08a828fb2e2001b600824,Expansión real del crédito al consumo y personales Backfill V96 round3: binario recuperado 2026-08-28T20:00:31.6817366Z; 2284708 bytes; method=curl.exe; direct_url=https://www.bcra.gob.ar/archivos/Pdfs/PublicacionesEstadisticas/informe-monetario-mensual-dic-24.pdf; tls=SCHANNEL_DEFAULT_SSL_NO_REVOKE.
bcra_isb_dic2024_mora,mora_causal,BCRA,Informe sobre Bancos diciembre 2024,https://www.bcra.gob.ar/publicaciones/informe-sobre-bancos-diciembre-2024/,/data/fuentes/ciclo_ajuste/backfill_v96_round3/bcra_isb_dic2024_mora.pdf,2026-08-28,2025-02-19,,2024-12,PDF oficial · binario preservado,6648c0f03fa4f8da4c00e7a282fd7d8d65e044cd86b420099cbecdfd874650eb,"Mora hogares 2,5% Backfill V96 round3: binario recuperado 2026-08-28T20:00:34.7616184Z; 267538 bytes; method=Invoke-WebRequest; direct_url=https://www.bcra.gob.ar/archivos/Pdfs/PublicacionesEstadisticas/InfBanc1224.pdf; tls=WINDOWS_DEFAULT."
bcra_isb_jun2026_mora,mora_causal,BCRA,Informe sobre Bancos junio 2026,https://www.bcra.gob.ar/publicaciones/informe-sobre-bancos-junio-de-2026/,/data/fuentes/ciclo_ajuste/backfill_v96_round3/bcra_isb_jun2026_mora.pdf,2026-08-28,2026-08-21,,2026-06,PDF oficial · binario preservado,dc5ddc66aba9f1d5be05a4e48e6b8416df406dcb28accad88a76e41ad085fcd0,"Mora hogares 12,8% Backfill V96 round3: binario recuperado 2026-08-28T20:00:38.2877997Z; 464020 bytes; method=curl.exe; direct_url=https://www.bcra.gob.ar/archivos/Pdfs/PublicacionesEstadisticas/informes/informe-bancos-2026-06.pdf; tls=SCHANNEL_DEFAULT_SSL_NO_REVOKE."
bcra_isb_nov2025_mora,mora_causal,BCRA,Informe sobre Bancos noviembre 2025,https://www.bcra.gob.ar/publicaciones/informe-sobre-bancos-noviembre-2025/,/data/fuentes/ciclo_ajuste/backfill_v96_round3/bcra_isb_nov2025_mora.pdf,2026-08-28,2026-01-23,,2025-11,PDF oficial · binario preservado,6467a819b99d16acb97718caacab2258ca1d94cf9bf789ca142ff86b2e389f00,"Mora hogares 8,8% Backfill V96 round3: binario recuperado 2026-08-28T20:00:40.5976486Z; 336116 bytes; method=Invoke-WebRequest; direct_url=https://www.bcra.gob.ar/archivos/Pdfs/PublicacionesEstadisticas/informes/InfBanc1125.pdf; tls=WINDOWS_DEFAULT."
audit_causas_mora,mora_causal,Elaboración propia,Auditoría causal de mora,,/data/fuentes/morosidad/metodologia/AUDITORIA_CAUSAS_MORA_POBREZA_DESEMPLEO.md,2026-08-25,,,2022-2026,auditoría metodológica,b085505e98c2d9417dc8970b15703bf3007c1ac910617116a942ef182311e056,"Denominadores, rezagos, hipótesis y límites causales"
morosidad_bcra_catalogo_series,morosidad,BCRA,Catálogo de series estadísticas,https://www.bcra.gob.ar/archivos/Pdfs/PublicacionesEstadisticas/Series_estadisticas.xlsx,/data/fuentes/morosidad/bcra/Series_estadisticas.xlsx,2026-08-21,,,consulta 2026-08-21,XLSX oficial,3d9a98fa443b833ebb34c814863c1259a89d4ab8d59570578ee030c00288b5d0,Control de disponibilidad y definiciones; no aporta aperturas bancarias compatibles por producto
morosidad_bcra_inf_bancos_pdf,morosidad,BCRA,Informe sobre Bancos · mayo 2026,https://www.bcra.gob.ar/archivos/Pdfs/PublicacionesEstadisticas/informes/InfBanc0526.pdf,/data/fuentes/morosidad/bcra/InfBanc0526.pdf,2026-08-21,,,2026-05,PDF oficial,c4a98662e7bf0a3ce9e26b87c74d0206b212fddf00786ea3f31bcef77543698a,"Definición, control del último dato y período de alivio COVID-19"
morosidad_bcra_inf_bancos_xlsx,morosidad,BCRA,Informe sobre Bancos · series mayo 2026,https://www.bcra.gob.ar/archivos/Pdfs/PublicacionesEstadisticas/informes/InfBanc0526.xlsx,/data/fuentes/morosidad/bcra/InfBanc0526.xlsx,2026-08-21,,,2026-05,XLSX oficial,3966ba65f712354cc6bce742c6aa18572b6b25b4a9341495c3c1e381332d95b7,Hoja 9; ratios mensuales de hogares y personales+tarjetas
morosidad_inclusion_pdf_202604,morosidad,BCRA,Informe de Inclusión Financiera · segundo semestre 2025,https://www.bcra.gob.ar/archivos/Pdfs/publicacionesestadisticas/informes/informe-inclusion-financiera-2026-04.pdf,/data/fuentes/morosidad/central_deudores/informe-inclusion-financiera-2026-04.pdf,2026-08-21,,,2024-12/2025-12,PDF oficial,791835603eaf4d31bf637cccc72f8d5ee1e18e8545ddf66cd248bb2ddd12d311,Página 26; porcentaje de personas regulares fintech y PNFC tradicionales
morosidad_inclusion_xlsx_202604,morosidad,BCRA,Anexo estadístico · Informe de Inclusión Financiera abril 2026,https://www.bcra.gob.ar/archivos/Pdfs/publicacionesestadisticas/informes/anexo-estadistico-informe-inclusion-financiera-2026-04.xlsx,/data/fuentes/morosidad/central_deudores/anexo-estadistico-informe-inclusion-financiera-2026-04.xlsx,2026-08-21,,,2025-12,XLSX oficial,545a793efc252487bdaa6ef2001d93ecf69b7083deedf128ab38e30ba914998b,Cantidad de deudores fintech; gráfico 2.3.5
morosidad_pnfc_pdf_202606,morosidad,BCRA,Informe de Proveedores No Financieros de Crédito · junio 2026,https://www.bcra.gob.ar/archivos/Pdfs/PublicacionesEstadisticas/informes/informe-proveedores-no-financieros-credito-junio-2026.pdf,/data/fuentes/morosidad/pnfc/informe-proveedores-no-financieros-credito-junio-2026.pdf,2026-08-21,,,2026-02,PDF oficial,408924ff6799b48b00a2824b5afc501e4d2528cd7a22a4a9307eb5985c1139f5,"Definición, contexto y controles de irregularidad PNFC"
morosidad_pnfc_series_202606,morosidad,BCRA,Informe PNFC junio 2026 · series,https://www.bcra.gob.ar/archivos/Pdfs/PublicacionesEstadisticas/informes/series-informe-proveedores-no-financieros-credito-junio-2026.xlsx,/data/fuentes/morosidad/pnfc/series-informe-proveedores-no-financieros-credito-junio-2026.xlsx,2026-08-21,,,2018-01/2026-02,XLSX oficial,120a5d7eaa47ef8558ae14f91b72baa33eefdbbde563a9b9e398e2ac408339cc,Hojas 6 y 7; mora >90 días por producto/proveedor y composición del saldo
bcra_ecc_1t2024,originacion,BCRA,ECC primer trimestre 2024,https://www.bcra.gob.ar/archivos/Pdfs/PublicacionesEstadisticas/0124-ECC_%20Resultados.pdf,/data/fuentes/originacion/bcra/bcra_ecc_1t2024.pdf,2026-08-28,2024-04-25,,2024-Q1,PDF oficial · binario preservado,0716e4eeaf4cd90b5edd1f0983c0fdca92a1a19e38eb6497b7635fe576d52e3f,Condiciones crediticias cualitativas Backfill V96: binario local validado por magic bytes + SHA-256; 365148 bytes; metodo=Invoke-WebRequest; TLS=WINDOWS_DEFAULT.
bcra_ecc_2t2024,originacion,BCRA,ECC segundo trimestre 2024,https://www.bcra.gob.ar/Pdfs/PublicacionesEstadisticas/0624-ECC_%20Resultados.pdf,/data/fuentes/originacion/bcra/bcra_ecc_2t2024.pdf,2026-08-28,,,2024-Q2,PDF oficial · binario preservado,6bcd7101f7e692f48d483be291e23d950e55ed4e3ea4836b776f8b42d2ef30fc,Flexibilización parcial de términos/condiciones Backfill V96: binario local validado por magic bytes + SHA-256; 350204 bytes; metodo=Invoke-WebRequest; TLS=WINDOWS_DEFAULT.
bcra_ecc_3t2024,originacion,BCRA,ECC tercer trimestre 2024,https://www.bcra.gob.ar/archivos/Pdfs/PublicacionesEstadisticas/0924-ECC_Resultados.pdf,/data/fuentes/originacion/bcra/bcra_ecc_3t2024.pdf,2026-08-28,,,2024-Q3,PDF oficial · binario preservado,a31a138dda3aedc869aab60bbc1d400ea77aa4b45360ef3a48102b776da33e1b,Condiciones crediticias cualitativas Backfill V96: binario local validado por magic bytes + SHA-256; 2152215 bytes; metodo=Invoke-WebRequest; TLS=WINDOWS_DEFAULT.
indec_cgi_historical_private_1993_2007,pendulo_distributivo,INDEC,Generación del ingreso del sector privado · 1993-2007,https://www.indec.gob.ar/ftp/nuevaweb/cuadros/17/cgi_apendice4.xls,/data/fuentes/pendulo_distributivo/indec/cgi_apendice4_privado_1993_2007.xls,2026-08-21,,CGI histórica · apéndice 4,1993/2007,XLS oficial histórico,b519f4a772196d77f98b99007bc12de1a57ce6634f2867e91e300d16033bc6e5,Sector privado; otros impuestos a la producción incluidos en IMB/EEB.
indec_cgi_historical_total_1993_2007,pendulo_distributivo,INDEC,Generación del ingreso total de la economía · 1993-2007,https://www.indec.gob.ar/ftp/nuevaweb/cuadros/17/cgi_cuadro1.xls,/data/fuentes/pendulo_distributivo/indec/cgi_cuadro1_total_1993_2007.xls,2026-08-21,,CGI histórica · cuadro 1,1993/2007,XLS oficial histórico,2528336344ce04d51e2676c6638261f7979cb0e2956cd6caea491aa03553ceb6,Otros impuestos a la producción incluidos en IMB/EEB; no se empalma con la serie moderna.
indec_cgi_methodology_24,pendulo_distributivo,INDEC,Metodología de las cuentas nacionales,https://www.indec.gob.ar/ftp/cuadros/economia/metodologia_24_cuentas_nacionales.pdf,/data/fuentes/pendulo_distributivo/metodologia/metodologia_24_cuentas_nacionales.pdf,2026-08-21,,Metodología INDEC 24,metodología,PDF oficial,82c1e1a1adf22194c624eaab455735186abaf379fcd6bd9207d398d9713e941a,"Definiciones de RTA, IMB, EEB y VAB."
indec_cgi_modern_2016_2026q1,pendulo_distributivo,INDEC,Cuenta de generación del ingreso e insumo de mano de obra · serie 2016-T1/2026-T1,https://www.indec.gob.ar/ftp/cuadros/economia/serie_cgi_07_26.xls,/data/fuentes/pendulo_distributivo/indec/serie_cgi_07_26.xls,2026-08-21,2026-07,CGI · VAB_pb/RTA/IBM/T-S/EEB,2016-T1/2026-T1,XLS oficial,85f8e1a40e8b5fa143b20ad78b67405b3a728f19756d5aeeb1dd1a1e7efb4f4b,Serie trimestral moderna; sector total y total excluido sector público.
indec_cgi_report_2026q1,pendulo_distributivo,INDEC,Cuenta de generación del ingreso · primer trimestre de 2026,https://www.indec.gob.ar/uploads/informesdeprensa/cgi_07_26D31D16C00B.pdf,/data/fuentes/pendulo_distributivo/indec/cgi_07_26.pdf,2026-08-21,2026-07,Informe CGI 1T2026,2026-T1,PDF oficial,c06a9623a61f14f89ce0351ca27d71dd72dd2e970c86416865884cfd4c79585b,Control del último dato publicado.
bcra_cer_daily_202608,pendulo_poder_economico,BCRA,Tasas y coeficientes de ajuste · CER diario,https://www.bcra.gob.ar/archivos/Pdfs/PublicacionesEstadisticas/tas5_ser.txt,/data/fuentes/tasas/bcra/tas5_ser.txt,2026-08-21,,3540,2023-12/2026-07,TXT oficial,efb761ddd1e9586f5fdc792f968330d42a788754fea70648157d877f7d67c36a,"Se toma la última observación disponible de cada mes; se deflacta por IPC y se rotula como referencia, no como activo autónomo."
bcra_iif_2023_cft_pdf,pendulo_poder_economico,BCRA,Informe de Inclusión Financiera · primer semestre de 2023,https://www.bcra.gob.ar/archivos/Pdfs/PublicacionesEstadisticas/IIF-primer-semestre-2023.pdf,/data/fuentes/pendulo_poder_economico/bcra/IIF-primer-semestre-2023.pdf,2026-08-21,2023-10,Gráfico 18,2023-06,PDF oficial,dbefef024f4a3c50ee006606059695b7545285cc0baee7c14c80a46d025d7972,"Promedio del CFT máximo ofrecido en préstamos personales; muestra de 15 EEFF y 15 PNFC con mayor cantidad de deudores. Snapshot, no costo pagado ni dato 2026."
bcra_informe_bancos_202605_pdf,pendulo_poder_economico,BCRA,Informe sobre Bancos · mayo de 2026,https://www.bcra.gob.ar/archivos/Pdfs/PublicacionesEstadisticas/informes/InfBanc0526.pdf,/data/fuentes/pendulo_poder_economico/bcra/InfBanc0526.pdf,2026-08-21,2026-07-24,Informe sobre Bancos,2025-05/2026-05,PDF oficial,c4a98662e7bf0a3ce9e26b87c74d0206b212fddf00786ea3f31bcef77543698a,Gráfico 13 y texto del informe; ROA anualizado acumulado a 3 y 12 meses.
bcra_informe_bancos_202605_xlsx,pendulo_poder_economico,BCRA,Datos del Informe sobre Bancos · mayo de 2026,https://www.bcra.gob.ar/archivos/Pdfs/PublicacionesEstadisticas/informes/InfBanc0526.xlsx,/data/fuentes/pendulo_poder_economico/bcra/InfBanc0526.xlsx,2026-08-21,2026-07-24,Hoja 13 · ROA acumulado 3 y 12 meses,2025-05/2026-05,XLSX oficial,3966ba65f712354cc6bce742c6aa18572b6b25b4a9341495c3c1e381332d95b7,"Valores por sistema financiero, bancos privados nacionales/extranjeros, bancos públicos y EFNB. EFNB no equivale a PNFC/fintech."
bcra_series_catalog_202608,pendulo_poder_economico,BCRA,Catálogo de series estadísticas,https://www.bcra.gob.ar/archivos/Pdfs/PublicacionesEstadisticas/es_series.txt,/data/fuentes/tasas/bcra/es_series.txt,2026-08-21,,3540 · CER,metadatos,TXT oficial,46089e8501001529f6a089e9981fb72f1e5f46e8817504ddc76f18996f28dd2b,"Define unidad, frecuencia y metodología de la serie CER."
bcra_pf_historico,plazo_fijo_30_59,BCRA,Tasas y montos de depósitos a plazo fijo,https://www.bcra.gob.ar/archivos/Pdfs/PublicacionesEstadisticas/pashis.xls,/data/fuentes/tasas/bcra/pashis.xls,2026-08-20,,pasmes49/51/53/55 + pasmes57/59/61/63,2021-04/2026-07,XLS oficial,86683efb606e874d4f2edb1b6e96b2d926ebd3b64479981811c80262b7dc5414,Hoja Estra_men; suma de cuatro estratos 30-44 y cuatro estratos 45-59
bcra_pf_txt,plazo_fijo_30_59,BCRA,Series históricas de tasas y montos de depósitos,https://www.bcra.gob.ar/archivos/Pdfs/PublicacionesEstadisticas/tas1_ser.txt,/data/fuentes/tasas/bcra/tas1_ser.txt.zip,2026-08-20,,1307/1309/1311/1313/1315/1317/1319/1321,2021-04/2026-07,ZIP preservado (TXT oficial),99da09f51179154f21f73b12e9458661d4f83c04289ee34727f2112609b99766,Filas diarias; suma mensual y ×1000 para pasar de miles de pesos a pesos GitHub-safe archive; contiene tas1_ser.txt exacto; original_bytes=168106911; original_sha256=be3d0b8f57fd3531766c70d293af6734a5517610bfa2f5c994be78afba684410; archive_bytes=42115520; archive_sha256=99da09f51179154f21f73b12e9458661d4f83c04289ee34727f2112609b99766; restaurar con RESTORE_LARGE_SOURCES.ps1.
poblacion_world_bank_arg,poblacion,Banco Mundial,"Population, total - Argentina",https://api.worldbank.org/v2/country/ARG/indicator/SP.POP.TOTL?format=json&per_page=100,/data/fuentes/emae/poblacion/world_bank_SP_POP_TOTL_ARG.json,2026-08-21,,SP.POP.TOTL,2003/2021 usado,JSON institucional,52afe66cab503055f41bb6006d7be5d376b286b33e944e05ecd29dc68987aecc,Trayectoria histórica empalmada multiplicativamente a INDEC 2022
poblacion_indec_base_csv,poblacion,INDEC,Base de proyecciones nacionales 2022–2040,https://www.indec.gob.ar/ftp/cuadros/poblacion/proyecciones_nacionales_2022_2040_base.csv,/data/fuentes/emae/poblacion/proyecciones_nacionales_2022_2040_base.csv,2026-08-21,,Población por edad y sexo,2022/2040,CSV oficial,043bcb5943c160e6d5be1864ac3e30d0fa90eb0a80a4ef65a18bf6446592aa7c,Nivel anual desde 2022; suma nacional al 1 de julio
poblacion_indec_metadatos,poblacion,INDEC,Metadatos de proyecciones nacionales,https://www.indec.gob.ar/ftp/cuadros/poblacion/metadatos_base_proyecciones_nacionales_2022_2040.pdf,/data/fuentes/emae/poblacion/metadatos_base_proyecciones_nacionales_2022_2040.pdf,2026-08-21,,Metadatos población,2022/2040,PDF metodológico,615131fe409690d0adb3d3139378167cc2134fae52c6f41f89e288faaa73a4c2,Fecha de referencia y método
poblacion_indec_xlsx,poblacion,INDEC,Proyecciones nacionales 2022–2040,https://www.indec.gob.ar/ftp/cuadros/poblacion/proyecciones_nacionales_2022_2040_c1_c2.xlsx,/data/fuentes/emae/poblacion/proyecciones_nacionales_2022_2040_c1_c2.xlsx,2026-08-21,,Población nacional,2022/2040,XLSX oficial,478a9a8fd1e888ea5c9b2039f6eddee3228f191043de128c159a43c614dbb5e4,Original oficial archivado y control
bcra_pases_esquema_20231218,politica_monetaria_bancos,BCRA,Nuevo esquema de tasa de política monetaria y gestión de liquidez,https://www.bcra.gob.ar/noticias/nueva-tasa-de-politica-monetaria-y-esquema-de-gestion-de-liquidez/,/data/fuentes/manual_recovery_v96_final/bcra_pases_esquema_20231218_web_snapshot.pdf,2026-08-28,,,2023-12-18,PDF snapshot de publicación web oficial · recuperación manual,5a5fcb71b6d3ccdb48cbd7b237ddf98320cc9282bc03248eb9d399f4828f116e,Sustitución de LELIQ por pases; mecanismo institucional de primas por pase. La fuente primaria es una publicación web nativa del BCRA; se preserva snapshot PDF manual de la página oficial. No se presupone la existencia de un PDF original separado.
bcra_personales_diario,prestamos_personales,BCRA,Montos operados diarios de préstamos,https://www.bcra.gob.ar/archivos/Pdfs/PublicacionesEstadisticas/diar_pre.xls,/data/fuentes/tasas/bcra/diar_pre.xls,2026-08-20,,pre177 / cuenta SISCEN 51,2021-04/2026-07,XLS oficial,b80b16b6561fdd1e8c5659572d72b14680c13b5d6555a946fb566673807a6b20,"Control de conciliación; personales a tasa fija o repactable, total sistema"
bcra_personales_mensual,prestamos_personales,BCRA,Montos operados mensuales de préstamos,https://www.bcra.gob.ar/archivos/Pdfs/PublicacionesEstadisticas/preser_mon.xls,/data/fuentes/tasas/bcra/preser_mon.xls,2026-08-20,,1936 + 1938,2021-04/2026-07,XLS oficial,3dd4f335cae95bc6a6f927d03cb7878b3fd08e27d288f2686d877c1335c2ec82,Columnas de personales hasta 180 días y más de 180 días; miles de pesos
bcra_personales_tasas,prestamos_personales,BCRA,Tasas mensuales de préstamos,https://www.bcra.gob.ar/archivos/Pdfs/PublicacionesEstadisticas/preser_tas.xls,/data/fuentes/tasas/bcra/preser_tas.xls,2026-08-20,,1937 + 1939 ponderadas por monto,2002-01/2026-07,XLS oficial,063ba84b46b8c57162d3c9a87c722b2dc8cd3ca37a98c16105b55a4e5f4b9f53,Fuente de control de la TNA de personales compatible con los montos
bcra_personales_txt,prestamos_personales,BCRA,Series históricas de préstamos al sector privado,https://www.bcra.gob.ar/archivos/Pdfs/PublicacionesEstadisticas/tas2_ser.txt,/data/fuentes/tasas/bcra/tas2_ser.txt.zip,2026-08-20,,1936 + 1938,2021-04/2026-07,ZIP preservado (TXT oficial),d632562b4d8bf0287c24603e276ae0695d97d11aaa351598e870c2c90e1386d2,Filas mensuales; suma de ambas bandas de plazo; ×1000 para pasar a pesos GitHub-safe archive; contiene tas2_ser.txt exacto; original_bytes=136425820; original_sha256=e71e938a9000c6c6ca78a2c9e58243de11aee1f875d14d78ecb4e9a01e98a181; archive_bytes=32340587; archive_sha256=d632562b4d8bf0287c24603e276ae0695d97d11aaa351598e870c2c90e1386d2; restaurar con RESTORE_LARGE_SOURCES.ps1.
capital_humano_auh_alimentar_cba_2024,proteccion_social,Ministerio de Capital Humano,AUH + Tarjeta Alimentar cubren 100% de la CBA,https://www.argentina.gob.ar/node/450359,/data/fuentes/manual_recovery_v96_final/capital_humano_auh_alimentar_cba_2024_web_snapshot.pdf,2026-08-28,2024-11-21,,2023-12/2024-11,PDF snapshot de publicación web oficial · recuperación manual,cdc86d5c3b1283ad4705ed3ebd731cfda3493cf1455c632aba79fd828373b4dc,"54,8% CBA dic-2023 a 100% en 2024; cobertura normativa, no efecto causal de pobreza. La fuente primaria es una publicación web oficial de Argentina.gob.ar; se preserva snapshot PDF manual de la página. El XLS adjunto con nombre similar no corresponde a Capital Humano: es byte-idéntico al workbook BCRA de préstamos y no se usa para esta fuente."
bcra_com_a5590,regulacion_credito,BCRA,Comunicación A 5590 · regulación de tasas de interés,https://www.bcra.gob.ar/Pdfs/comytexord/A5590.pdf,/data/fuentes/regulacion_credito/bcra/bcra_com_a5590.pdf,2026-08-28,2014-06-10,,2014,PDF normativa oficial · binario preservado,5d0c3c665020477bc0450d129a25579a88e7e491fc005236968e3808546352a6,Topes de tasa para financiaciones alcanzadas; falsificador del signo regulatorio universal pro-banco. Backfill V96: binario local validado por magic bytes + SHA-256; 169230 bytes; metodo=Invoke-WebRequest; TLS=WINDOWS_DEFAULT.
bcra_com_a5853,regulacion_credito,BCRA,Comunicación A 5853 · tasas concertadas libremente,https://www.bcra.gob.ar/Pdfs/comytexord/A5853.pdf,/data/fuentes/regulacion_credito/bcra/bcra_com_a5853.pdf,2026-08-28,2015-12-17,,2015-12,PDF normativa oficial · binario preservado,e04582355eb228d699762a5b130a8679192abfbe431a94f9c8e4c4b9768ab694,Elimina el esquema general de topes de A5590; signo pro-libertad de pricing. Backfill V96: binario local validado por magic bytes + SHA-256; 101017 bytes; metodo=curl.exe; TLS=SCHANNEL_DEFAULT_SSL_NO_REVOKE.
bcra_com_a5928,regulacion_credito,BCRA,Comunicación A 5928 · protección de usuarios y cargos,https://www.bcra.gob.ar/Pdfs/comytexord/A5928.pdf,/data/fuentes/regulacion_credito/bcra/bcra_com_a5928.pdf,2026-08-28,2016-03-21,,2016-09+,PDF normativa oficial · binario preservado,ae3cd88916f80eb043658876c91ddbb6658ab5ff6a46b5a00aec1feb91dfc20b,Seguro saldo deudor y cargos: costo removido al usuario ≠ ingreso bancario perdido. Backfill V96: binario local validado por magic bytes + SHA-256; 204533 bytes; metodo=curl.exe; TLS=SCHANNEL_DEFAULT_SSL_NO_REVOKE.
bcra_imm_jun2014_a5590,regulacion_credito,BCRA,Informe Monetario Mensual · junio 2014,https://www.bcra.gob.ar/publicaciones/informe-monetario-mensual-junio-de-2014/,/data/fuentes/ciclo_ajuste/backfill_v96_round3/bcra_imm_jun2014_a5590.pdf,2026-08-28,,,2014-06,PDF oficial · binario preservado,70bf8ab9521f1a52c3e434d78a892a716d0bd7b5d83b824f7558d103cacd0b0b,Entrada en vigencia de A5590 y descenso de tasas de personales/prendarios. Backfill V96 round3: binario recuperado 2026-08-28T20:00:32.1382946Z; 486976 bytes; method=curl.exe; direct_url=https://www.bcra.gob.ar/archivos/Pdfs/PublicacionesEstadisticas/bol0614.pdf; tls=SCHANNEL_DEFAULT_SSL_NO_REVOKE.
bcra_proteccion_usuarios_2015_resumen,regulacion_credito,BCRA,"Protección de usuarios · resumen A 5460, A 5590 y A 5853",https://www.bcra.gob.ar/Pdfs/Informacion_usuario/pta_27_201512.pdf,/data/fuentes/regulacion_credito/bcra/bcra_proteccion_usuarios_2015_resumen.pdf,2026-08-28,,,2013-2015,PDF oficial · binario preservado,88e63bd5cec6f3d0190614d2cb38e917ceea87b1233055bf0a7fbad97af88eb9,Síntesis institucional de regulación y posterior liberalización de tasas. Backfill V96: binario local validado por magic bytes + SHA-256; 555990 bytes; metodo=curl.exe; TLS=SCHANNEL_DEFAULT_SSL_NO_REVOKE.
audit_supermercados_hist,supermercados,Elaboración propia,Auditoría supermercados histórico 2017-2026,,/data/fuentes/supermercados/metodologia/AUDITORIA_SUPERMERCADOS_HISTORICO_2017_2026.md,2026-08-25,,,2017-2026,auditoría metodológica,fc2868576d88bd67013d710f1bf3d718a34fa0d3a1b2fd9381d8e959488d4b31,Observado/derivado y discontinuidades
deriv_supermercados_estructura,supermercados,Elaboración propia,Estructura supermercados,,/data/derivados/supermercados/supermercados_estructura_2020_2026.csv,2026-08-25,,,2020-2026,CSV derivado,d3fe0bcea3c3c39773acb915508ddf0d0c456638b211bd57dbd56d88d2f4c270,"Operaciones, empleo y bocas"
deriv_supermercados_moderno,supermercados,Elaboración propia,Serie moderna supermercados,,/data/derivados/supermercados/supermercados_moderno_2017_2026.csv,2026-08-25,,,2017-2026,CSV derivado,f3518ece4e92d8a75a0abe681d599ac21b4e78aa6ca121a21382230500377465,Serie usada por el panel histórico
deriv_supermercados_pago,supermercados,Elaboración propia,Medios de pago supermercados,,/data/derivados/supermercados/supermercados_medios_pago_2020_2026.csv,2026-08-25,,,2020-2026,CSV derivado,f77a9dbecf05857bdc1e4c0cd7065f022dfb73107632822cd3824d85a76507a9,Snapshots de medios de pago
deriv_supermercados_rubros,supermercados,Elaboración propia,Composición por rubros supermercados,,/data/derivados/supermercados/supermercados_rubros_composicion_2023_2026.csv,2026-08-25,,,2023-2026,CSV derivado,3fc1ccdd9f0ea71392bfc1fc6af07b0adb24f14457c1f72244353d61fb20ba2d,"Composición nominal, no serie real larga"
deriv_supermercados_territorio,supermercados,Elaboración propia,Referencias territoriales supermercados 1S2026,,/data/derivados/supermercados/supermercados_territorio_1S2026_referencias.csv,2026-08-25,,,2026-1S,CSV derivado,f47a8c931b2fc157d07ba5dec02041de776bf88c918b6b4b4ed58f15cdd83c96,Sólo referencias publicadas; no ranking provincial completo
indec_supermercados_archivo,supermercados,INDEC,Archivo histórico y discontinuidades,https://www.indec.gob.ar/indec/web/Institucional-Indec-InformacionDeArchivo-1,/data/fuentes/manual_recovery_v96_final/indec_archivo_historico_y_discontinuidades_bundle.zip,2026-08-28,,,1996-2016,ZIP bundle de descargas oficiales · recuperación manual,08bc2123a58f0562c7eefa88b1731711e35eb04ce8963f3c5ff4c0dcc09a1c0c,"Usado para no fabricar empalmes metodológicamente incompatibles Bundle manual asociado a la landing oficial de Archivo histórico/discontinuidades de INDEC. Conserva materiales descargados de archivo (incluye metodologías/series históricas IPC); no reemplaza la serie específica de supermercados, que se preserva por separado. Se usa como preservación de la landing/archivo general consultado para advertencias de discontinuidad."
indec_supermercados_serie,supermercados,INDEC,Serie de supermercados desde 2017,https://www.indec.gob.ar/ftp/cuadros/economia/serie_supermercados.xlsx,/data/fuentes/supermercados/indec/indec_supermercados_serie.xlsx,2026-08-28,,,2017-2026,XLSX oficial · binario preservado,3ce50342499ff2ccf31328491fbea016ecb4de09f811e00382b7eb6615cf006a,Archivo dinámico oficial; URL preservada en el backup Backfill V96: binario local validado por magic bytes + SHA-256; 849824 bytes; metodo=curl.exe; TLS=SCHANNEL_DEFAULT_SSL_NO_REVOKE.
indec_supermercados_tema,supermercados,INDEC,Encuesta de supermercados,https://www.indec.gob.ar/indec/web/Nivel4-Tema-3-1-34,/data/fuentes/manual_recovery_v96_final/indec_encuesta_supermercados_download_bundle.zip,2026-08-28,,,2017-2026,ZIP bundle de descargas oficiales · recuperación manual,d221978a04bfd3590901a9568418b41813ca684d1003ae3c4bbbcee8eab29d43,"Página temática y acceso a informes, metodología y cuadros Bundle manual de la página temática oficial Encuesta de supermercados de INDEC; contiene cuestionario, metodologías y series descargables oficiales, incluido serie_supermercados.xlsx."
bcra_boletin_202608,tasas,BCRA,Boletín Estadístico agosto 2026,https://www.bcra.gob.ar/archivos/Pdfs/PublicacionesEstadisticas/BoletinEstadistico/boldat202608.pdf,/data/fuentes/tasas/bcra/boldat202608.pdf,2026-08-20,,,hasta 2026-07,PDF oficial,108f911ee1792c3d665c674dad13a5699d7c3ba5503f1171c1dd532cc359ac55,Control de fecha de corte y vínculos a series
bcra_entidades_dic2023_red_pases,ciclo_ajuste_bancos,BCRA,Información de Entidades Financieras · diciembre 2023,https://www.bcra.gob.ar/archivos/Pdfs/PublicacionesEstadisticas/Entidades/202312e.pdf,/research/ciclo_ajuste/inputs/bcra/2023-12/informacion_entidades_financieras_open_data/202312e.pdf,2026-08-28,,,2023-12,PDF oficial · binario preservado,453e7729f271628a18bb355bed5d3e40bf0c2fb5eb890a52e322217d0bd19e24,"Base individual por entidad, agregados institucionales y denominador de activos; asset share se usa sólo como diagnóstico de cobertura, no como pass-flow weight. Arqueología batch 3: se reconcilió con la copia física ya existente en inputs BCRA; SHA-256 verificado."
icbc_eeff_9m2023_aq,ciclo_ajuste_bancos,ICBC Argentina,Estados financieros 30/09/2023 · Anexo Q,https://www.icbc.com.ar/wcm/connect/4de3ed09-cb4e-4064-b6a5-0aa3f0bca5fd/Estados%2BFinancieros%2BICBC%2B202309_ESPA%C3%91OL%2BLEGALIZADO.pdf?CVID=oNG1sHj&MOD=AJPERES,/data/fuentes/ciclo_ajuste/backfill_v96/icbc_eeff_9m2023_aq.pdf,2026-08-28,,,2023-09 9M,PDF oficial · binario preservado,ccc422947b87a6c5f91ffc12bf1d4880c4d3e9ec83ea2575840a60a4a04dbe2e,Base individual compatible; pata 9M para bridge Q4 four-leg exacto. Backfill V96: binario local validado por magic bytes + SHA-256; 4775965 bytes; metodo=curl.exe; TLS=SCHANNEL_DEFAULT_SSL_NO_REVOKE.
icbc_eeff_fy2023_aq,ciclo_ajuste_bancos,ICBC Argentina,Estados financieros 31/12/2023 · Anexo Q,https://www.icbc.com.ar/wcm/connect/09254af5-2d9a-4742-bec0-bbd0018305d5/Estados%2BFinancieros%2BICBC%2B202312_ESPA%C3%91OL%2BLEGALIZADO.pdf?CVID=oUU1Wae&MOD=AJPERES,/data/fuentes/ciclo_ajuste/backfill_v96/icbc_eeff_fy2023_aq.pdf,2026-08-28,,,2023 FY,PDF oficial · binario preservado,236ea1fda3e545c98a081aca59b2f13357067fd39165861f2ddac9a31dd852b6,Base individual compatible; pata FY para bridge Q4 four-leg exacto. Backfill V96: binario local validado por magic bytes + SHA-256; 7357993 bytes; metodo=curl.exe; TLS=SCHANNEL_DEFAULT_SSL_NO_REVOKE.
bapro_eeff_fy2023_aq,ciclo_ajuste_bancos,Banco Provincia,Estados financieros FY 2023 · Anexo Q separado,https://www.bancoprovincia.com.ar/CDN/Get/EEFF_unificado_31122023,/data/fuentes/ciclo_ajuste/backfill_v96_round2/bapro_eeff_fy2023_aq.pdf,2026-08-28,,,2023 FY,PDF oficial · binario preservado,b241ee83f73fe7a83cf48a36d75dea2e9857f48647d2614423e8cd2195913353,Control FY individual exacto; no se llama Q4 sin 9M separado compatible. Backfill V96 round2: binario recuperado 2026-08-28T19:38:16.8488024Z; 3328448 bytes; method=curl.exe; direct_url=https://www.bancoprovincia.com.ar/CDN/Get/EEFF_unificado_31122023; tls=SCHANNEL_DEFAULT_SSL_NO_REVOKE.
bapro_disciplina_sep2023_control,ciclo_ajuste_bancos,Banco Provincia,Disciplina de Mercado · septiembre 2023,https://www.bancoprovincia.com.ar/CDN/Get/Disciplina_de_Mercado_septiembre_2023,/data/fuentes/ciclo_ajuste/backfill_v96_round2/bapro_disciplina_sep2023_control.pdf,2026-08-28,,,2023-09,PDF oficial · binario preservado,37b18af7a2cb6c32642d4a895f8c5dd62a5e4c8dbdb824fa3c1de954d728e34b,Control primario al 30/09/2023; no contiene el Anexo Q separado requerido para el bridge. Backfill V96 round2: binario recuperado 2026-08-28T19:38:15.3820738Z; 954250 bytes; method=curl.exe; direct_url=https://www.bancoprovincia.com.ar/CDN/Get/Disciplina_de_Mercado_septiembre_2023; tls=SCHANNEL_DEFAULT_SSL_NO_REVOKE.
credicoop_eeff_fy2023_aq,ciclo_ajuste_bancos,Banco Credicoop,Memoria y Balance 2023 · Anexo Q separado,https://www.bancocredicoop.coop/api/descargas/descargar.php?descarga=819,/data/fuentes/ciclo_ajuste/backfill_v96_round2/credicoop_eeff_fy2023_aq.pdf,2026-08-28,,,2023 FY,PDF oficial · binario preservado,bbce92013c7c1d9d4c4837929be3d0841ab76424069d4db5affc3161a8f584b3,Control FY individual exacto; 9M primario compatible no recuperado al corte V70. Backfill V96 round2: binario recuperado 2026-08-28T19:38:32.4993652Z; 1990053 bytes; method=curl.exe; direct_url=https://www.bancocredicoop.coop/api/descargas/descargar.php?descarga=819; tls=SCHANNEL_DEFAULT_SSL_NO_REVOKE.
valo_eeff_9m2023_aq_mirror,ciclo_ajuste_bancos,Banco de Valores / mirror regulatorio,Estados separados 30/09/2023 · Anexo Q,https://cdn.financialreports.eu/financialreports/media/filings/68513/2023/RNS/68513_rns_2023-11-23_b356ffca-3ad3-4121-b2bc-c9ff8ad7aa0e.pdf,/data/fuentes/ciclo_ajuste/backfill_v96/valo_eeff_9m2023_aq_mirror.pdf,2026-08-28,,,2023-09 9M,copia de filing regulatorio · binario preservado,ab482f80e582595b217058504a7548d33e10aaf6b1d7d9e493e74af5f8322231,Bytes del filing recuperados vía mirror; usados con FY oficial para bridge Q4 exacto. Backfill V96: binario local validado por magic bytes + SHA-256; 833979 bytes; metodo=curl.exe; TLS=SCHANNEL_DEFAULT_SSL_NO_REVOKE.
valo_eeff_fy2023_aq,ciclo_ajuste_bancos,Banco de Valores,Estados financieros FY 2023 · bloque separado / Anexo Q,https://www.valo.ar/wp-content/uploads/BVSA-2023-Estados-Financieros-con-PDU-e-ICF-Consolidado-Legalizado.pdf,/data/fuentes/ciclo_ajuste/backfill_v96/valo_eeff_fy2023_aq.pdf,2026-08-28,,,2023 FY,PDF oficial · binario preservado,fbff4a1065165db438e70c37ef76c29704ea2e8a09fc367f4b06b5dfb18786c5,Fuente del emisor; base separada para bridge Q4 exacto. Backfill V96: binario local validado por magic bytes + SHA-256; 3459222 bytes; metodo=curl.exe; TLS=SCHANNEL_DEFAULT_SSL_NO_REVOKE.
macro_eeff_9m2023_aq,ciclo_ajuste_bancos,Banco Macro,Estados financieros 30/09/2023 · bloque separado / Anexo Q,https://www.macro.com.ar/relaciones-inversores/documento/1580934703038/banco_macro_sa_eeff_30-09-2023.pdf,/data/fuentes/ciclo_ajuste/backfill_v96/macro_eeff_9m2023_aq.pdf,2026-08-28,,,2023-09 9M,PDF oficial · binario preservado,829395481a8d0a4da424fbc778d959981de203bd1af6e0f1dbd095387ce6d80e,Base individual/separada compatible; bridge Q4 exacto. Backfill V96: binario local validado por magic bytes + SHA-256; 1193091 bytes; metodo=curl.exe; TLS=SCHANNEL_DEFAULT_SSL_NO_REVOKE.
macro_eeff_fy2023_aq,ciclo_ajuste_bancos,Banco Macro,Estados financieros 31/12/2023 · bloque separado / Anexo Q,https://www.macro.com.ar/relaciones-inversores/documento/1580935557769/eeff_bm_31-12-2023.pdf,/data/fuentes/ciclo_ajuste/backfill_v96/macro_eeff_fy2023_aq.pdf,2026-08-28,,,2023 FY,PDF oficial · binario preservado,3ac5e7a8a60645130a6d995a0b3ef20ec5834bcd97359c8c930d39a9689be36a,Base individual/separada compatible; bridge Q4 exacto. Backfill V96: binario local validado por magic bytes + SHA-256; 1845158 bytes; metodo=curl.exe; TLS=SCHANNEL_DEFAULT_SSL_NO_REVOKE.
supervielle_eeff_9m2023_sep,ciclo_ajuste_bancos,Banco Supervielle,Estados financieros condensados 30/09/2023 · separados,https://content-us-7.content-cms.com/8ba19f21-9a97-4525-8886-f54d823a5cea/dxdam/02/025e5bb4-d630-480e-a03d-397a022080ff/EECC%20Banco%20Supervielle%2030.09.23.pdf,/data/fuentes/ciclo_ajuste/backfill_v96/supervielle_eeff_9m2023_sep.pdf,2026-08-28,,,2023-09 9M,PDF oficial · binario preservado,6a3973b44fd75de3b57716f989a4a76b7c35a093ee07fe4269078d5298cdff0e,Permite total 9M de pases; no abre contraparte suficiente para four-leg exacto. Backfill V96: binario local validado por magic bytes + SHA-256; 2166044 bytes; metodo=curl.exe; TLS=SCHANNEL_DEFAULT_SSL_NO_REVOKE.
supervielle_eeff_fy2023_aq,ciclo_ajuste_bancos,Banco Supervielle,Estados financieros FY 2023 · Anexo Q separado,https://content-us-7.content-cms.com/8ba19f21-9a97-4525-8886-f54d823a5cea/dxdam/08/08afb7e5-b4c1-4396-925e-b66a2f5c13b1/EECC%20Banco%20Supervielle%2031.12.2023.pdf,/data/fuentes/ciclo_ajuste/backfill_v96/supervielle_eeff_fy2023_aq.pdf,2026-08-28,,,2023 FY,PDF oficial · binario preservado,698c6afe9fcbe13f90f08575651d6b6e673845e14f20e4705028ecaae5db7d77,"Abre contraparte FY; combinado con 9M sostiene bound Q4, no four-leg puntual. Backfill V96: binario local validado por magic bytes + SHA-256; 4178726 bytes; metodo=curl.exe; TLS=SCHANNEL_DEFAULT_SSL_NO_REVOKE."
santander_cnv_filings_2023,ciclo_ajuste_bancos,CNV,Banco Santander Argentina · presentaciones 2023,https://www.cnv.gov.ar/SitioWeb/Empresas/Empresa/30500008454,,2026-08-27,,,2023-09/2023-12,Índice regulatorio oficial / discovery URL · no requiere binario propio,,"Metadata regulatoria distingue presentaciones individuales/separadas de consolidadas. La landing CNV se conserva como índice de descubrimiento, no como gap binario. Los EEFF separados 9M y FY están preservados en santander_eeff_9m2023_sep_mirror y santander_eeff_fy2023_aq_mirror; el 2026-08-28 las descargas oficiales CNV provistas manualmente resultaron byte-idénticas a ambos binarios ya preservados."
santander_eeff_9m2023_sep_mirror,ciclo_ajuste_bancos,Santander Argentina / CNV (binario verificado),Estados separados intermedios 30/09/2023,https://cdn.financialreports.eu/financialreports/media/filings/68743/2023/RNS/68743_rns_2023-11-24_514c3f88-1bff-43e7-9afe-b8e793c5e3e1.pdf,/data/fuentes/ciclo_ajuste/backfill_v96/santander_eeff_9m2023_sep_mirror.pdf,2026-08-28,,,2023-09 9M,filing regulatorio preservado · binario preservado,dd043602ac6fe0685e3d683e2d26e39650c5411548a0cb062b3ad8ff542f958a,"No contiene Anexo Q; Nota 26.1 da total acumulado de ingresos por pases. Se usa sólo para total/bound, no para completar four-leg. Backfill V96: binario local validado por magic bytes + SHA-256; 1327535 bytes; metodo=curl.exe; TLS=SCHANNEL_DEFAULT_SSL_NO_REVOKE. Verificación manual 2026-08-28: descarga oficial CNV 9M byte-idéntica al binario local ya preservado; SHA-256 dd043602ac6fe0685e3d683e2d26e39650c5411548a0cb062b3ad8ff542f958a. La URL mirror se mantiene como provenance de recuperación original; CNV landing: https://www.cnv.gov.ar/SitioWeb/Empresas/Empresa/30500008454."
santander_eeff_fy2023_aq_mirror,ciclo_ajuste_bancos,Santander Argentina / CNV (binario verificado),Estados separados FY 2023 · Anexo Q,https://cdn.financialreports.eu/financialreports/media/filings/68743/2024/RNS/68743_rns_2024-03-06_8a497326-fbc5-4ac4-bb14-21ece6df12e5.pdf,/data/fuentes/ciclo_ajuste/backfill_v96/santander_eeff_fy2023_aq_mirror.pdf,2026-08-28,,,2023 FY,filing regulatorio preservado · binario preservado,3f324e4c932b6e33f8da9abba5e967ca8c9ffacc8d253637f9e8f3783d73faec,"Abre contraparte FY; junto al total 9M sostiene bound individual de ingreso Q4, no four-leg completo. Backfill V96: binario local validado por magic bytes + SHA-256; 2027764 bytes; metodo=curl.exe; TLS=SCHANNEL_DEFAULT_SSL_NO_REVOKE. Verificación manual 2026-08-28: descarga oficial CNV FY byte-idéntica al binario local ya preservado; SHA-256 3f324e4c932b6e33f8da9abba5e967ca8c9ffacc8d253637f9e8f3783d73faec. La URL mirror se mantiene como provenance de recuperación original; CNV landing: https://www.cnv.gov.ar/SitioWeb/Empresas/Empresa/30500008454."
bna_memoria_fy2023_aq,ciclo_ajuste_bancos,Banco Nación,Memoria y Estados Financieros 2023 · Schedule Q individual/consolidado,https://www.bna.com.ar/Downloads/Institucional_MemoriayBalances_Memoria%202023%20Ingles.pdf,/data/fuentes/ciclo_ajuste/backfill_v96/bna_memoria_fy2023_aq.pdf,2026-08-28,,,2023 FY,PDF oficial · binario preservado,e48df5a1b31b7a5ebb8fa4e2753addefd21cb5abebc03c3a18fa38cffd264d91,Schedule Q individual difiere del consolidado en otherFI; valida que bases no deben mezclarse. FY no se sustituye por Q4. Backfill V96: binario local validado por magic bytes + SHA-256; 4014890 bytes; metodo=curl.exe; TLS=SCHANNEL_DEFAULT_SSL_NO_REVOKE.
agn_bna_informe210_9m2023,ciclo_ajuste_bancos,AGN,Informe 210/2023 · BNA 9M 2023,https://www.agn.gob.ar/informes/Informe-210-2023,/data/fuentes/ciclo_ajuste/agn/agn_bna_informe210_9m2023_attachments.zip,2026-08-28,,,2023-09 9M,ZIP de adjuntos oficiales AGN · binarios preservados,692fc8f0fc954a92eb27a3670d3b47d6f27bbca1cc8098de7b4ec5aef0b61748,"Identifica estados intermedios consolidados condensados y separados condensados; attachments no recuperados al cierre V70. Reconciliado en archaeology batch4: los tres adjuntos oficiales ya estaban preservados desde V72/manual recovery; se creó bundle determinístico local con Informe CC, Informe SC y Resolución."
bna_balance_condensado_sep2023_control,ciclo_ajuste_bancos,Banco Nación,Balance Condensado · septiembre 2023,https://www.bna.com.ar/Downloads/Institucional_MemoriayBalances_BALANCE%20CONDENSADO%20SEPT%202023.pdf,/data/fuentes/ciclo_ajuste/backfill_v96/bna_balance_condensado_sep2023_control.pdf,2026-08-28,,,2023-09 9M,PDF oficial · binario preservado,3b037950f40b32ccbfea6fe696aa3e216e4ae664fa90868921f7529438c2010d,"Primario pero inclusivo de filiales/subsidiarias/entes estructurados; no contiene Anexo Q. Control consolidado, no bridge individual. Backfill V96: binario local validado por magic bytes + SHA-256; 20060 bytes; metodo=curl.exe; TLS=SCHANNEL_DEFAULT_SSL_NO_REVOKE."
ciudad_eeff_9m2023_consol_control,ciclo_ajuste_bancos,Banco Ciudad,Estados financieros consolidados 30/09/2023,https://www.bancociudad.com.ar/cms/recursos/institucional/carpetarecurso/Balances%20Trimestrales/EstadosFinancieros/2023.09_-_EEFF_consolidados.pdf,/data/fuentes/ciclo_ajuste/backfill_v96/ciudad_eeff_9m2023_consol_control.pdf,2026-08-28,,,2023-09 9M,PDF oficial · binario preservado,1b8445d43ce16aadd6f3205dfe0fb956e6961198c5f9c6bf2648bce6d589cb19,Control consolidado; no sustituye el estado individual/separado para panel sistémico. Backfill V96: binario local validado por magic bytes + SHA-256; 1020190 bytes; metodo=curl.exe; TLS=SCHANNEL_DEFAULT_SSL_NO_REVOKE.
bcra_prestamos_activos_sector_mapping,ciclo_ajuste_hogares,BCRA,Préstamos y otros activos de las entidades financieras,https://www.bcra.gob.ar/prestamos-y-otros-activos-de-las-entidades-financieras/,/data/fuentes/manual_recovery_v96_final/bcra_prestamos_activos_sector_mapping.xls,2026-08-28,,,metodología vigente,XLS oficial · recuperación manual,484bd080a2d35c635daed23e7f9c087b01eebeac0bf0ab6a49515f31f6de7a3a,"Apoya auditoría producto→tipo de titular; no convierte líneas de producto en flujo devengado de hogares. Workbook BCRA recuperado manualmente. Inspección de cadenas BIFF identifica Estadísticas Monetarias del BCRA y series de préstamos/activos por sector. El archivo adjunto con nombre AUH + Tarjeta Alimentar resultó byte-idéntico a este workbook y se registra como alias duplicado, no como segunda fuente."
bcra_boldat202505_tipo_titular,ciclo_ajuste_hogares,BCRA,Boletín Estadístico mayo 2025 · tipo de titular/destino,https://www7.bcra.gob.ar/Pdfs/PublicacionesEstadisticas/BoletinEstadistico/boldat202505.pdf,/data/fuentes/manual_recovery_v96_final/bcra_boldat202505_tipo_titular.pdf,2026-08-28,,,metodología/cuadros XIX-XX,PDF oficial · recuperación manual,0b466df43189cfef6e96083b5fbe47c28570f933fa108aaae7099fb1a1a73b52,Hipotecarios/prendarios distinguen personas humanas y jurídicas; producto != sector hogar. Recuperación manual 2026-08-28 del Boletín Estadístico mayo 2025; el host legacy www7 no resolvía durante el backfill automático. Binario validado localmente por firma PDF y SHA-256.
bcra_bolmetes_prestamos_titular,ciclo_ajuste_hogares,BCRA,Notas metodológicas del Boletín Estadístico,https://web2.bcra.gob.ar/Pdfs/PublicacionesEstadisticas/bolmetes.pdf,/data/fuentes/ciclo_ajuste/backfill_v96_round2/bcra_bolmetes_prestamos_titular.pdf,2026-08-28,,,metodología,PDF oficial · binario preservado,c62ada1920c0cb7c9695eedafd355aa8bd845aa715ac17e3167dcab2a044ea47,Definiciones de préstamos y tipo de titular usadas para el gate sector hogar. Backfill V96 round2: binario recuperado 2026-08-28T19:38:26.5186365Z; 1457023 bytes; method=Invoke-WebRequest; direct_url=https://www.bcra.gob.ar/pdfs/publicacionesestadisticas/bolmetes.pdf; tls=WINDOWS_DEFAULT.
refs_ciclo_ajuste_v70,ciclo_ajuste_bancos,Elaboración propia,Referencias Ciclo del Ajuste · V70,,/data/fuentes/ciclo_ajuste/REFERENCIAS_CICLO_AJUSTE_V70.md,2026-08-27,,,V34-V70,mapa documental / auditoría,c5d252c43bbed9a733a4911cd38f903e0a1707218c87ca3f5cba549c16a3f378,"Mapa vigente: reglas, revocaciones, fuentes primarias y estado de gates."
audit_ciclo_ajuste_v70,ciclo_ajuste_bancos,Elaboración propia,Auditoría Ciclo del Ajuste · V70,,/data/fuentes/ciclo_ajuste/AUDITORIA_CICLO_AJUSTE_V70.md,2026-08-27,,,V70,auditoría metodológica,20e07483e3c8c05b027443b760b6fa5de98352b71453b611594caa2c4898015a,Auditoría de recuperación BNA 9M y gate de bancos públicos.
veredicto_ciclo_ajuste_v70,ciclo_ajuste_bancos,Elaboración propia,Veredicto Ciclo del Ajuste · V70,,/data/fuentes/ciclo_ajuste/VEREDICTO_CICLO_AJUSTE_V70.md,2026-08-27,,,V70,auditoría metodológica,0e8cf3a2fc75d74d4ea6309264ede4de86b7bc4a5ad052d6373dc95274d8fd69,"Estado autoritativo: cobertura exacta 11,260968%; red cerrada no alcanzada; IEF 7,7 pp BCRA share N/D."
ledger_ciclo_ajuste_v70,ciclo_ajuste_bancos,Elaboración propia,Evidence ledger Ciclo del Ajuste · V70,,/data/fuentes/ciclo_ajuste/v70/EVIDENCE_LEDGER_CICLO_AJUSTE_V70.csv,2026-08-27,,,V70,CSV derivado/auditoría,d1123924ec41b3e286d1026aa2b1339112b8bea7ca221826bb150ea108826b4a,"Ledger machine-readable de claims, evidencia y estado."
four_leg_pass_panel_v70,ciclo_ajuste_bancos,Elaboración propia,Panel four-leg de pases · V70,,/data/fuentes/ciclo_ajuste/v70/FOUR_LEG_PASS_PANEL_V70.csv,2026-08-27,,,2023-Q4 / V70,CSV derivado/auditoría,c514f7b0960afc492dffc5fbd85677739f9536c8c2ac9edca819206428b4cb57,Panel por entidad; exact/bound/N-D se conservan separados.
closed_network_coverage_v70,ciclo_ajuste_bancos,Elaboración propia,Cobertura de red de pases · V70,,/data/fuentes/ciclo_ajuste/v70/CLOSED_NETWORK_COVERAGE_V70.csv,2026-08-27,,,2023-Q4 / V70,CSV derivado/auditoría,bc6b203654dd2b7cde0c800056bcfe93ddef162448e0c6888d11a1eeea04f050,Cobertura estricta por activos usada sólo como diagnóstico documental.
bna_9m_recovery_v70,ciclo_ajuste_bancos,Elaboración propia,Auditoría recuperación BNA 9M · V70,,/data/fuentes/ciclo_ajuste/v70/BNA_9M_BINARY_RECOVERY_V70.csv,2026-08-27,,,2023-09 / V70,CSV derivado/auditoría,8f6c89ff13d127d2279cc18afde77bcc497cd16602fc543621cee0b6bf733d48,Clasifica fuentes AGN/BNA y evita usar resumen consolidado como individual.
household_sector_mapping_v70,ciclo_ajuste_hogares,Elaboración propia,Mapping producto → sector hogar · V70,,/data/fuentes/ciclo_ajuste/v70/HOUSEHOLD_SECTOR_MAPPING_V70.csv,2026-08-27,,,V70,CSV derivado/auditoría,0a809143c2981af02896c62c4a60e024bf293a1d95ae6604ad8821dea9cdd852,Mantiene producto != sector institucional y accrued-interest bridge no identificado.
issuer_v90_g00_bice,ciclo_ajuste_bancos,BICE,FY2023 issuer,https://www.bice.com.ar/wp-content/uploads/2025/03/Memoria-y-Balance-2023.pdf,/research/ciclo_ajuste/inputs/issuer_retrieval/v90/binaries/000_Memoria-y-Balance-2023.pdf,2026-08-28,,,FY2023 issuer,PDF de emisor preservado,f6f6fb95aec9484c3e42e6acab74b6d9a13c6ea85453bf2c0d74f2f6408eda5f,Importado desde SOURCE_URLS_V90; gap 0 P0; reason=used; magic + SHA-256 verificados; metodo=curl.exe; TLS=SCHANNEL_DEFAULT_SSL_NO_REVOKE.
issuer_v96_g01_banco_cmf_s_a,ciclo_ajuste_bancos,Banco CMF S.A.,official 2023 report,https://www.bancocmf.com.ar/wp-content/uploads/Anual-2023-Memoria.pdf,/research/ciclo_ajuste/inputs/issuer_retrieval/v96/binaries/001_Anual-2023-Memoria.pdf,2026-08-28,,,official 2023 report,PDF de emisor preservado,c6a436d3b0ab5d572825fc6941d1bafefd68e77a67103746b99c7b3240446323,Importado desde SOURCE_URLS_V96; gap 1 P0; reason=used_hold_source; magic + SHA-256 verificados; metodo=curl.exe; TLS=SCHANNEL_DEFAULT_SSL_NO_REVOKE.
issuer_v91_g02_banco_industrial,ciclo_ajuste_bancos,Banco Industrial,FY2023 separated issuer,https://www.garval.sba.com.ar/images/LEGALIZADOS-BIND---2023---12---EEFF-Separados.pdf,/research/ciclo_ajuste/inputs/issuer_retrieval/v91/binaries/002_LEGALIZADOS-BIND---2023---12---EEFF-Separados.pdf,2026-08-28,,,FY2023 separated issuer,PDF de emisor preservado,1e23da89c47f19f1b6b7a074e6ef62cd60ffb086afac01c38589becd8778e78e,Importado desde SOURCE_URLS_V91; gap 2 P0; reason=used; magic + SHA-256 verificados; metodo=curl.exe --insecure; TLS=BYPASSED_WRONG_PRINCIPAL. Advertencia: TLS hostname verification bypassed after SEC_E_WRONG_PRINCIPAL. Binary still requires magic-byte and SHA-256 validation.
issuer_v94_g03_banco_provincia_del_neuqu_n_s_a,ciclo_ajuste_bancos,Banco Provincia del Neuquén S.A.,2023 standalone/group-basis disclosure,https://apiapp.bpn.com.ar/Resources/Files/06c53b4c8d1a4285ae8685e7d02644a2.pdf,/research/ciclo_ajuste/inputs/issuer_retrieval/v94/binaries/003_06c53b4c8d1a4285ae8685e7d02644a2.pdf,2026-08-28,,,2023 standalone/group-basis disclosure,PDF de emisor preservado,ba146a4793bce90ac50c98dc190a48f76910de437e7a2d2fb69ab5bdfa559edf,Importado desde SOURCE_URLS_V94; gap 3 P0; reason=used_context; magic + SHA-256 verificados; metodo=curl.exe; TLS=SCHANNEL_DEFAULT_SSL_NO_REVOKE.
issuer_v94_g04_banco_provincia_del_neuqu_n_s_a,ciclo_ajuste_bancos,Banco Provincia del Neuquén S.A.,FY2023 official Balance / Annex Q,https://apiapp.bpn.com.ar/Resources/Files/3c8ae1e827054171978cb213a56891df.pdf,/research/ciclo_ajuste/inputs/issuer_retrieval/v94/binaries/004_3c8ae1e827054171978cb213a56891df.pdf,2026-08-28,,,FY2023 official Balance / Annex Q,PDF de emisor preservado,cd17e9e424df8550a61d40f9b6f88757f93f30d3e473457f2ed9da7a6aeec230,Importado desde SOURCE_URLS_V94; gap 4 P0; reason=used; magic + SHA-256 verificados; metodo=curl.exe; TLS=SCHANNEL_DEFAULT_SSL_NO_REVOKE.
issuer_v95_g05_banco_de_formosa_s_a,ciclo_ajuste_bancos,Banco de Formosa S.A.,9M2023 official separated package / Annex Q,https://www.bancoformosa.com.ar/Multimedios/pdfs/117571.pdf,/research/ciclo_ajuste/inputs/issuer_retrieval/v95/binaries/005_117571.pdf,2026-08-28,,,9M2023 official separated package / Annex Q,PDF de emisor preservado,0a660361c63180c6b2c3706877c748fe198b8943a13a5e99b3c72f4df5201e1d,Importado desde SOURCE_URLS_V95; gap 5 P0; reason=used_primary; magic + SHA-256 verificados; metodo=curl.exe; TLS=SCHANNEL_DEFAULT_SSL_NO_REVOKE.
issuer_v95_g06_banco_de_formosa_s_a,ciclo_ajuste_bancos,Banco de Formosa S.A.,FY2023 official financial-statements package,https://www.bancoformosa.com.ar/Multimedios/pdfs/117598.pdf,/research/ciclo_ajuste/inputs/issuer_retrieval/v95/binaries/006_117598.pdf,2026-08-28,,,FY2023 official financial-statements package,PDF de emisor preservado,86f17e539912d2f8c53bf06ef175eb929ec5f78e1c8a5be9e31f6acdb48bdba7,Importado desde SOURCE_URLS_V95; gap 6 P0; reason=used_primary; magic + SHA-256 verificados; metodo=curl.exe; TLS=SCHANNEL_DEFAULT_SSL_NO_REVOKE.
issuer_v95_g07_banco_de_formosa_s_a,ciclo_ajuste_bancos,Banco de Formosa S.A.,official 2023 integrated report,https://www.bancoformosa.com.ar/Multimedios/pdfs/118254.pdf,/research/ciclo_ajuste/inputs/issuer_retrieval/v95/binaries/007_118254.pdf.zip,2026-08-28,,,official 2023 integrated report,ZIP preservado (PDF de emisor preservado),191ef91499946d1060ee9bed7437e28bdab1a9930cd4e56a3d643b42da2206e5,Importado desde SOURCE_URLS_V95; gap 7 P0; reason=used_primary_control; magic + SHA-256 verificados; metodo=curl.exe; TLS=SCHANNEL_DEFAULT_SSL_NO_REVOKE. GitHub-safe archive; contiene 007_118254.pdf exacto; original_bytes=54536329; original_sha256=a3a4f91b8e3e9c668a0f572f865420de743ed09739310df77111f6b5c1b7b84e; archive_bytes=50403221; archive_sha256=191ef91499946d1060ee9bed7437e28bdab1a9930cd4e56a3d643b42da2206e5; restaurar con RESTORE_LARGE_SOURCES.ps1.
issuer_v93_g08_banco_de_la_pampa_s_e_m,ciclo_ajuste_bancos,Banco de La Pampa S.E.M.,FY2023 official issuer Memoria/Balance Annex Q,https://www.bancodelapampa.com.ar/files/files/Dise%C3%B1o%20Memoria%20y%20Balance%20General%202023%20web.pdf,/research/ciclo_ajuste/inputs/issuer_retrieval/v93/binaries/008_Diseño Memoria y Balance General 2023 web.pdf,2026-08-28,,,FY2023 official issuer Memoria/Balance Annex Q,PDF de emisor preservado,dd4917c72be07ffb3cfdc06481330233f2e5a62cce0c84dcaf67423ee8d4720d,Importado desde SOURCE_URLS_V93; gap 8 P0; reason=used; magic + SHA-256 verificados; metodo=curl.exe; TLS=SCHANNEL_DEFAULT_SSL_NO_REVOKE.
issuer_v89_g09_banco_de_san_juan_s_a,ciclo_ajuste_bancos,Banco de San Juan S.A.,30/09/2023,https://assets.ctfassets.net/e7eu92ue673r/y9IVnh4fy1BgWES0TUbmZ/468b8e783fed7b6e18bd70a9ee7bebf9/30.09.2023__SEPARADOS_.pdf,/research/ciclo_ajuste/inputs/issuer_retrieval/v89/binaries/009_30.09.2023__SEPARADOS_.pdf,2026-08-28,,,30/09/2023,PDF de emisor preservado,99608f0261fb255dff814078661d6ef6f7ee2944bbe0beb5a19ac99bef0d380e,Importado desde SOURCE_URLS_V89; gap 9 P0; reason=URL_AND_CHECKPOINT_AUDIT_ONLY_BINARY_NOT_CONTAINER_RETRIEVED; magic + SHA-256 verificados; metodo=curl.exe; TLS=SCHANNEL_DEFAULT_SSL_NO_REVOKE.
issuer_v89_g10_banco_de_san_juan_s_a,ciclo_ajuste_bancos,Banco de San Juan S.A.,official 2024/2023 comparative Annex Q; FY2023 comparator,https://contenido.sanjuan.gob.ar/media/k2/attachments/%2803%29_%28MARZO%29_14-03-2025_ANEXO_BANCO_SAN_JUAN.pdf,/research/ciclo_ajuste/inputs/issuer_retrieval/v89/binaries/010_(03)_(MARZO)_14-03-2025_ANEXO_BANCO_SAN_JUAN.pdf,2026-08-28,,,official 2024/2023 comparative Annex Q; FY2023 comparator,PDF de emisor preservado,18f89f425a3ce9e4cd6150fa9d87080f3ff1c1211313c9f8f94675c765c700e2,Importado desde SOURCE_URLS_V89; gap 10 P0; reason=URL_AND_CHECKPOINT_AUDIT_ONLY_BINARY_NOT_CONTAINER_RETRIEVED; magic + SHA-256 verificados; metodo=curl.exe; TLS=SCHANNEL_DEFAULT_SSL_NO_REVOKE.
issuer_v89_g11_banco_de_santa_cruz_s_a,ciclo_ajuste_bancos,Banco de Santa Cruz S.A.,FY-2023,https://assets.ctfassets.net/h7wmg0jhythh/4g79KmIvc3oFO0cOoxTWKs/431c9d8d065184e2c23525856a1d55ca/122023_-_BSC_-_Estados_Financieros.pdf,/research/ciclo_ajuste/inputs/issuer_retrieval/v89/binaries/011_122023_-_BSC_-_Estados_Financieros.pdf,2026-08-28,,,FY-2023,PDF de emisor preservado,3f0460be1194d66e3c0e2468ecc299b944bd11695996c76651920c36da7f3f06,Importado desde SOURCE_URLS_V89; gap 11 P0; reason=URL_AND_CHECKPOINT_AUDIT_ONLY_BINARY_NOT_CONTAINER_RETRIEVED; magic + SHA-256 verificados; metodo=curl.exe; TLS=SCHANNEL_DEFAULT_SSL_NO_REVOKE.
issuer_v89_g12_banco_de_santa_cruz_s_a,ciclo_ajuste_bancos,Banco de Santa Cruz S.A.,30/09/2023,https://assets.ctfassets.net/h7wmg0jhythh/67xmHobIaNPVJS8GHGQzkg/ef170bd735ee3a4dbe86a1f35d407799/092023_-_BSC_-_Estados_Financieros_NIIF.pdf,/research/ciclo_ajuste/inputs/issuer_retrieval/v89/binaries/012_092023_-_BSC_-_Estados_Financieros_NIIF.pdf,2026-08-28,,,30/09/2023,PDF de emisor preservado,e57a3f6449d365eeae9ba7708ad21f12af2445f67bcc4cd2833238159db0bd30,Importado desde SOURCE_URLS_V89; gap 12 P0; reason=URL_AND_CHECKPOINT_AUDIT_ONLY_BINARY_NOT_CONTAINER_RETRIEVED; magic + SHA-256 verificados; metodo=curl.exe; TLS=SCHANNEL_DEFAULT_SSL_NO_REVOKE.
issuer_v96_g13_banco_de_servicios_y_transacciones_s_a,ciclo_ajuste_bancos,Banco de Servicios y Transacciones S.A.,9M2023 official issuer financial statements,https://bst.com.ar/wp-content/uploads/2025/01/EEFF-BST-092023.pdf,/research/ciclo_ajuste/inputs/issuer_retrieval/v96/binaries/013_EEFF-BST-092023.pdf,2026-08-28,,,9M2023 official issuer financial statements,PDF de emisor preservado,0b42c96209d30f334774672fe091a5f64dd2d7e8c236ece23045a71d4a2cedb4,Importado desde SOURCE_URLS_V96; gap 13 P0; reason=used_primary; magic + SHA-256 verificados; metodo=curl.exe; TLS=SCHANNEL_DEFAULT_SSL_NO_REVOKE.
issuer_v96_g14_banco_de_servicios_y_transacciones_s_a,ciclo_ajuste_bancos,Banco de Servicios y Transacciones S.A.,FY2023 official issuer financial statements / Annex Q,https://bst.com.ar/wp-content/uploads/2025/01/EEFF-BST-12-2023-1.pdf,/research/ciclo_ajuste/inputs/issuer_retrieval/v96/binaries/014_EEFF-BST-12-2023-1.pdf,2026-08-28,,,FY2023 official issuer financial statements / Annex Q,PDF de emisor preservado,1eaa7d6fe04b01f9e290a3ff8c6785e80dfb8b312fa28ed2321c9cd81b0937f3,Importado desde SOURCE_URLS_V96; gap 14 P0; reason=used_primary; magic + SHA-256 verificados; metodo=curl.exe; TLS=SCHANNEL_DEFAULT_SSL_NO_REVOKE.
issuer_v89_g15_nuevo_banco_de_entre_r_os_s_a,ciclo_ajuste_bancos,Nuevo Banco de Entre Ríos S.A.,FY-2023,https://assets.ctfassets.net/h7wmg0jhythh/2fLFeDK6jUhhYgrHlc1WNH/59c7096b296c83d4d6420a3bc3f28243/NBERSA_12.2023_-_EEFF_sin_pdu.pdf,/research/ciclo_ajuste/inputs/issuer_retrieval/v89/binaries/015_NBERSA_12.2023_-_EEFF_sin_pdu.pdf,2026-08-28,,,FY-2023,PDF de emisor preservado,b462146af5e4145156338deea8ac297bdc8aaeac052ab85b691cd5b9b27b8e9e,Importado desde SOURCE_URLS_V89; gap 15 P0; reason=URL_AND_CHECKPOINT_AUDIT_ONLY_BINARY_NOT_CONTAINER_RETRIEVED; magic + SHA-256 verificados; metodo=curl.exe; TLS=SCHANNEL_DEFAULT_SSL_NO_REVOKE.
issuer_v89_g16_nuevo_banco_de_entre_r_os_s_a,ciclo_ajuste_bancos,Nuevo Banco de Entre Ríos S.A.,30/09/2023,https://assets.ctfassets.net/h7wmg0jhythh/4298svWaPcM3FgQ8pspEtP/e19201d5d304fe5ff78ac1bbefcad978/NBERSA_09.2023_-_EEFF_.pdf,/research/ciclo_ajuste/inputs/issuer_retrieval/v89/binaries/016_NBERSA_09.2023_-_EEFF_.pdf,2026-08-28,,,30/09/2023,PDF de emisor preservado,f20be4cb8104e8224c6bfadf84a6fa6909988d744756f87ab9ff488ef2c9fb61,Importado desde SOURCE_URLS_V89; gap 16 P0; reason=URL_AND_CHECKPOINT_AUDIT_ONLY_BINARY_NOT_CONTAINER_RETRIEVED; magic + SHA-256 verificados; metodo=curl.exe; TLS=SCHANNEL_DEFAULT_SSL_NO_REVOKE.
issuer_v89_g17_nuevo_banco_de_santa_fe_sociedad_anonima,ciclo_ajuste_bancos,Nuevo Banco de Santa Fe Sociedad Anonima,30/09/2023,https://assets.ctfassets.net/h7wmg0jhythh/3KykEMuhRA2DZjWCd12wv/10e5d5dd2278b7501d23c2fe0815962b/092023_-_NBSF_-_EEFF_Separados.pdf,/research/ciclo_ajuste/inputs/issuer_retrieval/v89/binaries/017_092023_-_NBSF_-_EEFF_Separados.pdf,2026-08-28,,,30/09/2023,PDF de emisor preservado,7b0ec6c242c06702796830ce1a2ae172fedef8b12fb4f0134cb949a676d2602b,Importado desde SOURCE_URLS_V89; gap 17 P0; reason=URL_AND_CHECKPOINT_AUDIT_ONLY_BINARY_NOT_CONTAINER_RETRIEVED; magic + SHA-256 verificados; metodo=curl.exe; TLS=SCHANNEL_DEFAULT_SSL_NO_REVOKE.
issuer_v89_g18_nuevo_banco_de_santa_fe_sociedad_anonima,ciclo_ajuste_bancos,Nuevo Banco de Santa Fe Sociedad Anonima,FY-2023,https://assets.ctfassets.net/h7wmg0jhythh/n0pbb6IBTuXKan3xDHFJI/0f0fbd42c71be085d2712976d1890ef9/122023_-_NBSF_-_EEFF_Separados.pdf,/research/ciclo_ajuste/inputs/issuer_retrieval/v89/binaries/018_122023_-_NBSF_-_EEFF_Separados.pdf,2026-08-28,,,FY-2023,PDF de emisor preservado,231c456998ac00b4e60093951ce76158cef2b4721314c0f71a208662fc38b80f,Importado desde SOURCE_URLS_V89; gap 18 P0; reason=URL_AND_CHECKPOINT_AUDIT_ONLY_BINARY_NOT_CONTAINER_RETRIEVED; magic + SHA-256 verificados; metodo=curl.exe; TLS=SCHANNEL_DEFAULT_SSL_NO_REVOKE.
issuer_v92_g19_nuevo_banco_del_chaco,ciclo_ajuste_bancos,Nuevo Banco del Chaco,FY2023 separated official publication,https://chaco.gov.ar/uploads/boletines/25-03-24-11076-660183ddcbb40676491772.pdf,/research/ciclo_ajuste/inputs/issuer_retrieval/v92/binaries/019_25-03-24-11076-660183ddcbb40676491772.pdf,2026-08-28,,,FY2023 separated official publication,PDF de emisor preservado,cdb1f7723693f0129d743dbcd9e92d372b0f14c3e08954a02287106fc5dae5a4,Importado desde SOURCE_URLS_V92; gap 19 P0; reason=used; magic + SHA-256 verificados; metodo=curl.exe; TLS=SCHANNEL_DEFAULT_SSL_NO_REVOKE.
issuer_v96_g20_banco_cmf_s_a,ciclo_ajuste_bancos,Banco CMF S.A.,historical annual archive candidate,https://www.bancocmf.com.ar/wp-content/uploads/Historico-Balance-e-Informes-Anual-1.zip,/research/ciclo_ajuste/inputs/issuer_retrieval/v96/binaries/020_Historico-Balance-e-Informes-Anual-1.zip,2026-08-28,,,historical annual archive candidate,ZIP de archivo de emisor preservado,5cb285ab72d8d50c83cd1760ba9dbb88795d43161e1c7a0096a8e8b1a7ed0145,Importado desde SOURCE_URLS_V96; gap 20 P1; reason=manual_recovery_candidate; magic + SHA-256 verificados; metodo=curl.exe; TLS=SCHANNEL_DEFAULT_SSL_NO_REVOKE.
issuer_v96_g21_banco_cmf_s_a,ciclo_ajuste_bancos,Banco CMF S.A.,historical quarterly archive candidate,https://www.bancocmf.com.ar/wp-content/uploads/Historico-Trimestral-Balances-e-Informes-1.zip,/research/ciclo_ajuste/inputs/issuer_retrieval/v96/binaries/021_Historico-Trimestral-Balances-e-Informes-1.zip,2026-08-28,,,historical quarterly archive candidate,ZIP de archivo de emisor preservado,9b373153d40647c0813315d435ac68a72ba5e674b43656ffac6b3c8dd939d65f,Importado desde SOURCE_URLS_V96; gap 21 P1; reason=manual_recovery_candidate; magic + SHA-256 verificados; metodo=curl.exe; TLS=SCHANNEL_DEFAULT_SSL_NO_REVOKE.
issuer_v94_g22_banco_provincia_del_neuqu_n_s_a,ciclo_ajuste_bancos,Banco Provincia del Neuquén S.A.,FY2024 comparator,https://apiapp.bpn.com.ar/Resources/Files/82d95330e8d6472b90d506e198bd6549.pdf,/research/ciclo_ajuste/inputs/issuer_retrieval/v94/binaries/022_82d95330e8d6472b90d506e198bd6549.pdf,2026-08-28,,,FY2024 comparator,PDF de emisor preservado,1e239d382b59d015ac5e41f22692e9c98b7aa909964556be4627d57398d0853c,Importado desde SOURCE_URLS_V94; gap 22 P1; reason=control_only; magic + SHA-256 verificados; metodo=curl.exe; TLS=SCHANNEL_DEFAULT_SSL_NO_REVOKE.
bcra_entidades_sep2023_hist,ciclo_ajuste_bancos,BCRA,Información de Entidades Financieras · septiembre 2023,https://www.bcra.gob.ar/archivos/Pdfs/PublicacionesEstadisticas/Entidades/202309e.pdf,/research/ciclo_ajuste/inputs/bcra/2023-09/informacion_entidades_financieras_open_data/202309e.pdf,2026-08-28,,,2023-09,PDF oficial · histórico preservado,d5d1f04cc0402b10b0e123c260a862a83bf522bd17b4b751c65d9a7ccb3f3d5c,Referencia histórica V57/V58; copia física preexistente reconciliada en batch 3.
bcra_glosario_bancos_hist,ciclo_ajuste_bancos,BCRA,Glosario · Informe sobre Bancos,https://www.bcra.gob.ar/archivos/Pdfs/PublicacionesEstadisticas/Glosario.pdf,/research/ciclo_ajuste/inputs/bcra/2023-09/Glosario.pdf,2026-08-28,,,2023,PDF oficial · histórico preservado,214973ed4108148e4e0930284ea656a7e359e6b5d0f59896c1f5aa3f3c751f06,Referencia histórica V58; copia física preexistente reconciliada en batch 3.
bcra_infbanc_anexo_2023_hist,ciclo_ajuste_bancos,BCRA,Informe sobre Bancos · Anexo estadístico XLSX,https://www.bcra.gob.ar/archivos/Pdfs/PublicacionesEstadisticas/InfBanc_Anexo.xlsx,/research/ciclo_ajuste/inputs/bcra/2023-09/InfBanc_Anexo.xlsx,2026-08-28,,,2023,XLSX oficial · histórico preservado,9b1b48b18039389889ee7d480a9c6d8958fb99630f169339e46ab953e7133251,Endpoint binario identificado en V57/V58; copia física preexistente reconciliada en batch 3.
bcra_infbanc_sep2023_xlsx_hist,ciclo_ajuste_bancos,BCRA,Informe sobre Bancos · septiembre 2023 · Series de Datos,https://www.bcra.gob.ar/archivos/Pdfs/PublicacionesEstadisticas/Infbanc0923.xlsx,/research/ciclo_ajuste/inputs/bcra/2023-09/Infbanc0923.xlsx,2026-08-28,,,2023-09,XLSX oficial · histórico preservado,752414aeec3a5f5ecbbb2c94835721b6c6898b23a4afd4251aa743761f93552b,Endpoint binario identificado en V57/V58; copia física preexistente reconciliada en batch 3.
bcra_infbanc_sep2023_pdf_hist,ciclo_ajuste_bancos,BCRA,Informe sobre Bancos · septiembre 2023,https://www.bcra.gob.ar/publicaciones/informe-sobre-bancos-septiembre-2023/,/research/ciclo_ajuste/inputs/bcra/2023-09/InfBanc0923.pdf,2026-08-28,,,2023-09,PDF oficial · histórico preservado,ec57d0695aef8e9a842ccffd3bce994a4938438a73e683211388b730ddb47764,Página fuente identificada en V58; PDF físico preexistente reconciliado en batch 3.
hist_bcra_baldethis,ciclo_ajuste_bancos,BCRA,BCRA · detalle de balances/resultados históricos,https://www.bcra.gob.ar/archivos/Pdfs/PublicacionesEstadisticas/baldethis.xls,/data/fuentes/ciclo_ajuste/backfill_v96_round2/hist_bcra_baldethis.xls,2026-08-28,,,,XLS oficial · binario preservado,e57b0dd852a71de0398ecf676b03f31d3bf89207faf97300f918e6a5c86295e0,Historical source recovered by V96 round2 from V54; 1577472 bytes; method=curl.exe; tls=SCHANNEL_DEFAULT_SSL_NO_REVOKE.
hist_bcra_bef_1s2015,ciclo_ajuste_bancos,BCRA,BCRA · BEF / primer semestre 2015,https://www.bcra.gob.ar/archivos/Pdfs/PublicacionesEstadisticas/bef0115e.pdf,/data/fuentes/ciclo_ajuste/backfill_v96_round2/hist_bcra_bef_1s2015.pdf,2026-08-28,,,,PDF oficial · binario preservado,ec72d6de73503631c66dd72b07c27d258be88b88d2e80bf2711ab156c705de14,Historical source recovered by V96 round2 from V50; 2473201 bytes; method=Invoke-WebRequest; tls=WINDOWS_DEFAULT.
hist_bcra_bef_2s2016,ciclo_ajuste_bancos,BCRA,BCRA · BEF / segundo semestre 2016,https://www.bcra.gob.ar/archivos/Pdfs/PublicacionesEstadisticas/bef0216e.pdf,/data/fuentes/ciclo_ajuste/backfill_v96_round2/hist_bcra_bef_2s2016.pdf,2026-08-28,,,,PDF oficial · binario preservado,e103d03c575e770f54a694a9b9cb08d76df9559ae8a105db2ab8e7918c251f80,Historical source recovered by V96 round2 from V32; 1679546 bytes; method=Invoke-WebRequest; tls=WINDOWS_DEFAULT.
hist_bcra_depuva_mensual,ciclo_ajuste_bancos,BCRA,BCRA · depósitos UVA mensuales,https://www.bcra.gob.ar/archivos/Pdfs/PublicacionesEstadisticas/depuva_mensual.xls,/data/fuentes/ciclo_ajuste/backfill_v96_round2/hist_bcra_depuva_mensual.xls,2026-08-28,,,,XLS oficial · binario preservado,1ab759188fa56165a9719a447af9787e7d461316a8fed0de6c69e1bd44f1762b,Historical source recovered by V96 round2 from V54; 308224 bytes; method=curl.exe; tls=SCHANNEL_DEFAULT_SSL_NO_REVOKE.
hist_bcra_din3_ser,ciclo_ajuste_bancos,BCRA,BCRA · TXT activos principales / títulos / préstamos,https://www.bcra.gob.ar/archivos/Pdfs/PublicacionesEstadisticas/din3_ser.txt,/data/fuentes/ciclo_ajuste/backfill_v96_round2/hist_bcra_din3_ser.txt,2026-08-28,,,,TXT oficial · binario preservado,23c615a3e980b1edc989e5b5b533cc4c1d02b833ce36b0d7564a12ede70584a9,Historical source recovered by V96 round2 from V54; 22896971 bytes; method=curl.exe; tls=SCHANNEL_DEFAULT_SSL_NO_REVOKE.
hist_bcra_din4_ser,ciclo_ajuste_bancos,BCRA,BCRA · TXT pasivos principales / depósitos,https://www.bcra.gob.ar/archivos/Pdfs/PublicacionesEstadisticas/din4_ser.txt,/data/fuentes/ciclo_ajuste/backfill_v96_round2/hist_bcra_din4_ser.txt.zip,2026-08-28,,,,ZIP preservado (TXT oficial · binario preservado),5077091065b6ef0e3509f71f5b39b024cd6e1349403e0d8ade098edbbb77c9b4,Historical source recovered by V96 round2 from V54; 56141985 bytes; method=Invoke-WebRequest; tls=WINDOWS_DEFAULT. GitHub-safe archive; contiene hist_bcra_din4_ser.txt exacto; original_bytes=56141985; original_sha256=ba88bb6aeb80500ce1a5d8241628444abdb2a808be6974c56d901ebfd3b50bb8; archive_bytes=13825733; archive_sha256=5077091065b6ef0e3509f71f5b39b024cd6e1349403e0d8ade098edbbb77c9b4; restaurar con RESTORE_LARGE_SOURCES.ps1.
hist_bcra_entidades_jun2023,ciclo_ajuste_bancos,BCRA,Información de Entidades Financieras · junio 2023,https://www.bcra.gob.ar/archivos/Pdfs/PublicacionesEstadisticas/Entidades/202306e.pdf,/data/fuentes/ciclo_ajuste/backfill_v96_round2/hist_bcra_entidades_jun2023.pdf,2026-08-28,,,,PDF oficial · binario preservado,842c20345ceda1377f1f4727e7033afef16925d7e614deb60e1b1558f7437945,Historical source recovered by V96 round2 from V57; 6341673 bytes; method=Invoke-WebRequest; tls=WINDOWS_DEFAULT.
hist_bcra_finuva_mensual,ciclo_ajuste_bancos,BCRA,BCRA · préstamos UVA mensuales,https://www.bcra.gob.ar/archivos/Pdfs/PublicacionesEstadisticas/finuva_mensual.xls,/data/fuentes/ciclo_ajuste/backfill_v96_round2/hist_bcra_finuva_mensual.xls,2026-08-28,,,,XLS oficial · binario preservado,b0120472213dab48c79cf76e4cb2a3292f876465cdb4d300004bf518ed065db6,Historical source recovered by V96 round2 from V54; 641536 bytes; method=Invoke-WebRequest; tls=WINDOWS_DEFAULT.
hist_bcra_ief_1s2025,ciclo_ajuste_bancos,BCRA,BCRA IEF · primer semestre 2025,https://www.bcra.gob.ar/Pdfs/PublicacionesEstadisticas/ief0125.pdf,/data/fuentes/ciclo_ajuste/backfill_v96_round2/hist_bcra_ief_1s2025.pdf,2026-08-28,,,,PDF oficial · binario preservado,09b3091a2c79984347cf0688a0692afae8f8f1e9ab1acbe8ef806b052369cfd0,Historical source recovered by V96 round2 from V32; 1224146 bytes; method=curl.exe; tls=SCHANNEL_DEFAULT_SSL_NO_REVOKE.
hist_bcra_infbanc_dic2018_series,ciclo_ajuste_bancos,BCRA,BCRA · Informe sobre Bancos diciembre 2018 · Series de Datos,https://www.bcra.gob.ar/archivos/Pdfs/PublicacionesEstadisticas/Infbanc1218.xls,/data/fuentes/ciclo_ajuste/backfill_v96_round2/hist_bcra_infbanc_dic2018_series.xls,2026-08-28,,,,XLS oficial · binario preservado,472338b1fefbc2b99f8b810c52b8f6647ec8bd3bab23f2e9d4c5ced805de2a79,Historical source recovered by V96 round2 from V54; 2259968 bytes; method=Invoke-WebRequest; tls=WINDOWS_DEFAULT.
hist_bcra_infbanc_dic2023_xlsx,ciclo_ajuste_bancos,BCRA,Informe sobre Bancos · diciembre 2023 · Series de Datos,https://www.bcra.gob.ar/archivos/Pdfs/PublicacionesEstadisticas/Infbanc1223.xlsx,/data/fuentes/ciclo_ajuste/backfill_v96_round2/hist_bcra_infbanc_dic2023_xlsx.xlsx,2026-08-28,,,,XLSX oficial · binario preservado,598d42a1a24800a546f593f4002691efa93c4d3c0ded42691fb749731be6b20f,Historical source recovered by V96 round2 from V57; 176637 bytes; method=curl.exe; tls=SCHANNEL_DEFAULT_SSL_NO_REVOKE.
hist_bcra_infbanc_jun2023_xlsx,ciclo_ajuste_bancos,BCRA,Informe sobre Bancos · junio 2023 · Series de Datos,https://www.bcra.gob.ar/archivos/Pdfs/PublicacionesEstadisticas/Infbanc0623.xlsx,/data/fuentes/ciclo_ajuste/backfill_v96_round2/hist_bcra_infbanc_jun2023_xlsx.xlsx,2026-08-28,,,,XLSX oficial · binario preservado,a7a1aefe61792a6dce388368db85858dba6b5129612e4cf63bece3c4a940b056,Historical source recovered by V96 round2 from V57; 141381 bytes; method=curl.exe; tls=SCHANNEL_DEFAULT_SSL_NO_REVOKE.
hist_bcra_informe_bancos_anexo,ciclo_ajuste_bancos,BCRA,BCRA · Informe sobre Bancos · anexo XLSX,https://www.bcra.gob.ar/archivos/Pdfs/PublicacionesEstadisticas/informes/informe-bancos-anexo.xlsx,/data/fuentes/ciclo_ajuste/backfill_v96_round2/hist_bcra_informe_bancos_anexo.xlsx,2026-08-28,,,,XLSX oficial · binario preservado,bd3cfe3aefefa9830e18779fdb1d21902b69e61e3e582011018d498452a35d58,Historical source recovered by V96 round2 from V32; 2651613 bytes; method=Invoke-WebRequest; tls=WINDOWS_DEFAULT.
hist_bcra_informe_congreso_2024,ciclo_ajuste_bancos,BCRA,BCRA · Informe al Congreso 2024,https://www.bcra.gob.ar/archivos/Pdfs/PublicacionesEstadisticas/Informecongreso2024.pdf,/data/fuentes/ciclo_ajuste/backfill_v96_round2/hist_bcra_informe_congreso_2024.pdf,2026-08-28,,,,PDF oficial · binario preservado,c6595dbaa3d7ad4255e82f21857784ebb89952084451cf3080d869ae47e38c37,Historical source recovered by V96 round2 from V48; 8086930 bytes; method=curl.exe; tls=SCHANNEL_DEFAULT_SSL_NO_REVOKE.
hist_bcra_perser_priv,ciclo_ajuste_bancos,BCRA,BCRA · préstamos/depósitos privados por tipo de titular,https://www.bcra.gob.ar/archivos/Pdfs/PublicacionesEstadisticas/perser_priv.xls,/data/fuentes/ciclo_ajuste/backfill_v96_round2/hist_bcra_perser_priv.xls,2026-08-28,,,,XLS oficial · binario preservado,9ccfe325c9ad0e61f9480d119fa268ff0b35756f8e993c49a3e9361518ea07b7,Historical source recovered by V96 round2 from V54; 1047040 bytes; method=Invoke-WebRequest; tls=WINDOWS_DEFAULT.
hist_bcra_perser_pub,ciclo_ajuste_bancos,BCRA,BCRA · préstamos/depósitos sector público por jurisdicción,https://www.bcra.gob.ar/archivos/Pdfs/PublicacionesEstadisticas/perser_pub.xls,/data/fuentes/ciclo_ajuste/backfill_v96_round2/hist_bcra_perser_pub.xls,2026-08-28,,,,XLS oficial · binario preservado,d7af3f66aa1fb99e42b62d8c37ed3282ec43d255fbc2b549ae153384f60ce744,Historical source recovered by V96 round2 from V54; 2678784 bytes; method=curl.exe; tls=SCHANNEL_DEFAULT_SSL_NO_REVOKE.
hist_bcra_t_cladeu,ciclo_ajuste_bancos,BCRA,BCRA · Texto Ordenado · clasificación de deudores,https://www.bcra.gob.ar/archivos/Pdfs/Texord/t-cladeu.pdf,/data/fuentes/ciclo_ajuste/backfill_v96_round2/hist_bcra_t_cladeu.pdf,2026-08-28,,,,PDF oficial · binario preservado,9717cc822cac66afcf7dbde0996c9904c483d5476b1b5f2641e0115e8e35b01f,Historical source recovered by V96 round2 from V32; 2334724 bytes; method=Invoke-WebRequest; tls=WINDOWS_DEFAULT.
hist_bcra_t_prevmi,ciclo_ajuste_bancos,BCRA,BCRA · Texto Ordenado · previsiones mínimas,https://www.bcra.gob.ar/archivos/Pdfs/Texord/t-prevmi.pdf,/data/fuentes/ciclo_ajuste/backfill_v96_round2/hist_bcra_t_prevmi.pdf,2026-08-28,,,,PDF oficial · binario preservado,9c47e28525186a7f22a341a7424bcf97fd4e084114e4eca30a378699bc48ef9b,Historical source recovered by V96 round2 from V32; 1124725 bytes; method=curl.exe; tls=SCHANNEL_DEFAULT_SSL_NO_REVOKE.
hist_bcra_t_so_s12,ciclo_ajuste_bancos,BCRA,BCRA · Presentación de Informaciones · Sección 12,https://www.bcra.gob.ar/pdfs/texord/t-SO-s12.pdf,/data/fuentes/ciclo_ajuste/backfill_v96_round2/hist_bcra_t_so_s12.pdf,2026-08-28,,,,PDF oficial · binario preservado,ec842d900fac4904e688281d4c62c5d30a9d5b288507b0dac5cad3f6a8edc0a0,Historical source recovered by V96 round2 from V59; 3352716 bytes; method=Invoke-WebRequest; tls=WINDOWS_DEFAULT.
hist_bcra_titpubser,ciclo_ajuste_bancos,BCRA,BCRA · tenencias de títulos públicos por emisor,https://www.bcra.gob.ar/archivos/Pdfs/PublicacionesEstadisticas/titpubser.xls,/data/fuentes/ciclo_ajuste/backfill_v96_round2/hist_bcra_titpubser.xls,2026-08-28,,,,XLS oficial · binario preservado,fb5da58f3cb4179ba039fcb5a576a8f819fa5ab8227d8d12bd7996cd32b0123a,Historical source recovered by V96 round2 from V54; 922112 bytes; method=curl.exe; tls=SCHANNEL_DEFAULT_SSL_NO_REVOKE.
hist_bna_memoria_2023_es,ciclo_ajuste_bancos,BNA,BNA · Memoria y Estados Financieros 2023 · español,https://www.bna.com.ar/Downloads/Institucional_MemoriayBalances_Memoria%202023%20-%20Sin%20Edicion%20Espanol.pdf,/data/fuentes/ciclo_ajuste/backfill_v96_round2/hist_bna_memoria_2023_es.pdf,2026-08-28,,,,PDF oficial · binario preservado,2d4d66a0c1bbf0ed899e70cd128413e8f02c153e6698e797fb097d3a05dd91c7,Historical source recovered by V96 round2 from V59; 6634939 bytes; method=curl.exe; tls=SCHANNEL_DEFAULT_SSL_NO_REVOKE.
hist_indec_ipc_dic2023,ciclo_ajuste_macro,INDEC,INDEC · IPC diciembre 2023,https://www.indec.gob.ar/uploads/informesdeprensa/ipc_01_24DBD5D8158C.pdf,/data/fuentes/ciclo_ajuste/backfill_v96_round2/hist_indec_ipc_dic2023.pdf,2026-08-28,,,,PDF oficial · binario preservado,a040cb25624ea8fa3a3f070c862447c91093fe01a83430dcc12c721a326f1435,Historical source recovered by V96 round2 from V57; 2516416 bytes; method=curl.exe; tls=SCHANNEL_DEFAULT_SSL_NO_REVOKE.
hist_indec_pib_1t2024,ciclo_ajuste_macro,INDEC,INDEC · PIB · informe 2024 citado en V32,https://www.indec.gob.ar/uploads/informesdeprensa/pib_06_242C4E01A10F.pdf,/data/fuentes/ciclo_ajuste/backfill_v96_round2/hist_indec_pib_1t2024.pdf,2026-08-28,,,,PDF oficial · binario preservado,125ba7688273f896be95d1c1460fcfc82fdb605719f0a370eb935277cea6f087,Historical source recovered by V96 round2 from V32; 1222904 bytes; method=curl.exe; tls=SCHANNEL_DEFAULT_SSL_NO_REVOKE.
hist_indec_pib_1t2026,ciclo_ajuste_macro,INDEC,INDEC · PIB · informe 2026 citado en V32,https://www.indec.gob.ar/uploads/informesdeprensa/pib_06_26FAE3FD2BFA.pdf,/data/fuentes/ciclo_ajuste/backfill_v96_round2/hist_indec_pib_1t2026.pdf,2026-08-28,,,,PDF oficial · binario preservado,f008bfab26cf00a2eac3249e07fc00167efae03681a4de54a2dcd7c18f53bd7e,Historical source recovered by V96 round2 from V32; 2635028 bytes; method=curl.exe; tls=SCHANNEL_DEFAULT_SSL_NO_REVOKE.
hist_bcra_infbanc_jun2024_xlsx,ciclo_ajuste_bancos,BCRA,Informe sobre Bancos · junio 2024 · Series de Datos (recovered loose),https://www.bcra.gob.ar/archivos/Pdfs/PublicacionesEstadisticas/Infbanc0624.xlsx,/data/fuentes/ciclo_ajuste/recovered_loose/Infbanc0624.xlsx,2026-08-28,,,2024-06,XLSX oficial · copia recuperada de Downloads,ef3da65e94f10aa7fe5e3d46a75e20a28269c7d403268856bb6a22681c705b94,Recovered loose artifact from pre-backup Downloads. Official endpoint responds with XLSX content-type; byte identity between this recovered local copy and the current remote endpoint was not independently verified.
columbia_eeff_9m2023_sep_pending,ciclo_ajuste_bancos,Banco Columbia S.A.,Banco Columbia · EEFF consolidados y separados condensados intermedios · 30/09/2023,https://secure.bancocolumbia.com.ar/web/Multimedios/Otros/10184.pdf?v=36,/research/ciclo_ajuste/inputs/issuer_retrieval/v106/binaries/columbia_9m_2023.pdf,2026-08-29,2023-11-30,,2023-09,PDF oficial · binario original preservado,d010c701ed2bdf680bdba1e55dbe4484f35ecf884654be5e374707227239772d,"V106: original issuer bytes preserved (2,338,004 bytes; 103 pages; %PDF-); separated Notes 22-23 visually revalidated. Stable source ID retained despite legacy _pending suffix."
columbia_eeff_fy2023_aq_pending,ciclo_ajuste_bancos,Banco Columbia S.A.,Banco Columbia · EEFF anuales · 31/12/2023 · Annex Q,https://secure.bancocolumbia.com.ar/web/Multimedios/Otros/10253.pdf?v=22,/research/ciclo_ajuste/inputs/issuer_retrieval/v106/binaries/columbia_fy_2023.pdf,2026-08-29,2024-03-11,,2023-12,PDF oficial · binario original preservado,f34b6aa88e733677e4b65dc616ffd0dcfeaacb8756a12024b5cdd91beb7c0911,"V106: original issuer bytes preserved (2,226,477 bytes; 159 pages; %PDF-); separated Annex Q visually revalidated. Stable source ID retained despite legacy _pending suffix."
mariva_cnv_9m2023_individual_discovery,ciclo_ajuste_bancos,CNV,Banco Mariva · presentación individual 30/09/2023 #3122483,https://aif2.cnv.gov.ar/presentations/publicview/c23edd68-9bf4-4b3d-a1d8-9cde4770d45c,,2026-08-28,2023-11-30,,2023-09,Índice regulatorio oficial / discovery URL · no requiere binario propio,,V97 discovery: CNV company registry labels presentation #3122483 as NIIF INDIVIDUAL periodicity 3 close 2023-09-30. Publicview shell identified; underlying attachment binary still requires discovery/recovery before crosswalk.
mariva_cnv_fy2023_individual_discovery,ciclo_ajuste_bancos,CNV,Banco Mariva · presentación individual 31/12/2023 #3165651,https://aif2.cnv.gov.ar/presentations/publicview/d28fcf1a-28dc-465b-8478-aad95e0d4539,,2026-08-28,2024-03-11,,2023-12,Índice regulatorio oficial / discovery URL · no requiere binario propio,,V97 discovery: CNV company registry labels presentation #3165651 as NIIF INDIVIDUAL annual close 2023-12-31. Publicview shell identified; underlying attachment binary still requires discovery/recovery before crosswalk.
cmf_eeff_fy2023_separated_archive_member_v98,ciclo_ajuste_bancos,Banco CMF S.A.,Banco CMF · EEFF separados · 31/12/2023 · extraído de archivo histórico oficial,https://www.bancocmf.com.ar/wp-content/uploads/Historico-Balance-e-Informes-Anual-1.zip,/research/ciclo_ajuste/inputs/issuer_retrieval/v98/binaries/CMF_Anual-2023-Balance_e_Informes_Separado.pdf,2026-08-28,2024-03-14,,2023-12,PDF oficial extraído de ZIP de archivo de emisor preservado,7ae34c445b53ba8edcee5d5b0efd0919f4dab77f587a12e0ab710b13b551aeef,"V98: miembro exacto Anual-2023-Balance e Informes Separado.pdf del ZIP oficial ya preservado; 706493 bytes; render y texto inspeccionados. Note 3/Annex Q dan totales de pases compatibles con raw, pero no split de flujo BCRA-vs-otherFI."
cmf_eeff_9m2023_separated_archive_member_v98,ciclo_ajuste_bancos,Banco CMF S.A.,Banco CMF · EEFF intermedios separados condensados · 30/09/2023 · extraído de archivo histórico oficial,https://www.bancocmf.com.ar/wp-content/uploads/Historico-Trimestral-Balances-e-Informes-1.zip,/research/ciclo_ajuste/inputs/issuer_retrieval/v98/binaries/CMF_Trimestral-2023-03-Balance_e_Informes_Individual.pdf,2026-08-28,2023-12-18,,2023-09,PDF oficial extraído de ZIP de archivo de emisor preservado,d5ab9998c7fbbc22e6ed599d033316e136406d9b8de28839da466d3bddd304a7,"V98: miembro exacto Trimestral-2023-03-Balance e Informes-Individual.pdf del ZIP oficial ya preservado; 741522 bytes; render y texto inspeccionados. Note 3/Annex Q dan totales de pases compatibles con raw, pero no split de flujo BCRA-vs-otherFI."
hipotecario_eeff_9m2023_sep_pending,ciclo_ajuste_bancos,Banco Hipotecario S.A.,Banco Hipotecario · EEFF intermedios condensados · 30/09/2023 · sección separada,https://www.hipotecario.com.ar/media/BHSA_ESTADOS_FINANCIEROS_AL_30-09-2023.pdf,/research/ciclo_ajuste/inputs/issuer_retrieval/v106/binaries/hipotecario_9m_2023.pdf,2026-08-29,2023-11-29,,2023-09,PDF oficial · binario original preservado,ba05f02ae6edac2b3401eb2c0fb552e3538bbf53490abd854d9a21b4896386ad,"V106: original issuer bytes preserved (2,388,738 bytes; 150 pages; %PDF-); separated Notes 19-20 visually revalidated. Stable source ID retained despite legacy _pending suffix."
hipotecario_eeff_fy2023_aq_pending,ciclo_ajuste_bancos,Banco Hipotecario S.A.,Banco Hipotecario · EEFF anuales · 31/12/2023 · sección separada + Annex Q,https://www.hipotecario.com.ar/media/BHSA_-_ESTADOS_FINANCIEROS_AL_31-12-2023.pdf,/research/ciclo_ajuste/inputs/issuer_retrieval/v106/binaries/hipotecario_fy_2023.pdf,2026-08-29,2024-02-22,,2023-12,PDF oficial · binario original preservado,cd00551ab9bd15248877af6cd8e9d58b11d983da0b2b4ee5a32401c268b28afa,"V106: original issuer bytes preserved (2,796,877 bytes; 220 pages; %PDF-); separated Annex Q visually revalidated. Stable source ID retained despite legacy _pending suffix."
bacs_eeff_9m2023_separated_pending_v101,ciclo_ajuste_bancos,BACS Banco de Crédito y Securitización S.A.,BACS · EEFF intermedios completos · 30/09/2023 · sección separada,https://bacs.com.ar/wp-content/uploads/2025/04/EEFF-BACS-30-09-2023-Completos-8.pdf,/research/ciclo_ajuste/inputs/issuer_retrieval/v106/binaries/bacs_9m_2023.pdf,2026-08-29,2023-11-29,,2023-09,PDF oficial · binario original preservado,60f0f9d8e2e969c4d83024e6f863e99d80dbdf10dee5903998521db3c8634a11,"V106: original issuer bytes preserved (5,918,068 bytes; 129 pages; %PDF-); separated Notes 18-19 visually revalidated. Stable source ID retained despite legacy _pending suffix."
bacs_eeff_fy2023_separated_pending_v101,ciclo_ajuste_bancos,BACS Banco de Crédito y Securitización S.A.,BACS · EEFF anuales · 31/12/2023 · sección separada,https://bacs.com.ar/wp-content/uploads/2025/04/Estados-Financieros-BACS-31-12-2023-8.pdf,/research/ciclo_ajuste/inputs/issuer_retrieval/v106/binaries/bacs_fy_2023.pdf,2026-08-29,2024-02-22,,2023-12,PDF oficial · binario original preservado,f3486668ac8024d8cd5d20f1d77d969593c45b87c216efd88961580590f6b70e,"V106: original issuer bytes preserved (6,933,409 bytes; 173 pages; %PDF-); separated Notes 18-19 visually revalidated. Stable source ID retained despite legacy _pending suffix."
bmr_eeff_9m2023_separated_pending_v101,ciclo_ajuste_bancos,Banco Municipal de Rosario,Banco Municipal de Rosario · EEFF 30/09/2023 · sección separada + Annex Q,https://www.bmros.com.ar/uploads/documents/1702642924151.pdf,/research/ciclo_ajuste/inputs/issuer_retrieval/v106/binaries/bmr_9m_2023.pdf,2026-08-29,2023-11-28,,2023-09,PDF oficial · binario original preservado,8276dc7f4d064a6b98ff4ec53ca4080aeda9dc60c12ee7e60f80fe6aece87a52,"V106: original issuer bytes preserved (2,350,579 bytes; 157 pages; %PDF-); separated Annex Q visually revalidated. Stable source ID retained despite legacy _pending suffix."
bmr_eeff_fy2023_separated_pending_v101,ciclo_ajuste_bancos,Banco Municipal de Rosario,Banco Municipal de Rosario · EEFF 31/12/2023 · sección separada + Annex Q,https://www.bmros.com.ar/uploads/documents/1710333709333.pdf,/research/ciclo_ajuste/inputs/issuer_retrieval/v106/binaries/bmr_fy_2023.pdf,2026-08-29,2024-03-11,,2023-12,PDF oficial · binario original preservado,2edb74c4733ddfc3f1d0fb047cf9d57ea810723d9ba2bbfdce9f14e3f91dca98,"V106: original issuer bytes preserved (2,770,492 bytes; 259 pages; %PDF-); annual Note 6/Annex Q visually revalidated and the inherited header anomaly retained. Stable source ID retained despite legacy _pending suffix."
btf_eeff_fy2023_annexq_pending_v101,ciclo_ajuste_bancos,Banco Provincia de Tierra del Fuego,BTF · Balance y Memoria 2023 · Annex Q,https://www.btf.com.ar/wp-content/uploads/2024/08/BTF-Balance-y-Memoria-2023.pdf,/research/ciclo_ajuste/inputs/issuer_retrieval/v106/binaries/btf_fy_2023.pdf,2026-08-29,2024,,2023-12,PDF oficial · binario original preservado,ba6dd9ee160546cc33ec72644a4d89204e7b3939ac0540dc3f72016c50f68745,"V106: original issuer bytes preserved (1,841,774 bytes; 93 pages; %PDF-); FY Annex Q visually revalidated. Stable source ID retained despite legacy _pending suffix."
voii_eeff_9m2023_annexq_pending_v102,ciclo_ajuste_bancos,Banco VOII S.A.,Banco VOII · EEFF intermedios condensados · 30/09/2023 · Annex Q,https://www.voii.com.ar/wp-content/uploads/2023/07/Banco-Voii-SA-ESF-2023-09.pdf,/research/ciclo_ajuste/inputs/issuer_retrieval/v106/binaries/voii_9m_2023.pdf,2026-08-29,2023-11-30,,2023-09,PDF oficial · binario original preservado,046b80a84b6ec8650c3eb6853784b753beffa77c59eae5a34aa99b1c1bc9925e,"V106: original issuer bytes preserved (789,409 bytes; 73 pages; %PDF-); Annex Q visually revalidated. Stable source ID retained despite legacy _pending suffix."
voii_eeff_fy2023_annexq_pending_v102,ciclo_ajuste_bancos,Banco VOII S.A.,Banco VOII · EEFF anuales · 31/12/2023 · Annex Q,https://www.voii.com.ar/wp-content/uploads/2023/07/Banco-Voii-SA-ESF-2023-12-Final.pdf,/research/ciclo_ajuste/inputs/issuer_retrieval/v106/binaries/voii_fy_2023.pdf,2026-08-29,2024-03-11,,2023-12,PDF oficial · binario original preservado,1d06bb61c635893e9eac7dadba8a3d00a22fd3bbdfd6d4c16ee005fd5b131eb9,"V106: original issuer bytes preserved (1,925,193 bytes; 126 pages; %PDF-); Annex Q visually revalidated. Stable source ID retained despite legacy _pending suffix."
banco_rioja_eeff_fy2023_annexq_pending_v102,ciclo_ajuste_bancos,Banco Rioja S.A.U.,Banco Rioja · EEFF anuales · 31/12/2023 · Annex Q,https://bancorioja.com.ar/pdf/EEFF-BR-2023.pdf,,,,,2023-12,PDF oficial · binario pendiente de preservación,,"V102 web-verificado + inspección visual. FY Annex Q BCRA repo income 14,409,056k / expense 7,844k. Dec raw 511108=14,250,267k mismatches income by 158,789k; 521108=7,844k exact. Used as falsifier; no promotion."
e0_bcra_estados_contables_2001_notas,ciclo_ajuste_historico,BCRA,BCRA · Estados contables 2001 · notas,https://www.bcra.gob.ar/archivos/Pdfs/PublicacionesEstadisticas/e2001notas.pdf,/research/ciclo_ajuste/inputs/historical_retrieval/v107/binaries/bcra_estados_contables_2001_notas.pdf,2026-08-29,2002,,2001,PDF oficial · binario preservado,b8757edb497a599661448cfb5a8f0f0dcdeba19d57dc938472aa44556866ac4b,"V107 E0: 83,671 bytes; 22 pages. Notas oficiales sobre crisis, mercados cambiarios, pesificación, depósitos y opciones de canje; páginas materiales renderizadas y verificadas."
e0_bcra_informe_congreso_2002,ciclo_ajuste_historico,BCRA,BCRA · Informe al Honorable Congreso de la Nación 2002,https://www.bcra.gob.ar/archivos/Pdfs/PublicacionesEstadisticas/inf2002.pdf,/research/ciclo_ajuste/inputs/historical_retrieval/v107/binaries/bcra_informe_congreso_2002.pdf,2026-08-29,2003,,2001-2002,PDF oficial · binario preservado,203afdc58e20172cf3737519e777d257e06d7d79adc8cdc948d4d28ff2062024,"V107 E0: 3,047,360 bytes; 128 pages. Cronología normativa y descripción oficial de pesificación y compensaciones; páginas materiales renderizadas y verificadas."
e0_bcra_informe_congreso_2003,ciclo_ajuste_historico,BCRA,BCRA · Informe al Honorable Congreso de la Nación 2003,https://www.bcra.gob.ar/archivos/Pdfs/PublicacionesEstadisticas/inf2003.pdf,/research/ciclo_ajuste/inputs/historical_retrieval/v107/binaries/bcra_informe_congreso_2003.pdf,2026-08-29,2004,,2003,PDF oficial · binario preservado,cf969b24217e4d34087e31cbb0abe7c1b773e514694d717afc2b699e169b11a1,"V107 E0: 3,129,790 bytes; 104 pages. Original preservado y visualmente autenticado; extracción textual detallada pendiente por codificación de fuentes del PDF."
e0_bcra_bef_1s2004,ciclo_ajuste_historico,BCRA,BCRA · Boletín de Estabilidad Financiera · primer semestre 2004,https://www.bcra.gob.ar/archivos/Pdfs/PublicacionesEstadisticas/bef0104e.pdf,/research/ciclo_ajuste/inputs/historical_retrieval/v107/binaries/bcra_bef_1s2004.pdf,2026-08-29,2004,,2001-2003,PDF oficial · binario preservado,15f22f1a95dacb512f61c91ad9144a6fef32c5518e580373afd1bb3aa546a03a,"V107 E0: 1,235,278 bytes; 64 pages. Cuadro oficial de caída real de depósitos y patrimonio neto y texto sobre pérdidas 2002/recuperación 2003; páginas materiales renderizadas y verificadas."
e0_infoleg_decreto_1570_2001,ciclo_ajuste_historico,Poder Ejecutivo Nacional,Decreto 1570/2001 · restricciones a transacciones y retiros,https://servicios.infoleg.gob.ar/infolegInternet/anexos/70000-74999/70355/texact.htm,/research/ciclo_ajuste/inputs/historical_retrieval/v107/binaries/infoleg_decreto_1570_2001.html,2026-08-29,2001-12-01,,2001-12,HTML oficial · copia preservada,0b76605f7738bb40e8e55a122dd3dbf64fcf2adaa87388b69185039fe9901aca,"V107 E0: texto actualizado oficial InfoLeg; 18,528 bytes. Fuente legal primaria para la cronología; no cuantifica por sí sola incidencia neta."
e0_infoleg_ley_25561,ciclo_ajuste_historico,Congreso de la Nación,Ley 25.561 · Emergencia Pública y Reforma del Régimen Cambiario,https://servicios.infoleg.gob.ar/infolegInternet/anexos/70000-74999/71477/texact.htm,/research/ciclo_ajuste/inputs/historical_retrieval/v107/binaries/infoleg_ley_25561.html,2026-08-29,2002-01-07,,2002-01,HTML oficial · copia preservada,7767d20cba27e165581d8787982334eb439db05356907716fd0b0a381d0795e6,"V107 E0: texto actualizado oficial InfoLeg; 30,832 bytes. Marco de emergencia y salida del régimen; no se interpreta como una fecha única de tratamiento."
e0_infoleg_decreto_214_2002,ciclo_ajuste_historico,Poder Ejecutivo Nacional,Decreto 214/2002 · reordenamiento del sistema financiero,https://servicios.infoleg.gob.ar/infolegInternet/anexos/70000-74999/72017/texact.htm,/research/ciclo_ajuste/inputs/historical_retrieval/v107/binaries/infoleg_decreto_214_2002.html,2026-08-29,2002-02-04,,2002-02,HTML oficial · copia preservada,097907208b444b2ad5d27058550818222f7dc99b94882df7cf691f0537e2c1fd,"V107 E0: texto actualizado oficial InfoLeg; 34,471 bytes. Regula pesificación y CER; diseño legal no equivale a monto fiscal realizado ni a ganancia neta bancaria."
e0_infoleg_decreto_471_2002,ciclo_ajuste_historico,Poder Ejecutivo Nacional,Decreto 471/2002 · obligaciones del sector público en moneda extranjera,https://servicios.infoleg.gob.ar/infolegInternet/anexos/70000-74999/72885/norma.htm,/research/ciclo_ajuste/inputs/historical_retrieval/v107/binaries/infoleg_decreto_471_2002.html,2026-08-29,2002-03-13,,2002-03,HTML oficial · copia preservada,7605ce0db5fd64b3f946faa7237527d2aaef0c05602476eaa6be42666a42fdf5,"V107 E0: ficha/texto oficial InfoLeg preservado; 18,831 bytes. Debe leerse junto con canjes y tratamiento contable posterior."
e0_infoleg_decreto_905_2002,ciclo_ajuste_historico,Poder Ejecutivo Nacional,Decreto 905/2002 · canje de depósitos y compensación a entidades,https://servicios.infoleg.gob.ar/infolegInternet/anexos/70000-74999/74773/texact.htm,/research/ciclo_ajuste/inputs/historical_retrieval/v107/binaries/infoleg_decreto_905_2002.html,2026-08-29,2002-06-01,,2002-06,HTML oficial · copia preservada,e5d8e8618050e75dd8fcbb64ce76a0289f6e1704f53f456b895ee92b4512f652,"V107 E0: texto actualizado oficial InfoLeg; 102,582 bytes. Instrumentos de canje/compensación catalogados; beneficiario jurídico no prueba beneficio económico neto."
e0_infoleg_ley_25796_2003,ciclo_ajuste_historico,Congreso de la Nación,Ley 25.796 · compensación a entidades financieras,https://servicios.infoleg.gob.ar/infolegInternet/anexos/90000-94999/90252/norma.htm,/research/ciclo_ajuste/inputs/historical_retrieval/v107/binaries/infoleg_ley_25796_2003.html,2026-08-29,2003-11-14,,2003-11,HTML oficial · copia preservada,5a70adc3351dec9827664abca35a0166c15b953ecc7a68f41934af01221d4240,"V107 E0: ficha/texto oficial InfoLeg preservado; 11,087 bytes. Marco complementario de compensación; conciliación de emisión, devengamiento y realización pendiente."
e0_indec_eph_puntual_tasas_1974_2003,ciclo_ajuste_historico,INDEC,EPH puntual · tasas de actividad empleo desocupación y subocupación · total aglomerados,https://www.indec.gob.ar/ftp/cuadros/menusuperior/archivo/shempleo1.xls,/research/ciclo_ajuste/inputs/historical_retrieval/v108/binaries/indec_eph_puntual_tasas_total_1974_2003.xls,2026-08-29,2003,,1974-05/2003-05,XLS oficial · binario preservado,dfa88feaa443708849f839944af9461f305b9b182d0cbeb601a6cd809f93601c,"V108 E0 social: 45,056 bytes. Onda mayo/octubre; tres aglomerados incorporados en octubre de 2002 y Gran Santa Fe excluido en mayo de 2003."
e0_indec_eph_continua_tasas_2003_2007,ciclo_ajuste_historico,INDEC,EPH continua · tasas de actividad empleo desocupación y subocupación,https://www.indec.gob.ar/ftp/cuadros/menusuperior/archivo/sh_eph_continuasemestral.xls,/research/ciclo_ajuste/inputs/historical_retrieval/v108/binaries/indec_eph_continua_tasas_2003_2007.xls,2026-08-29,2007,,2003-S1/2007-S1,XLS oficial · binario preservado,15f7bfaa07cc421b61bc434d2338d85068e743686472a55471ecc1bbf2bc8f35,"V108 E0 social: 48,128 bytes. Primer semestre 2003 en 28 aglomerados; Gran Santa Fe excluido por inundación. No se empalma mecánicamente con EPH puntual."
e0_indec_pobreza_puntual_2001_2003,ciclo_ajuste_historico,INDEC,Incidencia histórica de pobreza e indigencia · EPH puntual,https://www.indec.gob.ar/ftp/cuadros/sociedad/sh-pobreza1.xls,/research/ciclo_ajuste/inputs/historical_retrieval/v108/binaries/indec_pobreza_eph_puntual_desde_2001.xls,2026-08-29,,,2001-05/2003-05,XLS oficial · binario preservado,b9830e17049fae228cad48932ef56dd910301a50c8efca13d07fdcbde268ceed,"V108 E0 social: 27,648 bytes. Hogares y personas; método histórico y ondas mayo/octubre. Octubre de 2002 incorpora tres aglomerados."
e0_indec_pobreza_continua_2003_2007,ciclo_ajuste_historico,INDEC,Incidencia histórica de pobreza e indigencia · EPH continua,https://www.indec.gob.ar/ftp/cuadros/sociedad/sh_pobrezaeindigencia_continua.xls,/research/ciclo_ajuste/inputs/historical_retrieval/v108/binaries/indec_pobreza_eph_continua_desde_2003.xls,2026-08-29,,,2003-S1/2007-S1,XLS oficial · binario preservado,c2b8bf54b548cdb5083db9ed95f8d99a8ac4ab53ac3d11d3894d3d610c592a32,"V108 E0 social: 116,224 bytes. Hogares y personas bajo EPH continua; se conserva separado del régimen puntual."
e0_indec_pobreza_metodo_historico,ciclo_ajuste_historico,INDEC,Acerca del método utilizado para la medición de la pobreza en Argentina,https://www.indec.gob.ar/ftp/cuadros/sociedad/pobreza2.pdf,/research/ciclo_ajuste/inputs/historical_retrieval/v108/binaries/indec_pobreza_metodo_historico.pdf,2026-08-29,2003,,2001-2003,PDF oficial · binario preservado,9bfc6ea00e61c5d2c9568f65dc86e64dc0668210c18dd81da6f5379db796b16b,"V108 E0 social: 139,709 bytes; 9 páginas. Método LP/LI histórico, CBA y coeficiente de Engel; páginas materiales renderizadas y verificadas."
e0_indec_pobreza_metodologia_22_2016,ciclo_ajuste_historico,INDEC,La medición de la pobreza y la indigencia en la Argentina · Metodología INDEC 22,https://www.indec.gob.ar/ftp/cuadros/sociedad/EPH_metodologia_22_pobreza.pdf,/research/ciclo_ajuste/inputs/historical_retrieval/v108/binaries/indec_pobreza_metodologia_22_2016.pdf,2026-08-29,2016-12,,2016,PDF oficial · binario preservado,9881625ced5f3ddeee5b54d0cb31c21838fb855287548c4878b67d5bcfc36a10,"V108 E0 social: 2,047,228 bytes; 25 páginas. Documenta cambios de canastas pautas de consumo regionalización y valorización; impide tratar 2001-2003 y 2016+ como un único régimen."
e0_indec_cgi_mano_obra_privada_1993_2007,ciclo_ajuste_historico,INDEC,Cuenta de generación del ingreso · apéndice 3 · mano de obra e ingreso sector privado,https://www.indec.gob.ar/ftp/nuevaweb/cuadros/17/cgi_apendice3.xls,/research/ciclo_ajuste/inputs/historical_retrieval/v108/binaries/indec_cgi_apendice3_mano_obra_privada_1993_2007.xls,2026-08-29,,,1993-2007,XLS oficial · binario preservado,50f5f28855d86f2f323b8346ad443c8dc24d44b5cb4464c17a09a10b0b6dfc38,"V108 E0 social: 23,040 bytes. Puestos y remuneración asalariada registrados/no registrados; agregado anual de cuentas nacionales, no índice salarial de hogares."
e0_argentina_ripte_page_2026_08_29,ciclo_ajuste_historico,Secretaría de Trabajo Empleo y Seguridad Social,RIPTE · página oficial y definición del indicador,https://www.argentina.gob.ar/trabajo/seguridadsocial/ripte,/research/ciclo_ajuste/inputs/historical_retrieval/v108/binaries/argentina_ripte_page_2026-08-29.html,2026-08-29,2026-08-29,,1994-07/2026-06,HTML oficial · copia preservada,12aef104eba6df754dab6d234463c3856e59bd1c5085fc1ed82a571a08573a4a,"V108 E0 social: 38,849 bytes. Define RIPTE como remuneración imponible de trabajadores estables con 13 meses de continuidad; no representa a todos los hogares ni al empleo no registrado."
e0_argentina_ripte_serie_junio_2026,ciclo_ajuste_historico,Secretaría de Trabajo Empleo y Seguridad Social,RIPTE · serie histórica a junio de 2026,https://www.argentina.gob.ar/sites/default/files/ripte_junio_2026-mdch.pdf,/research/ciclo_ajuste/inputs/historical_retrieval/v108/binaries/argentina_ripte_junio_2026.pdf,2026-08-29,2026-07-27,,1994-07/2026-06,PDF oficial · binario preservado,0b25fb27c557b7a66c2304ea7db4759bbf7997fe69432ecf932c1833e164228b,"V108 E0 social: 344,863 bytes; 11 páginas. Montos mensuales 2001-2006 verificados visualmente; indicador de empleo registrado estable y remuneración imponible sujeta a topes."
e0_indec_ipc_gba_empalme_1943_2008,ciclo_ajuste_historico,INDEC,IPC Gran Buenos Aires · empalme histórico abril 2008=100,https://www.indec.gob.ar/ftp/nuevaweb/cuadros/10/sh_ipc_2008.xls,/research/ciclo_ajuste/inputs/historical_retrieval/v108/binaries/indec_ipc_gba_empalme_1943_2008.xls,2026-08-29,2008,,1943-01/2008-04,XLS oficial · binario preservado,e2b933b4ccd93ae82c11341373896cea4dddb7a11f3d6123daea3b9e7654872d,"V108 E0 social: 160,768 bytes. Empalme oficial usado solo como deflactor GBA para el reloj RIPTE; no se interpreta como IPC nacional."
e0_bcra_informe_bancos_oct_2004_risk,ciclo_ajuste_historico,BCRA,Informe sobre Bancos · octubre de 2004 · anexo estadístico de riesgo y situación patrimonial,https://www.bcra.gob.ar/Pdfs/PublicacionesEstadisticas/InfBanc1004.pdf,/research/ciclo_ajuste/inputs/historical_retrieval/v109/binaries/bcra_informe_bancos_octubre_2004.pdf,2026-08-29,2004-10,,1999-2004,PDF oficial · binario preservado,2a92bfc1de9fa86bc60c94d7ef867cf904e7d8713707a993eaf75d91c5c9f1cf,"V109 E0 riesgo: 448,224 bytes; 14 páginas. Congela definiciones y cierres 2001-2003 de cartera irregular, previsiones, exposición patrimonial, cargos por incobrabilidad, activos líquidos, depósitos y patrimonio; páginas 11-14 renderizadas y verificadas."
e0_cgn_cuenta_inversion_2002_tomo_i,ciclo_ajuste_historico,Contaduría General de la Nación,Cuenta de Inversión 2002 · Tomo I,https://www.economia.gob.ar/hacienda/cgn/cuenta/2002/archivos/tomoi.pdf,/research/ciclo_ajuste/inputs/historical_retrieval/v110/binaries/cgn_cuenta_inversion_2002_tomo_i.pdf,2026-08-29,2003,,2002,PDF oficial · binario preservado,f94a50a6681f367453a0b17c2846fae791b945a7fd311273aac85bddb8704529,"V110 E0 fiscal: 4,215,238 bytes; 344 páginas. Páginas PDF 34, 124 y 126 renderizadas y verificadas; stock BODEN por destino y compatibilización presupuestaria-contable."
e0_cgn_cuenta_inversion_2003_tomo_i,ciclo_ajuste_historico,Contaduría General de la Nación,Cuenta de Inversión 2003 · Tomo I,https://www.economia.gob.ar/hacienda/cgn/cuenta/2003/archivos/tomoi.pdf,/research/ciclo_ajuste/inputs/historical_retrieval/v110/binaries/cgn_cuenta_inversion_2003_tomo_i.pdf,2026-08-29,2004,,2003,PDF oficial · binario preservado,be739fa0f13a017c1a38c9f97f03fd3a724fdf300f9c1a3d07b46dafb7717f98,"V110 E0 fiscal: 1,967,195 bytes; 343 páginas. Página PDF 136 renderizada y verificada; registraciones de compensación y pagarés en la compatibilización presupuestaria-contable."
e0_onp_boletin_fiscal_2003q4_cuadro37_boden,ciclo_ajuste_historico,Secretaría de Finanzas · Oficina Nacional de Presupuesto,Boletín Fiscal 2003T4 · Cuadro 37 · BODEN emitidos y colocados al 31-12-2003,https://www.economia.gob.ar/onp/documentos/boletin/4totrim03/pdf/fisc37.pdf,/research/ciclo_ajuste/inputs/historical_retrieval/v110/binaries/onp_boletin_fiscal_2003q4_cuadro37_boden.pdf,2026-08-29,2004,,2003-12-31,PDF oficial · binario preservado,f75dc6555d8d5f5ace56e150d7cece3be8110049b727c296b94fa30b700a01eb,"V110 E0 fiscal: 12,714 bytes; una página renderizada y verificada. Separa compensatorios, cobertura, ahorristas, rescate de cuasimonedas y compensación del 13%."
e0_cgn_cuenta_inversion_2004_sdp,ciclo_ajuste_historico,Contaduría General de la Nación,Cuenta de Inversión 2004 · Servicio de la Deuda Pública y Anexo J,https://www.economia.gob.ar/hacienda/cgn/cuenta/2004/archivos/sdp.pdf,/research/ciclo_ajuste/inputs/historical_retrieval/v111/binaries/cgn_cuenta_inversion_2004_sdp.pdf,2026-08-29,2005,,2004,PDF oficial · binario preservado,a076e0fbcc6f620f542dd5d1e96f5ba07831897a3c44da71867f355aed57811e,"V111 E0 fiscal: 900,875 bytes; 79 páginas. Páginas PDF 66 y 71 renderizadas y verificadas."
e0_cgn_cuenta_inversion_2004_tomo_i,ciclo_ajuste_historico,Contaduría General de la Nación,Cuenta de Inversión 2004 · Tomo I,https://www.economia.gob.ar/hacienda/cgn/cuenta/2004/archivos/tomoi.pdf,/research/ciclo_ajuste/inputs/historical_retrieval/v111/binaries/cgn_cuenta_inversion_2004_tomoi.pdf,2026-08-29,2005,,2004,PDF oficial · binario preservado,35c2db9e9bb4ba02fc6133c73af1f6fe683a7d99170e66f9737636cb6f420ec3,"V111 E0 fiscal: 1,871,030 bytes; 348 páginas. Página PDF 65 renderizada y verificada."
e0_cgn_cuenta_inversion_2005_sdp,ciclo_ajuste_historico,Contaduría General de la Nación,Cuenta de Inversión 2005 · Servicio de la Deuda Pública y Anexo J,https://www.economia.gob.ar/hacienda/cgn/cuenta/2005/archivos/sdp.pdf,/research/ciclo_ajuste/inputs/historical_retrieval/v111/binaries/cgn_cuenta_inversion_2005_sdp.pdf,2026-08-29,2006,,2005,PDF oficial · binario preservado,96b849dde2a9ac83f6fd65e5700bae74e12ac4f4d3b558c368cf2005203a7e56,"V111 E0 fiscal: 1,034,530 bytes; 95 páginas. Páginas PDF 80 y 87 renderizadas y verificadas."
e0_cgn_cuenta_inversion_2005_tomo_i,ciclo_ajuste_historico,Contaduría General de la Nación,Cuenta de Inversión 2005 · Tomo I,https://www.economia.gob.ar/hacienda/cgn/cuenta/2005/archivos/tomoi.pdf,/research/ciclo_ajuste/inputs/historical_retrieval/v111/binaries/cgn_cuenta_inversion_2005_tomoi.pdf,2026-08-29,2006,,2005,PDF oficial · binario preservado,15785a47c6846bf93c1089c72c8ac888e1adbbf5814ba757ecbf59b64380e498,"V111 E0 fiscal: 3,189,485 bytes; 356 páginas. Páginas PDF 118 y 124 renderizadas y verificadas."
e0_cgn_cuenta_inversion_2006_sdp,ciclo_ajuste_historico,Contaduría General de la Nación,Cuenta de Inversión 2006 · Servicio de la Deuda Pública y Anexo J,https://www.economia.gob.ar/hacienda/cgn/cuenta/2006/archivos/sdp.pdf,/research/ciclo_ajuste/inputs/historical_retrieval/v111/binaries/cgn_cuenta_inversion_2006_sdp.pdf,2026-08-29,2007,,2006,PDF oficial · binario preservado,677b1fa51056bbc7b5f6cd420e3de123b5c93b968e0a8f33bf87a6ab620331a7,"V111 E0 fiscal: 660,227 bytes; 141 páginas. Páginas PDF 121 y 132 renderizadas y verificadas."
e0_cgn_cuenta_inversion_2006_tomo_i,ciclo_ajuste_historico,Contaduría General de la Nación,Cuenta de Inversión 2006 · Tomo I,https://www.economia.gob.ar/hacienda/cgn/cuenta/2006/archivos/tomoi.pdf,/research/ciclo_ajuste/inputs/historical_retrieval/v111/binaries/cgn_cuenta_inversion_2006_tomoi.pdf,2026-08-29,2007,,2006,PDF oficial · binario preservado,ad7029b9f40d0847f2221266df441fea2a5da0933400bb233bed38e245ae7ebb,"V111 E0 fiscal: 2,011,257 bytes; 367 páginas. Páginas PDF 136, 137 y 142 renderizadas y verificadas."
e0_onp_sintesis_ejecutiva_2004q4,ciclo_ajuste_historico,Oficina Nacional de Presupuesto,Síntesis Ejecutiva · cuarto trimestre de 2004,https://www.economia.gob.ar/onp/documentos/sintesis_ejecutiva/2004/4trim04.pdf,/research/ciclo_ajuste/inputs/historical_retrieval/v111/binaries/onp_sintesis_ejecutiva_2004q4.pdf,2026-08-29,2005,,2004,PDF oficial · binario preservado,b4ec8c5cc12af639d413aaa0266d0a8a182ae1b77996b20dc855b32d5beda2d0,"V111 E0 fiscal: 381,932 bytes; 18 páginas. Página PDF 2 renderizada y verificada."
e0_onp_sintesis_ejecutiva_2005q4,ciclo_ajuste_historico,Oficina Nacional de Presupuesto,Síntesis Ejecutiva · cuarto trimestre de 2005,https://www.economia.gob.ar/onp/documentos/sintesis_ejecutiva/2005/4trim05.pdf,/research/ciclo_ajuste/inputs/historical_retrieval/v111/binaries/onp_sintesis_ejecutiva_2005q4.pdf,2026-08-29,2006,,2005,PDF oficial · binario preservado,ef5b60a4ea7641b9ec15eb99d50bca3254fa2e36ae555675dd2ce8e4640614ea,"V111 E0 fiscal: 140,275 bytes; 20 páginas. Página PDF 19 renderizada y verificada."
e0_onp_sintesis_ejecutiva_2006q4,ciclo_ajuste_historico,Oficina Nacional de Presupuesto,Síntesis Ejecutiva · cuarto trimestre de 2006,https://www.economia.gob.ar/onp/documentos/sintesis_ejecutiva/2006/4trim06.pdf,/research/ciclo_ajuste/inputs/historical_retrieval/v111/binaries/onp_sintesis_ejecutiva_2006q4.pdf,2026-08-29,2007,,2006,PDF oficial · binario preservado,79bb73538be3a545f3bb00f4e67c2f2f3cf6091e7173a6f4eca8a7e8d8c93890,"V111 E0 fiscal: 328,149 bytes; 23 páginas. Página PDF 22 renderizada y verificada."
e0_cgn_cuenta_inversion_2007_sdp,ciclo_ajuste_historico,Contaduría General de la Nación,Cuenta de Inversión 2007 · Servicio de la Deuda Pública y Anexo J,https://www.economia.gob.ar/hacienda/cgn/cuenta/2007/archivos/sdp.pdf,/research/ciclo_ajuste/inputs/historical_retrieval/v112/binaries/cgn_cuenta_inversion_2007_sdp.pdf,2026-08-29,2008,,2007,PDF oficial · binario preservado,90303a1e0526971bec25b8d1f17c2be7b1decc390d356287c9c6879304b98e6b,"V112 E0 fiscal: 1,042,529 bytes; 75 páginas. Páginas PDF 5, 56 y 65 renderizadas y verificadas."
e0_cgn_cuenta_inversion_2008_sdp,ciclo_ajuste_historico,Contaduría General de la Nación,Cuenta de Inversión 2008 · Servicio de la Deuda Pública y Anexo J,https://www.economia.gob.ar/hacienda/cgn/cuenta/2008/archivos/sdp.pdf,/research/ciclo_ajuste/inputs/historical_retrieval/v112/binaries/cgn_cuenta_inversion_2008_sdp.pdf,2026-08-29,2009,,2008,PDF oficial · binario preservado,aa51ee0f6c292bd070900716d34a9ceca42a12b94e1b0845bb915d04c25f9084,"V112 E0 fiscal: 1,995,800 bytes; 74 páginas. Páginas PDF 5, 54, 55, 63 y 64 renderizadas y verificadas."
e0_cgn_cuenta_inversion_2009_sdp,ciclo_ajuste_historico,Contaduría General de la Nación,Cuenta de Inversión 2009 · Servicio de la Deuda Pública y Anexo J,https://www.economia.gob.ar/hacienda/cgn/cuenta/2009/archivos/sdp.pdf,/research/ciclo_ajuste/inputs/historical_retrieval/v112/binaries/cgn_cuenta_inversion_2009_sdp.pdf,2026-08-29,2010,,2009,PDF oficial · binario preservado,8de64854c33d0d4291e94826a536eed5eca4055fd2159eb7ca23189cb1c406c1,"V112 E0 fiscal: 764,356 bytes; 81 páginas. Páginas PDF 5, 60, 71 y 72 renderizadas y verificadas."
e0_cgn_cuenta_inversion_2010_sdp,ciclo_ajuste_historico,Contaduría General de la Nación,Cuenta de Inversión 2010 · Servicio de la Deuda Pública,https://www.economia.gob.ar/hacienda/cgn/cuenta/2010/archivos/sdp.pdf,/research/ciclo_ajuste/inputs/historical_retrieval/v112/binaries/cgn_cuenta_inversion_2010_sdp.pdf,2026-08-29,2011,,2010,PDF oficial · binario preservado,678cd9942b6015459e7ef23dca6b2098e67aeb8a8713d7703ed9883d632157d2,"V112 E0 fiscal: 569,175 bytes; 81 páginas. Páginas PDF 6 y 60 renderizadas y verificadas."
e0_cgn_cuenta_inversion_2011_sdp,ciclo_ajuste_historico,Contaduría General de la Nación,Cuenta de Inversión 2011 · Servicio de la Deuda Pública,https://www.economia.gob.ar/hacienda/cgn/cuenta/2011/archivos/sdp.pdf,/research/ciclo_ajuste/inputs/historical_retrieval/v112/binaries/cgn_cuenta_inversion_2011_sdp.pdf,2026-08-29,2012,,2011,PDF oficial · binario preservado,2ccd64bcc4f439fd64788201563de3ff406b37a911ef7624a9f5d4594ac85111,"V112 E0 fiscal: 1,105,867 bytes; 68 páginas. Páginas PDF 6 y 50 renderizadas y verificadas."
e0_cgn_cuenta_inversion_2012_sdp,ciclo_ajuste_historico,Contaduría General de la Nación,Cuenta de Inversión 2012 · Servicio de la Deuda Pública,https://www.economia.gob.ar/hacienda/cgn/cuenta/2012/archivos/sdp.pdf,/research/ciclo_ajuste/inputs/historical_retrieval/v112/binaries/cgn_cuenta_inversion_2012_sdp.pdf,2026-08-29,2013,,2012,PDF oficial · binario preservado,612f97761b950bfeb9bc12df21c6135ca3eb31a226cd6ed403a1569cc8ea4d4b,"V112 E0 fiscal: 3,149,094 bytes; 58 páginas. Páginas PDF 5, 41 y 42 renderizadas y verificadas."
e0_agn_res_202_2009_act_41_2009_deuda,ciclo_ajuste_historico,Auditoría General de la Nación,Evolución de la deuda en sus principales aspectos · Resolución 202/2009 · Actuación 41/2009,https://www.agn.gob.ar/sites/default/files/informes/2009_202info_0.pdf,/research/ciclo_ajuste/inputs/historical_retrieval/v112/binaries/agn_res_202_2009_act_41_2009_deuda.pdf,2026-08-29,2009,,2008,PDF oficial · binario preservado,14053bc9c6c51382b28fe7a854c926ac776701e43534b5ad6438a903165332f8,"V112 E0 fiscal: 418,450 bytes; 36 páginas. Páginas PDF 16 y 17 renderizadas y verificadas."
e0_agn_res_102_2011_act_366_2009_fgs,ciclo_ajuste_historico,Auditoría General de la Nación,Gestión del FGS · primer semestre 2009 · Resolución 102/2011 · Actuación 366/2009,https://www.agn.gob.ar/sites/default/files/informes/Informe_102_2011.pdf,/research/ciclo_ajuste/inputs/historical_retrieval/v112/binaries/agn_res_102_2011_act_366_2009_fgs.pdf,2026-08-29,2011,,2009,PDF oficial · binario preservado,8025d4fc331b9256072baef0827eb03ae4f12a0c9d987f980364c40fe0da7481,"V112 E0 fiscal: 10,521,239 bytes; 282 páginas. Página PDF 37 renderizada y verificada."
e0_argentina_resultado_recompra_2008_08_28,ciclo_ajuste_e0_fiscal,Ministerio de Economía y Producción,Resultado de licitación de recompra · 28 de agosto de 2008,https://www.argentina.gob.ar/sites/default/files/comunicado_de_prensa_resultado_28-08-08.pdf,/research/ciclo_ajuste/inputs/historical_retrieval/v113/binaries/argentina_resultado_recompra_2008-08-28.pdf,2026-08-29,2008,,2008-08-28,PDF oficial · binario preservado,25caff3b3839995c6a394c8a7186baaa34597d3112fbc45657f86b88ceb972b3,"V113 E0 fiscal: 19,099 bytes; 3 páginas. Páginas PDF 1 y 2 renderizadas e inspeccionadas visualmente."
e0_argentina_resultado_recompra_2008_09_04,ciclo_ajuste_e0_fiscal,Ministerio de Economía y Producción,Resultado de licitación de recompra · 4 de septiembre de 2008,https://www.argentina.gob.ar/sites/default/files/comunicado_de_prensa_resultado_04-09-08.pdf,/research/ciclo_ajuste/inputs/historical_retrieval/v113/binaries/argentina_resultado_recompra_2008-09-04.pdf,2026-08-29,2008,,2008-09-04/2008-09-09,PDF oficial · binario preservado,246730cdc5067200f1c2c26d330bb09d94f118c3beb027877960d09b326e9311,"V113 E0 fiscal: 37,186 bytes; 3 páginas. Páginas PDF 1 y 2 renderizadas e inspeccionadas visualmente; totales recompuestos exactamente."
e0_argentina_resultado_recompra_2008_09_11,ciclo_ajuste_e0_fiscal,Ministerio de Economía y Producción,Resultado de licitación de recompra · 11 de septiembre de 2008,https://www.argentina.gob.ar/sites/default/files/comunicado_resultado11-09-08.pdf,/research/ciclo_ajuste/inputs/historical_retrieval/v113/binaries/argentina_resultado_recompra_2008-09-11.pdf,2026-08-29,2008,,2008-09-11/2008-09-16,PDF oficial · binario preservado,6be127c619dda958900754d4ebbbaa37f7cd7d07638ea741bec4293100c74714,"V113 E0 fiscal: 19,451 bytes; 3 páginas. Páginas PDF 1 y 2 renderizadas e inspeccionadas visualmente; totales recompuestos exactamente."
e0_argentina_rc_212_24_2008_recompra,ciclo_ajuste_e0_fiscal,Secretarías de Hacienda y de Finanzas,Resolución Conjunta 212/2008 y 24/2008 · procedimiento de recompra,https://www.argentina.gob.ar/normativa/nacional/norma-143759/texto,/research/ciclo_ajuste/inputs/historical_retrieval/v113/binaries/argentina_rc_212_24_2008_procedimiento_recompra.html,2026-08-29,2008,,2008,HTML oficial · texto original preservado,80958e60377bdde854883c2fffd56f9ef2f81714728f389fe05aa09eeb450982,"V113 E0 fiscal: 49,650 bytes; N/A páginas. Texto original preservado; Anexo, puntos 1.4–1.12 y 2.1–2.5 verificados."
e0_argentina_rc_113_34_2009_boden12_strip,ciclo_ajuste_e0_fiscal,Secretarías de Hacienda y de Finanzas,Resolución Conjunta 113/2009 y 34/2009 · strip BODEN 2012,https://www.argentina.gob.ar/normativa/nacional/resoluci%C3%B3n-113-2009-154175/texto,/research/ciclo_ajuste/inputs/historical_retrieval/v113/binaries/argentina_rc_113_34_2009_boden12_cupon.html,2026-08-29,2009,,2009-06-04,HTML oficial · texto original preservado,c553fc8df4d9b937de78c7b8e37dc11888a40539b03bef257ce5b3b907d4d2b7,"V113 E0 fiscal: 41,448 bytes; N/A páginas. Texto original preservado; considerandos y artículos 1 y 3 verificados."
e0_argentina_dnu_1801_2009_boden12,ciclo_ajuste_e0_fiscal,Poder Ejecutivo Nacional,DNU 1801/2009 · ampliación presupuestaria y colocaciones BODEN 2012,https://www.argentina.gob.ar/normativa/nacional/decreto-1801-2009-160582/texto,/research/ciclo_ajuste/inputs/historical_retrieval/v113/binaries/argentina_dnu_1801_2009_presupuesto.html,2026-08-29,2009,,2009,HTML oficial · texto original preservado,3e0fc82c180b11f3f61ed732ebad342448620feffacef7f931c89dc318efbece,"V113 E0 fiscal: 54,527 bytes; N/A páginas. Texto original preservado; considerando específico BODEN 2012 verificado."
e0_argentina_recompras_decreto_1735_04_report,ciclo_ajuste_e0_fiscal,Ministerio de Economía y Finanzas Públicas,Informe sobre recompras de deuda bajo el Decreto 1735/04,https://www.argentina.gob.ar/sites/default/files/recompras_de_deuda.pdf,/research/ciclo_ajuste/inputs/historical_retrieval/v114/binaries/argentina_recompras_deuda_decreto_1735_04.pdf,2026-08-29,,,2004-2010,PDF oficial · binario preservado,24d9ec3d3ab2051c1e6e31870b659c8266722bc5f1010f48efe671337385a063,"V128 E0 fiscal: la página 2 identifica para referencia 2006 GDP Units ARS ARARGE03E147 (VNO ARS 43.824,10m; efectivo ARS 1.858,10m), GDP Units USD ley argentina ARARGE03E154 (VNO USD 260,90m; efectivo ARS 28,00m) y Discount ARARGE03E121 (efectivo ARS 1.415,50m); total efectivo ARS 3.301,60m. No individualiza fechas, vendedores ni riel de pago."
e0_argentina_recompra_primera_etapa_2008_08_11,ciclo_ajuste_e0_fiscal,Ministerio de Economía y Producción,Programa de recompra de vencimientos 2008-2009 · primera etapa,https://www.argentina.gob.ar/sites/default/files/comunicado_primera_etapa_11-08-08.pdf,/research/ciclo_ajuste/inputs/historical_retrieval/v114/binaries/argentina_recompra_primera_etapa_2008-08-11.pdf,2026-08-29,2008,,2008-08-11,PDF oficial · binario preservado,ddb140ca2d1171e17611b2c9b766574ecc362e68bfb3739a36d16cfb751a2ee6,"V114 E0 fiscal: 20,982 bytes; 2 páginas. Página 1 renderizada e inspeccionada visualmente."
e0_argentina_recompra_segunda_etapa_2008_08_21,ciclo_ajuste_e0_fiscal,Ministerio de Economía y Producción,Programa de recompra 2008-2009 · anuncio de segunda etapa,https://www.argentina.gob.ar/sites/default/files/comunicado_segunda_etapa_21-08-08.pdf,/research/ciclo_ajuste/inputs/historical_retrieval/v114/binaries/argentina_recompra_segunda_etapa_2008-08-21.pdf,2026-08-29,2008,,2008-08-21,PDF oficial · binario preservado,3e6ed07d4ed3e67d9ce0b2a0ddcb145d6ba28ec76ecaf1c3d8943aedeb9183ba,"V114 E0 fiscal: 21,055 bytes; 2 páginas. Página 1 renderizada e inspeccionada visualmente."
e0_argentina_recompra_segunda_semana_2008_08_22,ciclo_ajuste_e0_fiscal,Ministerio de Economía y Producción,Segunda semana del programa de recompra 2008-2009,https://www.argentina.gob.ar/sites/default/files/comunicado_2da_semana_de_recompra_de_deuda_22-08-08.pdf,/research/ciclo_ajuste/inputs/historical_retrieval/v114/binaries/argentina_recompra_segunda_semana_2008-08-22.pdf,2026-08-29,2008,,2008-08-11/2008-08-22,PDF oficial · binario preservado,00f3dee49655770ce78b2494f5a7e32b657f91a071cf45e2693a8ccab4313b15,"V114 E0 fiscal: 68,227 bytes; 2 páginas. Página 1 renderizada e inspeccionada visualmente."
e0_argentina_resultado_recompra_2008_10_02,ciclo_ajuste_e0_fiscal,Ministerio de Economía y Producción,Resultado de licitación de recompra · 2 de octubre de 2008,https://www.argentina.gob.ar/sites/default/files/comunicado_resultado_licitacion_02-10-08.pdf,/research/ciclo_ajuste/inputs/historical_retrieval/v114/binaries/argentina_resultado_recompra_2008-10-02.pdf,2026-08-29,2008,,2008-10-02/2008-10-07,PDF oficial · binario preservado,4d0b0855bd01424576c018e2ef94bb6832eb9bc0427248abb405ae9119af3878,"V114 E0 fiscal: 17,427 bytes; 2 páginas. Las dos páginas fueron renderizadas e inspeccionadas visualmente; totales recompuestos exactamente."
e0_bna_memoria_balance_2008,ciclo_ajuste_e0_fiscal,Banco de la Nación Argentina,Memoria y Balance General 2008,https://www.bna.com.ar/Downloads/Memoria_Balance_BNA_2008.pdf,/research/ciclo_ajuste/inputs/historical_retrieval/v114/binaries/bna_memoria_balance_2008.pdf,2026-08-29,2009,,2008,PDF oficial · binario preservado,89963cae9e7857af8ab0c3006f400b658b20c721a8746a302037dc6c093c1e84,"V114 E0 fiscal: 17,757,994 bytes; 182 páginas. Búsqueda textual integral; página PDF 14 renderizada e inspeccionada visualmente."
e0_cgn_cuenta_inversion_2008_comentarios,ciclo_ajuste_e0_fiscal,Contaduría General de la Nación,Cuenta de Inversión 2008 · comentarios de ejecución presupuestaria,http://www.economia.gob.ar/hacienda/cgn/cuenta/2008/tomoi/06comentarios.htm,/research/ciclo_ajuste/inputs/historical_retrieval/v114/binaries/cgn_cuenta_inversion_2008_comentarios_ejecucion.html,2026-08-29,2009,,2008,HTML oficial · texto original preservado,ada295823fac4ecd0e8b3be5cdf28ff5b9d02012a78ea296186750c8e82f4963,"V114 E0 fiscal: 315,852 bytes; N/A páginas. Pasaje de adquisición de títulos y valores de corto plazo preservado y verificado."
e0_cgn_cuenta_inversion_2009_anexo_j_html,ciclo_ajuste_e0_fiscal,Contaduría General de la Nación,Cuenta de Inversión 2009 · Anexo J · recompra anticipada BODEN 2012,http://www.economia.gob.ar/hacienda/cgn/cuenta/2009/sdp/anexoj.htm,/research/ciclo_ajuste/inputs/historical_retrieval/v114/binaries/cgn_cuenta_inversion_2009_anexo_j.html,2026-08-29,2010,,2009,HTML oficial · texto original preservado,7dbc940514ce9765c975596991c5c8a1a28f4bf927a2e66fe653c5f4266060cb,"V114 E0 fiscal: 94,325 bytes; N/A páginas. Sección de recompra anticipada preservada y verificada."
e0_argentina_mecon_memoria_2009,ciclo_ajuste_e0_fiscal,Jefatura de Gabinete de Ministros · Ministerio de Economía y Finanzas Públicas,Memoria detallada del estado de la Nación 2009,https://www.argentina.gob.ar/sites/default/files/memoria_2009.pdf,/research/ciclo_ajuste/inputs/historical_retrieval/v114/binaries/argentina_mecon_memoria_2009.pdf,2026-08-29,2010,,2009,PDF oficial · binario preservado,2ef3ab89af293b3b0f7befb30f761e4bcc9f5079eed5319851b47f22c6a82c9a,"V114 E0 fiscal: 10,131,930 bytes; 520 páginas. Páginas PDF 135 y 136 renderizadas e inspeccionadas visualmente."
e0_agn_res_084_2015_act_158_2010_deuda,ciclo_ajuste_e0_fiscal,Auditoría General de la Nación,Evolución y distribución de la deuda pública 2009-2012 · Resolución 84/2015 · Actuación 158/2010,https://www.agn.gob.ar/sites/default/files/informes/informe_084_2015.pdf,/research/ciclo_ajuste/inputs/historical_retrieval/v114/binaries/agn_informe_084_2015_deuda_2009_2012.pdf,2026-08-29,2015,,2009-2012,PDF oficial · binario preservado,624f8ec52cdc1e21d9424faec34554fc83b92e3e141a53630bad3b8589a29725,"V114 E0 fiscal: 774,716 bytes; 48 páginas. Páginas PDF 25 y 26 renderizadas e inspeccionadas visualmente."
e0_agn_transparencia_boden_2018,ciclo_ajuste_e0_fiscal,Auditoría General de la Nación,"Acceso a la información · solicitud sobre BODEN 2006, 2012 y 2013",https://www.agn.gob.ar/transparencia/informacion,/research/ciclo_ajuste/inputs/historical_retrieval/v114/binaries/agn_transparencia_informacion_publica_2018.html,2026-08-29,2018,,2018-08-14/2018-09-11,HTML oficial · respuesta institucional preservada,231ba7b53dc058ea67965a7453854ba813d20929878da1a940243d512897b031,"V114 E0 fiscal: 468,667 bytes; N/A páginas. Entrada del 14/08/2018 y respuesta del 11/09/2018 preservadas y verificadas."
sec_consejo_iec_298_strip_boden2012,ciclo_ajuste_e0_fiscal_secondary,Consejo Profesional de Ciencias Económicas de la Ciudad Autónoma de Buenos Aires,Informe Económico de Coyuntura 298 · repercusiones del rescate anticipado BODEN 2012,https://archivo.consejo.org.ar/publicaciones/iec/iec298/julio_09.pdf,/research/ciclo_ajuste/inputs/historical_retrieval/v114/binaries/consejo_iec_298_julio_2009.pdf,2026-08-29,2009,,2009-06,PDF institucional contemporáneo · fuente secundaria preservada,1f4fb2ed99b69030231f983c12f6ac0716e31eb53057d47dbfb1811e57dc84c3,"V114 E0 fiscal: 528,229 bytes; 22 páginas. Página PDF 5 renderizada e inspeccionada visualmente."
e0_argentina_finanzas_archive_recompras_voluntarias,ciclo_ajuste_e0_fiscal,Ministerio de Economía,Archivo de Finanzas · Recompras voluntarias,https://www.argentina.gob.ar/economia/finanzas/archivo,/research/ciclo_ajuste/inputs/historical_retrieval/v115/binaries/argentina_finanzas_archivo_recompras_voluntarias.html,2026-08-29,,,2008-08-11/2008-10-02,HTML oficial · índice histórico preservado,d752ba902cf4ff12bc4d0ca6e448187f18de07d3aecfb53577bdd9124e2d948a,"V115 E0 fiscal: 39,095 bytes; N/A páginas. HTML preservado; enlaces y orden de los cuatro llamados/resultados verificados."
e0_argentina_llamado_recompra_2008_08_27,ciclo_ajuste_e0_fiscal,Ministerio de Economía y Producción · Secretaría de Finanzas,Primer llamado a licitación pública de recompra · 27 de agosto de 2008,https://www.argentina.gob.ar/sites/default/files/comunicado_llamado_licitacion_27-08-08.pdf,/research/ciclo_ajuste/inputs/historical_retrieval/v115/binaries/comunicado_llamado_licitacion_27-08-08.pdf,2026-08-29,2008,,2008-08-27/2008-09-02,PDF oficial · binario preservado,56068a879422c0b97b4c6da94b95116ba4813b08a0472dbc4b87b535341c6222,"V115 E0 fiscal: 23,336 bytes; 2 páginas. Las dos páginas fueron renderizadas e inspeccionadas visualmente."
e0_argentina_llamado_recompra_2008_09_03,ciclo_ajuste_e0_fiscal,Ministerio de Economía y Producción · Secretaría de Finanzas,Segundo llamado a licitación pública de recompra · 3 de septiembre de 2008,https://www.argentina.gob.ar/sites/default/files/comunicado_llamado_licitacion_03-09-08.pdf,/research/ciclo_ajuste/inputs/historical_retrieval/v115/binaries/comunicado_llamado_licitacion_03-09-08.pdf,2026-08-29,2008,,2008-09-03/2008-09-09,PDF oficial · binario preservado,4cf1db52c366805043b387b05a964aacdac64fcf644e0354cfd041a3d1de5d12,"V115 E0 fiscal: 23,455 bytes; 2 páginas. Las dos páginas fueron renderizadas e inspeccionadas visualmente."
e0_argentina_llamado_recompra_2008_09_10,ciclo_ajuste_e0_fiscal,Ministerio de Economía y Producción · Secretaría de Finanzas,Tercer llamado a licitación pública de recompra · 10 de septiembre de 2008,https://www.argentina.gob.ar/sites/default/files/comunicado_llamado_licitacion_10-09-08.pdf,/research/ciclo_ajuste/inputs/historical_retrieval/v115/binaries/comunicado_llamado_licitacion_10-09-08.pdf,2026-08-29,2008,,2008-09-10/2008-09-16,PDF oficial · binario preservado,181fcf33052470768185518e94c4736167cd96aa652f9d8dcfb32621de809dec,"V115 E0 fiscal: 23,465 bytes; 2 páginas. Las dos páginas fueron renderizadas e inspeccionadas visualmente."
e0_argentina_llamado_recompra_2008_10_01,ciclo_ajuste_e0_fiscal,Ministerio de Economía y Producción · Secretaría de Finanzas,Cuarto llamado a licitación pública de recompra · 1 de octubre de 2008,https://www.argentina.gob.ar/sites/default/files/comunicado_llamado_licitacion_01-10-08.pdf,/research/ciclo_ajuste/inputs/historical_retrieval/v115/binaries/comunicado_llamado_licitacion_01-10-08.pdf,2026-08-29,2008,,2008-10-01/2008-10-07,PDF oficial · binario preservado,3f6cda65bb1449b9594e28b94fbdb81bb615a7320cc83e988f6f681afd6454ee,"V115 E0 fiscal: 23,118 bytes; 2 páginas. Las dos páginas fueron renderizadas e inspeccionadas visualmente."
e0_mecon_strip_boden2012_call_2009_06_10,ciclo_ajuste_e0_fiscal,Ministerio de Economía y Finanzas Públicas · Secretaría de Finanzas,Llamado a licitación pública de recompra del cupón 15 de BODEN 2012 · 10 de junio de 2009,http://www.mecon.gov.ar/finanzas/sfinan/documentos/comunicado_de_prensa_boden2012.pdf,/research/ciclo_ajuste/inputs/historical_retrieval/v116/binaries/mecon_strip_boden2012_llamado_2009-06-10_wayback.pdf,2026-08-29,2009-06-10,,2009-06-10/2009-06-18,PDF oficial · binario preservado,5e985d7a96ee628e6abd83d1a05e76ca3111fd806c429641792aa41af639f841,"V116 E0 fiscal: 24,883 bytes; 2 páginas. Las dos páginas fueron renderizadas e inspeccionadas visualmente."
e0_mecon_strip_boden2012_result_2009_06_12,ciclo_ajuste_e0_fiscal,Ministerio de Economía y Finanzas Públicas · Secretaría de Finanzas,Resultado y anexo de recompra del cupón 15 de BODEN 2012 · 12 de junio de 2009,http://www.mecon.gov.ar/finanzas/sfinan/documentos/comunicado_de_prensa_resultado_con%20anexo.pdf,/research/ciclo_ajuste/inputs/historical_retrieval/v116/binaries/mecon_strip_boden2012_resultado_2009-06-12_wayback.pdf,2026-08-29,2009-06-12,,2009-06-12/2009-06-18,PDF oficial · binario preservado,a6afe3d95aab9726b437e8ac46ad71b0db4c9dfeb80d9892b5452d16379e3b20,"V116 E0 fiscal: 20,729 bytes; 3 páginas. Las tres páginas fueron renderizadas e inspeccionadas visualmente."
e0_bcra_inflation_report_q4_2008_buyback_control,ciclo_ajuste_e0_fiscal,Banco Central de la República Argentina,Informe de Inflación · Cuarto trimestre de 2008 · control agregado de recompra,https://www.bcra.gob.ar/archivos/Pdfs/publicacionesestadisticas/informe-de-inflacion-trimestre-4-2008.pdf,/research/ciclo_ajuste/inputs/historical_retrieval/v116/binaries/bcra_informe_inflacion_4t_2008.pdf,2026-08-29,2008-10,,2008-08/2008-10,PDF oficial · binario preservado,7eadf384bb38d996f246bfe12284e93401791c1f97ab30c5f186af77ab6e9bae,"V116 E0 fiscal: 1,472,963 bytes; 80 páginas. Portada y página 51 del PDF fueron renderizadas e inspeccionadas visualmente."
e0_agn_res_041_2016_deuda_custodian_gap,ciclo_ajuste_e0_fiscal,Auditoría General de la Nación,Deuda intrasector público · Resolución AGN 41/2016 · limitaciones de custodios,https://www.agn.gob.ar/sites/default/files/informes/informe_041_2016.pdf,/research/ciclo_ajuste/inputs/historical_retrieval/v117/binaries/agn_informe_041_2016_deuda_tenencias_custodios.pdf,2026-08-29,2016,,2009-2013; nota Caja 2014-11-19,PDF oficial · binario preservado,cdb8b68524c247943b19f3dd85e847b96fbcbd2a057a6435971c06e57fbc52e0,"V117 E0 fiscal: 859,656 bytes; 138 páginas. Portada y páginas PDF 19-21, 100-102 y 110 fueron renderizadas e inspeccionadas visualmente."
e0_agn_api_boden_request_2018_record,ciclo_ajuste_e0_fiscal,Auditoría General de la Nación,Registro JSON de acceso a información · BODEN 2006/2012/2013 · ingreso 14/08/2018,https://webagnapi.agn.gob.ar/api/node/webform/2074c3d9-a535-497e-a97d-d74340ff49fb?resourceVersion=id%3A18821,/research/ciclo_ajuste/inputs/historical_retrieval/v117/binaries/agn_api_webform_boden_request_2018.json,2026-08-29,2022-10-26,,2018-08-14/2018-09-11,JSON oficial estructurado · binario preservado,076a89c8510b13aa203a111a62b4dd20c9d762904050c8ef72085da8dcd15ced,"V117 E0 fiscal: 2,819 bytes; N/A páginas. JSON parseado; relaciones públicas limitadas a node_type, revision_uid y uid; sin included ni relación de archivo."
e0_argentina_rc_26_216_2008_tsa_sigade,ciclo_ajuste_e0_fiscal,Secretarías de Hacienda y de Finanzas,"Resolución Conjunta 216/2008 y 26/2008 · TSA, COMDOC III, SIGADE y productor DADP",https://www.argentina.gob.ar/normativa/nacional/resoluci%C3%B3n-216-2008-144186/texto,/research/ciclo_ajuste/inputs/historical_retrieval/v120/binaries/argentina_rc_26_216_2008_tsa_sigade.html,2026-08-29,2008-09-01,,2008; procedimiento contemporáneo de deuda,HTML oficial · binario preservado,404f570e632c1f8bc6062f6bfb1f87c3e9bce2404499f0f6ebab88783b17a033,"V120 E0 fiscal: 59,249 bytes. HTML oficial parseado; expediente normativo S01:0037199/2008, considerandos y Anexo I verificados."
e0_bcra_b7971_cryl_operational_files_2003,ciclo_ajuste_e0_fiscal,Banco Central de la República Argentina,Comunicación B 7971 · archivos operativos CRyL CG1-CG7,https://www.bcra.gob.ar/Pdfs/comytexord/B7971.pdf,/research/ciclo_ajuste/inputs/historical_retrieval/v120/binaries/bcra_com_b7971_cryl_mensajeria_2003.pdf,2026-08-29,2003-09-02,,desde 2003-09; esquema previo a las operaciones 2008-2009,PDF oficial · binario preservado,fc4f9bf8d88c9aa5a09bad6ffef2b27f68d0f70bde2b2291f600e9446182555c,"V120 E0 fiscal: 155,304 bytes. 5 páginas renderizadas e inspeccionadas visualmente; diseños CG1-CG7 y extracto diario legibles."
e0_bcra_a3191_cryl_dvp_regime_2000,ciclo_ajuste_e0_fiscal,Banco Central de la República Argentina,Comunicación A 3191 · régimen CRyL y formularios 4359,https://www.bcra.gob.ar/archivos/Pdfs/comytexord/A3191.pdf,/research/ciclo_ajuste/inputs/historical_retrieval/v120/binaries/bcra_com_a3191_cryl_texto_ordenado_2000.pdf,2026-08-29,2000-12-05,,desde 2000-12; línea de base anterior a 2008,PDF oficial · binario preservado,e03630b480804aea5e75cf357fd55de73c7075264301fffc930921e137a2bb1c,"V120 E0 fiscal: 432,161 bytes. 28 páginas; páginas relevantes 9-20 y 23-27 renderizadas e inspeccionadas visualmente sin defectos."
e0_bcra_a3253_cryl_rml_2001,ciclo_ajuste_e0_fiscal,Banco Central de la República Argentina,Comunicación A 3253 · modificación acotada de cuentas CRyL,https://www.bcra.gob.ar/archivos/Pdfs/comytexord/A3253.pdf,/research/ciclo_ajuste/inputs/historical_retrieval/v121/binaries/bcra_com_a3253_cryl_rml_2001.pdf,2026-08-29,2001-04-10,,desde 2001-04; modificación previa a 2008,PDF oficial · binario preservado,5e414c74227aeaeab60d8af478bbfd6f806b164e60131773a34bef0b69a0b8b4,"V121 E0 fiscal: 35,624 bytes. 5 páginas renderizadas e inspeccionadas visualmente; comunicación, cuentas 03/04/08 y tabla de origen legibles."
e0_bcra_a3621_cryl_scope_2002,ciclo_ajuste_e0_fiscal,Banco Central de la República Argentina,Comunicación A 3621 · cambio de denominación y alcance CRyL,https://www.bcra.gob.ar/archivos/Pdfs/comytexord/A3621.pdf,/research/ciclo_ajuste/inputs/historical_retrieval/v121/binaries/bcra_com_a3621_cryl_scope_2002.pdf,2026-08-29,2002-06-03,,desde 2002-06; ampliación previa a 2008,PDF oficial · binario preservado,61b2fef65618fc339c96d0b16a0f4dfbe4c5ea202aeb40b940653ee2b7779d79,"V121 E0 fiscal: 39,512 bytes. Única página renderizada e inspeccionada visualmente; puntos 1 y 2 legibles."
e0_bcra_b9173_cryl_cga_x400_2008,ciclo_ajuste_e0_fiscal,Banco Central de la República Argentina,Comunicación B 9173 · CGA; X-400/MCT y validación FT/FTC,https://www.bcra.gob.ar/archivos/Pdfs/comytexord/B9173.pdf,/research/ciclo_ajuste/inputs/historical_retrieval/v121/binaries/bcra_com_b9173_cryl_cga_x400_2008.pdf,2026-08-29,2008-01-09,,vigencia operativa desde 2008-01-21; antes de las recompras,PDF oficial · binario preservado,f331c06002d037235d11b2d3f45370fc1ab7004508749851b3e8b75770219da6,"V121 E0 fiscal: 159,583 bytes. 8 páginas renderizadas e inspeccionadas visualmente; diseño CGA, horarios, validaciones y rechazos legibles."
e0_bcra_b10469_cryl_code_continuity_2012,ciclo_ajuste_e0_fiscal,Banco Central de la República Argentina,Comunicación B 10469 · continuidad CG1-CG7/CGA en IDEAR,https://www.bcra.gob.ar/archivos/Pdfs/comytexord/B10469.pdf,/research/ciclo_ajuste/inputs/historical_retrieval/v121/binaries/bcra_com_b10469_mensajeria_2012.pdf,2026-08-29,2012-10-22,,migración operativa desde 2012-11-07; continuidad posterior,PDF oficial · binario preservado,430b091171f90e45ce6f536ba1556fb94d524f01551638449f03961df4837f4f,"V121 E0 fiscal: 119,332 bytes. 2 páginas renderizadas e inspeccionadas visualmente; tabla de códigos y direcciones legible."
e0_afip_rg2418_security_codes_2007,ciclo_ajuste_e0_fiscal,Administración Federal de Ingresos Públicos,Resolución General 2418 · Anexo III; códigos y valuaciones de títulos al 31/12/2007,https://www.argentina.gob.ar/normativa/nacional/resoluci%C3%B3n-2418-2008-138491/texto,/research/ciclo_ajuste/inputs/historical_retrieval/v122/binaries/afip_rg2418_anexo3_titulos_2007.pdf,2026-08-29,2008-03-10,,códigos y valuaciones al 2007-12-31; publicado antes de las recompras 2008,PDF oficial · binario preservado,5766475f2c1f0263c6368fbf44355d0663ca616825525bacf1faf96c19ee89c8,"V122 E0 fiscal: 267,311 bytes. 16 páginas; páginas PDF 5 y 13 renderizadas e inspeccionadas visualmente; 5426, 5427, 45698 y 45701 legibles."
e0_afip_rg2575_security_codes_2008,ciclo_ajuste_e0_fiscal,Administración Federal de Ingresos Públicos,Resolución General 2575 · Anexo III; códigos y valuaciones de títulos al 31/12/2008,https://www.argentina.gob.ar/normativa/nacional/resoluci%C3%B3n-2575-2009-151297/texto,/research/ciclo_ajuste/inputs/historical_retrieval/v122/binaries/afip_rg2575_anexo3_valores_2008.pdf,2026-08-29,2009-03-09,,códigos y valuaciones al 2008-12-31; corroboración inmediatamente posterior,PDF oficial · binario preservado,5b55a19d1cd31df8123c60e57b250b61fd9a60be0deac8d8d6a54c7acc130ca6,"V122 E0 fiscal: 151,086 bytes. 51 páginas; páginas PDF 44 y 51 renderizadas e inspeccionadas visualmente; los cuatro códigos se repiten."
e0_cvsa_f33914_deferred_delivery_2017,ciclo_ajuste_e0_fiscal,Caja de Valores S.A.,Formulario F-33914.01 · Entrega diferida,https://cajadevalores.com.ar/img/Formularios/F-33914.01.pdf,/research/ciclo_ajuste/inputs/historical_retrieval/v122/binaries/cvsa_f33914_01_entrega_diferida.pdf,2026-08-29,2017-11-23,,formulario legado publicado en 2017; evidencia retrospectiva posterior al objetivo,PDF oficial · binario preservado,b6f6c626a3792fb6b1be7ea293d8ba7a7587af1fcc7f6cad11f99bcb6fd0ba29,"V122 E0 fiscal: 158,479 bytes. 2 páginas, original y duplicado, renderizadas e inspeccionadas visualmente; fecha de ejecución, límite de matching, Código Caja y contrapartes legibles."
e0_cvsa_f33915_deferred_receipt_2017,ciclo_ajuste_e0_fiscal,Caja de Valores S.A.,Formulario F-33915.01 · Recepción diferida,https://cajadevalores.com.ar/img/Formularios/F-33915.01.pdf,/research/ciclo_ajuste/inputs/historical_retrieval/v122/binaries/cvsa_f33915_01_recepcion_diferida.pdf,2026-08-29,2017-11-23,,formulario legado publicado en 2017; evidencia retrospectiva posterior al objetivo,PDF oficial · binario preservado,62e9512adf20a0f1d87d8cc843104bd3eded116f0dab5cde62fd3b4fe55dd601,"V122 E0 fiscal: 159,865 bytes. 2 páginas, original y duplicado, renderizadas e inspeccionadas visualmente; campos espejo de recepción legibles."
e0_cvsa_communication_10290_tsa_deferred_2020,ciclo_ajuste_e0_fiscal,Caja de Valores S.A.,Comunicado 10290 · archivos TSA y transferencias diferidas,https://www.argentina.gob.ar/sites/default/files/ssn_200818_reestructuracioncomunicadocajavalores.pdf,/research/ciclo_ajuste/inputs/historical_retrieval/v122/binaries/cvsa_comunicado_10290_tsa_diferida_2020.pdf,2026-08-29,2020-08-18,,operación de canje 2020; evidencia posterior de separación canal-modalidad,PDF oficial · binario preservado,563b680a706d6e875d718653aac2dfd5d681fe92288ceaf59d370f005d716e05,"V122 E0 fiscal: 195,093 bytes. 6 páginas renderizadas; páginas PDF 2 y 6 inspeccionadas visualmente; TSA/diferida y columnas Código CVSA/ISIN legibles."
e0_byma_nsc_tsa_modality_retirement_2023,ciclo_ajuste_e0_fiscal,Bolsas y Mercados Argentinos S.A.,Instructivo de Liquidaciones · Nuevo Sistema de Custodia,https://data-widgets.byma.com.ar/wp-content/uploads/dlm_uploads/2023/09/Instructivo-Liquidaciones-Nuevo-Sistema-Custod.pdf,/research/ciclo_ajuste/inputs/historical_retrieval/v122/binaries/byma_instructivo_liquidaciones_nsc_2023.pdf,2026-08-29,2023-09-12,,migración al Nuevo Sistema de Custodia 2023; evidencia posterior,PDF oficial · binario preservado,51b1bbe59c71c91e8033a5fa05a69182ecc12613c0b836b6e0a4e01a0ab73a0a,"V122 E0 fiscal: 269,864 bytes. 5 páginas renderizadas; página PDF 3 inspeccionada visualmente; formato TSA, código de custodia y retiro de modalidades legibles."
e0_banco_columbia_codigo_caja_boden_strip_2009,ciclo_ajuste_e0_fiscal,Banco Columbia S.A.,Estados contables al 30/06/2009 · Anexo A con Identificación Caja de Valores,https://secure.bancocolumbia.com.ar/web/Multimedios/Otros/6937.pdf?v=58,/research/ciclo_ajuste/inputs/historical_retrieval/v123/binaries/banco_columbia_estados_2009_codigo_caja.pdf,2026-08-29,2009-08-12,,tenencias al 2009-06-30; contemporáneo al llamado del cupón separado,PDF bancario auditado · binario preservado,ede01d7589e22c16728260b69b7fb92a2810d12ac2c104837716902593935ee2,"V123 E0 fiscal: 4,788,135 bytes. 64 páginas; página PDF 26 renderizada e inspeccionada visualmente; la columna Identificación Caja de Valores vincula BODEN 2012 cupón vto. 03/08/2009 con 5326."
e0_banco_patagonia_boden_strip_code_2009,ciclo_ajuste_e0_fiscal,Banco Patagonia S.A.,Financial statements as of 30/06/2009 · Exhibit A securities identification,https://www.bancopatagonia.com.ar/relacionconinversores/english/docs/info_financiera_gestion/estados_contables/financial_statements_june_2009.pdf,/research/ciclo_ajuste/inputs/historical_retrieval/v123/binaries/banco_patagonia_estados_junio_2009.pdf,2026-08-29,2009-08-10,,tenencias al 2009-06-30; corroboración bancaria contemporánea independiente,PDF bancario auditado · binario preservado,a30201e93043ccb05f45cc4e5bacafe1aabc3ad9386c207fcc6f3365c7b40810,"V123 E0 fiscal: 567,923 bytes. 81 páginas; página PDF 48 renderizada e inspeccionada visualmente; BODEN 2012 coupon 15 income and depreciation figura con identificación 5326."
e0_caja_sistema_transferencias_electronicas_manual,ciclo_ajuste_e0_fiscal,Caja de Valores S.A.,Sistema de Transferencias Electrónicas · Manual Agentes y Sociedades de Bolsa,https://home.byma.com.ar/sba/descargas/manuales/sliq.pdf,/research/ciclo_ajuste/inputs/historical_retrieval/v123/binaries/caja_valores_sistema_transferencias_custodia_sliq.pdf,2026-08-29,2000-03,,edición impresa en Buenos Aires en marzo de 2000; PDF reexportado en 2018,PDF operativo de Caja · binario archivado preservado,27110add87fdf7ec658ccf5a94671e4ea4e3ca514f6b4a30343b6589d22c4d20,"V124 E0 fiscal: el mismo binario preservado en V123 fue revalidado visualmente. La página PDF 2 fecha internamente la edición en marzo de 2000; las páginas 9-12 definen modalidades, fases, contrapartes, formularios y matching."
e0_cnv_res_16189_recepcion_diferida_2009,ciclo_ajuste_e0_fiscal,Comisión Nacional de Valores,Resolución 16.189 · formularios de Recepción Diferida y movimientos de Caja,https://www.cnv.gov.ar/descargas/RD/blob/8726491E-A033-4F6C-ABEF-17B3C8D8E0FE,/research/ciclo_ajuste/inputs/historical_retrieval/v123/binaries/cnv_resolucion_16189_2009_recepcion_diferida.pdf,2026-08-29,2009-08-20,,operación y documentación de agosto de 2009; expediente originado por verificación de agosto de 2008,PDF regulatorio oficial · binario preservado,b0a82f8aa91ac4a58e834eece1ebb2cef0dec91acbfb8d2a8525274114d9a79c,"V123 E0 fiscal: 153,070 bytes. 2 páginas; página PDF 1 renderizada e inspeccionada visualmente; formularios 0102704/0102705, BODEN 2012 y listado de movimientos de Caja legibles."
e0_merval_sistema_transferencias_2004_wayback,ciclo_ajuste_e0_fiscal,Mercado de Valores de Buenos Aires / Centro de Atención a Usuarios,Documentación de Sistemas Informáticos · Sistema de Transferencias Electrónicas,https://web.archive.org/web/20040208012932id_/http://www.merval.sba.com.ar:80/sba/asp/sba_sistemas.asp,/research/ciclo_ajuste/inputs/historical_retrieval/v124/binaries/merval_sistemas_transferencias_2004_wayback.html,2026-08-29,2004-02-08,,captura institucional archivada del 2004-02-08; sistema preexistente al período objetivo,HTML institucional oficial archivado · copia preservada,3a7c5d5f476e5e8ac0266f17e37fe50115e7af2c7c263bc728365df2a7a8e339,"V124 E0 fiscal: 11,713 bytes. HTML oficial archivado; contiene la sección Sistemas de Custodia y Garantía, el nombre Sistema de Transferencias Electrónicas, sus funciones de alta/autorización/modificación/baja/consulta y la clave de descarga SCG."
e0_caja_manual_dtc_control_cambios_m32002,ciclo_ajuste_e0_fiscal,Caja de Valores S.A.,Manual del Usuario Cuenta CVSA-DTC MU-32002.03 · control de cambios,https://cajadevalores.com.ar/img/Documentacion/M-32002.pdf,/research/ciclo_ajuste/inputs/historical_retrieval/v124/binaries/caja_manual_cuenta_dtc_m32002.pdf,2026-08-29,2009-05,,"control de revisiones febrero 2006, septiembre 2007 y mayo 2009; manual paralelo no SLIQ",PDF operativo oficial de Caja · binario preservado,ca36c92b1c39f3be03fd097a643bc48975a43802075ddeb5dcc6625f9d57df8a,"V124 E0 fiscal: 1,484,481 bytes. 24 páginas; páginas PDF 3 y 22 renderizadas e inspeccionadas visualmente; MU-32002.03 rige desde mayo de 2009 y su control de cambios lista revisiones 00-03, incluida la incorporación de la fecha de vigencia en septiembre de 2007."
e0_caja_memoria_estados_2006_archivo_2007,ciclo_ajuste_e0_fiscal,Caja de Valores S.A.,Memoria y Estados Contables · ejercicio finalizado el 31/12/2006,https://web.archive.org/web/20070626113838id_/http://www.cajval.sba.com.ar/pdf/memoria_2007.pdf,/research/ciclo_ajuste/inputs/historical_retrieval/v124/binaries/caja_memoria_estados_2006_archivo_2007.pdf,2026-08-29,2007-03-08,,ejercicios 2005-2006; captura institucional archivada del 2007-06-26,PDF institucional y contable oficial archivado · binario preservado,95a89dd4a614adbe6cd1e52d05fab9e00f65efb6196ea997f8ebb1edd2752163,"V124 E0 fiscal: 2,939,580 bytes. 76 páginas; páginas PDF 20 y 44-45 renderizadas e inspeccionadas visualmente; describe continuidad de sistemas y muestra ingresos por transferencias en 2005-2006."
e0_caja_comunicado_4857_recompra_2008_08_28,ciclo_ajuste_e0_fiscal,Caja de Valores S.A.,Comunicado 4857 · Recompra de Bonos de la Deuda Pública Nacional,https://contenidos.sba.com.ar/CAJVAL/vistas/Comunicados/HandlerArchivoComunicacion.aspx?id=1304&token=HVXfR2gDR2D%2fOJlu%25252bJwAPbtDbCZaRdkSuBFu%25252bzyZOUPax2Srf17WKFjwcJdHPTTtZ%2fL%2fTOMOL2SQmweiLL6s9mdBid%2fEWw%3d%3d,/research/ciclo_ajuste/inputs/historical_retrieval/v125/binaries/caja_comunicado_4857_recompra_2008_08_28.pdf,2026-08-29,2008-08-28,,ronda 2008-08-28; recepción 2008-08-29 a 2008-09-01; informe previsto 2008-09-02,PDF institucional oficial de Caja · archivo de comunicados,6a79299e76486843a5289069ba3acb00c249cf0b8625f1bae7c342cdd60076ef,"V125 E0 fiscal: 80,149 bytes. 2 páginas renderizadas e inspeccionadas visualmente; Comunicado 4857 fechado y firmado; metadatos de creación 2008-08-28; texto completo legible."
e0_caja_comunicado_4861_recompra_2008_09_04,ciclo_ajuste_e0_fiscal,Caja de Valores S.A.,Comunicado 4861 · Recompra de Bonos · licitación 04/09/2008,https://contenidos.sba.com.ar/CAJVAL/vistas/Comunicados/HandlerArchivoComunicacion.aspx?id=1309&token=R4wsDmamMAIfVzlAe3kvBOen%25252bjAHmR1IpejPtfnbe3rAddmTI%25252brzoNZ6yeigZ8LtCfyTij%2fdPjPQXCmthVbhmJU2s7v4Qg%3d%3d,/research/ciclo_ajuste/inputs/historical_retrieval/v125/binaries/caja_comunicado_4861_recompra_2008_09_04.pdf,2026-08-29,2008-09-04,,ronda 2008-09-04; recepción 2008-09-05 a 2008-09-08; informe previsto 2008-09-09,PDF institucional oficial de Caja · archivo de comunicados,ae7a1fa7a3c21b29fe981576341ee3cb22b39ccc6192880425ad1ab324db661e,"V125 E0 fiscal: 81,406 bytes. 2 páginas renderizadas e inspeccionadas visualmente; Comunicado 4861 fechado y firmado; metadatos de creación 2008-09-04; texto completo legible."
e0_caja_comunicado_4873_recompra_2008_09_11,ciclo_ajuste_e0_fiscal,Caja de Valores S.A.,Comunicado 4873 · Recompra de Bonos · licitación 11/09/2008,https://contenidos.sba.com.ar/CAJVAL/vistas/Comunicados/HandlerArchivoComunicacion.aspx?id=1320&token=qzHLIRTbKsA%2fRnC%2fIrp0gAMaWeyxgZpRnxNLyWg6HYDiekJGuE3tP%25252b%2f6qCsxkOPdGql2Qj0bQKqToUUvZYlviOzuMCg%3d,/research/ciclo_ajuste/inputs/historical_retrieval/v125/binaries/caja_comunicado_4873_recompra_2008_09_11.pdf,2026-08-29,2008-09-11,,ronda 2008-09-11; recepción 2008-09-12 a 2008-09-15; informe previsto 2008-09-16,PDF institucional oficial de Caja · archivo de comunicados,4d941daccbb32acc6a2b28ed9ba87ebfe4fa86c05852bce271fdff93f2e2ef90,"V125 E0 fiscal: 81,578 bytes. 2 páginas renderizadas e inspeccionadas visualmente; Comunicado 4873 fechado y firmado; metadatos de creación 2008-09-11; texto completo legible."
e0_caja_comunicado_5152_recompra_strip_2009_06_12,ciclo_ajuste_e0_fiscal,Caja de Valores S.A.,Comunicado 5152 · Recompra cupón 15 BODEN 2012 · CVSA 5326,https://contenidos.sba.com.ar/CAJVAL/vistas/Comunicados/HandlerArchivoComunicacion.aspx?id=1602&token=rUSvHkuw6AEb0yuA1XYH17xHtwEI6qujTrN26pGKRHJuNhb5n0c38s3wjrBL7HeTrQYVg1GmFqWpIXjVSWQy%25252bbBB2sifPw%3d%3d,/research/ciclo_ajuste/inputs/historical_retrieval/v125/binaries/caja_comunicado_5152_recompra_strip_2009_06_12.pdf,2026-08-29,2009-06-11,,licitación 2009-06-12; recepción 2009-06-12 a 2009-06-17; informe previsto 2009-06-18,PDF institucional oficial de Caja · archivo de comunicados,a0a3bba2e68fee723873a14bfef631685b4407e21b15dcb1381d4249c28e57ab,"V125 E0 fiscal: 101,570 bytes. 2 páginas renderizadas e inspeccionadas visualmente; Comunicado 5152 fechado y firmado; metadatos de creación 2009-06-11; texto completo legible."
e0_caja_archive_recompra_2008_query,ciclo_ajuste_e0_fiscal,Caja de Valores S.A.,Archivo de comunicados · filtro tema Recompra · año 2008,https://contenidos.sba.com.ar/CAJVAL/vistas/Comunicados/ListadoComunicadosInstitucional.aspx?c=2,/research/ciclo_ajuste/inputs/historical_retrieval/v126/binaries/caja_archive_recompra_2008.html,2026-08-29,2026-08-29,,consulta actual del archivo para 2008-01-01 a 2008-12-31,HTML institucional oficial · respuesta filtrada WebForms,ebe50392348978745c22cd29d1e35ae49b1c1712bb042a58e9efc29af1e9a417,"V126 E0 fiscal: 28,574 bytes. La respuesta devuelve exactamente 4857, 4861 y 4873; no demuestra que nunca haya existido otra comunicación ni que una operación no se ejecutara."
e0_caja_archive_window_2008_09_12_2008_10_10_query,ciclo_ajuste_e0_fiscal,Caja de Valores S.A.,Archivo de comunicados · ventana 12/09/2008–10/10/2008,https://contenidos.sba.com.ar/CAJVAL/vistas/Comunicados/ListadoComunicadosInstitucional.aspx?c=2,/research/ciclo_ajuste/inputs/historical_retrieval/v126/binaries/caja_archive_window_2008-09-12_2008-10-10.html,2026-08-29,2026-08-29,,consulta actual del archivo para 2008-09-12 a 2008-10-10,HTML institucional oficial · respuesta filtrada WebForms,86b99286f08393a60185f79c3cd819614a6b97da2ac5a9c44316e7b324546b83,"V126 E0 fiscal: 56,094 bytes. Conserva 27 filas y numeración continua 4877–4903, incluida la zona del 02/10/2008, sin título de recompra; sólo agota la vista pública actual."
e0_argentina_deuda_publica_2008_q3,ciclo_ajuste_e0_fiscal,Ministerio de Economía y Producción · Secretaría de Finanzas,Deuda Pública · tercer trimestre de 2008,https://www.argentina.gob.ar/sites/default/files/deuda_publica_30-09-08.xls,/research/ciclo_ajuste/inputs/historical_retrieval/v126/binaries/deuda_publica_30-09-08.xls,2026-08-29,2008-09-30,,flujos del tercer trimestre y stock al 2008-09-30,XLS institucional oficial · deuda trimestral,9e986552e6a6b37662046b0b808b78878b52bc885595ed3d0f75eca58f4d0b82,"V126 E0 fiscal: 2,236,928 bytes. A.5.1 registra USD 16,814m de reducción por recompras BODEN; coincide exactamente con el residual adjudicado agregado, no identifica asientos Caja ni pago por ronda."
e0_argentina_deuda_publica_2008_q4,ciclo_ajuste_e0_fiscal,Ministerio de Economía y Finanzas Públicas · Secretaría de Finanzas,Deuda Pública · cuarto trimestre de 2008,https://www.argentina.gob.ar/sites/default/files/deuda_publica_31-12-2008.xls,/research/ciclo_ajuste/inputs/historical_retrieval/v126/binaries/deuda_publica_31-12-2008.xls,2026-08-29,2008-12-31,,flujos del cuarto trimestre y acumulado 2008,XLS institucional oficial · deuda trimestral,7eae7145e29214a2aaae75384e38f592ce8367a94f920978187417ceef8c2e31,"V126 E0 fiscal: 6,036,992 bytes. A.5.1 registra USD 1.506,71011m de Bonos del Canje y A.5.4 USD 1.523,52411m anuales; ambas notas excluyen GDP Units y no asignan el agregado a cada operación."
e0_argentina_sigade_2008_q3,ciclo_ajuste_e0_fiscal,Ministerio de Economía y Producción · Secretaría de Finanzas,Base SIGADE de Deuda Pública · tercer trimestre de 2008,https://www.argentina.gob.ar/sites/default/files/basesigade2008-09-30.zip,/research/ciclo_ajuste/inputs/historical_retrieval/v127/binaries/basesigade2008-09-30.zip,2026-08-29,2008-09-30,,stock al 2008-09-30,ZIP institucional oficial · base MDB SIGADE,aa5aa1ebe852c91c1bdaa63be2324a8c7b9a8aded9c5653a46b19b056bfd851a,"V127 E0 fiscal: 6,172,758 bytes; contiene 2003-Para el Sitio basesigade 2008-09-30.mdb. La base publicada es un corte Q3, no un historial de transacciones ni una base Q4; confirma saldos por operación y tipo de cambio, no contraparte, asiento Caja o pago."
e0_argentina_2005_prospectus_supplement,ciclo_ajuste_e0_fiscal,República Argentina · Ministerio de Economía,Prospectus Supplement · Exchange Offer 2005,https://www.argentina.gob.ar/sites/default/files/mfin_us_prospectus_and_prospectus_supplement.pdf,/research/ciclo_ajuste/inputs/historical_retrieval/v128/binaries/argentina_2005_prospectus_supplement.pdf,2026-08-30,2005-01-10,,canje 2005; reglas de recompra para años de referencia 2005-2010,PDF oficial · suplemento de prospecto,ffec6c453fddf7d4a9ca99c8e53e8cd0af630cfa4a9f4212c679c343b74dfe17,"V128 E0 fiscal: 956,554 bytes. Fija reglas y ventana contractual, no demuestra qué día, por qué modalidad ni frente a qué vendedor se ejecutó cada compra."
e0_argentina_resolution_115_323_2005_buyback_procedure,ciclo_ajuste_e0_fiscal,Secretarías de Finanzas y Hacienda · Ministerio de Economía y Producción,Resolución Conjunta 115/2005 y 323/2005 · procedimiento de recompra,https://www.argentina.gob.ar/normativa/nacional/resoluci%C3%B3n-115-2005-111413/texto,/research/ciclo_ajuste/inputs/historical_retrieval/v128/binaries/argentina_resolucion_conjunta_115_323_2005.html,2026-08-30,2005-11-17,,excedente de capacidad de pago anual 2004-2009,HTML oficial · texto normativo preservado,9ea2b24c84833cd05b19fd5d0f37ec472f5eb05a6fea6933883b216820ad527d,"V128 E0 fiscal: 54,348 bytes. Aporta campos, productores documentales y secuencia T-2/T+2/T+3/T+6; no prueba que la recompra por exceso de PBI referencia 2006 utilizara esa licitación."
e0_argentina_gdp_units_third_payment_2008,ciclo_ajuste_e0_fiscal,Ministerio de Economía y Producción · Secretaría de Finanzas,Comunicado · tercer pago de las Unidades vinculadas al PBI,https://www.argentina.gob.ar/sites/default/files/comunicado_3er_cupon_unidad_pbi.pdf,/research/ciclo_ajuste/inputs/historical_retrieval/v128/binaries/argentina_gdp_units_third_payment_2008.pdf,2026-08-30,2008-11-25,,año de referencia 2007; fecha de cálculo 2008-11-01,PDF oficial · comunicado de pago,64a18c8d9473cc6d61bc41333c6c9f230524617d84a3eb816f2bd31957bb0ced,"V128 E0 fiscal: 59,024 bytes. Es un anuncio del tercer cupón por referencia 2007; no es el precio ni la constancia de liquidación de la recompra por referencia 2006."
bcra_transparencia_personales_api_20260830,credito_consumo,BCRA,Régimen de Transparencia · préstamos personales · API v1.0,https://api.bcra.gob.ar/transparencia/v1.0/Prestamos/Personales,/data/fuentes/credito_consumo/bcra_transparencia/2026-08-30/prestamos_personales_api.json,2026-08-30,2026-08-30,,foto vigente descargada 2026-08-30,JSON oficial · datos declarados por entidades,aab38581025d5b23e6285e702de4c6c2fde5cafcf7fa9f0ecebd4d147f259cfe,"2.404 líneas. Oferta declarada; no equivale a tasa contratada, costo pagado, volumen ni ganancia. Fecha de información es la última actualización reportada por la entidad."
bcra_transparencia_personales_csv_20260830,credito_consumo,BCRA,Régimen de Transparencia · préstamos personales · CSV,https://www.bcra.gob.ar/archivos/Pdfs/BCRAyVos/PERSONALES.CSV,/data/fuentes/credito_consumo/bcra_transparencia/2026-08-30/PERSONALES.CSV,2026-08-30,2026-08-30,,foto vigente descargada 2026-08-30,CSV oficial · control independiente,47c10e8023af4ddd2f45fd02a5aa1f5199520943870076fd20866c87487ebef0,"2.404 líneas; control de la API. Los extremos de Banco Masventas aparecen en ambos canales. El BCRA atribuye la exactitud a la entidad informante."
bcra_transparencia_api_manual_v1,credito_consumo,BCRA,API Régimen de Transparencia v1.0 · Manual para el desarrollador,https://www.bcra.gob.ar/archivos/Catalogo/Content/files/pdf/regimen-transparencia-v1.pdf,/data/fuentes/credito_consumo/bcra_transparencia/2026-08-30/regimen-transparencia-v1.pdf,2026-08-30,2026-03,,diccionario de campos préstamos personales,PDF oficial,3bfd512aa276dbe0142a22e0ca3c01a854f3b2b4e2e0af1252de77744e9021f9,"Define endpoint, código de entidad, TEA máxima, CFTEA máximo, plazo, beneficiario y demás campos."
deriv_bcra_transparencia_bancos_personales_20260830,credito_consumo,Elaboración propia,Bancos · préstamos personales en pesos · corte Régimen de Transparencia 2026-08-30,,/data/derivados/credito_consumo/bcra_transparencia_bancos_prestamos_personales_2026-08-30.csv,2026-08-30,,,505 líneas de 46 bancos; foto vigente,CSV derivado,e59cb7e2899b2a5c0b74ea44c80bb1880805cc7b2356a366bc947d80b1bf7128,"Filtro operativo: código inferior a 1000; nombre institucional bancario; denominación Pesos; CFTEA positivo. No ponderado por clientes ni volumen. Incluye cálculo real contra IPC julio 2026 sólo como control analítico."
bcra_entidades_202605_open_data,credito_consumo,BCRA,Información sobre entidades financieras · datos abiertos mayo de 2026,https://www.bcra.gob.ar/archivos/Pdfs/PublicacionesEstadisticas/Entidades/202605d.7z,/data/fuentes/credito_consumo/bcra_entidades/2026-05/202605d.7z,2026-08-30,2026-05,,balances mayo de 2026 e indicadores marzo de 2026,7Z oficial · declaraciones contables por entidad,8163067025fb9be8b1fe37472ffcbebd72bc114122466ea8cd8a30ea2ccbf1a0,"Archivo mensual del BCRA. Los balances y resultados tienen cinco cortes hasta mayo de 2026; los indicadores de rentabilidad tienen cinco cortes hasta marzo de 2026. La publicación no constituye opinión del BCRA sobre la entidad."
deriv_bcra_ofertas_resultados_bancos_20260830,credito_consumo,Elaboración propia,Cruce de ofertas máximas de préstamos personales y resultados contables por banco,,/data/derivados/credito_consumo/bcra_bancos_ofertas_y_resultados_2026-08-30.csv,2026-08-30,,,ofertas al corte 2026-08-30; resultados mayo 2026; indicadores marzo 2026,CSV derivado reproducible,e3acb4f5f390095e1d1d4f0a2c488cdd2d1be2e1d55248ea4893dd1edbdcd04d,"46 bancos. Une oferta máxima declarada con contabilidad total de la entidad; no identifica tasa efectivamente cobrada ni rentabilidad del producto. Generado por /data/derivados/credito_consumo/build_bcra_bank_profitability_crosscheck.ps1 (SHA-256 c8c3771c8282a9a6b34326140319018f2772df486c52002972afea823fa8215a)."
bcra_pusf_texto_ordenado_20260830,credito_consumo,BCRA,Protección de los Usuarios de Servicios Financieros · texto ordenado vigente,https://www.bcra.gob.ar/archivos/Pdfs/Texord/t-pusf.pdf,/data/fuentes/credito_consumo/bcra_normativa/2026-08-30/t-pusf.pdf,2026-08-30,2026-05-07,,normativa vigente al corte,PDF oficial,48564cc714daa9a8c8bbd7115dfe006307ca7cb1c3d78b106c52555fe75a12ec,"Contratos; resumen precontractual; CFT; comisiones; reintegros; RCCR/RRI/RDJA; auditoría; actuación BCRA. Las páginas internas conservan fecha de cada modificación."
bcra_tasas_credito_texto_ordenado_20260830,credito_consumo,BCRA,Tasas de Interés en las Operaciones de Crédito · texto ordenado vigente,https://www.bcra.gob.ar/archivos/Pdfs/Texord/t-tasint.pdf,/data/fuentes/credito_consumo/bcra_normativa/2026-08-30/t-tasint.pdf,2026-08-30,2026-08-30,,normativa vigente al corte,PDF oficial,9c752ec8721020af1d21dba27266efff3a8edebf2d4e852fefdee18cbe1eb43e,"Exposición documental de tasa/TEA/CFT; conceptos computables; publicidad; tamaño destacado."
bcra_informe_pusf_2025,credito_consumo,BCRA,Informe sobre Protección a las Personas Usuarias de Servicios Financieros 2025,https://www.bcra.gob.ar/archivos/Pdfs/PublicacionesEstadisticas/informes/informe-anual-pusf-2025.pdf,/data/fuentes/credito_consumo/bcra_normativa/2026-08-30/informe-anual-pusf-2025.pdf,2026-08-30,2025-12,,reclamos y consultas 2025,PDF oficial,ae57555690b0df659a333ac57bfb99b607ec6f95e6d2a9050b8b27695f34a1ca,"Promedio mensual 769,5 mil reclamos del sistema; 64% favorable; préstamos 60%; cargos/comisiones improcedentes o mal aplicados 74%. Consolidado; no mide infracciones ni sólo bancos/préstamos personales."
bcra_marco_pusf_2025,credito_consumo,BCRA,Marco general de Protección a las Personas Usuarias de Servicios Financieros 2025,https://www.bcra.gob.ar/archivos/Pdfs/PublicacionesEstadisticas/informes/marco-general-proteccion-usuarios-servicios-financieros-pusf-2025.pdf,/data/fuentes/credito_consumo/bcra_normativa/2026-08-30/marco-general-pusf-2025.pdf,2026-08-30,2025-12,,marco institucional 2025,PDF oficial,4e4cc1c763f122dc064c318ab8866bb431d40ef51c95e41a8bcf6c12f06eda0b,"Marco institucional complementario; no sustituye el texto ordenado vigente."
masventas_formulario_prestamo_f0132,credito_consumo,Banco Masventas S.A.,Solicitud de préstamo personal F.0132 Agosto 2020,https://www.bancomasventas.com.ar/DesktopModules/EasyDNNNews/DocumentDownload.ashx?articleid=81&documentid=87&moduleid=513&portalid=0,/data/fuentes/credito_consumo/banco_masventas/2026-08-30/F0132-SOLICITUD-PRESTAMOS-PERSONALES.pdf,2026-08-30,2020-08,,modelo publicado en página 2023; vigencia efectiva no acreditada,PDF institucional,bef977b75f783f50ac7b099e206c1555ade2a281b48b0b9e5bd1df87a23337e5,"Formulario público en blanco. No prueba uso ni términos completados en un contrato individual de 2026."
masventas_resumen_prestamo_f0268,credito_consumo,Banco Masventas S.A.,Resumen de solicitud de préstamo personal F.0268,https://www.bancomasventas.com.ar/DesktopModules/EasyDNNNews/DocumentDownload.ashx?articleid=81&documentid=88&moduleid=513&portalid=0,/data/fuentes/credito_consumo/banco_masventas/2026-08-30/Resumen-Solicitud-Prestamo-Personal-F0268-012023.pdf,2026-08-30,2023-01,,modelo publicado en página 2023; vigencia efectiva no acreditada,PDF institucional,e6007e6a65cf86cedb552a6d5ba8b6d0b615df7c21bebbfcbd9d0fe567e96bc6,"Resumen público genérico: declara sin comisiones y remite tasas al sitio; no es copia personalizada ni prueba de entrega."
masventas_tarifario_tasas_20260805,credito_consumo,Banco Masventas S.A.,Tasas de Interés y CFT · vigencia 5 de agosto de 2026,https://www.bancomasventas.com.ar/DesktopModules/EasyDNNNews/DocumentDownload.ashx?portalid=0&moduleid=513&articleid=75&documentid=161,/data/fuentes/credito_consumo/banco_masventas/2026-08-30/TASAS-05-08-2026.pdf,2026-08-30,2026-08-05,,tarifario vigente posterior a líneas BCRA 2026-06-08,PDF institucional,c881e1e52a5545677194ee9f851f4c5c71c895fe85d349f5b990d0e7d0fe7874,"Préstamos personales listados con CFTEA con IVA máximo 274,40%; no aparecen VGA/AMPROMM. No prueba que reemplace ni describa esas líneas específicas."
masventas_pagina_tasas_20260830,credito_consumo,Banco Masventas S.A.,Página pública de Tasas de Interés y CFT,https://www.bancomasventas.com.ar/Documentos/categoria/cargos-comisiones-y-tasas/tasas-de-interes-y-cft,/data/fuentes/credito_consumo/banco_masventas/2026-08-30/pagina-tasas-interes-cft-2026-08-30.html,2026-08-30,2026-08-30,,captura HTML al corte,HTML institucional preservado,3d764da0d39b7f53f4b2858abb6818283acf73637c5cc15decf3fc248d3425ed,"El HTML al corte enlaza Tasas-05-08-2026 mediante documentid 161."
masventas_respuesta_enlace_obsoleto_20260830,credito_consumo,Banco Masventas S.A.,Respuesta del enlace obsoleto documentid 157,https://www.bancomasventas.com.ar/DesktopModules/EasyDNNNews/DocumentDownload.ashx?articleid=75&documentid=157&moduleid=513&portalid=0,/data/fuentes/credito_consumo/banco_masventas/2026-08-30/respuesta-descarga-TASAS-04-06-26.html,2026-08-30,2026-08-30,,control de enlace indexado previamente,HTML institucional,39c7674e67118760089894bf956cd8bf6b2d9de6acd6e0c77b158325453b2223,"Respuesta de 299 bytes: Document does not exist. Se preserva para explicar el fallido inicial; no es un tarifario."
bcra_com_a7744_pusf_2023,credito_consumo,BCRA,Comunicación A 7744 · Protección de los Usuarios de Servicios Financieros,https://www.bcra.gob.ar/archivos/Pdfs/comytexord/A7744.pdf,/data/fuentes/credito_consumo/bcra_normativa/2023_2026/A7744.pdf,2026-08-30,2023-04-17,,vigencias internas 2023-02-28 y 2023-04-18,PDF oficial,d7651de395bd0e383890cde960d433088118e0de0b03680f72dd88ba19e8068c,"Versión histórica aplicable al inicio del período: contrato claro; confirmación electrónica; resumen; datos esenciales del préstamo; cargos efectivamente prestados y solicitados. Debe analizarse según la fecha de cada relación."
bcra_com_a8203_pusf_2025,credito_consumo,BCRA,Comunicación A 8203 · Protección de los Usuarios de Servicios Financieros,https://www.bcra.gob.ar/archivos/Pdfs/comytexord/A8203.pdf,/data/fuentes/credito_consumo/bcra_normativa/2023_2026/A8203.pdf,2026-08-30,2025-02-27,,vigencia interna 2025-02-27,PDF oficial,600603a3345514bd93a65268d21eab91441b9f0867de5d100c6aed91d2c7acbb,"Hito regulatorio intermedio. Restablece requisitos de contrato y resumen; reglas de comisiones y cargos; CFT y consecuencias de omisión; reintegros. No se aplicará retroactivamente sin fundamento."
bcra_com_a8433_pusf_2026,credito_consumo,BCRA,Comunicación A 8433 · Protección de los Usuarios de Servicios Financieros,https://www.bcra.gob.ar/archivos/Pdfs/comytexord/A8433.pdf,/data/fuentes/credito_consumo/bcra_normativa/2023_2026/A8433.pdf,2026-08-30,2026-05-07,,vigencia interna 2026-05-07,PDF oficial,32da719e7455704bdd72cb31a81e2853214903760848f5986c474510579ce5e5,"Hito regulatorio 2026 sobre comunicaciones y publicación dentro del texto de protección. Se conserva para reconstruir la versión aplicable y no como fuente retroactiva automática."
deriv_credit_cost_monthly_2023_2026,credito_consumo,Elaboración propia,Historia mensual del costo promedio de préstamos personales 2023-2026,,/data/derivados/credito_consumo/costo_credito_personal_historia_2023_2026.csv,2026-08-30,,,2023-01/2026-07,CSV derivado reproducible,b56f8803de8e7bb59aee4780852ab308f2e561a2fe836be62f8b19eed9edfbf2,"43 observaciones. Calcula TEA desde TNA promedio BCRA y tasa real ex post contra IPC interanual INDEC; conserva además un proxy CFTEA con IVA. Es descriptivo y agregado: no acredita tasa contractual ni cobro individual."
deriv_credit_cost_annual_2023_2026,credito_consumo,Elaboración propia,Resumen anual de la historia mensual del costo promedio de préstamos personales 2023-2026,,/data/derivados/credito_consumo/costo_credito_personal_resumen_anual_2023_2026.csv,2026-08-30,,,2023/2026-07,CSV derivado reproducible,0136a7f10c7577e46e5dfcb90e841c1bff28321f9cdda5464652c68f238d76c8,"Promedios descriptivos de magnitudes mensuales; 2026 contiene siete meses. No equivale a una tasa contractual anual ni debe promediarse entre consumidores."
script_credit_cost_history_2023_2026,credito_consumo,Elaboración propia,Generador reproducible de la historia del costo promedio 2023-2026,,/data/derivados/credito_consumo/build_credit_cost_history_2023_2026.ps1,2026-08-30,,,2023-01/2026-07,Script PowerShell,ca7c61083ac524a0659605b69be9fe7bc7c87c1a7f3cdf4054730bf3324bf7d1,"Lee la serie maestra ya documentada; filtra 43 meses; calcula TEA y tasas reales mediante Fisher; genera la serie mensual y el resumen anual."
bcra_entidades_202309_open_data,credito_consumo,BCRA,Información sobre entidades financieras · datos abiertos septiembre de 2023,https://www.bcra.gob.ar/archivos/Pdfs/PublicacionesEstadisticas/Entidades/202309d.7z,/research/ciclo_ajuste/inputs/bcra/2023-09/informacion_entidades_financieras_open_data/202309d.7z,2026-08-28,2023-09,,corte contable 2023-09,7Z oficial · declaraciones contables por entidad,31a0a315444496d4336695b6bd48deb562456df10e47fbc46de3703a77528bdb,"Balance detallado por entidad; incluye la cuenta 511107 de intereses por préstamos personales. Saldos nominales y resultados acumulados."
bcra_entidades_202312_open_data,credito_consumo,BCRA,Información sobre entidades financieras · datos abiertos diciembre de 2023,https://www.bcra.gob.ar/archivos/Pdfs/PublicacionesEstadisticas/Entidades/202312d.7z,/data/fuentes/credito_consumo/bcra_entidades/historico_2023_2026/202312d.7z,2026-08-30,2023-12,,cierre 2023,7Z oficial · declaraciones contables por entidad,60ef86addba5e6646a2bfd42853ca077ea7970e9fa6effe54f1179049868f0d4,"Cierre anual utilizado en el panel histórico; balances, resultados, cuenta de intereses personales e indicadores."
bcra_entidades_202406_open_data,credito_consumo,BCRA,Información sobre entidades financieras · datos abiertos junio de 2024,https://www.bcra.gob.ar/archivos/Pdfs/PublicacionesEstadisticas/Entidades/202406d.7z,/research/ciclo_ajuste/inputs/bcra/2024-06/informacion_entidades_financieras_open_data/202406d.7z,2026-08-28,2024-06,,corte 2024-06,7Z oficial · declaraciones contables por entidad,316c6c80f1206b08e13753bb4ac8b8ffe6239fbbf523dc7bddf9154e0e95385d,"Corte semestral utilizado en el panel histórico; resultados acumulados a junio."
bcra_entidades_202412_open_data,credito_consumo,BCRA,Información sobre entidades financieras · datos abiertos diciembre de 2024,https://www.bcra.gob.ar/archivos/Pdfs/PublicacionesEstadisticas/Entidades/202412d.7z,/data/fuentes/credito_consumo/bcra_entidades/historico_2023_2026/202412d.7z,2026-08-30,2024-12,,cierre 2024,7Z oficial · declaraciones contables por entidad,e0e80ca4ec62c9f517fe4540a125da5dfc9677f61d17cf2f06955bc16e49c07d,"Cierre anual utilizado en el panel histórico; balances, resultados, cuenta de intereses personales e indicadores."
bcra_entidades_202506_open_data,credito_consumo,BCRA,Información sobre entidades financieras · datos abiertos junio de 2025,https://www.bcra.gob.ar/archivos/Pdfs/PublicacionesEstadisticas/Entidades/202506d.7z,/data/fuentes/credito_consumo/bcra_entidades/historico_2023_2026/202506d.7z,2026-08-30,2025-06,,corte 2025-06,7Z oficial · declaraciones contables por entidad,ed092702b18e24852df9d59d72b3956de3244081ebaf746d92d43de424027640,"Corte semestral utilizado en el panel histórico; resultados acumulados a junio."
bcra_entidades_202512_open_data,credito_consumo,BCRA,Información sobre entidades financieras · datos abiertos diciembre de 2025,https://www.bcra.gob.ar/archivos/Pdfs/PublicacionesEstadisticas/Entidades/202512d.7z,/data/fuentes/credito_consumo/bcra_entidades/historico_2023_2026/202512d.7z,2026-08-30,2025-12,,cierre 2025,7Z oficial · declaraciones contables por entidad,948af2d9eed7648e923a59c8ef194b5ce4a2ebc6d61ffec91a26bafb8b1e5c4b,"Cierre anual utilizado en el panel histórico; balances, resultados, cuenta de intereses personales e indicadores."
bcra_inclusion_tipo_asistencia_20260830,credito_consumo,BCRA,Deudores del sistema financiero ampliado por tipo de asistencia,https://www.bcra.gob.ar/archivos/Pdfs/PublicacionesEstadisticas/inclusion-financiera/inclusion-financiera-deudores-sistema-financiero-ampliado-tipo-asistencia.txt,/data/fuentes/credito_consumo/bcra_inclusion/2026-08-30/inclusion-financiera-deudores-sistema-financiero-ampliado-tipo-asistencia.txt,2026-08-30,2026-08-30,,2023-01/2025-12,TXT oficial · CENDEU,05ce35cd80e34800f72e1851a8d3f9832e0536886cbd1c00c8458bb8e12e6df6,"Cobertura de población adulta por asistencia. Desde julio de 2024 el umbral reportable subió de $1.000 a $25.000; los dos tramos no se empalman mecánicamente."
bcra_inclusion_edad_asistencia_20260830,credito_consumo,BCRA,Deudores por asistencia y rango etario,https://www.bcra.gob.ar/archivos/Pdfs/PublicacionesEstadisticas/inclusion-financiera/inclusion-financiera-deudores-sistema-financiero-ampliado-asistencia-rango-etario.txt,/data/fuentes/credito_consumo/bcra_inclusion/2026-08-30/inclusion-financiera-deudores-sistema-financiero-ampliado-asistencia-rango-etario.txt,2026-08-30,2026-08-30,,cortes 2023-12/2025-12,TXT oficial · CENDEU,702fbc43ed6accf1c280ff95c4a9c2e13be6e4cb973a78581647bbc70037e3ef,"Cobertura dentro de cada rango etario; no es la participación de cada edad dentro del total de deudores."
bcra_inclusion_grupo_institucional_20260830,credito_consumo,BCRA,Deudores por grupo institucional,https://www.bcra.gob.ar/archivos/Pdfs/PublicacionesEstadisticas/inclusion-financiera/inclusion-financiera-deudores-sistema-financiero-ampliado-grupo-institucional.txt,/data/fuentes/credito_consumo/bcra_inclusion/2026-08-30/inclusion-financiera-deudores-sistema-financiero-ampliado-grupo-institucional.txt,2026-08-30,2026-08-30,,2023-01/2025-12,TXT oficial · CENDEU,e86c4e8811cd2038f6de3b1012c7931591474ba77cd118bcc44c879e0c9e253e,"Cobertura por grupo proveedor; una persona puede aparecer en más de un grupo y los porcentajes no deben sumarse."
bcra_informe_pusf_2023,credito_consumo,BCRA,Informe sobre Protección a las Personas Usuarias de Servicios Financieros 2023,https://www.bcra.gob.ar/publicaciones/informe-sobre-proteccion-a-las-personas-usuarias-de-servicios-financieros-2023/,/data/fuentes/credito_consumo/bcra_reclamos/2023_2025/PUSF-Informe-2023.pdf,2026-08-30,2023-12,,reclamos 2023,PDF oficial,f5f360578a1b3ee77b7407845b96a15629f6b7ea1bcfc7db3bac8847b391a170,"604 mil reclamos en diciembre de 2023; universo consolidado. No identifica contratos personales por banco."
bcra_informe_pusf_2024,credito_consumo,BCRA,Informe sobre Protección a las Personas Usuarias de Servicios Financieros 2024,https://www.bcra.gob.ar/publicaciones/informe-proteccion-personas-usuarias-2024/,/data/fuentes/credito_consumo/bcra_reclamos/2023_2025/PUSF-Informe-2024.pdf,2026-08-30,2024-12,,reclamos 2024,PDF oficial,d6ebb13fb20fddd7c53f44c7964fc1552990dca4f045346f5417bebd0929786d,"703.175 reclamos en diciembre de 2024; 83% de resolución favorable en Préstamos en ese mes. Consolidado; no es una sentencia ni tasa de infracción."
bcra_com_a5402_cft_desembolsado,credito_consumo,BCRA,Comunicación A 5402 · Régimen Informativo sobre CFT de préstamos personales,https://www.bcra.gob.ar/Pdfs/comytexord/A5402.pdf,/data/fuentes/credito_consumo/bcra_normativa/2023_2026/A5402.pdf,2026-08-30,2013-03-01,,antecedente de régimen informativo,PDF oficial,6a2596b4d326f685aacc862c5adcfb4e3f2802a25957f92f01e67c9f7d1a1e82,"Ordenó reportar préstamos efectivamente desembolsados por tramo de CFT, monto, cantidad y TNA ponderada. Debe verificarse su vigencia, sustitución y conservación para 2023-2026; no se presume continuidad."
deriv_bcra_panel_bancos_2023_2026,credito_consumo,Elaboración propia,Panel contable por entidad 2023-2026,,/data/derivados/credito_consumo/bcra_panel_bancos_2023_2026.csv,2026-08-30,,,2023-09/2026-05,CSV derivado reproducible,a51b18b6787e2adf46367cdd8e588f1446f2a5172c29a478b8e6ae3a512c7a3d,"523 filas y siete cortes. Incluye saldo e intereses brutos de personales, resultado total, gastos, incobrabilidad e indicadores; no calcula ganancia neta del producto."
deriv_bcra_panel_resumen_2023_2026,credito_consumo,Elaboración propia,Resumen del panel contable por entidad 2023-2026,,/data/derivados/credito_consumo/bcra_panel_bancos_resumen_2023_2026.csv,2026-08-30,,,2023-09/2026-05,CSV derivado reproducible,fbc179d0fa633ba02ae02acae1f7c0c4140399ef1873f02f98673682c75f3c1c,"Suma no consolidada de cuentas por entidad y conteo de resultados positivos/negativos; se usa con control AA000."
deriv_bcra_sistema_financiero_2023_2026,credito_consumo,Elaboración propia,Serie contable del agregado oficial AA000 2023-2026,,/data/derivados/credito_consumo/bcra_sistema_financiero_2023_2026.csv,2026-08-30,,,2023-09/2026-05,CSV derivado reproducible,4c231a99d4b1201e6629ac4fc9216f2726d1597e603f4b0805a14ea3a08548e7,"Agregado oficial BCRA del sistema: saldo de personales, activo, resultado, ROA e irregularidad de consumo. Saldos nominales; no atribuye resultado al producto."
script_bcra_panel_bancos_2023_2026,credito_consumo,Elaboración propia,Generador del panel contable histórico por entidad,,/data/derivados/credito_consumo/build_bcra_historical_bank_panel.ps1,2026-08-30,,,2023-09/2026-05,Script PowerShell,0a191f7796283a0ea5a6a0cab1a1981d5d572028b486d6952c3fdb6f2b6ad7d0,"Lee seis archivos históricos y el corte mayo de 2026; extrae cuentas e indicadores con reglas explícitas y control AA000."
deriv_bcra_inclusion_personales_2023_2025,credito_consumo,Elaboración propia,Cobertura mensual de préstamos personales con quiebre metodológico,,/data/derivados/credito_consumo/bcra_inclusion_prestamos_personales_2023_2025.csv,2026-08-30,,,2023-01/2025-12,CSV derivado reproducible,c999bf10c70b8a2a019c790af9c46fb7d3a2c64f53b0bb6d5b9e05932133aece,"Separa los tramos anterior y posterior a julio de 2024 y no calcula variación a través del cambio de umbral."
deriv_bcra_inclusion_proveedores_2023_2025,credito_consumo,Elaboración propia,Cobertura mensual de crédito por grupo proveedor,,/data/derivados/credito_consumo/bcra_inclusion_proveedores_2023_2025.csv,2026-08-30,,,2023-01/2025-12,CSV derivado reproducible,e1a7466679aaf791ee0b1301cebac67479518c129a2f4ec6ae7603d4758e2300,"Distingue EEFF, bancos públicos/privados y PNFC; coberturas superpuestas y no aditivas."
deriv_bcra_inclusion_personales_edad_2023_2025,credito_consumo,Elaboración propia,Cobertura de préstamos personales por edad · cortes seleccionados,,/data/derivados/credito_consumo/bcra_inclusion_prestamos_personales_edad_cortes_2023_2025.csv,2026-08-30,,,cortes 2023-12/2025-12,CSV derivado reproducible,d243531ded77a20c819000446839d81caccac6f92c732940a77900016fc3a83d,"Denominador propio de cada rango etario; conserva el cambio de umbral de julio de 2024."
script_bcra_inclusion_credito,credito_consumo,Elaboración propia,Generador de series de inclusión crediticia 2023-2025,,/data/derivados/credito_consumo/build_bcra_inclusion_credit_data.ps1,2026-08-30,,,2023-01/2025-12,Script PowerShell,171a60b1b6b20bb02367b4210242a84e4442a6c085882707a53d026f26c67156,"Procesa tres TXT oficiales; rotula umbral y tramo metodológico; genera cobertura por asistencia, proveedor y edad."
