source_id,institution,artifact,url,local_path,sha256,bytes,period_coverage,variable_families,primary_source,preserved,method_breaks,use_status,caveat
bcra_personales_tasas,BCRA,Tasas mensuales de préstamos,https://www.bcra.gob.ar/archivos/Pdfs/PublicacionesEstadisticas/preser_tas.xls,/data/fuentes/tasas/bcra/preser_tas.xls,063ba84b46b8c57162d3c9a87c722b2dc8cd3ca37a98c16105b55a4e5f4b9f53,21674496,2001-01/2003-12; 39 filas E0,credit_rates,YES,YES,Com. A2097 hasta 2001-12; Com. A2803 desde 2002-01,USABLE_WITH_BREAK,Tasas ponderadas por monto; definición y universo deben conservarse.
hist_bcra_baldethis,BCRA,Detalle histórico de balances y resultados,https://www.bcra.gob.ar/archivos/Pdfs/PublicacionesEstadisticas/baldethis.xls,/data/fuentes/ciclo_ajuste/backfill_v96_round2/hist_bcra_baldethis.xls,e57b0dd852a71de0398ecf676b03f31d3bf89207faf97300f918e6a5c86295e0,1577472,2001-01/2003-12; 39 filas E0,banks;risk;credit;capital;results,YES,YES,moneda constante 2002-01/2003-02; exclusiones/revocaciones; imputación del último dato; transferencias a fideicomisos,USABLE_WITH_BREAKS,No agrega entidades ni meses sin documentar exclusiones; no homogeneizar automáticamente resultados nominales/reexpresados.
hist_bcra_perser_priv,BCRA,Préstamos y depósitos privados por tipo de titular,https://www.bcra.gob.ar/archivos/Pdfs/PublicacionesEstadisticas/perser_priv.xls,/data/fuentes/ciclo_ajuste/backfill_v96_round2/hist_bcra_perser_priv.xls,9ccfe325c9ad0e61f9480d119fa268ff0b35756f8e993c49a3e9361518ea07b7,1047040,2001-01/2003-12; 39/40 observaciones según hoja,households;credit;deposits,YES,YES,capital/principal sin intereses ni ajustes; imputación de no clasificado; CEDROS incluidos,USABLE_WITH_BREAKS,"Permite separar personas físicas y jurídicas, pero no identifica bienestar, pérdida real ni titularidad económica final."
hist_bcra_perser_pub,BCRA,Préstamos y depósitos públicos por jurisdicción,https://www.bcra.gob.ar/archivos/Pdfs/PublicacionesEstadisticas/perser_pub.xls,/data/fuentes/ciclo_ajuste/backfill_v96_round2/hist_bcra_perser_pub.xls,d7af3f66aa1fb99e42b62d8c37ed3282ec43d255fbc2b549ae153384f60ce744,2678784,2001-01/2003-12; 39 filas E0,state_bcra;credit;deposits,YES,YES,capital/principal sin intereses ni ajustes; imputación de no clasificado,USABLE_WITH_BREAKS,No sustituye la contabilidad fiscal ni la conciliación de compensaciones.
hist_bcra_titpubser,BCRA,Tenencias bancarias de títulos públicos por emisor,https://www.bcra.gob.ar/archivos/Pdfs/PublicacionesEstadisticas/titpubser.xls,/data/fuentes/ciclo_ajuste/backfill_v96_round2/hist_bcra_titpubser.xls,fb5da58f3cb4179ba039fcb5a576a8f819fa5ab8227d8d12bd7996cd32b0123a,922112,2001-01/2003-12; 40 observaciones E0,banks;state_bcra;public_securities,YES,YES,incluye créditos por compensaciones; cambio contable 2003-08 por canje provincial,USABLE_WITH_BREAKS,"Stock contable no equivale a transferencia neta realizada; separar valuación, devengamiento, emisión y cobro."
hist_bcra_din3_ser,BCRA,TXT diario de activos principales títulos y préstamos,https://www.bcra.gob.ar/archivos/Pdfs/PublicacionesEstadisticas/din3_ser.txt,/data/fuentes/ciclo_ajuste/backfill_v96_round2/hist_bcra_din3_ser.txt,23c615a3e980b1edc989e5b5b533cc4c1d02b833ce36b0d7564a12ede70584a9,22896971,diario desde 1996; cubre E0,banks;credit;public_securities,YES,YES,códigos y cambios metodológicos aún no normalizados,PRESERVED_INDEX_PENDING,988471 líneas; requiere diccionario/código y pruebas de continuidad antes de medir.
hist_bcra_din4_ser,BCRA,TXT diario de pasivos principales y depósitos,https://www.bcra.gob.ar/archivos/Pdfs/PublicacionesEstadisticas/din4_ser.txt,/data/fuentes/ciclo_ajuste/backfill_v96_round2/hist_bcra_din4_ser.txt.zip,5077091065b6ef0e3509f71f5b39b024cd6e1349403e0d8ade098edbbb77c9b4,13825733,diario; cubre E0,banks;households;deposits,YES,YES,códigos y cambios metodológicos aún no normalizados,PRESERVED_ARCHIVE_INDEX_PENDING,ZIP GitHub-safe; TXT restaurable de 56141985 bytes y SHA ba88bb6aeb80500ce1a5d8241628444abdb2a808be6974c56d901ebfd3b50bb8.
e0_bcra_estados_contables_2001_notas,BCRA,Estados contables 2001 · notas,https://www.bcra.gob.ar/archivos/Pdfs/PublicacionesEstadisticas/e2001notas.pdf,/research/ciclo_ajuste/inputs/historical_retrieval/v107/binaries/bcra_estados_contables_2001_notas.pdf,b8757edb497a599661448cfb5a8f0f0dcdeba19d57dc938472aa44556866ac4b,83671,2001,shock;state_bcra;banks;deposits,YES,YES,regímenes cambiario y contable extraordinarios,USABLE_DOCUMENTARY,Describe mecanismos y opciones; no cuantifica por sí solo incidencia neta.
e0_bcra_informe_congreso_2002,BCRA,Informe al Congreso 2002,https://www.bcra.gob.ar/archivos/Pdfs/PublicacionesEstadisticas/inf2002.pdf,/research/ciclo_ajuste/inputs/historical_retrieval/v107/binaries/bcra_informe_congreso_2002.pdf,203afdc58e20172cf3737519e777d257e06d7d79adc8cdc948d4d28ff2062024,3047360,2001-2002,shock;state_bcra;banks;compensation,YES,YES,cronología por anuncio norma implementación y contabilidad,USABLE_DOCUMENTARY,Fuente institucional; contrastar diseño y contabilidad con realización fiscal y auditorías.
e0_bcra_informe_congreso_2003,BCRA,Informe al Congreso 2003,https://www.bcra.gob.ar/archivos/Pdfs/PublicacionesEstadisticas/inf2003.pdf,/research/ciclo_ajuste/inputs/historical_retrieval/v107/binaries/bcra_informe_congreso_2003.pdf,cf969b24217e4d34087e31cbb0abe7c1b773e514694d717afc2b699e169b11a1,3129790,2003,banks;state_bcra;recovery,YES,YES,fuentes PDF con codificación no extraíble limpiamente,PRESERVED_VISUAL_INDEX_PENDING,Autenticado visualmente; no se incorporan cifras hasta indexación verificable.
e0_bcra_bef_1s2004,BCRA,Boletín de Estabilidad Financiera · 1S 2004,https://www.bcra.gob.ar/archivos/Pdfs/PublicacionesEstadisticas/bef0104e.pdf,/research/ciclo_ajuste/inputs/historical_retrieval/v107/binaries/bcra_bef_1s2004.pdf,15f22f1a95dacb512f61c91ad9144a6fef32c5518e580373afd1bb3aa546a03a,1235278,2001-2003,banks;deposits;capital;results;state_bcra,YES,YES,valores reales; piso y período de comparación específicos,USABLE_DOCUMENTARY_QUANT,Las cifras agregadas no identifican hogar individual ni beneficio neto de cada banco.
e0_infoleg_decreto_1570_2001,Poder Ejecutivo Nacional,Decreto 1570/2001,https://servicios.infoleg.gob.ar/infolegInternet/anexos/70000-74999/70355/texact.htm,/research/ciclo_ajuste/inputs/historical_retrieval/v107/binaries/infoleg_decreto_1570_2001.html,0b76605f7738bb40e8e55a122dd3dbf64fcf2adaa87388b69185039fe9901aca,18528,2001-12,shock;deposits;payments,YES,YES,texto actualizado contiene modificaciones posteriores,USABLE_LEGAL,Conservar fecha de la norma y vigencia de cada disposición; no usar como único t0.
e0_infoleg_ley_25561,Congreso de la Nación,Ley 25561,https://servicios.infoleg.gob.ar/infolegInternet/anexos/70000-74999/71477/texact.htm,/research/ciclo_ajuste/inputs/historical_retrieval/v107/binaries/infoleg_ley_25561.html,7767d20cba27e165581d8787982334eb439db05356907716fd0b0a381d0795e6,30832,2002-01,shock;state_bcra;exchange_regime,YES,YES,texto actualizado y prórrogas,USABLE_LEGAL,Marco de emergencia; no reemplaza fechas de anuncio mercado o implementación.
e0_infoleg_decreto_214_2002,Poder Ejecutivo Nacional,Decreto 214/2002,https://servicios.infoleg.gob.ar/infolegInternet/anexos/70000-74999/72017/texact.htm,/research/ciclo_ajuste/inputs/historical_retrieval/v107/binaries/infoleg_decreto_214_2002.html,097907208b444b2ad5d27058550818222f7dc99b94882df7cf691f0537e2c1fd,34471,2002-02,state_bcra;banks;credit;deposits;pesification,YES,YES,aclaraciones excepciones y normas complementarias,USABLE_LEGAL,Asimetría legal no identifica por sí sola quién soportó el costo final.
e0_infoleg_decreto_471_2002,Poder Ejecutivo Nacional,Decreto 471/2002,https://servicios.infoleg.gob.ar/infolegInternet/anexos/70000-74999/72885/norma.htm,/research/ciclo_ajuste/inputs/historical_retrieval/v107/binaries/infoleg_decreto_471_2002.html,7605ce0db5fd64b3f946faa7237527d2aaef0c05602476eaa6be42666a42fdf5,18831,2002-03,state_bcra;public_debt;banks,YES,YES,efectos referidos al Decreto 214/2002 y excepciones posteriores,USABLE_LEGAL,Requiere puente con tenencias bancarias y contabilidad fiscal.
e0_infoleg_decreto_905_2002,Poder Ejecutivo Nacional,Decreto 905/2002,https://servicios.infoleg.gob.ar/infolegInternet/anexos/70000-74999/74773/texact.htm,/research/ciclo_ajuste/inputs/historical_retrieval/v107/binaries/infoleg_decreto_905_2002.html,e5d8e8618050e75dd8fcbb64ce76a0289f6e1704f53f456b895ee92b4512f652,102582,2002-06,state_bcra;banks;deposits;bonds;compensation,YES,YES,opciones plazos instrumentos y reglamentación,USABLE_LEGAL,Beneficiario jurídico e instrumento recibido no equivalen a ganancia económica neta.
e0_infoleg_ley_25796_2003,Congreso de la Nación,Ley 25796,https://servicios.infoleg.gob.ar/infolegInternet/anexos/90000-94999/90252/norma.htm,/research/ciclo_ajuste/inputs/historical_retrieval/v107/binaries/infoleg_ley_25796_2003.html,5a70adc3351dec9827664abca35a0166c15b953ecc7a68f41934af01221d4240,11087,2003-10/2003-11,state_bcra;banks;compensation,YES,YES,marco complementario posterior,USABLE_LEGAL,Conciliar autorización emisión devengamiento valuación y realización antes de sumar montos.
e0_indec_eph_puntual_tasas_1974_2003,INDEC,EPH puntual · tasas totales,https://www.indec.gob.ar/ftp/cuadros/menusuperior/archivo/shempleo1.xls,/research/ciclo_ajuste/inputs/historical_retrieval/v108/binaries/indec_eph_puntual_tasas_total_1974_2003.xls,dfa88feaa443708849f839944af9461f305b9b182d0cbeb601a6cd809f93601c,45056,1974-05/2003-05,households;employment;unemployment;underemployment,YES,YES,ondas mayo/octubre; tres aglomerados incorporados en 2002-10; Gran Santa Fe excluido en 2003-05,USABLE_WITH_BREAKS,Comparable dentro del régimen puntual; no empalmar mecánicamente con EPH continua.
e0_indec_eph_continua_tasas_2003_2007,INDEC,EPH continua · tasas semestrales,https://www.indec.gob.ar/ftp/cuadros/menusuperior/archivo/sh_eph_continuasemestral.xls,/research/ciclo_ajuste/inputs/historical_retrieval/v108/binaries/indec_eph_continua_tasas_2003_2007.xls,15f7bfaa07cc421b61bc434d2338d85068e743686472a55471ecc1bbf2bc8f35,48128,2003-S1/2007-S1,households;employment;unemployment;underemployment,YES,YES,EPH continua; primer semestre 2003 sin Gran Santa Fe,USABLE_SEPARATE_REGIME,No usar 2003-S1 como reemplazo exacto de mayo de 2003.
e0_indec_pobreza_puntual_2001_2003,INDEC,Pobreza e indigencia · EPH puntual,https://www.indec.gob.ar/ftp/cuadros/sociedad/sh-pobreza1.xls,/research/ciclo_ajuste/inputs/historical_retrieval/v108/binaries/indec_pobreza_eph_puntual_desde_2001.xls,b9830e17049fae228cad48932ef56dd910301a50c8efca13d07fdcbde268ceed,27648,2001-05/2003-05,households;poverty;indigence,YES,YES,método histórico; ondas mayo/octubre; ampliación de aglomerados en 2002-10,USABLE_WITHIN_HISTORICAL_REGIME,No retropolar la metodología reanudada en 2016.
e0_indec_pobreza_continua_2003_2007,INDEC,Pobreza e indigencia · EPH continua,https://www.indec.gob.ar/ftp/cuadros/sociedad/sh_pobrezaeindigencia_continua.xls,/research/ciclo_ajuste/inputs/historical_retrieval/v108/binaries/indec_pobreza_eph_continua_desde_2003.xls,c2b8bf54b548cdb5083db9ed95f8d99a8ac4ab53ac3d11d3894d3d610c592a32,116224,2003-S1/2007-S1,households;poverty;indigence,YES,YES,EPH continua y método histórico de su vintage,USABLE_SEPARATE_REGIME,Separar del archivo puntual y de la metodología 2016+.
e0_indec_pobreza_metodo_historico,INDEC,Método histórico de pobreza por ingresos,https://www.indec.gob.ar/ftp/cuadros/sociedad/pobreza2.pdf,/research/ciclo_ajuste/inputs/historical_retrieval/v108/binaries/indec_pobreza_metodo_historico.pdf,9bfc6ea00e61c5d2c9568f65dc86e64dc0668210c18dd81da6f5379db796b16b,139709,2003,households;poverty;indigence;methodology,YES,YES,CBA histórica e inversa del coeficiente de Engel,USABLE_METHOD_DOCUMENT,Describe el régimen contemporáneo de los datos 2001-2003.
e0_indec_pobreza_metodologia_22_2016,INDEC,Metodología INDEC 22 · pobreza e indigencia,https://www.indec.gob.ar/ftp/cuadros/sociedad/EPH_metodologia_22_pobreza.pdf,/research/ciclo_ajuste/inputs/historical_retrieval/v108/binaries/indec_pobreza_metodologia_22_2016.pdf,9881625ced5f3ddeee5b54d0cb31c21838fb855287548c4878b67d5bcfc36a10,2047228,2016,households;poverty;indigence;methodology,YES,YES,nuevas pautas de consumo canastas regionales precios medios y coeficientes de Engel regionales,USABLE_BREAK_DOCUMENT,Prueba que 2001-2003 y 2016+ no son una serie metodológicamente idéntica.
e0_indec_cgi_mano_obra_privada_1993_2007,INDEC,CGI apéndice 3 · mano de obra e ingreso privado,https://www.indec.gob.ar/ftp/nuevaweb/cuadros/17/cgi_apendice3.xls,/research/ciclo_ajuste/inputs/historical_retrieval/v108/binaries/indec_cgi_apendice3_mano_obra_privada_1993_2007.xls,50f5f28855d86f2f323b8346ad443c8dc24d44b5cb4464c17a09a10b0b6dfc38,23040,1993-2007,households;labor_income;registered;nonregistered,YES,YES,cuentas nacionales anuales; puestos y masa de remuneraciones,USABLE_AGGREGATE_CONTEXT,No es un índice mensual de salario real ni una medición directa de bienestar del hogar.
e0_argentina_ripte_page_2026_08_29,Secretaría de Trabajo Empleo y Seguridad Social,RIPTE · definición oficial,https://www.argentina.gob.ar/trabajo/seguridadsocial/ripte,/research/ciclo_ajuste/inputs/historical_retrieval/v108/binaries/argentina_ripte_page_2026-08-29.html,12aef104eba6df754dab6d234463c3856e59bd1c5085fc1ed82a571a08573a4a,38849,1994-07/2026-06,households;registered_wages;methodology,YES,YES,trabajadores registrados estables con continuidad de 13 meses; remuneración imponible y topes,USABLE_SCOPE_DOCUMENT,No cubre empleo no registrado desempleados ni todos los ingresos del hogar.
e0_argentina_ripte_serie_junio_2026,Secretaría de Trabajo Empleo y Seguridad Social,RIPTE · serie histórica a junio de 2026,https://www.argentina.gob.ar/sites/default/files/ripte_junio_2026-mdch.pdf,/research/ciclo_ajuste/inputs/historical_retrieval/v108/binaries/argentina_ripte_junio_2026.pdf,0b25fb27c557b7a66c2304ea7db4759bbf7997fe69432ecf932c1833e164228b,344863,1994-07/2026-06,households;registered_wages,YES,YES,monto nominal mensual; población estable y remuneración imponible,USABLE_WITH_SCOPE_LIMIT,Se deflacta con IPC-GBA solo como reloj de salario registrado estable.
e0_indec_ipc_gba_empalme_1943_2008,INDEC,IPC-GBA · empalme histórico abril 2008=100,https://www.indec.gob.ar/ftp/nuevaweb/cuadros/10/sh_ipc_2008.xls,/research/ciclo_ajuste/inputs/historical_retrieval/v108/binaries/indec_ipc_gba_empalme_1943_2008.xls,e2b933b4ccd93ae82c11341373896cea4dddb7a11f3d6123daea3b9e7654872d,160768,1943-01/2008-04,households;prices;deflator,YES,YES,empalme de bases 1943 1960 1974 1988 1999 con abril 2008=100,USABLE_WITH_GEOGRAPHIC_LIMIT,Es IPC Gran Buenos Aires; no rotular como IPC nacional.
e0_bcra_informe_bancos_oct_2004_risk,BCRA,Informe sobre Bancos · octubre 2004 · riesgo y situación patrimonial,https://www.bcra.gob.ar/Pdfs/PublicacionesEstadisticas/InfBanc1004.pdf,/research/ciclo_ajuste/inputs/historical_retrieval/v109/binaries/bcra_informe_bancos_octubre_2004.pdf,2a92bfc1de9fa86bc60c94d7ef867cf904e7d8713707a993eaf75d91c5c9f1cf,448224,1999-2004,risk;provisions;chargeoffs;capital;liquidity;results,YES,YES,balance mensual no consolidado agregado; última información repetida para entidades faltantes; datos históricos pueden ser rectificados,USABLE_DOCUMENTARY_QUANT_WITH_VINTAGE,Cartera irregular=situaciones 3 a 6; liquidez=activos líquidos/depósitos; PN/activo neteado es proxy contable y no integración regulatoria de capital.
e0_cgn_cuenta_inversion_2002_tomo_i,Contaduría General de la Nación,Cuenta de Inversión 2002 · Tomo I,https://www.economia.gob.ar/hacienda/cgn/cuenta/2002/archivos/tomoi.pdf,/research/ciclo_ajuste/inputs/historical_retrieval/v110/binaries/cgn_cuenta_inversion_2002_tomo_i.pdf,f94a50a6681f367453a0b17c2846fae791b945a7fd311273aac85bddb8704529,4215238,2002,state_bcra;fiscal;debt;accounting,YES,YES,valor nominal versus actualizado; stock versus flujo; registración extrapresupuestaria y compatibilización contable,USABLE_WITH_PHASE_BREAKS,El stock emitido/colocado y las transferencias otorgadas no son una misma medida ni prueban efectivo pagado.
e0_cgn_cuenta_inversion_2003_tomo_i,Contaduría General de la Nación,Cuenta de Inversión 2003 · Tomo I,https://www.economia.gob.ar/hacienda/cgn/cuenta/2003/archivos/tomoi.pdf,/research/ciclo_ajuste/inputs/historical_retrieval/v110/binaries/cgn_cuenta_inversion_2003_tomo_i.pdf,be739fa0f13a017c1a38c9f97f03fd3a724fdf300f9c1a3d07b46dafb7717f98,1967195,2003,state_bcra;fiscal;accounting,YES,YES,compatibilización presupuestaria-contable; pagarés nominados; posible solapamiento con stocks previos,USABLE_ACCOUNTING_RECOGNITION,Las líneas de transferencias otorgadas son registraciones contables y no evidencia autónoma de caja.
e0_onp_boletin_fiscal_2003q4_cuadro37_boden,Secretaría de Finanzas · ONP,Cuadro 37 · BODEN emitidos y colocados al 31-12-2003,https://www.economia.gob.ar/onp/documentos/boletin/4totrim03/pdf/fisc37.pdf,/research/ciclo_ajuste/inputs/historical_retrieval/v110/binaries/onp_boletin_fiscal_2003q4_cuadro37_boden.pdf,f75dc6555d8d5f5ace56e150d7cece3be8110049b727c296b94fa30b700a01eb,12714,2003-12-31,state_bcra;fiscal;debt;valuation,YES,YES,moneda de origen versus valores actualizados; propósitos no aditivos fuera del cuadro; redondeo de ARS 0.001m,USABLE_STOCK_BY_PURPOSE,Separa compensatorios cobertura ahorristas cuasimonedas y restitución del 13%; el total BODEN no es compensación bancaria.
e0_cgn_cuenta_inversion_2004_sdp,Contaduría General de la Nación,Cuenta de Inversión 2004 · Servicio de la Deuda Pública y Anexo J,https://www.economia.gob.ar/hacienda/cgn/cuenta/2004/archivos/sdp.pdf,/research/ciclo_ajuste/inputs/historical_retrieval/v111/binaries/cgn_cuenta_inversion_2004_sdp.pdf,a076e0fbcc6f620f542dd5d1e96f5ba07831897a3c44da71867f355aed57811e,900875,2004,state_bcra;fiscal;debt;valuation,YES,YES,stock por propósito; nominal versus actualizado; cierre no equivale a flujo,USABLE_STOCK_BY_PURPOSE,El lenguaje de finalización administrativa no prueba cierre transaccional ni caja.
e0_cgn_cuenta_inversion_2004_tomo_i,Contaduría General de la Nación,Cuenta de Inversión 2004 · Tomo I,https://www.economia.gob.ar/hacienda/cgn/cuenta/2004/archivos/tomoi.pdf,/research/ciclo_ajuste/inputs/historical_retrieval/v111/binaries/cgn_cuenta_inversion_2004_tomoi.pdf,35c2db9e9bb4ba02fc6133c73af1f6fe683a7d99170e66f9737636cb6f420ec3,1871030,2004,state_bcra;fiscal;accounting;legal,YES,YES,convalidación 2004 de registración extrapresupuestaria originada en 2002,USABLE_PRIOR_PERIOD_CONVALIDATION,El artículo 34 es declarativo y no constituye un nuevo flujo de 2004.
e0_cgn_cuenta_inversion_2005_sdp,Contaduría General de la Nación,Cuenta de Inversión 2005 · Servicio de la Deuda Pública y Anexo J,https://www.economia.gob.ar/hacienda/cgn/cuenta/2005/archivos/sdp.pdf,/research/ciclo_ajuste/inputs/historical_retrieval/v111/binaries/cgn_cuenta_inversion_2005_sdp.pdf,96b849dde2a9ac83f6fd65e5700bae74e12ac4f4d3b558c368cf2005203a7e56,1034530,2005,state_bcra;fiscal;debt;issuance;coverage,YES,YES,emisión neta de bajas; moneda de origen; stock versus flujo; propósito,USABLE_NET_ISSUANCE_AND_STOCK,Una emisión neta negativa es una corrección; la cobertura no es transferencia gratuita.
e0_cgn_cuenta_inversion_2005_tomo_i,Contaduría General de la Nación,Cuenta de Inversión 2005 · Tomo I,https://www.economia.gob.ar/hacienda/cgn/cuenta/2005/archivos/tomoi.pdf,/research/ciclo_ajuste/inputs/historical_retrieval/v111/binaries/cgn_cuenta_inversion_2005_tomoi.pdf,15785a47c6846bf93c1089c72c8ac888e1adbbf5814ba757ecbf59b64380e498,3189485,2005,state_bcra;fiscal;budget;transfers;financing,YES,YES,devengado presupuestario versus caja; empresas privadas versus partida mixta,USABLE_BUDGET_ACCRUAL_WITH_SCOPE,La transferencia devengada no identifica pago por banco ni fecha de caja.
e0_cgn_cuenta_inversion_2006_sdp,Contaduría General de la Nación,Cuenta de Inversión 2006 · Servicio de la Deuda Pública y Anexo J,https://www.economia.gob.ar/hacienda/cgn/cuenta/2006/archivos/sdp.pdf,/research/ciclo_ajuste/inputs/historical_retrieval/v111/binaries/cgn_cuenta_inversion_2006_sdp.pdf,677b1fa51056bbc7b5f6cd420e3de123b5c93b968e0a8f33bf87a6ab620331a7,660227,2006,state_bcra;fiscal;debt;issuance;coverage;valuation,YES,YES,emisión neta de bajas; propósito; nominal versus actualizado,USABLE_NET_ISSUANCE_AND_STOCK,Los saldos por serie mezclan propósitos fuera de los subtotales oficiales.
e0_cgn_cuenta_inversion_2006_tomo_i,Contaduría General de la Nación,Cuenta de Inversión 2006 · Tomo I,https://www.economia.gob.ar/hacienda/cgn/cuenta/2006/archivos/tomoi.pdf,/research/ciclo_ajuste/inputs/historical_retrieval/v111/binaries/cgn_cuenta_inversion_2006_tomoi.pdf,ad7029b9f40d0847f2221266df441fea2a5da0933400bb233bed38e245ae7ebb,2011257,2006,state_bcra;fiscal;budget;transfers;debt_service;financing,YES,YES,servicio agregado por serie; transferencias devengadas; cancelación BCRA separada,USABLE_SERVICE_CONTROL_MIXED_PURPOSE,"Las amortizaciones BODEN por serie no permiten asignar servicio a compensación, cobertura o ahorristas."
e0_onp_sintesis_ejecutiva_2004q4,Oficina Nacional de Presupuesto,Síntesis Ejecutiva · cuarto trimestre de 2004,https://www.economia.gob.ar/onp/documentos/sintesis_ejecutiva/2004/4trim04.pdf,/research/ciclo_ajuste/inputs/historical_retrieval/v111/binaries/onp_sintesis_ejecutiva_2004q4.pdf,b4ec8c5cc12af639d413aaa0266d0a8a182ae1b77996b20dc855b32d5beda2d0,381932,2004,state_bcra;fiscal;budget,YES,YES,partida residual Otras sin identificación autónoma del mecanismo,NEGATIVE_SCOPE_EVIDENCE,La tabla agregada de 2004 no separa una cifra atribuible a compensación bancaria.
e0_onp_sintesis_ejecutiva_2005q4,Oficina Nacional de Presupuesto,Síntesis Ejecutiva · cuarto trimestre de 2005,https://www.economia.gob.ar/onp/documentos/sintesis_ejecutiva/2005/4trim05.pdf,/research/ciclo_ajuste/inputs/historical_retrieval/v111/binaries/onp_sintesis_ejecutiva_2005q4.pdf,ef5b60a4ea7641b9ec15eb99d50bca3254fa2e36ae555675dd2ce8e4640614ea,140275,2005,state_bcra;fiscal;budget;transfers;debt_placement,YES,YES,bancos y ahorristas combinados; colocación versus transferencia; diferencia de precio,USABLE_MIXED_BUDGET_BUCKET,Los ARS 2.950m mezclan bancos y ahorristas y no se suman a la transferencia bancaria devengada.
e0_onp_sintesis_ejecutiva_2006q4,Oficina Nacional de Presupuesto,Síntesis Ejecutiva · cuarto trimestre de 2006,https://www.economia.gob.ar/onp/documentos/sintesis_ejecutiva/2006/4trim06.pdf,/research/ciclo_ajuste/inputs/historical_retrieval/v111/binaries/onp_sintesis_ejecutiva_2006q4.pdf,79bb73538be3a545f3bb00f4e67c2f2f3cf6091e7173a6f4eca8a7e8d8c93890,328149,2006,state_bcra;fiscal;budget;transfers;capitalization,YES,YES,BNA y compensación combinados; bancos y ahorristas combinados; diferencia de precio,USABLE_MIXED_BUDGET_BUCKET,"Los ARS 1.780,1m incluyen capitalización del BNA; los ARS 762m mezclan bancos y ahorristas."
e0_cgn_cuenta_inversion_2007_sdp,Contaduría General de la Nación,Cuenta de Inversión 2007 · Servicio de la Deuda Pública y Anexo J,https://www.economia.gob.ar/hacienda/cgn/cuenta/2007/archivos/sdp.pdf,/research/ciclo_ajuste/inputs/historical_retrieval/v112/binaries/cgn_cuenta_inversion_2007_sdp.pdf,90303a1e0526971bec25b8d1f17c2be7b1decc390d356287c9c6879304b98e6b,1042529,2007,state_bcra;fiscal;debt;issuance;service;stock;purpose,YES,YES,servicio por serie versus propósito; VNO original versus actualizado; stock versus flujo,USABLE_PURPOSE_STOCK_AND_SERIES_SERVICE,"El servicio BODEN 2012 agrega compensación, cobertura, ahorristas y colocaciones de mercado."
e0_cgn_cuenta_inversion_2008_sdp,Contaduría General de la Nación,Cuenta de Inversión 2008 · Servicio de la Deuda Pública y Anexo J,https://www.economia.gob.ar/hacienda/cgn/cuenta/2008/archivos/sdp.pdf,/research/ciclo_ajuste/inputs/historical_retrieval/v112/binaries/cgn_cuenta_inversion_2008_sdp.pdf,aa51ee0f6c292bd070900716d34a9ceca42a12b94e1b0845bb915d04c25f9084,1995800,2008,fiscal;debt;buyback;GDP_units;program;accounting_imputation,YES,YES,programa mixto versus tramo Excess GDP; rescate nominal versus efectivo; imputación contable versus liquidación,USABLE_PROGRAM_TO_EXCESS_GDP_ACCOUNTING_IMPUTATION_BRIDGE,Imputa al bucket Excess GDP las compras elegibles del programa; no convierte todo el programa mixto en ese bucket ni confirma pago/cancelación.
e0_cgn_cuenta_inversion_2009_sdp,Contaduría General de la Nación,Cuenta de Inversión 2009 · Servicio de la Deuda Pública y Anexo J,https://www.economia.gob.ar/hacienda/cgn/cuenta/2009/archivos/sdp.pdf,/research/ciclo_ajuste/inputs/historical_retrieval/v112/binaries/cgn_cuenta_inversion_2009_sdp.pdf,8de64854c33d0d4291e94826a536eed5eca4055fd2159eb7ca23189cb1c406c1,764356,2009,state_bcra;fiscal;debt;issuance;service;buyback;stock,YES,YES,revisión BCRA de compensación previa; recompra temprana sin monto por especie,USABLE_ADJUSTMENTS_SERVICE_AND_STOCK,"La recompra temprana informa participación inferior al 2%, no monto BODEN 2012 asignable."
e0_cgn_cuenta_inversion_2010_sdp,Contaduría General de la Nación,Cuenta de Inversión 2010 · Servicio de la Deuda Pública,https://www.economia.gob.ar/hacienda/cgn/cuenta/2010/archivos/sdp.pdf,/research/ciclo_ajuste/inputs/historical_retrieval/v112/binaries/cgn_cuenta_inversion_2010_sdp.pdf,678cd9942b6015459e7ef23dca6b2098e67aeb8a8713d7703ed9883d632157d2,569175,2010,state_bcra;fiscal;debt;service;stock,YES,YES,movimiento de serie versus propósito; ausencia narrativa acotada no equivale a cero,USABLE_SERIES_SERVICE_AND_STOCK,No se identificó movimiento narrativo específico del programa en Anexo J; el servicio contable sí está publicado.
e0_cgn_cuenta_inversion_2011_sdp,Contaduría General de la Nación,Cuenta de Inversión 2011 · Servicio de la Deuda Pública,https://www.economia.gob.ar/hacienda/cgn/cuenta/2011/archivos/sdp.pdf,/research/ciclo_ajuste/inputs/historical_retrieval/v112/binaries/cgn_cuenta_inversion_2011_sdp.pdf,2ccd64bcc4f439fd64788201563de3ff406b37a911ef7624a9f5d4594ac85111,1105867,2011,state_bcra;fiscal;debt;service;stock,YES,YES,movimiento de serie versus propósito; cierre actualizado versus VNO original,USABLE_SERIES_SERVICE_AND_STOCK,La reducción de principal no identifica tenedor ni origen de la colocación.
e0_cgn_cuenta_inversion_2012_sdp,Contaduría General de la Nación,Cuenta de Inversión 2012 · Servicio de la Deuda Pública,https://www.economia.gob.ar/hacienda/cgn/cuenta/2012/archivos/sdp.pdf,/research/ciclo_ajuste/inputs/historical_retrieval/v112/binaries/cgn_cuenta_inversion_2012_sdp.pdf,612f97761b950bfeb9bc12df21c6135ca3eb31a226cd6ed403a1569cc8ea4d4b,3149094,2012,state_bcra;fiscal;debt;service;maturity;stock,YES,YES,vencimiento de serie versus asignación por tenedor; saldo cero no equivale a conciliación,USABLE_FINAL_MATURITY_CONTROL,"El vencimiento a saldo cero cierra la serie, no el padrón de beneficiarios ni la incidencia neta."
e0_agn_res_202_2009_act_41_2009_deuda,Auditoría General de la Nación,Evolución de la deuda en sus principales aspectos · Resolución 202/2009 · Actuación 41/2009,https://www.agn.gob.ar/sites/default/files/informes/2009_202info_0.pdf,/research/ciclo_ajuste/inputs/historical_retrieval/v112/binaries/agn_res_202_2009_act_41_2009_deuda.pdf,14053bc9c6c51382b28fe7a854c926ac776701e43534b5ad6438a903165332f8,418450,2008,state_bcra;fiscal;debt;holders;public_private_split;aggregate_flows;audit_scope,YES,YES,agregado versus recompra; flujo publicado con tensión aritmética; actuación final versus código de proyecto,USABLE_AGGREGATE_DEBT_CONTROL_NOT_SETTLEMENT_AUDIT,"No identifica la recompra por especie, participante, cuenta o liquidación; la filiación con 48 0237/09 no está explicitada en los dos PDF."
e0_agn_res_102_2011_act_366_2009_fgs,Auditoría General de la Nación,Gestión del FGS · primer semestre 2009 · Resolución 102/2011 · Actuación 366/2009,https://www.agn.gob.ar/sites/default/files/informes/Informe_102_2011.pdf,/research/ciclo_ajuste/inputs/historical_retrieval/v112/binaries/agn_res_102_2011_act_366_2009_fgs.pdf,8025d4fc331b9256072baef0827eb03ae4f12a0c9d987f980364c40fe0da7481,10521239,2009,state_bcra;fiscal;debt;holders;fgs;control,YES,YES,tenencia pública versus propósito; duplicación de inventario versus flujo,USABLE_PUBLIC_HOLDER_CONTROL_EXCEPTION,"La duplicación de PF BODEN 2012 en inventarios FGS no es emisión, pago ni compensación bancaria."
e0_argentina_resultado_recompra_2008_08_28,Ministerio de Economía y Producción,Resultado de licitación de recompra · 28 de agosto de 2008,https://www.argentina.gob.ar/sites/default/files/comunicado_de_prensa_resultado_28-08-08.pdf,/research/ciclo_ajuste/inputs/historical_retrieval/v113/binaries/argentina_resultado_recompra_2008-08-28.pdf,25caff3b3839995c6a394c8a7186baaa34597d3112fbc45657f86b88ceb972b3,19099,2008-08-28,state_bcra;fiscal;debt;buyback;tender;counterparty,YES,YES,oferta versus adjudicación; participante versus tenedor final; adjudicación versus liquidación,USABLE_TENDER_DESERTED_AND_OFFERS,BODEN 2012 quedó desierta; las ofertas recibidas no son compras realizadas ni prueban tenencia final.
e0_argentina_resultado_recompra_2008_09_04,Ministerio de Economía y Producción,Resultado de licitación de recompra · 4 de septiembre de 2008,https://www.argentina.gob.ar/sites/default/files/comunicado_de_prensa_resultado_04-09-08.pdf,/research/ciclo_ajuste/inputs/historical_retrieval/v113/binaries/argentina_resultado_recompra_2008-09-04.pdf,246730cdc5067200f1c2c26d330bb09d94f118c3beb027877960d09b326e9311,37186,2008-09-04/2008-09-09,state_bcra;fiscal;debt;buyback;tender;counterparty,YES,YES,oferta versus adjudicación; participante/intermediario versus beneficiario económico; resultado versus liquidación,USABLE_EXACT_BODEN2012_AWARD_RECONSTRUCTION,"El corte permite reconstruir participantes adjudicados, pero no revela clientes o tenedores económicos finales."
e0_argentina_resultado_recompra_2008_09_11,Ministerio de Economía y Producción,Resultado de licitación de recompra · 11 de septiembre de 2008,https://www.argentina.gob.ar/sites/default/files/comunicado_resultado11-09-08.pdf,/research/ciclo_ajuste/inputs/historical_retrieval/v113/binaries/argentina_resultado_recompra_2008-09-11.pdf,6be127c619dda958900754d4ebbbaa37f7cd7d07638ea741bec4293100c74714,19451,2008-09-11/2008-09-16,state_bcra;fiscal;debt;buyback;tender;counterparty,YES,YES,oferta versus adjudicación; participante/intermediario versus beneficiario económico; resultado versus liquidación,USABLE_EXACT_BODEN2012_AWARD_RECONSTRUCTION,"El corte identifica al participante adjudicado; no identifica tenedor final, origen ni efectiva liquidación."
e0_argentina_rc_212_24_2008_recompra,Secretarías de Hacienda y de Finanzas,Resolución Conjunta 212/2008 y 24/2008 · procedimiento de recompra,https://www.argentina.gob.ar/normativa/nacional/norma-143759/texto,/research/ciclo_ajuste/inputs/historical_retrieval/v113/binaries/argentina_rc_212_24_2008_procedimiento_recompra.html,80958e60377bdde854883c2fffd56f9ef2f81714728f389fe05aa09eeb450982,49650,2008,state_bcra;fiscal;debt;buyback;settlement;custody;participant;payment_route,YES,YES,procedimiento versus ejecución; participante/intermediario versus titular final; cuenta destino versus crédito efectivo,USABLE_NORMATIVE_PARTICIPANT_AND_SETTLEMENT_DOCUMENT_CHAIN,"Define preadjudicación, transferencia Caja, informe T+3 y pago a cuenta BCRA; no prueba la ejecución de una adjudicación concreta."
e0_argentina_rc_113_34_2009_boden12_strip,Secretarías de Hacienda y de Finanzas,Resolución Conjunta 113/2009 y 34/2009 · strip BODEN 2012,https://www.argentina.gob.ar/normativa/nacional/resoluci%C3%B3n-113-2009-154175/texto,/research/ciclo_ajuste/inputs/historical_retrieval/v113/binaries/argentina_rc_113_34_2009_boden12_cupon.html,c553fc8df4d9b937de78c7b8e37dc11888a40539b03bef257ce5b3b907d4d2b7,41448,2009-06-04,state_bcra;fiscal;debt;buyback;strip,YES,YES,autorización de recompra versus ofertas/adjudicación/liquidación; cupón separado versus bono completo,USABLE_2009_STRIP_REPURCHASE_AUTHORIZATION,"La norma ordena licitaciones, pero no publica cantidad ofrecida, adjudicada ni pagada."
e0_argentina_dnu_1801_2009_boden12,Poder Ejecutivo Nacional,DNU 1801/2009 · ampliación presupuestaria y colocaciones BODEN 2012,https://www.argentina.gob.ar/normativa/nacional/decreto-1801-2009-160582/texto,/research/ciclo_ajuste/inputs/historical_retrieval/v113/binaries/argentina_dnu_1801_2009_presupuesto.html,3e0fc82c180b11f3f61ed732ebad342448620feffacef7f931c89dc318efbece,54527,2009,state_bcra;fiscal;debt;budget;placement;compensation,YES,YES,crédito presupuestario/registro versus colocación material; bancos y ahorristas no separados,USABLE_QUALITATIVE_RESIDUAL_PROGRAM_CONTROL,"El considerando confirma colocaciones residuales, sin monto aislado en el texto preservado."
e0_argentina_recompras_decreto_1735_04_report,Ministerio de Economía y Finanzas Públicas,Informe sobre recompras de deuda bajo el Decreto 1735/04,https://www.argentina.gob.ar/sites/default/files/recompras_de_deuda.pdf,/research/ciclo_ajuste/inputs/historical_retrieval/v114/binaries/argentina_recompras_deuda_decreto_1735_04.pdf,24d9ec3d3ab2051c1e6e31870b659c8266722bc5f1010f48efe671337385a063,126507,2004-2010,state_bcra;fiscal;debt;buyback;excess_growth;GDP_units;discount_pesos;isin;modality,YES,YES,VNO por moneda versus efectivo ARS; año de referencia versus ejecución; agregado redondeado versus adjudicación exacta; modalidad versus liquidación,USABLE_EXECUTED_REPURCHASE_OCCURRENCE_MODALITY_CLASS_THREE_ISIN_TOTAL,"Prueba compras efectuadas y clases compra directa/licitación; no publica la asignación individual de toda compra, vendedor, débito ni asiento de cancelación."
e0_argentina_recompra_primera_etapa_2008_08_11,Ministerio de Economía y Producción,Programa de recompra de vencimientos 2008-2009 · primera etapa,https://www.argentina.gob.ar/sites/default/files/comunicado_primera_etapa_11-08-08.pdf,/research/ciclo_ajuste/inputs/historical_retrieval/v114/binaries/argentina_recompra_primera_etapa_2008-08-11.pdf,ddb140ca2d1171e17611b2c9b766574ecc362e68bfb3739a36d16cfb751a2ee6,20982,2008-08-11,state_bcra;fiscal;debt;buyback;agent,YES,YES,mandato al BNA versus operación ejecutada; mezcla de especies,USABLE_BNA_AGENT_MANDATE,"Instruye al BNA a recomprar varias series BODEN y BONAR, sin blotter, monto por especie ni contraparte."
e0_argentina_recompra_segunda_etapa_2008_08_21,Ministerio de Economía y Producción,Programa de recompra 2008-2009 · anuncio de segunda etapa,https://www.argentina.gob.ar/sites/default/files/comunicado_segunda_etapa_21-08-08.pdf,/research/ciclo_ajuste/inputs/historical_retrieval/v114/binaries/argentina_recompra_segunda_etapa_2008-08-21.pdf,3e6ed07d4ed3e67d9ce0b2a0ddcb145d6ba28ec76ecaf1c3d8943aedeb9183ba,21055,2008-08-21,state_bcra;fiscal;debt;buyback;tender,YES,YES,anuncio periódico versus resultados localizados; programa versus licitación,USABLE_SECOND_STAGE_SCOPE,Anuncia licitaciones periódicas hasta fin de año; no certifica cuántas se realizaron ni su liquidación.
e0_argentina_recompra_segunda_semana_2008_08_22,Ministerio de Economía y Producción,Segunda semana del programa de recompra 2008-2009,https://www.argentina.gob.ar/sites/default/files/comunicado_2da_semana_de_recompra_de_deuda_22-08-08.pdf,/research/ciclo_ajuste/inputs/historical_retrieval/v114/binaries/argentina_recompra_segunda_semana_2008-08-22.pdf,00f3dee49655770ce78b2494f5a7e32b657f91a071cf45e2693a8ccab4313b15,68227,2008-08-11/2008-08-22,state_bcra;fiscal;debt;buyback;market,YES,YES,agregado mixto versus instrumento; monto aproximado versus blotter,USABLE_FIRST_STAGE_MIXED_AGGREGATE,"Los USD 380m aproximados mezclan BODEN 2012/2013/2008, BONAR V, PRE8 y unidades PBI en pesos."
e0_argentina_resultado_recompra_2008_10_02,Ministerio de Economía y Producción,Resultado de licitación de recompra · 2 de octubre de 2008,https://www.argentina.gob.ar/sites/default/files/comunicado_resultado_licitacion_02-10-08.pdf,/research/ciclo_ajuste/inputs/historical_retrieval/v114/binaries/argentina_resultado_recompra_2008-10-02.pdf,4d0b0855bd01424576c018e2ef94bb6832eb9bc0427248abb405ae9119af3878,17427,2008-10-02/2008-10-07,state_bcra;fiscal;debt;buyback;tender;counterparty,YES,YES,participante versus tenedor final; adjudicación versus confirmación de liquidación,USABLE_EXACT_GDP_UNIT_AWARD_RECONSTRUCTION,"La tabla permite reconstruir participantes adjudicados, no clientes finales ni confirmación Caja/BCRA."
e0_bna_memoria_balance_2008,Banco de la Nación Argentina,Memoria y Balance General 2008,https://www.bna.com.ar/Downloads/Memoria_Balance_BNA_2008.pdf,/research/ciclo_ajuste/inputs/historical_retrieval/v114/binaries/bna_memoria_balance_2008.pdf,89963cae9e7857af8ab0c3006f400b658b20c721a8746a302037dc6c093c1e84,17757994,2008,state_bcra;banks;debt;buyback;agent,YES,YES,memoria institucional versus blotter del agente; ausencia narrativa versus cero operaciones,USABLE_NEGATIVE_SCOPE_CHECK,La búsqueda integral no expone operaciones del programa del Tesoro por especie o contraparte; la recompra de página 14 refiere a LEBAC/NOBAC del BCRA.
e0_cgn_cuenta_inversion_2008_comentarios,Contaduría General de la Nación,Cuenta de Inversión 2008 · comentarios de ejecución presupuestaria,http://www.economia.gob.ar/hacienda/cgn/cuenta/2008/tomoi/06comentarios.htm,/research/ciclo_ajuste/inputs/historical_retrieval/v114/binaries/cgn_cuenta_inversion_2008_comentarios_ejecucion.html,ada295823fac4ecd0e8b3be5cdf28ff5b9d02012a78ea296186750c8e82f4963,315852,2008,state_bcra;fiscal;budget;debt;buyback,YES,YES,ejecución presupuestaria agregada versus especie/contraparte; posible solapamiento,USABLE_EXECUTED_BUYBACK_AGGREGATE,"Los ARS 981,36m son un agregado de operaciones de recompra sin especie, participante ni separación de programas."
e0_cgn_cuenta_inversion_2009_anexo_j_html,Contaduría General de la Nación,Cuenta de Inversión 2009 · Anexo J · recompra anticipada BODEN 2012,http://www.economia.gob.ar/hacienda/cgn/cuenta/2009/sdp/anexoj.htm,/research/ciclo_ajuste/inputs/historical_retrieval/v114/binaries/cgn_cuenta_inversion_2009_anexo_j.html,7dbc940514ce9765c975596991c5c8a1a28f4bf927a2e66fe653c5f4266060cb,94325,2009,state_bcra;fiscal;debt;buyback;strip,YES,YES,ocurrencia oficial versus resultado cuantitativo; cupón separado versus bono,USABLE_OFFICIAL_STRIP_TENDER_OCCURRENCE,"Confirma la licitación y que ofertó menos del 2% de los tenedores, sin monto adjudicado ni participantes."
e0_argentina_mecon_memoria_2009,Jefatura de Gabinete de Ministros · Ministerio de Economía y Finanzas Públicas,Memoria detallada del estado de la Nación 2009,https://www.argentina.gob.ar/sites/default/files/memoria_2009.pdf,/research/ciclo_ajuste/inputs/historical_retrieval/v114/binaries/argentina_mecon_memoria_2009.pdf,2ef3ab89af293b3b0f7befb30f761e4bcc9f5079eed5319851b47f22c6a82c9a,10131930,2009,state_bcra;fiscal;debt;buyback;strip,YES,YES,memoria de gestión versus resultado primario; proporción de tenedores versus monto,USABLE_OFFICIAL_STRIP_TENDER_OCCURRENCE,"Confirma el strip y menos de 2% de propuestas, pero no publica el detalle adjudicado."
e0_agn_res_084_2015_act_158_2010_deuda,Auditoría General de la Nación,Evolución y distribución de la deuda pública 2009-2012 · Resolución 84/2015 · Actuación 158/2010,https://www.agn.gob.ar/sites/default/files/informes/informe_084_2015.pdf,/research/ciclo_ajuste/inputs/historical_retrieval/v114/binaries/agn_informe_084_2015_deuda_2009_2012.pdf,624f8ec52cdc1e21d9424faec34554fc83b92e3e141a53630bad3b8589a29725,774716,2009-2012,state_bcra;fiscal;debt;holders;public_sector,YES,YES,sector acreedor versus instrumento; tenencia agregada versus beneficiario original,USABLE_AGGREGATE_CREDITOR_DISTRIBUTION,Distribuye toda la deuda por sector y organismos; no ofrece un padrón BODEN 2012 ni clientes finales.
e0_agn_transparencia_boden_2018,Auditoría General de la Nación,"Acceso a la información · solicitud sobre BODEN 2006, 2012 y 2013",https://www.agn.gob.ar/transparencia/informacion,/research/ciclo_ajuste/inputs/historical_retrieval/v114/binaries/agn_transparencia_informacion_publica_2018.html,231ba7b53dc058ea67965a7453854ba813d20929878da1a940243d512897b031,468667,2018-08-14/2018-09-11,state_bcra;fiscal;debt;holders;source_route,YES,YES,respuesta de transparencia versus entrega del informe; identificación declarada versus identificadores publicados,USABLE_REPORT_DISCOVERY_ROUTE_ONLY,"La página dice que se identificaron informes, pero no publica sus números ni adjunta la respuesta individual."
e0_argentina_finanzas_archive_recompras_voluntarias,Ministerio de Economía,Archivo de Finanzas · Recompras voluntarias,https://www.argentina.gob.ar/economia/finanzas/archivo,/research/ciclo_ajuste/inputs/historical_retrieval/v115/binaries/argentina_finanzas_archivo_recompras_voluntarias.html,d752ba902cf4ff12bc4d0ca6e448187f18de07d3aecfb53577bdd9124e2d948a,39095,2008-08-11/2008-10-02,state_bcra;fiscal;debt;buyback;archive,YES,YES,inventario web versus cierre administrativo; publicación versus liquidación,USABLE_OFFICIAL_FOUR_ROUND_ARCHIVE_INVENTORY,"Enumera cuatro pares llamado/resultado bajo Recompras voluntarias, pero no es una constancia post-liquidación ni excluye operaciones no archivadas."
e0_argentina_llamado_recompra_2008_08_27,Ministerio de Economía y Producción · Secretaría de Finanzas,Primer llamado a licitación pública de recompra · 27 de agosto de 2008,https://www.argentina.gob.ar/sites/default/files/comunicado_llamado_licitacion_27-08-08.pdf,/research/ciclo_ajuste/inputs/historical_retrieval/v115/binaries/comunicado_llamado_licitacion_27-08-08.pdf,56068a879422c0b97b4c6da94b95116ba4813b08a0472dbc4b87b535341c6222,23336,2008-08-27/2008-09-02,state_bcra;fiscal;debt;buyback;tender;settlement_route,YES,YES,máximo anunciado versus adjudicación; ruta Caja/BCRA versus transferencia/pago efectivo,USABLE_EXACT_CALL_AND_SETTLEMENT_ROUTE,"Fija un máximo de ARS 150m, cuenta Caja 0306/40000 y liquidación prevista 02/09; no confirma la transferencia ni el pago."
e0_argentina_llamado_recompra_2008_09_03,Ministerio de Economía y Producción · Secretaría de Finanzas,Segundo llamado a licitación pública de recompra · 3 de septiembre de 2008,https://www.argentina.gob.ar/sites/default/files/comunicado_llamado_licitacion_03-09-08.pdf,/research/ciclo_ajuste/inputs/historical_retrieval/v115/binaries/comunicado_llamado_licitacion_03-09-08.pdf,4cf1db52c366805043b387b05a964aacdac64fcf644e0354cfd041a3d1de5d12,23455,2008-09-03/2008-09-09,state_bcra;fiscal;debt;buyback;tender;settlement_route,YES,YES,máximo anunciado versus adjudicación; ruta Caja/BCRA versus transferencia/pago efectivo,USABLE_EXACT_CALL_AND_SETTLEMENT_ROUTE,"Fija un máximo de ARS 200m, cuenta Caja 0306/40000 y liquidación prevista 09/09; no confirma la transferencia ni el pago."
e0_argentina_llamado_recompra_2008_09_10,Ministerio de Economía y Producción · Secretaría de Finanzas,Tercer llamado a licitación pública de recompra · 10 de septiembre de 2008,https://www.argentina.gob.ar/sites/default/files/comunicado_llamado_licitacion_10-09-08.pdf,/research/ciclo_ajuste/inputs/historical_retrieval/v115/binaries/comunicado_llamado_licitacion_10-09-08.pdf,181fcf33052470768185518e94c4736167cd96aa652f9d8dcfb32621de809dec,23465,2008-09-10/2008-09-16,state_bcra;fiscal;debt;buyback;tender;settlement_route,YES,YES,máximo anunciado versus adjudicación; ruta Caja/BCRA versus transferencia/pago efectivo,USABLE_EXACT_CALL_AND_SETTLEMENT_ROUTE,"Fija un máximo de ARS 100m, cuenta Caja 0306/40000 y liquidación prevista 16/09; no confirma la transferencia ni el pago."
e0_argentina_llamado_recompra_2008_10_01,Ministerio de Economía y Producción · Secretaría de Finanzas,Cuarto llamado a licitación pública de recompra · 1 de octubre de 2008,https://www.argentina.gob.ar/sites/default/files/comunicado_llamado_licitacion_01-10-08.pdf,/research/ciclo_ajuste/inputs/historical_retrieval/v115/binaries/comunicado_llamado_licitacion_01-10-08.pdf,3f6cda65bb1449b9594e28b94fbdb81bb615a7320cc83e988f6f681afd6454ee,23118,2008-10-01/2008-10-07,state_bcra;fiscal;debt;buyback;tender;settlement_route,YES,YES,máximo anunciado versus adjudicación; ruta Caja/BCRA versus transferencia/pago efectivo,USABLE_EXACT_CALL_AND_SETTLEMENT_ROUTE,"Fija un máximo de ARS 100m, cuenta Caja 0306/40000 y liquidación prevista 07/10; no confirma la transferencia ni el pago."
e0_mecon_strip_boden2012_call_2009_06_10,Ministerio de Economía y Finanzas Públicas · Secretaría de Finanzas,Llamado a licitación pública de recompra del cupón 15 de BODEN 2012 · 10 de junio de 2009,http://www.mecon.gov.ar/finanzas/sfinan/documentos/comunicado_de_prensa_boden2012.pdf,/research/ciclo_ajuste/inputs/historical_retrieval/v116/binaries/mecon_strip_boden2012_llamado_2009-06-10_wayback.pdf,5e985d7a96ee628e6abd83d1a05e76ca3111fd806c429641792aa41af639f841,24883,2009-06-10/2009-06-18,state_bcra;fiscal;debt;buyback;strip;tender;settlement_route,YES,YES,cupón efectivo versus VNO subyacente; ruta Caja/BCRA versus liquidación efectiva; captura archivada versus URL viva,USABLE_EXACT_PRIMARY_STRIP_CALL_AND_SETTLEMENT_ROUTE,"Fija especie, cuenta Caja 0306/40000 y calendario T+2/T+3; no fija un máximo numérico ni confirma entrega o pago."
e0_mecon_strip_boden2012_result_2009_06_12,Ministerio de Economía y Finanzas Públicas · Secretaría de Finanzas,Resultado y anexo de recompra del cupón 15 de BODEN 2012 · 12 de junio de 2009,http://www.mecon.gov.ar/finanzas/sfinan/documentos/comunicado_de_prensa_resultado_con%20anexo.pdf,/research/ciclo_ajuste/inputs/historical_retrieval/v116/binaries/mecon_strip_boden2012_resultado_2009-06-12_wayback.pdf,a6afe3d95aab9726b437e8ac46ad71b0db4c9dfeb80d9892b5452d16379e3b20,20729,2009-06-12/2009-06-18,state_bcra;fiscal;debt;buyback;strip;tender;participants;settlement_route,YES,YES,oferta versus adjudicación; cupón efectivo versus VNO subyacente; participante MAE versus tenedor final; resultado versus pago,USABLE_EXACT_PRIMARY_STRIP_RESULT_AND_ANNEX,"El anexo identifica ofertas y participantes, no beneficiarios finales; la liquidación del 18/06 sigue prevista y no confirmada independientemente."
e0_bcra_inflation_report_q4_2008_buyback_control,Banco Central de la República Argentina,Informe de Inflación · Cuarto trimestre de 2008 · control agregado de recompra,https://www.bcra.gob.ar/archivos/Pdfs/publicacionesestadisticas/informe-de-inflacion-trimestre-4-2008.pdf,/research/ciclo_ajuste/inputs/historical_retrieval/v116/binaries/bcra_informe_inflacion_4t_2008.pdf,7eadf384bb38d996f246bfe12284e93401791c1f97ab30c5f186af77ab6e9bae,1472963,2008-08/2008-10,state_bcra;fiscal;debt;buyback;program_aggregate,YES,YES,monto cercano versus exacto; agregado de programa versus operaciones identificadas; fecha de informe versus cierre anual,USABLE_APPROXIMATE_INDEPENDENT_OFFICIAL_PROGRAM_CONTROL,"Informa un monto cercano a USD 420m desde agosto; no identifica especies, contrapartes, cortes ni liquidaciones."
e0_agn_res_041_2016_deuda_custodian_gap,Auditoría General de la Nación,Deuda intrasector público · Resolución AGN 41/2016 · limitaciones de custodios,https://www.agn.gob.ar/sites/default/files/informes/informe_041_2016.pdf,/research/ciclo_ajuste/inputs/historical_retrieval/v117/binaries/agn_informe_041_2016_deuda_tenencias_custodios.pdf,cdb8b68524c247943b19f3dd85e847b96fbcbd2a057a6435971c06e57fbc52e0,859656,2009-2013; nota Caja 2014-11-19,state_bcra;fiscal;debt;holders;custody;CRYL;Caja_de_Valores;transparency,YES,YES,tenencias sector público versus beneficiarios privados; período 2009-2013 versus operación 2008; falta de información versus tenencia cero,USABLE_PRIMARY_CUSTODIAN_DISCLOSURE_GAP,Documenta pedidos sin resultado y una barrera de acceso para tenencias del sector público; no identifica tenedores privados ni prueba ausencia de registros operativos.
e0_agn_api_boden_request_2018_record,Auditoría General de la Nación,Registro JSON de acceso a información · BODEN 2006/2012/2013 · ingreso 14/08/2018,https://webagnapi.agn.gob.ar/api/node/webform/2074c3d9-a535-497e-a97d-d74340ff49fb?resourceVersion=id%3A18821,/research/ciclo_ajuste/inputs/historical_retrieval/v117/binaries/agn_api_webform_boden_request_2018.json,076a89c8510b13aa203a111a62b4dd20c9d762904050c8ef72085da8dcd15ced,2819,2018-08-14/2018-09-11,state_bcra;fiscal;debt;holders;source_route;transparency;schema,YES,YES,registro público versus respuesta individual; ausencia de relación de archivo versus inexistencia de respuesta fuera de línea,USABLE_EXACT_PUBLIC_RECORD_SCHEMA_NO_ATTACHMENT,"El API confirma fechas, tema y texto público y no expone relación de archivo; no prueba que nunca se haya enviado una respuesta individual fuera del portal."
e0_argentina_rc_26_216_2008_tsa_sigade,Secretarías de Hacienda y de Finanzas,"Resolución Conjunta 216/2008 y 26/2008 · TSA, COMDOC III, SIGADE y productor DADP",https://www.argentina.gob.ar/normativa/nacional/resoluci%C3%B3n-216-2008-144186/texto,/research/ciclo_ajuste/inputs/historical_retrieval/v120/binaries/argentina_rc_26_216_2008_tsa_sigade.html,404f570e632c1f8bc6062f6bfb1f87c3e9bce2404499f0f6ebab88783b17a033,59249,2008; procedimiento contemporáneo de deuda,state_bcra;fiscal;debt;records;Caja_de_Valores;SIGADE;COMDOC;TSA,YES,YES,procedimiento BOCON versus recompra objetivo; capacidad de sistema versus uso efectivo; constancia tipo versus registro objetivo,USABLE_CONTEMPORANEOUS_SYSTEM_AND_PRODUCER_ROUTE_ONLY,"Identifica DADP/Unidad de Registro, SIGADE, COMDOC III, TSA/VPN y acuses Caja en un procedimiento BOCON vecino; no prueba que las recompras usaran ese circuito."
e0_bcra_b7971_cryl_operational_files_2003,Banco Central de la República Argentina,Comunicación B 7971 · archivos operativos CRyL CG1-CG7,https://www.bcra.gob.ar/Pdfs/comytexord/B7971.pdf,/research/ciclo_ajuste/inputs/historical_retrieval/v120/binaries/bcra_com_b7971_cryl_mensajeria_2003.pdf,fc4f9bf8d88c9aa5a09bad6ffef2b27f68d0f70bde2b2291f600e9446182555c,155304,desde 2003-09; esquema previo a las operaciones 2008-2009,state_bcra;fiscal;debt;CRYL;settlement;prematching;records,YES,YES,diseño de archivo versus registro objetivo; liquidado versus para liquidar; cuenta versus beneficiario final,USABLE_EXACT_CRYL_RECORD_CLASS_AND_FIELD_SCHEMA,Define CG1-CG7 y sus campos; no prueba que existan o se conserven archivos de las recompras objetivo.
e0_bcra_a3191_cryl_dvp_regime_2000,Banco Central de la República Argentina,Comunicación A 3191 · régimen CRyL y formularios 4359,https://www.bcra.gob.ar/archivos/Pdfs/comytexord/A3191.pdf,/research/ciclo_ajuste/inputs/historical_retrieval/v120/binaries/bcra_com_a3191_cryl_texto_ordenado_2000.pdf,e03630b480804aea5e75cf357fd55de73c7075264301fffc930921e137a2bb1c,432161,desde 2000-12; línea de base anterior a 2008,state_bcra;fiscal;debt;CRYL;settlement;DVP;custody;records,YES,YES,régimen base versus versión aplicable en 2008; formulario versus instrucción efectiva; cuenta de registro versus tenedor final,USABLE_CRYL_BASELINE_FORMS_REPORTS_AND_CONTROLS,"Define DVP/FTC/FT, informes por cuenta/especie e incumplimientos; debe verificarse modalidad y versión exacta usada en 2008."
e0_bcra_a3253_cryl_rml_2001,Banco Central de la República Argentina,Comunicación A 3253 · modificación acotada de cuentas CRyL,https://www.bcra.gob.ar/archivos/Pdfs/comytexord/A3253.pdf,/research/ciclo_ajuste/inputs/historical_retrieval/v121/binaries/bcra_com_a3253_cryl_rml_2001.pdf,5e414c74227aeaeab60d8af478bbfd6f806b164e60131773a34bef0b69a0b8b4,35624,desde 2001-04; modificación previa a 2008,state_bcra;fiscal;debt;CRYL;accounts;custody;records,YES,YES,modificación de cuentas versus reemplazo de modalidades; cuenta CRyL versus operación objetivo,USABLE_SCOPED_CRYL_AMENDMENT,Modifica cuentas 03/04 e incorpora 08 RML; no documenta un reemplazo de DVP/FTC/FT ni el uso en recompras.
e0_bcra_a3621_cryl_scope_2002,Banco Central de la República Argentina,Comunicación A 3621 · cambio de denominación y alcance CRyL,https://www.bcra.gob.ar/archivos/Pdfs/comytexord/A3621.pdf,/research/ciclo_ajuste/inputs/historical_retrieval/v121/binaries/bcra_com_a3621_cryl_scope_2002.pdf,61b2fef65618fc339c96d0b16a0f4dfbe4c5ea202aeb40b940653ee2b7779d79,39512,desde 2002-06; ampliación previa a 2008,state_bcra;fiscal;debt;CRYL;scope;custody;records,YES,YES,ampliación de alcance versus cambio de modalidad; sistema disponible versus asiento objetivo,USABLE_CRYL_SCOPE_CHANGE_ONLY,Renombra y amplía CRyL; no identifica formularios sustituidos ni liquidaciones de recompras.
e0_bcra_b9173_cryl_cga_x400_2008,Banco Central de la República Argentina,Comunicación B 9173 · CGA; X-400/MCT y validación FT/FTC,https://www.bcra.gob.ar/archivos/Pdfs/comytexord/B9173.pdf,/research/ciclo_ajuste/inputs/historical_retrieval/v121/binaries/bcra_com_b9173_cryl_cga_x400_2008.pdf,f331c06002d037235d11b2d3f45370fc1ab7004508749851b3e8b75770219da6,159583,vigencia operativa desde 2008-01-21; antes de las recompras,state_bcra;fiscal;debt;CRYL;settlement;CGA;X400;MCT;records,YES,YES,validación versus liquidación; esquema aplicable versus modalidad usada; código CRyL versus cuenta fiduciaria,USABLE_EXACT_2008_CRYL_OPERATIONAL_RULE,Define CGA para FT/FTC y dos etapas; no prueba que las recompras usaran esa modalidad ni que el acuse condicional terminara liquidado.
e0_bcra_b10469_cryl_code_continuity_2012,Banco Central de la República Argentina,Comunicación B 10469 · continuidad CG1-CG7/CGA en IDEAR,https://www.bcra.gob.ar/archivos/Pdfs/comytexord/B10469.pdf,/research/ciclo_ajuste/inputs/historical_retrieval/v121/binaries/bcra_com_b10469_mensajeria_2012.pdf,430b091171f90e45ce6f536ba1556fb94d524f01551638449f03961df4837f4f,119332,migración operativa desde 2012-11-07; continuidad posterior,state_bcra;fiscal;debt;CRYL;CGA;CG1_CG7;migration;records,YES,YES,continuidad de código versus preservación de archivo histórico; migración versus equivalencia transaccional,USABLE_POST_TARGET_CODE_CONTINUITY,Enumera CG1-CG7 y CGA al migrar a IDEAR; no acredita conservación de lotes 2008-2009.
e0_afip_rg2418_security_codes_2007,Administración Federal de Ingresos Públicos,Resolución General 2418 · Anexo III; códigos y valuaciones de títulos al 31/12/2007,https://www.argentina.gob.ar/normativa/nacional/resoluci%C3%B3n-2418-2008-138491/texto,/research/ciclo_ajuste/inputs/historical_retrieval/v122/binaries/afip_rg2418_anexo3_titulos_2007.pdf,5766475f2c1f0263c6368fbf44355d0663ca616825525bacf1faf96c19ee89c8,267311,códigos y valuaciones al 2007-12-31; publicado antes de las recompras 2008,state_bcra;fiscal;debt;security_identifiers;historical_codes;valuation,YES,YES,código oficial de tabla versus identificación institucional del código; denominación versus ISIN,USABLE_CONTEMPORANEOUS_HISTORICAL_SECURITY_CODE_TABLE,"Vincula denominaciones exactas con códigos, pero el encabezado dice sólo CÓDIGO y no prueba por sí solo que sean códigos CRyL ni una liquidación."
e0_afip_rg2575_security_codes_2008,Administración Federal de Ingresos Públicos,Resolución General 2575 · Anexo III; códigos y valuaciones de títulos al 31/12/2008,https://www.argentina.gob.ar/normativa/nacional/resoluci%C3%B3n-2575-2009-151297/texto,/research/ciclo_ajuste/inputs/historical_retrieval/v122/binaries/afip_rg2575_anexo3_valores_2008.pdf,5b55a19d1cd31df8123c60e57b250b61fd9a60be0deac8d8d6a54c7acc130ca6,151086,códigos y valuaciones al 2008-12-31; corroboración inmediatamente posterior,state_bcra;fiscal;debt;security_identifiers;historical_codes;valuation,YES,YES,código oficial de tabla versus identificación institucional del código; corroboración posterior versus uso en la operación,USABLE_NEAR_CONTEMPORANEOUS_SECURITY_CODE_CORROBORATION,Repite los cuatro códigos por denominación; no contiene los ISIN ni el código de la subespecie strip 2009.
e0_cvsa_f33914_deferred_delivery_2017,Caja de Valores S.A.,Formulario F-33914.01 · Entrega diferida,https://cajadevalores.com.ar/img/Formularios/F-33914.01.pdf,/research/ciclo_ajuste/inputs/historical_retrieval/v122/binaries/cvsa_f33914_01_entrega_diferida.pdf,b6f6c626a3792fb6b1be7ea293d8ba7a7587af1fcc7f6cad11f99bcb6fd0ba29,158479,formulario legado publicado en 2017; evidencia retrospectiva posterior al objetivo,state_bcra;fiscal;debt;Caja;custody;deferred_transfer;matching;form_schema,YES,YES,formulario posterior versus formulario usado en 2008; esquema en blanco versus instrucción ejecutada,USABLE_RETROSPECTIVE_DEFERRED_DELIVERY_SCHEMA,Aporta campos de entrega diferida; no acredita que esta edición o formulario se usara en las recompras de 2008-2009.
e0_cvsa_f33915_deferred_receipt_2017,Caja de Valores S.A.,Formulario F-33915.01 · Recepción diferida,https://cajadevalores.com.ar/img/Formularios/F-33915.01.pdf,/research/ciclo_ajuste/inputs/historical_retrieval/v122/binaries/cvsa_f33915_01_recepcion_diferida.pdf,62e9512adf20a0f1d87d8cc843104bd3eded116f0dab5cde62fd3b4fe55dd601,159865,formulario legado publicado en 2017; evidencia retrospectiva posterior al objetivo,state_bcra;fiscal;debt;Caja;custody;deferred_transfer;matching;form_schema,YES,YES,formulario posterior versus formulario usado en 2008; autorización receptora versus liquidación,USABLE_RETROSPECTIVE_DEFERRED_RECEIPT_SCHEMA,Aporta la contraparte de recepción y matching; no prueba una instrucción ni una liquidación objetivo.
e0_cvsa_communication_10290_tsa_deferred_2020,Caja de Valores S.A.,Comunicado 10290 · archivos TSA y transferencias diferidas,https://www.argentina.gob.ar/sites/default/files/ssn_200818_reestructuracioncomunicadocajavalores.pdf,/research/ciclo_ajuste/inputs/historical_retrieval/v122/binaries/cvsa_comunicado_10290_tsa_diferida_2020.pdf,563b680a706d6e875d718653aac2dfd5d681fe92288ceaf59d370f005d716e05,195093,operación de canje 2020; evidencia posterior de separación canal-modalidad,state_bcra;fiscal;debt;Caja;TSA;deferred_transfer;CVSA_code;ISIN,YES,YES,TSA como canal versus modalidad diferida; mapeo contemporáneo 2020 versus operación 2008,USABLE_POST_TARGET_CHANNEL_MODALITY_DISTINCTION,Muestra que TSA y diferida coexisten y que Código CVSA e ISIN son columnas distintas; no prueba el canal de 2008.
e0_byma_nsc_tsa_modality_retirement_2023,Bolsas y Mercados Argentinos S.A.,Instructivo de Liquidaciones · Nuevo Sistema de Custodia,https://data-widgets.byma.com.ar/wp-content/uploads/dlm_uploads/2023/09/Instructivo-Liquidaciones-Nuevo-Sistema-Custod.pdf,/research/ciclo_ajuste/inputs/historical_retrieval/v122/binaries/byma_instructivo_liquidaciones_nsc_2023.pdf,51b1bbe59c71c91e8033a5fa05a69182ecc12613c0b836b6e0a4e01a0ab73a0a,269864,migración al Nuevo Sistema de Custodia 2023; evidencia posterior,state_bcra;fiscal;debt;Caja;TSA;custody_code;ISIN;system_migration,YES,YES,regla nueva versus regla histórica; código custodia versus ISIN/código negociación; archivo TSA versus modalidad,USABLE_POST_TARGET_SYSTEM_DISTINCTION_AND_BREAK,Confirma que TSA conserva su formato mientras se eliminan los tipos diferida/inmediata; la regla 2023 no puede retrotraerse a 2008.
e0_banco_columbia_codigo_caja_boden_strip_2009,Banco Columbia S.A.,Estados contables al 30/06/2009 · Anexo A con Identificación Caja de Valores,https://secure.bancocolumbia.com.ar/web/Multimedios/Otros/6937.pdf?v=58,/research/ciclo_ajuste/inputs/historical_retrieval/v123/binaries/banco_columbia_estados_2009_codigo_caja.pdf,ede01d7589e22c16728260b69b7fb92a2810d12ac2c104837716902593935ee2,4788135,tenencias al 2009-06-30; contemporáneo al llamado del cupón separado,state_bcra;fiscal;debt;security_identifiers;Caja;historical_codes;strip_coupon,YES,YES,identificación de especie versus liquidación objetivo; denominación/fecha versus ISIN,USABLE_CONTEMPORANEOUS_CAJA_CODE_TABLE,"La tabla identifica especies mantenidas por el banco; no prueba una entrega, recepción o pago de las recompras objetivo."
e0_banco_patagonia_boden_strip_code_2009,Banco Patagonia S.A.,Financial statements as of 30/06/2009 · Exhibit A securities identification,https://www.bancopatagonia.com.ar/relacionconinversores/english/docs/info_financiera_gestion/estados_contables/financial_statements_june_2009.pdf,/research/ciclo_ajuste/inputs/historical_retrieval/v123/binaries/banco_patagonia_estados_junio_2009.pdf,a30201e93043ccb05f45cc4e5bacafe1aabc3ad9386c207fcc6f3365c7b40810,567923,tenencias al 2009-06-30; corroboración bancaria contemporánea independiente,state_bcra;fiscal;debt;security_identifiers;historical_codes;strip_coupon,YES,YES,identificación contable versus Código Caja rotulado; tenencia bancaria versus liquidación objetivo,USABLE_CONTEMPORANEOUS_INDEPENDENT_STRIP_CODE_CORROBORATION,"Corrobora la denominación y el código 5326, pero el encabezado dice Identification y no acredita por sí solo el tipo institucional del código ni la operación objetivo."
e0_caja_sistema_transferencias_electronicas_manual,Caja de Valores S.A.,Sistema de Transferencias Electrónicas · Manual Agentes y Sociedades de Bolsa,https://home.byma.com.ar/sba/descargas/manuales/sliq.pdf,/research/ciclo_ajuste/inputs/historical_retrieval/v123/binaries/caja_valores_sistema_transferencias_custodia_sliq.pdf,27110add87fdf7ec658ccf5a94671e4ea4e3ca514f6b4a30343b6589d22c4d20,690848,edición impresa en marzo de 2000; PDF reexportado en 2018,state_bcra;fiscal;debt;Caja;custody;deferred_transfer;immediate_transfer;matching;batch,YES,YES,fecha de impresión versus vigencia/revisión exacta en 2008; modalidad versus ejecución objetivo,USABLE_PRE_TARGET_OPERATIONAL_DEFINITION_EDITION_DATED_VIGENCY_OPEN,La edición está fechada en marzo de 2000 y define el mecanismo; no demuestra por sí sola qué revisión seguía vigente en 2008 ni una operación objetivo.
e0_cnv_res_16189_recepcion_diferida_2009,Comisión Nacional de Valores,Resolución 16.189 · formularios de Recepción Diferida y movimientos de Caja,https://www.cnv.gov.ar/descargas/RD/blob/8726491E-A033-4F6C-ABEF-17B3C8D8E0FE,/research/ciclo_ajuste/inputs/historical_retrieval/v123/binaries/cnv_resolucion_16189_2009_recepcion_diferida.pdf,b0a82f8aa91ac4a58e834eece1ebb2cef0dec91acbfb8d2a8525274114d9a79c,153070,operación y documentación de agosto de 2009; expediente originado por verificación de agosto de 2008,state_bcra;fiscal;debt;CNV;Caja;custody;deferred_receipt;form;movements,YES,YES,práctica 2009 versus vigencia exacta 2008; formulario presentado versus movimiento objetivo,USABLE_NEAR_CONTEMPORANEOUS_DEFERRED_FORM_PRACTICE,Prueba formularios numerados de Recepción Diferida y listados de movimientos en 2009; no prueba la edición vigente ni los registros de las recompras de 2008.
e0_merval_sistema_transferencias_2004_wayback,Mercado de Valores de Buenos Aires / Centro de Atención a Usuarios,Documentación de Sistemas Informáticos · Sistema de Transferencias Electrónicas,https://web.archive.org/web/20040208012932id_/http://www.merval.sba.com.ar:80/sba/asp/sba_sistemas.asp,/research/ciclo_ajuste/inputs/historical_retrieval/v124/binaries/merval_sistemas_transferencias_2004_wayback.html,3a7c5d5f476e5e8ac0266f17e37fe50115e7af2c7c263bc728365df2a7a8e339,11713,captura institucional archivada del 2004-02-08; sistema preexistente al período objetivo,state_bcra;fiscal;debt;Caja;custody;electronic_transfer;system_availability;SCG,YES,YES,disponibilidad pública 2004 versus vigencia exacta 2008; descripción del sistema versus operación objetivo,USABLE_PRE_TARGET_PUBLIC_SYSTEM_AVAILABILITY,Prueba que el sistema y su documentación se ofrecían públicamente en 2004; no identifica la revisión vigente en 2008 ni una transferencia objetivo.
e0_caja_manual_dtc_control_cambios_m32002,Caja de Valores S.A.,Manual del Usuario Cuenta CVSA-DTC MU-32002.03 · control de cambios,https://cajadevalores.com.ar/img/Documentacion/M-32002.pdf,/research/ciclo_ajuste/inputs/historical_retrieval/v124/binaries/caja_manual_cuenta_dtc_m32002.pdf,ca36c92b1c39f3be03fd097a643bc48975a43802075ddeb5dcc6625f9d57df8a,1484481,"control de revisiones febrero 2006, septiembre 2007 y mayo 2009; manual paralelo no SLIQ",state_bcra;fiscal;debt;Caja;custody;document_control;revision;effective_date,YES,YES,tabla de revisión de otro manual versus vigencia del manual SLIQ; metadatos versus fecha interna,USABLE_CROSS_MANUAL_REVISION_CONTROL_SCHEMA_NOT_TARGET_VIGENCY,"Demuestra la práctica documental de numerar revisiones y registrar cambios, pero no traslada la revisión MU-32002.03 al sistema de transferencias local ni prueba liquidaciones objetivo."
e0_caja_memoria_estados_2006_archivo_2007,Caja de Valores S.A.,Memoria y Estados Contables · ejercicio finalizado el 31/12/2006,https://web.archive.org/web/20070626113838id_/http://www.cajval.sba.com.ar/pdf/memoria_2007.pdf,/research/ciclo_ajuste/inputs/historical_retrieval/v124/binaries/caja_memoria_estados_2006_archivo_2007.pdf,95a89dd4a614adbe6cd1e52d05fab9e00f65efb6196ea997f8ebb1edd2752163,2939580,ejercicios 2005-2006; captura institucional archivada del 2007-06-26,state_bcra;fiscal;debt;Caja;custody;transfers;information_technology;operational_context,YES,YES,actividad e ingresos por transferencias versus modalidad o asiento objetivo; infraestructura institucional versus vigencia de una revisión,USABLE_PRE_TARGET_OPERATIONAL_CONTEXT_ONLY,"Documenta actividad e infraestructura previas a 2008, pero no desagrega transferencias inmediatas/diferidas ni acredita las rondas objetivo."
e0_caja_comunicado_4857_recompra_2008_08_28,Caja de Valores S.A.,Comunicado 4857 · Recompra de Bonos de la Deuda Pública Nacional,https://contenidos.sba.com.ar/CAJVAL/vistas/Comunicados/HandlerArchivoComunicacion.aspx?id=1304&token=HVXfR2gDR2D%2fOJlu%25252bJwAPbtDbCZaRdkSuBFu%25252bzyZOUPax2Srf17WKFjwcJdHPTTtZ%2fL%2fTOMOL2SQmweiLL6s9mdBid%2fEWw%3d%3d,/research/ciclo_ajuste/inputs/historical_retrieval/v125/binaries/caja_comunicado_4857_recompra_2008_08_28.pdf,6a79299e76486843a5289069ba3acb00c249cf0b8625f1bae7c342cdd60076ef,80149,ronda 2008-08-28; recepción 2008-08-29 a 2008-09-01; informe previsto 2008-09-02,state_bcra;fiscal;debt;Caja;custody;target_buyback;deferred_transfer;matching;T3_report,YES,YES,instrucción operativa contemporánea versus transferencia ejecutada; informe prometido versus informe entregado,USABLE_DIRECT_TARGET_CAJA_OPERATIONAL_INSTRUCTION_EXECUTION_OPEN,"Prueba la instrucción de Caja para esta ronda, incluida modalidad, matching, cuentas y reporte previsto; no contiene el lote ejecutado, el informe T+3 emitido ni el pago."
e0_caja_comunicado_4861_recompra_2008_09_04,Caja de Valores S.A.,Comunicado 4861 · Recompra de Bonos · licitación 04/09/2008,https://contenidos.sba.com.ar/CAJVAL/vistas/Comunicados/HandlerArchivoComunicacion.aspx?id=1309&token=R4wsDmamMAIfVzlAe3kvBOen%25252bjAHmR1IpejPtfnbe3rAddmTI%25252brzoNZ6yeigZ8LtCfyTij%2fdPjPQXCmthVbhmJU2s7v4Qg%3d%3d,/research/ciclo_ajuste/inputs/historical_retrieval/v125/binaries/caja_comunicado_4861_recompra_2008_09_04.pdf,ae7a1fa7a3c21b29fe981576341ee3cb22b39ccc6192880425ad1ab324db661e,81406,ronda 2008-09-04; recepción 2008-09-05 a 2008-09-08; informe previsto 2008-09-09,state_bcra;fiscal;debt;Caja;custody;target_buyback;deferred_transfer;matching;T3_report,YES,YES,instrucción operativa contemporánea versus transferencia ejecutada; informe prometido versus informe entregado,USABLE_DIRECT_TARGET_CAJA_OPERATIONAL_INSTRUCTION_EXECUTION_OPEN,"Prueba la instrucción de Caja para esta ronda, incluida modalidad, matching, cuentas y reporte previsto; no contiene el lote ejecutado, el informe T+3 emitido ni el pago."
e0_caja_comunicado_4873_recompra_2008_09_11,Caja de Valores S.A.,Comunicado 4873 · Recompra de Bonos · licitación 11/09/2008,https://contenidos.sba.com.ar/CAJVAL/vistas/Comunicados/HandlerArchivoComunicacion.aspx?id=1320&token=qzHLIRTbKsA%2fRnC%2fIrp0gAMaWeyxgZpRnxNLyWg6HYDiekJGuE3tP%25252b%2f6qCsxkOPdGql2Qj0bQKqToUUvZYlviOzuMCg%3d,/research/ciclo_ajuste/inputs/historical_retrieval/v125/binaries/caja_comunicado_4873_recompra_2008_09_11.pdf,4d941daccbb32acc6a2b28ed9ba87ebfe4fa86c05852bce271fdff93f2e2ef90,81578,ronda 2008-09-11; recepción 2008-09-12 a 2008-09-15; informe previsto 2008-09-16,state_bcra;fiscal;debt;Caja;custody;target_buyback;deferred_transfer;matching;T3_report,YES,YES,instrucción operativa contemporánea versus transferencia ejecutada; informe prometido versus informe entregado,USABLE_DIRECT_TARGET_CAJA_OPERATIONAL_INSTRUCTION_EXECUTION_OPEN,"Prueba la instrucción de Caja para esta ronda, incluida modalidad, matching, cuentas y reporte previsto; no contiene el lote ejecutado, el informe T+3 emitido ni el pago."
e0_caja_comunicado_5152_recompra_strip_2009_06_12,Caja de Valores S.A.,Comunicado 5152 · Recompra cupón 15 BODEN 2012 · CVSA 5326,https://contenidos.sba.com.ar/CAJVAL/vistas/Comunicados/HandlerArchivoComunicacion.aspx?id=1602&token=rUSvHkuw6AEb0yuA1XYH17xHtwEI6qujTrN26pGKRHJuNhb5n0c38s3wjrBL7HeTrQYVg1GmFqWpIXjVSWQy%25252bbBB2sifPw%3d%3d,/research/ciclo_ajuste/inputs/historical_retrieval/v125/binaries/caja_comunicado_5152_recompra_strip_2009_06_12.pdf,a0a3bba2e68fee723873a14bfef631685b4407e21b15dcb1381d4249c28e57ab,101570,licitación 2009-06-12; recepción 2009-06-12 a 2009-06-17; informe previsto 2009-06-18,state_bcra;fiscal;debt;Caja;custody;target_buyback;strip_coupon;CVSA_code;deferred_transfer;matching;T3_report,YES,YES,instrucción operativa contemporánea versus transferencia ejecutada; informe prometido versus informe entregado,USABLE_DIRECT_TARGET_CAJA_OPERATIONAL_INSTRUCTION_AND_EXACT_STRIP_CODE_EXECUTION_OPEN,"Prueba la instrucción de Caja y el código CVSA 5326 para el strip; no contiene el lote ejecutado, el informe T+3 emitido ni el pago."
e0_caja_archive_recompra_2008_query,Caja de Valores S.A.,Archivo de comunicados · filtro tema Recompra · año 2008,https://contenidos.sba.com.ar/CAJVAL/vistas/Comunicados/ListadoComunicadosInstitucional.aspx?c=2,/research/ciclo_ajuste/inputs/historical_retrieval/v126/binaries/caja_archive_recompra_2008.html,ebe50392348978745c22cd29d1e35ae49b1c1712bb042a58e9efc29af1e9a417,28574,consulta actual del archivo para 2008-01-01 a 2008-12-31,state_bcra;fiscal;debt;Caja;archive_search;target_buyback,YES,YES,ausencia en archivo público actual versus inexistencia histórica,USABLE_CURRENT_PUBLIC_ARCHIVE_EXACT_THREE_REPURCHASE_ROWS,"La respuesta devuelve exactamente 4857, 4861 y 4873; no demuestra que nunca haya existido otra comunicación ni que una operación no se ejecutara."
e0_caja_archive_window_2008_09_12_2008_10_10_query,Caja de Valores S.A.,Archivo de comunicados · ventana 12/09/2008–10/10/2008,https://contenidos.sba.com.ar/CAJVAL/vistas/Comunicados/ListadoComunicadosInstitucional.aspx?c=2,/research/ciclo_ajuste/inputs/historical_retrieval/v126/binaries/caja_archive_window_2008-09-12_2008-10-10.html,86b99286f08393a60185f79c3cd819614a6b97da2ac5a9c44316e7b324546b83,56094,consulta actual del archivo para 2008-09-12 a 2008-10-10,state_bcra;fiscal;debt;Caja;archive_search;fourth_round,YES,YES,cobertura de índices públicos versus correspondencia interna; numeración versus contenido,USABLE_CURRENT_PUBLIC_ARCHIVE_CONTINUOUS_4877_4903_WINDOW,"Conserva 27 filas y numeración continua 4877–4903, incluida la zona del 02/10/2008, sin título de recompra; sólo agota la vista pública actual."
e0_argentina_deuda_publica_2008_q3,Ministerio de Economía y Producción · Secretaría de Finanzas,Deuda Pública · tercer trimestre de 2008,https://www.argentina.gob.ar/sites/default/files/deuda_publica_30-09-08.xls,/research/ciclo_ajuste/inputs/historical_retrieval/v126/binaries/deuda_publica_30-09-08.xls,9e986552e6a6b37662046b0b808b78878b52bc885595ed3d0f75eca58f4d0b82,2236928,flujos del tercer trimestre y stock al 2008-09-30,state_bcra;fiscal;debt;buyback;accounting;stock_reduction,YES,YES,valor nominal original versus residual; reducción contable agregada versus entrega y pago individual,USABLE_EXACT_Q3_BODEN_BUYBACK_ACCOUNTING_BRIDGE,"A.5.1 registra USD 16,814m de reducción por recompras BODEN; coincide exactamente con el residual adjudicado agregado, no identifica asientos Caja ni pago por ronda."
e0_argentina_deuda_publica_2008_q4,Ministerio de Economía y Finanzas Públicas · Secretaría de Finanzas,Deuda Pública · cuarto trimestre de 2008,https://www.argentina.gob.ar/sites/default/files/deuda_publica_31-12-2008.xls,/research/ciclo_ajuste/inputs/historical_retrieval/v126/binaries/deuda_publica_31-12-2008.xls,7eae7145e29214a2aaae75384e38f592ce8367a94f920978187417ceef8c2e31,6036992,flujos del cuarto trimestre y acumulado 2008,state_bcra;fiscal;debt;buyback;accounting;GDP_units,YES,YES,recompra contable agregada versus programa objetivo; GDP Units excluidas versus monto cero,USABLE_Q4_AND_ANNUAL_REPURCHASE_ACCOUNTING_WITH_GDP_EXCLUSION,"A.5.1 registra USD 1.506,71011m de Bonos del Canje y A.5.4 USD 1.523,52411m anuales; ambas notas excluyen GDP Units y no asignan el agregado a cada operación."
e0_argentina_sigade_2008_q3,Ministerio de Economía y Producción · Secretaría de Finanzas,Base SIGADE de Deuda Pública · tercer trimestre de 2008,https://www.argentina.gob.ar/sites/default/files/basesigade2008-09-30.zip,/research/ciclo_ajuste/inputs/historical_retrieval/v127/binaries/basesigade2008-09-30.zip,aa5aa1ebe852c91c1bdaa63be2324a8c7b9a8aded9c5653a46b19b056bfd851a,6172758,stock al 2008-09-30,state_bcra;fiscal;debt;SIGADE;exchange_bonds;discount_pesos;stock;fx,YES,YES,saldo SIGADE versus VNO residual/actualizado; snapshot versus transacción; Q3 publicado versus Q4 no publicado en la misma página,USABLE_Q3_OPERATION_LEVEL_DISCOUNT_PESOS_UPDATED_BALANCE_CONTROL,"La base publicada es un corte Q3, no un historial de transacciones ni una base Q4; confirma saldos por operación y tipo de cambio, no contraparte, asiento Caja o pago."
e0_argentina_2005_prospectus_supplement,República Argentina · Ministerio de Economía,Prospectus Supplement · Exchange Offer 2005,https://www.argentina.gob.ar/sites/default/files/mfin_us_prospectus_and_prospectus_supplement.pdf,/research/ciclo_ajuste/inputs/historical_retrieval/v128/binaries/argentina_2005_prospectus_supplement.pdf,ffec6c453fddf7d4a9ca99c8e53e8cd0af630cfa4a9f4212c679c343b74dfe17,956554,canje 2005; reglas de recompra para años de referencia 2005-2010,fiscal;debt;exchange;GDP_units;repurchase;cancellation;CRYL;Caja,YES,YES,año de referencia versus fecha de cálculo versus calendario de recompra; recompra contractual versus operación individual; notional GDP Units versus principal,USABLE_CONTRACTUAL_TIMELINE_CANCELLATION_AND_REGISTRATION_ROUTE,"Fija reglas y ventana contractual, no demuestra qué día, por qué modalidad ni frente a qué vendedor se ejecutó cada compra."
e0_argentina_resolution_115_323_2005_buyback_procedure,Secretarías de Finanzas y Hacienda · Ministerio de Economía y Producción,Resolución Conjunta 115/2005 y 323/2005 · procedimiento de recompra,https://www.argentina.gob.ar/normativa/nacional/resoluci%C3%B3n-115-2005-111413/texto,/research/ciclo_ajuste/inputs/historical_retrieval/v128/binaries/argentina_resolucion_conjunta_115_323_2005.html,9ea2b24c84833cd05b19fd5d0f37ec472f5eb05a6fea6933883b216820ad527d,54348,excedente de capacidad de pago anual 2004-2009,fiscal;debt;buyback;tender;MAE;Caja;BCRA;settlement;records,YES,YES,excedente de capacidad de pago anual versus recompra por exceso de PBI; procedimiento general versus aplicación al evento objetivo,USABLE_PROCEDURAL_SCHEMA_NOT_TRANSACTION_PROOF,"Aporta campos, productores documentales y secuencia T-2/T+2/T+3/T+6; no prueba que la recompra por exceso de PBI referencia 2006 utilizara esa licitación."
e0_argentina_gdp_units_third_payment_2008,Ministerio de Economía y Producción · Secretaría de Finanzas,Comunicado · tercer pago de las Unidades vinculadas al PBI,https://www.argentina.gob.ar/sites/default/files/comunicado_3er_cupon_unidad_pbi.pdf,/research/ciclo_ajuste/inputs/historical_retrieval/v128/binaries/argentina_gdp_units_third_payment_2008.pdf,64a18c8d9473cc6d61bc41333c6c9f230524617d84a3eb816f2bd31957bb0ced,59024,año de referencia 2007; fecha de cálculo 2008-11-01,fiscal;debt;GDP_units;coupon;payment;isin,YES,YES,pago contingente por unidad versus recompra y cancelación; año de referencia 2007 versus recompra referencia 2006,USABLE_SEPARATE_COUPON_EVENT_AND_IDENTIFIER_CONTROL,Es un anuncio del tercer cupón por referencia 2007; no es el precio ni la constancia de liquidación de la recompra por referencia 2006.
e0_argentina_colocaciones_deuda_2008_xls,Ministerio de Economía · Secretaría de Finanzas,Emisiones de deuda pública durante 2008,https://www.argentina.gob.ar/sites/default/files/coloc2008_castellano_con_letras.xls,/research/ciclo_ajuste/inputs/historical_retrieval/v129/binaries/coloc2008_castellano_con_letras.xls,08077e8abac8a714e2d28b10a85d8f7b0510b0015c73cb94144569905d7e0fab,83456,2008,debt;issuance;intra_public_sector_notes,YES,YES,emisión/colocación versus recompra/cancelación,NEGATIVE_SCOPE_EMISSIONS_ONLY_NOT_BUYBACK_LEDGER,"Una hoja, 170 filas y 17 columnas; sin ISIN objetivo ni campos de recompra, cancelación o pago."
e0_bcra_com_b9195_cuentas_corrientes_2008,Banco Central de la República Argentina,Comunicación B 9195 · cuentas corrientes y especiales abiertas en el BCRA,https://www.bcra.gob.ar/archivos/Pdfs/comytexord/b9195.pdf,/research/ciclo_ajuste/inputs/historical_retrieval/v130/binaries/bcra_com_b9195_cuentas_corrientes_2008.pdf,70421c39f9ee663a387477b4abe6efef2fc94ef70678c2265578ddf9220098de,217990,2008-02-01/2008-08-07,state_bcra;accounts;settlement;payment_route,YES,YES,nómina de cuentas versus asiento de crédito; versión temporal de la nómina,SUPERSEDED_BEFORE_TARGET_TENDERS_VERSION_CONTROL,La existencia de una cuenta no demuestra que una orden o un pago concreto haya sido debitado o acreditado.
e0_bcra_com_b9322_cuentas_corrientes_2008,Banco Central de la República Argentina,Comunicación B 9322 · cuentas corrientes y especiales abiertas en el BCRA,https://www.bcra.gob.ar/archivos/Pdfs/comytexord/b9322.pdf,/research/ciclo_ajuste/inputs/historical_retrieval/v130/binaries/bcra_com_b9322_cuentas_corrientes_2008.pdf,e2b588d85262ff8e3a7c586ecf43683178584958e9473aa9b10095464336c6c0,272233,2008-08-04,state_bcra;accounts;settlement;payment_route,YES,YES,nómina de cuentas versus asiento de crédito; versión temporal de la nómina,USABLE_ACCOUNT_DIRECTORY_EFFECTIVE_BEFORE_TARGET_TENDERS,La existencia de una cuenta no demuestra que una orden o un pago concreto haya sido debitado o acreditado.
e0_agn_informe_segundo_trimestre_2009_act_48_0237_09,Auditoría General de la Nación,Informe del Segundo Trimestre de 2009 · proyecto 48 0237/09 Cuenta de Inversión 2008 - Deuda Pública,https://www.agn.gob.ar/sites/default/files/informes/2009_191info_0.pdf,/research/ciclo_ajuste/inputs/historical_retrieval/v131/binaries/agn_2009_191_avance_2t_2009.pdf,a702a4a9b1252fae6f837ca1ac76cd1a3dd5d3a2f685deebb01c111db692e7e3,1534297,2009-06-30,fiscal;debt;audit_project;archival_locator,YES,YES,avance de proyecto versus informe final; código de proyecto versus actuación,USABLE_PROJECT_LOCATOR_PROGRESS_ONLY,"Prueba título, código y avance 27% al 30/06/2009; no prueba conclusión, hallazgo, papel de trabajo ni ejecución de recompras."
e0_agn_api_informe_res202_act41_2009,Auditoría General de la Nación,Ficha JSON:API del informe de deuda 2008 · Resolución 202/2009 · Actuación 41/2009,"https://webagnapi.agn.gob.ar/api/node/informes/b52e2e9c-90b5-4af1-bf5d-0bab8596606e?include=informe,resolucion_archivo,ficha,anexo",/research/ciclo_ajuste/inputs/historical_retrieval/v132/binaries/agn_api_informe_res202_act41_2009.json,8edcc3503af5f3ec0c380788dc70fe3276885e621ce37bfaf00f48f3baacdcfc,13002,2008,fiscal;debt;audit_metadata;identity_crosswalk,YES,YES,metadato final versus código interno de proyecto,USABLE_FINAL_REPORT_IDENTITY_METADATA,"Cierra título, período, actuación y resolución del informe final; no publica el código interno 48 0237/09 ni una liquidación."
e0_agn_res_202_2009_act_41_2009_resolution,Auditoría General de la Nación,Resolución AGN 202/2009 · Actuación 41/2009 · aprobación del estudio de deuda 2008,https://www.agn.gob.ar/sites/default/files/informes/2009_202Reso.pdf,/research/ciclo_ajuste/inputs/historical_retrieval/v132/binaries/agn_res_202_2009_act_41_2009.pdf,52a27534424d10eb631c9852d8ba35222d3448eeefaf583192c745d59d755589,48191,2008,fiscal;debt;audit_process;identity_crosswalk,YES,YES,resolución de aprobación versus informe; actuación versus proyecto,USABLE_ACT_RESOLUTION_PROCEDURAL_CHAIN,"Aprueba el informe y prueba la actuación, la remisión al auditado y la falta de respuesta formal al vencimiento; no individualiza recompras."
e0_agn_api_informe_3t_2009_res211,Auditoría General de la Nación,Ficha JSON:API · Informe de actividad AGN del tercer trimestre de 2009 · Resolución 211/2009,"https://webagnapi.agn.gob.ar/api/node/informes/7c01261c-10a0-40f6-94f6-ae7a02be8b63?include=informe,resolucion_archivo",/research/ciclo_ajuste/inputs/historical_retrieval/v132/binaries/agn_api_informe_3t_2009_res211.json,001a311e62a2ead9649c5ffc0261c2691ed32eeb150388f298ab769ec1076aa5,10672,2009Q3,audit_activity;quarterly_tracker;archival_locator,YES,YES,resolución pública versus anexo de actividad no enlazado,USABLE_QUARTERLY_RESOLUTION_METADATA,La ficha enlaza sólo la resolución; el anexo mencionado en soporte magnético no está expuesto.
e0_agn_res_211_2009_3t_activity,Auditoría General de la Nación,Resolución AGN 211/2009 · Informe de actividad del tercer trimestre de 2009,https://www.agn.gob.ar/sites/default/files/informes/resolucion_211_2009.pdf,/research/ciclo_ajuste/inputs/historical_retrieval/v132/binaries/agn_res_211_2009_3t_2009.pdf,d8408f34fa88c2f4614fcdb30f8a2eed64d57e72f61526e2c886bddc68831b53,30951,2009Q3,audit_activity;quarterly_tracker;archival_locator,YES,YES,resolución versus documento acompañante,USABLE_QUARTERLY_ANNEX_REQUEST_LOCATOR,Prueba que el informe y anexo existían; no contiene el anexo ni el avance del proyecto 48 0237/09.
e0_agn_api_informe_4t_2009_res44_2010,Auditoría General de la Nación,Ficha JSON:API · Informe de actividad AGN del cuarto trimestre de 2009 · Resolución 44/2010,"https://webagnapi.agn.gob.ar/api/node/informes/616f80c7-65f2-4b5c-a4e9-b8bf4954600e?include=informe,resolucion_archivo",/research/ciclo_ajuste/inputs/historical_retrieval/v132/binaries/agn_api_informe_4t_2009_res044_2010.json,c68a6035ac0bda2df5eb71608572943a0b00230f5fb62f1e1b18730be98ff677,10675,2009Q4,audit_activity;quarterly_tracker;archival_locator,YES,YES,resolución pública versus anexo de actividad no enlazado,USABLE_QUARTERLY_RESOLUTION_METADATA,La ficha enlaza sólo la resolución; el anexo mencionado en soporte magnético no está expuesto.
e0_agn_res_44_2010_4t_activity,Auditoría General de la Nación,Resolución AGN 44/2010 · Informe de actividad del cuarto trimestre de 2009,https://www.agn.gob.ar/sites/default/files/informes/2010_044reso_0.pdf,/research/ciclo_ajuste/inputs/historical_retrieval/v132/binaries/agn_res_044_2010_4t_2009.pdf,a02e317a61221b4b163ff3e2fcf2a4756414c25871abe4886fcc218cd1e38772,30142,2009Q4,audit_activity;quarterly_tracker;archival_locator,YES,YES,resolución versus documento acompañante,USABLE_QUARTERLY_ANNEX_REQUEST_LOCATOR,Prueba que el informe y anexo existían; no contiene el anexo ni el avance final del proyecto 48 0237/09.
e0_agn_2022_124_oncp_control_interno,Auditoría General de la Nación,Control interno ONCP · Back office DADP · período 2016-2018 · Informe AGN 124/2022,https://www.agn.gob.ar/sites/default/files/informes/2022-124-Informe_0.pdf,/research/ciclo_ajuste/inputs/historical_retrieval/v132/binaries/agn_2022_124_oncp_control_interno.pdf,4b61ce2dc5245268a4cb1858e023c202beb08a86425af3710c1a6ff963f9ccc4,8305750,2016-2018,debt;record_producer;SIGADE;SIDIF;DADP;internal_control,YES,YES,manual 2015/período 2016-2018 versus operación 2008; declaración del auditado versus verificación,USABLE_RECORD_PRODUCER_AND_PROCESS_CONTROL,"Identifica sistemas, archivos y subprocesos de recompra posteriores; no prueba retroactivamente el contenido ni la ejecución de 2008."
e0_senado_exp_366_09_agn_res211_t3,Honorable Senado de la Nación,Expediente OV 366/09 · remisión de Resolución AGN 211/2009 e informe T3 2009,https://www.senado.gob.ar/parlamentario/comisiones/verExp/366.09/OV/PP,/research/ciclo_ajuste/inputs/historical_retrieval/v133/binaries/senado_exp_366_09_agn_res211_t3.html,f74fbe0afdc64f2417b33812dbf68696df7b70e73b65b0fe1e4f2eb69720574c,48711,2009Q3-2012-05-28,audit_activity;parliamentary_transfer;archive_locator,YES,YES,metadatos parlamentarios versus cuerpo del informe/anexo,USABLE_EXACT_PARLIAMENTARY_ARCHIVE_LOCATOR,"Prueba ingreso, giro, comisión y archivo; la pestaña Texto original figura en proceso de carga y no entrega el anexo."
e0_senado_exp_44_10_agn_res44_t4,Honorable Senado de la Nación,Expediente OV 44/10 · remisión de Resolución AGN 44/2010 e informe T4 2009,https://www.senado.gob.ar/parlamentario/comisiones/verExp/44.10/OV/PP,/research/ciclo_ajuste/inputs/historical_retrieval/v133/binaries/senado_exp_44_10_agn_res44_t4.html,b8ba499ccb21798d392d4c8e8499d51c6057bb076c6f8d41c08d773e201beed2,48707,2009Q4-2012-05-28,audit_activity;parliamentary_transfer;archive_locator,YES,YES,metadatos parlamentarios versus cuerpo del informe/anexo,USABLE_EXACT_PARLIAMENTARY_ARCHIVE_LOCATOR,"Prueba ingreso, giro, comisión y archivo; la pestaña Texto original figura en proceso de carga y no entrega el anexo."
e0_economia_consulta_expedientes_comdoc_gde,Ministerio de Economía,Consulta de expedientes · separación temporal COMDOC/GDE,https://www.argentina.gob.ar/economia/informacionciudadana/consultadeexpedientes,/research/ciclo_ajuste/inputs/historical_retrieval/v133/binaries/economia_consulta_expedientes_comdoc_gde.html,ffa7137f0ff2405d504b64e06cc522420384400164d23838256bff443c3d4ec2,35065,antes/después de septiembre de 2016,document_management;COMDOC;GDE;legacy_index,YES,YES,ruta oficial publicada versus disponibilidad operativa del índice legado,USABLE_EXACT_LEGACY_QUERY_ROUTE,La página remite los expedientes anteriores a septiembre de 2016 a COMDOC; el endpoint publicado rechazó conexión y no permitió consultar el cuerpo.
e0_agenda_digital_finddoc_comdoc_architecture,Jefatura de Gabinete de Ministros / Ministerio de Economía,Modelo Social de la Agenda Digital Argentina 2003-2011 · arquitectura FindDoc/COMDOC,https://cdi.mecon.gob.ar/bases/docelec/br1018.pdf,/research/ciclo_ajuste/inputs/historical_retrieval/v134/binaries/agenda_digital_argentina_2003_2011_br1018.pdf,1d76b6d563aea0d6dd7fa67e22a53b36e269849b3ef6ecd0508e8e16f156d68b,3550343,2003-2011,document_management;COMDOC;FindDoc;route_metadata,YES,YES,hoja de ruta y ubicación versus cuerpo del expediente,USABLE_EXACT_FINDDOC_OUTPUT_SCHEMA,"Describe origen, destino y fechas de pases; no afirma que el cuerpo documental sea descargable."
e0_agn_informe_254_2013_finddoc_control,Auditoría General de la Nación,Informe de Auditoría 254/2013 · consulta FindDoc sobre expediente S01 de 2008,https://www.agn.gob.ar/sites/default/files/informes/Informe_254_2013.pdf,/research/ciclo_ajuste/inputs/historical_retrieval/v134/binaries/agn_informe_254_2013.pdf,99028db4627cc1190bab7d2282ae9330bca08846676b3bdf4cf4a64a969e23be,23877781,2008-2013,audit;COMDOC;FindDoc;route_metadata;historical_control,YES,YES,consulta de expediente de control versus consulta del expediente objetivo,USABLE_HISTORIC_FINDDOC_OPERATIONAL_CONTROL,"La consulta documentada recae sobre S01:0130656/2008, no sobre S01:0342455/2008."
e0_cgn_circular_2_1997_c41_due_date,Contaduría General de la Nación,Circular CGN 2/97 · formulario C-41 Orden de Pago y fecha de vencimiento,https://www.economia.gob.ar/hacienda/cgn/normas/circulares/1997/cir2.htm,/research/ciclo_ajuste/inputs/historical_retrieval/v134/binaries/cgn_circular_2_1997_c41.html,52ef4c74fdd4d9ff27bb694e9b0a01e60580054df22c02574669a5c274e0da29,3126,1997,SIDIF;C41;payment_order;due_date,YES,YES,orden de pago versus pago ejecutado,USABLE_C41_DOCUMENT_CLASS_RULE,Regla general; no individualiza las órdenes 2008 objetivo.
e0_cgn_circular_13_2002_external_payments_c41,Contaduría General de la Nación,Circular CGN 13/02 · C-41 y pagos a beneficiarios del exterior,https://www.economia.gob.ar/hacienda/cgn/normas/circulares/2002/circ13.htm,/research/ciclo_ajuste/inputs/historical_retrieval/v134/binaries/cgn_circular_13_2002_pagos_exterior.html,88b09113bdbdb39ea9d90175d3c889e052c9d24649fdb4c38ecb7be35597357a,9206,2002,SIDIF;C41;external_payment;beneficiary;BCRA;BNA,YES,YES,metadatos de orden versus transferencia bancaria,USABLE_C41_EXTERNAL_PAYMENT_FIELD_SCHEMA,No demuestra que los tres SIDIF 2008 fueran pagos al exterior ni recompras.
e0_cgn_circular_6_1995_c41_tgn,Contaduría General de la Nación,Circular CGN 6/95 · procesamiento C-41 y remisión a TGN a efectos de pago,https://www.economia.gob.ar/hacienda/cgn/normas/circulares/1995/cir06.htm,/research/ciclo_ajuste/inputs/historical_retrieval/v134/binaries/cgn_circular_6_1995_c41_tgn.html,9d6b17a57c0c394b51cc35adb59d8b95f33c5f32c8819b67b7353c82876e0fac,15107,1995,SIDIF;C41;TGN;payment_processing;rejection,YES,YES,conformidad y remisión versus pago efectivo,USABLE_C41_PREPAYMENT_STAGE_RULE,Procedimiento general; una C-41 puede rechazarse antes del pago.
e0_cgn_circular_22_2004_c55_bank_debit,Contaduría General de la Nación,Circular CGN 22/04 · C-55 ante diferencias entre débito bancario y C-41,https://www.economia.gob.ar/hacienda/cgn/normas/circulares/2004/cir22.htm,/research/ciclo_ajuste/inputs/historical_retrieval/v134/binaries/cgn_circular_22_2004_c55.html,626d6c57662055cc96756f9f203e843631f9ac9e5c144952e7ec7a8fe62cd3c7,8534,2004,SIDIF;C41;C55;bank_debit;regularization;deactivation,YES,YES,devengado C-41 versus débito bancario y regularización,USABLE_C41_C55_BANK_DEBIT_RECONCILIATION_RULE,"Regla para pagos por nota y contribuciones figurativas; sirve como mapa documental, no como prueba de aplicación al target."
e0_senado_bicameral_revisora_current_documents,Honorable Senado de la Nación,Comisión Parlamentaria Mixta Revisora de Cuentas · documentación y contacto públicos,https://www.senado.gob.ar/parlamentario/comisiones/info/100?Documentacion=2&Informacion=2&Reuniones=,/research/ciclo_ajuste/inputs/historical_retrieval/v134/binaries/senado_bicameral_revisora_documentacion_actual.html,597df2f9f87da7f828072189f21d65f7aa186e18e8318d0b50cfaa6ec7a15ff8,152197,1983-2026; documentación visible reciente,parliamentary_archive;commission_contact;public_inventory,YES,YES,inventario web visible versus fondo histórico completo,USABLE_CURRENT_COMMISSION_CHANNEL_NEGATIVE_CONTROL,No hallar la nota 2012 en la documentación visible no prueba que no exista en el archivo.
e0_hcdn_session_summary_2012_05_23_mass_archive,Honorable Cámara de Diputados de la Nación,Sumario de la reunión 8 del 23/05/2012 · archivo masivo de expedientes de la Revisora,https://www4.hcdn.gov.ar/sesionesxml/sumario.php?p=130&r=8,/research/ciclo_ajuste/inputs/historical_retrieval/v134/binaries/hcdn_sumario_reunion_8_23_mayo_2012.html,de52eedd2056e896f8cc231fb5cc586218f22a2417c8f0cf810f80f9919d39c9,77763,2012-05-23,parliamentary_archive;mass_archive;negative_control,YES,YES,contexto de archivo masivo versus disposición del expediente exacto,USABLE_MASS_ARCHIVE_CONTEXT_ONLY,El sumario preservado no individualiza OV 366/09 ni OV 44/10; no permite inferir su tratamiento en esa sesión.
e0_cgn_cuenta_inversion_2008_tomo_ii_tgn_system_files,Contaduría General de la Nación / Tesorería General de la Nación,Cuenta de Inversión 2008 · Tomo II · archivos de instrucciones y movimientos BCRA,https://www.economia.gob.ar/hacienda/cgn/cuenta/2008/archivos/tomoii.pdf,/research/ciclo_ajuste/inputs/historical_retrieval/v135/binaries/cgn_cuenta_inversion_2008_tomo_ii.pdf,a4047cec54c88efeff97d5f6602c45277cd4e813c71f3df1d8bab45dd40594ae,3450121,2008,TGN;BCRA;payment_instruction_file;bank_movement_file;balance_file,YES,YES,capacidad general del sistema versus archivo asociado a cada C-41 objetivo,USABLE_2008_PAYMENT_SYSTEM_RECORD_CLASSES,"Prueba clases de archivos operativas en 2008; no individualiza 71597, 152677 ni 2876."
e0_cgn_tgn_disposicion_conjunta_47_10_2008_external_payments,Contaduría General de la Nación / Tesorería General de la Nación,Disposición Conjunta CGN 47/2008 y TGN 10/2008 · pagos al exterior,https://www.economia.gob.ar/hacienda/cgn/normas/disposiciones/2008/adisp47.htm,/research/ciclo_ajuste/inputs/historical_retrieval/v135/binaries/cgn_tgn_disposicion_conjunta_47_10_2008_pagos_exterior.html,785381b2ae7ce14970b6f609264ba6a06a05e07aebd3645bcf163a2a49370874,10869,2008,C41;external_payment;BCRA;BNA;SIDIF;exchange_rate;beneficiary,YES,YES,regla contemporánea condicional versus atribución de pago exterior al target,USABLE_EXACT_2008_EXTERNAL_PAYMENT_SCHEMA_CONDITIONAL,No está probado que las tres C-41 objetivo fueran pagos al exterior.
e0_cgn_circular_34_1997_sdpgb_paid_beneficiary_schema,Contaduría General de la Nación,Anexo Circular CGN 34/97 · archivo Pagado a Beneficiarios/Deducciones,https://www.economia.gob.ar/hacienda/cgn/normas/circulares/1997/cir34a.htm,/research/ciclo_ajuste/inputs/historical_retrieval/v135/binaries/cgn_circular_34_1997_archivo_pagado_beneficiario.html,d4019e3d1fb5ed2a426ab729e5c2512ff23a7eabc52d41fd910a0ae0a56fdd64,23844,1997,SIDIF;SDPGB;beneficiary;payment_state;bank;account;payment_medium,YES,YES,esquema histórico de salida versus conservación o sucesor exacto en 2008,USABLE_EXACT_PAYMENT_STATE_OUTPUT_SCHEMA_REFERENCE,La continuidad literal del nombre de archivo hasta 2008 no está demostrada; pedir SDPGB o sucesor equivalente.
e0_tgn_circular_7_1997_daily_paid_files,Tesorería General de la Nación,Circular TGN 7/97 · información del pagado diario,https://www.economia.gob.ar/digesto/circulares/tgn/1997/cirtgn07.htm,/research/ciclo_ajuste/inputs/historical_retrieval/v135/binaries/tgn_circular_7_1997_pagado_diario.html,b24b54c462369508e47ead79c87b11618ac7796c581b3b5775658fdc6a40105e,3362,1997,TGN;TRANSAF;SIDIF;SDPAG;SDPGB;payment;annulment;rejection,YES,YES,transmisión diaria histórica versus retención/consulta target en 2008,USABLE_DAILY_PAYMENT_OUTPUT_AUTHORITY_REFERENCE,"Prueba la salida diaria en 1997, no el resultado de las tres órdenes de 2008."
e0_economia_digesto_chapter_3_tgn_index,Ministerio de Economía,Digesto de Administración Financiera · Capítulo III · índice TGN,https://www.economia.gob.ar/digesto/capi3.htm,/research/ciclo_ajuste/inputs/historical_retrieval/v135/binaries/economia_digesto_capitulo_3_indice.html,52d810ec5efffaaf3fbef071e2683648dcfce2398553a10ec5f64ad6d4142ea2,40882,1995-2000; consulta 2026,normative_index;TGN;circular_7_1997;provenance,YES,YES,índice normativo versus contenido y aplicación temporal,USABLE_OFFICIAL_PROVENANCE_INDEX,El índice autentica y describe la circular; el contenido operativo se toma de la circular preservada.
e0_minplan_resolution_1522_2006_comdoc_custody,"Ministerio de Planificación Federal, Inversión Pública y Servicios","Resolución MINPLAN 1522/2006 actualizada · custodia, remitos y reconstrucción COMDOC",https://www.argentina.gob.ar/normativa/nacional/norma-119314/actualizacion,/research/ciclo_ajuste/inputs/historical_retrieval/v135/binaries/minplan_resolucion_1522_2006_comdoc_custodia.html,fda42ee250f8989a97122e38ef7c7e4a3527e1de46afeeb9696dceb2ed04f0e9,93449,2006-2007,COMDOC;custody;remittance;folios;annexes;loss_search;reconstruction,YES,YES,regla MINPLAN contemporánea versus norma aplicable al custodio Economía target,USABLE_CONTEMPORANEOUS_COMDOC_CUSTODY_COMPARATOR,No se traslada automáticamente a Economía/ONCP; sirve para formular campos de custodia y reconstrucción verificables.
e0_debt_joint_resolution_216_26_2008_instruction_chain,Secretaría de Hacienda / Secretaría de Finanzas,Resolución Conjunta 216/2008 y 26/2008 · instrucción y registro de títulos de deuda,https://www.argentina.gob.ar/normativa/nacional/norma-144186/texto,/research/ciclo_ajuste/inputs/historical_retrieval/v135/binaries/deuda_resolucion_conjunta_216_26_2008_comdoc_instruccion.html,f040e86ae5a1aa18ce11467d70b1559bb2a820303ad0912aab6c159fd280ab47,59049,2008,public_debt;ONCP;TGN;instruction_note;COMDOC;SIGADE;Caja,YES,YES,procedimiento de bonos de consolidación versus recompra target,USABLE_2008_DEBT_RECORD_CHAIN_COMPARATOR,No demuestra equivalencia con la recompra BODEN; sólo prueba clases documentales contemporáneas de otra operatoria de deuda.
e0_hcdn_historic_plenary_index_negative_control,Honorable Cámara de Diputados de la Nación,Índice histórico de versiones taquigráficas y reuniones plenarias,https://www4.hcdn.gov.ar/sesionesxml/reuniones.php,/research/ciclo_ajuste/inputs/historical_retrieval/v135/binaries/hcdn_indice_reuniones_historicas.html,ead063451f983ba1eff810c28dd1330c968684470a73aca8181226c2d106df3b,3653023,histórico hasta período 133; consulta 2026,parliamentary_archive;plenary_index;negative_control;OV,YES,YES,índice público de sesiones versus inventario interno de expediente OV,USABLE_PARLIAMENTARY_PUBLIC_INDEX_NEGATIVE_CONTROL,No hallar variantes de OV 366/09 u OV 44/10 en este índice no prueba ausencia del fondo histórico.
e0_agan_current_archive_services,Contaduría General de la Nación · Archivo General de Administración Nacional,"Archivo General de Administración Nacional · alcance, fondos y servicios",https://www.argentina.gob.ar/economia/sechacienda/cgn/archivogeneral,/research/ciclo_ajuste/inputs/historical_retrieval/v136/binaries/argentina_agan_archivo_general_actual.html,f2077fcaf5b8aa354ff64871e8a14cad8af069053d6562de1975e60328df6c51,34804,actual; fondos históricos,AGAN;financial_supporting_documents;SAF;archive;digitization;researcher_service,YES,YES,competencia y servicio general versus tenencia de los tres C-41 objetivo,USABLE_DIRECT_FINANCIAL_ARCHIVE_ROUTE,"Prueba la ruta archivística competente, no que los legajos 71597, 152677 y 2876 hayan sido localizados."
e0_amiddf_financial_document_images,Contaduría General de la Nación,AMIDDF · Archivo de Movimiento de Imágenes Digitales de Documentación Financiera,https://www.argentina.gob.ar/economia/administracionfinancieragubernamental/otrossistemas/amiddf,/research/ciclo_ajuste/inputs/historical_retrieval/v136/binaries/argentina_amiddf_imagenes_documentacion_financiera.html,2a82c85ded72c4a008463646d205d8e702227390d46c9b768c186c5ca804a692,43313,actual; documentación histórica,AMIDDF;paper_originals;fund_movements;expediente_bodies;images;document_index,YES,YES,capacidad de imagen e indexación versus existencia de imágenes target,USABLE_DIRECT_DIGITAL_FINANCIAL_DOCUMENT_ROUTE,"La base puede vincular imágenes y registros, pero la consulta target todavía no fue ejecutada."
e0_cgn_circular_07_2008_transaf_entes_transition,Contaduría General de la Nación,Circular CGN 07/2008 · reemplazo del módulo Entes SIDIF Central por e-SIDIF,https://www.economia.gob.ar/hacienda/cgn/normas/circulares/2008/cir07.htm,/research/ciclo_ajuste/inputs/historical_retrieval/v136/binaries/cgn_circular_07_2008_transaf_entes.html,abc3bacbef9b4d86adebc41256c7513fce69a841f6aa35228c27e44621c2f108,17653,2008,SIDIF_Central;eSIDIF;Entes;TRANSAF;file_designs;error_files,YES,YES,reemplazo del módulo Entes versus despliegue del módulo Gastos/pagos,USABLE_EXACT_2008_TRANSITION_CONTROL,Sólo prueba el cambio del módulo Entes y la continuidad de diseños TRANSAF allí; no continuidad literal de SDPGB/SDPAG.
e0_cgn_account_2008_esidif_module_scope,Contaduría General de la Nación,Cuenta de Inversión 2008 · alcance de implantación e-SIDIF,https://www.economia.gob.ar/hacienda/cgn/cuenta/2008/tomoii/11jur50.htm,/research/ciclo_ajuste/inputs/historical_retrieval/v136/binaries/cgn_cuenta_2008_jur50_esidif_modules.html,ce9f5e48de18c4aff2664afc368e71fea2f200507f93c03666dd4cd7b6eca3ac,569635,2008,eSIDIF;deployment;budget;payments_scenarios;judicial_measures;TGN_files,YES,YES,módulos e-SIDIF implantados versus módulos todavía no desplegados,USABLE_2008_ESIDIF_DEPLOYMENT_SCOPE,La omisión de Gastos en la lista de implantación se interpreta junto con despliegues explícitos 2009-2011.
e0_cgn_account_2009_esidif_payments_development,Contaduría General de la Nación,Cuenta de Inversión 2009 · etapas de pagos y desarrollo de Gastos e-SIDIF,https://www.economia.gob.ar/hacienda/cgn/cuenta/2009/tomoi/03aspectos.htm,/research/ciclo_ajuste/inputs/historical_retrieval/v136/binaries/cgn_cuenta_2009_aspectos_esidif_pagos.html,2318e0f7dfb633f568b6f8dc589b03665846aec8e07caab2079783465ff4f5a0,55544,2009,eSIDIF;payments;spending;accounting;withholdings;CRYL_movements;archive_digitization,YES,YES,despliegue rector 2009 versus operación SAF y target 2008,USABLE_POST_TARGET_DEPLOYMENT_AND_CRYL_CONTROL,Es un control temporal posterior; no se aplica retroactivamente a las órdenes 2008.
e0_cgn_account_2010_esidif_spending_rollout,Contaduría General de la Nación,Cuenta de Inversión 2010 · despliegue del módulo Gastos e-SIDIF,https://www.economia.gob.ar/hacienda/cgn/cuenta/2010/tomoi/03aspectos.htm,/research/ciclo_ajuste/inputs/historical_retrieval/v136/binaries/cgn_cuenta_2010_aspectos_esidif_gastos.html,d0959a23bf1fd016f5ed38d07403201826b634613e55e4910680ab7c06848fc1,58482,2010,eSIDIF;Gastos;C41;C42;ROP;SAF355;SAF356;rollout,YES,YES,implantación 2010 versus sistema productor 2008,USABLE_EXACT_ESIDIF_SPENDING_ROLLOUT_CHRONOLOGY,Prueba cuándo aparece la carga/recepción e-SIDIF; no identifica la salida legacy por nombre.
e0_cgn_account_2011_esidif_saf356_first_spending,Contaduría General de la Nación,Cuenta de Inversión 2011 · primer Gastos e-SIDIF en SAF 356 y pago virtual,https://www.economia.gob.ar/hacienda/cgn/cuenta/2011/tomoii/jur50.htm,/research/ciclo_ajuste/inputs/historical_retrieval/v136/binaries/cgn_cuenta_2011_jur50_esidif_gastos_saf356.html,0e56b77da1c227d45e5850ff75efe65e08d5a030dcd6b3f1d4ae9c8fc9610754,198342,2011,eSIDIF;virtual_payment_order;SAF356;Gastos;deployment,YES,YES,primer despliegue documentado 2011 versus procesamiento legacy 2008,USABLE_LATE_DEPLOYMENT_CONFIRMATION,"Confirma la transición tardía, no continuidad de todos los nombres de archivo legacy."
e0_cgn_disposition_20_2007_agan_quality,Contaduría General de la Nación,"Disposición CGN 20/2007 · AGAN, accesibilidad y servicio documental",https://www.economia.gob.ar/hacienda/cgn/normas/disposiciones/2007/Disp20.htm,/research/ciclo_ajuste/inputs/historical_retrieval/v136/binaries/cgn_disposicion_20_2007_agan_archivo_financiero.html,fa157d8fe62b982b6d6e3df0a485462fe53e574f79fbfde577223d79c1a0d300,15590,2007,AGAN;archive_competence;accessibility;delivery;confidentiality;quality,YES,YES,política general de acceso versus admisibilidad y disponibilidad target,USABLE_CONTEMPORANEOUS_AGAN_AUTHORITY,La política de acceso no garantiza que cada pieza target esté conservada o sea de libre entrega.
e0_cgn_disposition_54_2008_order_expiry_partial,Contaduría General de la Nación,Disposición CGN 54/2008 · caducidad y pagos parciales de órdenes,https://www.economia.gob.ar/hacienda/cgn/normas/disposiciones/2008/disp54/disp54.htm,/research/ciclo_ajuste/inputs/historical_retrieval/v136/binaries/cgn_disposicion_54_2008_caducidad_ordenes.html,cd3fb95b812bca412c07cfe9de72bbb29bca7f0c1ed2c35c6ff8adec2450497f,37565,2008,payment_order;SIDIF;conformity;expiry;partial_payment;closing,YES,YES,estado final P/R/A versus historia de pagos parciales y saldo,USABLE_EXACT_2008_PARTIAL_PAYMENT_STATE_RULE,No prueba que las tres órdenes target hayan sido pagadas parcial ni totalmente.
e0_cgn_tgn_joint_disposition_13_16_2009_payment_records,Contaduría General de la Nación / Tesorería General de la Nación,Disposición Conjunta CGN 13/2009 y TGN 16/2009 · presentación y selección de órdenes de pago,https://www.economia.gob.ar/hacienda/cgn/normas/disposiciones/2009/disp13.htm,/research/ciclo_ajuste/inputs/historical_retrieval/v136/binaries/cgn_tgn_disposicion_13_16_2009_ordenes_pago.html,42292773a13c2e42cfd4aa6c8652d47a8c95137429192fc65a52f4a56b9b4237,13664,2009; procedimiento inmediato posterior a 2008,C41;paper_copy;daily_selection_list;payment_authorization;beneficiary;bank_account;signatures,YES,YES,procedimiento 2009 sucesor/comparador versus aplicabilidad directa en 2008,USABLE_CONTEMPORANEOUS_PAYMENT_PACKET_COMPARATOR,No debe retroproyectarse automáticamente; identifica clases documentales y campos a solicitar.
e0_agan_current_coordination_contact,Contaduría General de la Nación · Coordinación Archivo General,Coordinación Archivo General · competencia y contacto publicado,https://www.economia.gob.ar/hacienda/cgn/competencia/archivo.htm,/research/ciclo_ajuste/inputs/historical_retrieval/v136/binaries/economia_agan_competencia_contacto.html,01986c35b5439694cff2e793fa658141c47f0484a0154dc43aedd2afa366669d,3454,página institucional publicada,AGAN;custody;integrity;control;email;telephone,YES,YES,contacto oficial publicado versus vigencia y uso efectivo,USABLE_PUBLISHED_CONTACT_NOT_CONTACTED,La página puede ser legada; la vigencia del contacto no fue probada y no se lo utilizó.
e0_cgn_disposition_46_1998_amiddf_procedure,Contaduría General de la Nación,Disposición CGN 46/1998 · procedimiento AMIDDF,https://www.economia.gob.ar/hacienda/cgn/normas/disposiciones/1998/disp46/dis46.htm,/research/ciclo_ajuste/inputs/historical_retrieval/v137/binaries/cgn_disposicion_46_1998_amiddf_procedure.html,3eeefabb14659306496238edd09d7e85ae2845160e01c3598f140f22967ccb59,5429,1998; documentos desde 1992,AMIDDF;financial_archive;remittance;custody;digitization,YES,YES,regla general de archivo versus remisión efectiva del SAF 355,USABLE_CONTEMPORANEOUS_AMIDDF_AUTHORITY,La norma crea la ruta; no prueba que los documentos target hayan sido remitidos.
e0_cgn_disposition_46_1998_amiddf_annex,Contaduría General de la Nación,"Anexo Disposición CGN 46/1998 · remisión, consulta y custodia AMIDDF",https://www.economia.gob.ar/hacienda/cgn/normas/disposiciones/1998/disp46/adis46.htm,/research/ciclo_ajuste/inputs/historical_retrieval/v137/binaries/cgn_disposicion_46_1998_amiddf_annex.html,1fe54fe96949625a1f6df57a986bd036b1e34ecf21e4ca1e4cfa4df978a0f033,53282,1998; documentos desde 1992,SAF;Rendiciones_de_Cuentas;Otros_Gastos;box;document_number;retention,YES,YES,esquema de remisión versus índice target aún no obtenido,USABLE_EXACT_AMIDDF_RETRIEVAL_SCHEMA,La consulta interna de 1998 no sustituye el derecho ciudadano vigente de la Ley 27.275.
e0_cgn_disposition_46_1998_amiddf_remittance_form,Contaduría General de la Nación,Planilla de remisión de documentación al AMIDDF,https://www.economia.gob.ar/hacienda/cgn/normas/disposiciones/1998/disp46/anexo46.pdf,/research/ciclo_ajuste/inputs/historical_retrieval/v137/binaries/cgn_disposicion_46_1998_remittance_form.pdf,43ede7a9afb026adaf06f081d72b815a68708b58062ad48a56e8cc4970cc2b4f,42715,1998; documentos desde 1992,remittance_form;SAF;series;subseries;box;exercise;document_type;document_number,YES,YES,formulario vacío versus planillas completadas del SAF 355,USABLE_EXACT_ARCHIVAL_ACCESSION_FIELDS,"El formulario prueba los campos del índice, no sus valores target."
e0_cgn_circular_30_1994_supporting_document_archive,Contaduría General de la Nación,Circular CGN 30/1994 · archivo de documentación respaldatoria,https://www.economia.gob.ar/hacienda/cgn/normas/circulares/1994/cir30.htm,/research/ciclo_ajuste/inputs/historical_retrieval/v137/binaries/cgn_circular_30_1994_valid_supporting_documentation.html,d855a80c08ba0832cfdf1ff724eb1316889901875fe4b95b2017fec54dcd88e5,24867,1994; regla general,supporting_documents;accounting_registry;archive;integrity,YES,YES,deber general versus ubicación target,USABLE_GENERAL_SAF_ARCHIVE_DUTY,No individualiza SAF 355 ni los tres registros.
e0_cgn_circular_33_1995_paper_form_scope,Contaduría General de la Nación,Circular CGN 33/1995 · alcance de formularios en papel,https://www.economia.gob.ar/hacienda/cgn/normas/circulares/1995/cir33.htm,/research/ciclo_ajuste/inputs/historical_retrieval/v137/binaries/cgn_circular_33_1995_bna_bcra_external_payment_exception.html,3a919aeb29ee25eef9aebb5fb90cd9bb49747e3ab1d3d7ee1dc934f545475458,10058,1995-2009,C41;paper;funding_source;amount;SAF355;SAF356,YES,YES,texto de cierre amplio colocado luego del apartado C-43,USABLE_WITH_SCOPE_PLACEMENT_CAVEAT,"La frase SAF 355/356 para toda fuente y monto es textual, pero su ubicación impide proyectarla sin reserva a cada C-41."
e0_cgn_disposition_28_2001_c43_negative_control,Contaduría General de la Nación,Disposición CGN 28/2001 · formulario C-43,https://www.economia.gob.ar/hacienda/cgn/normas/disposiciones/2001/disp28/disp28_c43.htm,/research/ciclo_ajuste/inputs/historical_retrieval/v137/binaries/cgn_disposicion_28_2001_formulario_c_archive_flow.html,9a4fea8dfae4512de3fce130815529d67f9a966fe545453187df84ec5ec71def,42737,2001,C43;revolving_fund;negative_scope_control,YES,YES,C-43 versus C-41,EXCLUDED_ADJACENT_FORM_NOT_C41,Describe sólo Fondo Rotatorio; no prueba campos ni flujo de una C-41.
e0_cgn_circular_16_2000_c43_negative_control,Contaduría General de la Nación,Circular CGN 16/2000 · flujos C-43 SIDIF/SAF,https://www.economia.gob.ar/hacienda/cgn/normas/circulares/2000/cir16.htm,/research/ciclo_ajuste/inputs/historical_retrieval/v137/binaries/cgn_circular_16_2000_form_c_flows.html,32af05052e4f0074a4eff9835bc6398510e99b5659974d98778fdfbb13a10642,170076,2000,C43;SIDIF;SAF;file_flow;negative_scope_control,YES,YES,flujo C-43 versus flujo C-41,EXCLUDED_ADJACENT_FORM_NOT_C41,Sus archivos y estados no deben trasladarse a la C-41 target.
e0_cgn_circular_19_1995_transaf_paper_timing,Contaduría General de la Nación,Circular CGN 19/1995 · plazo papel posterior a TRANSAF,https://www.economia.gob.ar/hacienda/cgn/normas/circulares/1995/cir19.htm,/research/ciclo_ajuste/inputs/historical_retrieval/v137/binaries/cgn_circular_19_1995_c41_transaf_paper_timing.html,6c0899ca32f603eb0bb4f826d7cdcd87a174a14c43ab5f3902a55bcac9a16852,3581,1995; continuidad 2008 no cerrada,C41;paper;TRANSAF;timing;automatic_cancellation,YES,YES,plazo de presentación versus aplicabilidad material a cada C-41 2008,USABLE_HISTORIC_PAPER_TIMING_RULE,Prueba plazo para formularios alcanzados; no prueba por sí sola que cada target estuviera alcanzado.
e0_cgn_circular_05_2013_c41_paper_ordering,Contaduría General de la Nación,Circular CGN 05/2013 · orden físico de C-41,https://www.economia.gob.ar/hacienda/cgn/normas/circulares/2013/cir05.htm,/research/ciclo_ajuste/inputs/historical_retrieval/v137/binaries/cgn_circular_05_2013_c41_paper_ordering.html,8be4a42e138fd550fd664001734bb9dbd3450e7a32f723a41aacb5468d91a214,8399,2013,C41;paper;type;number;CGN;TGN,YES,YES,práctica 2013 versus target 2008,USABLE_LATER_PAPER_TRAIL_CONTROL,Sólo prueba un control posterior de localización y envío.
e0_argentina_decree_1344_2007_original_finance_rule,Poder Ejecutivo Nacional,Decreto 1344/2007 · reglamento financiero original aplicable en 2008,https://www.argentina.gob.ar/normativa/nacional/decreto-1344-2007-133006/texto,/research/ciclo_ajuste/inputs/historical_retrieval/v137/binaries/argentina_decreto_1344_2007_texto_original.html,255480068e5a0758c1f5ae42731ecab4dd09a926785ae8688f3e28705c23bca2,160339,2007-2008,SAF;supporting_documents;Jurisdiction90;payment_order;paid_stage;public_debt,YES,YES,orden/devengado versus cancelación/pagado,USABLE_EXACT_2008_FINANCIAL_RULE,La regla de etapa pagado no identifica el medio ni los movimientos target.
e0_argentina_law_27275_updated_access,Congreso de la Nación / InfoLEG,Ley 27.275 · texto actualizado de acceso a la información,https://www.argentina.gob.ar/normativa/nacional/265949/actualizacion,/research/ciclo_ajuste/inputs/historical_retrieval/v137/binaries/argentina_ley_27275_texto_actualizado.html,87843d5f34a283dce489d0a35e97f52a826a80783fb521226dbd1ff971d98bd8,78213,vigente 2026,public_access;transfer;deadline;partial_release;reasoned_denial;complaint,YES,YES,acceso a registros existentes versus obligación de crear un análisis,USABLE_CURRENT_ACCESS_LEGAL_ROUTE,El organismo entrega lo existente; no está obligado a crear cuadros o clasificaciones nuevas.
e0_argentina_economia_access_channel_2026,Ministerio de Economía,Canal de acceso a información pública del Ministerio de Economía,https://www.argentina.gob.ar/economia/transparencia/pedirinformacion,/research/ciclo_ajuste/inputs/historical_retrieval/v137/binaries/argentina_economia_solicitud_informacion_publica_2026.html,aff6f649eb8eb0bb2308ba924c437d5b5d00660e19e0e37725b5be464618d03a,35830,vigente 2026,submission_channel;TAD;email;physical;deadline;complaint,YES,YES,canal disponible versus presentación efectiva,USABLE_CURRENT_CHANNEL_NOT_CONTACTED,El canal fue verificado pero no utilizado.
e0_argentina_tad_public_information_route,Administración Pública Nacional,Trámite nacional de solicitud de información pública,https://www.argentina.gob.ar/solicitar-informacion-publica,/research/ciclo_ajuste/inputs/historical_retrieval/v137/binaries/argentina_solicitar_informacion_publica_tad.html,817890de7fbda959664cd66f35e318f62dfb758ba373794c7ae1619f03e10868,53363,vigente 2026,TAD;public_information;free;no_motive;no_lawyer,YES,YES,ruta general versus organismo custodio específico,USABLE_GENERAL_TAD_ROUTE_NOT_USED,No se inició el trámite.
e0_tgn_manual_system_treasury_v1,Tesorería General de la Nación,El Sistema de Tesorería · Manual TGN versión 1.0,https://capacitacion.mecon.gob.ar/manuales/Tesoreria_manual_TGN.pdf,/research/ciclo_ajuste/inputs/historical_retrieval/v137/binaries/tgn_manual_sistema_tesoreria_v1.pdf,3af4050e4d00f75ea0cbf49b3c8d84226b1debb58e65a39d167aaea65da02845,3102369,reglas 2007 y operatoria documentada 2013,payer;public_debt;total_partial;selection;confirmation;payment_medium;bank_return;reconciliation,YES,YES,manual posterior versus registro target 2008,USABLE_OFFICIAL_PROCEDURAL_INTERPRETATION,Interpreta el régimen y clases documentales; no contiene las tres operaciones target.
e0_cgn_account_2008_saf355_356_crosswalk,Contaduría General de la Nación,Cuenta de Inversión 2008 · identificación SAF 355/356,https://www.economia.gob.ar/hacienda/cgn/cuenta/2008/sep/uepex.htm,/research/ciclo_ajuste/inputs/historical_retrieval/v137/binaries/cgn_cuenta_2008_saf355_356_crosswalk.html,3244a20ebf2356ad63422017bcd66be7eae2954fe8e3d8ff01ff1c6b9465b71a,53229,2008,SAF355;public_debt;SAF356;treasury_obligations,YES,YES,identidad institucional versus documento target,USABLE_EXACT_2008_SAF_CROSSWALK,No contiene los tres documentos ni sus cajas.
e0_dgsiaf_siche_landing,Dirección General de Sistemas Informáticos de Administración Financiera,SICHE · Sistema de Consulta de Información para Sistemas Heredados,https://www.argentina.gob.ar/economia/sechacienda/dgsiaf/siche,/research/ciclo_ajuste/inputs/historical_retrieval/v138/binaries/argentina_dgsiaf_siche_landing.html,b3b406e2fc8c877697c5079c9b5c93602cbeee4bb942687f50441cfb918d8643,28514,vigente 2026,legacy_systems;historical_queries;access,YES,YES,página pública descriptiva versus acceso interno,USABLE_CURRENT_LEGACY_QUERY_ROUTE,Describe la función; no contiene datos target ni credenciales de acceso.
e0_dgsiaf_slu_landing,Dirección General de Sistemas Informáticos de Administración Financiera,SLU · manuales y transición a SICHE,https://www.argentina.gob.ar/economia/sechacienda/dgsiaf/slu,/research/ciclo_ajuste/inputs/historical_retrieval/v138/binaries/argentina_dgsiaf_slu_landing.html,47cdbd46df0303a4ff3ba93a2ef5df7d596584843447d2c67cdd46f1520524a9,60179,sistemas heredados,SLU;SICHE;manuales,YES,YES,SLU parcialmente operativo versus información disponibilizada en SICHE,USABLE_OFFICIAL_MANUAL_INDEX_AND_TRANSITION,La página no prueba que cada base SAF 355 esté completa.
e0_argentina_resolution_53_2024_siche,Secretaría de Hacienda,Resolución SH 53/2024 · SICHE como consulta única de sistemas discontinuados,https://www.argentina.gob.ar/sites/default/files/rs-2024-65612078-apn-shmec.pdf,/research/ciclo_ajuste/inputs/historical_retrieval/v138/binaries/argentina_resolucion_53_2024_siche.pdf,1ad76881f500202c2557df9164e1b77a1c7222f9e40a20d430174038041c4a47,166521,desde 2024-07-01,SICHE;SIDIF_Central;SLU;export;integrity,YES,YES,herramienta existente versus disponibilidad de cada fila,USABLE_CURRENT_BINDING_LEGACY_QUERY_AUTHORITY,"La resolución garantiza la ruta y preservación sin transformación, no la existencia de los registros target."
e0_dgsiaf_esidif_payments_landing,Dirección General de Sistemas Informáticos de Administración Financiera,e-SIDIF · módulo Pagos y guías,https://www.argentina.gob.ar/economia/sechacienda/dgsiaf/e-sidif/pagos,/research/ciclo_ajuste/inputs/historical_retrieval/v138/binaries/argentina_esidif_pagos_landing.html,8854496b7955c45487a16750c66ecfa6541429a1239137467618a3e21de2be0a,35485,vigente 2026,payment_queries;PG;NPG;TGN,YES,YES,funcionalidad actual versus target heredado 2008,USABLE_CURRENT_QUERY_CAPABILITY_INDEX,No prueba migración completa de 2008.
e0_dgsiaf_esidif_payment_queries_2013,Dirección General de Sistemas Informáticos de Administración Financiera,e-SIDIF · Consultas y Reportes de Pagos,https://www.argentina.gob.ar/sites/default/files/dgsiaf-2013_esidif_pagos_consultas_reportes_pagos_abril_2013.pdf,/research/ciclo_ajuste/inputs/historical_retrieval/v138/binaries/argentina_esidif_consultas_reportes_pagos_2013.pdf,85de6b2645a11b2001575be1e4afa71783598227707d7a80bc073eb1786696a3,933107,2013; función actual,payment_query;original_voucher;payer;payment_medium;budget_item,YES,YES,modelo e-SIDIF posterior versus registro SLU/SC 2008,USABLE_QUERY_FIELD_CROSSWALK,"Sirve como control de campos y vínculos, no como prueba de que el target migró."
e0_cgn_account_2010_saf355_esidif_deployment,Contaduría General de la Nación,Cuenta de Inversión 2010 · despliegue e-SIDIF en SAF 355,https://www.economia.gob.ar/hacienda/cgn/cuenta/2010/tomoi/03aspectos.htm,/research/ciclo_ajuste/inputs/historical_retrieval/v138/binaries/cgn_cuenta_2010_esidif_saf355_deployment.html,d0959a23bf1fd016f5ed38d07403201826b634613e55e4910680ab7c06848fc1,58482,2010,SAF355;deployment;queries;all_businesses,YES,YES,despliegue 2010 versus origen 2008,USABLE_TEMPORAL_SYSTEM_CROSSWALK,No identifica qué sistema local originó cada fila de 2008 ni su migración.
e0_cgn_circular_05_2000_c55_regularization,Contaduría General de la Nación,Circular CGN 05/2000 · C-55 de regularización y desafectación,https://www.economia.gob.ar/hacienda/cgn/normas/circulares/2000/circ05.htm,/research/ciclo_ajuste/inputs/historical_retrieval/v138/binaries/cgn_circular_05_2000_c55_regularization.html,33ff6f2e0846d6ecddb3df183a4a48ee33aad0154a13538969c89cd63c78260a,11277,2000-2008,C55;regularization;note_payment;bank_account;SIDIF,YES,YES,regularización genérica versus target,USABLE_CONTEMPORANEOUS_C55_RULE,No identifica las tres referencias SIDIF.
e0_cgn_circular_13_2002_foreign_payments,Contaduría General de la Nación,Circular CGN 13/2002 · pagos al exterior SAF 355,https://www.economia.gob.ar/hacienda/cgn/normas/circulares/2002/circ13.htm,/research/ciclo_ajuste/inputs/historical_retrieval/v138/binaries/cgn_circular_13_2002_foreign_payments.html,88b09113bdbdb39ea9d90175d3c889e052c9d24649fdb4c38ecb7be35597357a,9206,2002-11/2008,SAF355;foreign_payment;C41;BNA;BCRA;commission_account,YES,YES,orden exterior versus comisión target,USABLE_CONTEMPORANEOUS_FOREIGN_PAYMENT_ROUTE,La coincidencia conceptual no prueba que los tres target provengan de transferencias exteriores.
e0_cgn_circular_22_2004_note_regularization,Contaduría General de la Nación,Circular CGN 22/2004 · regularización de pagos por Nota,https://www.economia.gob.ar/hacienda/cgn/normas/circulares/2004/cir22.htm,/research/ciclo_ajuste/inputs/historical_retrieval/v138/binaries/cgn_circular_22_2004_note_regularization.html,626d6c57662055cc96756f9f203e843631f9ac9e5c144952e7ec7a8fe62cd3c7,8534,2004-2008,C55;note_payment;BNA_debit;regularization,YES,YES,diferencia de débito versus comisión pura,USABLE_CONTEMPORANEOUS_NOTE_REGULARIZATION,Regula diferencias en pagos por Nota; no asigna tipo a los tres SIDIF.
e0_cgn_disposition_31_2006_parameterized_reports,Contaduría General de la Nación,Disposición CGN 31/2006 · listados parametrizados,https://www.economia.gob.ar/hacienda/cgn/normas/disposiciones/2006/disp31.htm,/research/ciclo_ajuste/inputs/historical_retrieval/v138/binaries/cgn_disposition_31_2006_parameterized_reports.html,3b54ab0cee1c6b0f3e1644f7f5eaf671fadc08758235f64444aea180189fa9df,16804,2006-2008,SLU;parameterized_report;commitment;accrual;paid,YES,YES,agregado presupuestario versus fila target,USABLE_CONTEMPORANEOUS_REPORT_AUTHORITY,El listado normado es agregado y no sustituye el detalle por comprobante.
e0_cgn_tgn_disposition_47_10_2008_foreign_payments,Contaduría General de la Nación / Tesorería General de la Nación,Disposición Conjunta CGN 47/08 y TGN 10/08 · pagos al exterior,https://www.economia.gob.ar/hacienda/cgn/normas/disposiciones/2008/disp47.htm,/research/ciclo_ajuste/inputs/historical_retrieval/v138/binaries/cgn_tgn_disposition_47_10_2008_foreign_payments.html,3d318e6b41f02116cb9cd68560e65a048cb5fe167d6d87a0d594a23c8e9e25e8,8398,desde 2008-11-20,foreign_payment;C41;paper;note;exchange_ticket,YES,YES,vigencia desde noviembre versus target anual,USABLE_LATE_2008_FOREIGN_PAYMENT_AUTHORITY,Sólo rige desde su fecha; para meses previos se usa Circular 13/02.
e0_cgn_tgn_disposition_47_10_2008_foreign_payments_annex,Contaduría General de la Nación / Tesorería General de la Nación,Anexo Disposición Conjunta 47/08-10/08 · circuito exterior,https://www.economia.gob.ar/hacienda/cgn/normas/disposiciones/2008/adisp47.htm,/research/ciclo_ajuste/inputs/historical_retrieval/v138/binaries/cgn_tgn_disposition_47_10_2008_foreign_payments_annex.html,785381b2ae7ce14970b6f609264ba6a06a05e07aebd3645bcf163a2a49370874,10869,desde 2008-11-20,SAF355;BNA;BCRA;C41;commission_debit;payment_instruction,YES,YES,ruta exterior versus comisión target,USABLE_EXACT_LATE_2008_COMMISSION_ACCOUNT_ROUTE,"No identifica los tres documentos ni el total de $32.270,30."
e0_dgsiaf_slu_payment_query_2004,Dirección General de Sistemas Informáticos de Administración Financiera,SLU · Consulta de Pagos,https://www.argentina.gob.ar/sites/default/files/dgsiaf-mu_emite_cons_pagos.doc,/research/ciclo_ajuste/inputs/historical_retrieval/v138/binaries/dgsiaf_slu_emite_consulta_pagos.doc,05771a154e294999a86b4dc5c5f28429876e17e4c68adf15f1bfb060422d72cb,161280,2004-2008,SLU;payment_date;order_type;bank;account;beneficiary,YES,YES,manual de funcionalidad versus filas target,USABLE_CONTEMPORANEOUS_PAYMENT_QUERY_SCHEMA,No contiene datos de SAF 355.
e0_dgsiaf_slu_sidif_number_input_2003,Dirección General de Sistemas Informáticos de Administración Financiera,SLU · Gastos · Ingreso y modificación del número SIDIF,https://www.argentina.gob.ar/sites/default/files/dgsiaf-mu_gs_gtos_ingreso_nro_sidif.doc,/research/ciclo_ajuste/inputs/historical_retrieval/v138/binaries/dgsiaf_slu_gastos_ingreso_numero_sidif.doc,7a04b63200dbe5503d98f8975f6a4eef0f4960ab5e80bf2004c8f1747c4f6a51,313856,2003-2008,SLU;SIDIF_number;C41;C42;C55,YES,YES,función de ingreso manual versus universo completo del SIDIF,USABLE_CONTEMPORANEOUS_TYPE_NARROWING,"Prueba los tipos permitidos en esta función SLU, no que todo número SIDIF del universo pertenezca necesariamente a esos tipos."
e0_dgsiaf_slu_note_payment_2001,Dirección General de Sistemas Informáticos de Administración Financiera,SLU · Nota de Pago,https://www.argentina.gob.ar/sites/default/files/dgsiaf-mu_nota_de_pago.doc,/research/ciclo_ajuste/inputs/historical_retrieval/v138/binaries/dgsiaf_slu_nota_de_pago.doc,cbc3861a11178583cede1161ab1f43fbb9eb05d59c5a7c1069fbaec452834eb4,996864,2001-2008,note_payment;C41;bank_accounts;commission_account;history,YES,YES,manual de gestión versus nota target,USABLE_CONTEMPORANEOUS_NOTE_PAYMENT_SCHEMA,No contiene la Nota ni la instrucción de los target.
e0_dgsiaf_slu_global_regularization_2004,Dirección General de Sistemas Informáticos de Administración Financiera,SLU · Regularización Global,https://www.argentina.gob.ar/sites/default/files/dgsiaf-mu_gs_regularizacion_global.doc,/research/ciclo_ajuste/inputs/historical_retrieval/v138/binaries/dgsiaf_slu_regularizacion_global.doc,389e2081612dfdad0efc4dba3355b993698fb0ea302ac3e42a32c8794c2b4f42,617984,2004-2008,C55;direct_debit;bank_commission;budget;book_bank;SIDIF_Central,YES,YES,coincidencia de mecanismo versus identificación target,USABLE_CONTEMPORANEOUS_DIRECT_DEBIT_MECHANISM,"Hace a C-55 el comparador de mecanismo principal, pero no asigna tipo ni reemplaza la exportación target."
e0_dgsiaf_slu_bank_reconciliation_reports_2002,Dirección General de Sistemas Informáticos de Administración Financiera,SLU · Reportes de Conciliación Bancaria,https://www.argentina.gob.ar/sites/default/files/dgsiaf-mu_reportes_conciliacion_bancaria.doc,/research/ciclo_ajuste/inputs/historical_retrieval/v138/binaries/dgsiaf_slu_reportes_conciliacion_bancaria.doc,141cf858a16714cf282a4d823b77b823d57f7038b63cdf627b5ae33a98e2472e,730624,2002-2008,bank_extract;book_bank;reconciliation;form_type;beneficiary,YES,YES,capacidad de reporte versus retención de cada movimiento,USABLE_CONTEMPORANEOUS_RECONCILIATION_SCHEMA,No contiene extractos o Libro Banco target.
e0_dgsiaf_slu_expense_reports_2003,Dirección General de Sistemas Informáticos de Administración Financiera,SLU · Reportes de Gastos,https://www.argentina.gob.ar/sites/default/files/dgsiaf-mu_reportes_gastos.doc,/research/ciclo_ajuste/inputs/historical_retrieval/v138/binaries/dgsiaf_slu_reportes_gastos.doc,9764c7ddff9ceeb2055f85e95b465ed8664ba16571df53fea0b1d78d1b5633a4,1448960,2003-2008,C41;C42;C55;supporting_document;beneficiary;paid;regularized,YES,YES,reporte disponible versus exportación target no obtenida,USABLE_CONTEMPORANEOUS_EXPENSE_EXPORT_SCHEMA,La columna pagado es informativa y debe cruzarse con pagos/Libro Banco.
e0_dgsiaf_slu_payment_reports_2003,Dirección General de Sistemas Informáticos de Administración Financiera,SLU · Reportes de Pagos,https://www.argentina.gob.ar/sites/default/files/dgsiaf-mu_reportes_pagos.doc,/research/ciclo_ajuste/inputs/historical_retrieval/v138/binaries/dgsiaf_slu_reportes_pagos.doc,90ddd573ef7bd967ea4e89cf0852a3300dbd54abde913bee3050ee845af0b9d1,1211392,2003-2008,F80;order;payment;beneficiary;payer;source;regularized,YES,YES,reporte disponible versus exportación target no obtenida,USABLE_CONTEMPORANEOUS_PAYMENT_EXPORT_SCHEMA,Un F80/importe pagado debe cruzarse con rendición y conciliación.
e0_dgsiaf_siche_deployment_2020_q1,Dirección General de Sistemas Informáticos de Administración Financiera,"Boletín DGSIAF 2020 T1 · despliegues SICHE de Gastos, Recursos, PEF y Pagos",https://www.argentina.gob.ar/sites/default/files/2020-ene-feb-mar-boletin-dgsiaf.pdf,/research/ciclo_ajuste/inputs/historical_retrieval/v139/binaries/argentina_dgsiaf_bulletin_2020_q1_siche.pdf,926acc816b62f79eaca371b0e96d9a19a311a6e87b639db6808293c8c46d978d,353161,2020,SICHE;Gastos;Pagos;Recursos;PEF;numeric_filters,YES,YES,capacidad implantada en 2020 versus presencia del registro target 2008,USABLE_SICHE_MODULE_DEPLOYMENT_PROOF,"Prueba módulos y expresiones numéricas, no una consulta de los tres SIDIF."
e0_dgsiaf_siche_deployment_2020_q4,Dirección General de Sistemas Informáticos de Administración Financiera,Boletín DGSIAF 2020 T4 · consultas especiales y Conciliación Bancaria en SICHE,https://www.argentina.gob.ar/sites/default/files/boletin-trimestral-dgsiaf-octubre-noviembre-diciembre-2020.pdf,/research/ciclo_ajuste/inputs/historical_retrieval/v139/binaries/argentina_dgsiaf_bulletin_2020_q4_siche.pdf,9f3406b988266b653715f1304290703ee56c212c65e275234805da7df8960917,258310,2020,SICHE;special_queries;basic_tables;financial_programming;bank_reconciliation,YES,YES,módulo desplegado versus retención e identificación de cada movimiento,USABLE_SICHE_BANK_RECONCILIATION_DEPLOYMENT_PROOF,"Prueba que Conciliación Bancaria era consultable, no que la fila target subsista."
e0_dgsiaf_siche_deployment_2021_q2,Dirección General de Sistemas Informáticos de Administración Financiera,Boletín DGSIAF 2021 T2 · búsqueda detallada de entidades en SICHE,https://www.argentina.gob.ar/sites/default/files/2021/07/dgsiaf-boletin_trimestral_dgsiaf-abril_mayo_junio_2021-5.pdf,/research/ciclo_ajuste/inputs/historical_retrieval/v139/binaries/argentina_dgsiaf_bulletin_2021_q2_siche.pdf,cda39b14f258923bcca12c24f0863c949be12dac62dd631ae7c0dd8fed481e26,616928,2021,SICHE;voucher;form;agreement;entity;header_filter;detail_filter,YES,YES,capacidad de filtro versus ejecución de una consulta target,USABLE_SICHE_HEADER_DETAIL_FILTER_PROOF,"Prueba filtros de cabecera y detalle, no el resultado para SAF 355."
e0_dgsiaf_sidif_forms_decommission_2025,Dirección General de Sistemas Informáticos de Administración Financiera,"Desafectación SIDIF Central y modelos de Gastos C-35, C-41 y C-55",https://www.argentina.gob.ar/economia/sechacienda/dgsiaf/boletin-trimestral-iv-2025/desafectacion-sidif-central,/research/ciclo_ajuste/inputs/historical_retrieval/v139/binaries/argentina_dgsiaf_sidif_c35_c41_c55_decommission_2025.html,bf85256fefbfa1e64c0b52f98c1cc73d0d79412df4ca2843b30ede2cda37771b,33116,vigente desde 2026-01-01,SIDIF_Central;Gastos;C35;C41;C55;transmission;decommission,YES,YES,alcance actual de desafectación versus especie documental target 2008,USABLE_CURRENT_FORM_SCOPE_AND_TRANSITION,Incluye C35/C41/C55; no asigna tipo al target ni excluye C42 del antiguo SLU.
e0_dgsiaf_slu_system_description_v3,Dirección General de Sistemas Informáticos de Administración Financiera,SLU · Descripción del sistema · versión 3,https://www.argentina.gob.ar/sites/default/files/slu_modconc-sistema.pdf,/research/ciclo_ajuste/inputs/historical_retrieval/v139/binaries/argentina_slu_system_description_v3.pdf,b988cf5525df07966fa877c40baf8782a2ece70b50a33298168a45aa71cc228d,2078779,2005; diseño contemporáneo anterior a 2008,pagos; medios de pago; gastos y comisiones; Libro Banco; conciliación automática/manual,YES,YES,"Diseño SLU 2005; prueba mecanismo contemporáneo, no fila ni código exacto 2008.",USABLE_SYSTEM_DESIGN_AND_RECONCILIATION_SCHEMA,Documento preliminar sin fecha inequívoca; no prueba despliegue íntegro ni registro target.
e0_cgn_cuenta_inversion_2013_sdp,Contaduría General de la Nación,Cuenta de Inversión 2013 · Servicio de la Deuda Pública · Anexo K,https://www.economia.gob.ar/hacienda/cgn/cuenta/2013/archivos/sdp.pdf,/research/ciclo_ajuste/inputs/historical_retrieval/v139/binaries/cgn_cuenta_2013_separata_deuda_publica.pdf,a8a08355939622cec6d8b46ab8e5d4d17ee86081d915d71aa7660b262e4f7517,963610,2013,debt_service;SIGADE;SIDIF;C41;BNA_commissions,YES,YES,comparador posterior y concepto YPF específico versus target genérico 2008,USABLE_83106000_SEMANTIC_DRIFT_AND_TYPE_COMPARATOR,El código fue reutilizado con descripción YPF; no permite inferir el propósito ni tipo de 2008.
e0_cgn_cuenta_inversion_2014_sdp,Contaduría General de la Nación,Cuenta de Inversión 2014 · Servicio de la Deuda Pública · Anexo K,https://www.economia.gob.ar/hacienda/cgn/cuenta/2014/archivos/sdp.pdf,/research/ciclo_ajuste/inputs/historical_retrieval/v139/binaries/cgn_cuenta_2014_separata_deuda_publica.pdf,20f413fd6a3585a041a8e7c49d3cf546e57f2de8f36d8d46e91e68738eee6fd0,1071658,2014,debt_service;SIGADE;SIDIF;C41;BNA_commissions,YES,YES,comparador posterior y concepto YPF específico versus target genérico 2008,USABLE_83106000_SEMANTIC_DRIFT_AND_TYPE_COMPARATOR,El código fue reutilizado con descripción YPF; no permite inferir el propósito ni tipo de 2008.
e0_cgn_cuenta_inversion_2015_sdp,Contaduría General de la Nación,Cuenta de Inversión 2015 · Servicio de la Deuda Pública · Anexo K,https://www.economia.gob.ar/hacienda/cgn/cuenta/2015/archivos/sdp.pdf,/research/ciclo_ajuste/inputs/historical_retrieval/v139/binaries/cgn_cuenta_2015_separata_deuda_publica.pdf,cee3a13179a4dd162c2cbcefbc5b70ce2d15c793c540258210da0c3ddbe85d9c,1068951,2015,debt_service;SIGADE;SIDIF;BNA_commissions;aggregation,YES,YES,comparador posterior y concepto YPF específico versus target genérico 2008,USABLE_83106000_SEMANTIC_DRIFT_AND_TYPE_COMPARATOR,El código fue reutilizado con descripción YPF y agregado VARIOS; no permite inferir el tipo de 2008.
e0_dgsiaf_siche_special_queries_2022_q3,Dirección General de Sistemas Informáticos de Administración Financiera,SICHE · consultas especiales y mejoras · julio 2022,https://www.argentina.gob.ar/economia/sechacienda/dgsiaf/boletin-trimestral-iii-2022/siche,/research/ciclo_ajuste/inputs/historical_retrieval/v140/binaries/argentina_dgsiaf_siche_special_queries_2022_q3.html,a368fb11936b716c4a03b5c708edc9bac50ed70d883551f4ac00d56dd0b344f0,34162,2022-07,SICHE;SIGADE;budget_item;beneficiary;order_observations;due_debt;journal_entries,YES,YES,consulta disponible versus ejecución y cobertura target,USABLE_EXACT_NAMED_QUERY_AND_FIELD_PROOF,Prueba nombres y filtros de consultas internas para órganos rectores; no contiene resultados ni acceso público directo.
e0_dgsiaf_esidif_line33_landing_2020,Dirección General de Sistemas Informáticos de Administración Financiera,e-SIDIF · versión línea 33 · página de publicación,https://www.argentina.gob.ar/noticias/e-sidif-version-linea-33,/research/ciclo_ajuste/inputs/historical_retrieval/v140/binaries/argentina_dgsiaf_esidif_line33_landing_2020.html,8467e602b9e94773099cbe6c2a271c9c9aa720b9c2381d31be249f78c888fc67,31448,2020-10-01,eSIDIF;release_date;payments;SIGADE,YES,YES,fecha de versión versus operación histórica 2008,USABLE_OFFICIAL_RELEASE_DATE_CONTROL,Sólo fecha y vínculo del boletín; no prueba migración de registros 2008.
e0_dgsiaf_esidif_line33_sigade_payments_2020,Dirección General de Sistemas Informáticos de Administración Financiera,Newsletter e-SIDIF línea 33 · atributo SIGADE en Pagos,https://www.argentina.gob.ar/sites/default/files/dgsiaf-newsletter-esidif-version-linea-33.pdf,/research/ciclo_ajuste/inputs/historical_retrieval/v140/binaries/argentina_dgsiaf_esidif_line33_sigade_payments_2020.pdf,fe4b2382623d04bd313422b9fb72593a4d1e9ce1b8906770d81b4639581ae319,305243,2020-10,SIGADE;EPP;PG;NPG;CMR_DP;TCE;RTCE;payment_reports;payment_medium,YES,YES,modelo e-SIDIF 2020 versus SC/SLU 2008 y migración no probada,USABLE_PAYMENT_SIGADE_ATTRIBUTE_CROSSWALK,"Prueba campos y vínculos modernos en entorno Nación, no que el target haya migrado."
e0_dgsiaf_execution_webservice_current,Dirección General de Sistemas Informáticos de Administración Financiera,Servicio web · consulta de devengado y pagado por expediente,https://www.argentina.gob.ar/economia/sechacienda/dgsiaf/compras-y-gastos/ejecucion,/research/ciclo_ajuste/inputs/historical_retrieval/v140/binaries/argentina_dgsiaf_execution_webservice.html,d33b4a32fff38b7479b4ce1528d8cff8ba7cf386196e74c80a983a6eed7c557d,30159,consulta 2026-08-30,expedient;payment_order;associated_payment;webservice,YES,YES,servicio actual versus expediente/registro heredado 2008,USABLE_CURRENT_EXPEDIENT_PAYMENT_LINK_CROSSWALK,Describe el vínculo lógico por expediente; no prueba que S01:0342455/2008 sea consultable ni que contenga los target.
e0_dgsiaf_bulletin_2020_q2_landing,Dirección General de Sistemas Informáticos de Administración Financiera,Boletín trimestral DGSIAF II 2020 · página de publicación,https://www.argentina.gob.ar/noticias/boletin-trimestral-dgsiaf-ii-2020,/research/ciclo_ajuste/inputs/historical_retrieval/v141/binaries/argentina_dgsiaf_bulletin_2020_q2_landing.html,aa08a67cd5bb9fea508033b94686416cefde50773726eb590a5c264a4ca39701,31982,2020-07-01,SICHE;publication_date;CUT;historical_repository,YES,YES,fecha de publicación versus fecha de implementación mayo 2020,USABLE_OFFICIAL_PUBLICATION_CONTROL,Prueba la publicación y el vínculo al boletín; el alcance técnico surge del PDF.
e0_dgsiaf_siche_cut_repository_2020_q2,Dirección General de Sistemas Informáticos de Administración Financiera,SICHE · repositorio histórico CUT-SIDIF Central 2007-2014,https://www.argentina.gob.ar/sites/default/files/2020-abr-may-jun-boletin-dgsiaf.pdf,/research/ciclo_ajuste/inputs/historical_retrieval/v141/binaries/argentina_dgsiaf_bulletin_2020_q2_siche_cut_2007_2014.pdf,6d70b056f5a2ecd5bdbf847ac9139866ec18c9a2136a7f364333c08f7e16fb20,334840,2020-05,SICHE;CUT;SIDIF_Central;basic_entities;operation_account_balances;extracts;impact_logs,YES,YES,repositorio consultable versus fila target recuperada; órganos rectores versus acceso público,USABLE_EXACT_2008_CUT_EXTRACT_AND_IMPACT_LOG_ROUTE,"Prueba cobertura 2007-2014 y clases consultables, no que el movimiento target esté localizado."
e0_tgn_treasury_system_v3_2022_cut_extract,Tesorería General de la Nación,El Sistema de Tesorería v3 · auditor CUT y modelo de extracto escritural,https://www.argentina.gob.ar/sites/default/files/el-sistema-tesoreria-v3-2022.pdf,/research/ciclo_ajuste/inputs/historical_retrieval/v141/binaries/argentina_tgn_treasury_system_v3_2022.pdf,5ebd3991747b9c4af619b5208ee2047348ff34b7bc85aefc3f8a614509f53186,2910883,2022-12,CUT;auditor;Libro_Banco;extract;operation_account;movement_code;supporting_form,YES,YES,modelo 2022 versus estructura histórica 2008,USABLE_CURRENT_CUT_EXTRACT_FIELD_AND_LINK_CROSSWALK,Aporta estructura funcional posterior; no prueba que todos esos campos existan en SICHE 2008.
e0_tgn_cut_auditor_instruction_2025,Tesorería General de la Nación,Disposición TGN 10/2025 · Instructivo para el Control del Auditor CUT,https://www.argentina.gob.ar/sites/default/files/di-2025-10-apn-tgn-mec.pdf,/research/ciclo_ajuste/inputs/historical_retrieval/v141/binaries/argentina_tgn_disposition_10_2025_cut_auditor.pdf,0b0382cfdfff7a7e1442789e3f0f2d83a3725b2d73e3582aacf93eee134cc669,1134786,2025-11-17,CUT;BNA;bank_statement;Libro_Banco;reconciliation;movement_detail;bank_voucher;finding_report,YES,YES,auditor e-SIDIF 2025 versus repositorio SICHE 2007-2014,USABLE_CURRENT_AUDITOR_QUERY_AND_EVIDENCE_SCHEMA,Define campos y lógica actuales; se usa como crosswalk y no como prueba retroactiva.
e0_dgsiaf_slu_bank_reconciliation_manual_2003_v7,Dirección General de Sistemas Informáticos de Administración Financiera,SLU · Manual del Usuario de Conciliación Bancaria · versión 7,https://www.argentina.gob.ar/sites/default/files/dgsiaf-mu_conciliacion_bancaria.doc,/research/ciclo_ajuste/inputs/historical_retrieval/v145/binaries/dgsiaf_slu_conciliacion_bancaria.doc,4561a9d536973da4b648d5f8d140bd0a5bf64afea2597971b473984655f89d11,1060864,2003-01,LIB;TRA;MAN;APL;EXB;conciliación automática/manual;Libro Banco;extracto;correcciones,YES,YES,Manual de mecanismo y pantallas; no contiene exportación SAF 355 ni fila objetivo 2008.,USABLE_CONTEMPORANEOUS_RECONCILIATION_MECHANISM,"Prueba reglas y campos, no que una operación objetivo haya ocurrido."
e0_dgsiaf_slu_bank_reconciliation_basic_tables_2002_v7,Dirección General de Sistemas Informáticos de Administración Financiera,SLU · Tablas Básicas de Conciliación Bancaria · versión 7,https://www.argentina.gob.ar/sites/default/files/dgsiaf-mu_conciliacion_bancaria_tablas_basicas.doc,/research/ciclo_ajuste/inputs/historical_retrieval/v145/binaries/dgsiaf_slu_conciliacion_bancaria_tablas_basicas.doc,19f2b33fca34193bfac9fc0e75a86ff72e3d9103f172fb767611c187dded2659,788480,2002-09,movimiento interno;movimiento externo;partida de gasto;C55;SIDIF Central;bajas;rehabilitación,YES,YES,Las capturas son ejemplos; no publican la parametrización completa de 2008.,USABLE_CONTEMPORANEOUS_MAPPING_AND_C55_SCHEMA,La relación configurada no identifica por sí sola una fila target.
e0_dgsiaf_slu_treasury_basic_tables_1,Dirección General de Sistemas Informáticos de Administración Financiera,SLU · Manual de Tablas Básicas · Tesorería 1,https://www.argentina.gob.ar/sites/default/files/dgsiaf-mu_tablas_basicas_tbtesoreria1.doc,/research/ciclo_ajuste/inputs/historical_retrieval/v145/binaries/dgsiaf_slu_tablas_basicas_tesoreria_1.doc,bb7501ec69a75428aa2f761e898935cba30d636000ac7fa74c8fa31e8dc81a7c,1680896,2005-06-24 (metadato de guardado),cuentas bancarias/escriturales;cuenta-fuente;cuenta bancaria-cuenta escritural;bajas;rehabilitación,YES,YES,BCUENTA y relaciones se declaran sin historia; tabla vigente no garantiza valores 2008.,USABLE_ACCOUNT_TABLE_DICTIONARY_AND_RETENTION_LIMIT,Se requieren respaldos o snapshots para recuperar estado histórico.
e0_dgsiaf_slu_treasury_basic_tables_2,Dirección General de Sistemas Informáticos de Administración Financiera,SLU · Manual de Tablas Básicas · Tesorería 2 · versión 7,https://www.argentina.gob.ar/sites/default/files/dgsiaf-mu_tablas_basicas_tbtesoreria2.doc,/research/ciclo_ajuste/inputs/historical_retrieval/v145/binaries/dgsiaf_slu_tablas_basicas_tesoreria_2.doc,3b1c45091aab96e0b7f223caba5aa5becb800ccb75d3eecb81411512187e9d3b,250880,2003-07-10 (metadato de guardado),grupos;movimientos internos/externos;aplicación automática de gasto;Libro Banco;auditoría,YES,YES,Las seis tablas centrales se describen sin historia; no contienen sus valores poblados de 2008.,USABLE_EXACT_DATABASE_TABLE_DICTIONARY,"Cierra nombres y función de tablas, no código literal ni fila objetivo."
e0_dgsiaf_slu_reconciliation_workshop_2017_historical_screens,Secretaría de Hacienda,Taller de Conciliación Bancaria SLU · Usuario · diciembre 2017,https://www.argentina.gob.ar/sites/default/files/dgsiaf-taller-de-conciliacion-bancaria-slu-usuario-dic-2017.pdf,/research/ciclo_ajuste/inputs/historical_retrieval/v145/binaries/dgsiaf_slu_taller_conciliacion_2017.pdf,7ff4c97f734a7170bfd2a3e15d9f2e12ffef4a2af217f3d1337be23459a6290c,291650,2017-12-04,SLU v9.0;ejercicio 2008;relación recurso/gasto;C55;C10;menú de tablas básicas,YES,YES,Documento compilado en 2017 que reutiliza capturas históricas; no prueba la fila objetivo.,USABLE_HISTORICAL_UI_VERSION_AND_MAPPING_CONTROL,"La fecha de pantalla prueba el entorno mostrado, no la totalidad del despliegue 2008."
e0_dgsiaf_slu_payment_schedule,Secretaría de Hacienda,SLU · Cronograma de Pagos,https://www.argentina.gob.ar/sites/default/files/dgsiaf-mu_cronograma_de_pagos.doc,/research/ciclo_ajuste/inputs/historical_retrieval/v145/binaries/dgsiaf_slu_cronograma_pagos.doc,1a7a2717b4703460e58cea94177dcf971ca1a7449826166429ce055823813a5f,1209856,2003-07-08 (metadato de guardado),programación financiera;cuenta escritural;fuente;clase de gasto;disponibilidad,YES,YES,Programación no equivale a ejecución bancaria.,USABLE_PAYMENT_PROGRAMMING_NEGATIVE_CONTROL,No elevar cronograma o cuota a pago ejecutado.
e0_dgsiaf_slu_payment_quotas,Secretaría de Hacienda,SLU · Cuotas de Pago,https://www.argentina.gob.ar/sites/default/files/dgsiaf-mu_cuotas_de_pago.doc,/research/ciclo_ajuste/inputs/historical_retrieval/v145/binaries/dgsiaf_slu_cuotas_pago.doc,3d1c95adce08e1e7324a0c5da2797d5a376dcee3d991c98ddc09a63f3edfb5e5,568832,2003-07-08 (metadato de guardado),cuota;cuenta;disponibilidad;Libro Banco;programación financiera,YES,YES,"Cuota disponible no prueba débito, pago o conciliación.",USABLE_PAYMENT_QUOTA_NEGATIVE_CONTROL,"Debe cruzarse con pago, extracto y Libro Banco."
e0_dgsiaf_slu_payment_reversal_2005,Secretaría de Hacienda,SLU · Desafectaciones de Pago,https://www.argentina.gob.ar/sites/default/files/dgsiaf-mu_desafectacion_pagos.doc,/research/ciclo_ajuste/inputs/historical_retrieval/v145/binaries/dgsiaf_slu_desafectacion_pagos.doc,42cdc6beda9acb39c01da2c96158779683d1669f52c68e4b069c546bdd2bc457,675328,2005-06-14 (metadato de guardado),desafectación;C55-DEP;C55-REP;OP C41/C42;cuenta;depósito;estado;contraasiento,YES,YES,"Describe reversión/regularización general, no una reversa target identificada.",USABLE_PAYMENT_REVERSAL_AND_STATE_CONTROL,"C55-DEP/REP potencial exige original, importe, cuenta y aceptación central concordantes."
e0_dgsiaf_slu_checks_checkbooks,Secretaría de Hacienda,SLU · Cheques y Chequeras,https://www.argentina.gob.ar/sites/default/files/dgsiaf-mu_cheques_y_chequeras.doc,/research/ciclo_ajuste/inputs/historical_retrieval/v145/binaries/dgsiaf_slu_cheques_chequeras.doc,c4bfc5b1ee59693890eff0dd02cd44998251ad010e3e46fc628716fb5f8fc255,730112,2005-04-06 (metadato de guardado),cheque;cuenta;Libro Banco;estado C/R/E/F;detalle conciliación;anulación,YES,YES,Ruta de cheque es control alternativo; no identifica pago target.,USABLE_PAYMENT_MEDIUM_STATE_CONTROL,No confundir cheque conciliado con débito automático o transferencia.
e0_dgsiaf_slu_deposit_slip,Secretaría de Hacienda,SLU · Boleta de Depósito,https://www.argentina.gob.ar/sites/default/files/dgsiaf-mu_boleta_de_deposito.doc,/research/ciclo_ajuste/inputs/historical_retrieval/v145/binaries/dgsiaf_slu_boleta_deposito.doc,01d6b32dc1ccd04d747efbc20e33b6e96d2aeb8ee9242868f1c8e381605b654c,1604096,2004-06-29 (metadato de guardado),depósito;cuenta;percepción;recursos;conciliación,YES,YES,"Rama de recurso/crédito, no débito de gasto.",USABLE_RESOURCE_BRANCH_NEGATIVE_CONTROL,Usar como control de signo y origen.
e0_dgsiaf_slu_c10_2004_v10,Secretaría de Hacienda,SLU · Formularios C10 · versión 10,https://www.argentina.gob.ar/sites/default/files/dgsiaf-mu_c10.doc,/research/ciclo_ajuste/inputs/historical_retrieval/v145/binaries/dgsiaf_slu_c10.doc,34e8d9617ee3182b96f65b001f9ec8b3fb26fa27703dbaa024aeeda6e2bb35ea,988672,2004-10,C10;recurso;conciliación;automático/manual;cuenta;boleta;SIGADE;estado;transmisión,YES,YES,C10 prueba rama de recurso; no sustituye C55 de gasto ni fila target.,USABLE_C10_RESOURCE_AND_TRANSMISSION_NEGATIVE_CONTROL,Crédito/recurso debe separarse de débito/comisión.
e0_dgsiaf_slu_assignments_garnishments,Secretaría de Hacienda,SLU · Cesiones y Embargos,https://www.argentina.gob.ar/sites/default/files/dgsiaf-mu_tes._cesiones_y_embargos.doc,/research/ciclo_ajuste/inputs/historical_retrieval/v145/binaries/dgsiaf_slu_cesiones_embargos.doc,2584a8dfbf445152229c2684847b12c05db96cb71a84652a5d289466a71360f6,472576,2003-07-08 (metadato de guardado),cesión;embargo;beneficiario;tesorería,YES,YES,"Control alternativo, no prueba comisión.",USABLE_BENEFICIARY_PAYMENT_CONTROL,Debe discriminarse de gasto bancario.
e0_dgsiaf_slu_mcc_exchange,Secretaría de Hacienda,SLU · Consulta y envío de información al MCC,https://www.argentina.gob.ar/sites/default/files/dgsiaf-mu_consulta_y_envio_de_informacion_al_mcc.doc,/research/ciclo_ajuste/inputs/historical_retrieval/v145/binaries/dgsiaf_slu_consulta_envio_mcc.doc,5b5d3ae552938c704e8288774432ccea2761a373ab95a72c57bc37d3d594853d,678400,2003-07-25 (metadato de guardado),consulta;transmisión;MCC;metadatos,YES,YES,Transmisión no equivale a pago bancario.,USABLE_TRANSMISSION_STAGE_CONTROL,Exigir aceptación e impacto separados.
e0_dgsiaf_slu_monthly_financial_limits,Secretaría de Hacienda,SLU · Límites Financieros Mensuales,https://www.argentina.gob.ar/sites/default/files/dgsiaf-mu_limites_financieros_mensuales.doc,/research/ciclo_ajuste/inputs/historical_retrieval/v145/binaries/dgsiaf_slu_limites_financieros.doc,b4ef883444f930f234934e91bc67657372e1957fb426cb3a6312e0af5db6ac10,233472,2003-07-08 (metadato de guardado),límite;programación;cuenta;clase de gasto,YES,YES,Límite financiero no es pago ejecutado.,USABLE_FINANCIAL_LIMIT_NEGATIVE_CONTROL,No elevar disponibilidad a realización.
e0_dgsiaf_slu_general_user_manual,Secretaría de Hacienda,SLU · Manual del Usuario · Generalidades,https://www.argentina.gob.ar/sites/default/files/dgsiaf-manual_del_usuario_general.doc,/research/ciclo_ajuste/inputs/historical_retrieval/v145/binaries/dgsiaf_slu_manual_usuario_general.doc,c63fb3420a6d84e5355a3561d69af28fbd3376a3180af43ef607e3da8cc9d116,2434560,2003-04-08 (metadato de guardado),arquitectura SLU;usuarios;consulta;alta;baja;modificación,YES,YES,Manual general; no publica registros target.,USABLE_SYSTEM_CONTEXT,"Contexto operativo, no evidencia transaccional."
e0_dgsiaf_slu_admin_local_manual_2007,Secretaría de Hacienda · DGSIAF,SLU · Manual del Usuario Mantenimiento · Administrador Local · abril 2007,https://www.argentina.gob.ar/sites/default/files/dgsiaf-mu_mantenimiento_slu_al.pdf,/research/ciclo_ajuste/inputs/historical_retrieval/v145/binaries/dgsiaf_slu_mantenimiento_administrador_local_2007.pdf,446eae9b85416678f6ed3c27ce1a365769be077174084c0f01c4e8cc5c243f26,2466822,2007-04,SLU;backup;migration;custody;C55;SICHE,YES,YES,norma/esquema no equivale a fila target,E0_USABLE_WITH_LIMIT,"Administración local por SAF, historia de usuarios/roles, importación y llaves C55."
e0_argentina_resolution_115_2005_financial_systems,Secretaría de Hacienda,"Resolución 115/2005 · implantación, mantenimiento y migración de sistemas financieros",https://www.argentina.gob.ar/normativa/nacional/resoluci%C3%B3n-115-2005-106401/texto,/research/ciclo_ajuste/inputs/historical_retrieval/v145/binaries/argentina_resolucion_115_2005_sistemas_administracion_financiera.html,f9e83b6c672aa2041e44211a5445a4e80422227acdfe9b032bdbe35f09e6d3b4,49858,2005-05-17,SLU;backup;migration;custody;C55;SICHE,YES,YES,norma/esquema no equivale a fila target,E0_USABLE_WITH_LIMIT,"Acta Acuerdo con backup previo, migración, control entre bases, diferencias e informes firmados."
e0_cgn_joint_disposition_4_03_backup_recovery,Contaduría General de la Nación · Unidad Informática,Disposición Conjunta CGN 4/03 · UI 1/03 · Resguardo y Recuperación,https://cdi.mecon.gob.ar/bases/docelec/lg1188.pdf,/research/ciclo_ajuste/inputs/historical_retrieval/v145/binaries/cdi_mecon_digesto_administracion_financiera_capitulo_v_h.pdf,dfe5027d3f4e50bad98cbe4b0738a12d4b07cd9b63e462364d64b01fb5a59bcb,11150608,2003-02-11,SLU;backup;migration;custody;C55;SICHE,YES,YES,norma/esquema no equivale a fila target,E0_USABLE_WITH_LIMIT,"Obligación local, responsable SAF, registros, logs, pruebas y retención perpetua de fuentes/bases."
e0_argentina_resolution_7028_2007_backup_comparator,Ministerio de Desarrollo Social,Resolución 7028/2007 · procedimientos de backup · comparador,https://www.argentina.gob.ar/normativa/nacional/resoluci%C3%B3n-7028-2007-131148/texto,/research/ciclo_ajuste/inputs/historical_retrieval/v145/binaries/argentina_resolucion_7028_2007_backup_comparator.html,a0ba1be7672c89c09f0f02df51161cc185f69918e5eef98f821d9ac6d7bbf614,238097,2007,SLU;backup;migration;custody;C55;SICHE,YES,YES,norma/esquema no equivale a fila target,E0_USABLE_WITH_LIMIT,"Comparador: transacciones horarias, full diario, redundancia y archivo anual; no prueba SAF 355."
