trace_id,request_id,institution,gap_id,requested_record,period_or_date,identifiers,minimum_usable_fields,confidentiality_fallback,status
TR133_001,REQ133_ECON,Ministerio de Economía / Tesoro,CL133_SETTLEMENT_2008,Expediente e índice de cada ronda,2008-08-27/2008-10-07,R1-R4; cuatro fechas T+3,carátula; número; índice; área,metadatos sin contenido exceptuado,DRAFT_NOT_SENT
TR133_002,REQ133_ECON,Ministerio de Economía / Tesoro,CL133_SETTLEMENT_2008,Informe Caja de títulos recibidos,2008-09-01/2008-10-06,0306/40000; cuatro ISIN,fecha; especie; nominal; estado,copia testada o agregado por especie,DRAFT_NOT_SENT
TR133_003,REQ133_ECON,Ministerio de Economía / Tesoro,CL133_SETTLEMENT_2008,Orden o constancia de pago,2008-09-02/2008-10-07,cuatro fechas T+3,fecha; importe; moneda; estado; identificador,sin cuenta ni contraparte,DRAFT_NOT_SENT
TR133_004,REQ133_ECON,Ministerio de Economía / Tesoro,CL133_SETTLEMENT_2008,Conciliación resultado-entrega-pago-deuda,2008,R1-R4,ronda; adjudicado; recibido; pagado; diferencia,agregado por ronda,DRAFT_NOT_SENT
TR133_005,REQ133_ECON,Ministerio de Economía / Tesoro,CL133_STRIP_2009,Expediente e índice del strip,2009-06-10/2009-06-18,ARARGE03G415,número; índice; área; documentos,metadatos,DRAFT_NOT_SENT
TR133_006,REQ133_ECON,Ministerio de Economía / Tesoro,CL133_STRIP_2009,Constancia de entrega y pago del strip,2009-06-17/2009-06-18,0306/40000; ARARGE03G415,fecha; nominal; efectivo; estado,agregado sin participantes,DRAFT_NOT_SENT
TR133_007,REQ133_ECON,Ministerio de Economía / Tesoro,CL133_BNA_FIRST_STAGE,Mandato y expediente BNA,2008-08-11/2008-08-22,primera etapa,acto; anexos; índice; rendición,copia testada,DRAFT_NOT_SENT
TR133_008,REQ133_ECON,Ministerio de Economía / Tesoro,CL133_SETTLEMENT_2008,Tabla de conservación o expurgo,2008-2009,expedientes de recompra,regla; acto; fecha; destino,N/A,DRAFT_NOT_SENT
TR133_009,REQ133_BCRA,BCRA / CRyL,CL133_SETTLEMENT_2008,Mensajes o asientos CRyL,2008-09-01/2008-10-07,0306/40000; cuatro ISIN,fecha; especie; nominal; estado; identificador,disociación de cuentas y terceros,DRAFT_NOT_SENT
TR133_010,REQ133_BCRA,BCRA / CRyL,CL133_SETTLEMENT_2008,Débitos créditos u órdenes de liquidación,2008-09-02/2008-10-07,cuatro fechas T+3,fecha; monto; moneda; estado,agregado por fecha sin cuenta,DRAFT_NOT_SENT
TR133_011,REQ133_BCRA,BCRA / CRyL,CL133_SETTLEMENT_2008,Operaciones fallidas reversadas o tardías,2008,R1-R4,fecha; especie; estado; motivo general,sin contraparte,DRAFT_NOT_SENT
TR133_012,REQ133_BCRA,BCRA / CRyL,CL133_STRIP_2009,Registro CRyL y pago strip,2009-06-17/2009-06-18,ARARGE03G415,fecha; nominal; efectivo; estado,agregado sin cuentas,DRAFT_NOT_SENT
TR133_013,REQ133_BCRA,BCRA / CRyL,CL133_CUSTODY_HOLDINGS,Agregados existentes de tenencias públicas,2008-2013,CRyL; especies de deuda pública,corte; especie; sector institucional; monto,mayor agregación compatible con secreto,DRAFT_NOT_SENT
TR133_014,REQ133_BCRA,BCRA / CRyL,CL133_CUSTODY_HOLDINGS,Comunicaciones con DMO AGN CNV Caja,2009-2014,pedido de tenencias/conciliaciones,fecha; remitente; destinatario; asunto; expediente,copia testada,DRAFT_NOT_SENT
TR133_015,REQ133_BCRA,BCRA / CRyL,CL133_CUSTODY_HOLDINGS,Tabla de conservación o expurgo,2008-2014,registros CRyL y pagos,regla; acto; fecha; destino,N/A,DRAFT_NOT_SENT
TR133_016,REQ133_BNA,Banco de la Nación Argentina,CL133_BNA_FIRST_STAGE,Mandato convenio o instrucción,2008-08-11,primera etapa,acto; fecha; alcance; anexos,copia testada,DRAFT_NOT_SENT
TR133_017,REQ133_BNA,Banco de la Nación Argentina,CL133_BNA_FIRST_STAGE,Blotter libro de órdenes tickets,2008-08-11/2008-08-22,BODEN; BONAR V; PRE8; GDP ARS,fecha; especie; nominal; precio; efectivo; estado,sin cuenta ni contraparte,DRAFT_NOT_SENT
TR133_018,REQ133_BNA,Banco de la Nación Argentina,CL133_BNA_FIRST_STAGE,Confirmaciones y liquidaciones,2008-08-11/2008-08-22,órdenes ejecutadas,fecha; mercado; estado; importe,agregado por especie y fecha,DRAFT_NOT_SENT
TR133_019,REQ133_BNA,Banco de la Nación Argentina,CL133_BNA_FIRST_STAGE,Órdenes canceladas parciales o fallidas,2008-08-11/2008-08-22,primera etapa,fecha; especie; estado; motivo general,sin contraparte,DRAFT_NOT_SENT
TR133_020,REQ133_BNA,Banco de la Nación Argentina,CL133_BNA_FIRST_STAGE,Rendición final al Tesoro,2008,aprox USD 380m,composición por especie; importes; conciliación,versión testada,DRAFT_NOT_SENT
TR133_021,REQ133_BNA,Banco de la Nación Argentina,CL133_BNA_FIRST_STAGE,Tabla de conservación o expurgo,2008,registros de mesa,regla; acto; fecha; destino,N/A,DRAFT_NOT_SENT
TR133_022,REQ133_AGN,Auditoría General de la Nación,CL133_AGN_REPLY,Respuesta individual y adjuntos,2018-09-11,UUID 2074c3d9-a535-497e-a97d-d74340ff49fb,contenido; adjuntos; fecha; identificadores,testar datos del solicitante,DRAFT_NOT_SENT
TR133_023,REQ133_AGN,Auditoría General de la Nación,CL133_AGN_REPLY,Expediente e índice,2018-08-14/2018-09-11,nid 18814; vid 18821,número; índice; metadatos de envío,testar identidad,DRAFT_NOT_SENT
TR133_024,REQ133_AGN,Auditoría General de la Nación,CL133_AGN_REPLY,Índice de informes identificados,2006-2011,BODEN 2006/2012/2013,número; título; actuación; fecha; URL,N/A,DRAFT_NOT_SENT
TR133_025,REQ133_AGN,Auditoría General de la Nación,CL133_AGN_REPLY,Metadatos de migración o baja,2018-2026,nodo y adjuntos,ubicación; transferencia; retención; acto,N/A,DRAFT_NOT_SENT
TR133_026,REQ133_CNV,Comisión Nacional de Valores,CL133_CUSTODY_HOLDINGS,Nota Caja y actuación AGN/CNV,2014-11-19,nota sin número citada por AGN,copia; ingreso; expediente; anexos,copia testada,DRAFT_NOT_SENT
TR133_027,REQ133_CNV,Comisión Nacional de Valores,CL133_CUSTODY_HOLDINGS,Pedido y respuesta a AGN,2014,Resolución AGN 41/2016,fecha; expediente; contenido; derivaciones,copia testada,DRAFT_NOT_SENT
TR133_028,REQ133_CNV,Comisión Nacional de Valores,CL133_CUSTODY_HOLDINGS,Requerimientos CNV a Caja y respuestas,2009-2014,tenencias sector público,corte; especie; sector; estado,agregado sin subcuentas,DRAFT_NOT_SENT
TR133_029,REQ133_CNV,Comisión Nacional de Valores,CL133_SETTLEMENT_2008,Reportes de liquidación Caja existentes,2008,0306/40000; cuatro T+3,fecha; especie; nominal; estado,agregado/testado,DRAFT_NOT_SENT
TR133_030,REQ133_CNV,Comisión Nacional de Valores,CL133_STRIP_2009,Reporte de liquidación strip existente,2009-06-17/2009-06-18,ARARGE03G415,fecha; nominal; efectivo; estado,agregado/testado,DRAFT_NOT_SENT
TR133_031,REQ133_CAJA,Caja de Valores S.A.,CL133_CAJA_ROUTE,Constancias de recepción 0306/40000,2008-2009,cinco eventos,fecha; especie; nominal; estado,certificación agregada,DRAFT_NOT_SENT
TR133_032,REQ133_CAJA,Caja de Valores S.A.,CL133_CAJA_ROUTE,Transferencias rechazadas parciales o tardías,2008-2009,0306/40000,fecha; especie; estado,agregado sin depositante,DRAFT_NOT_SENT
TR133_033,REQ133_CAJA,Caja de Valores S.A.,CL133_CAJA_ROUTE,Identificadores de informes a organismos,2008-2014,Tesoro; BCRA; MAE; CNV; AGN,fecha; destinatario; número; área,metadatos,DRAFT_NOT_SENT
TR133_034,REQ133_CAJA,Caja de Valores S.A.,CL133_CAJA_ROUTE,Retención destino o ruta competente,2008-2014,registros históricos,regla; destino; área; requisitos,N/A,DRAFT_NOT_SENT
TR133_035,REQ133_ECON,Ministerio de Economía / Tesoro,CL133_SETTLEMENT_2008,Identificadores heredados y traza de migración,2008-2009,COMDOC; papel; GDE/GEDO/RUDO,número original; área; origen; destino; repositorio,metadatos sin contenido exceptuado,DRAFT_NOT_SENT
TR133_036,REQ133_ECON,Ministerio de Economía / Tesoro,CL133_STRIP_2009,Inventario y acto concreto de disposición,2009-2026,serie expedientes de recompra,serie; regla; remito; acto; fecha; alcance,N/A,DRAFT_NOT_SENT
TR133_037,REQ133_BCRA,BCRA / CRyL,CL133_SETTLEMENT_2008,Sistemas operativos y referencias de migración,2008-2009,CRyL; mensajería; liquidación,sistema; transacción; expediente; origen; destino,metadatos disociados,DRAFT_NOT_SENT
TR133_038,REQ133_BCRA,BCRA / CRyL,CL133_CUSTODY_HOLDINGS,Custodia archivística y disposición concreta,2008-2026,registros CRyL,área; serie; regla; inventario; acto; fecha,N/A,DRAFT_NOT_SENT
TR133_039,REQ133_BNA,Banco de la Nación Argentina,CL133_BNA_FIRST_STAGE,Reproducciones autenticadas y registro de soporte,2008-2026,blotter; órdenes; tickets,soporte; acta apertura/cierre; asiento; copia,sin cuentas ni contrapartes,DRAFT_NOT_SENT
TR133_040,REQ133_BNA,Banco de la Nación Argentina,CL133_BNA_FIRST_STAGE,Sistema heredado migración y disposición,2008-2026,registros anteriores a GDE,sistema; área; origen; destino; acto; fecha,N/A,DRAFT_NOT_SENT
TR133_041,REQ133_AGN,Auditoría General de la Nación,CL133_AGN_REPLY,Búsqueda multirrepositorio de respuesta y adjuntos,2018-2026,UUID; nid 18814; vid 18821,base; clave; adjunto; correo; backup; migración,testar identidad,DRAFT_NOT_SENT
TR133_042,REQ133_AGN,Auditoría General de la Nación,CL133_AGN_REPLY,Regla de serie y acto concreto de disposición,2018-2026,respuesta individual AIP,serie; regla; acto; fecha; alcance,N/A,DRAFT_NOT_SENT
TR133_043,REQ133_CNV,Comisión Nacional de Valores,CL133_CUSTODY_HOLDINGS,Identificador original y referencia de migración,2014-2026,nota Caja 19/11/2014; actuación AGN,sistema; número; índice; origen; destino,metadatos/testado,DRAFT_NOT_SENT
TR133_044,REQ133_CNV,Comisión Nacional de Valores,CL133_CUSTODY_HOLDINGS,Regla histórica y disposición concreta,2008-2026,series de supervisión y custodia,serie; regla histórica; inventario; acto; fecha,N/A,DRAFT_NOT_SENT
TR133_045,REQ133_CAJA,Caja de Valores S.A.,CL133_CAJA_ROUTE,Sistema soporte migración o reproducción,2008-2026,0306/40000; cinco eventos,sistema; libro; soporte; área; origen; destino,certificación agregada,DRAFT_NOT_SENT
TR133_046,REQ133_CAJA,Caja de Valores S.A.,CL133_CAJA_ROUTE,Regla histórica y disposición concreta,2008-2026,registros de depósito colectivo,serie; regla; inventario; acto; fecha; destino,N/A,DRAFT_NOT_SENT
TR133_047,REQ133_ECON,Ministerio de Economía / Tesoro,CL133_SETTLEMENT_2008,Asientos COMDOC III o sistema heredado equivalente,2008-2009,fechas; cuenta; ISIN,número; fecha; asunto; área; cruce,metadatos sin contenido exceptuado,DRAFT_NOT_SENT
TR133_048,REQ133_ECON,Ministerio de Economía / Tesoro,CL133_SETTLEMENT_2008,Código y asiento SIGADE,2008-2009,cuatro rondas; strip,código; fecha; especie; nominal; importe; estado,agregado por evento,DRAFT_NOT_SENT
TR133_049,REQ133_ECON,Ministerio de Economía / Tesoro,CL133_SETTLEMENT_2008,Archivo TSA y constancia Caja,2008-09/2008-10,TSA; VPN; 0306/40000,lote; emisor; receptor; fecha; aceptación/rechazo,sin datos nominativos,DRAFT_NOT_SENT
TR133_050,REQ133_ECON,Ministerio de Economía / Tesoro,CL133_STRIP_2009,Archivo TSA o sistema equivalente del strip,2009-06-17/2009-06-18,ARARGE03G415; 0306/40000,lote; fecha; nominal; aceptación; referencia,agregado por especie,DRAFT_NOT_SENT
TR133_051,REQ133_BCRA,BCRA / CRyL,CL133_SETTLEMENT_2008,Archivos CG1 y CG2,2008-09/2008-10,prematching; rechazadas; cuatro ISIN,cuentas; especie; modalidad; nominal; importe; fechas,disociar terceros,DRAFT_NOT_SENT
TR133_052,REQ133_BCRA,BCRA / CRyL,CL133_SETTLEMENT_2008,Archivo CG3 de operaciones liquidadas,2008-09/2008-10,CG3; cuatro T+3,cuentas; especie; nominal; importe; mercado; fechas,agregado por evento,DRAFT_NOT_SENT
TR133_053,REQ133_BCRA,BCRA / CRyL,CL133_SETTLEMENT_2008,Archivo CG4 de operaciones para liquidar,2008-09/2008-10,CG4; cuatro T+3,cuentas; especie; nominal; importe; fecha,sin contraparte,DRAFT_NOT_SENT
TR133_054,REQ133_BCRA,BCRA / CRyL,CL133_STRIP_2009,CG1-CG7 del strip,2009-06-17/2009-06-18,ARARGE03G415; 0306/40000,código archivo; cuenta; especie; nominal; importe; estado,agregado/testado,DRAFT_NOT_SENT
TR133_055,REQ133_BCRA,BCRA / CRyL,CL133_SETTLEMENT_2008,Formularios 4359 4359B o 4359C,2008-2009,DVP; FTC; FT,instrucción; operación; cuentas; fechas; nominal; importe,testar firmas y terceros,DRAFT_NOT_SENT
TR133_056,REQ133_BCRA,BCRA / CRyL,CL133_CUSTODY_HOLDINGS,Extractos CG7 o informes diarios/mensuales,2008-2013,cuenta; especie,fecha; fórmula; origen/destino; débitos; créditos; saldo,mayor agregación compatible,DRAFT_NOT_SENT
TR133_057,REQ133_BNA,Banco de la Nación Argentina,CL133_BNA_FIRST_STAGE,Constancia de derivación y búsqueda por mesa/sistema,2008-2026,primera etapa; 11-22/08/2008,área consultada; sistema; claves; resultado,sin datos de clientes,DRAFT_NOT_SENT
TR133_058,REQ133_AGN,Auditoría General de la Nación,CL133_AGN_REPLY,Registro de derivación interna y búsqueda técnica,2018-2026,UUID; nid; vid,área; repositorio; claves; fechas; resultado,testar identidad,DRAFT_NOT_SENT
TR133_059,REQ133_CNV,Comisión Nacional de Valores,CL133_CUSTODY_HOLDINGS,Registro de derivación a área supervisora/archivo,2014-2026,nota Caja 19/11/2014,área; sistema; expediente; búsqueda; resultado,metadatos/testado,DRAFT_NOT_SENT
TR133_060,REQ133_CAJA,Caja de Valores S.A.,CL133_CAJA_ROUTE,Acuse TSA o copia certificada 4359B,2008-2009,TSA; FTC; 0306/40000,lote o formulario; fecha; especie; nominal; aceptación/rechazo,certificación agregada,DRAFT_NOT_SENT
TR133_061,REQ133_BCRA,BCRA / CRyL,CL133_SETTLEMENT_2008,Archivo de entrada CGA,2008-09-01/2008-10-07,CGAEEEEE.NN; cuatro ISIN,lote; registro; fechas; cuentas; especie; VNR,testar terceros,DRAFT_NOT_SENT
TR133_062,REQ133_BCRA,BCRA / CRyL,CL133_SETTLEMENT_2008,Archivo de respuesta CGA,2008-09-01/2008-10-07,CGAEEEEE.INN; cuatro ISIN,fecha/hora; lote; registro; referencia; observación,testar terceros,DRAFT_NOT_SENT
TR133_063,REQ133_BCRA,BCRA / CRyL,CL133_SETTLEMENT_2008,Resultado de segunda etapa CGA,2008-09-01/2008-10-07,X-400; saldo; amortización; rechazo,lote; operación; resultado; causa; sello temporal,agregado por estado,DRAFT_NOT_SENT
TR133_064,REQ133_BCRA,BCRA / CRyL,CL133_STRIP_2009,CGA/CG3 o fórmula en papel del strip,2009-06-17/2009-06-18,ARARGE03G415; 0306/40000,modalidad; lote/fórmula; operación; estado,testar terceros,DRAFT_NOT_SENT
TR133_065,REQ133_ECON,Ministerio de Economía / Tesoro,CL133_SETTLEMENT_2008,Equivalencia de modalidad diferida con registro técnico,2008-2009,modalidad diferida; Caja; BCRA; CGA,sistema; modalidad; instrucción; lote/fórmula; expediente,metadatos o agregado,DRAFT_NOT_SENT
TR133_066,REQ133_CAJA,Caja de Valores S.A.,CL133_CAJA_ROUTE,Archivo o acuse CGA del lado Caja,2008-2009,CGA; 1001/04; 0306/40000,lote; fecha/hora; especie; VNR; estado,certificación agregada,DRAFT_NOT_SENT
TR133_067,REQ133_CAJA,Caja de Valores S.A.,CL133_CAJA_ROUTE,Confirmación T+3 remitida a Secretaría de Finanzas,2008-2009,modalidad diferida; cuatro rondas; strip,fecha; especie; VNR recibido; estado; identificador,sin datos de participantes,DRAFT_NOT_SENT
TR133_068,REQ133_ECON,Ministerio de Economía / Tesoro,CL133_SECURITY_CODE,Tabla o registro interno que corrobore los cinco códigos públicos,2008-2009,cinco ISIN; 5426; 5427; 45698; 45701; 5326,ISIN; código; denominación; vigencia; sistema,certificación por especie,DRAFT_NOT_SENT
TR133_069,REQ133_CAJA,Caja de Valores S.A.,CL133_SECURITY_CODE,Tabla histórica ISIN-Código Caja y vigencia de las cinco especies,2008-2009,cinco ISIN; 5426; 5427; 45698; 45701; 5326,ISIN; Código Caja; subespecie; alta/baja; vigencia,confirmación institucional sin tenedores,DRAFT_NOT_SENT
TR133_070,REQ133_CAJA,Caja de Valores S.A.,CL133_DEFERRED_MODALITY,Revisión efectiva en 2008 del formulario o procedimiento de entrega/recepción diferida,2008-2009,SLIQ/SCG; edición marzo 2000; F-33914.01; F-33915.01; modalidad diferida,código documental; revisión; vigencia; campos; matching; reemplazo,"registro maestro, control de cambios o tabla de equivalencias",DRAFT_NOT_SENT
TR133_071,REQ133_CAJA,Caja de Valores S.A.,CL133_CAJA_ROUTE,Instrucciones diferidas emparejadas y estado de ejecución,fechas T+2 2008-2009,0306/40000; cinco ISIN; códigos 5426/5427/45698/45701/5326,fecha ejecución; límite matching; emisor/receptor; código; cantidad; estado,agregado por fecha/especie/estado,DRAFT_NOT_SENT
TR133_072,REQ133_BCRA,BCRA / CRyL,CL133_SECURITY_CODE,"Diccionario histórico entre ISIN, código de custodia/Caja y código CRyL",2008-2009,cinco ISIN; 5426; 5427; 45698; 45701; 5326,identificador; tipo; especie; vigencia; sistema,tabla testada sin cuentas,DRAFT_NOT_SENT
TR133_073,REQ133_BCRA,BCRA / CRyL,CL133_DEFERRED_MODALITY,"Equivalencia histórica entre modalidad diferida, TSA/CGA y fórmula CRyL",2008-2009,diferida; TSA; CGA; FT; FTC; DVP,canal; modalidad; formulario/archivo; estado; vigencia,manual o diccionario de códigos,DRAFT_NOT_SENT
TR133_074,REQ133_CAJA,Caja de Valores S.A.,CL133_DEFERRED_MODALITY,Registro maestro y control de cambios del manual Sistema de Transferencias Electrónicas SLIQ/SCG,"2000-2009, con corte en cada fecha T/T+2/T+3 de 2008",edición marzo 2000; SCG; SLIQ; MU-32002 como esquema paralelo,código documental; revisión; fecha de aprobación; vigencia desde/hasta; cambio; reemplazo,certificación de la revisión efectiva por fecha sin contenido reservado,DRAFT_NOT_SENT
TR133_075,REQ133_ECON,Ministerio de Economía / Secretaría de Finanzas,CL133_CAJA_ROUTE,Informes T+3 de Caja prometidos por las comunicaciones preservadas,02/09/2008; 09/09/2008; 16/09/2008; 18/06/2009,Comunicados 4857; 4861; 4873; 5152,ronda; oferta; especie; cantidad; transferencias efectuadas; transferencias pendientes; fecha; constancia de transmisión/recepción,certificación agregada por ronda y especie,DRAFT_NOT_SENT
TR133_076,REQ133_CAJA,Caja de Valores S.A.,CL133_CAJA_ROUTE,Detalle ONCP por oferta adjudicada e instrucciones de recepción ingresadas por Caja,28/08/2008-18/06/2009,Comunicados 4857; 4861; 4873; 5152; Cuenta 306/40000; Subcuenta emisora 3,oferta; emisor; receptor; especie/código; cantidad; modalidad; matching; estado; fecha y hora,extracto testado o certificación por ronda/especie/estado,DRAFT_NOT_SENT
TR133_077,REQ133_CAJA,Caja de Valores S.A.,CL133_DEFERRED_MODALITY,Comunicación e instrucciones equivalentes para la licitación del 02/10/2008,recepción esperada 03/10/2008-06/10/2008; informe 07/10/2008,licitación 02/10/2008; Cuenta 306/40000; Subcuenta 3; modalidad diferida,número/fecha de comunicación; ventana; cuenta; modalidad; matching; fecha y contenido de informe,certificación de inexistencia o búsqueda documentada en archivo/correspondencia,DRAFT_NOT_SENT
TR133_078,REQ133_ECON,Ministerio de Economía / Secretaría de Finanzas,CL133_DEBT_ACCOUNTING,Detalle y conciliación de las filas de recompras de A.5.1/A.5.4 de Deuda Pública 2008,2008Q3-2008Q4; referencia 2006,Discount en Pesos; ARARGE03E121; VNO 2748.50m; efectivo 1415.50m; baja 4723.53619m ARS,fecha; operación; especie/ISIN; VNO; precio/efectivo; asiento; expediente; estado; vínculo Caja/BCRA,,DRAFT_NOT_SENT
TR133_079,REQ133_CAJA,Caja de Valores S.A.,CL133_DEBT_ACCOUNTING,Movimientos o bajas agregadas del Discount en Pesos vinculables a la recompra por exceso de crecimiento referencia 2006,30/09/2008-31/12/2008,ARARGE03E121; VNO ARS 2748.50m; baja contable ARS 4723.53619m,fecha; especie/código; nominal; cuenta origen/destino testada; estado; asiento o evento,"certificación agregada por especie, fecha y estado",DRAFT_NOT_SENT
TR133_080,REQ133_BCRA,Banco Central / CRyL,CL133_DEBT_ACCOUNTING,"Orden, débito o conciliación del valor efectivo de la recompra Discount en Pesos referencia 2006",2008Q4 o fecha de registración efectiva,ARARGE03E121; efectivo ARS 1415.50m; VNO ARS 2748.50m,fecha; monto; moneda; ordenante; sistema; estado; referencia contable/expediente,"certificación de existencia, fecha, monto agregado y estado sin datos de terceros",DRAFT_NOT_SENT
TR133_081,REQ133_ECON,Ministerio de Economía / Secretaría de Finanzas,CL133_DEBT_ACCOUNTING,Papeles de trabajo que vinculan el tramo de exceso de crecimiento referencia 2006 con la baja Q4 del Discount en Pesos,referencia 2006; reconocimiento 2008Q4,ARARGE03E121; 2748.50m VNO; 1415.50m efectivo; 4723.53619m actualizado,criterio de valuación; fecha; operación; VNO; efectivo; asiento; expediente; conciliación,papel de trabajo agregado por especie con metadatos,DRAFT_NOT_SENT
TR133_082,REQ133_ECON,Ministerio de Economía / ONCP / Dirección de Administración de la Deuda,CL133_DEBT_ACCOUNTING,Ledger o papel de trabajo de recompra y baja por especie para la referencia 2006,cálculo 2007-11-01; ejecución 2008,ARARGE03E147 VNO ARS43824.10m efectivo ARS1858.10m;ARARGE03E154 VNO USD260.90m efectivo ARS28.00m;ARARGE03E121 VNO ARS2748.50m efectivo ARS1415.50m,fecha; modalidad; especie; VNO; precio/efectivo; expediente; orden; asiento de baja/cancelación; estado,certificación agregada por especie y fecha con datos de terceros testados,DRAFT_NOT_SENT
TR133_083,REQ133_BCRA,BCRA / CRyL,CL133_DEBT_ACCOUNTING,Asientos de movimiento y cancelación de las tres especies del tramo referencia 2006,2008-01-01/2008-12-31,ARARGE03E147;ARARGE03E154;ARARGE03E121; cantidades VNO exactas,fecha; ISIN/especie; nominal; cuenta o participante testado; tipo de movimiento; estado; referencia de asiento/orden,"certificación agregada por fecha, ISIN, nominal y estado",DRAFT_NOT_SENT
TR133_084,REQ133_CAJA,Caja de Valores S.A. / enlace CRyL,CL133_DEBT_ACCOUNTING,Movimientos por la cuenta de Caja en CRyL o puente documental hacia el registro final,2008-01-01/2008-12-31,códigos 45698 y 45701; ARARGE03E147;ARARGE03E154;ARARGE03E121,fecha; código/ISIN; nominal; origen/destino testado; tipo de evento; estado; referencia correlativa CRyL,"certificación de existencia o inexistencia por especie, fecha y nominal",DRAFT_NOT_SENT
TR133_085,REQ133_ECON,Ministerio de Economía / ONCP,CL133_DEBT_ACCOUNTING,Documento que vincule cálculo de Excess GDP referencia 2006 con modalidad y compras ejecutadas en 2008,2007-11-01/2008-12-31,cinco por ciento de Excess GDP; referencia 2006; total efectivo ARS3301.60m; expediente o actuación,cálculo; fecha; norma; modalidad; instrumentos; adjudicación/compra; cancelación; expediente,índice y metadatos de expediente más cuadro agregado por especie,DRAFT_NOT_SENT
TR133_086,REQ133_ECON,Ministerio de Economía / ONCP,CL133_DEBT_ACCOUNTING,Asignación operación por operación entre compras directas y licitaciones del tramo referencia 2006,2008-01-01/2008-12-31,ARARGE03E147;ARARGE03E154;ARARGE03E121;MA129,fecha; modalidad; ISIN; VNO; precio; efectivo; expediente; orden,cuadro agregado por fecha/modalidad/ISIN con vendedores testados,DRAFT_NOT_SENT
TR133_087,REQ133_BNA,Banco de la Nación Argentina,CL133_BNA_TRADE_BLOTTER,Blotter de intervenciones directas elegibles imputadas al Excess GDP,2008-08-11/2008-12-31,ARARGE03E147;ARS1769.09431490m residual central;VNO ARS42778.75795m residual central,fecha; especie; nominal; precio; efectivo; contraparte testada; orden Tesoro,totales diarios por especie con banda de redondeo,DRAFT_NOT_SENT
TR133_088,REQ133_CAJA,Caja de Valores S.A.,CL133_DEBT_ACCOUNTING,Transferencias de las seis adjudicaciones GDP y enlace a cancelación,2008-09-01/2008-10-07,six tender IDs;depositante 0306;comitente 40000;two ISIN,fecha; ISIN; nominal; cuenta testada; estado; referencia CRyL,certificación agregada por fecha/ISIN/nominal,DRAFT_NOT_SENT
TR133_089,REQ133_ECON,Ministerio de Economía / ONCP / DADP,CL133_DEBT_ACCOUNTING,Listado de preadjudicación por participante de las diez filas GDP y documentación conservada en el expediente,2008-08-28/2008-10-07,S01:0342455/2008;ten award IDs;four participants;two ISIN,fecha;participante;ISIN;VNO;precio;efectivo;orden;expediente;estado,cuadro por participante/fecha/ISIN con terceros subyacentes testados,DRAFT_NOT_SENT
TR133_090,REQ133_CAJA,Caja de Valores S.A.,CL133_DEBT_ACCOUNTING,Transferencias T+2 e informe T+3 de las diez filas GDP por participante,2008-09-02;2008-09-09;2008-09-16;2008-10-07,Citibank;HSBC Bank;Standard Bank;MERVAL;ARARGE03E147;ARARGE03E154;0306/40000,fecha;depositante origen testado;participante;ISIN;nominal;estado;lote;informe T+3,certificación agregada por fecha/participante/ISIN/nominal,DRAFT_NOT_SENT
TR133_091,REQ133_BCRA,BCRA / Cuentas Corrientes / CRyL,CL133_DEBT_ACCOUNTING,"Débitos y créditos asociados a la recompra, usando cuentas contemporáneas candidatas",2008-09-02/2008-10-07,016;150;015;80016;80150;80015;MERVAL routing open;two ISIN,fecha;orden;cuenta debitada;cuenta acreditada testada;moneda;importe;estado;referencia CRyL,"certificación de existencia/inexistencia por fecha, cuenta, moneda e importe",DRAFT_NOT_SENT
TR133_092,REQ133_CNV,CNV / Caja / mercados,CL133_CUSTODIAN_HOLDINGS,Identificación del agente y cuenta de liquidación detrás de la etiqueta MERVAL en el resultado del 02/10/2008,2008-10-02/2008-10-07,MERVAL;ARARGE03E147;VNO5000000;effectiveARS415000,agente;cuenta depositante;cuenta BCRA o entidad pagadora;orden;fecha;estado,certificación del tipo de participante y entidad de cobro con datos personales testados,DRAFT_NOT_SENT
TR133_093,REQ133_AGN,Auditoría General de la Nación,CL133_AGN_REPLY,"Equivalencia documental, expediente, informe final y papeles de trabajo del proyecto 48 0237/09",2009,48 0237/09;Resolución 202/2009;Actuación 41/2009;Nota 203/09 GCDP,código proyecto;actuación;resolución;índice;fuentes;papeles de trabajo;respuesta auditado,índice y cuadros agregados con terceros testados,DRAFT_NOT_SENT
TR133_094,REQ133_ECON,Ministerio de Economía / ONCP / DADP,CL133_DEBT_ACCOUNTING,"Índice y cuerpo del expediente productor, incluido listado ONCP de preadjudicación",2008-08-27/2008-10-07,S01:0342455/2008;ten awards;ARARGE03E147;ARARGE03E154,foja;fecha;tipo;participante;ISIN;VNO;precio;efectivo;estado,índice completo y cuadro por participante con titulares testados,DRAFT_NOT_SENT
TR133_095,REQ133_ECON,Ministerio de Economía / DADP / CGN,CL133_DEBT_ACCOUNTING,Submayor y comprobantes de servicios/comisiones por claves SIGADE/SIDIF 2008,2008,83006000;83008000;83095000;83020000;83106000;71597-152677-2876,fecha;proveedor;concepto;expediente;SIDIF;SIGADE;importe;orden;programa,totales mensuales por clave y vínculo de expediente,DRAFT_NOT_SENT
TR133_096,REQ133_BNA,Banco de la Nación Argentina,CL133_BNA_TRADE_BLOTTER,"Mandato, resolución de Directorio, instrucciones del Tesoro y blotter de la primera etapa 2008",2008-08-11/2008-08-22,annual report negative-scope;ARARGE03E147;ARARGE03E154;programa ARS1374m,fecha;orden;especie;nominal;precio;efectivo;contraparte testada;liquidación,totales diarios por especie y copia testada del mandato,DRAFT_NOT_SENT
TR133_097,REQ133_AGN,Auditoría General de la Nación,CL133_AGN_REPLY,Tabla de equivalencia entre proyecto 48 0237/09 y Actuación 41/2009 / Resolución 202/2009,2009,48 0237/09;Act.41/2009;Res.202/2009;UUID b52e2e9c-90b5-4af1-bf5d-0bab8596606e,código proyecto;actuación;resolución;fecha;expediente;unidad,certificación de equivalencia sin papeles sustantivos,DRAFT_NOT_SENT
TR133_098,REQ133_AGN,Auditoría General de la Nación,CL133_AGN_REPLY,Informe y anexo del tercer trimestre de 2009,2009Q3,Res.211/2009;Act.426/09-AGN;UUID 7c01261c-10a0-40f6-94f6-ae7a02be8b63,proyecto;avance;estado;fecha;observación,filas 48 0237/09 y proyectos conexos,DRAFT_NOT_SENT
TR133_099,REQ133_AGN,Auditoría General de la Nación,CL133_AGN_REPLY,Informe y anexo del cuarto trimestre de 2009,2009Q4,Res.44/2010;Act.466/09-AGN;UUID 616f80c7-65f2-4b5c-a4e9-b8bf4954600e,proyecto;avance;estado;fecha;observación,filas 48 0237/09 y proyectos conexos,DRAFT_NOT_SENT
TR133_100,REQ133_ECON,Ministerio de Economía / ONCP / DADP,CL133_DEBT_ACCOUNTING,"Documentos del subproceso de recompra, respaldo SIGADE y base comparada",2008,S01:0342455/2008;I.f.2;I.b.4;SIGADE;SIDIF;COMDOC;TITULOS;CONTABLE,archivo;fecha;usuario/rol;ISIN;nominal;precio;efectivo;orden;estado;comprobante,"índice, log y cuadro agregado por fecha/ISIN con terceros testados",DRAFT_NOT_SENT
TR133_101,REQ133_ECON,Ministerio de Economía / DADP / CGN,CL133_DEBT_ACCOUNTING,Desagregación SIDIF/C-41 de las cinco claves SIGADE 2008,2008,83006000;83008000;83095000;83020000;83106000,SIGADE;SIDIF/C41;fecha;proveedor;concepto;importe;expediente;orden,lista de comprobantes y totales mensuales por clave,DRAFT_NOT_SENT
TR133_102,REQ133_AGN,AGN / Senado / Bicameral Revisora de Cuentas,CL133_AGN_REPLY,"Texto original, informe y anexo magnético remitidos como OV 366/09",2009Q3-2012-05-28,Res.211/2009;Act.426/09-AGN;OV366/09,copia;índice;soporte;fecha de recepción;ubicación archivística,fila del proyecto 48 0237/09 y metadatos de transferencia,DRAFT_NOT_SENT
TR133_103,REQ133_AGN,AGN / Senado / Bicameral Revisora de Cuentas,CL133_AGN_REPLY,"Texto original, informe y anexo magnético remitidos como OV 44/10",2009Q4-2012-05-28,Res.44/2010;Act.466/09-AGN;OV44/10,copia;índice;soporte;fecha de recepción;ubicación archivística,fila del proyecto 48 0237/09 y metadatos de transferencia,DRAFT_NOT_SENT
TR133_104,REQ133_ECON,Ministerio de Economía / ONCP / DADP / Archivo,CL133_DEBT_ACCOUNTING,"Índice COMDOC, cuerpo y referencias de migración del expediente 2008",2008-actualidad,S01:0342455/2008;COMDOC;finddoc2;GDE/GEDO/RUDO,número;carátula;índice;fojas;productor;transferencias;identificador origen/destino,índice y cuadro de documentos con terceros testados,DRAFT_NOT_SENT
TR134_105,REQ134_ECON,Ministerio de Economía / administradores COMDOC,CL134_DEBT_ACCOUNTING,Exportación de hoja de ruta FindDoc/COMDOC del expediente target,2008-actualidad,S01:0342455/2008;VerExpediente,origen;destino;fecha envío;fecha recepción;ubicación;estado,metadatos de pases sin cuerpo,DRAFT_NOT_SENT
TR134_106,REQ134_ECON,Ministerio de Economía / CGN / TGN,CL134_DEBT_ACCOUNTING,"Cuerpo y estado de los tres registros SIDIF 2008, cualquiera sea su tipo",2008,SIDIF 71597;152677;2876;SIGADE 83106000,tipo;SAF;beneficiario;concepto;importe;moneda;emisión;vencimiento;estado,cuadro certificado por número SIDIF,DRAFT_NOT_SENT
TR134_107,REQ134_ECON,Ministerio de Economía / TGN / BNA,CL134_DEBT_ACCOUNTING,"Pago, débito, rechazo, reversa o C-55 asociados a cada C-41",2008-2009,71597;152677;2876;C-41;C-55,fecha;importe;moneda;cuenta;estado;documento original;vínculo C-41,estado final y total por orden,DRAFT_NOT_SENT
TR134_108,REQ134_ECON,Dirección de Información Ciudadana / Mesa de Entradas,CL134_DEBT_ACCOUNTING,Consulta administrativa sustitutiva por caída del endpoint,2026-08-30,ciudadano@mecon.gov.ar;0810-333-6326;Balcarce186 oficina140,acuse;número de gestión;resultado;derivación,derivación al custodio competente,DRAFT_NOT_SENT
TR134_109,REQ134_AGN,Senado / Bicameral Revisora,CL134_AGN_REPLY,Nota de archivo del 18/05/2012 e inventario/remito asociado,2012-05-18/2012-05-28,OV366/09;OV44/10;nota18/05/2012,emisor;destinatario;listado;fecha;depósito;signatura,renglones exactos de ambos OV,DRAFT_NOT_SENT
TR134_110,REQ134_AGN,Senado / Bicameral Revisora,CL134_AGN_REPLY,Resultado de búsqueda en fondo histórico no expuesto por la UI pública,2009-2012,Res211/2009;Res44/2010;Act426/09;Act466/09,serie;caja;legajo;soporte;estado de conservación,certificación de búsqueda y ruta de transferencia,DRAFT_NOT_SENT
TR135_111,REQ134_ECON,Ministerio de Economía / TGN / CGN,CL134_DEBT_ACCOUNTING,Extracto SDPGB por beneficiario o sucesor 2008,2008,OB SIDIF 71597;152677;2876;SDPGBXXX.CON,SAF;beneficiario;importe;estado P/R/A;fecha;banco;sucursal;tipo y número de cuenta;motivo;medio,cuadro certificado de esos campos por cada OB,DRAFT_NOT_SENT
TR135_112,REQ134_ECON,Ministerio de Economía / TGN / CGN,CL134_DEBT_ACCOUNTING,Extracto SDPAG por ítem o sucesor 2008,2008,OB SIDIF 71597;152677;2876;SDPAG,SAF;ítem;importe;estado;fecha;anulación/rechazo,estado final y total por OB,DRAFT_NOT_SENT
TR135_113,REQ134_ECON,Ministerio de Economía / TGN / BCRA,CL134_DEBT_ACCOUNTING,Archivo o registro de instrucciones de pago TGN→BCRA,2008,71597;152677;2876;archivo instrucciones de pago,identificador;fecha/hora;orden;importe;moneda;destino;acuse;resultado,certificación de existencia/ausencia y estado por orden,DRAFT_NOT_SENT
TR135_114,REQ134_ECON,Ministerio de Economía / TGN / BCRA,CL134_DEBT_ACCOUNTING,Archivos o registros de movimientos y saldos bancarios asociados,2008-2009,71597;152677;2876;cuenta BNA/BCRA;movimiento;saldo,cuenta;fecha valor;débito/crédito;importe;moneda;referencia;saldo,movimiento certificado anonimizado salvo referencia de orden,DRAFT_NOT_SENT
TR135_115,REQ134_ECON,Ministerio de Economía / SAF 355/356 / TGN / BNA,CL134_DEBT_ACCOUNTING,"Paquete de pago exterior, únicamente si alguna C-41 fue clasificada así",2008,71597;152677;2876;Disposición Conjunta 47/2008-10/2008,beneficiario exterior;banco;cuenta;tipo operación;SIDIF;moneda;cotización;divisas;boleto de cambio,confirmación de no aplicabilidad por cada OB,DRAFT_NOT_SENT
TR135_116,REQ134_ECON,Ministerio de Economía / archivo COMDOC,CL134_DEBT_ACCOUNTING,Remitos e integridad material del expediente target,2008-actualidad,S01:0342455/2008,remitos;firmas;fechas;cuerpos;anexos;último folio;área depositaria,certificación de custodia y último pase,DRAFT_NOT_SENT
TR135_117,REQ134_ECON,Ministerio de Economía / archivo COMDOC,CL134_DEBT_ACCOUNTING,Actuaciones de búsqueda y reconstrucción si se alega pérdida,2008-actualidad,S01:0342455/2008;circular COMDOC;reconstrucción,áreas consultadas;fechas;resultados;copias certificadas;informe;acto de reconstrucción,certificación motivada del procedimiento realizado,DRAFT_NOT_SENT
TR135_118,REQ134_AGN,Senado / Bicameral Revisora / archivo parlamentario,CL134_AGN_REPLY,"Remitos, integridad y depósito de OV 366/09 y OV 44/10",2009-2012,0366-OV-2009;0044-OV-2010;nota 18/05/2012,remito;emisor;receptor;fecha;cuerpos;anexos;último folio;caja;signatura,renglones certificados de inventario y ruta de transferencia,DRAFT_NOT_SENT
TR136_119,REQ134_ECON,CGN / AGAN,CL134_DEBT_ACCOUNTING,Búsqueda y copia de los tres cuerpos documentales SIDIF en el fondo financiero,2008-2009,SIDIF71597;SIDIF152677;SIDIF2876;SAF355;SAF356;SIGADE83106000,signatura;caja;cuerpo;folios;tipo;SAF;beneficiario;concepto;importe;estado;firmas,ficha de índice y cuadro certificado por OB,DRAFT_NOT_SENT
TR136_120,REQ134_ECON,CGN / AGAN / AMIDDF,CL134_DEBT_ACCOUNTING,Índice relacional e imágenes de todos los cuerpos y anexos asociados,2008-2009,71597;152677;2876;83106000;COMISIONES-BANCO NACION;ARS32270.30,identificador imagen;tipo documental;fecha;SAF;OB;expediente;cuerpo;folio;vínculo,metadatos de índice y certificación de existencia,DRAFT_NOT_SENT
TR136_121,REQ134_ECON,CGN / TGN / AGAN,CL134_DEBT_ACCOUNTING,Lista diaria impresa y firmada de órdenes seleccionadas para cancelar,2008; o equivalente contemporáneo,71597;152677;2876;CUT;PAGADOR TGN,fecha;SAF;orden;beneficiario;importe;total;firmas;hora selección,renglón certificado de cada orden y norma aplicada,DRAFT_NOT_SENT
TR136_122,REQ134_ECON,CGN / TGN / AGAN,CL134_DEBT_ACCOUNTING,Autorización de pago y lista diaria si la clase de organismo lo hacía aplicable,2008; control sucesor 2009,71597;152677;2876;autorización;lista diaria,ejercicio;SAF;fecha;número;beneficiario;CUIT;fuente;banco;sucursal;tipo;importe;cuenta;firmas,certificación de aplicabilidad o no aplicabilidad,DRAFT_NOT_SENT
TR136_123,REQ134_ECON,CGN / TGN / SAF,CL134_DEBT_ACCOUNTING,"Historia completa de pagos parciales, saldo y caducidad por orden",2008-2010,71597;152677;2876;Disposición54/2008,importe original;moneda;conformidad;cada pago y fecha;Σ pagado;saldo;caducidad;anulación,"cuadro certificado con denominador, numerador y saldo",DRAFT_NOT_SENT
TR136_124,REQ134_ECON,CGN / TGN / SAF 355/356 / BNA,CL134_DEBT_ACCOUNTING,Clasificación individual exterior/no exterior de cada C-41,2008,71597;152677;2876;nota TGN;boleto de cambio,tipo de operación;beneficiario;banco;cuenta;moneda;nota;boleto;fundamento de no aplicabilidad,certificación individual exterior/no exterior,DRAFT_NOT_SENT
TR136_125,REQ134_BCRA,BCRA / CRYL / TGN,CL134_CRYL_SETTLEMENT,"Ruta y movimientos CRYL específicos de 2008, separados de archivos bancarios generales",2008-2009,CRYL;BODEN;71597;152677;2876;movimientos,sistema productor;fecha de incorporación;archivo;cuenta;especie;nominal;fecha valor;referencia,certificación de si existía recepción CRYL específica en 2008,DRAFT_NOT_SENT
TR136_126,REQ134_ECON,CGN / Coordinación Archivo General,CL134_DEBT_ACCOUNTING,Verificación del canal AGAN y derivación al custodio competente,consulta 2026-08-30,mherri@mecon.gov.ar;54-11-4349-7824;AGAN;AMIDDF,vigencia;acuse;número de gestión;área;responsable;resultado,canal institucional sustituto,DRAFT_NOT_SENT
TR137_127,REQ134_ECON,Ministerio de Economía / CGN / AGAN-AMIDDF,CL134_DEBT_ACCOUNTING,Planillas de Remisión preexistentes del productor SAF 355,2008,SAF355;Rendiciones de Cuentas;Otros Gastos;71597;152677;2876,remitente;productor;serie;subserie;ejercicio;caja;tipo;número;desafectación;observaciones;firmas,copia/exportación en el estado en que obre con tachas parciales,DRAFT_NOT_SENT
TR137_128,REQ134_ECON,SAF 355 / AGAN-AMIDDF,CL134_DEBT_ACCOUNTING,"Tejuelo, inventario y constancia de recepción de cajas",2008-2011,SAF355;2008;Otros Gastos,período;orden;caja;agente;fecha;firma,metadatos de ubicación y transferencia,DRAFT_NOT_SENT
TR137_129,REQ134_ECON,SAF 355 / CGN / TGN,CL134_DEBT_ACCOUNTING,Identificación del tipo documental de cada referencia SIDIF,2008,71597;152677;2876;83106000,tipo;fecha;importe;beneficiario;expediente;formulario vinculado,salida preexistente del índice o diccionario,DRAFT_NOT_SENT
TR137_130,REQ134_ECON,SAF 355 / TGN,CL134_DEBT_ACCOUNTING,"Pagador, fuente, clase de gasto y Reporte de Distribución Diaria",2008,71597;152677;2876;Resolución374/2007,pagador;fuente;clase;devengado;total/parcial;importe;fecha,filas existentes testadas,DRAFT_NOT_SENT
TR137_131,REQ134_ECON,SAF 355 / CGN / TGN,CL134_DEBT_ACCOUNTING,"Confirmación, saldo y medio de pago",2008-2010,71597;152677;2876;identificador bancario,selección;confirmación;importe;saldo;medio;lote;archivo,metadatos del evento,DRAFT_NOT_SENT
TR137_132,REQ134_ECON,TGN / BNA,CL134_DEBT_ACCOUNTING,Rama de débito automático por gastos bancarios,2008,83106000;COMISIONES BANCO NACION;ARS32270.30;CUT,cuenta;código movimiento;fecha valor;débito;regularización;conciliación,movimientos agregados por fecha e importe,DRAFT_NOT_SENT
TR137_133,REQ134_BNA,Banco de la Nación Argentina,CL134_PAYMENT,Rendición o soporte del eventual débito de comisiones,2008,83106000;ARS32270.30;71597;152677;2876,fecha;importe;cuenta origen;concepto;código;aceptación/rechazo;referencia,registro disociado,DRAFT_NOT_SENT
TR137_134,REQ134_BCRA,TGN / BCRA,CL134_PAYMENT,Rama de Nota de Pago de deuda pública,2008,SAF355;71597;152677;2876;Archivo de Notas,nota;lote;archivo;fecha;importe;acuse;Libro Banco,metadatos de lote y confirmación,DRAFT_NOT_SENT
TR137_135,REQ134_ECON,Ministerio de Economía / RAIP,CL134_DEBT_ACCOUNTING,Transferencia al custodio si el receptor no posee la información,cinco días desde presentación futura,Ley27275 art10,fecha;organismo receptor;organismo derivado;constancia,N/A,DRAFT_NOT_SENT
TR137_136,REQ134_ECON,Ministerio de Economía / RAIP,CL134_DEBT_ACCOUNTING,Respuesta parcial o denegatoria fundada,15+15 días desde presentación futura,"Ley27275 arts5,11,12,13,15",documentos existentes;tachas;fundamento;alcance búsqueda;fecha,versión disociada,DRAFT_NOT_SENT
TR138_137,REQ133_ECON,Ministerio de Economía / Secretaría de Hacienda,SICHE_SC,Exportación SIDIF Central por tres números,2008,SAF355;71597;152677;2876,tipo;número;estado;fechas;importe;vínculos,exportación disociada; tachas parciales; metadatos de búsqueda,DRAFT_NOT_SENT
TR138_138,REQ133_ECON,Ministerio de Economía / Secretaría de Hacienda,SICHE_SLU,Exportación SLU por tres números SIDIF,2008,C41;C42;C55;71597;152677;2876,tipo;número local;estado;historia SC,exportación disociada; tachas parciales; metadatos de búsqueda,DRAFT_NOT_SENT
TR138_139,REQ133_ECON,Ministerio de Economía / Secretaría de Hacienda,SICHE_GASTOS,gastos_01.rep cabecera e ítems,2008,7.2.8;83106000;32270.30,documento;beneficiario;clase;objeto;pagado;regularizado,exportación disociada; tachas parciales; metadatos de búsqueda,DRAFT_NOT_SENT
TR138_140,REQ133_ECON,Ministerio de Economía / Secretaría de Hacienda,SICHE_C55,C55-REG Débito Directo,2008,BNA;comisiones;SAF355,subtipo;cuenta;FF;clase;imputación;historia,exportación disociada; tachas parciales; metadatos de búsqueda,DRAFT_NOT_SENT
TR138_141,REQ133_ECON,Ministerio de Economía / Secretaría de Hacienda,SICHE_F80,pagos_04.rep / F80 vinculados,2008,OP target;pagador TGN/SAF,F80;beneficiario;pagado;regularizado,exportación disociada; tachas parciales; metadatos de búsqueda,DRAFT_NOT_SENT
TR138_142,REQ133_ECON,Ministerio de Economía / Secretaría de Hacienda,SICHE_NOTA,Nota de Pago e historia,2008,BNA;BCRA;OP target,referencia;cuentas;estado;impresión;cumplimiento,exportación disociada; tachas parciales; metadatos de búsqueda,DRAFT_NOT_SENT
TR138_143,REQ133_ECON,Ministerio de Economía / Secretaría de Hacienda,SICHE_EXTRACT,conc_01.rep movimientos extracto,2008,cuenta BNA;importe target,fecha;movimiento;debe;haber;saldo;conciliación,exportación disociada; tachas parciales; metadatos de búsqueda,DRAFT_NOT_SENT
TR138_144,REQ133_ECON,Ministerio de Economía / Secretaría de Hacienda,SICHE_BOOK,conc_02.rep movimientos Libro Banco,2008,tipo/número target,estado;formulario;beneficiario;debe;haber;saldo,exportación disociada; tachas parciales; metadatos de búsqueda,DRAFT_NOT_SENT
TR138_145,REQ133_ECON,Ministerio de Economía / Secretaría de Hacienda,FOREIGN_PAYMENT,Nota SAF a TGN y Boleto de Venta,2008,SAF355;BNA/BCRA,OP SIDIF;beneficiario exterior;cuenta gastos;moneda;importe,exportación disociada; tachas parciales; metadatos de búsqueda,DRAFT_NOT_SENT
TR138_146,REQ133_ECON,Ministerio de Economía / Secretaría de Hacienda,TGN_INSTRUCTION,Instrucción TGN a entidad bancaria,2008,OP/Nota target,fecha;importe;banco;anexo;acuse,exportación disociada; tachas parciales; metadatos de búsqueda,DRAFT_NOT_SENT
TR138_147,REQ133_ECON,Ministerio de Economía / Secretaría de Hacienda,SICHE_NEGATIVE,Metadatos de consulta negativa,2026,SC;SLU;filtros exactos,sistema;dataset;filtros;fecha;filas;exclusiones,exportación disociada; tachas parciales; metadatos de búsqueda,DRAFT_NOT_SENT
TR138_148,REQ133_ECON,Ministerio de Economía / Secretaría de Hacienda,AMIDDF,Planilla/caja/imagen target,2008,SAF355;Otros Gastos;tres SIDIF,caja;tipo;folio;firmas;imagen,exportación disociada; tachas parciales; metadatos de búsqueda,DRAFT_NOT_SENT
TR139_149,REQ133_ECON,Ministerio de Economía / Secretaría de Hacienda,SICHE_GASTOS,Consulta SICHE Gastos SIDIF Central sin restricción de tipo,2008; consulta 2026,SAF355;2008;71597;152677;2876,consulta;filtros;cabecera;detalle;exportación,exportación disociada; tachas parciales; metadatos de búsqueda,DRAFT_NOT_SENT
TR139_150,REQ133_ECON,Ministerio de Economía / Secretaría de Hacienda,SICHE_C41,Cuerpo y estado C41 si alguno de los tres se clasifica así,2008; consulta 2026,C41;71597;152677;2876,tipo;estado;OP;Nota;beneficiario;cuentas,exportación disociada; tachas parciales; metadatos de búsqueda,DRAFT_NOT_SENT
TR139_151,REQ133_ECON,Ministerio de Economía / Secretaría de Hacienda,SICHE_C55,C55 Débito Directo si alguno de los tres se clasifica así,2008; consulta 2026,C55;Débito Directo;BNA;comisión,subtipo;cuenta;imputación;historia;aceptación,exportación disociada; tachas parciales; metadatos de búsqueda,DRAFT_NOT_SENT
TR139_152,REQ133_ECON,Ministerio de Economía / Secretaría de Hacienda,SICHE_C42,C42 SLU como búsqueda alternativa,2008; consulta 2026,C42;71597;152677;2876,tipo;AXT;fundamento;estado,exportación disociada; tachas parciales; metadatos de búsqueda,DRAFT_NOT_SENT
TR139_153,REQ133_ECON,Ministerio de Economía / Secretaría de Hacienda,SICHE_C35,C35 SIDIF Central como búsqueda alternativa,2008; consulta 2026,C35;71597;152677;2876,compromiso;vínculos;estado,exportación disociada; tachas parciales; metadatos de búsqueda,DRAFT_NOT_SENT
TR139_154,REQ133_ECON,Ministerio de Economía / Secretaría de Hacienda,SICHE_PAYMENT,Consulta SICHE Pagos por identificadores y vínculos,2008; consulta 2026,SAF355;2008;N°SIDIF/OP,PG/F80;medio;pagador;beneficiario;estado,exportación disociada; tachas parciales; metadatos de búsqueda,DRAFT_NOT_SENT
TR139_155,REQ133_ECON,Ministerio de Economía / Secretaría de Hacienda,SICHE_RECONCILIATION,Consulta SICHE Conciliación Bancaria,2008; consulta 2026,BNA;32270.30;movimientos parciales,extracto externo;extracto interno;Libro Banco;aplicación;estado,exportación disociada; tachas parciales; metadatos de búsqueda,DRAFT_NOT_SENT
TR139_156,REQ133_ECON,Ministerio de Economía / Secretaría de Hacienda,SICHE_QUERY_AUDIT,Metadatos reproducibles de toda búsqueda sin resultados,2008; consulta 2026,Gastos;Pagos;Conciliación;C41;C55;C42;C35,sistema;modelo;dataset;filtros;fecha;filas;cobertura;exclusiones,exportación disociada; tachas parciales; metadatos de búsqueda,DRAFT_NOT_SENT
TR140_157,REQ133_ECON,Ministerio de Economía / Secretaría de Hacienda,SICHE_PDA_SIGADE,Exportación Formulario por Pda. Presupuestaria y Sigade,2008; consulta 2026,7.2.8;83106000;SAF355;2008,tipo;número;SIDIF;estado;beneficiario;importe;observaciones,exportación disociada; tachas parciales; metadatos y diccionario,DRAFT_NOT_SENT
TR140_158,REQ133_ECON,Ministerio de Economía / Secretaría de Hacienda,SICHE_BENEFICIARY,Exportación Gastos por Beneficiarios,2008; consulta 2026,SAF355;2008;BNA/Banco Nación,beneficiario;código;CUIT;formulario;importe;estado,exportación disociada; tachas parciales; metadatos y diccionario,DRAFT_NOT_SENT
TR140_159,REQ133_ECON,Ministerio de Economía / Secretaría de Hacienda,SICHE_DUE_DEBT,Exportación Deuda Exigible hasta 2008 y definición,2008; consulta 2026,71597;152677;2876;83106000,fecha de corte;estados;saldo;tipo;vínculos,exportación disociada; tachas parciales; metadatos y diccionario,DRAFT_NOT_SENT
TR140_160,REQ133_ECON,Ministerio de Economía / Secretaría de Hacienda,SICHE_JOURNAL,Asientos detallados 2001-2012 para 2008,2008; consulta 2026,32270.30;partes;cuenta/descripcion,Debe;Haber;cuenta;asiento anual;tipo;fecha,exportación disociada; tachas parciales; metadatos y diccionario,DRAFT_NOT_SENT
TR140_161,REQ133_ECON,Ministerio de Economía / Secretaría de Hacienda,PAYMENT_SIGADE,Pagos y modificaciones con atributo SIGADE,2008; consulta 2026,83106000;target SIDIF/OP,EPP;PG;NPG;CMR-DP;TCE/RTCE;medio;estado,exportación disociada; tachas parciales; metadatos y diccionario,DRAFT_NOT_SENT
TR140_162,REQ133_ECON,Ministerio de Economía / Secretaría de Hacienda,PAYMENT_SUMMARY,Resumen de Pagos y filtros de beneficiario/emisor/cuenta,2008; consulta 2026,SAF355;2008;83106000,emisor;beneficiario;fuente;cuenta;medio;importe,exportación disociada; tachas parciales; metadatos y diccionario,DRAFT_NOT_SENT
TR140_163,REQ133_ECON,Ministerio de Economía / Secretaría de Hacienda,EXPEDIENT_PAYMENT,OP y pagos asociados al expediente,2008; consulta 2026,S01:0342455/2008;equivalencia migrada,expediente;OP;PG;estado;fecha;importe,exportación disociada; tachas parciales; metadatos y diccionario,DRAFT_NOT_SENT
TR140_164,REQ133_ECON,Ministerio de Economía / Secretaría de Hacienda,QUERY_AUDIT,Metadatos y diccionario de cada consulta,2008; consulta 2026,cuatro consultas SICHE;Pagos;Conciliación,sistema;modelo;consulta;filtros;fecha;filas;cobertura;exclusiones,exportación disociada; tachas parciales; metadatos y diccionario,DRAFT_NOT_SENT
TR141_165,REQ133_ECON,Ministerio de Economía / Secretaría de Hacienda / TGN,CUT_BASIC_ENTITIES,Entidades Básicas CUT 2008,2008; consulta 2026,SAF355;vigencia2008,banco;sucursal;cuenta;moneda;titular;vigencia,exportación disociada; tachas parciales; metadatos y diccionario,DRAFT_NOT_SENT
TR141_166,REQ133_ECON,Ministerio de Economía / Secretaría de Hacienda / TGN,CUT_OPERATION_ACCOUNTS,Saldos por Tipo de Apertura,2008; consulta 2026,cuentas recuperadas;2008,tipo;cuenta;fecha;saldo,exportación disociada; tachas parciales; metadatos y diccionario,DRAFT_NOT_SENT
TR141_167,REQ133_ECON,Ministerio de Economía / Secretaría de Hacienda / TGN,CUT_EXTRACTS,Extractos CUT 2008,2008; consulta 2026,cuentas recuperadas;todo2008,fecha;secuencia;códigos;importe;referencia;estado,exportación disociada; tachas parciales; metadatos y diccionario,DRAFT_NOT_SENT
TR141_168,REQ133_ECON,Ministerio de Economía / Secretaría de Hacienda / TGN,CUT_IMPACT_LOGS,Logs de Impacto 2008,2008; consulta 2026,SAF355;formulario/importe,timestamp;evento;entidad;comprobante;importe;resultado,exportación disociada; tachas parciales; metadatos y diccionario,DRAFT_NOT_SENT
TR141_169,REQ133_ECON,Ministerio de Economía / Secretaría de Hacienda / TGN,CUT_BOOK,Libro Banco asociado,2008; consulta 2026,movimientos candidatos,código;descripción;debe;haber;comprobante,exportación disociada; tachas parciales; metadatos y diccionario,DRAFT_NOT_SENT
TR141_170,REQ133_ECON,Ministerio de Economía / Secretaría de Hacienda / TGN,CUT_RECONCILIATION,Historial de conciliación,2008; consulta 2026,extracto/libro/cuenta,estado;fechas;causa;regularización,exportación disociada; tachas parciales; metadatos y diccionario,DRAFT_NOT_SENT
TR141_171,REQ133_ECON,Ministerio de Economía / Secretaría de Hacienda / TGN,CUT_AUDITOR_REPORT,Informe diario del Auditor si obra,2008; consulta 2026,fecha/diferencia,saldos;diferencia;movimientos;causa;seguimiento,exportación disociada; tachas parciales; metadatos y diccionario,DRAFT_NOT_SENT
TR141_172,REQ133_ECON,Ministerio de Economía / Secretaría de Hacienda / TGN,CUT_QUERY_AUDIT,Metadatos de cuatro datasets CUT,2008; consulta 2026,Entidades;Saldos;Extractos;Logs,módulo;dataset;filtros;cobertura;fecha;filas;exclusiones;diccionario,exportación disociada; tachas parciales; metadatos y diccionario,DRAFT_NOT_SENT
TR142_173,REQ133_ECON,Ministerio de Economía / Secretaría de Hacienda / TGN,CUT_HISTORICAL_DICTIONARY,Diccionario de cuentas y códigos vigente en 2008,2008; consulta 2026,CUT-SIDIF Central;2008,cuenta;código;descripción;grupo;vigencia,exportación disociada; tachas parciales; metadatos y diccionario,DRAFT_NOT_SENT
TR142_174,REQ133_ECON,Ministerio de Economía / Secretaría de Hacienda / TGN,CUT_ACCOUNT_230,Universo de cuenta de operación 230 o equivalente,2008; consulta 2026,SAF355;todo2008,fecha;importe;cuenta;referencia;formulario;estado,exportación disociada; tachas parciales; metadatos y diccionario,DRAFT_NOT_SENT
TR142_175,REQ133_ECON,Ministerio de Economía / Secretaría de Hacienda / TGN,CUT_AUTO_CODE,Universo AUTO/DBAUTO o equivalentes históricos,2008; consulta 2026,ambos signos;todo2008,código externo/interno;descripción;importe;referencia,exportación disociada; tachas parciales; metadatos y diccionario,DRAFT_NOT_SENT
TR142_176,REQ133_ECON,Ministerio de Economía / Secretaría de Hacienda / TGN,CUT_RECONCILIATION_GROUP,Grupo LIB/APL/EXB/MAN o equivalente,2008; consulta 2026,movimientos candidatos,grupo;regla;fecha;resultado;usuario,exportación disociada; tachas parciales; metadatos y diccionario,DRAFT_NOT_SENT
TR142_177,REQ133_ECON,Ministerio de Economía / Secretaría de Hacienda / TGN,CUT_UNIQUE_REFERENCE,Referencia unívoca y contracódigo,2008; consulta 2026,movimientos candidatos,referencia;original;reversa;cuenta contraparte,exportación disociada; tachas parciales; metadatos y diccionario,DRAFT_NOT_SENT
TR142_178,REQ133_ECON,Ministerio de Economía / Secretaría de Hacienda / TGN,CUT_AUTOMATIC_EXPENSE_FORM,Formulario generado por aplicación automática,2008; consulta 2026,comisiones;71597;152677;2876,tipo;número;partida;importe;Libro Banco;aceptación,exportación disociada; tachas parciales; metadatos y diccionario,DRAFT_NOT_SENT
TR143_179,REQ133_ECON,Ministerio de Economía / Secretaría de Hacienda / TGN,SLU_CONC01_2008,Reporte Movimientos del Extracto conc_01.rep,2008; consulta 2026,SAF355;cuentas históricas;todo2008;N/P/T,cuenta;saldo anterior;fecha movimiento/proceso;tipo;debe;haber;saldo;estado,"exportación disociada; tachas parciales; metadatos, versión y diccionario",DRAFT_NOT_SENT
TR143_180,REQ133_ECON,Ministerio de Economía / Secretaría de Hacienda / TGN,SLU_CONC02_2008,Reporte Movimientos del Libro Banco conc_02.rep,2008; consulta 2026,mismas cuentas/fechas;N/P/T,ejercicio;comprobante;descripción;formulario;número;beneficiario;debe;haber;saldo;estado,"exportación disociada; tachas parciales; metadatos, versión y diccionario",DRAFT_NOT_SENT
TR143_181,REQ133_ECON,Ministerio de Economía / Secretaría de Hacienda / TGN,C55_DIRECT_DEBIT_2008,Universo C55-REG Débito Directo,2008; consulta 2026,SAF355;2008;sin OP original;cuenta débito,institución;UG;fuente;clase;beneficiario;importe;cuenta;estado,"exportación disociada; tachas parciales; metadatos, versión y diccionario",DRAFT_NOT_SENT
TR143_182,REQ133_ECON,Ministerio de Economía / Secretaría de Hacienda / TGN,C55_HISTORY_2008,Histórico de cada C55 candidato,2008; consulta 2026,I/X/E/C/R,carga;autorización;envío;respuesta;usuario;fecha;error,"exportación disociada; tachas parciales; metadatos, versión y diccionario",DRAFT_NOT_SENT
TR143_183,REQ133_ECON,Ministerio de Economía / Secretaría de Hacienda / TGN,C55_REVERSAL_2008,C55-DEG y contraasiento asociado,2008; consulta 2026,originales confirmados/rechazados,original;reversa;motivo;importe;Libro Banco;fecha,"exportación disociada; tachas parciales; metadatos, versión y diccionario",DRAFT_NOT_SENT
TR143_184,REQ133_ECON,Ministerio de Economía / Secretaría de Hacienda / TGN,PAYMENT_MEDIUM_BRANCH_2008,Tipo de nota/medio y cuenta de gastos,2008; consulta 2026,servicio deuda;carta crédito;transferencia exterior,tipo;orden/nota;cuenta gastos;banco;sucursal;cuenta;comisión,"exportación disociada; tachas parciales; metadatos, versión y diccionario",DRAFT_NOT_SENT
TR143_185,REQ133_ECON,Ministerio de Economía / Secretaría de Hacienda / TGN,SLU_VERSION_DICTIONARY_2008,"Versión, catálogo y diccionario vigentes",2008; consulta 2026,módulos Pago;C55;Conciliación,versión;vigencia;código;descripción;equivalencia;regla,"exportación disociada; tachas parciales; metadatos, versión y diccionario",DRAFT_NOT_SENT
TR144_186,REQ133_ECON,Ministerio de Economía / Secretaría de Hacienda / TGN / DGSIAF,SLU_ACCOUNT_TABLE_SNAPSHOT_2008,"BCUENTA, ACTA_FUE y ACTABAN_CTAESC históricas",2008; consulta 2026,SAF355;snapshot2008;activas+bajas+rehabilitadas,banco;sucursal;cuenta;tipo;fuente;cuenta escritural;estado;fechas,exportación disociada; tachas parciales; DDL/diccionario; inventario de backup y acta fundada,DRAFT_NOT_SENT
TR144_187,REQ133_ECON,Ministerio de Economía / Secretaría de Hacienda / TGN / DGSIAF,SLU_BANK_CODE_TABLES_2008,"BGRUPMOVBCO, BMOVBCO y BMOVEXTERNO históricas",2008; consulta 2026,BNA;todo2008;sin código prefijado,grupo;interno;externo;contracódigo;descripción;signo;tipo;estado,exportación disociada; tachas parciales; DDL/diccionario; inventario de backup y acta fundada,DRAFT_NOT_SENT
TR144_188,REQ133_ECON,Ministerio de Economía / Secretaría de Hacienda / TGN / DGSIAF,SLU_AMOV_FORG_2008,AMOV_FORG histórica y filas de baja/rehabilitación,2008; consulta 2026,SAF355;BNA;cuentas recuperadas;todo2008,cuenta;subcuenta;movimiento;partida;estado;fecha baja/rehabilitación,exportación disociada; tachas parciales; DDL/diccionario; inventario de backup y acta fundada,DRAFT_NOT_SENT
TR144_189,REQ133_ECON,Ministerio de Economía / Secretaría de Hacienda / TGN / DGSIAF,SLU_BOOK_MAPPING_2008,ACLB_MOB y BCODLIBBCO históricas,2008; consulta 2026,códigos candidatos;vigencia2008,movimiento extracto;código libro;descripción;signo;conciliación parcial;estado,exportación disociada; tachas parciales; DDL/diccionario; inventario de backup y acta fundada,DRAFT_NOT_SENT
TR144_190,REQ133_ECON,Ministerio de Economía / Secretaría de Hacienda / TGN / DGSIAF,SLU_DATABASE_BACKUPS,Inventario y copias de backups/dumps/snapshots SLU,2008; consulta 2026,2006-2009;SAF355;órganos rectores,servidor;instancia;esquema;fecha;soporte;retención;custodio;hash,exportación disociada; tachas parciales; DDL/diccionario; inventario de backup y acta fundada,DRAFT_NOT_SENT
TR144_191,REQ133_ECON,Ministerio de Economía / Secretaría de Hacienda / TGN / DGSIAF,SLU_VERSION_MIGRATION,Matriz de versiones y scripts de migración v7→v9.0,2008; consulta 2026,2006-2009;Tesorería;Conciliación;SAF355,versión;fecha;SAF;DDL/DML;tabla origen/destino;diccionario,exportación disociada; tachas parciales; DDL/diccionario; inventario de backup y acta fundada,DRAFT_NOT_SENT
TR144_192,REQ133_ECON,Ministerio de Economía / Secretaría de Hacienda / TGN / DGSIAF,SLU_DELETED_REHABILITATED_ROWS,Consulta de Bajas y rehabilitaciones,2008; consulta 2026,12 tablas clave;todo estado,clave;descripción;fecha baja;fecha rehabilitación;usuario;motivo,exportación disociada; tachas parciales; DDL/diccionario; inventario de backup y acta fundada,DRAFT_NOT_SENT
TR144_193,REQ133_ECON,Ministerio de Economía / Secretaría de Hacienda / TGN / DGSIAF,SLU_EXTRACT_CORRECTION_HISTORY,Historial de correcciones de movimientos de extracto,2008; consulta 2026,movimientos candidatos;cuentas recuperadas,original;corrección;banco;sucursal;cuenta;fecha;grupo;códigos;comprobante;importe;signo,exportación disociada; tachas parciales; DDL/diccionario; inventario de backup y acta fundada,DRAFT_NOT_SENT
TR144_194,REQ133_ECON,Ministerio de Economía / Secretaría de Hacienda / TGN / DGSIAF,SLU_C10_RESOURCE_CONTROL_2008,Universo C10 automático/manual y transmisiones,2008; consulta 2026,SAF355;2008;83106000;REC/REG/COR/DES/CMP,A/M;cuenta;SIGADE;boleta;estado;error;transmisión;original/modificación,exportación disociada; tachas parciales; DDL/diccionario; inventario de backup y acta fundada,DRAFT_NOT_SENT
TR144_195,REQ133_ECON,Ministerio de Economía / Secretaría de Hacienda / TGN / DGSIAF,SLU_REVERSAL_AND_PAYMENT_MEDIUM_CONTROL,"C55-DEP/REP/DEG, contraasientos y estados de cheque",2008; consulta 2026,candidatos;originales;C/R/E/F,original;reversa;contraasiento;cuenta;importe;estado;fecha;detalle conciliación,exportación disociada; tachas parciales; DDL/diccionario; inventario de backup y acta fundada,DRAFT_NOT_SENT
TR145_196,REQ133_ECON,Economía / CGN / DGSIAF / SAF,RO145_01,Inventario de consultas/datasets SICHE-SLU,2006-2009; foco 2008,SLU;SAF 355;SICHE;BMOVEXTERNO;AMOV_FORG;C55,nombre;descripción;período;campos;filtros;corte,metadatos/conteos sin datos personales,DRAFT_NOT_SENT
TR145_197,REQ133_ECON,Economía / CGN / DGSIAF / SAF,RO145_02,Exportación SICHE SLU 2008 con parámetros,2006-2009; foco 2008,SLU;SAF 355;SICHE;BMOVEXTERNO;AMOV_FORG;C55,consulta;filtros;universo;filas;archivo;hash,metadatos/conteos sin datos personales,DRAFT_NOT_SENT
TR145_198,REQ133_ECON,Economía / CGN / DGSIAF / SAF,RO145_03,Procedimiento de resguardo aplicable al SLU,2006-2009; foco 2008,SLU;SAF 355;SICHE;BMOVEXTERNO;AMOV_FORG;C55,versión;vigencia;responsable;frecuencia;retención,metadatos/conteos sin datos personales,DRAFT_NOT_SENT
TR145_199,REQ133_ECON,Economía / CGN / DGSIAF / SAF,RO145_04,Inventario de backups SLU 2006-2009,2006-2009; foco 2008,SLU;SAF 355;SICHE;BMOVEXTERNO;AMOV_FORG;C55,equipo;instancia;esquema;fecha;tipo;lote;soporte;ubicación,metadatos/conteos sin datos personales,DRAFT_NOT_SENT
TR145_200,REQ133_ECON,Economía / CGN / DGSIAF / SAF,RO145_05,Registro diario de soportes,2006-2009; foco 2008,SLU;SAF 355;SICHE;BMOVEXTERNO;AMOV_FORG;C55,fecha;equipo;cinta;lote;reuso;guarda;firma,metadatos/conteos sin datos personales,DRAFT_NOT_SENT
TR145_201,REQ133_ECON,Economía / CGN / DGSIAF / SAF,RO145_06,Logs de ejecución/verificación,2006-2009; foco 2008,SLU;SAF 355;SICHE;BMOVEXTERNO;AMOV_FORG;C55,job;inicio;fin;resultado;error;checksum,metadatos/conteos sin datos personales,DRAFT_NOT_SENT
TR145_202,REQ133_ECON,Economía / CGN / DGSIAF / SAF,RO145_07,Actas mensuales de recuperación,2006-2009; foco 2008,SLU;SAF 355;SICHE;BMOVEXTERNO;AMOV_FORG;C55,fecha;backup;archivos;tiempo;resultado;problemas;firmas,metadatos/conteos sin datos personales,DRAFT_NOT_SENT
TR145_203,REQ133_ECON,Economía / CGN / DGSIAF / SAF,RO145_08,Inventario histórico y traslados,2006-2009; foco 2008,SLU;SAF 355;SICHE;BMOVEXTERNO;AMOV_FORG;C55,soporte;fecha;edificio;responsable;custodia,metadatos/conteos sin datos personales,DRAFT_NOT_SENT
TR145_204,REQ133_ECON,Economía / CGN / DGSIAF / SAF,RO145_09,Acta Acuerdo SLU del SAF objetivo,2006-2009; foco 2008,SLU;SAF 355;SICHE;BMOVEXTERNO;AMOV_FORG;C55,expediente;firmantes;fecha;cronograma;versión,metadatos/conteos sin datos personales,DRAFT_NOT_SENT
TR145_205,REQ133_ECON,Economía / CGN / DGSIAF / SAF,RO145_10,Backup previo a cada migración,2006-2009; foco 2008,SLU;SAF 355;SICHE;BMOVEXTERNO;AMOV_FORG;C55,sistema;fecha;soporte;hash;restaurabilidad,metadatos/conteos sin datos personales,DRAFT_NOT_SENT
TR145_206,REQ133_ECON,Economía / CGN / DGSIAF / SAF,RO145_11,Scripts/mapeos v7→v9/v10,2006-2009; foco 2008,SLU;SAF 355;SICHE;BMOVEXTERNO;AMOV_FORG;C55,tabla origen;tabla destino;transformación;conteos,metadatos/conteos sin datos personales,DRAFT_NOT_SENT
TR145_207,REQ133_ECON,Economía / CGN / DGSIAF / SAF,RO145_12,Testeo entre bases y diferencias,2006-2009; foco 2008,SLU;SAF 355;SICHE;BMOVEXTERNO;AMOV_FORG;C55,tabla;antes;después;diferencia;resolución,metadatos/conteos sin datos personales,DRAFT_NOT_SENT
TR145_208,REQ133_ECON,Economía / CGN / DGSIAF / SAF,RO145_13,Prueba paralela e informes firmados,2006-2009; foco 2008,SLU;SAF 355;SICHE;BMOVEXTERNO;AMOV_FORG;C55,etapa;fecha;versión;diferencias;firmas,metadatos/conteos sin datos personales,DRAFT_NOT_SENT
TR145_209,REQ133_ECON,Economía / CGN / DGSIAF / SAF,RO145_14,Responsables y tickets Mesa de Atención,2006-2009; foco 2008,SLU;SAF 355;SICHE;BMOVEXTERNO;AMOV_FORG;C55,nombre;cargo;función;número;fecha;solución,metadatos/conteos sin datos personales,DRAFT_NOT_SENT
TR145_210,REQ133_ECON,Economía / CGN / DGSIAF / SAF,RO145_15,Dumps 2008 BMOVEXTERNO/AMOV_FORG,2006-2009; foco 2008,SLU;SAF 355;SICHE;BMOVEXTERNO;AMOV_FORG;C55,cuenta;movimiento;contracódigo;partida;vigencia;estado,metadatos/conteos sin datos personales,DRAFT_NOT_SENT
TR145_211,REQ133_ECON,Economía / CGN / DGSIAF / SAF,RO145_16,C55 débito/diferencia/corrección/reversa,2006-2009; foco 2008,SLU;SAF 355;SICHE;BMOVEXTERNO;AMOV_FORG;C55,tipo;estado;C41;fecha;importe;cuenta;respuesta,metadatos/conteos sin datos personales,DRAFT_NOT_SENT
TR145_212,REQ133_ECON,Economía / CGN / DGSIAF / SAF,RO145_17,"conc_01/conc_02, Libro Banco y extracto",2006-2009; foco 2008,SLU;SAF 355;SICHE;BMOVEXTERNO;AMOV_FORG;C55,cuenta;fecha;signo;importe;referencia;estado N/P/T,metadatos/conteos sin datos personales,DRAFT_NOT_SENT
TR145_213,REQ133_ECON,Economía / CGN / DGSIAF / SAF,RO145_18,Constancia fundada de inexistencia/expurgo,2006-2009; foco 2008,SLU;SAF 355;SICHE;BMOVEXTERNO;AMOV_FORG;C55,objeto;repositorios;fechas;norma;acto;responsable,metadatos/conteos sin datos personales,DRAFT_NOT_SENT
TR146_214,REQ133_ECON,Economía / CGN / DGSIAF / SAF 355,RO146_01,Registro/submayor del instrumento y eventos,2008; comparador 2019 cuando corresponde,SIGADE,id SIGADE;instrumento;fecha;tipo;moneda;importe;contraparte,metadatos/conteos/copia testada,DRAFT_NOT_SENT
TR146_215,REQ133_ECON,Economía / CGN / DGSIAF / SAF 355,RO146_02,Transmisiones SIGADE→SIDIF Central,2008; comparador 2019 cuando corresponde,SIDIF-Link,lote;fecha-hora;tipo;id SIGADE;formulario;estado;error,metadatos/conteos/copia testada,DRAFT_NOT_SENT
TR146_216,REQ133_ECON,Economía / CGN / DGSIAF / SAF 355,RO146_03,Formularios vinculados por partida y SIGADE,2008; comparador 2019 cuando corresponde,SIDIF Central,SAF;ejercicio;formulario;número;partida;id SIGADE;importe,metadatos/conteos/copia testada,DRAFT_NOT_SENT
TR146_217,REQ133_ECON,Economía / CGN / DGSIAF / SAF 355,RO146_04,Gastos por beneficiario,2008; comparador 2019 cuando corresponde,SIDIF Central,beneficiario;CUIT;fecha;importe;moneda;formulario,metadatos/conteos/copia testada,DRAFT_NOT_SENT
TR146_218,REQ133_ECON,Economía / CGN / DGSIAF / SAF 355,RO146_05,Deuda exigible hasta 2008,2008; comparador 2019 cuando corresponde,SIDIF Central,SAF;acreedor;fecha;concepto;importe;estado,metadatos/conteos/copia testada,DRAFT_NOT_SENT
TR146_219,REQ133_ECON,Economía / CGN / DGSIAF / SAF 355,RO146_06,Detalle de asientos 2001-2012,2008; comparador 2019 cuando corresponde,SIDIF Central,cuenta;asiento;fecha;debe;haber;documento;referencia,metadatos/conteos/copia testada,DRAFT_NOT_SENT
TR146_220,REQ133_ECON,Economía / CGN / DGSIAF / SAF 355,RO146_07,Extractos 2008 de cuentas candidatas,2008; comparador 2019 cuando corresponde,CUT-SIDIF Central,cuenta;fecha valor;fecha proceso;signo;importe;referencia,metadatos/conteos/copia testada,DRAFT_NOT_SENT
TR146_221,REQ133_ECON,Economía / CGN / DGSIAF / SAF 355,RO146_08,Conciliación bancaria,2008; comparador 2019 cuando corresponde,CUT-SIDIF Central,cuenta;movimiento;estado;contrapartida;fecha;importe,metadatos/conteos/copia testada,DRAFT_NOT_SENT
TR146_222,REQ133_ECON,Economía / CGN / DGSIAF / SAF 355,RO146_09,Logs de impacto/transmisión,2008; comparador 2019 cuando corresponde,CUT-SIDIF Central,lote;origen;destino;fecha;resultado;error,metadatos/conteos/copia testada,DRAFT_NOT_SENT
TR146_223,REQ133_ECON,Economía / CGN / DGSIAF / SAF 355,RO146_10,Catálogo y metadatos de consultas,2008; comparador 2019 cuando corresponde,SICHE,nombre;descripción;sistema fuente;período;campos;filtros;corte,metadatos/conteos/copia testada,DRAFT_NOT_SENT
TR146_224,REQ133_ECON,Economía / CGN / DGSIAF / SAF 355,RO146_11,Export parametrizado y reproducible,2008; comparador 2019 cuando corresponde,SICHE,consulta;parámetros;fecha;filas;archivo;hash,metadatos/conteos/copia testada,DRAFT_NOT_SENT
TR146_225,REQ133_ECON,Economía / CGN / DGSIAF / SAF 355,RO146_12,Expediente/orden/documentación de pago,2008; comparador 2019 cuando corresponde,SAF 355,expediente;acto;beneficiario;instrumento;fecha;importe,metadatos/conteos/copia testada,DRAFT_NOT_SENT
TR146_226,REQ133_ECON,Economía / CGN / DGSIAF / SAF 355,RO146_13,Relación asiento–pago–extracto,2008; comparador 2019 cuando corresponde,SAF 355,id SIGADE;formulario;orden;cuenta;movimiento;importe,metadatos/conteos/copia testada,DRAFT_NOT_SENT
TR146_227,REQ133_ECON,Economía / CGN / DGSIAF / SAF 355,RO146_14,Mayor/submayor y asiento REPO 2019,2008; comparador 2019 cuando corresponde,Cuenta 2.1.2.01.02.99.00,asiento;fecha;instrumento;id SIGADE;contraparte;importe;origen,metadatos/conteos/copia testada,DRAFT_NOT_SENT
TR146_228,REQ133_ECON,Economía / CGN / DGSIAF / SAF 355,RO146_15,"Papeles de trabajo de la diferencia 563,16/563,61",2008; comparador 2019 cuando corresponde,UAI/SAF 355,cálculo;componentes;ajuste;responsable;conclusión,metadatos/conteos/copia testada,DRAFT_NOT_SENT
TR146_229,REQ133_ECON,Economía / CGN / DGSIAF / SAF 355,RO146_16,Constancia fundada de inexistencia o transferencia,2008; comparador 2019 cuando corresponde,Custodia,repositorio;período;búsquedas;acto;fecha;responsable,metadatos/conteos/copia testada,DRAFT_NOT_SENT
TR147_001,REQ133_ECON,SIGADE,V152_OBJECT_01,"Ficha, Estado de Cuenta y Tabla de Amortización de 83106000",2008; comparadores 2018-2023 sólo donde se indican,id;83106000;71597;152677;2876,id;instrumento;contraparte;moneda;fechas;saldos;eventos,"metadatos, conteos, copia testada y constancia de repositorios consultados",DRAFT_NOT_SENT
TR147_002,REQ133_ECON,e-SIDIF/SIDIF Central,V152_OBJECT_02,Reporte mayorizado por SIGADE 83106000,2008; comparadores 2018-2023 sólo donde se indican,cuenta;83106000;71597;152677;2876,cuenta;asiento;fecha;debe;haber;formulario;referencia,"metadatos, conteos, copia testada y constancia de repositorios consultados",DRAFT_NOT_SENT
TR147_003,REQ133_ECON,e-SIDIF/SIDIF Central,V152_OBJECT_03,Formulario 71597 completo,2008; comparadores 2018-2023 sólo donde se indican,cabecera;83106000;71597;152677;2876,cabecera;renglones;beneficiario;CUIT;importe;moneda;estado;orden,"metadatos, conteos, copia testada y constancia de repositorios consultados",DRAFT_NOT_SENT
TR147_004,REQ133_ECON,e-SIDIF/SIDIF Central,V152_OBJECT_04,Formulario 152677 completo,2008; comparadores 2018-2023 sólo donde se indican,cabecera;83106000;71597;152677;2876,cabecera;renglones;beneficiario;CUIT;importe;moneda;estado;orden,"metadatos, conteos, copia testada y constancia de repositorios consultados",DRAFT_NOT_SENT
TR147_005,REQ133_ECON,e-SIDIF/SIDIF Central,V152_OBJECT_05,Formulario 2876 completo,2008; comparadores 2018-2023 sólo donde se indican,cabecera;83106000;71597;152677;2876,cabecera;renglones;beneficiario;CUIT;importe;moneda;estado;orden,"metadatos, conteos, copia testada y constancia de repositorios consultados",DRAFT_NOT_SENT
TR147_006,REQ133_ECON,CGN/SAF 355,V152_OBJECT_06,Mayor y submayor de cuentas vinculadas,2008; comparadores 2018-2023 sólo donde se indican,cuenta;83106000;71597;152677;2876,cuenta;asiento;fecha;debe;haber;saldo;documento,"metadatos, conteos, copia testada y constancia de repositorios consultados",DRAFT_NOT_SENT
TR147_007,REQ133_ECON,SAF 355,V152_OBJECT_07,"Expediente, orden y acto de aprobación",2008; comparadores 2018-2023 sólo donde se indican,expediente;83106000;71597;152677;2876,expediente;acto;fecha;beneficiario;concepto;importe,"metadatos, conteos, copia testada y constancia de repositorios consultados",DRAFT_NOT_SENT
TR147_008,REQ133_ECON,SAF 355,V152_OBJECT_08,Papeles de trabajo de Anexo K 2008,2008; comparadores 2018-2023 sólo donde se indican,fila fuente;83106000;71597;152677;2876,fila fuente;criterio;responsable;fecha;conciliación,"metadatos, conteos, copia testada y constancia de repositorios consultados",DRAFT_NOT_SENT
TR147_009,REQ133_ECON,TGN,V152_OBJECT_09,Movimiento bancario asociado a los tres formularios,2008; comparadores 2018-2023 sólo donde se indican,cuenta;83106000;71597;152677;2876,cuenta;fecha valor;fecha proceso;signo;importe;referencia,"metadatos, conteos, copia testada y constancia de repositorios consultados",DRAFT_NOT_SENT
TR147_010,REQ133_ECON,CUT-SIDIF Central,V152_OBJECT_10,Extracto y conciliación 2008,2008; comparadores 2018-2023 sólo donde se indican,cuenta;83106000;71597;152677;2876,cuenta;movimiento;estado;contrapartida;importe;fecha,"metadatos, conteos, copia testada y constancia de repositorios consultados",DRAFT_NOT_SENT
TR147_011,REQ133_ECON,BNA,V152_OBJECT_11,Extracto/aviso de débito o crédito de la comisión,2008; comparadores 2018-2023 sólo donde se indican,cuenta;83106000;71597;152677;2876,cuenta;fecha valor;referencia;importe;moneda;contraparte,"metadatos, conteos, copia testada y constancia de repositorios consultados",DRAFT_NOT_SENT
TR147_012,REQ133_BCRA,BCRA/CRyL,V152_OBJECT_12,Movimiento o custodia sólo si hay instrumento de valores,2008; comparadores 2018-2023 sólo donde se indican,especie;83106000;71597;152677;2876,especie;cuenta;fecha;nominal;movimiento;referencia,"metadatos, conteos, copia testada y constancia de repositorios consultados",DRAFT_NOT_SENT
TR147_013,REQ133_ECON,DADP/SAF 355,V152_OBJECT_13,Planillas compartidas de control y conciliación,2008; comparadores 2018-2023 sólo donde se indican,archivo;83106000;71597;152677;2876,archivo;versión;autor;fecha;celdas/fórmulas;identificador,"metadatos, conteos, copia testada y constancia de repositorios consultados",DRAFT_NOT_SENT
TR147_014,REQ133_ECON,DADP/DTI,V152_OBJECT_14,Tickets de intervención manual en base,2008; comparadores 2018-2023 sólo donde se indican,ticket;83106000;71597;152677;2876,ticket;fecha;usuario;antes;después;autorización;motivo,"metadatos, conteos, copia testada y constancia de repositorios consultados",DRAFT_NOT_SENT
TR147_015,REQ133_ECON,DADP/SAF 355,V152_OBJECT_15,Documentos externos/sidecar no adjuntados a SIGADE,2008; comparadores 2018-2023 sólo donde se indican,inventario;83106000;71597;152677;2876,inventario;ruta;nombre;fecha;hash;relación con instrumento,"metadatos, conteos, copia testada y constancia de repositorios consultados",DRAFT_NOT_SENT
TR147_016,REQ133_ECON,UAI/SAF 355,V152_OBJECT_16,Componentes no redondeados de OTROS 2018/2019,2008; comparadores 2018-2023 sólo donde se indican,importe fuente;83106000;71597;152677;2876,importe fuente;unidad;precisión;cuenta;asiento;cálculo,"metadatos, conteos, copia testada y constancia de repositorios consultados",DRAFT_NOT_SENT
TR147_017,REQ133_ECON,SICHE/DGSIAF,V152_OBJECT_17,Catálogo y export de consultas nombradas,2008; comparadores 2018-2023 sólo donde se indican,consulta;83106000;71597;152677;2876,consulta;fuente;campos;filtros;corte;filas;archivo;hash,"metadatos, conteos, copia testada y constancia de repositorios consultados",DRAFT_NOT_SENT
TR147_018,REQ133_ECON,CGN/SAF 355,V152_OBJECT_18,Acta o constancia de último formulario/corte equivalente,2008; comparadores 2018-2023 sólo donde se indican,acto;83106000;71597;152677;2876,acto;fecha;universo;último formulario;firmas;anexos,"metadatos, conteos, copia testada y constancia de repositorios consultados",DRAFT_NOT_SENT
TR148_001,REQ148_ECON,CGN/SAF355,CL148_SPECIAL_CLOSE,Serie especial de cierre y papeles Anexo K,2008,83106000;Anexo K,tipo;ID;fecha;cuenta;signo;importe;referencia;estado;archivo;hash,copia testada preservando trazabilidad,DRAFT_NOT_SENT
TR148_002,REQ148_ECON,CGN/SAF355,CL148_LISTS,Listados detallados parametrizados,2008,SAF355;83106000,tipo;ID;fecha;cuenta;signo;importe;referencia;estado;archivo;hash,copia testada preservando trazabilidad,DRAFT_NOT_SENT
TR148_003,REQ148_ECON,CGN/SAF355,CL148_QUERIES,Consultas específicas de movimientos,2008,71597;152677;2876,tipo;ID;fecha;cuenta;signo;importe;referencia;estado;archivo;hash,copia testada preservando trazabilidad,DRAFT_NOT_SENT
TR148_004,REQ148_ECON,SIDIF/SICHE,CL148_FORM71597,Formulario completo 71597,2008,71597,tipo;ID;fecha;cuenta;signo;importe;referencia;estado;archivo;hash,copia testada preservando trazabilidad,DRAFT_NOT_SENT
TR148_005,REQ148_ECON,SIDIF/SICHE,CL148_FORM152677,Formulario completo 152677,2008,152677,tipo;ID;fecha;cuenta;signo;importe;referencia;estado;archivo;hash,copia testada preservando trazabilidad,DRAFT_NOT_SENT
TR148_006,REQ148_ECON,SIDIF/SICHE,CL148_FORM2876,Formulario completo 2876,2008,2876,tipo;ID;fecha;cuenta;signo;importe;referencia;estado;archivo;hash,copia testada preservando trazabilidad,DRAFT_NOT_SENT
TR148_007,REQ148_ECON,TGN,CL148_ORDER_PRE,Orden y estado antes de cancelación,2008,71597;152677;2876,tipo;ID;fecha;cuenta;signo;importe;referencia;estado;archivo;hash,copia testada preservando trazabilidad,DRAFT_NOT_SENT
TR148_008,REQ148_ECON,CGN,CL148_ORDER_POST,Orden cancelada remitida por TGN,2008,71597;152677;2876,tipo;ID;fecha;cuenta;signo;importe;referencia;estado;archivo;hash,copia testada preservando trazabilidad,DRAFT_NOT_SENT
TR148_009,REQ148_ECON,TGN/BNA,CL148_BANK_ROUTE,Movimientos y saldos de cuenta pública,2008,83106000;32270.30,tipo;ID;fecha;cuenta;signo;importe;referencia;estado;archivo;hash,copia testada preservando trazabilidad,DRAFT_NOT_SENT
TR148_010,REQ148_BNA,BNA,CL148_DEBIT,Extracto o aviso de débito,2008,COMISIONES;32270.30,tipo;ID;fecha;cuenta;signo;importe;referencia;estado;archivo;hash,copia testada preservando trazabilidad,DRAFT_NOT_SENT
TR148_011,REQ148_ECON,CUT/SIDIF,CL148_RECON,Libro Banco y conciliación,2008,71597;152677;2876,tipo;ID;fecha;cuenta;signo;importe;referencia;estado;archivo;hash,copia testada preservando trazabilidad,DRAFT_NOT_SENT
TR148_012,REQ148_ECON,UAI,CL148_ANALYTIC03,Informe Analítico UAI 03/2022,2021-2022,UAI03/2022,tipo;ID;fecha;cuenta;signo;importe;referencia;estado;archivo;hash,copia testada preservando trazabilidad,DRAFT_NOT_SENT
TR148_013,REQ148_ECON,UAI,CL148_ANALYTIC51,Informe Analítico UAI 51/2022,2021-2022,UAI51/2022,tipo;ID;fecha;cuenta;signo;importe;referencia;estado;archivo;hash,copia testada preservando trazabilidad,DRAFT_NOT_SENT
TR148_014,REQ148_ECON,SAF355/UAI,CL148_REPO_RAW,Componentes no redondeados REPO,2018-2019,2.1.2.01.02.99.00;0.61,tipo;ID;fecha;cuenta;signo;importe;referencia;estado;archivo;hash,copia testada preservando trazabilidad,DRAFT_NOT_SENT
TR148_015,REQ148_ECON,Archivo/Sistemas,CL148_NEGATIVE,"Inventarios, migraciones y actos si no obra",2006-2009,SAF355;SIDIF;CUT,tipo;ID;fecha;cuenta;signo;importe;referencia;estado;archivo;hash,copia testada preservando trazabilidad,DRAFT_NOT_SENT
TR149_001,REQ149_ECON,CGN/SAF355,CL149_FINAL_LISTS,Listados finales SIDIF,2008,83106000,tipo;ID;fecha extracto;fecha proceso;cuenta;signo;importe;referencia;estado;hash,copia testada preservando trazabilidad,DRAFT_NOT_SENT
TR149_002,REQ149_ECON,SAF355,CL149_CONFORMITY,Devoluciones conformadas,2008-2009,SAF355,tipo;ID;fecha extracto;fecha proceso;cuenta;signo;importe;referencia;estado;hash,copia testada preservando trazabilidad,DRAFT_NOT_SENT
TR149_003,REQ149_ECON,SAF355/CGN,CL149_ADJUST,Ajustes y notas,2008-2009,71597;152677;2876,tipo;ID;fecha extracto;fecha proceso;cuenta;signo;importe;referencia;estado;hash,copia testada preservando trazabilidad,DRAFT_NOT_SENT
TR149_004,REQ149_ECON,SIGEN/UAI,CL149_AUDIT_NOTICE,Comunicaciones de diferencias,2008-2009,SAF355;83106000,tipo;ID;fecha extracto;fecha proceso;cuenta;signo;importe;referencia;estado;hash,copia testada preservando trazabilidad,DRAFT_NOT_SENT
TR149_005,REQ149_ECON,Archivo SAF355,CL149_ORIGINALS,Originales/inventario,2008,art.22 Res.6/08,tipo;ID;fecha extracto;fecha proceso;cuenta;signo;importe;referencia;estado;hash,copia testada preservando trazabilidad,DRAFT_NOT_SENT
TR149_006,REQ149_ECON,CGN/SAF355,CL149_H1,Paquete 30/6,2008-06-30,71597;152677;2876,tipo;ID;fecha extracto;fecha proceso;cuenta;signo;importe;referencia;estado;hash,copia testada preservando trazabilidad,DRAFT_NOT_SENT
TR149_007,REQ149_ECON,CGN/SAF355,CL149_H2,Paquete 31/12,2008-12-31,71597;152677;2876,tipo;ID;fecha extracto;fecha proceso;cuenta;signo;importe;referencia;estado;hash,copia testada preservando trazabilidad,DRAFT_NOT_SENT
TR149_008,REQ149_ECON,SIDIF/SICHE,CL149_HISTORY,"Tipo, interno/SIDIF e historia",2008-2009,71597;152677;2876,tipo;ID;fecha extracto;fecha proceso;cuenta;signo;importe;referencia;estado;hash,copia testada preservando trazabilidad,DRAFT_NOT_SENT
TR149_009,REQ149_ECON,UAI,CL149_LAST_FORMS,Acta últimos formularios,2008-2009,SAF355,tipo;ID;fecha extracto;fecha proceso;cuenta;signo;importe;referencia;estado;hash,copia testada preservando trazabilidad,DRAFT_NOT_SENT
TR149_010,REQ149_ECON,UAI/SIGADE,CL149_BACKUP,Inventario snapshots,2008,83106000,tipo;ID;fecha extracto;fecha proceso;cuenta;signo;importe;referencia;estado;hash,copia testada preservando trazabilidad,DRAFT_NOT_SENT
TR149_011,REQ149_ECON,UAI/SIGADE,CL149_RESTORE,Restore/consulta,2008,83106000;7.2.8,tipo;ID;fecha extracto;fecha proceso;cuenta;signo;importe;referencia;estado;hash,copia testada preservando trazabilidad,DRAFT_NOT_SENT
TR149_012,REQ149_ECON,TGN,CL149_NOTE,"Nota, saldos y movimientos",2008,3855/19;alternativas,tipo;ID;fecha extracto;fecha proceso;cuenta;signo;importe;referencia;estado;hash,copia testada preservando trazabilidad,DRAFT_NOT_SENT
TR149_013,REQ149_ECON,TGN/SIDIF,CL149_PAYMENT_REPORT,Reporte Resumen de Pagos,2008,71597;152677;2876,tipo;ID;fecha extracto;fecha proceso;cuenta;signo;importe;referencia;estado;hash,copia testada preservando trazabilidad,DRAFT_NOT_SENT
TR149_014,REQ149_BNA,BNA/TGN,CL149_EXTRACTS,Extractos diarios,2008,3855/19,tipo;ID;fecha extracto;fecha proceso;cuenta;signo;importe;referencia;estado;hash,copia testada preservando trazabilidad,DRAFT_NOT_SENT
TR149_015,REQ149_ECON,SAF355,CL149_DUAL_COPY,Copia magnética/papel,2008,3855/19;alternativas,tipo;ID;fecha extracto;fecha proceso;cuenta;signo;importe;referencia;estado;hash,copia testada preservando trazabilidad,DRAFT_NOT_SENT
TR149_016,REQ149_ECON,DADP/ONCP,CL149_DADP,Legajo recompra,2008,83106000;rondas,tipo;ID;fecha extracto;fecha proceso;cuenta;signo;importe;referencia;estado;hash,copia testada preservando trazabilidad,DRAFT_NOT_SENT
TR149_017,REQ149_ECON,CUT/SIDIF,CL149_RECON,Libro Banco/conciliación,2008-2009,71597;152677;2876,tipo;ID;fecha extracto;fecha proceso;cuenta;signo;importe;referencia;estado;hash,copia testada preservando trazabilidad,DRAFT_NOT_SENT
TR149_018,REQ149_ECON,Archivo/Sistemas,CL149_NEGATIVE,Inventarios/migraciones/disposición,1996-2019,SAF355;TGN;UAI;DADP,tipo;ID;fecha extracto;fecha proceso;cuenta;signo;importe;referencia;estado;hash,copia testada preservando trazabilidad,DRAFT_NOT_SENT
TR150_001,REQ133_ECON,SAF355,C42_TYPE,Cuerpo y tipo C41/C42/C55,2008-2009,83106000;71597/0071597;152677/0152677;2876/0002876,tipo;número SAF;número SIDIF;cuerpo,"Metadatos no exceptuados, campos testados e informe de búsqueda.",DRAFT_NOT_SENT
TR150_002,REQ133_ECON,CGN/SIDIF,C42_NUMBER,Registro SIDIF de siete dígitos,2008-2009,83106000;71597/0071597;152677/0152677;2876/0002876,correlativo;hora;fecha;estado,"Metadatos no exceptuados, campos testados e informe de búsqueda.",DRAFT_NOT_SENT
TR150_003,REQ133_ECON,SAF355/CGN,C42_TRANSAF,Transmisión y acuse TRANSAF,2008-2009,83106000;71597/0071597;152677/0152677;2876/0002876,archivo;acuse;timestamp,"Metadatos no exceptuados, campos testados e informe de búsqueda.",DRAFT_NOT_SENT
TR150_004,REQ133_ECON,CGN,C42_PAPER,Original y copia firmados,2008-2009,83106000;71597/0071597;152677/0152677;2876/0002876,imagen;firmas;mesa;fecha,"Metadatos no exceptuados, campos testados e informe de búsqueda.",DRAFT_NOT_SENT
TR150_005,REQ133_ECON,CGN,C42_COMPARE,Cotejo papel contra pantalla,2008-2009,83106000;71597/0071597;152677/0152677;2876/0002876,operador;fecha;resultado,"Metadatos no exceptuados, campos testados e informe de búsqueda.",DRAFT_NOT_SENT
TR150_006,REQ133_ECON,CGN/TGN,C42_APPROVAL,Aprobación y remisión,2008-2009,83106000;71597/0071597;152677/0152677;2876/0002876,estado;fecha;lote;recepción,"Metadatos no exceptuados, campos testados e informe de búsqueda.",DRAFT_NOT_SENT
TR150_007,REQ133_ECON,TGN,C42_PAYMENT,"Selección, pago y cancelación",2008-2009,83106000;71597/0071597;152677/0152677;2876/0002876,fecha valor;moneda;importe;cuenta;referencia,"Metadatos no exceptuados, campos testados e informe de búsqueda.",DRAFT_NOT_SENT
TR150_008,REQ133_ECON,SAF355,C42_BENEFICIARY,Beneficiario y cuenta bancaria,2008-2009,83106000;71597/0071597;152677/0152677;2876/0002876,nombre;CUIT;banco;sucursal;tipo;cuenta,"Metadatos no exceptuados, campos testados e informe de búsqueda.",DRAFT_NOT_SENT
TR150_009,REQ133_ECON,SAF355/TGN,C42_PAYER,Pagador y cuenta responsable,2008-2009,83106000;71597/0071597;152677/0152677;2876/0002876,pagador;banco;código;cuenta,"Metadatos no exceptuados, campos testados e informe de búsqueda.",DRAFT_NOT_SENT
TR150_010,REQ133_ECON,SAF355,C42_SUPPORT,"Respaldo, AXT, concepto y SIGADE",2008-2009,83106000;71597/0071597;152677/0152677;2876/0002876,tipo;número;AXT;texto;SIGADE,"Metadatos no exceptuados, campos testados e informe de búsqueda.",DRAFT_NOT_SENT
TR150_011,REQ133_ECON,SAF355/CGN,C42_EXPIRY,Historia al cierre y caducidad,2008-2009,83106000;71597/0071597;152677/0152677;2876/0002876,estado;fecha;causa;posterior,"Metadatos no exceptuados, campos testados e informe de búsqueda.",DRAFT_NOT_SENT
TR150_012,REQ133_ECON,SAF355/CGN,C42_C55,Antecedente C42 y regularización C55,2008-2009,83106000;71597/0071597;152677/0152677;2876/0002876,relación;montos;fechas;estado,"Metadatos no exceptuados, campos testados e informe de búsqueda.",DRAFT_NOT_SENT
TR150_013,REQ133_ECON,SAF355/UAI,LEGACY_BACKUP,Backup CONPRE/SIDIF Local/sistema propio,2008-2009,83106000;71597/0071597;152677/0152677;2876/0002876,motor;versión;corte;hash;restore,"Metadatos no exceptuados, campos testados e informe de búsqueda.",DRAFT_NOT_SENT
TR150_014,REQ133_ECON,Archivo SAF355/CGN,C42_INVENTORY,Inventario de originales,2008-2009,83106000;71597/0071597;152677/0152677;2876/0002876,serie;caja;folio;transferencia,"Metadatos no exceptuados, campos testados e informe de búsqueda.",DRAFT_NOT_SENT
TR150_015,REQ133_BNA,BNA/TGN,C42_BANK,Movimiento destino versus cuenta pagadora,2008-2009,83106000;71597/0071597;152677/0152677;2876/0002876,fecha valor;signo;importe;cuenta;referencia;reversa,"Metadatos no exceptuados, campos testados e informe de búsqueda.",DRAFT_NOT_SENT
TR151_001,REQ133_ECON,SAF355,SIDIF_LOCAL,Registro local/origen SAF355,2008-2009,83106000;71597/0071597;152677/0152677;2876/0002876,tipo;número SAF;número SIDIF;cabecera;renglones;historia,"Metadatos no exceptuados, campos testados e informe de búsqueda.",DRAFT_NOT_SENT
TR151_002,REQ133_ECON,CGN/SIDIF,SIDIF_CENTRAL,Registro SIDIF Central,2008-2009,83106000;71597/0071597;152677/0152677;2876/0002876,tipo;número;ejercicio;estado;cabecera;renglones;historia,"Metadatos no exceptuados, campos testados e informe de búsqueda.",DRAFT_NOT_SENT
TR151_003,REQ133_ECON,SAF355/CGN,DUAL_RECONCILIATION,Conciliación local-central,2008-2009,83106000;71597/0071597;152677/0152677;2876/0002876,joins;diferencias;operador;fecha;ajuste,"Metadatos no exceptuados, campos testados e informe de búsqueda.",DRAFT_NOT_SENT
TR151_004,REQ133_ECON,SAF355,TRANSAF_SEND,Lote y log de envío,2008-2009,83106000;71597/0071597;152677/0152677;2876/0002876,lote;transacción;nodo;archivo;fecha;estado;acuse;error,"Metadatos no exceptuados, campos testados e informe de búsqueda.",DRAFT_NOT_SENT
TR151_005,REQ133_ECON,CGN/SIDIF,TRANSAF_RECEIVE,Recepción y descarga,2008-2009,83106000;71597/0071597;152677/0152677;2876/0002876,lote;sentido;nodo;fecha;estado;archivos,"Metadatos no exceptuados, campos testados e informe de búsqueda.",DRAFT_NOT_SENT
TR151_006,REQ133_ECON,SAF355/CGN,TRANSAF_SECURITY,"Autenticación, firma y protocolo",2008-2009,83106000;71597/0071597;152677/0152677;2876/0002876,protocolo;resultado;certificado;operador;timestamp,"Metadatos no exceptuados, campos testados e informe de búsqueda.",DRAFT_NOT_SENT
TR151_007,REQ133_ECON,DGSIAF/SAF355,TRANSAF_ARCHIVE,"Backend, archivo y backup",2008-2009,83106000;71597/0071597;152677/0152677;2876/0002876,serie;rango;soporte;ubicación;migración;disposición,"Metadatos no exceptuados, campos testados e informe de búsqueda.",DRAFT_NOT_SENT
TR151_008,REQ133_ECON,SAF355/UAI,LOCAL_PARAM_LIST,Listado parametrizado local,2008-2009,83106000;71597/0071597;152677/0152677;2876/0002876,parámetros;columnas;filas;fecha;emisor,"Metadatos no exceptuados, campos testados e informe de búsqueda.",DRAFT_NOT_SENT
TR151_009,REQ133_ECON,CGN/UAI,CENTRAL_PARAM_LIST,Listado Parametrizado SIDIF Central,2008-2009,83106000;71597/0071597;152677/0152677;2876/0002876,parámetros;columnas;filas;fecha;destinatario,"Metadatos no exceptuados, campos testados e informe de búsqueda.",DRAFT_NOT_SENT
TR151_010,REQ133_ECON,CGN,SPECIFIC_QUERY,Consulta específica de movimientos,2008-2009,83106000;71597/0071597;152677/0152677;2876/0002876,consulta;parámetros;resultado;operador;fecha,"Metadatos no exceptuados, campos testados e informe de búsqueda.",DRAFT_NOT_SENT
TR151_011,REQ133_ECON,CGN/SAF355,CGN_ADJUSTMENT,"Comunicación, reemplazo o ajuste",2008-2009,83106000;71597/0071597;152677/0152677;2876/0002876,nota;expediente;observación;reemplazo;ajuste,"Metadatos no exceptuados, campos testados e informe de búsqueda.",DRAFT_NOT_SENT
TR151_012,REQ133_ECON,UAI SAF355/SIGEN,UAI_CERTIFICATION,Certificación UAI,2008-2009,83106000;71597/0071597;152677/0152677;2876/0002876,universo;fuentes;pruebas;observaciones;firma;fecha,"Metadatos no exceptuados, campos testados e informe de búsqueda.",DRAFT_NOT_SENT
TR151_013,REQ133_ECON,TGN/BNA/UAI,BANK_TRIANGULATION,"Extracto, transferencia TGN y acta",2008-2009,83106000;71597/0071597;152677/0152677;2876/0002876,cuenta;fecha valor;signo;moneda;importe;referencia;conciliación,"Metadatos no exceptuados, campos testados e informe de búsqueda.",DRAFT_NOT_SENT
TR151_014,REQ133_ECON,SAF355/CGN/AGN,DOCUMENT_INVENTORY,Inventario y transferencia documental,2008-2009,83106000;71597/0071597;152677/0152677;2876/0002876,serie;caja;folio;fecha;destino;responsable,"Metadatos no exceptuados, campos testados e informe de búsqueda.",DRAFT_NOT_SENT
TR151_015,REQ133_ECON,Todos los custodios,NEGATIVE_SEARCH,Informe de búsqueda negativa reproducible,2008-2009,83106000;71597/0071597;152677/0152677;2876/0002876,repositorios;parámetros;fechas;backups;migraciones;disposición,"Metadatos no exceptuados, campos testados e informe de búsqueda.",DRAFT_NOT_SENT
TR152_001,REQ133_ECON,SIGEN,CL152_INSTR02,Instructivo 02/2008 y anexos,2008,02/2008;II/IV/V,texto;versión;firma;distribución,metadatos/inventario/disposición,DRAFT_NOT_SENT
TR152_002,REQ133_ECON,UAI Economía/SAF355,CL152_CERTIV,Certificación Anexo IV,2008-2009,SAF355;IDs,nota;universo;resultado;firma,campos testados,DRAFT_NOT_SENT
TR152_003,REQ133_ECON,UAI Economía/SAF355,CL152_CERTV,Certificación Anexo V,2008-2009,SAF355;ajustes;IDs,nota;ajustes;resultado;firma,campos testados,DRAFT_NOT_SENT
TR152_004,REQ133_ECON,UAI Economía,CL152_WORKPAPERS,Papeles de trabajo,2008-2009,SAF355;Cuenta2008,universo;muestra;pruebas;conclusión,inventario/disposición,DRAFT_NOT_SENT
TR152_005,REQ133_ECON,UAI Economía/SIGEN,CL152_AUDIT,Informe Instructivo 1/2009,2009,SAF355;Cuenta2008,informe;hallazgos;plan;seguimiento,metadatos/índice,DRAFT_NOT_SENT
TR152_006,REQ133_ECON,SIGEN,CL152_GLOBAL,Informe Cuenta de Inversión 2008,2008-2009,Cuenta2008;SAF355,cuerpo;anexos;base;metodología,metadatos/anexos testados,DRAFT_NOT_SENT
TR152_007,REQ133_ECON,SIGEN,CL152_SUPERVISION,Supervisión UAI Economía,2009,Economía;SAF355,plan;informe;observaciones;seguimiento,inventario del universo,DRAFT_NOT_SENT
TR152_008,REQ133_ECON,CGN/SAF355,CL152_FINAL_LIST,Listados finales art.8,31/12/2008,SAF355;83106000;IDs,archivo;parámetros;filas;nota;firma,cero reproducible,DRAFT_NOT_SENT
TR152_009,REQ133_ECON,CGN/SAF355/UAI,CL152_DISCREPANCY,Discrepancias/ajustes/notificaciones,2008-2009,C41;C42;C55;IDs,tipo;N° SIDIF/SAF;importe;acuse,metadatos,DRAFT_NOT_SENT
TR152_010,REQ133_ECON,SAF355/Archivo,CL152_ARCHIVE,Índice originales art.22,2008-2009,SAF355;C41/C42/C55,legajo;caja;folio;transferencia,inventario/destino,DRAFT_NOT_SENT
TR152_011,REQ133_ECON,ONCP/CGN,CL152_AXT,Detalle AXT 30/06/2008,2008-06-30,83106000;IDs,cuenta;operación;saldo;explicación,cero/cobertura,DRAFT_NOT_SENT
TR152_012,REQ133_ECON,ONCP/CGN,CL152_MIDCONF,Conformidad/saldos intermedios,2008-06,SAF355;AXT,versión;nota;ajuste;firma,índice/metadatos,DRAFT_NOT_SENT
TR152_013,REQ133_ECON,CGN/SAF355,CL152_PARAMMAIL,Casillas param355/inconsis355,2008,SAF355;param;inconsis,cabecera;adjunto;timestamp;acuse,backup/soporte,DRAFT_NOT_SENT
TR152_014,REQ133_ECON,CGN/SAF355,CL152_SHEETS,Planillas Anexo I,2008-2009,71597;152677;2876,anexo;imputación;tipo;N° SIDIF/SAF;firma,cero reproducible,DRAFT_NOT_SENT
TR152_015,REQ133_ECON,CGN/SAF355,CL152_BACKUP,Backups listados/mensajes,2008-2009,param355;inconsis355;SIDIF,soporte;fecha;prueba;log;custodio,inventario/disposición,DRAFT_NOT_SENT
TR152_016,REQ133_ECON,CGN/SAF355,CL152_RECEIPT,Mesa de Entradas/acuse,2008-2009,SAF355;Cuenta2008,número;fecha;remitente;adjuntos;destino,metadatos,DRAFT_NOT_SENT
TR153_001,REQ133_ECON,UAI Economía/SAF355,CL153_CERT_I,Certificación Anexo I,2008-2009,SAF355;Cuenta2008;AnexoI,Cuadro1B;nota;firma;fuentes,no aplicabilidad/incumplimiento,DRAFT_NOT_SENT
TR153_002,REQ133_ECON,UAI Economía/SAF355,CL153_CERT_II,Certificación Anexo II,2008-2009,SAF355;Cuenta2008;AnexoII,Cuadro1C;C43;extractos;firma,no aplicabilidad/incumplimiento,DRAFT_NOT_SENT
TR153_003,REQ133_ECON,UAI Economía/SAF355,CL153_CERT_III,Certificación Anexo III,2008-2009,SAF355;UEPEX;AnexoIII,UEPEX;Cuadro5.4;SIDIF;TGN,universo cero/no aplicabilidad,DRAFT_NOT_SENT
TR153_004,REQ133_ECON,UAI Economía/SAF355,CL153_CERT_IV,Certificación Anexo IV,2008-2009,SAF355;C41;C42;C55;IDs,anexo;N° SIDIF/SAF;estado;firma,índice/metadatos,DRAFT_NOT_SENT
TR153_005,REQ133_ECON,UAI Economía/SAF355,CL153_CERT_V,Certificación Anexo V,2008-2009,SAF355;remanente;rectificación,comunicación;cálculo;antecedentes;firma,índice/metadatos,DRAFT_NOT_SENT
TR153_006,REQ133_ECON,CGN,CL153_CGN_RECEIPT,Ingreso o rechazo del cierre certificado,2009,Circular01/09;SAF355,número;fecha;adjuntos;estado;acuse,mesa de entradas,DRAFT_NOT_SENT
TR153_007,REQ133_ECON,SIGEN,CL153_REPORT_META,Registro del informe Cuenta 2008,2009,MinisterioEconomía;GSEPyPF,número;título;expediente;fecha;firmantes,inventario/disposición,DRAFT_NOT_SENT
TR153_008,REQ133_ECON,SIGEN,CL153_REPORT_BODY,Cuerpo y anexos del informe Cuenta 2008,2008-2009,MinisterioEconomía;GSEPyPF;Cuenta2008,cuerpo;anexos;base;universo;método,metadatos testados,DRAFT_NOT_SENT
TR153_009,REQ133_ECON,CGN/AGDFA,CL153_ARCHIVE_INDEX,Índice documental SAF355/Cuenta 2008,2008-2009,SAF355;UAI;AnexosI-V,legajo;soporte;transferencia;ubicación,consulta negativa reproducible,DRAFT_NOT_SENT
TR153_010,REQ133_ECON,UAI/SAF355/SIGEN,CL153_SIGEN_COPY,Copia e ingreso SIGEN,2009,SAF355;Instructivo2/2008,remitente;receptor;fecha;adjuntos;acuse,metadatos,DRAFT_NOT_SENT
TR153_011,REQ133_ECON,UAI Economía,CL153_WORKPAPERS,Papeles de trabajo por Anexo I-V,2008-2009,SAF355;Cuenta2008,universo;muestra;pruebas;excepciones;conclusión,índice/ubicación,DRAFT_NOT_SENT
TR153_012,REQ133_ECON,CGN/SAF355,CL153_LATE_FORMS,Listado de formularios fuera de fecha,2008-2009,C35;C41;C42;C43;C55;C75;C10,fecha tope;emisión;SIDIF/SAF;estado,cero reproducible,DRAFT_NOT_SENT
TR153_013,REQ133_ECON,CGN/SAF355,CL153_TARGET_ROWS,Filas target del Anexo IV,2008-2009,71597;152677;2876,tipo;importe;beneficiario;cuenta;estado,universo/parámetros,DRAFT_NOT_SENT
TR153_014,REQ133_ECON,SAF355/UAI,CL153_BANK_SOURCES,Extractos y arqueos usados,2008,AnexosI;II;III;IV,banco;cuenta;moneda;fecha valor;movimiento,índice/ubicación,DRAFT_NOT_SENT
TR153_015,REQ133_ECON,CGN/SAF355,CL153_REMAINDER,Remanente provisorio y rectificación,2008-2009,AnexoV;SAF355,cálculo;comunicación;caso;importe;resultado,metadatos/antecedentes,DRAFT_NOT_SENT
TR153_016,REQ133_ECON,SIGEN,CL153_PUBLIC_ARCHIVE,Cobertura histórica del Archivo Público,2009,Cuenta2008;GSEPyPF,serie;índice;criterio;ubicación;disposición,explicar ventana 2020-2026,DRAFT_NOT_SENT
TR154_01,REQ133_ECON,SIGEN,CL154_PUBLIC_NO,Número público/registro informe Cuenta 2008,2009,Economía;GSEPyPF;Cuenta2008,número;título;fecha;entidad;área,índice o búsqueda negativa,DRAFT_NOT_SENT
TR154_02,REQ133_ECON,SIGEN/UAI Economía,CL154_INTERNAL_NO,Número interno del informe,2009,UAI;GSEPyPF;Cuenta2008,número;libro;asiento;firmante;fecha,metadatos testados,DRAFT_NOT_SENT
TR154_03,REQ133_ECON,SIGEN/UAI Economía,CL154_CONTAINER,Expediente/legajo/contenedor,2008-2009,SAF355;Cuenta2008,sistema;número;carátula;ubicación,papel/COMDOC/soporte,DRAFT_NOT_SENT
TR154_04,REQ133_ECON,SIGEN/UAI Economía,CL154_ATTACH_INDEX,Índice de anexos y embebidos,2008-2009,AnexosI-V;informe,nombre;folio/orden;formato;tamaño,inventario/disposición,DRAFT_NOT_SENT
TR154_05,REQ133_ECON,UAI Economía/SAF355,CL154_PRODUCER_DOC,Documento productor por certificado,2008-2009,AnexosI-V;SAF355,número;fecha;emisor;receptor;adjuntos,registro salida,DRAFT_NOT_SENT
TR154_06,REQ133_ECON,UAI Economía/SAF355,CL154_ACCOUNTING_SOURCE,Archivo/listado contable usado,2008,Cuenta2008;SAF355,nombre;versión;corte;campos;hash,parámetros/consulta,DRAFT_NOT_SENT
TR154_07,REQ133_ECON,UAI Economía/SAF355,CL154_BANK_STATEMENTS,Extractos bancarios usados,2008,AnexosI;II;III;IV,banco;cuenta;moneda;período;movimiento,índice testado,DRAFT_NOT_SENT
TR154_08,REQ133_ECON,UAI Economía/SAF355,CL154_BANK_CERTS,Certificaciones bancarias de saldo,2008,AnexoI;SAF355,banco;cuenta;fecha;saldo;firmante,metadatos,DRAFT_NOT_SENT
TR154_09,REQ133_ECON,UAI Economía/CGN,CL154_MINISTRY_EXTRACT,Extracto ministerial/SIDIF/SLU,2008,SAF355;Cuenta2008,archivo;versión;fecha;campos;filas,consulta reproducible,DRAFT_NOT_SENT
TR154_10,REQ133_ECON,CGN,CL154_RECEIPT_ATTACH,Acuse CGN con adjuntos,2009,Circular01/09;SAF355,número;fecha;receptor;adjuntos;estado,rechazo/mesa entradas,DRAFT_NOT_SENT
TR154_11,REQ133_ECON,SIGEN,CL154_SIGEN_COPY_ATTACH,Ingreso SIGEN con adjuntos,2009,Instructivo2/2008;SAF355,asiento;fecha;remitente;adjuntos;ubicación,inventario,DRAFT_NOT_SENT
TR154_12,REQ133_ECON,UAI Economía,CL154_CROSSREFS,Referencias entre certificados,2008-2009,AnexosI-V;informe,origen;destino;monto;folio;estado,listado exhaustivo,DRAFT_NOT_SENT
TR154_13,REQ133_ECON,UAI Economía,CL154_AUDIT_TESTS,Pruebas y muestra,2008-2009,Cuenta2008;SAF355,universo;muestra;transacción;respaldo;resultado,papeles/índice,DRAFT_NOT_SENT
TR154_14,REQ133_ECON,CGN/SAF355,CL154_TARGET_FINAL_STATE,Estado final 71597/152677/2876,2008-2009,C41;C42;C55;reversas,registro;importe;beneficiario;banco;estado,cero reproducible,DRAFT_NOT_SENT
TR154_15,REQ133_ECON,CGN/AGDFA,CL154_DISPOSITION,Retención y disposición,2008-2026,SAF355;Cuenta2008,transferencia;serie;plazo;ubicación;acto,constancia eliminación,DRAFT_NOT_SENT
TR154_16,REQ133_ECON,SIGEN,CL154_ARCHIVE_SCOPE,Cobertura histórica ArchivoWeb,2009,GSEPyPF;Cuenta2008,año inicial;criterios;exclusiones;inventario,explicar ventana,DRAFT_NOT_SENT
TR155_01,REQ155_ECON,Ministerio de Economía / CGN,CL155_DAIF_NOTE,"Cuerpo completo Nota 0120/09 DAIF, anexos e índice",2009; cierre 2008,0120/09 DAIF; UEPEX; Cuenta 2008,número; fecha; emisor; destinatario; asunto; anexos; firma; acuse,"metadatos, índice y versión testada",DRAFT_NOT_SENT
TR155_02,REQ155_SIGEN,SIGEN,CL155_SIGEN_NOTE,Cuerpo completo Nota SIGEN 3672/09 GSEyP,2009,3672/09 GSEyP; 0120/09 DAIF,número; fecha; firma; distribución; instrucción; anexos,"metadatos, índice y versión testada",DRAFT_NOT_SENT
TR155_03,REQ155_SIGEN,SIGEN,CL155_SISIO_ENTRY,Alta SISIO vinculada al informe DAIF,2009-2010,0120/09; 3672/09; Cuenta 2008,id actuación; organismo; tema; hallazgo; estado; fechas; responsable,exportación sin datos exceptuados o certificado de búsqueda,DRAFT_NOT_SENT
TR155_04,REQ155_SIGEN,SIGEN,CL155_SISIO_HISTORY,Historial de actualizaciones y cierre SISIO,2009-2026,id actuación; Economía; UEPEX,fecha; cambio; estado; usuario/área; evidencia vinculada,traza agregada y disposición final,DRAFT_NOT_SENT
TR155_05,REQ155_ECON,UAI Economía,CL155_UAI_PLAN,Plan anual UAI 2009 y modificaciones,2008-2010,Cuenta 2008; certificación; SIGEN,proyecto; código; horas; producto; estado; informe,índice y extracto de proyectos,DRAFT_NOT_SENT
TR155_06,REQ155_ECON,UAI Economía,CL155_UAI_REPORT_BOOK,Libro o registro de informes UAI 2009,2009,Cuenta de Inversión; SAF355; GSEyP,número interno; título; fecha; área; destinatario; contenedor,inventario aun sin cuerpo,DRAFT_NOT_SENT
TR155_07,REQ155_ECON,UAI Economía,CL155_UAI_WORKPAPERS,Índice de papeles de trabajo del cierre 2008,2008-2009,Instructivo 2/2008; Anexos I-V,caja; soporte; carpeta; folio; documento; disposición,índice testado,DRAFT_NOT_SENT
TR155_08,REQ155_ECON,SAF355,CL155_CLOSING_RESPONSIBILITY,Registro de remisión y responsabilidad art. 22,2008-2009,Resolución SH 6/2008 art. 22; SAF355,responsable; fecha; contenido; firma; destino; acuse,metadatos y cadena de custodia,DRAFT_NOT_SENT
TR155_09,REQ155_ECON,CGN,CL155_PARAMETER_QUERY,Listado/consulta parametrizada usada para diferencias,2008-2009,SIDIF; DADP; Cuenta 2008,parámetros; corte; versión; operador; filas; salida,consulta reproducible o certificado de búsqueda,DRAFT_NOT_SENT
TR155_10,REQ155_ECON,CGN,CL155_REPLACED_TABLES,Versiones reemplazadas de cuadros/anexos,2008-2009,SAF355; cierre 2008,versión; fecha; motivo; original; reemplazo; firma,índice de versiones,DRAFT_NOT_SENT
TR155_11,REQ155_ECON,CGN/UAI,CL155_CORRECTION_CERT,Formularios de regularización y certificación UAI,2008-2009,movimientos del ejercicio; cierre,formulario; movimiento; fecha; certificado; firma,datos testados y agregados por documento,DRAFT_NOT_SENT
TR155_12,REQ155_ECON,Archivo/Mesa de entradas,CL155_LEGACY_ROUTE,"Búsqueda pre-GDE por COMDOC, libro, caja y soporte",2008-2010,0120/09; 3672/09; SAF355,sistema; consulta; resultado; fondo; serie; disposición,certificado de búsqueda negativo fundado,DRAFT_NOT_SENT
TR155_13,REQ155_SIGEN,SIGEN AIP,CL155_AIP_RECEIPT,Acuse y número de trámite,cuando se autorice,detalle V155,fecha; canal; id; vencimiento,N/A antes del envío,DRAFT_NOT_SENT
TR155_14,REQ155_ECON,Ministerio de Economía,CL155_DISCLOSURE_GAP,Inventario histórico anterior a 2022,2008-2021,UAI; SIGEN; Cuenta de Inversión,año; número; título; archivo; URL; disposición,inventario y explicación de faltantes,DRAFT_NOT_SENT
TR155_15,REQ155_ECON,UAI Economía,CL155_POST_TARGET_DUTIES,Antecedentes de la estructura UAI vigente en 2009,2004-2010,Decreto 1359/2004; Decreto 1025/2010,organigrama; acciones; vigencia; responsables,acto y anexos,DRAFT_NOT_SENT
TR155_16,REQ155_ECON,Tesoro/Finanzas,CL155_FINAL_BANK_GATE,Conciliación de IDs administrativos con banco y reversas,2008-2009,71597; 152677; 2876; C41/C42/C55,id; fecha; cuenta; débito/crédito; valor; reversa; estado,fila testada manteniendo importes y fechas,DRAFT_NOT_SENT
TR156_01,REQ156_ECON,UAI Economía,CL156_PLAN_CHRONOGRAM,Cronograma de Emisión y constancia del plan,2009,SISIO; Plan 2009; Cuenta 2008,id; versión; fecha; aprobación; proyecto,plan testado e índice,DRAFT_NOT_SENT
TR156_02,REQ156_ECON,UAI Economía,CL156_UNPLANNED_PROJECT,Altas No Planificado relacionadas,2009,No Planificado; Cuenta 2008,id; fecha; motivo; horas; producto,listado o cero reproducible,DRAFT_NOT_SENT
TR156_03,REQ156_SIGEN,SIGEN,CL156_SISIO_RECEIPT,"Constancia por 0120/09, 3672/09 o informe",2009,SISIO; 0120/09; 3672/09,id; documento; fecha; organismo; usuario,constancia testada,DRAFT_NOT_SENT
TR156_04,REQ156_SIGEN,SIGEN,CL156_ACCOUNT_IMPACT,Campo de impacto en Cuenta,2008-2009,Cuenta 2008; impacto,id; valor; fecha; fundamento,exportación de campos,DRAFT_NOT_SENT
TR156_05,REQ156_SIGEN,SIGEN,CL156_OBSERVATION_HISTORY,"Observaciones, recomendaciones y conclusiones",2009-2026,0120/09; 3672/09; SISIO,id; síntesis; estado; fechas; responsable,exportación testada,DRAFT_NOT_SENT
TR156_06,REQ156_ECON,UAI Economía,CL156_REGULARIZATION_INSTRUMENT,Instrumento y verificación de regularización,2009-2026,Regularizada; Cuenta 2008,observación; instrumento; fecha; prueba,índice con vínculo,DRAFT_NOT_SENT
TR156_07,REQ156_ECON,UAI Economía,CL156_ANNEX_II,Informe anual de pendientes,2009-2010,Anexo II Res 15/2006,objeto; alcance; limitaciones; pruebas; opinión; firmas,cuerpo testado,DRAFT_NOT_SENT
TR156_08,REQ156_ECON,UAI Economía,CL156_ANNEX_III,Informe anual de regularizadas,2009-2010,Anexo III Res 15/2006,objeto; alcance; pruebas; opinión; firmas,cuerpo testado,DRAFT_NOT_SENT
TR156_09,REQ156_ECON,UAI Economía,CL156_WORKPAPER_INDEX,Índice de papeles Cuenta 2008,2008-2010,Decreto 1359/2004; Res 152/2002,cédula; soporte; autor; fecha; informe,inventario testado,DRAFT_NOT_SENT
TR156_10,REQ156_ECON,Archivo Economía,CL156_UAI_DEPOSIT,"Certificación de depósito, transferencia o disposición",2008-2026,UAI depositaria; organismo propietario,fondo; serie; caja; soporte; acto; destino,certificado fundado,DRAFT_NOT_SENT
TR156_11,REQ156_SIGEN,SIGEN,CL156_ACCESS_SEARCH,Búsqueda por acceso a archivos UAI,2008-2010,Res 152/2002; Cuenta 2008,sistema; consulta; custodio; resultado,certificación de búsqueda,DRAFT_NOT_SENT
TR156_12,REQ156_ECON,UAI Economía,CL156_TARGET_DUTY_REPORTS,Inventario de informes bajo acciones vigentes,2008-2009,Decreto 1359/2004; UAI,número; título; fecha; destino; acción,inventario completo,DRAFT_NOT_SENT
TR156_13,REQ156_ECON,UAI Economía,CL156_SOURCE_RELIABILITY,Pruebas de confiabilidad del cierre,2008-2009,acción 7; Cuenta 2008,fuente; versión; prueba; excepción; conclusión,matriz testada,DRAFT_NOT_SENT
TR156_14,REQ156_ECON,UAI Economía,CL156_STATEMENT_OPINION,Opinión contable relevante,2008-2009,acción 9; SAF355,unidad; período; opinión; salvedad; firma,cuerpo o cero reproducible,DRAFT_NOT_SENT
TR156_15,REQ156_ECON,UAI Economía/SIGEN,CL156_DEVIATION_COMMUNICATION,Comunicaciones de desvíos,2008-2009,acción 11; 0120/09; 3672/09,nota; fecha; emisor; receptor; acuse,cuerpo testado,DRAFT_NOT_SENT
TR156_16,REQ156_ECON,UAI Economía,CL156_FOLLOWUP_RECORD,Seguimiento de recomendaciones,2009-2026,acción 12; SISIO,observación; estado; cambio; fecha; evidencia,historial testado,DRAFT_NOT_SENT
TR156_17,REQ156_SIGEN,SIGEN,CL156_GSEYP_IDENTITY,Acto o firma que expanda GSEyP,2008-2009,GSEyP; GSEPyPF; 3672/09,unidad; dependencia; vigencia; firma,copia o certificado,DRAFT_NOT_SENT
TR156_18,REQ156_ECON,Tesoro/Finanzas,CL156_FINAL_BANK_GATE,Conciliación final con banco y reversas,2008-2009,71597; 152677; 2876; C41; C42; C55,id; cuenta; valor; fecha; débito; reversa,fila testada,DRAFT_NOT_SENT
